time_s,CH1_V,CH2_V
9.900017785484558578e-04,9.411764705882352811e-01,3.921568627450980338e-02
9.900037785483992939e-04,8.627450980392157298e-01,-7.843137254901960675e-02
9.900057785483427301e-04,8.235294117647058432e-01,7.843137254901960675e-02
9.900077785482861662e-04,9.019607843137255054e-01,-3.921568627450980338e-02
9.900097785482296023e-04,9.411764705882352811e-01,0.000000000000000000e+00
9.900117785481730385e-04,8.235294117647058432e-01,7.843137254901960675e-02
9.900137785481164746e-04,9.411764705882352811e-01,-7.843137254901960675e-02
9.900157785480599108e-04,8.627450980392157298e-01,1.568627450980392135e-01
9.900177785480033469e-04,9.411764705882352811e-01,-3.921568627450980338e-02
9.900197785479467830e-04,8.235294117647058432e-01,0.000000000000000000e+00
9.900217785478902192e-04,9.019607843137255054e-01,7.843137254901960675e-02
9.900237785478336553e-04,9.019607843137255054e-01,0.000000000000000000e+00
9.900257785477770914e-04,9.019607843137255054e-01,0.000000000000000000e+00
9.900277785477205276e-04,8.235294117647058432e-01,0.000000000000000000e+00
9.900297785476639637e-04,8.627450980392157298e-01,0.000000000000000000e+00
9.900317785476073999e-04,8.627450980392157298e-01,7.843137254901960675e-02
9.900337785475508360e-04,9.411764705882352811e-01,-7.843137254901960675e-02
9.900357785474942721e-04,8.235294117647058432e-01,7.843137254901960675e-02
9.900377785474377083e-04,9.411764705882352811e-01,0.000000000000000000e+00
9.900397785473811444e-04,9.019607843137255054e-01,7.843137254901960675e-02
9.900417785473245805e-04,9.411764705882352811e-01,3.921568627450980338e-02
9.900437785472680167e-04,9.019607843137255054e-01,-7.843137254901960675e-02
9.900457785472114528e-04,8.627450980392157298e-01,7.843137254901960675e-02
9.900477785471548890e-04,9.411764705882352811e-01,-3.921568627450980338e-02
9.900497785470983251e-04,9.411764705882352811e-01,-3.921568627450980338e-02
9.900517785470417612e-04,8.235294117647058432e-01,7.843137254901960675e-02
9.900537785469851974e-04,9.019607843137255054e-01,-1.568627450980392135e-01
9.900557785469286335e-04,9.019607843137255054e-01,1.176470588235294101e-01
9.900577785468720696e-04,9.411764705882352811e-01,0.000000000000000000e+00
9.900597785468155058e-04,8.627450980392157298e-01,0.000000000000000000e+00
9.900617785467589419e-04,8.627450980392157298e-01,7.843137254901960675e-02
9.900637785467023781e-04,9.019607843137255054e-01,-7.843137254901960675e-02
9.900657785466458142e-04,9.411764705882352811e-01,3.921568627450980338e-02
9.900677785465892503e-04,8.627450980392157298e-01,0.000000000000000000e+00
9.900697785465326865e-04,9.411764705882352811e-01,0.000000000000000000e+00
9.900717785464761226e-04,9.019607843137255054e-01,7.843137254901960675e-02
9.900737785464195587e-04,9.411764705882352811e-01,-7.843137254901960675e-02
9.900757785463629949e-04,8.627450980392157298e-01,7.843137254901960675e-02
9.900777785463064310e-04,9.019607843137255054e-01,0.000000000000000000e+00
9.900797785462498671e-04,9.411764705882352811e-01,3.921568627450980338e-02
9.900817785461933033e-04,9.411764705882352811e-01,7.843137254901960675e-02
9.900837785461367394e-04,8.627450980392157298e-01,-7.843137254901960675e-02
9.900857785460801756e-04,8.627450980392157298e-01,3.921568627450980338e-02
9.900877785460236117e-04,9.019607843137255054e-01,-3.921568627450980338e-02
9.900897785459670478e-04,9.411764705882352811e-01,-3.921568627450980338e-02
9.900917785459104840e-04,8.235294117647058432e-01,7.843137254901960675e-02
9.900937785458539201e-04,8.627450980392157298e-01,-1.568627450980392135e-01
9.900957785457973562e-04,9.019607843137255054e-01,1.176470588235294101e-01
9.900977785457407924e-04,9.411764705882352811e-01,0.000000000000000000e+00
9.900997785456842285e-04,8.627450980392157298e-01,0.000000000000000000e+00
9.901017785456276647e-04,9.019607843137255054e-01,7.843137254901960675e-02
9.901037785455711008e-04,9.019607843137255054e-01,-3.921568627450980338e-02
9.901057785455145369e-04,9.019607843137255054e-01,7.843137254901960675e-02
9.901077785454579731e-04,8.627450980392157298e-01,0.000000000000000000e+00
9.901097785454014092e-04,9.019607843137255054e-01,0.000000000000000000e+00
9.901117785453448453e-04,9.019607843137255054e-01,3.921568627450980338e-02
9.901137785452882815e-04,9.411764705882352811e-01,-3.921568627450980338e-02
9.901157785452317176e-04,8.235294117647058432e-01,7.843137254901960675e-02
9.901177785451751538e-04,9.019607843137255054e-01,0.000000000000000000e+00
9.901197785451185899e-04,9.019607843137255054e-01,7.843137254901960675e-02
9.901217785450620260e-04,9.411764705882352811e-01,3.921568627450980338e-02
9.901237785450054622e-04,8.235294117647058432e-01,-7.843137254901960675e-02
9.901257785449488983e-04,9.019607843137255054e-01,7.843137254901960675e-02
9.901277785448923344e-04,9.019607843137255054e-01,-3.921568627450980338e-02
9.901297785448357706e-04,9.411764705882352811e-01,0.000000000000000000e+00
9.901317785447792067e-04,8.627450980392157298e-01,7.843137254901960675e-02
9.901337785447226428e-04,8.235294117647058432e-01,-1.568627450980392135e-01
9.901357785446660790e-04,8.627450980392157298e-01,1.568627450980392135e-01
9.901377785446095151e-04,9.411764705882352811e-01,0.000000000000000000e+00
9.901397785445529513e-04,8.627450980392157298e-01,0.000000000000000000e+00
9.901417785444963874e-04,9.019607843137255054e-01,3.921568627450980338e-02
9.901437785444398235e-04,9.411764705882352811e-01,-3.921568627450980338e-02
9.901457785443832597e-04,9.019607843137255054e-01,7.843137254901960675e-02
9.901477785443266958e-04,8.627450980392157298e-01,0.000000000000000000e+00
9.901497785442701319e-04,9.019607843137255054e-01,0.000000000000000000e+00
9.901517785442135681e-04,9.019607843137255054e-01,3.921568627450980338e-02
9.901537785441570042e-04,9.803921568627450567e-01,-7.843137254901960675e-02
9.901557785441004404e-04,8.627450980392157298e-01,7.843137254901960675e-02
9.901577785440438765e-04,9.019607843137255054e-01,0.000000000000000000e+00
9.901597785439873126e-04,9.019607843137255054e-01,7.843137254901960675e-02
9.901617785439307488e-04,9.411764705882352811e-01,7.843137254901960675e-02
9.901637785438741849e-04,9.019607843137255054e-01,-7.843137254901960675e-02
9.901657785438176210e-04,8.627450980392157298e-01,3.921568627450980338e-02
9.901677785437610572e-04,9.019607843137255054e-01,0.000000000000000000e+00
9.901697785437044933e-04,9.411764705882352811e-01,-3.921568627450980338e-02
9.901717785436479295e-04,8.627450980392157298e-01,7.843137254901960675e-02
9.901737785435913656e-04,9.019607843137255054e-01,-1.568627450980392135e-01
9.901757785435348017e-04,9.019607843137255054e-01,1.176470588235294101e-01
9.901777785434782379e-04,9.411764705882352811e-01,-3.921568627450980338e-02
9.901797785434216740e-04,8.627450980392157298e-01,0.000000000000000000e+00
9.901817785433651101e-04,8.627450980392157298e-01,3.921568627450980338e-02
9.901837785433085463e-04,9.019607843137255054e-01,-3.921568627450980338e-02
9.901857785432519824e-04,9.411764705882352811e-01,7.843137254901960675e-02
9.901877785431954185e-04,8.627450980392157298e-01,-3.921568627450980338e-02
9.901897785431388547e-04,9.019607843137255054e-01,3.921568627450980338e-02
9.901917785430822908e-04,9.019607843137255054e-01,7.843137254901960675e-02
9.901937785430257270e-04,9.411764705882352811e-01,-7.843137254901960675e-02
9.901957785429691631e-04,8.627450980392157298e-01,3.921568627450980338e-02
9.901977785429125992e-04,9.019607843137255054e-01,-7.843137254901960675e-02
9.901997785428560354e-04,9.411764705882352811e-01,3.921568627450980338e-02
9.902017785427994715e-04,9.411764705882352811e-01,7.843137254901960675e-02
9.902037785427429076e-04,8.627450980392157298e-01,-7.843137254901960675e-02
9.902057785426863438e-04,9.019607843137255054e-01,1.176470588235294101e-01
9.902077785426297799e-04,8.627450980392157298e-01,-3.921568627450980338e-02
9.902097785425732161e-04,9.411764705882352811e-01,0.000000000000000000e+00
9.902117785425166522e-04,8.627450980392157298e-01,7.843137254901960675e-02
9.902137785424600883e-04,9.411764705882352811e-01,-1.568627450980392135e-01
9.902157785424035245e-04,9.019607843137255054e-01,1.176470588235294101e-01
9.902177785423469606e-04,9.411764705882352811e-01,0.000000000000000000e+00
9.902197785422903967e-04,8.627450980392157298e-01,0.000000000000000000e+00
9.902217785422338329e-04,9.019607843137255054e-01,7.843137254901960675e-02
9.902237785421772690e-04,9.019607843137255054e-01,0.000000000000000000e+00
9.902257785421207052e-04,9.019607843137255054e-01,0.000000000000000000e+00
9.902277785420641413e-04,8.627450980392157298e-01,0.000000000000000000e+00
9.902297785420075774e-04,9.019607843137255054e-01,0.000000000000000000e+00
9.902317785419510136e-04,9.019607843137255054e-01,7.843137254901960675e-02
9.902337785418944497e-04,9.411764705882352811e-01,-7.843137254901960675e-02
9.902357785418378858e-04,8.235294117647058432e-01,3.921568627450980338e-02
9.902377785417813220e-04,9.019607843137255054e-01,0.000000000000000000e+00
9.902397785417247581e-04,9.019607843137255054e-01,7.843137254901960675e-02
9.902417785416681942e-04,9.411764705882352811e-01,0.000000000000000000e+00
9.902437785416116304e-04,8.627450980392157298e-01,-3.921568627450980338e-02
9.902457785415550665e-04,8.627450980392157298e-01,1.176470588235294101e-01
9.902477785414985027e-04,9.019607843137255054e-01,-3.921568627450980338e-02
9.902497785414419388e-04,9.019607843137255054e-01,0.000000000000000000e+00
9.902517785413853749e-04,8.627450980392157298e-01,7.843137254901960675e-02
9.902537785413288111e-04,9.019607843137255054e-01,-1.568627450980392135e-01
9.902557785412722472e-04,9.019607843137255054e-01,7.843137254901960675e-02
9.902577785412156833e-04,9.411764705882352811e-01,0.000000000000000000e+00
9.902597785411591195e-04,8.627450980392157298e-01,0.000000000000000000e+00
9.902617785411025556e-04,9.019607843137255054e-01,7.843137254901960675e-02
9.902637785410459918e-04,9.019607843137255054e-01,-3.921568627450980338e-02
9.902657785409894279e-04,9.019607843137255054e-01,7.843137254901960675e-02
9.902677785409328640e-04,8.627450980392157298e-01,0.000000000000000000e+00
9.902697785408763002e-04,9.019607843137255054e-01,0.000000000000000000e+00
9.902717785408197363e-04,9.019607843137255054e-01,3.921568627450980338e-02
9.902737785407631724e-04,9.411764705882352811e-01,-7.843137254901960675e-02
9.902757785407066086e-04,8.627450980392157298e-01,7.843137254901960675e-02
9.902777785406500447e-04,9.019607843137255054e-01,-7.843137254901960675e-02
9.902797785405934809e-04,9.019607843137255054e-01,7.843137254901960675e-02
9.902817785405369170e-04,9.411764705882352811e-01,3.921568627450980338e-02
9.902837785404803531e-04,8.627450980392157298e-01,-3.921568627450980338e-02
9.902857785404237893e-04,9.019607843137255054e-01,7.843137254901960675e-02
9.902877785403672254e-04,9.411764705882352811e-01,-3.921568627450980338e-02
9.902897785403106615e-04,9.411764705882352811e-01,0.000000000000000000e+00
9.902917785402540977e-04,8.627450980392157298e-01,7.843137254901960675e-02
9.902937785401975338e-04,9.019607843137255054e-01,-7.843137254901960675e-02
9.902957785401409700e-04,8.627450980392157298e-01,7.843137254901960675e-02
9.902977785400844061e-04,9.411764705882352811e-01,0.000000000000000000e+00
9.902997785400278422e-04,8.627450980392157298e-01,0.000000000000000000e+00
9.903017785399712784e-04,8.627450980392157298e-01,3.921568627450980338e-02
9.903037785399147145e-04,9.411764705882352811e-01,0.000000000000000000e+00
9.903057785398581506e-04,9.411764705882352811e-01,7.843137254901960675e-02
9.903077785398015868e-04,9.019607843137255054e-01,0.000000000000000000e+00
9.903097785397450229e-04,8.627450980392157298e-01,3.921568627450980338e-02
9.903117785396884590e-04,9.019607843137255054e-01,7.843137254901960675e-02
9.903137785396318952e-04,9.411764705882352811e-01,-7.843137254901960675e-02
9.903157785395753313e-04,8.627450980392157298e-01,7.843137254901960675e-02
9.903177785395187675e-04,9.019607843137255054e-01,-7.843137254901960675e-02
9.903197785394622036e-04,9.019607843137255054e-01,7.843137254901960675e-02
9.903217785394056397e-04,9.411764705882352811e-01,0.000000000000000000e+00
9.903237785393490759e-04,8.627450980392157298e-01,-7.843137254901960675e-02
9.903257785392925120e-04,8.627450980392157298e-01,7.843137254901960675e-02
9.903277785392359481e-04,9.019607843137255054e-01,-3.921568627450980338e-02
9.903297785391793843e-04,9.411764705882352811e-01,-3.921568627450980338e-02
9.903317785391228204e-04,8.627450980392157298e-01,7.843137254901960675e-02
9.903337785390662566e-04,8.235294117647058432e-01,-1.568627450980392135e-01
9.903357785390096927e-04,9.019607843137255054e-01,7.843137254901960675e-02
9.903377785389531288e-04,9.411764705882352811e-01,-3.921568627450980338e-02
9.903397785388965650e-04,8.627450980392157298e-01,-3.921568627450980338e-02
9.903417785388400011e-04,9.019607843137255054e-01,3.921568627450980338e-02
9.903437785387834372e-04,9.019607843137255054e-01,-7.843137254901960675e-02
9.903457785387268734e-04,9.411764705882352811e-01,7.843137254901960675e-02
9.903477785386703095e-04,8.235294117647058432e-01,0.000000000000000000e+00
9.903497785386137457e-04,8.627450980392157298e-01,3.921568627450980338e-02
9.903517785385571818e-04,8.627450980392157298e-01,7.843137254901960675e-02
9.903537785385006179e-04,9.803921568627450567e-01,-7.843137254901960675e-02
9.903557785384440541e-04,8.235294117647058432e-01,7.843137254901960675e-02
9.903577785383874902e-04,9.019607843137255054e-01,0.000000000000000000e+00
9.903597785383309263e-04,9.019607843137255054e-01,3.921568627450980338e-02
9.903617785382743625e-04,9.411764705882352811e-01,7.843137254901960675e-02
9.903637785382177986e-04,8.627450980392157298e-01,-7.843137254901960675e-02
9.903657785381612347e-04,8.627450980392157298e-01,3.921568627450980338e-02
9.903677785381046709e-04,9.019607843137255054e-01,-3.921568627450980338e-02
9.903697785380481070e-04,9.411764705882352811e-01,-3.921568627450980338e-02
9.903717785379915432e-04,8.627450980392157298e-01,7.843137254901960675e-02
9.903737785379349793e-04,9.019607843137255054e-01,-1.568627450980392135e-01
9.903757785378784154e-04,9.019607843137255054e-01,1.176470588235294101e-01
9.903777785378218516e-04,9.411764705882352811e-01,-3.921568627450980338e-02
9.903797785377652877e-04,8.627450980392157298e-01,0.000000000000000000e+00
9.903817785377087238e-04,9.019607843137255054e-01,3.921568627450980338e-02
9.903837785376521600e-04,9.019607843137255054e-01,-3.921568627450980338e-02
9.903857785375955961e-04,9.019607843137255054e-01,7.843137254901960675e-02
9.903877785375390323e-04,8.235294117647058432e-01,0.000000000000000000e+00
9.903897785374824684e-04,8.235294117647058432e-01,3.921568627450980338e-02
9.903917785374259045e-04,9.019607843137255054e-01,7.843137254901960675e-02
9.903937785373693407e-04,9.411764705882352811e-01,-7.843137254901960675e-02
9.903957785373127768e-04,8.627450980392157298e-01,7.843137254901960675e-02
9.903977785372562129e-04,8.235294117647058432e-01,0.000000000000000000e+00
9.903997785371996491e-04,9.019607843137255054e-01,7.843137254901960675e-02
9.904017785371430852e-04,9.411764705882352811e-01,7.843137254901960675e-02
9.904037785370865214e-04,8.235294117647058432e-01,-7.843137254901960675e-02
9.904057785370299575e-04,8.627450980392157298e-01,1.176470588235294101e-01
9.904077785369733936e-04,9.019607843137255054e-01,-3.921568627450980338e-02
9.904097785369168298e-04,9.411764705882352811e-01,0.000000000000000000e+00
9.904117785368602659e-04,8.627450980392157298e-01,7.843137254901960675e-02
9.904137785368037020e-04,9.019607843137255054e-01,-1.568627450980392135e-01
9.904157785367471382e-04,9.019607843137255054e-01,7.843137254901960675e-02
9.904177785366905743e-04,9.411764705882352811e-01,-3.921568627450980338e-02
9.904197785366340104e-04,8.627450980392157298e-01,-1.568627450980392135e-01
9.904217785365774466e-04,8.627450980392157298e-01,-1.568627450980392135e-01
9.904237785365208827e-04,9.019607843137255054e-01,7.843137254901960675e-02
9.904257785364643189e-04,9.411764705882352811e-01,3.921568627450980338e-01
9.904277785364077550e-04,8.627450980392157298e-01,2.352941176470588203e-01
9.904297785363511911e-04,8.235294117647058432e-01,0.000000000000000000e+00
9.904317785362946273e-04,8.627450980392157298e-01,-1.960784313725490169e-01
9.904337785362380634e-04,9.803921568627450567e-01,-4.313725490196078094e-01
9.904357785361814995e-04,8.235294117647058432e-01,-3.921568627450980338e-02
9.904377785361249357e-04,9.019607843137255054e-01,7.843137254901960675e-02
9.904397785360683718e-04,9.411764705882352811e-01,1.568627450980392135e-01
9.904417785360118080e-04,9.019607843137255054e-01,7.843137254901960675e-02
9.904437785359552441e-04,8.235294117647058432e-01,-1.568627450980392135e-01
9.904457785358986802e-04,9.411764705882352811e-01,3.921568627450980338e-02
9.904477785358421164e-04,9.019607843137255054e-01,3.921568627450980338e-02
9.904497785357855525e-04,9.019607843137255054e-01,7.843137254901960675e-02
9.904517785357289886e-04,8.627450980392157298e-01,7.843137254901960675e-02
9.904537785356724248e-04,8.627450980392157298e-01,-1.960784313725490169e-01
9.904557785356158609e-04,8.627450980392157298e-01,7.843137254901960675e-02
9.904577785355592971e-04,9.411764705882352811e-01,-7.843137254901960675e-02
9.904597785355027332e-04,8.627450980392157298e-01,0.000000000000000000e+00
9.904617785354461693e-04,8.235294117647058432e-01,7.843137254901960675e-02
9.904637785353896055e-04,9.411764705882352811e-01,-7.843137254901960675e-02
9.904657785353330416e-04,9.803921568627450567e-01,3.921568627450980338e-02
9.904677785352764777e-04,8.627450980392157298e-01,-3.921568627450980338e-02
9.904697785352199139e-04,9.019607843137255054e-01,0.000000000000000000e+00
9.904717785351633500e-04,9.411764705882352811e-01,1.568627450980392135e-01
9.904737785351067862e-04,9.411764705882352811e-01,-3.921568627450980338e-02
9.904757785350502223e-04,8.235294117647058432e-01,3.921568627450980338e-02
9.904777785349936584e-04,8.627450980392157298e-01,-7.843137254901960675e-02
9.904797785349370946e-04,9.019607843137255054e-01,0.000000000000000000e+00
9.904817785348805307e-04,9.411764705882352811e-01,7.843137254901960675e-02
9.904837785348239668e-04,8.627450980392157298e-01,-7.843137254901960675e-02
9.904857785347674030e-04,9.019607843137255054e-01,3.921568627450980338e-02
9.904877785347108391e-04,9.019607843137255054e-01,0.000000000000000000e+00
9.904897785346542752e-04,9.411764705882352811e-01,0.000000000000000000e+00
9.904917785345977114e-04,8.235294117647058432e-01,7.843137254901960675e-02
9.904937785345411475e-04,8.627450980392157298e-01,0.000000000000000000e+00
9.904957785344845837e-04,9.019607843137255054e-01,1.176470588235294101e-01
9.904977785344280198e-04,9.411764705882352811e-01,0.000000000000000000e+00
9.904997785343714559e-04,8.627450980392157298e-01,0.000000000000000000e+00
9.905017785343148921e-04,9.019607843137255054e-01,7.843137254901960675e-02
9.905037785342583282e-04,8.627450980392157298e-01,0.000000000000000000e+00
9.905057785342017643e-04,9.411764705882352811e-01,0.000000000000000000e+00
9.905077785341452005e-04,8.627450980392157298e-01,0.000000000000000000e+00
9.905097785340886366e-04,8.235294117647058432e-01,-1.568627450980392135e-01
9.905117785340320728e-04,8.627450980392157298e-01,3.921568627450980338e-02
9.905137785339755089e-04,9.411764705882352811e-01,-7.843137254901960675e-02
9.905157785339189450e-04,8.235294117647058432e-01,3.921568627450980338e-02
9.905177785338623812e-04,8.627450980392157298e-01,-7.843137254901960675e-02
9.905197785338058173e-04,9.019607843137255054e-01,7.843137254901960675e-02
9.905217785337492534e-04,9.411764705882352811e-01,0.000000000000000000e+00
9.905237785336926896e-04,8.627450980392157298e-01,-7.843137254901960675e-02
9.905257785336361257e-04,9.019607843137255054e-01,7.843137254901960675e-02
9.905277785335795619e-04,9.019607843137255054e-01,-3.921568627450980338e-02
9.905297785335229980e-04,9.411764705882352811e-01,3.921568627450980338e-02
9.905317785334664341e-04,8.627450980392157298e-01,7.843137254901960675e-02
9.905337785334098703e-04,9.019607843137255054e-01,-1.568627450980392135e-01
9.905357785333533064e-04,9.019607843137255054e-01,7.843137254901960675e-02
9.905377785332967425e-04,9.411764705882352811e-01,0.000000000000000000e+00
9.905397785332401787e-04,8.627450980392157298e-01,0.000000000000000000e+00
9.905417785331836148e-04,9.019607843137255054e-01,7.843137254901960675e-02
9.905437785331270509e-04,9.019607843137255054e-01,-7.843137254901960675e-02
9.905457785330704871e-04,9.019607843137255054e-01,3.921568627450980338e-02
9.905477785330139232e-04,8.235294117647058432e-01,0.000000000000000000e+00
9.905497785329573594e-04,8.627450980392157298e-01,0.000000000000000000e+00
9.905517785329007955e-04,9.019607843137255054e-01,7.843137254901960675e-02
9.905537785328442316e-04,9.411764705882352811e-01,-7.843137254901960675e-02
9.905557785327876678e-04,8.627450980392157298e-01,7.843137254901960675e-02
9.905577785327311039e-04,8.627450980392157298e-01,-7.843137254901960675e-02
9.905597785326745400e-04,9.019607843137255054e-01,3.921568627450980338e-02
9.905617785326179762e-04,9.411764705882352811e-01,3.921568627450980338e-02
9.905637785325614123e-04,8.627450980392157298e-01,-7.843137254901960675e-02
9.905657785325048485e-04,8.627450980392157298e-01,7.843137254901960675e-02
9.905677785324482846e-04,9.411764705882352811e-01,0.000000000000000000e+00
9.905697785323917207e-04,9.411764705882352811e-01,-3.921568627450980338e-02
9.905717785323351569e-04,8.627450980392157298e-01,7.843137254901960675e-02
9.905737785322785930e-04,9.019607843137255054e-01,-1.568627450980392135e-01
9.905757785322220291e-04,9.019607843137255054e-01,1.176470588235294101e-01
9.905777785321654653e-04,9.411764705882352811e-01,-3.921568627450980338e-02
9.905797785321089014e-04,8.627450980392157298e-01,-3.921568627450980338e-02
9.905817785320523376e-04,9.019607843137255054e-01,7.843137254901960675e-02
9.905837785319957737e-04,9.411764705882352811e-01,-7.843137254901960675e-02
9.905857785319392098e-04,9.411764705882352811e-01,7.843137254901960675e-02
9.905877785318826460e-04,8.627450980392157298e-01,0.000000000000000000e+00
9.905897785318260821e-04,8.627450980392157298e-01,0.000000000000000000e+00
9.905917785317695182e-04,9.411764705882352811e-01,7.843137254901960675e-02
9.905937785317129544e-04,9.411764705882352811e-01,-7.843137254901960675e-02
9.905957785316563905e-04,8.627450980392157298e-01,3.921568627450980338e-02
9.905977785315998266e-04,9.411764705882352811e-01,-7.843137254901960675e-02
9.905997785315432628e-04,9.019607843137255054e-01,3.921568627450980338e-02
9.906017785314866989e-04,9.411764705882352811e-01,0.000000000000000000e+00
9.906037785314301351e-04,8.627450980392157298e-01,-7.843137254901960675e-02
9.906057785313735712e-04,9.019607843137255054e-01,3.921568627450980338e-02
9.906077785313170073e-04,9.019607843137255054e-01,0.000000000000000000e+00
9.906097785312604435e-04,9.411764705882352811e-01,-3.921568627450980338e-02
9.906117785312038796e-04,8.627450980392157298e-01,7.843137254901960675e-02
9.906137785311473157e-04,9.019607843137255054e-01,-7.843137254901960675e-02
9.906157785310907519e-04,9.019607843137255054e-01,1.176470588235294101e-01
9.906177785310341880e-04,9.411764705882352811e-01,-3.921568627450980338e-02
9.906197785309776242e-04,8.627450980392157298e-01,0.000000000000000000e+00
9.906217785309210603e-04,9.019607843137255054e-01,7.843137254901960675e-02
9.906237785308644964e-04,9.019607843137255054e-01,-3.921568627450980338e-02
9.906257785308079326e-04,9.019607843137255054e-01,7.843137254901960675e-02
9.906277785307513687e-04,9.019607843137255054e-01,0.000000000000000000e+00
9.906297785306948048e-04,9.019607843137255054e-01,3.921568627450980338e-02
9.906317785306382410e-04,8.627450980392157298e-01,3.921568627450980338e-02
9.906337785305816771e-04,9.411764705882352811e-01,-7.843137254901960675e-02
9.906357785305251133e-04,8.627450980392157298e-01,7.843137254901960675e-02
9.906377785304685494e-04,9.019607843137255054e-01,-7.843137254901960675e-02
9.906397785304119855e-04,9.019607843137255054e-01,7.843137254901960675e-02
9.906417785303554217e-04,9.411764705882352811e-01,3.921568627450980338e-02
9.906437785302988578e-04,8.627450980392157298e-01,-7.843137254901960675e-02
9.906457785302422939e-04,8.627450980392157298e-01,3.921568627450980338e-02
9.906477785301857301e-04,9.019607843137255054e-01,-3.921568627450980338e-02
9.906497785301291662e-04,9.411764705882352811e-01,-3.921568627450980338e-02
9.906517785300726023e-04,8.627450980392157298e-01,7.843137254901960675e-02
9.906537785300160385e-04,9.019607843137255054e-01,-1.568627450980392135e-01
9.906557785299594746e-04,9.019607843137255054e-01,1.176470588235294101e-01
9.906577785299029108e-04,9.411764705882352811e-01,-3.921568627450980338e-02
9.906597785298463469e-04,8.627450980392157298e-01,-3.921568627450980338e-02
9.906617785297897830e-04,8.627450980392157298e-01,3.921568627450980338e-02
9.906637785297332192e-04,9.411764705882352811e-01,-3.921568627450980338e-02
9.906657785296766553e-04,9.411764705882352811e-01,7.843137254901960675e-02
9.906677785296200914e-04,8.627450980392157298e-01,0.000000000000000000e+00
9.906697785295635276e-04,9.019607843137255054e-01,0.000000000000000000e+00
9.906717785295069637e-04,8.235294117647058432e-01,7.843137254901960675e-02
9.906737785294503999e-04,9.411764705882352811e-01,-7.843137254901960675e-02
9.906757785293938360e-04,8.235294117647058432e-01,7.843137254901960675e-02
9.906777785293372721e-04,9.019607843137255054e-01,0.000000000000000000e+00
9.906797785292807083e-04,9.019607843137255054e-01,3.921568627450980338e-02
9.906817785292241444e-04,9.411764705882352811e-01,7.843137254901960675e-02
9.906837785291675805e-04,8.627450980392157298e-01,-7.843137254901960675e-02
9.906857785291110167e-04,8.627450980392157298e-01,7.843137254901960675e-02
9.906877785290544528e-04,9.019607843137255054e-01,-3.921568627450980338e-02
9.906897785289978890e-04,9.411764705882352811e-01,-3.921568627450980338e-02
9.906917785289413251e-04,8.627450980392157298e-01,1.176470588235294101e-01
9.906937785288847612e-04,9.019607843137255054e-01,-1.568627450980392135e-01
9.906957785288281974e-04,9.019607843137255054e-01,1.176470588235294101e-01
9.906977785287716335e-04,9.411764705882352811e-01,-3.921568627450980338e-02
9.906997785287150696e-04,8.627450980392157298e-01,-3.921568627450980338e-02
9.907017785286585058e-04,9.019607843137255054e-01,3.921568627450980338e-02
9.907037785286019419e-04,9.019607843137255054e-01,-3.921568627450980338e-02
9.907057785285453781e-04,9.411764705882352811e-01,7.843137254901960675e-02
9.907077785284888142e-04,8.627450980392157298e-01,0.000000000000000000e+00
9.907097785284322503e-04,9.019607843137255054e-01,3.921568627450980338e-02
9.907117785283756865e-04,9.019607843137255054e-01,7.843137254901960675e-02
9.907137785283191226e-04,9.411764705882352811e-01,-7.843137254901960675e-02
9.907157785282625587e-04,8.627450980392157298e-01,7.843137254901960675e-02
9.907177785282059949e-04,9.019607843137255054e-01,0.000000000000000000e+00
9.907197785281494310e-04,9.019607843137255054e-01,7.843137254901960675e-02
9.907217785280928671e-04,9.411764705882352811e-01,3.921568627450980338e-02
9.907237785280363033e-04,8.627450980392157298e-01,-7.843137254901960675e-02
9.907257785279797394e-04,9.019607843137255054e-01,7.843137254901960675e-02
9.907277785279231756e-04,9.019607843137255054e-01,-3.921568627450980338e-02
9.907297785278666117e-04,9.411764705882352811e-01,-3.921568627450980338e-02
9.907317785278100478e-04,8.235294117647058432e-01,7.843137254901960675e-02
9.907337785277534840e-04,9.019607843137255054e-01,-1.568627450980392135e-01
9.907357785276969201e-04,9.019607843137255054e-01,1.176470588235294101e-01
9.907377785276403562e-04,9.411764705882352811e-01,-7.843137254901960675e-02
9.907397785275837924e-04,8.627450980392157298e-01,0.000000000000000000e+00
9.907417785275272285e-04,8.627450980392157298e-01,3.921568627450980338e-02
9.907437785274706647e-04,9.019607843137255054e-01,-3.921568627450980338e-02
9.907457785274141008e-04,9.411764705882352811e-01,7.843137254901960675e-02
9.907477785273575369e-04,8.627450980392157298e-01,0.000000000000000000e+00
9.907497785273009731e-04,9.019607843137255054e-01,0.000000000000000000e+00
9.907517785272444092e-04,9.019607843137255054e-01,7.843137254901960675e-02
9.907537785271878453e-04,9.411764705882352811e-01,-7.843137254901960675e-02
9.907557785271312815e-04,8.235294117647058432e-01,7.843137254901960675e-02
9.907577785270747176e-04,9.019607843137255054e-01,0.000000000000000000e+00
9.907597785270181538e-04,9.411764705882352811e-01,3.921568627450980338e-02
9.907617785269615899e-04,9.411764705882352811e-01,7.843137254901960675e-02
9.907637785269050260e-04,9.019607843137255054e-01,-7.843137254901960675e-02
9.907657785268484622e-04,8.627450980392157298e-01,3.921568627450980338e-02
9.907677785267918983e-04,9.411764705882352811e-01,-3.921568627450980338e-02
9.907697785267353344e-04,9.411764705882352811e-01,-3.921568627450980338e-02
9.907717785266787706e-04,8.627450980392157298e-01,7.843137254901960675e-02
9.907737785266222067e-04,8.627450980392157298e-01,-7.843137254901960675e-02
9.907757785265656428e-04,8.627450980392157298e-01,1.176470588235294101e-01
9.907777785265090790e-04,9.411764705882352811e-01,-3.921568627450980338e-02
9.907797785264525151e-04,8.627450980392157298e-01,0.000000000000000000e+00
9.907817785263959513e-04,9.019607843137255054e-01,7.843137254901960675e-02
9.907837785263393874e-04,9.019607843137255054e-01,-3.921568627450980338e-02
9.907857785262828235e-04,9.411764705882352811e-01,7.843137254901960675e-02
9.907877785262262597e-04,8.627450980392157298e-01,0.000000000000000000e+00
9.907897785261696958e-04,9.019607843137255054e-01,3.921568627450980338e-02
9.907917785261131319e-04,8.627450980392157298e-01,7.843137254901960675e-02
9.907937785260565681e-04,9.411764705882352811e-01,-7.843137254901960675e-02
9.907957785260000042e-04,8.235294117647058432e-01,3.921568627450980338e-02
9.907977785259434404e-04,9.019607843137255054e-01,0.000000000000000000e+00
9.907997785258868765e-04,9.019607843137255054e-01,7.843137254901960675e-02
9.908017785258303126e-04,9.411764705882352811e-01,7.843137254901960675e-02
9.908037785257737488e-04,8.627450980392157298e-01,-3.921568627450980338e-02
9.908057785257171849e-04,9.019607843137255054e-01,7.843137254901960675e-02
9.908077785256606210e-04,9.019607843137255054e-01,0.000000000000000000e+00
9.908097785256040572e-04,9.411764705882352811e-01,0.000000000000000000e+00
9.908117785255474933e-04,8.235294117647058432e-01,7.843137254901960675e-02
9.908137785254909295e-04,9.019607843137255054e-01,-1.568627450980392135e-01
9.908157785254343656e-04,8.627450980392157298e-01,1.176470588235294101e-01
9.908177785253778017e-04,9.411764705882352811e-01,0.000000000000000000e+00
9.908197785253212379e-04,8.627450980392157298e-01,-3.921568627450980338e-02
9.908217785252646740e-04,8.627450980392157298e-01,7.843137254901960675e-02
9.908237785252081101e-04,9.019607843137255054e-01,0.000000000000000000e+00
9.908257785251515463e-04,9.411764705882352811e-01,7.843137254901960675e-02
9.908277785250949824e-04,8.235294117647058432e-01,0.000000000000000000e+00
9.908297785250384185e-04,9.019607843137255054e-01,3.921568627450980338e-02
9.908317785249818547e-04,9.019607843137255054e-01,7.843137254901960675e-02
9.908337785249252908e-04,9.411764705882352811e-01,-7.843137254901960675e-02
9.908357785248687270e-04,8.627450980392157298e-01,3.921568627450980338e-02
9.908377785248121631e-04,8.235294117647058432e-01,0.000000000000000000e+00
9.908397785247555992e-04,9.019607843137255054e-01,7.843137254901960675e-02
9.908417785246990354e-04,9.019607843137255054e-01,3.921568627450980338e-02
9.908437785246424715e-04,8.627450980392157298e-01,-7.843137254901960675e-02
9.908457785245859076e-04,8.627450980392157298e-01,7.843137254901960675e-02
9.908477785245293438e-04,9.019607843137255054e-01,-3.921568627450980338e-02
9.908497785244727799e-04,9.411764705882352811e-01,-3.921568627450980338e-02
9.908517785244162161e-04,8.235294117647058432e-01,7.843137254901960675e-02
9.908537785243596522e-04,9.019607843137255054e-01,-1.568627450980392135e-01
9.908557785243030883e-04,8.627450980392157298e-01,1.568627450980392135e-01
9.908577785242465245e-04,9.411764705882352811e-01,-3.921568627450980338e-02
9.908597785241899606e-04,8.627450980392157298e-01,0.000000000000000000e+00
9.908617785241333967e-04,8.627450980392157298e-01,3.921568627450980338e-02
9.908637785240768329e-04,9.411764705882352811e-01,-7.843137254901960675e-02
9.908657785240202690e-04,9.411764705882352811e-01,7.843137254901960675e-02
9.908677785239637052e-04,8.627450980392157298e-01,0.000000000000000000e+00
9.908697785239071413e-04,8.627450980392157298e-01,3.921568627450980338e-02
9.908717785238505774e-04,9.019607843137255054e-01,7.843137254901960675e-02
9.908737785237940136e-04,9.411764705882352811e-01,-7.843137254901960675e-02
9.908757785237374497e-04,8.235294117647058432e-01,7.843137254901960675e-02
9.908777785236808858e-04,9.019607843137255054e-01,0.000000000000000000e+00
9.908797785236243220e-04,8.627450980392157298e-01,7.843137254901960675e-02
9.908817785235677581e-04,9.411764705882352811e-01,3.921568627450980338e-02
9.908837785235111943e-04,8.627450980392157298e-01,-7.843137254901960675e-02
9.908857785234546304e-04,9.019607843137255054e-01,3.921568627450980338e-02
9.908877785233980665e-04,9.411764705882352811e-01,0.000000000000000000e+00
9.908897785233415027e-04,9.411764705882352811e-01,-3.921568627450980338e-02
9.908917785232849388e-04,8.235294117647058432e-01,7.843137254901960675e-02
9.908937785232283749e-04,8.627450980392157298e-01,-1.568627450980392135e-01
9.908957785231718111e-04,9.019607843137255054e-01,1.176470588235294101e-01
9.908977785231152472e-04,9.411764705882352811e-01,0.000000000000000000e+00
9.908997785230586833e-04,8.235294117647058432e-01,-3.921568627450980338e-02
9.909017785230021195e-04,8.627450980392157298e-01,7.843137254901960675e-02
9.909037785229455556e-04,9.019607843137255054e-01,-3.921568627450980338e-02
9.909057785228889918e-04,9.411764705882352811e-01,7.843137254901960675e-02
9.909077785228324279e-04,8.235294117647058432e-01,0.000000000000000000e+00
9.909097785227758640e-04,9.019607843137255054e-01,3.921568627450980338e-02
9.909117785227193002e-04,8.627450980392157298e-01,3.921568627450980338e-02
9.909137785226627363e-04,9.803921568627450567e-01,-7.843137254901960675e-02
9.909157785226061724e-04,8.627450980392157298e-01,3.921568627450980338e-02
9.909177785225496086e-04,9.019607843137255054e-01,0.000000000000000000e+00
9.909197785224930447e-04,8.627450980392157298e-01,7.843137254901960675e-02
9.909217785224364809e-04,9.411764705882352811e-01,7.843137254901960675e-02
9.909237785223799170e-04,8.627450980392157298e-01,-7.843137254901960675e-02
9.909257785223233531e-04,8.627450980392157298e-01,3.921568627450980338e-02
9.909277785222667893e-04,9.019607843137255054e-01,0.000000000000000000e+00
9.909297785222102254e-04,9.411764705882352811e-01,0.000000000000000000e+00
9.909317785221536615e-04,8.235294117647058432e-01,3.921568627450980338e-02
9.909337785220970977e-04,9.019607843137255054e-01,-1.568627450980392135e-01
9.909357785220405338e-04,9.019607843137255054e-01,1.568627450980392135e-01
9.909377785219839700e-04,9.411764705882352811e-01,-3.921568627450980338e-02
9.909397785219274061e-04,8.627450980392157298e-01,0.000000000000000000e+00
9.909417785218708422e-04,8.627450980392157298e-01,3.921568627450980338e-02
9.909437785218142784e-04,9.019607843137255054e-01,-3.921568627450980338e-02
9.909457785217577145e-04,9.411764705882352811e-01,7.843137254901960675e-02
9.909477785217011506e-04,8.627450980392157298e-01,0.000000000000000000e+00
9.909497785216445868e-04,9.019607843137255054e-01,3.921568627450980338e-02
9.909517785215880229e-04,8.627450980392157298e-01,1.176470588235294101e-01
9.909537785215314590e-04,9.411764705882352811e-01,-7.843137254901960675e-02
9.909557785214748952e-04,8.235294117647058432e-01,3.921568627450980338e-02
9.909577785214183313e-04,8.235294117647058432e-01,0.000000000000000000e+00
9.909597785213617675e-04,9.019607843137255054e-01,3.921568627450980338e-02
9.909617785213052036e-04,9.411764705882352811e-01,3.921568627450980338e-02
9.909637785212486397e-04,8.627450980392157298e-01,-7.843137254901960675e-02
9.909657785211920759e-04,9.019607843137255054e-01,7.843137254901960675e-02
9.909677785211355120e-04,9.019607843137255054e-01,-3.921568627450980338e-02
9.909697785210789481e-04,9.411764705882352811e-01,0.000000000000000000e+00
9.909717785210223843e-04,8.627450980392157298e-01,7.843137254901960675e-02
9.909737785209658204e-04,9.019607843137255054e-01,-1.568627450980392135e-01
9.909757785209092566e-04,9.019607843137255054e-01,1.568627450980392135e-01
9.909777785208526927e-04,9.019607843137255054e-01,0.000000000000000000e+00
9.909797785207961288e-04,8.627450980392157298e-01,0.000000000000000000e+00
9.909817785207395650e-04,8.627450980392157298e-01,7.843137254901960675e-02
9.909837785206830011e-04,9.411764705882352811e-01,-3.921568627450980338e-02
9.909857785206264372e-04,9.411764705882352811e-01,3.921568627450980338e-02
9.909877785205698734e-04,8.627450980392157298e-01,-3.921568627450980338e-02
9.909897785205133095e-04,8.627450980392157298e-01,0.000000000000000000e+00
9.909917785204567457e-04,9.019607843137255054e-01,7.843137254901960675e-02
9.909937785204001818e-04,9.411764705882352811e-01,-7.843137254901960675e-02
9.909957785203436179e-04,8.627450980392157298e-01,7.843137254901960675e-02
9.909977785202870541e-04,9.019607843137255054e-01,-3.921568627450980338e-02
9.909997785202304902e-04,9.019607843137255054e-01,3.921568627450980338e-02
9.910017785201739263e-04,9.411764705882352811e-01,3.921568627450980338e-02
9.910037785201173625e-04,8.627450980392157298e-01,-7.843137254901960675e-02
9.910057785200607986e-04,9.019607843137255054e-01,7.843137254901960675e-02
9.910077785200042347e-04,9.411764705882352811e-01,0.000000000000000000e+00
9.910097785199476709e-04,9.411764705882352811e-01,-3.921568627450980338e-02
9.910117785198911070e-04,8.627450980392157298e-01,7.843137254901960675e-02
9.910137785198345432e-04,9.019607843137255054e-01,-7.843137254901960675e-02
9.910157785197779793e-04,9.019607843137255054e-01,1.176470588235294101e-01
9.910177785197214154e-04,9.411764705882352811e-01,0.000000000000000000e+00
9.910197785196648516e-04,8.235294117647058432e-01,0.000000000000000000e+00
9.910217785196082877e-04,9.019607843137255054e-01,3.921568627450980338e-02
9.910237785195517238e-04,9.019607843137255054e-01,0.000000000000000000e+00
9.910257785194951600e-04,9.411764705882352811e-01,0.000000000000000000e+00
9.910277785194385961e-04,8.235294117647058432e-01,3.921568627450980338e-02
9.910297785193820323e-04,9.019607843137255054e-01,0.000000000000000000e+00
9.910317785193254684e-04,9.019607843137255054e-01,7.843137254901960675e-02
9.910337785192689045e-04,9.411764705882352811e-01,-7.843137254901960675e-02
9.910357785192123407e-04,8.627450980392157298e-01,1.176470588235294101e-01
9.910377785191557768e-04,9.019607843137255054e-01,-7.843137254901960675e-02
9.910397785190992129e-04,9.019607843137255054e-01,7.843137254901960675e-02
9.910417785190426491e-04,9.411764705882352811e-01,7.843137254901960675e-02
9.910437785189860852e-04,8.627450980392157298e-01,-3.921568627450980338e-02
9.910457785189295214e-04,9.019607843137255054e-01,7.843137254901960675e-02
9.910477785188729575e-04,9.019607843137255054e-01,0.000000000000000000e+00
9.910497785188163936e-04,9.411764705882352811e-01,0.000000000000000000e+00
9.910517785187598298e-04,8.235294117647058432e-01,7.843137254901960675e-02
9.910537785187032659e-04,9.019607843137255054e-01,-1.568627450980392135e-01
9.910557785186467020e-04,8.627450980392157298e-01,7.843137254901960675e-02
9.910577785185901382e-04,9.411764705882352811e-01,-3.921568627450980338e-02
9.910597785185335743e-04,8.627450980392157298e-01,0.000000000000000000e+00
9.910617785184770104e-04,8.627450980392157298e-01,7.843137254901960675e-02
9.910637785184204466e-04,9.019607843137255054e-01,-7.843137254901960675e-02
9.910657785183638827e-04,9.019607843137255054e-01,7.843137254901960675e-02
9.910677785183073189e-04,8.627450980392157298e-01,0.000000000000000000e+00
9.910697785182507550e-04,9.411764705882352811e-01,0.000000000000000000e+00
9.910717785181941911e-04,9.019607843137255054e-01,7.843137254901960675e-02
9.910737785181376273e-04,9.411764705882352811e-01,-7.843137254901960675e-02
9.910757785180810634e-04,8.627450980392157298e-01,3.921568627450980338e-02
9.910777785180244995e-04,9.019607843137255054e-01,-7.843137254901960675e-02
9.910797785179679357e-04,9.019607843137255054e-01,3.921568627450980338e-02
9.910817785179113718e-04,9.411764705882352811e-01,3.921568627450980338e-02
9.910837785178548080e-04,8.627450980392157298e-01,-7.843137254901960675e-02
9.910857785177982441e-04,8.627450980392157298e-01,7.843137254901960675e-02
9.910877785177416802e-04,9.019607843137255054e-01,-3.921568627450980338e-02
9.910897785176851164e-04,9.803921568627450567e-01,-3.921568627450980338e-02
9.910917785176285525e-04,8.235294117647058432e-01,7.843137254901960675e-02
9.910937785175719886e-04,9.019607843137255054e-01,-1.568627450980392135e-01
9.910957785175154248e-04,8.627450980392157298e-01,1.176470588235294101e-01
9.910977785174588609e-04,9.411764705882352811e-01,0.000000000000000000e+00
9.910997785174022971e-04,8.235294117647058432e-01,-3.921568627450980338e-02
9.911017785173457332e-04,9.019607843137255054e-01,7.843137254901960675e-02
9.911037785172891693e-04,9.411764705882352811e-01,-3.921568627450980338e-02
9.911057785172326055e-04,9.411764705882352811e-01,7.843137254901960675e-02
9.911077785171760416e-04,8.627450980392157298e-01,0.000000000000000000e+00
9.911097785171194777e-04,8.627450980392157298e-01,3.921568627450980338e-02
9.911117785170629139e-04,9.019607843137255054e-01,7.843137254901960675e-02
9.911137785170063500e-04,9.411764705882352811e-01,-7.843137254901960675e-02
9.911157785169497862e-04,8.627450980392157298e-01,7.843137254901960675e-02
9.911177785168932223e-04,9.019607843137255054e-01,0.000000000000000000e+00
9.911197785168366584e-04,9.411764705882352811e-01,7.843137254901960675e-02
9.911217785167800946e-04,9.411764705882352811e-01,3.921568627450980338e-02
9.911237785167235307e-04,8.627450980392157298e-01,-7.843137254901960675e-02
9.911257785166669668e-04,8.627450980392157298e-01,3.921568627450980338e-02
9.911277785166104030e-04,9.019607843137255054e-01,0.000000000000000000e+00
9.911297785165538391e-04,9.803921568627450567e-01,-3.921568627450980338e-02
9.911317785164972752e-04,8.235294117647058432e-01,7.843137254901960675e-02
9.911337785164407114e-04,9.019607843137255054e-01,-1.568627450980392135e-01
9.911357785163841475e-04,9.019607843137255054e-01,1.176470588235294101e-01
9.911377785163275837e-04,9.411764705882352811e-01,-7.843137254901960675e-02
9.911397785162710198e-04,8.627450980392157298e-01,-3.921568627450980338e-02
9.911417785162144559e-04,8.627450980392157298e-01,7.843137254901960675e-02
9.911437785161578921e-04,9.019607843137255054e-01,-3.921568627450980338e-02
9.911457785161013282e-04,9.411764705882352811e-01,7.843137254901960675e-02
9.911477785160447643e-04,8.235294117647058432e-01,0.000000000000000000e+00
9.911497785159882005e-04,9.019607843137255054e-01,0.000000000000000000e+00
9.911517785159316366e-04,9.019607843137255054e-01,7.843137254901960675e-02
9.911537785158750728e-04,9.411764705882352811e-01,-7.843137254901960675e-02
9.911557785158185089e-04,8.235294117647058432e-01,7.843137254901960675e-02
9.911577785157619450e-04,9.411764705882352811e-01,0.000000000000000000e+00
9.911597785157053812e-04,9.019607843137255054e-01,3.921568627450980338e-02
9.911617785156488173e-04,9.411764705882352811e-01,3.921568627450980338e-02
9.911637785155922534e-04,8.235294117647058432e-01,-7.843137254901960675e-02
9.911657785155356896e-04,8.235294117647058432e-01,3.921568627450980338e-02
9.911677785154791257e-04,9.019607843137255054e-01,-3.921568627450980338e-02
9.911697785154225619e-04,9.411764705882352811e-01,0.000000000000000000e+00
9.911717785153659980e-04,8.627450980392157298e-01,7.843137254901960675e-02
9.911737785153094341e-04,9.019607843137255054e-01,-7.843137254901960675e-02
9.911757785152528703e-04,9.411764705882352811e-01,1.568627450980392135e-01
9.911777785151963064e-04,9.411764705882352811e-01,-3.921568627450980338e-02
9.911797785151397425e-04,8.627450980392157298e-01,0.000000000000000000e+00
9.911817785150831787e-04,8.627450980392157298e-01,3.921568627450980338e-02
9.911837785150266148e-04,9.019607843137255054e-01,-3.921568627450980338e-02
9.911857785149700509e-04,9.411764705882352811e-01,7.843137254901960675e-02
9.911877785149134871e-04,8.627450980392157298e-01,0.000000000000000000e+00
9.911897785148569232e-04,8.627450980392157298e-01,3.921568627450980338e-02
9.911917785148003594e-04,9.019607843137255054e-01,3.921568627450980338e-02
9.911937785147437955e-04,9.019607843137255054e-01,-3.921568627450980338e-02
9.911957785146872316e-04,8.627450980392157298e-01,7.843137254901960675e-02
9.911977785146306678e-04,9.019607843137255054e-01,0.000000000000000000e+00
9.911997785145741039e-04,9.019607843137255054e-01,7.843137254901960675e-02
9.912017785145175400e-04,9.411764705882352811e-01,7.843137254901960675e-02
9.912037785144609762e-04,8.627450980392157298e-01,-7.843137254901960675e-02
9.912057785144044123e-04,9.019607843137255054e-01,3.921568627450980338e-02
9.912077785143478485e-04,9.411764705882352811e-01,0.000000000000000000e+00
9.912097785142912846e-04,9.411764705882352811e-01,0.000000000000000000e+00
9.912117785142347207e-04,8.235294117647058432e-01,7.843137254901960675e-02
9.912137785141781569e-04,8.627450980392157298e-01,-1.568627450980392135e-01
9.912157785141215930e-04,9.019607843137255054e-01,1.176470588235294101e-01
9.912177785140650291e-04,9.411764705882352811e-01,-3.921568627450980338e-02
9.912197785140084653e-04,8.627450980392157298e-01,-3.921568627450980338e-02
9.912217785139519014e-04,9.019607843137255054e-01,7.843137254901960675e-02
9.912237785138953376e-04,9.019607843137255054e-01,-3.921568627450980338e-02
9.912257785138387737e-04,9.411764705882352811e-01,7.843137254901960675e-02
9.912277785137822098e-04,8.627450980392157298e-01,0.000000000000000000e+00
9.912297785137256460e-04,9.019607843137255054e-01,3.921568627450980338e-02
9.912317785136690821e-04,9.019607843137255054e-01,7.843137254901960675e-02
9.912337785136125182e-04,9.411764705882352811e-01,-7.843137254901960675e-02
9.912357785135559544e-04,8.627450980392157298e-01,3.921568627450980338e-02
9.912377785134993905e-04,9.019607843137255054e-01,0.000000000000000000e+00
9.912397785134428266e-04,8.627450980392157298e-01,7.843137254901960675e-02
9.912417785133862628e-04,9.411764705882352811e-01,7.843137254901960675e-02
9.912437785133296989e-04,8.627450980392157298e-01,-7.843137254901960675e-02
9.912457785132731351e-04,9.019607843137255054e-01,7.843137254901960675e-02
9.912477785132165712e-04,9.019607843137255054e-01,-3.921568627450980338e-02
9.912497785131600073e-04,9.411764705882352811e-01,0.000000000000000000e+00
9.912517785131034435e-04,8.627450980392157298e-01,7.843137254901960675e-02
9.912537785130468796e-04,9.019607843137255054e-01,-1.568627450980392135e-01
9.912557785129903157e-04,8.627450980392157298e-01,1.568627450980392135e-01
9.912577785129337519e-04,9.411764705882352811e-01,-3.921568627450980338e-02
9.912597785128771880e-04,8.627450980392157298e-01,0.000000000000000000e+00
9.912617785128206242e-04,9.019607843137255054e-01,7.843137254901960675e-02
9.912637785127640603e-04,9.019607843137255054e-01,-7.843137254901960675e-02
9.912657785127074964e-04,9.411764705882352811e-01,7.843137254901960675e-02
9.912677785126509326e-04,9.019607843137255054e-01,0.000000000000000000e+00
9.912697785125943687e-04,9.019607843137255054e-01,3.921568627450980338e-02
9.912717785125378048e-04,8.627450980392157298e-01,1.176470588235294101e-01
9.912737785124812410e-04,9.411764705882352811e-01,-7.843137254901960675e-02
9.912757785124246771e-04,8.235294117647058432e-01,3.921568627450980338e-02
9.912777785123681133e-04,9.019607843137255054e-01,-7.843137254901960675e-02
9.912797785123115494e-04,9.019607843137255054e-01,7.843137254901960675e-02
9.912817785122549855e-04,9.411764705882352811e-01,3.921568627450980338e-02
9.912837785121984217e-04,8.235294117647058432e-01,-7.843137254901960675e-02
9.912857785121418578e-04,8.627450980392157298e-01,7.843137254901960675e-02
9.912877785120852939e-04,9.019607843137255054e-01,0.000000000000000000e+00
9.912897785120287301e-04,9.411764705882352811e-01,-3.921568627450980338e-02
9.912917785119721662e-04,8.235294117647058432e-01,3.921568627450980338e-02
9.912937785119156024e-04,9.019607843137255054e-01,-1.568627450980392135e-01
9.912957785118590385e-04,9.019607843137255054e-01,1.176470588235294101e-01
9.912977785118024746e-04,9.411764705882352811e-01,0.000000000000000000e+00
9.912997785117459108e-04,8.235294117647058432e-01,-3.921568627450980338e-02
9.913017785116893469e-04,8.627450980392157298e-01,7.843137254901960675e-02
9.913037785116327830e-04,9.019607843137255054e-01,-3.921568627450980338e-02
9.913057785115762192e-04,9.411764705882352811e-01,3.921568627450980338e-02
9.913077785115196553e-04,8.235294117647058432e-01,0.000000000000000000e+00
9.913097785114630914e-04,8.627450980392157298e-01,3.921568627450980338e-02
9.913117785114065276e-04,8.235294117647058432e-01,7.843137254901960675e-02
9.913137785113499637e-04,9.411764705882352811e-01,-7.843137254901960675e-02
9.913157785112933999e-04,8.627450980392157298e-01,7.843137254901960675e-02
9.913177785112368360e-04,9.019607843137255054e-01,0.000000000000000000e+00
9.913197785111802721e-04,9.411764705882352811e-01,3.921568627450980338e-02
9.913217785111237083e-04,9.411764705882352811e-01,3.921568627450980338e-02
9.913237785110671444e-04,8.627450980392157298e-01,-7.843137254901960675e-02
9.913257785110105805e-04,9.019607843137255054e-01,3.921568627450980338e-02
9.913277785109540167e-04,9.411764705882352811e-01,0.000000000000000000e+00
9.913297785108974528e-04,9.411764705882352811e-01,0.000000000000000000e+00
9.913317785108408890e-04,8.627450980392157298e-01,7.843137254901960675e-02
9.913337785107843251e-04,9.019607843137255054e-01,-7.843137254901960675e-02
9.913357785107277612e-04,9.019607843137255054e-01,1.176470588235294101e-01
9.913377785106711974e-04,9.411764705882352811e-01,0.000000000000000000e+00
9.913397785106146335e-04,8.627450980392157298e-01,0.000000000000000000e+00
9.913417785105580696e-04,9.019607843137255054e-01,7.843137254901960675e-02
9.913437785105015058e-04,9.019607843137255054e-01,-7.843137254901960675e-02
9.913457785104449419e-04,9.411764705882352811e-01,7.843137254901960675e-02
9.913477785103883781e-04,8.627450980392157298e-01,0.000000000000000000e+00
9.913497785103318142e-04,9.411764705882352811e-01,-7.843137254901960675e-02
9.913517785102752503e-04,9.019607843137255054e-01,7.843137254901960675e-02
9.913537785102186865e-04,9.411764705882352811e-01,-7.843137254901960675e-02
9.913557785101621226e-04,8.235294117647058432e-01,7.843137254901960675e-02
9.913577785101055587e-04,9.411764705882352811e-01,0.000000000000000000e+00
9.913597785100489949e-04,9.019607843137255054e-01,3.921568627450980338e-02
9.913617785099924310e-04,9.411764705882352811e-01,3.921568627450980338e-02
9.913637785099358671e-04,8.627450980392157298e-01,-7.843137254901960675e-02
9.913657785098793033e-04,9.019607843137255054e-01,3.921568627450980338e-02
9.913677785098227394e-04,9.411764705882352811e-01,0.000000000000000000e+00
9.913697785097661756e-04,9.019607843137255054e-01,0.000000000000000000e+00
9.913717785097096117e-04,8.235294117647058432e-01,7.843137254901960675e-02
9.913737785096530478e-04,9.019607843137255054e-01,-1.568627450980392135e-01
9.913757785095964840e-04,9.019607843137255054e-01,7.843137254901960675e-02
9.913777785095399201e-04,9.411764705882352811e-01,0.000000000000000000e+00
9.913797785094833562e-04,8.627450980392157298e-01,0.000000000000000000e+00
9.913817785094267924e-04,9.019607843137255054e-01,7.843137254901960675e-02
9.913837785093702285e-04,9.019607843137255054e-01,-3.921568627450980338e-02
9.913857785093136647e-04,9.411764705882352811e-01,7.843137254901960675e-02
9.913877785092571008e-04,8.627450980392157298e-01,0.000000000000000000e+00
9.913897785092005369e-04,9.411764705882352811e-01,3.921568627450980338e-02
9.913917785091439731e-04,8.627450980392157298e-01,7.843137254901960675e-02
9.913937785090874092e-04,9.411764705882352811e-01,-7.843137254901960675e-02
9.913957785090308453e-04,8.627450980392157298e-01,3.921568627450980338e-02
9.913977785089742815e-04,9.019607843137255054e-01,0.000000000000000000e+00
9.913997785089177176e-04,9.019607843137255054e-01,7.843137254901960675e-02
9.914017785088611538e-04,9.411764705882352811e-01,3.921568627450980338e-02
9.914037785088045899e-04,8.235294117647058432e-01,-7.843137254901960675e-02
9.914057785087480260e-04,8.627450980392157298e-01,3.921568627450980338e-02
9.914077785086914622e-04,9.019607843137255054e-01,0.000000000000000000e+00
9.914097785086348983e-04,9.411764705882352811e-01,0.000000000000000000e+00
9.914117785085783344e-04,8.235294117647058432e-01,7.843137254901960675e-02
9.914137785085217706e-04,9.019607843137255054e-01,-1.568627450980392135e-01
9.914157785084652067e-04,8.627450980392157298e-01,1.176470588235294101e-01
9.914177785084086428e-04,9.411764705882352811e-01,0.000000000000000000e+00
9.914197785083520790e-04,8.627450980392157298e-01,-3.921568627450980338e-02
9.914217785082955151e-04,9.019607843137255054e-01,7.843137254901960675e-02
9.914237785082389513e-04,9.019607843137255054e-01,0.000000000000000000e+00
9.914257785081823874e-04,9.411764705882352811e-01,3.921568627450980338e-02
9.914277785081258235e-04,8.627450980392157298e-01,0.000000000000000000e+00
9.914297785080692597e-04,9.019607843137255054e-01,3.921568627450980338e-02
9.914317785080126958e-04,9.411764705882352811e-01,7.843137254901960675e-02
9.914337785079561319e-04,9.411764705882352811e-01,-7.843137254901960675e-02
9.914357785078995681e-04,8.627450980392157298e-01,3.921568627450980338e-02
9.914377785078430042e-04,8.627450980392157298e-01,0.000000000000000000e+00
9.914397785077864404e-04,9.019607843137255054e-01,7.843137254901960675e-02
9.914417785077298765e-04,9.411764705882352811e-01,7.843137254901960675e-02
9.914437785076733126e-04,8.627450980392157298e-01,-7.843137254901960675e-02
9.914457785076167488e-04,9.019607843137255054e-01,0.000000000000000000e+00
9.914477785075601849e-04,9.019607843137255054e-01,-3.921568627450980338e-02
9.914497785075036210e-04,9.411764705882352811e-01,0.000000000000000000e+00
9.914517785074470572e-04,8.235294117647058432e-01,7.843137254901960675e-02
9.914537785073904933e-04,8.627450980392157298e-01,-1.568627450980392135e-01
9.914557785073339295e-04,9.019607843137255054e-01,1.568627450980392135e-01
9.914577785072773656e-04,9.411764705882352811e-01,-3.921568627450980338e-02
9.914597785072208017e-04,8.627450980392157298e-01,0.000000000000000000e+00
9.914617785071642379e-04,8.235294117647058432e-01,3.921568627450980338e-02
9.914637785071076740e-04,9.019607843137255054e-01,-3.921568627450980338e-02
9.914657785070511101e-04,9.019607843137255054e-01,3.921568627450980338e-02
9.914677785069945463e-04,8.235294117647058432e-01,0.000000000000000000e+00
9.914697785069379824e-04,9.019607843137255054e-01,0.000000000000000000e+00
9.914717785068814185e-04,9.019607843137255054e-01,1.176470588235294101e-01
9.914737785068248547e-04,9.411764705882352811e-01,-7.843137254901960675e-02
9.914757785067682908e-04,8.627450980392157298e-01,3.921568627450980338e-02
9.914777785067117270e-04,9.019607843137255054e-01,-7.843137254901960675e-02
9.914797785066551631e-04,9.019607843137255054e-01,3.921568627450980338e-02
9.914817785065985992e-04,9.411764705882352811e-01,3.921568627450980338e-02
9.914837785065420354e-04,8.627450980392157298e-01,-7.843137254901960675e-02
9.914857785064854715e-04,8.627450980392157298e-01,1.176470588235294101e-01
9.914877785064289076e-04,9.019607843137255054e-01,-3.921568627450980338e-02
9.914897785063723438e-04,9.411764705882352811e-01,-3.921568627450980338e-02
9.914917785063157799e-04,8.235294117647058432e-01,3.921568627450980338e-02
9.914937785062592161e-04,9.019607843137255054e-01,-1.568627450980392135e-01
9.914957785062026522e-04,9.019607843137255054e-01,1.176470588235294101e-01
9.914977785061460883e-04,9.411764705882352811e-01,0.000000000000000000e+00
9.914997785060895245e-04,8.627450980392157298e-01,0.000000000000000000e+00
9.915017785060329606e-04,8.627450980392157298e-01,7.843137254901960675e-02
9.915037785059763967e-04,9.019607843137255054e-01,-7.843137254901960675e-02
9.915057785059198329e-04,9.411764705882352811e-01,7.843137254901960675e-02
9.915077785058632690e-04,8.627450980392157298e-01,-3.921568627450980338e-02
9.915097785058067052e-04,8.627450980392157298e-01,0.000000000000000000e+00
9.915117785057501413e-04,9.019607843137255054e-01,7.843137254901960675e-02
9.915137785056935774e-04,9.411764705882352811e-01,-1.568627450980392135e-01
9.915157785056370136e-04,8.627450980392157298e-01,3.921568627450980338e-02
9.915177785055804497e-04,9.411764705882352811e-01,-3.921568627450980338e-02
9.915197785055238858e-04,9.019607843137255054e-01,3.921568627450980338e-02
9.915217785054673220e-04,9.411764705882352811e-01,7.843137254901960675e-02
9.915237785054107581e-04,8.627450980392157298e-01,-7.843137254901960675e-02
9.915257785053541943e-04,9.019607843137255054e-01,3.921568627450980338e-02
9.915277785052976304e-04,9.411764705882352811e-01,-3.921568627450980338e-02
9.915297785052410665e-04,9.803921568627450567e-01,0.000000000000000000e+00
9.915317785051845027e-04,8.627450980392157298e-01,7.843137254901960675e-02
9.915337785051279388e-04,9.019607843137255054e-01,-1.568627450980392135e-01
9.915357785050713749e-04,9.019607843137255054e-01,7.843137254901960675e-02
9.915377785050148111e-04,9.411764705882352811e-01,-3.921568627450980338e-02
9.915397785049582472e-04,8.627450980392157298e-01,0.000000000000000000e+00
9.915417785049016833e-04,9.019607843137255054e-01,3.921568627450980338e-02
9.915437785048451195e-04,9.019607843137255054e-01,0.000000000000000000e+00
9.915457785047885556e-04,9.019607843137255054e-01,0.000000000000000000e+00
9.915477785047319918e-04,8.627450980392157298e-01,0.000000000000000000e+00
9.915497785046754279e-04,9.019607843137255054e-01,0.000000000000000000e+00
9.915517785046188640e-04,9.019607843137255054e-01,7.843137254901960675e-02
9.915537785045623002e-04,9.411764705882352811e-01,-7.843137254901960675e-02
9.915557785045057363e-04,8.627450980392157298e-01,3.921568627450980338e-02
9.915577785044491724e-04,9.019607843137255054e-01,-7.843137254901960675e-02
9.915597785043926086e-04,9.019607843137255054e-01,7.843137254901960675e-02
9.915617785043360447e-04,9.411764705882352811e-01,3.921568627450980338e-02
9.915637785042794809e-04,8.627450980392157298e-01,-3.921568627450980338e-02
9.915657785042229170e-04,9.019607843137255054e-01,7.843137254901960675e-02
9.915677785041663531e-04,9.019607843137255054e-01,-3.921568627450980338e-02
9.915697785041097893e-04,9.411764705882352811e-01,0.000000000000000000e+00
9.915717785040532254e-04,8.627450980392157298e-01,7.843137254901960675e-02
9.915737785039966615e-04,8.627450980392157298e-01,-1.568627450980392135e-01
9.915757785039400977e-04,9.019607843137255054e-01,7.843137254901960675e-02
9.915777785038835338e-04,9.411764705882352811e-01,-3.921568627450980338e-02
9.915797785038269700e-04,8.235294117647058432e-01,-3.921568627450980338e-02
9.915817785037704061e-04,8.235294117647058432e-01,7.843137254901960675e-02
9.915837785037138422e-04,9.019607843137255054e-01,-3.921568627450980338e-02
9.915857785036572784e-04,9.411764705882352811e-01,7.843137254901960675e-02
9.915877785036007145e-04,8.627450980392157298e-01,0.000000000000000000e+00
9.915897785035441506e-04,9.019607843137255054e-01,-7.843137254901960675e-02
9.915917785034875868e-04,9.019607843137255054e-01,7.843137254901960675e-02
9.915937785034310229e-04,9.803921568627450567e-01,-7.843137254901960675e-02
9.915957785033744590e-04,8.627450980392157298e-01,3.921568627450980338e-02
9.915977785033178952e-04,9.019607843137255054e-01,0.000000000000000000e+00
9.915997785032613313e-04,9.019607843137255054e-01,7.843137254901960675e-02
9.916017785032047675e-04,9.411764705882352811e-01,7.843137254901960675e-02
9.916037785031482036e-04,8.627450980392157298e-01,-7.843137254901960675e-02
9.916057785030916397e-04,8.627450980392157298e-01,0.000000000000000000e+00
9.916077785030350759e-04,9.411764705882352811e-01,-3.921568627450980338e-02
9.916097785029785120e-04,9.411764705882352811e-01,0.000000000000000000e+00
9.916117785029219481e-04,8.627450980392157298e-01,7.843137254901960675e-02
9.916137785028653843e-04,9.019607843137255054e-01,-1.568627450980392135e-01
9.916157785028088204e-04,8.627450980392157298e-01,1.176470588235294101e-01
9.916177785027522566e-04,9.411764705882352811e-01,0.000000000000000000e+00
9.916197785026956927e-04,8.235294117647058432e-01,-3.921568627450980338e-02
9.916217785026391288e-04,8.627450980392157298e-01,7.843137254901960675e-02
9.916237785025825650e-04,9.411764705882352811e-01,-3.921568627450980338e-02
9.916257785025260011e-04,9.411764705882352811e-01,7.843137254901960675e-02
9.916277785024694372e-04,8.627450980392157298e-01,0.000000000000000000e+00
9.916297785024128734e-04,9.019607843137255054e-01,3.921568627450980338e-02
9.916317785023563095e-04,9.019607843137255054e-01,7.843137254901960675e-02
9.916337785022997457e-04,9.411764705882352811e-01,-7.843137254901960675e-02
9.916357785022431818e-04,8.627450980392157298e-01,3.921568627450980338e-02
9.916377785021866179e-04,9.019607843137255054e-01,-7.843137254901960675e-02
9.916397785021300541e-04,9.019607843137255054e-01,3.921568627450980338e-02
9.916417785020734902e-04,9.411764705882352811e-01,3.921568627450980338e-02
9.916437785020169263e-04,8.627450980392157298e-01,-7.843137254901960675e-02
9.916457785019603625e-04,9.019607843137255054e-01,1.176470588235294101e-01
9.916477785019037986e-04,9.411764705882352811e-01,0.000000000000000000e+00
9.916497785018472347e-04,9.411764705882352811e-01,-3.921568627450980338e-02
9.916517785017906709e-04,8.627450980392157298e-01,7.843137254901960675e-02
9.916537785017341070e-04,9.019607843137255054e-01,-1.568627450980392135e-01
9.916557785016775432e-04,9.019607843137255054e-01,1.568627450980392135e-01
9.916577785016209793e-04,9.411764705882352811e-01,0.000000000000000000e+00
9.916597785015644154e-04,8.235294117647058432e-01,0.000000000000000000e+00
9.916617785015078516e-04,8.627450980392157298e-01,3.921568627450980338e-02
9.916637785014512877e-04,9.411764705882352811e-01,-7.843137254901960675e-02
9.916657785013947238e-04,9.411764705882352811e-01,7.843137254901960675e-02
9.916677785013381600e-04,8.627450980392157298e-01,0.000000000000000000e+00
9.916697785012815961e-04,9.019607843137255054e-01,3.921568627450980338e-02
9.916717785012250323e-04,9.019607843137255054e-01,7.843137254901960675e-02
9.916737785011684684e-04,9.411764705882352811e-01,-7.843137254901960675e-02
9.916757785011119045e-04,8.627450980392157298e-01,7.843137254901960675e-02
9.916777785010553407e-04,9.411764705882352811e-01,0.000000000000000000e+00
9.916797785009987768e-04,9.019607843137255054e-01,7.843137254901960675e-02
9.916817785009422129e-04,9.411764705882352811e-01,0.000000000000000000e+00
9.916837785008856491e-04,8.627450980392157298e-01,-7.843137254901960675e-02
9.916857785008290852e-04,9.019607843137255054e-01,3.921568627450980338e-02
9.916877785007725214e-04,9.019607843137255054e-01,-3.921568627450980338e-02
9.916897785007159575e-04,9.411764705882352811e-01,0.000000000000000000e+00
9.916917785006593936e-04,8.235294117647058432e-01,7.843137254901960675e-02
9.916937785006028298e-04,9.019607843137255054e-01,-1.568627450980392135e-01
9.916957785005462659e-04,9.019607843137255054e-01,7.843137254901960675e-02
9.916977785004897020e-04,9.411764705882352811e-01,0.000000000000000000e+00
9.916997785004331382e-04,8.627450980392157298e-01,0.000000000000000000e+00
9.917017785003765743e-04,9.019607843137255054e-01,3.921568627450980338e-02
9.917037785003200104e-04,9.411764705882352811e-01,-3.921568627450980338e-02
9.917057785002634466e-04,9.411764705882352811e-01,7.843137254901960675e-02
9.917077785002068827e-04,8.235294117647058432e-01,0.000000000000000000e+00
9.917097785001503189e-04,9.019607843137255054e-01,0.000000000000000000e+00
9.917117785000937550e-04,9.019607843137255054e-01,7.843137254901960675e-02
9.917137785000371911e-04,9.411764705882352811e-01,-1.568627450980392135e-01
9.917157784999806273e-04,8.235294117647058432e-01,7.843137254901960675e-02
9.917177784999240634e-04,9.019607843137255054e-01,-7.843137254901960675e-02
9.917197784998674995e-04,9.019607843137255054e-01,3.921568627450980338e-02
9.917217784998109357e-04,9.411764705882352811e-01,7.843137254901960675e-02
9.917237784997543718e-04,8.627450980392157298e-01,-7.843137254901960675e-02
9.917257784996978080e-04,8.627450980392157298e-01,3.921568627450980338e-02
9.917277784996412441e-04,9.019607843137255054e-01,-3.921568627450980338e-02
9.917297784995846802e-04,9.411764705882352811e-01,-3.921568627450980338e-02
9.917317784995281164e-04,8.627450980392157298e-01,7.843137254901960675e-02
9.917337784994715525e-04,8.627450980392157298e-01,-7.843137254901960675e-02
9.917357784994149886e-04,8.627450980392157298e-01,1.176470588235294101e-01
9.917377784993584248e-04,9.411764705882352811e-01,-3.921568627450980338e-02
9.917397784993018609e-04,8.627450980392157298e-01,-3.921568627450980338e-02
9.917417784992452971e-04,8.627450980392157298e-01,7.843137254901960675e-02
9.917437784991887332e-04,9.411764705882352811e-01,-3.921568627450980338e-02
9.917457784991321693e-04,9.411764705882352811e-01,7.843137254901960675e-02
9.917477784990756055e-04,8.627450980392157298e-01,0.000000000000000000e+00
9.917497784990190416e-04,9.019607843137255054e-01,3.921568627450980338e-02
9.917517784989624777e-04,9.019607843137255054e-01,1.176470588235294101e-01
9.917537784989059139e-04,9.411764705882352811e-01,-7.843137254901960675e-02
9.917557784988493500e-04,8.235294117647058432e-01,0.000000000000000000e+00
9.917577784987927862e-04,8.627450980392157298e-01,-3.921568627450980338e-02
9.917597784987362223e-04,9.019607843137255054e-01,7.843137254901960675e-02
9.917617784986796584e-04,9.411764705882352811e-01,7.843137254901960675e-02
9.917637784986230946e-04,8.627450980392157298e-01,-7.843137254901960675e-02
9.917657784985665307e-04,9.019607843137255054e-01,7.843137254901960675e-02
9.917677784985099668e-04,9.019607843137255054e-01,-3.921568627450980338e-02
9.917697784984534030e-04,9.411764705882352811e-01,0.000000000000000000e+00
9.917717784983968391e-04,8.235294117647058432e-01,7.843137254901960675e-02
9.917737784983402752e-04,9.019607843137255054e-01,-1.568627450980392135e-01
9.917757784982837114e-04,8.627450980392157298e-01,1.176470588235294101e-01
9.917777784982271475e-04,9.411764705882352811e-01,-3.921568627450980338e-02
9.917797784981705837e-04,8.627450980392157298e-01,-3.921568627450980338e-02
9.917817784981140198e-04,9.019607843137255054e-01,3.921568627450980338e-02
9.917837784980574559e-04,9.019607843137255054e-01,-3.921568627450980338e-02
9.917857784980008921e-04,9.411764705882352811e-01,3.921568627450980338e-02
9.917877784979443282e-04,8.627450980392157298e-01,0.000000000000000000e+00
9.917897784978877643e-04,9.019607843137255054e-01,0.000000000000000000e+00
9.917917784978312005e-04,8.627450980392157298e-01,7.843137254901960675e-02
9.917937784977746366e-04,9.411764705882352811e-01,-7.843137254901960675e-02
9.917957784977180728e-04,8.627450980392157298e-01,3.921568627450980338e-02
9.917977784976615089e-04,8.627450980392157298e-01,-7.843137254901960675e-02
9.917997784976049450e-04,9.019607843137255054e-01,7.843137254901960675e-02
9.918017784975483812e-04,9.411764705882352811e-01,7.843137254901960675e-02
9.918037784974918173e-04,8.627450980392157298e-01,-7.843137254901960675e-02
9.918057784974352534e-04,8.235294117647058432e-01,1.176470588235294101e-01
9.918077784973786896e-04,9.411764705882352811e-01,0.000000000000000000e+00
9.918097784973221257e-04,9.803921568627450567e-01,-3.921568627450980338e-02
9.918117784972655619e-04,8.235294117647058432e-01,3.921568627450980338e-02
9.918137784972089980e-04,8.627450980392157298e-01,-7.843137254901960675e-02
9.918157784971524341e-04,9.019607843137255054e-01,1.568627450980392135e-01
9.918177784970958703e-04,9.411764705882352811e-01,-3.921568627450980338e-02
9.918197784970393064e-04,8.235294117647058432e-01,0.000000000000000000e+00
9.918217784969827425e-04,9.019607843137255054e-01,3.921568627450980338e-02
9.918237784969261787e-04,9.411764705882352811e-01,-3.921568627450980338e-02
9.918257784968696148e-04,9.019607843137255054e-01,7.843137254901960675e-02
9.918277784968130509e-04,8.627450980392157298e-01,-3.921568627450980338e-02
9.918297784967564871e-04,9.019607843137255054e-01,0.000000000000000000e+00
9.918317784966999232e-04,9.019607843137255054e-01,7.843137254901960675e-02
9.918337784966433594e-04,9.019607843137255054e-01,-7.843137254901960675e-02
9.918357784965867955e-04,8.627450980392157298e-01,3.921568627450980338e-02
9.918377784965302316e-04,9.019607843137255054e-01,-3.921568627450980338e-02
9.918397784964736678e-04,9.019607843137255054e-01,3.921568627450980338e-02
9.918417784964171039e-04,9.411764705882352811e-01,0.000000000000000000e+00
9.918437784963605400e-04,8.235294117647058432e-01,-7.843137254901960675e-02
9.918457784963039762e-04,8.627450980392157298e-01,7.843137254901960675e-02
9.918477784962474123e-04,9.019607843137255054e-01,0.000000000000000000e+00
9.918497784961908485e-04,9.019607843137255054e-01,0.000000000000000000e+00
9.918517784961342846e-04,8.627450980392157298e-01,3.921568627450980338e-02
9.918537784960777207e-04,9.411764705882352811e-01,-1.568627450980392135e-01
9.918557784960211569e-04,9.019607843137255054e-01,1.176470588235294101e-01
9.918577784959645930e-04,9.411764705882352811e-01,-3.921568627450980338e-02
9.918597784959080291e-04,8.235294117647058432e-01,0.000000000000000000e+00
9.918617784958514653e-04,8.235294117647058432e-01,7.843137254901960675e-02
9.918637784957949014e-04,8.627450980392157298e-01,0.000000000000000000e+00
9.918657784957383376e-04,9.411764705882352811e-01,0.000000000000000000e+00
9.918677784956817737e-04,8.627450980392157298e-01,0.000000000000000000e+00
9.918697784956252098e-04,9.019607843137255054e-01,0.000000000000000000e+00
9.918717784955686460e-04,8.627450980392157298e-01,7.843137254901960675e-02
9.918737784955120821e-04,9.411764705882352811e-01,-7.843137254901960675e-02
9.918757784954555182e-04,8.235294117647058432e-01,7.843137254901960675e-02
9.918777784953989544e-04,9.019607843137255054e-01,0.000000000000000000e+00
9.918797784953423905e-04,9.019607843137255054e-01,0.000000000000000000e+00
9.918817784952858266e-04,9.411764705882352811e-01,0.000000000000000000e+00
9.918837784952292628e-04,8.627450980392157298e-01,-3.921568627450980338e-02
9.918857784951726989e-04,8.627450980392157298e-01,3.921568627450980338e-02
9.918877784951161351e-04,9.019607843137255054e-01,3.921568627450980338e-02
9.918897784950595712e-04,9.411764705882352811e-01,-3.921568627450980338e-02
9.918917784950030073e-04,8.627450980392157298e-01,7.843137254901960675e-02
9.918937784949464435e-04,8.627450980392157298e-01,-1.568627450980392135e-01
9.918957784948898796e-04,8.627450980392157298e-01,1.176470588235294101e-01
9.918977784948333157e-04,9.411764705882352811e-01,0.000000000000000000e+00
9.918997784947767519e-04,8.235294117647058432e-01,0.000000000000000000e+00
9.919017784947201880e-04,9.019607843137255054e-01,7.843137254901960675e-02
9.919037784946636242e-04,9.019607843137255054e-01,-3.921568627450980338e-02
9.919057784946070603e-04,9.411764705882352811e-01,7.843137254901960675e-02
9.919077784945504964e-04,9.019607843137255054e-01,0.000000000000000000e+00
9.919097784944939326e-04,9.019607843137255054e-01,0.000000000000000000e+00
9.919117784944373687e-04,9.019607843137255054e-01,7.843137254901960675e-02
9.919137784943808048e-04,9.411764705882352811e-01,-7.843137254901960675e-02
9.919157784943242410e-04,8.627450980392157298e-01,7.843137254901960675e-02
9.919177784942676771e-04,9.019607843137255054e-01,0.000000000000000000e+00
9.919197784942111133e-04,9.019607843137255054e-01,3.921568627450980338e-02
9.919217784941545494e-04,9.411764705882352811e-01,3.921568627450980338e-02
9.919237784940979855e-04,8.627450980392157298e-01,-7.843137254901960675e-02
9.919257784940414217e-04,8.627450980392157298e-01,3.921568627450980338e-02
9.919277784939848578e-04,9.019607843137255054e-01,-3.921568627450980338e-02
9.919297784939282939e-04,9.411764705882352811e-01,0.000000000000000000e+00
9.919317784938717301e-04,8.235294117647058432e-01,7.843137254901960675e-02
9.919337784938151662e-04,9.019607843137255054e-01,-1.568627450980392135e-01
9.919357784937586024e-04,8.627450980392157298e-01,7.843137254901960675e-02
9.919377784937020385e-04,9.411764705882352811e-01,0.000000000000000000e+00
9.919397784936454746e-04,8.627450980392157298e-01,0.000000000000000000e+00
9.919417784935889108e-04,8.627450980392157298e-01,7.843137254901960675e-02
9.919437784935323469e-04,9.411764705882352811e-01,-3.921568627450980338e-02
9.919457784934757830e-04,9.411764705882352811e-01,3.921568627450980338e-02
9.919477784934192192e-04,8.627450980392157298e-01,0.000000000000000000e+00
9.919497784933626553e-04,9.019607843137255054e-01,0.000000000000000000e+00
9.919517784933060914e-04,9.019607843137255054e-01,7.843137254901960675e-02
9.919537784932495276e-04,9.411764705882352811e-01,-3.921568627450980338e-02
9.919557784931929637e-04,8.627450980392157298e-01,7.843137254901960675e-02
9.919577784931363999e-04,9.019607843137255054e-01,0.000000000000000000e+00
9.919597784930798360e-04,9.019607843137255054e-01,3.921568627450980338e-02
9.919617784930232721e-04,9.411764705882352811e-01,7.843137254901960675e-02
9.919637784929667083e-04,8.627450980392157298e-01,-3.921568627450980338e-02
9.919657784929101444e-04,8.627450980392157298e-01,7.843137254901960675e-02
9.919677784928535805e-04,9.019607843137255054e-01,0.000000000000000000e+00
9.919697784927970167e-04,9.411764705882352811e-01,-3.921568627450980338e-02
9.919717784927404528e-04,8.627450980392157298e-01,7.843137254901960675e-02
9.919737784926838890e-04,9.019607843137255054e-01,-7.843137254901960675e-02
9.919757784926273251e-04,9.019607843137255054e-01,1.176470588235294101e-01
9.919777784925707612e-04,9.411764705882352811e-01,0.000000000000000000e+00
9.919797784925141974e-04,8.627450980392157298e-01,-3.921568627450980338e-02
9.919817784924576335e-04,8.235294117647058432e-01,3.921568627450980338e-02
9.919837784924010696e-04,9.019607843137255054e-01,-3.921568627450980338e-02
9.919857784923445058e-04,9.411764705882352811e-01,3.921568627450980338e-02
9.919877784922879419e-04,8.235294117647058432e-01,0.000000000000000000e+00
9.919897784922313781e-04,9.019607843137255054e-01,0.000000000000000000e+00
9.919917784921748142e-04,9.019607843137255054e-01,7.843137254901960675e-02
9.919937784921182503e-04,9.411764705882352811e-01,-7.843137254901960675e-02
9.919957784920616865e-04,8.627450980392157298e-01,3.921568627450980338e-02
9.919977784920051226e-04,9.019607843137255054e-01,0.000000000000000000e+00
9.919997784919485587e-04,9.019607843137255054e-01,3.921568627450980338e-02
9.920017784918919949e-04,9.411764705882352811e-01,7.843137254901960675e-02
9.920037784918354310e-04,8.627450980392157298e-01,-7.843137254901960675e-02
9.920057784917788671e-04,8.627450980392157298e-01,7.843137254901960675e-02
9.920077784917223033e-04,9.411764705882352811e-01,0.000000000000000000e+00
9.920097784916657394e-04,9.411764705882352811e-01,0.000000000000000000e+00
9.920117784916091756e-04,8.235294117647058432e-01,7.843137254901960675e-02
9.920137784915526117e-04,9.019607843137255054e-01,-1.568627450980392135e-01
9.920157784914960478e-04,9.019607843137255054e-01,1.176470588235294101e-01
9.920177784914394840e-04,9.411764705882352811e-01,-7.843137254901960675e-02
9.920197784913829201e-04,8.627450980392157298e-01,-3.921568627450980338e-02
9.920217784913263562e-04,8.627450980392157298e-01,7.843137254901960675e-02
9.920237784912697924e-04,9.019607843137255054e-01,-3.921568627450980338e-02
9.920257784912132285e-04,9.411764705882352811e-01,7.843137254901960675e-02
9.920277784911566647e-04,8.627450980392157298e-01,0.000000000000000000e+00
9.920297784911001008e-04,9.019607843137255054e-01,0.000000000000000000e+00
9.920317784910435369e-04,8.627450980392157298e-01,1.176470588235294101e-01
9.920337784909869731e-04,9.411764705882352811e-01,-7.843137254901960675e-02
9.920357784909304092e-04,8.627450980392157298e-01,3.921568627450980338e-02
9.920377784908738453e-04,8.627450980392157298e-01,0.000000000000000000e+00
9.920397784908172815e-04,9.019607843137255054e-01,3.921568627450980338e-02
9.920417784907607176e-04,9.411764705882352811e-01,3.921568627450980338e-02
9.920437784907041538e-04,8.235294117647058432e-01,-7.843137254901960675e-02
9.920457784906475899e-04,8.627450980392157298e-01,3.921568627450980338e-02
9.920477784905910260e-04,9.019607843137255054e-01,0.000000000000000000e+00
9.920497784905344622e-04,9.411764705882352811e-01,0.000000000000000000e+00
9.920517784904778983e-04,8.627450980392157298e-01,7.843137254901960675e-02
9.920537784904213344e-04,8.627450980392157298e-01,-1.568627450980392135e-01
9.920557784903647706e-04,8.627450980392157298e-01,1.176470588235294101e-01
9.920577784903082067e-04,9.411764705882352811e-01,-3.921568627450980338e-02
9.920597784902516428e-04,8.627450980392157298e-01,0.000000000000000000e+00
9.920617784901950790e-04,8.627450980392157298e-01,3.921568627450980338e-02
9.920637784901385151e-04,9.019607843137255054e-01,-7.843137254901960675e-02
9.920657784900819513e-04,9.411764705882352811e-01,7.843137254901960675e-02
9.920677784900253874e-04,8.627450980392157298e-01,0.000000000000000000e+00
9.920697784899688235e-04,9.411764705882352811e-01,0.000000000000000000e+00
9.920717784899122597e-04,9.019607843137255054e-01,7.843137254901960675e-02
9.920737784898556958e-04,9.411764705882352811e-01,-7.843137254901960675e-02
9.920757784897991319e-04,8.627450980392157298e-01,7.843137254901960675e-02
9.920777784897425681e-04,8.627450980392157298e-01,0.000000000000000000e+00
9.920797784896860042e-04,9.019607843137255054e-01,3.921568627450980338e-02
9.920817784896294404e-04,9.411764705882352811e-01,3.921568627450980338e-02
9.920837784895728765e-04,8.627450980392157298e-01,-7.843137254901960675e-02
9.920857784895163126e-04,8.235294117647058432e-01,3.921568627450980338e-02
9.920877784894597488e-04,9.411764705882352811e-01,0.000000000000000000e+00
9.920897784894031849e-04,9.411764705882352811e-01,0.000000000000000000e+00
9.920917784893466210e-04,8.235294117647058432e-01,1.176470588235294101e-01
9.920937784892900572e-04,8.627450980392157298e-01,-1.568627450980392135e-01
9.920957784892334933e-04,9.019607843137255054e-01,7.843137254901960675e-02
9.920977784891769295e-04,9.019607843137255054e-01,0.000000000000000000e+00
9.920997784891203656e-04,8.235294117647058432e-01,0.000000000000000000e+00
9.921017784890638017e-04,8.627450980392157298e-01,7.843137254901960675e-02
9.921037784890072379e-04,9.019607843137255054e-01,-3.921568627450980338e-02
9.921057784889506740e-04,9.019607843137255054e-01,7.843137254901960675e-02
9.921077784888941101e-04,8.627450980392157298e-01,0.000000000000000000e+00
9.921097784888375463e-04,8.627450980392157298e-01,3.921568627450980338e-02
9.921117784887809824e-04,9.019607843137255054e-01,7.843137254901960675e-02
9.921137784887244185e-04,9.411764705882352811e-01,-7.843137254901960675e-02
9.921157784886678547e-04,8.627450980392157298e-01,3.921568627450980338e-02
9.921177784886112908e-04,9.019607843137255054e-01,0.000000000000000000e+00
9.921197784885547270e-04,9.019607843137255054e-01,7.843137254901960675e-02
9.921217784884981631e-04,9.411764705882352811e-01,7.843137254901960675e-02
9.921237784884415992e-04,8.627450980392157298e-01,-7.843137254901960675e-02
9.921257784883850354e-04,8.627450980392157298e-01,3.921568627450980338e-02
9.921277784883284715e-04,9.019607843137255054e-01,0.000000000000000000e+00
9.921297784882719076e-04,9.411764705882352811e-01,-3.921568627450980338e-02
9.921317784882153438e-04,8.235294117647058432e-01,7.843137254901960675e-02
9.921337784881587799e-04,8.627450980392157298e-01,-7.843137254901960675e-02
9.921357784881022161e-04,8.627450980392157298e-01,1.176470588235294101e-01
9.921377784880456522e-04,9.411764705882352811e-01,0.000000000000000000e+00
9.921397784879890883e-04,8.627450980392157298e-01,-3.921568627450980338e-02
9.921417784879325245e-04,9.019607843137255054e-01,7.843137254901960675e-02
9.921437784878759606e-04,9.019607843137255054e-01,0.000000000000000000e+00
9.921457784878193967e-04,9.411764705882352811e-01,7.843137254901960675e-02
9.921477784877628329e-04,8.235294117647058432e-01,0.000000000000000000e+00
9.921497784877062690e-04,8.627450980392157298e-01,3.921568627450980338e-02
9.921517784876497052e-04,9.019607843137255054e-01,7.843137254901960675e-02
9.921537784875931413e-04,9.411764705882352811e-01,-7.843137254901960675e-02
9.921557784875365774e-04,8.235294117647058432e-01,0.000000000000000000e+00
9.921577784874800136e-04,8.235294117647058432e-01,0.000000000000000000e+00
9.921597784874234497e-04,8.627450980392157298e-01,3.921568627450980338e-02
9.921617784873668858e-04,9.411764705882352811e-01,3.921568627450980338e-02
9.921637784873103220e-04,8.627450980392157298e-01,-7.843137254901960675e-02
9.921657784872537581e-04,8.627450980392157298e-01,7.843137254901960675e-02
9.921677784871971943e-04,9.019607843137255054e-01,-3.921568627450980338e-02
9.921697784871406304e-04,9.411764705882352811e-01,0.000000000000000000e+00
9.921717784870840665e-04,8.627450980392157298e-01,3.921568627450980338e-02
9.921737784870275027e-04,9.019607843137255054e-01,-1.568627450980392135e-01
9.921757784869709388e-04,9.019607843137255054e-01,1.568627450980392135e-01
9.921777784869143749e-04,9.411764705882352811e-01,-3.921568627450980338e-02
9.921797784868578111e-04,8.235294117647058432e-01,0.000000000000000000e+00
9.921817784868012472e-04,8.627450980392157298e-01,3.921568627450980338e-02
9.921837784867446833e-04,9.019607843137255054e-01,-3.921568627450980338e-02
9.921857784866881195e-04,9.411764705882352811e-01,7.843137254901960675e-02
9.921877784866315556e-04,8.627450980392157298e-01,0.000000000000000000e+00
9.921897784865749918e-04,9.019607843137255054e-01,3.921568627450980338e-02
9.921917784865184279e-04,9.019607843137255054e-01,7.843137254901960675e-02
9.921937784864618640e-04,9.411764705882352811e-01,-7.843137254901960675e-02
9.921957784864053002e-04,8.627450980392157298e-01,7.843137254901960675e-02
9.921977784863487363e-04,9.019607843137255054e-01,0.000000000000000000e+00
9.921997784862921724e-04,9.019607843137255054e-01,7.843137254901960675e-02
9.922017784862356086e-04,9.411764705882352811e-01,7.843137254901960675e-02
9.922037784861790447e-04,8.627450980392157298e-01,-7.843137254901960675e-02
9.922057784861224809e-04,9.019607843137255054e-01,3.921568627450980338e-02
9.922077784860659170e-04,9.019607843137255054e-01,0.000000000000000000e+00
9.922097784860093531e-04,9.411764705882352811e-01,-3.921568627450980338e-02
9.922117784859527893e-04,8.235294117647058432e-01,1.176470588235294101e-01
9.922137784858962254e-04,9.019607843137255054e-01,-1.568627450980392135e-01
9.922157784858396615e-04,9.019607843137255054e-01,7.843137254901960675e-02
9.922177784857830977e-04,9.411764705882352811e-01,-3.921568627450980338e-02
9.922197784857265338e-04,8.627450980392157298e-01,-3.921568627450980338e-02
9.922217784856699700e-04,8.627450980392157298e-01,3.921568627450980338e-02
9.922237784856134061e-04,9.411764705882352811e-01,-3.921568627450980338e-02
9.922257784855568422e-04,9.411764705882352811e-01,7.843137254901960675e-02
9.922277784855002784e-04,8.627450980392157298e-01,0.000000000000000000e+00
9.922297784854437145e-04,8.627450980392157298e-01,0.000000000000000000e+00
9.922317784853871506e-04,9.019607843137255054e-01,7.843137254901960675e-02
9.922337784853305868e-04,9.411764705882352811e-01,-7.843137254901960675e-02
9.922357784852740229e-04,8.627450980392157298e-01,3.921568627450980338e-02
9.922377784852174590e-04,9.019607843137255054e-01,0.000000000000000000e+00
9.922397784851608952e-04,9.019607843137255054e-01,3.921568627450980338e-02
9.922417784851043313e-04,9.019607843137255054e-01,7.843137254901960675e-02
9.922437784850477675e-04,8.235294117647058432e-01,-7.843137254901960675e-02
9.922457784849912036e-04,8.627450980392157298e-01,7.843137254901960675e-02
9.922477784849346397e-04,9.019607843137255054e-01,-3.921568627450980338e-02
9.922497784848780759e-04,9.411764705882352811e-01,0.000000000000000000e+00
9.922517784848215120e-04,8.627450980392157298e-01,7.843137254901960675e-02
9.922537784847649481e-04,9.019607843137255054e-01,-1.568627450980392135e-01
9.922557784847083843e-04,9.019607843137255054e-01,1.568627450980392135e-01
9.922577784846518204e-04,9.411764705882352811e-01,-3.921568627450980338e-02
9.922597784845952566e-04,8.235294117647058432e-01,0.000000000000000000e+00
9.922617784845386927e-04,8.627450980392157298e-01,3.921568627450980338e-02
9.922637784844821288e-04,9.019607843137255054e-01,-7.843137254901960675e-02
9.922657784844255650e-04,9.019607843137255054e-01,7.843137254901960675e-02
9.922677784843690011e-04,8.627450980392157298e-01,0.000000000000000000e+00
9.922697784843124372e-04,9.019607843137255054e-01,3.921568627450980338e-02
9.922717784842558734e-04,9.019607843137255054e-01,1.176470588235294101e-01
9.922737784841993095e-04,9.411764705882352811e-01,-3.921568627450980338e-02
9.922757784841427457e-04,8.235294117647058432e-01,3.921568627450980338e-02
9.922777784840861818e-04,8.235294117647058432e-01,0.000000000000000000e+00
9.922797784840296179e-04,9.019607843137255054e-01,3.921568627450980338e-02
9.922817784839730541e-04,9.411764705882352811e-01,7.843137254901960675e-02
9.922837784839164902e-04,8.627450980392157298e-01,-3.921568627450980338e-02
9.922857784838599263e-04,9.019607843137255054e-01,7.843137254901960675e-02
9.922877784838033625e-04,9.019607843137255054e-01,0.000000000000000000e+00
9.922897784837467986e-04,9.411764705882352811e-01,-3.921568627450980338e-02
9.922917784836902347e-04,8.235294117647058432e-01,3.921568627450980338e-02
9.922937784836336709e-04,9.019607843137255054e-01,-7.843137254901960675e-02
9.922957784835771070e-04,9.019607843137255054e-01,7.843137254901960675e-02
9.922977784835205432e-04,9.411764705882352811e-01,0.000000000000000000e+00
9.922997784834639793e-04,8.627450980392157298e-01,-3.921568627450980338e-02
9.923017784834074154e-04,8.627450980392157298e-01,7.843137254901960675e-02
9.923037784833508516e-04,9.019607843137255054e-01,-3.921568627450980338e-02
9.923057784832942877e-04,9.411764705882352811e-01,7.843137254901960675e-02
9.923077784832377238e-04,9.019607843137255054e-01,0.000000000000000000e+00
9.923097784831811600e-04,9.411764705882352811e-01,0.000000000000000000e+00
9.923117784831245961e-04,9.019607843137255054e-01,7.843137254901960675e-02
9.923137784830680323e-04,9.411764705882352811e-01,-7.843137254901960675e-02
9.923157784830114684e-04,8.627450980392157298e-01,3.921568627450980338e-02
9.923177784829549045e-04,9.019607843137255054e-01,0.000000000000000000e+00
9.923197784828983407e-04,9.019607843137255054e-01,7.843137254901960675e-02
9.923217784828417768e-04,9.411764705882352811e-01,3.921568627450980338e-02
9.923237784827852129e-04,8.627450980392157298e-01,-7.843137254901960675e-02
9.923257784827286491e-04,8.627450980392157298e-01,7.843137254901960675e-02
9.923277784826720852e-04,9.019607843137255054e-01,0.000000000000000000e+00
9.923297784826155214e-04,9.411764705882352811e-01,0.000000000000000000e+00
9.923317784825589575e-04,8.627450980392157298e-01,7.843137254901960675e-02
9.923337784825023936e-04,8.627450980392157298e-01,-1.568627450980392135e-01
9.923357784824458298e-04,9.019607843137255054e-01,1.568627450980392135e-01
9.923377784823892659e-04,9.411764705882352811e-01,0.000000000000000000e+00
9.923397784823327020e-04,8.627450980392157298e-01,0.000000000000000000e+00
9.923417784822761382e-04,8.627450980392157298e-01,3.921568627450980338e-02
9.923437784822195743e-04,9.411764705882352811e-01,-7.843137254901960675e-02
9.923457784821630105e-04,9.019607843137255054e-01,7.843137254901960675e-02
9.923477784821064466e-04,8.627450980392157298e-01,0.000000000000000000e+00
9.923497784820498827e-04,9.019607843137255054e-01,3.921568627450980338e-02
9.923517784819933189e-04,9.019607843137255054e-01,1.176470588235294101e-01
9.923537784819367550e-04,9.411764705882352811e-01,-7.843137254901960675e-02
9.923557784818801911e-04,8.627450980392157298e-01,3.921568627450980338e-02
9.923577784818236273e-04,9.019607843137255054e-01,0.000000000000000000e+00
9.923597784817670634e-04,9.411764705882352811e-01,3.921568627450980338e-02
9.923617784817104995e-04,9.411764705882352811e-01,0.000000000000000000e+00
9.923637784816539357e-04,8.627450980392157298e-01,-7.843137254901960675e-02
9.923657784815973718e-04,8.235294117647058432e-01,3.921568627450980338e-02
9.923677784815408080e-04,9.019607843137255054e-01,0.000000000000000000e+00
9.923697784814842441e-04,9.411764705882352811e-01,0.000000000000000000e+00
9.923717784814276802e-04,8.235294117647058432e-01,7.843137254901960675e-02
9.923737784813711164e-04,9.019607843137255054e-01,-1.568627450980392135e-01
9.923757784813145525e-04,9.019607843137255054e-01,7.843137254901960675e-02
9.923777784812579886e-04,9.411764705882352811e-01,0.000000000000000000e+00
9.923797784812014248e-04,8.235294117647058432e-01,0.000000000000000000e+00
9.923817784811448609e-04,8.235294117647058432e-01,7.843137254901960675e-02
9.923837784810882971e-04,9.019607843137255054e-01,-3.921568627450980338e-02
9.923857784810317332e-04,9.019607843137255054e-01,7.843137254901960675e-02
9.923877784809751693e-04,8.235294117647058432e-01,0.000000000000000000e+00
9.923897784809186055e-04,8.627450980392157298e-01,3.921568627450980338e-02
9.923917784808620416e-04,9.019607843137255054e-01,7.843137254901960675e-02
9.923937784808054777e-04,9.411764705882352811e-01,-7.843137254901960675e-02
9.923957784807489139e-04,8.235294117647058432e-01,3.921568627450980338e-02
9.923977784806923500e-04,9.019607843137255054e-01,0.000000000000000000e+00
9.923997784806357862e-04,8.627450980392157298e-01,3.921568627450980338e-02
9.924017784805792223e-04,9.019607843137255054e-01,3.921568627450980338e-02
9.924037784805226584e-04,8.627450980392157298e-01,-7.843137254901960675e-02
9.924057784804660946e-04,9.019607843137255054e-01,3.921568627450980338e-02
9.924077784804095307e-04,9.019607843137255054e-01,0.000000000000000000e+00
9.924097784803529668e-04,9.411764705882352811e-01,-3.921568627450980338e-02
9.924117784802964030e-04,8.235294117647058432e-01,7.843137254901960675e-02
9.924137784802398391e-04,8.627450980392157298e-01,-1.568627450980392135e-01
9.924157784801832752e-04,9.019607843137255054e-01,1.176470588235294101e-01
9.924177784801267114e-04,9.019607843137255054e-01,0.000000000000000000e+00
9.924197784800701475e-04,8.627450980392157298e-01,0.000000000000000000e+00
9.924217784800135837e-04,9.019607843137255054e-01,7.843137254901960675e-02
9.924237784799570198e-04,9.019607843137255054e-01,-3.921568627450980338e-02
9.924257784799004559e-04,9.019607843137255054e-01,3.921568627450980338e-02
9.924277784798438921e-04,8.627450980392157298e-01,0.000000000000000000e+00
9.924297784797873282e-04,9.019607843137255054e-01,3.921568627450980338e-02
9.924317784797307643e-04,9.019607843137255054e-01,1.176470588235294101e-01
9.924337784796742005e-04,9.411764705882352811e-01,-7.843137254901960675e-02
9.924357784796176366e-04,8.627450980392157298e-01,3.921568627450980338e-02
9.924377784795610728e-04,9.019607843137255054e-01,0.000000000000000000e+00
9.924397784795045089e-04,9.019607843137255054e-01,7.843137254901960675e-02
9.924417784794479450e-04,9.411764705882352811e-01,7.843137254901960675e-02
9.924437784793913812e-04,8.627450980392157298e-01,-7.843137254901960675e-02
9.924457784793348173e-04,8.627450980392157298e-01,3.921568627450980338e-02
9.924477784792782534e-04,8.627450980392157298e-01,0.000000000000000000e+00
9.924497784792216896e-04,9.411764705882352811e-01,-3.921568627450980338e-02
9.924517784791651257e-04,8.627450980392157298e-01,7.843137254901960675e-02
9.924537784791085619e-04,9.019607843137255054e-01,-7.843137254901960675e-02
9.924557784790519980e-04,9.019607843137255054e-01,1.176470588235294101e-01
9.924577784789954341e-04,9.411764705882352811e-01,-3.921568627450980338e-02
9.924597784789388703e-04,8.627450980392157298e-01,0.000000000000000000e+00
9.924617784788823064e-04,9.019607843137255054e-01,7.843137254901960675e-02
9.924637784788257425e-04,9.019607843137255054e-01,-3.921568627450980338e-02
9.924657784787691787e-04,9.411764705882352811e-01,7.843137254901960675e-02
9.924677784787126148e-04,8.627450980392157298e-01,-3.921568627450980338e-02
9.924697784786560509e-04,9.019607843137255054e-01,-3.921568627450980338e-02
9.924717784785994871e-04,8.627450980392157298e-01,3.921568627450980338e-02
9.924737784785429232e-04,9.411764705882352811e-01,-7.843137254901960675e-02
9.924757784784863594e-04,8.235294117647058432e-01,3.921568627450980338e-02
9.924777784784297955e-04,8.627450980392157298e-01,0.000000000000000000e+00
9.924797784783732316e-04,9.019607843137255054e-01,3.921568627450980338e-02
9.924817784783166678e-04,9.411764705882352811e-01,7.843137254901960675e-02
9.924837784782601039e-04,8.627450980392157298e-01,-7.843137254901960675e-02
9.924857784782035400e-04,8.627450980392157298e-01,7.843137254901960675e-02
9.924877784781469762e-04,9.019607843137255054e-01,0.000000000000000000e+00
9.924897784780904123e-04,9.411764705882352811e-01,0.000000000000000000e+00
9.924917784780338485e-04,8.627450980392157298e-01,7.843137254901960675e-02
9.924937784779772846e-04,8.627450980392157298e-01,-7.843137254901960675e-02
9.924957784779207207e-04,9.019607843137255054e-01,7.843137254901960675e-02
9.924977784778641569e-04,9.411764705882352811e-01,0.000000000000000000e+00
9.924997784778075930e-04,8.627450980392157298e-01,-3.921568627450980338e-02
9.925017784777510291e-04,8.627450980392157298e-01,7.843137254901960675e-02
9.925037784776944653e-04,9.411764705882352811e-01,0.000000000000000000e+00
9.925057784776379014e-04,9.411764705882352811e-01,-3.921568627450980338e-02
9.925077784775813376e-04,8.627450980392157298e-01,0.000000000000000000e+00
9.925097784775247737e-04,8.627450980392157298e-01,-7.843137254901960675e-02
9.925117784774682098e-04,9.019607843137255054e-01,7.843137254901960675e-02
9.925137784774116460e-04,9.411764705882352811e-01,-3.921568627450980338e-02
9.925157784773550821e-04,8.627450980392157298e-01,7.843137254901960675e-02
9.925177784772985182e-04,9.019607843137255054e-01,0.000000000000000000e+00
9.925197784772419544e-04,9.019607843137255054e-01,7.843137254901960675e-02
9.925217784771853905e-04,9.019607843137255054e-01,7.843137254901960675e-02
9.925237784771288266e-04,8.627450980392157298e-01,-7.843137254901960675e-02
9.925257784770722628e-04,8.627450980392157298e-01,7.843137254901960675e-02
9.925277784770156989e-04,8.627450980392157298e-01,0.000000000000000000e+00
9.925297784769591351e-04,9.411764705882352811e-01,0.000000000000000000e+00
9.925317784769025712e-04,8.627450980392157298e-01,7.843137254901960675e-02
9.925337784768460073e-04,8.627450980392157298e-01,-1.568627450980392135e-01
9.925357784767894435e-04,8.627450980392157298e-01,1.176470588235294101e-01
9.925377784767328796e-04,9.411764705882352811e-01,-3.921568627450980338e-02
9.925397784766763157e-04,8.235294117647058432e-01,0.000000000000000000e+00
9.925417784766197519e-04,8.627450980392157298e-01,7.843137254901960675e-02
9.925437784765631880e-04,9.019607843137255054e-01,-7.843137254901960675e-02
9.925457784765066242e-04,9.411764705882352811e-01,7.843137254901960675e-02
9.925477784764500603e-04,8.627450980392157298e-01,0.000000000000000000e+00
9.925497784763934964e-04,9.019607843137255054e-01,-7.843137254901960675e-02
9.925517784763369326e-04,9.411764705882352811e-01,1.176470588235294101e-01
9.925537784762803687e-04,9.803921568627450567e-01,-7.843137254901960675e-02
9.925557784762238048e-04,9.019607843137255054e-01,3.921568627450980338e-02
9.925577784761672410e-04,9.019607843137255054e-01,-7.843137254901960675e-02
9.925597784761106771e-04,9.019607843137255054e-01,3.921568627450980338e-02
9.925617784760541133e-04,9.411764705882352811e-01,7.843137254901960675e-02
9.925637784759975494e-04,8.627450980392157298e-01,-7.843137254901960675e-02
9.925657784759409855e-04,9.019607843137255054e-01,1.176470588235294101e-01
9.925677784758844217e-04,9.019607843137255054e-01,0.000000000000000000e+00
9.925697784758278578e-04,9.411764705882352811e-01,-3.921568627450980338e-02
9.925717784757712939e-04,8.627450980392157298e-01,3.921568627450980338e-02
9.925737784757147301e-04,9.019607843137255054e-01,-1.568627450980392135e-01
9.925757784756581662e-04,8.627450980392157298e-01,3.921568627450980338e-02
9.925777784756016024e-04,9.411764705882352811e-01,0.000000000000000000e+00
9.925797784755450385e-04,8.627450980392157298e-01,-3.921568627450980338e-02
9.925817784754884746e-04,9.019607843137255054e-01,7.843137254901960675e-02
9.925837784754319108e-04,9.019607843137255054e-01,0.000000000000000000e+00
9.925857784753753469e-04,9.411764705882352811e-01,7.843137254901960675e-02
9.925877784753187830e-04,8.627450980392157298e-01,0.000000000000000000e+00
9.925897784752622192e-04,8.627450980392157298e-01,0.000000000000000000e+00
9.925917784752056553e-04,9.019607843137255054e-01,7.843137254901960675e-02
9.925937784751490914e-04,9.411764705882352811e-01,-7.843137254901960675e-02
9.925957784750925276e-04,8.235294117647058432e-01,3.921568627450980338e-02
9.925977784750359637e-04,9.019607843137255054e-01,0.000000000000000000e+00
9.925997784749793999e-04,8.627450980392157298e-01,3.921568627450980338e-02
9.926017784749228360e-04,9.411764705882352811e-01,0.000000000000000000e+00
9.926037784748662721e-04,8.627450980392157298e-01,-3.921568627450980338e-02
9.926057784748097083e-04,9.019607843137255054e-01,3.921568627450980338e-02
9.926077784747531444e-04,9.019607843137255054e-01,0.000000000000000000e+00
9.926097784746965805e-04,9.411764705882352811e-01,0.000000000000000000e+00
9.926117784746400167e-04,8.235294117647058432e-01,7.843137254901960675e-02
9.926137784745834528e-04,8.627450980392157298e-01,-1.960784313725490169e-01
9.926157784745268890e-04,9.019607843137255054e-01,1.176470588235294101e-01
9.926177784744703251e-04,9.411764705882352811e-01,0.000000000000000000e+00
9.926197784744137612e-04,8.627450980392157298e-01,0.000000000000000000e+00
9.926217784743571974e-04,8.627450980392157298e-01,3.921568627450980338e-02
9.926237784743006335e-04,9.019607843137255054e-01,-3.921568627450980338e-02
9.926257784742440696e-04,9.019607843137255054e-01,7.843137254901960675e-02
9.926277784741875058e-04,8.235294117647058432e-01,0.000000000000000000e+00
9.926297784741309419e-04,9.019607843137255054e-01,0.000000000000000000e+00
9.926317784740743781e-04,9.019607843137255054e-01,7.843137254901960675e-02
9.926337784740178142e-04,9.411764705882352811e-01,-3.921568627450980338e-02
9.926357784739612503e-04,8.627450980392157298e-01,7.843137254901960675e-02
9.926377784739046865e-04,8.627450980392157298e-01,0.000000000000000000e+00
9.926397784738481226e-04,9.019607843137255054e-01,7.843137254901960675e-02
9.926417784737915587e-04,9.411764705882352811e-01,3.921568627450980338e-02
9.926437784737349949e-04,8.627450980392157298e-01,-7.843137254901960675e-02
9.926457784736784310e-04,8.627450980392157298e-01,3.921568627450980338e-02
9.926477784736218671e-04,9.019607843137255054e-01,0.000000000000000000e+00
9.926497784735653033e-04,9.411764705882352811e-01,-3.921568627450980338e-02
9.926517784735087394e-04,8.627450980392157298e-01,7.843137254901960675e-02
9.926537784734521756e-04,8.235294117647058432e-01,-1.568627450980392135e-01
9.926557784733956117e-04,8.627450980392157298e-01,1.176470588235294101e-01
9.926577784733390478e-04,9.411764705882352811e-01,-3.921568627450980338e-02
9.926597784732824840e-04,8.627450980392157298e-01,-3.921568627450980338e-02
9.926617784732259201e-04,8.627450980392157298e-01,7.843137254901960675e-02
9.926637784731693562e-04,9.411764705882352811e-01,-3.921568627450980338e-02
9.926657784731127924e-04,9.411764705882352811e-01,7.843137254901960675e-02
9.926677784730562285e-04,8.627450980392157298e-01,0.000000000000000000e+00
9.926697784729996647e-04,9.411764705882352811e-01,3.921568627450980338e-02
9.926717784729431008e-04,9.019607843137255054e-01,7.843137254901960675e-02
9.926737784728865369e-04,9.411764705882352811e-01,-7.843137254901960675e-02
9.926757784728299731e-04,8.627450980392157298e-01,7.843137254901960675e-02
9.926777784727734092e-04,9.019607843137255054e-01,-7.843137254901960675e-02
9.926797784727168453e-04,9.019607843137255054e-01,3.921568627450980338e-02
9.926817784726602815e-04,9.411764705882352811e-01,7.843137254901960675e-02
9.926837784726037176e-04,9.019607843137255054e-01,-3.921568627450980338e-02
9.926857784725471538e-04,9.019607843137255054e-01,3.921568627450980338e-02
9.926877784724905899e-04,9.019607843137255054e-01,0.000000000000000000e+00
9.926897784724340260e-04,9.411764705882352811e-01,0.000000000000000000e+00
9.926917784723774622e-04,8.627450980392157298e-01,1.176470588235294101e-01
9.926937784723208983e-04,8.627450980392157298e-01,-1.568627450980392135e-01
9.926957784722643344e-04,9.019607843137255054e-01,1.176470588235294101e-01
9.926977784722077706e-04,9.411764705882352811e-01,-3.921568627450980338e-02
9.926997784721512067e-04,8.627450980392157298e-01,0.000000000000000000e+00
9.927017784720946428e-04,9.019607843137255054e-01,7.843137254901960675e-02
9.927037784720380790e-04,9.019607843137255054e-01,-3.921568627450980338e-02
9.927057784719815151e-04,9.411764705882352811e-01,3.921568627450980338e-02
9.927077784719249513e-04,8.235294117647058432e-01,0.000000000000000000e+00
9.927097784718683874e-04,9.019607843137255054e-01,3.921568627450980338e-02
9.927117784718118235e-04,9.019607843137255054e-01,7.843137254901960675e-02
9.927137784717552597e-04,9.411764705882352811e-01,-7.843137254901960675e-02
9.927157784716986958e-04,8.627450980392157298e-01,3.921568627450980338e-02
9.927177784716421319e-04,9.019607843137255054e-01,0.000000000000000000e+00
9.927197784715855681e-04,9.019607843137255054e-01,3.921568627450980338e-02
9.927217784715290042e-04,9.411764705882352811e-01,3.921568627450980338e-02
9.927237784714724404e-04,8.235294117647058432e-01,-7.843137254901960675e-02
9.927257784714158765e-04,9.019607843137255054e-01,7.843137254901960675e-02
9.927277784713593126e-04,8.627450980392157298e-01,-3.921568627450980338e-02
9.927297784713027488e-04,9.411764705882352811e-01,-3.921568627450980338e-02
9.927317784712461849e-04,8.627450980392157298e-01,7.843137254901960675e-02
9.927337784711896210e-04,9.019607843137255054e-01,-7.843137254901960675e-02
9.927357784711330572e-04,9.019607843137255054e-01,1.176470588235294101e-01
9.927377784710764933e-04,9.411764705882352811e-01,0.000000000000000000e+00
9.927397784710199295e-04,8.627450980392157298e-01,0.000000000000000000e+00
9.927417784709633656e-04,8.235294117647058432e-01,7.843137254901960675e-02
9.927437784709068017e-04,9.019607843137255054e-01,-3.921568627450980338e-02
9.927457784708502379e-04,9.019607843137255054e-01,7.843137254901960675e-02
9.927477784707936740e-04,8.627450980392157298e-01,0.000000000000000000e+00
9.927497784707371101e-04,9.019607843137255054e-01,-7.843137254901960675e-02
9.927517784706805463e-04,9.019607843137255054e-01,1.176470588235294101e-01
9.927537784706239824e-04,9.411764705882352811e-01,-7.843137254901960675e-02
9.927557784705674186e-04,8.627450980392157298e-01,3.921568627450980338e-02
9.927577784705108547e-04,9.019607843137255054e-01,0.000000000000000000e+00
9.927597784704542908e-04,9.019607843137255054e-01,0.000000000000000000e+00
9.927617784703977270e-04,9.019607843137255054e-01,3.921568627450980338e-02
9.927637784703411631e-04,8.627450980392157298e-01,-7.843137254901960675e-02
9.927657784702845992e-04,9.019607843137255054e-01,7.843137254901960675e-02
9.927677784702280354e-04,9.019607843137255054e-01,0.000000000000000000e+00
9.927697784701714715e-04,9.411764705882352811e-01,-3.921568627450980338e-02
9.927717784701149076e-04,8.627450980392157298e-01,7.843137254901960675e-02
9.927737784700583438e-04,9.019607843137255054e-01,-1.568627450980392135e-01
9.927757784700017799e-04,9.019607843137255054e-01,3.921568627450980338e-02
9.927777784699452161e-04,9.411764705882352811e-01,0.000000000000000000e+00
9.927797784698886522e-04,8.627450980392157298e-01,-3.921568627450980338e-02
9.927817784698320883e-04,9.019607843137255054e-01,7.843137254901960675e-02
9.927837784697755245e-04,9.411764705882352811e-01,-3.921568627450980338e-02
9.927857784697189606e-04,9.411764705882352811e-01,3.921568627450980338e-02
9.927877784696623967e-04,9.019607843137255054e-01,0.000000000000000000e+00
9.927897784696058329e-04,9.019607843137255054e-01,0.000000000000000000e+00
9.927917784695492690e-04,9.019607843137255054e-01,7.843137254901960675e-02
9.927937784694927052e-04,9.411764705882352811e-01,-1.568627450980392135e-01
9.927957784694361413e-04,8.627450980392157298e-01,3.921568627450980338e-02
9.927977784693795774e-04,9.019607843137255054e-01,0.000000000000000000e+00
9.927997784693230136e-04,9.019607843137255054e-01,0.000000000000000000e+00
9.928017784692664497e-04,9.411764705882352811e-01,0.000000000000000000e+00
9.928037784692098858e-04,8.627450980392157298e-01,-7.843137254901960675e-02
9.928057784691533220e-04,8.627450980392157298e-01,3.921568627450980338e-02
9.928077784690967581e-04,9.019607843137255054e-01,0.000000000000000000e+00
9.928097784690401943e-04,9.411764705882352811e-01,-3.921568627450980338e-02
9.928117784689836304e-04,8.627450980392157298e-01,3.921568627450980338e-02
9.928137784689270665e-04,8.627450980392157298e-01,-1.568627450980392135e-01
9.928157784688705027e-04,8.627450980392157298e-01,1.176470588235294101e-01
9.928177784688139388e-04,9.411764705882352811e-01,0.000000000000000000e+00
9.928197784687573749e-04,8.235294117647058432e-01,0.000000000000000000e+00
9.928217784687008111e-04,9.019607843137255054e-01,3.921568627450980338e-02
9.928237784686442472e-04,9.411764705882352811e-01,-3.921568627450980338e-02
9.928257784685876833e-04,9.411764705882352811e-01,7.843137254901960675e-02
9.928277784685311195e-04,8.235294117647058432e-01,0.000000000000000000e+00
9.928297784684745556e-04,9.019607843137255054e-01,0.000000000000000000e+00
9.928317784684179918e-04,8.627450980392157298e-01,7.843137254901960675e-02
9.928337784683614279e-04,9.411764705882352811e-01,-7.843137254901960675e-02
9.928357784683048640e-04,8.627450980392157298e-01,3.921568627450980338e-02
9.928377784682483002e-04,9.019607843137255054e-01,-7.843137254901960675e-02
9.928397784681917363e-04,8.627450980392157298e-01,7.843137254901960675e-02
9.928417784681351724e-04,9.019607843137255054e-01,3.921568627450980338e-02
9.928437784680786086e-04,8.627450980392157298e-01,-7.843137254901960675e-02
9.928457784680220447e-04,8.627450980392157298e-01,3.921568627450980338e-02
9.928477784679654809e-04,9.019607843137255054e-01,0.000000000000000000e+00
9.928497784679089170e-04,9.411764705882352811e-01,-3.921568627450980338e-02
9.928517784678523531e-04,8.627450980392157298e-01,7.843137254901960675e-02
9.928537784677957893e-04,9.411764705882352811e-01,-1.568627450980392135e-01
9.928557784677392254e-04,9.019607843137255054e-01,3.921568627450980338e-02
9.928577784676826615e-04,9.411764705882352811e-01,0.000000000000000000e+00
9.928597784676260977e-04,8.235294117647058432e-01,-7.843137254901960675e-02
9.928617784675695338e-04,9.019607843137255054e-01,7.843137254901960675e-02
9.928637784675129700e-04,9.019607843137255054e-01,-3.921568627450980338e-02
9.928657784674564061e-04,9.411764705882352811e-01,3.921568627450980338e-02
9.928677784673998422e-04,8.235294117647058432e-01,0.000000000000000000e+00
9.928697784673432784e-04,9.019607843137255054e-01,3.921568627450980338e-02
9.928717784672867145e-04,8.627450980392157298e-01,1.176470588235294101e-01
9.928737784672301506e-04,9.411764705882352811e-01,-7.843137254901960675e-02
9.928757784671735868e-04,8.627450980392157298e-01,3.921568627450980338e-02
9.928777784671170229e-04,8.235294117647058432e-01,0.000000000000000000e+00
9.928797784670604590e-04,9.019607843137255054e-01,3.921568627450980338e-02
9.928817784670038952e-04,9.411764705882352811e-01,7.843137254901960675e-02
9.928837784669473313e-04,8.627450980392157298e-01,-7.843137254901960675e-02
9.928857784668907675e-04,8.627450980392157298e-01,3.921568627450980338e-02
9.928877784668342036e-04,9.019607843137255054e-01,0.000000000000000000e+00
9.928897784667776397e-04,9.411764705882352811e-01,-3.921568627450980338e-02
9.928917784667210759e-04,8.627450980392157298e-01,7.843137254901960675e-02
9.928937784666645120e-04,9.411764705882352811e-01,-1.568627450980392135e-01
9.928957784666079481e-04,9.019607843137255054e-01,1.176470588235294101e-01
9.928977784665513843e-04,9.411764705882352811e-01,-3.921568627450980338e-02
9.928997784664948204e-04,8.627450980392157298e-01,-3.921568627450980338e-02
9.929017784664382566e-04,8.627450980392157298e-01,3.921568627450980338e-02
9.929037784663816927e-04,9.019607843137255054e-01,-3.921568627450980338e-02
9.929057784663251288e-04,9.411764705882352811e-01,7.843137254901960675e-02
9.929077784662685650e-04,8.235294117647058432e-01,0.000000000000000000e+00
9.929097784662120011e-04,9.019607843137255054e-01,0.000000000000000000e+00
9.929117784661554372e-04,8.627450980392157298e-01,1.176470588235294101e-01
9.929137784660988734e-04,9.019607843137255054e-01,-7.843137254901960675e-02
9.929157784660423095e-04,8.235294117647058432e-01,3.921568627450980338e-02
9.929177784659857457e-04,8.627450980392157298e-01,0.000000000000000000e+00
9.929197784659291818e-04,9.019607843137255054e-01,3.921568627450980338e-02
9.929217784658726179e-04,9.411764705882352811e-01,3.921568627450980338e-02
9.929237784658160541e-04,8.627450980392157298e-01,-7.843137254901960675e-02
9.929257784657594902e-04,9.019607843137255054e-01,7.843137254901960675e-02
9.929277784657029263e-04,9.019607843137255054e-01,0.000000000000000000e+00
9.929297784656463625e-04,9.411764705882352811e-01,-3.921568627450980338e-02
9.929317784655897986e-04,8.627450980392157298e-01,7.843137254901960675e-02
9.929337784655332347e-04,9.019607843137255054e-01,-7.843137254901960675e-02
9.929357784654766709e-04,9.019607843137255054e-01,1.176470588235294101e-01
9.929377784654201070e-04,9.019607843137255054e-01,-3.921568627450980338e-02
9.929397784653635432e-04,8.627450980392157298e-01,-3.921568627450980338e-02
9.929417784653069793e-04,8.627450980392157298e-01,3.921568627450980338e-02
9.929437784652504154e-04,9.019607843137255054e-01,-7.843137254901960675e-02
9.929457784651938516e-04,9.411764705882352811e-01,7.843137254901960675e-02
9.929477784651372877e-04,8.235294117647058432e-01,0.000000000000000000e+00
9.929497784650807238e-04,9.019607843137255054e-01,0.000000000000000000e+00
9.929517784650241600e-04,9.019607843137255054e-01,7.843137254901960675e-02
9.929537784649675961e-04,9.411764705882352811e-01,-7.843137254901960675e-02
9.929557784649110323e-04,8.627450980392157298e-01,7.843137254901960675e-02
9.929577784648544684e-04,9.019607843137255054e-01,0.000000000000000000e+00
9.929597784647979045e-04,9.019607843137255054e-01,3.921568627450980338e-02
9.929617784647413407e-04,9.411764705882352811e-01,3.921568627450980338e-02
9.929637784646847768e-04,8.235294117647058432e-01,-7.843137254901960675e-02
9.929657784646282129e-04,9.019607843137255054e-01,7.843137254901960675e-02
9.929677784645716491e-04,9.019607843137255054e-01,0.000000000000000000e+00
9.929697784645150852e-04,9.019607843137255054e-01,-3.921568627450980338e-02
9.929717784644585214e-04,8.627450980392157298e-01,7.843137254901960675e-02
9.929737784644019575e-04,8.627450980392157298e-01,-1.568627450980392135e-01
9.929757784643453936e-04,8.627450980392157298e-01,1.176470588235294101e-01
9.929777784642888298e-04,9.411764705882352811e-01,-7.843137254901960675e-02
9.929797784642322659e-04,8.627450980392157298e-01,-3.921568627450980338e-02
9.929817784641757020e-04,9.019607843137255054e-01,3.921568627450980338e-02
9.929837784641191382e-04,9.019607843137255054e-01,-7.843137254901960675e-02
9.929857784640625743e-04,9.411764705882352811e-01,7.843137254901960675e-02
9.929877784640060105e-04,8.235294117647058432e-01,0.000000000000000000e+00
9.929897784639494466e-04,8.627450980392157298e-01,3.921568627450980338e-02
9.929917784638928827e-04,9.019607843137255054e-01,1.176470588235294101e-01
9.929937784638363189e-04,9.411764705882352811e-01,-7.843137254901960675e-02
9.929957784637797550e-04,8.627450980392157298e-01,3.921568627450980338e-02
9.929977784637231911e-04,9.019607843137255054e-01,0.000000000000000000e+00
9.929997784636666273e-04,9.019607843137255054e-01,3.921568627450980338e-02
9.930017784636100634e-04,9.411764705882352811e-01,3.921568627450980338e-02
9.930037784635534995e-04,8.627450980392157298e-01,-7.843137254901960675e-02
9.930057784634969357e-04,8.627450980392157298e-01,3.921568627450980338e-02
9.930077784634403718e-04,8.627450980392157298e-01,0.000000000000000000e+00
9.930097784633838080e-04,9.411764705882352811e-01,-7.843137254901960675e-02
9.930117784633272441e-04,8.235294117647058432e-01,7.843137254901960675e-02
9.930137784632706802e-04,9.019607843137255054e-01,-7.843137254901960675e-02
9.930157784632141164e-04,8.627450980392157298e-01,1.176470588235294101e-01
9.930177784631575525e-04,9.411764705882352811e-01,-3.921568627450980338e-02
9.930197784631009886e-04,8.627450980392157298e-01,-3.921568627450980338e-02
9.930217784630444248e-04,8.235294117647058432e-01,3.921568627450980338e-02
9.930237784629878609e-04,9.019607843137255054e-01,-3.921568627450980338e-02
9.930257784629312971e-04,9.019607843137255054e-01,7.843137254901960675e-02
9.930277784628747332e-04,8.235294117647058432e-01,0.000000000000000000e+00
9.930297784628181693e-04,8.627450980392157298e-01,3.921568627450980338e-02
9.930317784627616055e-04,9.019607843137255054e-01,1.176470588235294101e-01
9.930337784627050416e-04,9.411764705882352811e-01,-7.843137254901960675e-02
9.930357784626484777e-04,8.627450980392157298e-01,3.921568627450980338e-02
9.930377784625919139e-04,9.019607843137255054e-01,0.000000000000000000e+00
9.930397784625353500e-04,9.019607843137255054e-01,7.843137254901960675e-02
9.930417784624787862e-04,9.411764705882352811e-01,0.000000000000000000e+00
9.930437784624222223e-04,8.627450980392157298e-01,-7.843137254901960675e-02
9.930457784623656584e-04,9.019607843137255054e-01,3.921568627450980338e-02
9.930477784623090946e-04,9.019607843137255054e-01,0.000000000000000000e+00
9.930497784622525307e-04,9.411764705882352811e-01,0.000000000000000000e+00
9.930517784621959668e-04,8.235294117647058432e-01,7.843137254901960675e-02
9.930537784621394030e-04,9.019607843137255054e-01,-1.568627450980392135e-01
9.930557784620828391e-04,9.019607843137255054e-01,1.176470588235294101e-01
9.930577784620262752e-04,9.411764705882352811e-01,-7.843137254901960675e-02
9.930597784619697114e-04,8.235294117647058432e-01,-3.921568627450980338e-02
9.930617784619131475e-04,8.627450980392157298e-01,7.843137254901960675e-02
9.930637784618565837e-04,9.019607843137255054e-01,-7.843137254901960675e-02
9.930657784618000198e-04,9.019607843137255054e-01,7.843137254901960675e-02
9.930677784617434559e-04,8.627450980392157298e-01,0.000000000000000000e+00
9.930697784616868921e-04,8.627450980392157298e-01,0.000000000000000000e+00
9.930717784616303282e-04,9.019607843137255054e-01,1.176470588235294101e-01
9.930737784615737643e-04,9.411764705882352811e-01,-7.843137254901960675e-02
9.930757784615172005e-04,8.627450980392157298e-01,7.843137254901960675e-02
9.930777784614606366e-04,8.235294117647058432e-01,-7.843137254901960675e-02
9.930797784614040728e-04,9.411764705882352811e-01,3.921568627450980338e-02
9.930817784613475089e-04,9.019607843137255054e-01,3.921568627450980338e-02
9.930837784612909450e-04,8.627450980392157298e-01,-7.843137254901960675e-02
9.930857784612343812e-04,8.627450980392157298e-01,3.921568627450980338e-02
9.930877784611778173e-04,9.019607843137255054e-01,-3.921568627450980338e-02
9.930897784611212534e-04,9.411764705882352811e-01,-3.921568627450980338e-02
9.930917784610646896e-04,8.235294117647058432e-01,7.843137254901960675e-02
9.930937784610081257e-04,8.235294117647058432e-01,-1.568627450980392135e-01
9.930957784609515619e-04,9.019607843137255054e-01,1.176470588235294101e-01
9.930977784608949980e-04,9.411764705882352811e-01,-3.921568627450980338e-02
9.930997784608384341e-04,8.627450980392157298e-01,0.000000000000000000e+00
9.931017784607818703e-04,8.235294117647058432e-01,7.843137254901960675e-02
9.931037784607253064e-04,9.411764705882352811e-01,-3.921568627450980338e-02
9.931057784606687425e-04,9.411764705882352811e-01,3.921568627450980338e-02
9.931077784606121787e-04,8.235294117647058432e-01,0.000000000000000000e+00
9.931097784605556148e-04,9.411764705882352811e-01,3.921568627450980338e-02
9.931117784604990509e-04,9.019607843137255054e-01,7.843137254901960675e-02
9.931137784604424871e-04,9.411764705882352811e-01,-7.843137254901960675e-02
9.931157784603859232e-04,8.235294117647058432e-01,7.843137254901960675e-02
9.931177784603293594e-04,9.019607843137255054e-01,3.921568627450980338e-02
9.931197784602727955e-04,9.019607843137255054e-01,3.921568627450980338e-02
9.931217784602162316e-04,9.411764705882352811e-01,7.843137254901960675e-02
9.931237784601596678e-04,8.627450980392157298e-01,-3.921568627450980338e-02
9.931257784601031039e-04,9.019607843137255054e-01,3.921568627450980338e-02
9.931277784600465400e-04,9.019607843137255054e-01,0.000000000000000000e+00
9.931297784599899762e-04,9.019607843137255054e-01,-3.921568627450980338e-02
9.931317784599334123e-04,8.627450980392157298e-01,7.843137254901960675e-02
9.931337784598768485e-04,9.019607843137255054e-01,-1.568627450980392135e-01
9.931357784598202846e-04,8.627450980392157298e-01,7.843137254901960675e-02
9.931377784597637207e-04,9.411764705882352811e-01,0.000000000000000000e+00
9.931397784597071569e-04,8.235294117647058432e-01,-3.921568627450980338e-02
9.931417784596505930e-04,9.019607843137255054e-01,7.843137254901960675e-02
9.931437784595940291e-04,8.627450980392157298e-01,-7.843137254901960675e-02
9.931457784595374653e-04,9.411764705882352811e-01,7.843137254901960675e-02
9.931477784594809014e-04,8.235294117647058432e-01,0.000000000000000000e+00
9.931497784594243376e-04,8.627450980392157298e-01,0.000000000000000000e+00
9.931517784593677737e-04,8.627450980392157298e-01,7.843137254901960675e-02
9.931537784593112098e-04,9.411764705882352811e-01,-7.843137254901960675e-02
9.931557784592546460e-04,8.235294117647058432e-01,3.921568627450980338e-02
9.931577784591980821e-04,9.019607843137255054e-01,0.000000000000000000e+00
9.931597784591415182e-04,8.627450980392157298e-01,3.921568627450980338e-02
9.931617784590849544e-04,9.411764705882352811e-01,3.921568627450980338e-02
9.931637784590283905e-04,8.627450980392157298e-01,-3.921568627450980338e-02
9.931657784589718267e-04,8.235294117647058432e-01,7.843137254901960675e-02
9.931677784589152628e-04,9.411764705882352811e-01,0.000000000000000000e+00
9.931697784588586989e-04,9.411764705882352811e-01,-3.921568627450980338e-02
9.931717784588021351e-04,8.627450980392157298e-01,7.843137254901960675e-02
9.931737784587455712e-04,9.019607843137255054e-01,-1.568627450980392135e-01
9.931757784586890073e-04,8.627450980392157298e-01,1.176470588235294101e-01
9.931777784586324435e-04,9.411764705882352811e-01,0.000000000000000000e+00
9.931797784585758796e-04,8.627450980392157298e-01,0.000000000000000000e+00
9.931817784585193157e-04,8.627450980392157298e-01,3.921568627450980338e-02
9.931837784584627519e-04,9.019607843137255054e-01,-3.921568627450980338e-02
9.931857784584061880e-04,9.019607843137255054e-01,7.843137254901960675e-02
9.931877784583496242e-04,8.627450980392157298e-01,0.000000000000000000e+00
9.931897784582930603e-04,9.019607843137255054e-01,0.000000000000000000e+00
9.931917784582364964e-04,8.627450980392157298e-01,7.843137254901960675e-02
9.931937784581799326e-04,9.411764705882352811e-01,-7.843137254901960675e-02
9.931957784581233687e-04,8.627450980392157298e-01,3.921568627450980338e-02
9.931977784580668048e-04,9.019607843137255054e-01,0.000000000000000000e+00
9.931997784580102410e-04,9.019607843137255054e-01,7.843137254901960675e-02
9.932017784579536771e-04,9.411764705882352811e-01,3.921568627450980338e-02
9.932037784578971133e-04,8.235294117647058432e-01,-7.843137254901960675e-02
9.932057784578405494e-04,8.627450980392157298e-01,3.921568627450980338e-02
9.932077784577839855e-04,9.019607843137255054e-01,0.000000000000000000e+00
9.932097784577274217e-04,9.411764705882352811e-01,-7.843137254901960675e-02
9.932117784576708578e-04,8.627450980392157298e-01,7.843137254901960675e-02
9.932137784576142939e-04,9.019607843137255054e-01,-1.568627450980392135e-01
9.932157784575577301e-04,9.019607843137255054e-01,1.176470588235294101e-01
9.932177784575011662e-04,9.411764705882352811e-01,0.000000000000000000e+00
9.932197784574446024e-04,8.627450980392157298e-01,-3.921568627450980338e-02
9.932217784573880385e-04,8.627450980392157298e-01,7.843137254901960675e-02
9.932237784573314746e-04,9.019607843137255054e-01,0.000000000000000000e+00
9.932257784572749108e-04,9.411764705882352811e-01,7.843137254901960675e-02
9.932277784572183469e-04,8.627450980392157298e-01,-3.921568627450980338e-02
9.932297784571617830e-04,9.019607843137255054e-01,0.000000000000000000e+00
9.932317784571052192e-04,9.019607843137255054e-01,7.843137254901960675e-02
9.932337784570486553e-04,9.411764705882352811e-01,-7.843137254901960675e-02
9.932357784569920914e-04,8.235294117647058432e-01,7.843137254901960675e-02
9.932377784569355276e-04,8.627450980392157298e-01,-7.843137254901960675e-02
9.932397784568789637e-04,9.019607843137255054e-01,3.921568627450980338e-02
9.932417784568223999e-04,9.411764705882352811e-01,3.921568627450980338e-02
9.932437784567658360e-04,8.627450980392157298e-01,-7.843137254901960675e-02
9.932457784567092721e-04,9.019607843137255054e-01,7.843137254901960675e-02
9.932477784566527083e-04,9.019607843137255054e-01,0.000000000000000000e+00
9.932497784565961444e-04,9.411764705882352811e-01,-3.921568627450980338e-02
9.932517784565395805e-04,8.627450980392157298e-01,1.176470588235294101e-01
9.932537784564830167e-04,8.627450980392157298e-01,-7.843137254901960675e-02
9.932557784564264528e-04,9.019607843137255054e-01,1.176470588235294101e-01
9.932577784563698890e-04,9.019607843137255054e-01,-3.921568627450980338e-02
9.932597784563133251e-04,8.627450980392157298e-01,0.000000000000000000e+00
9.932617784562567612e-04,9.019607843137255054e-01,7.843137254901960675e-02
9.932637784562001974e-04,9.019607843137255054e-01,0.000000000000000000e+00
9.932657784561436335e-04,9.411764705882352811e-01,7.843137254901960675e-02
9.932677784560870696e-04,8.627450980392157298e-01,0.000000000000000000e+00
9.932697784560305058e-04,8.235294117647058432e-01,0.000000000000000000e+00
9.932717784559739419e-04,9.019607843137255054e-01,7.843137254901960675e-02
9.932737784559173781e-04,9.411764705882352811e-01,-7.843137254901960675e-02
9.932757784558608142e-04,8.627450980392157298e-01,7.843137254901960675e-02
9.932777784558042503e-04,8.235294117647058432e-01,0.000000000000000000e+00
9.932797784557476865e-04,9.019607843137255054e-01,7.843137254901960675e-02
9.932817784556911226e-04,9.019607843137255054e-01,7.843137254901960675e-02
9.932837784556345587e-04,8.627450980392157298e-01,-7.843137254901960675e-02
9.932857784555779949e-04,8.627450980392157298e-01,3.921568627450980338e-02
9.932877784555214310e-04,8.627450980392157298e-01,0.000000000000000000e+00
9.932897784554648671e-04,9.411764705882352811e-01,-3.921568627450980338e-02
9.932917784554083033e-04,8.235294117647058432e-01,7.843137254901960675e-02
9.932937784553517394e-04,8.627450980392157298e-01,0.000000000000000000e+00
9.932957784552951756e-04,9.019607843137255054e-01,1.176470588235294101e-01
9.932977784552386117e-04,9.411764705882352811e-01,0.000000000000000000e+00
9.932997784551820478e-04,8.627450980392157298e-01,-3.921568627450980338e-02
9.933017784551254840e-04,9.019607843137255054e-01,3.921568627450980338e-02
9.933037784550689201e-04,9.411764705882352811e-01,-3.921568627450980338e-02
9.933057784550123562e-04,9.019607843137255054e-01,3.921568627450980338e-02
9.933077784549557924e-04,8.235294117647058432e-01,0.000000000000000000e+00
9.933097784548992285e-04,9.019607843137255054e-01,0.000000000000000000e+00
9.933117784548426647e-04,9.411764705882352811e-01,7.843137254901960675e-02
9.933137784547861008e-04,9.411764705882352811e-01,-7.843137254901960675e-02
9.933157784547295369e-04,8.627450980392157298e-01,3.921568627450980338e-02
9.933177784546729731e-04,9.019607843137255054e-01,0.000000000000000000e+00
9.933197784546164092e-04,9.019607843137255054e-01,3.921568627450980338e-02
9.933217784545598453e-04,9.411764705882352811e-01,7.843137254901960675e-02
9.933237784545032815e-04,8.627450980392157298e-01,-7.843137254901960675e-02
9.933257784544467176e-04,9.019607843137255054e-01,7.843137254901960675e-02
9.933277784543901538e-04,8.627450980392157298e-01,0.000000000000000000e+00
9.933297784543335899e-04,9.411764705882352811e-01,0.000000000000000000e+00
9.933317784542770260e-04,8.627450980392157298e-01,3.921568627450980338e-02
9.933337784542204622e-04,9.019607843137255054e-01,-1.568627450980392135e-01
9.933357784541638983e-04,8.627450980392157298e-01,1.568627450980392135e-01
9.933377784541073344e-04,9.411764705882352811e-01,-3.921568627450980338e-02
9.933397784540507706e-04,8.235294117647058432e-01,0.000000000000000000e+00
9.933417784539942067e-04,8.235294117647058432e-01,7.843137254901960675e-02
9.933437784539376428e-04,9.019607843137255054e-01,-3.921568627450980338e-02
9.933457784538810790e-04,9.411764705882352811e-01,7.843137254901960675e-02
9.933477784538245151e-04,8.627450980392157298e-01,0.000000000000000000e+00
9.933497784537679513e-04,9.019607843137255054e-01,0.000000000000000000e+00
9.933517784537113874e-04,9.019607843137255054e-01,7.843137254901960675e-02
9.933537784536548235e-04,9.411764705882352811e-01,-7.843137254901960675e-02
9.933557784535982597e-04,8.627450980392157298e-01,3.921568627450980338e-02
9.933577784535416958e-04,9.019607843137255054e-01,0.000000000000000000e+00
9.933597784534851319e-04,9.019607843137255054e-01,7.843137254901960675e-02
9.933617784534285681e-04,9.019607843137255054e-01,3.921568627450980338e-02
9.933637784533720042e-04,8.627450980392157298e-01,-7.843137254901960675e-02
9.933657784533154404e-04,8.627450980392157298e-01,7.843137254901960675e-02
9.933677784532588765e-04,9.019607843137255054e-01,0.000000000000000000e+00
9.933697784532023126e-04,9.411764705882352811e-01,-3.921568627450980338e-02
9.933717784531457488e-04,8.627450980392157298e-01,3.921568627450980338e-02
9.933737784530891849e-04,8.627450980392157298e-01,-1.568627450980392135e-01
9.933757784530326210e-04,9.019607843137255054e-01,7.843137254901960675e-02
9.933777784529760572e-04,9.411764705882352811e-01,0.000000000000000000e+00
9.933797784529194933e-04,8.627450980392157298e-01,-3.921568627450980338e-02
9.933817784528629295e-04,8.627450980392157298e-01,7.843137254901960675e-02
9.933837784528063656e-04,9.019607843137255054e-01,-3.921568627450980338e-02
9.933857784527498017e-04,9.019607843137255054e-01,3.921568627450980338e-02
9.933877784526932379e-04,8.627450980392157298e-01,0.000000000000000000e+00
9.933897784526366740e-04,9.019607843137255054e-01,3.921568627450980338e-02
9.933917784525801101e-04,8.627450980392157298e-01,7.843137254901960675e-02
9.933937784525235463e-04,9.411764705882352811e-01,-7.843137254901960675e-02
9.933957784524669824e-04,8.235294117647058432e-01,3.921568627450980338e-02
9.933977784524104186e-04,9.019607843137255054e-01,0.000000000000000000e+00
9.933997784523538547e-04,9.019607843137255054e-01,3.921568627450980338e-02
9.934017784522972908e-04,9.019607843137255054e-01,3.921568627450980338e-02
9.934037784522407270e-04,8.627450980392157298e-01,-7.843137254901960675e-02
9.934057784521841631e-04,8.627450980392157298e-01,3.921568627450980338e-02
9.934077784521275992e-04,9.019607843137255054e-01,0.000000000000000000e+00
9.934097784520710354e-04,9.411764705882352811e-01,-7.843137254901960675e-02
9.934117784520144715e-04,8.627450980392157298e-01,7.843137254901960675e-02
9.934137784519579076e-04,9.019607843137255054e-01,-1.568627450980392135e-01
9.934157784519013438e-04,8.627450980392157298e-01,7.843137254901960675e-02
9.934177784518447799e-04,9.411764705882352811e-01,0.000000000000000000e+00
9.934197784517882161e-04,8.627450980392157298e-01,0.000000000000000000e+00
9.934217784517316522e-04,8.627450980392157298e-01,7.843137254901960675e-02
9.934237784516750883e-04,9.411764705882352811e-01,-3.921568627450980338e-02
9.934257784516185245e-04,9.411764705882352811e-01,7.843137254901960675e-02
9.934277784515619606e-04,8.627450980392157298e-01,0.000000000000000000e+00
9.934297784515053967e-04,9.411764705882352811e-01,0.000000000000000000e+00
9.934317784514488329e-04,8.627450980392157298e-01,7.843137254901960675e-02
9.934337784513922690e-04,9.411764705882352811e-01,-3.921568627450980338e-02
9.934357784513357052e-04,8.235294117647058432e-01,7.843137254901960675e-02
9.934377784512791413e-04,8.627450980392157298e-01,0.000000000000000000e+00
9.934397784512225774e-04,9.019607843137255054e-01,7.843137254901960675e-02
9.934417784511660136e-04,9.411764705882352811e-01,3.921568627450980338e-02
9.934437784511094497e-04,9.019607843137255054e-01,-7.843137254901960675e-02
9.934457784510528858e-04,9.019607843137255054e-01,3.921568627450980338e-02
9.934477784509963220e-04,9.019607843137255054e-01,0.000000000000000000e+00
9.934497784509397581e-04,9.411764705882352811e-01,-3.921568627450980338e-02
9.934517784508831943e-04,8.235294117647058432e-01,7.843137254901960675e-02
9.934537784508266304e-04,9.019607843137255054e-01,-1.568627450980392135e-01
9.934557784507700665e-04,9.019607843137255054e-01,7.843137254901960675e-02
9.934577784507135027e-04,9.411764705882352811e-01,0.000000000000000000e+00
9.934597784506569388e-04,8.627450980392157298e-01,-7.843137254901960675e-02
9.934617784506003749e-04,8.627450980392157298e-01,7.843137254901960675e-02
9.934637784505438111e-04,9.411764705882352811e-01,-3.921568627450980338e-02
9.934657784504872472e-04,9.411764705882352811e-01,7.843137254901960675e-02
9.934677784504306833e-04,8.235294117647058432e-01,0.000000000000000000e+00
9.934697784503741195e-04,8.627450980392157298e-01,3.921568627450980338e-02
9.934717784503175556e-04,9.019607843137255054e-01,3.921568627450980338e-02
9.934737784502609918e-04,9.411764705882352811e-01,-7.843137254901960675e-02
9.934757784502044279e-04,8.627450980392157298e-01,7.843137254901960675e-02
9.934777784501478640e-04,9.019607843137255054e-01,0.000000000000000000e+00
9.934797784500913002e-04,9.019607843137255054e-01,3.921568627450980338e-02
9.934817784500347363e-04,9.411764705882352811e-01,7.843137254901960675e-02
9.934837784499781724e-04,8.627450980392157298e-01,-7.843137254901960675e-02
9.934857784499216086e-04,8.235294117647058432e-01,3.921568627450980338e-02
9.934877784498650447e-04,8.627450980392157298e-01,-3.921568627450980338e-02
9.934897784498084809e-04,9.411764705882352811e-01,-3.921568627450980338e-02
9.934917784497519170e-04,8.627450980392157298e-01,7.843137254901960675e-02
9.934937784496953531e-04,9.019607843137255054e-01,-1.568627450980392135e-01
9.934957784496387893e-04,9.019607843137255054e-01,1.176470588235294101e-01
9.934977784495822254e-04,9.411764705882352811e-01,-3.921568627450980338e-02
9.934997784495256615e-04,8.627450980392157298e-01,0.000000000000000000e+00
9.935017784494690977e-04,9.019607843137255054e-01,3.921568627450980338e-02
9.935037784494125338e-04,9.019607843137255054e-01,-3.921568627450980338e-02
9.935057784493559700e-04,9.411764705882352811e-01,7.843137254901960675e-02
9.935077784492994061e-04,8.627450980392157298e-01,0.000000000000000000e+00
9.935097784492428422e-04,9.019607843137255054e-01,0.000000000000000000e+00
9.935117784491862784e-04,9.019607843137255054e-01,1.176470588235294101e-01
9.935137784491297145e-04,9.411764705882352811e-01,-7.843137254901960675e-02
9.935157784490731506e-04,8.235294117647058432e-01,3.921568627450980338e-02
9.935177784490165868e-04,8.627450980392157298e-01,0.000000000000000000e+00
9.935197784489600229e-04,9.019607843137255054e-01,3.921568627450980338e-02
9.935217784489034590e-04,9.019607843137255054e-01,7.843137254901960675e-02
9.935237784488468952e-04,8.235294117647058432e-01,-7.843137254901960675e-02
9.935257784487903313e-04,8.627450980392157298e-01,7.843137254901960675e-02
9.935277784487337675e-04,8.627450980392157298e-01,-3.921568627450980338e-02
9.935297784486772036e-04,9.411764705882352811e-01,-3.921568627450980338e-02
9.935317784486206397e-04,8.627450980392157298e-01,7.843137254901960675e-02
9.935337784485640759e-04,9.019607843137255054e-01,-1.568627450980392135e-01
9.935357784485075120e-04,9.019607843137255054e-01,7.843137254901960675e-02
9.935377784484509481e-04,9.411764705882352811e-01,-3.921568627450980338e-02
9.935397784483943843e-04,8.627450980392157298e-01,-3.921568627450980338e-02
9.935417784483378204e-04,8.627450980392157298e-01,7.843137254901960675e-02
9.935437784482812566e-04,9.411764705882352811e-01,0.000000000000000000e+00
9.935457784482246927e-04,9.411764705882352811e-01,3.921568627450980338e-02
9.935477784481681288e-04,8.627450980392157298e-01,0.000000000000000000e+00
9.935497784481115650e-04,9.019607843137255054e-01,0.000000000000000000e+00
9.935517784480550011e-04,9.019607843137255054e-01,7.843137254901960675e-02
9.935537784479984372e-04,9.411764705882352811e-01,-7.843137254901960675e-02
9.935557784479418734e-04,8.627450980392157298e-01,3.921568627450980338e-02
9.935577784478853095e-04,8.235294117647058432e-01,0.000000000000000000e+00
9.935597784478287457e-04,8.627450980392157298e-01,0.000000000000000000e+00
9.935617784477721818e-04,9.411764705882352811e-01,3.921568627450980338e-02
9.935637784477156179e-04,8.627450980392157298e-01,-7.843137254901960675e-02
9.935657784476590541e-04,8.627450980392157298e-01,7.843137254901960675e-02
9.935677784476024902e-04,9.019607843137255054e-01,0.000000000000000000e+00
9.935697784475459263e-04,9.411764705882352811e-01,-3.921568627450980338e-02
9.935717784474893625e-04,8.627450980392157298e-01,7.843137254901960675e-02
9.935737784474327986e-04,9.019607843137255054e-01,-1.568627450980392135e-01
9.935757784473762348e-04,9.019607843137255054e-01,1.176470588235294101e-01
9.935777784473196709e-04,9.411764705882352811e-01,0.000000000000000000e+00
9.935797784472631070e-04,8.235294117647058432e-01,0.000000000000000000e+00
9.935817784472065432e-04,9.019607843137255054e-01,7.843137254901960675e-02
9.935837784471499793e-04,9.019607843137255054e-01,-3.921568627450980338e-02
9.935857784470934154e-04,9.411764705882352811e-01,7.843137254901960675e-02
9.935877784470368516e-04,8.627450980392157298e-01,0.000000000000000000e+00
9.935897784469802877e-04,9.019607843137255054e-01,0.000000000000000000e+00
9.935917784469237238e-04,9.019607843137255054e-01,7.843137254901960675e-02
9.935937784468671600e-04,9.411764705882352811e-01,-7.843137254901960675e-02
9.935957784468105961e-04,8.235294117647058432e-01,7.843137254901960675e-02
9.935977784467540323e-04,9.019607843137255054e-01,0.000000000000000000e+00
9.935997784466974684e-04,9.019607843137255054e-01,3.921568627450980338e-02
9.936017784466409045e-04,9.411764705882352811e-01,3.921568627450980338e-02
9.936037784465843407e-04,8.627450980392157298e-01,-7.843137254901960675e-02
9.936057784465277768e-04,9.019607843137255054e-01,3.921568627450980338e-02
9.936077784464712129e-04,9.019607843137255054e-01,0.000000000000000000e+00
9.936097784464146491e-04,9.411764705882352811e-01,-3.921568627450980338e-02
9.936117784463580852e-04,8.235294117647058432e-01,7.843137254901960675e-02
9.936137784463015214e-04,9.019607843137255054e-01,-1.568627450980392135e-01
9.936157784462449575e-04,8.627450980392157298e-01,7.843137254901960675e-02
9.936177784461883936e-04,9.411764705882352811e-01,0.000000000000000000e+00
9.936197784461318298e-04,8.627450980392157298e-01,-3.921568627450980338e-02
9.936217784460752659e-04,8.235294117647058432e-01,7.843137254901960675e-02
9.936237784460187020e-04,9.019607843137255054e-01,0.000000000000000000e+00
9.936257784459621382e-04,9.411764705882352811e-01,7.843137254901960675e-02
9.936277784459055743e-04,8.627450980392157298e-01,0.000000000000000000e+00
9.936297784458490105e-04,8.627450980392157298e-01,0.000000000000000000e+00
9.936317784457924466e-04,8.627450980392157298e-01,7.843137254901960675e-02
9.936337784457358827e-04,9.411764705882352811e-01,-7.843137254901960675e-02
9.936357784456793189e-04,8.235294117647058432e-01,7.843137254901960675e-02
9.936377784456227550e-04,8.627450980392157298e-01,0.000000000000000000e+00
9.936397784455661911e-04,9.019607843137255054e-01,3.921568627450980338e-02
9.936417784455096273e-04,9.411764705882352811e-01,3.921568627450980338e-02
9.936437784454530634e-04,8.627450980392157298e-01,-7.843137254901960675e-02
9.936457784453964995e-04,9.019607843137255054e-01,3.921568627450980338e-02
9.936477784453399357e-04,8.627450980392157298e-01,0.000000000000000000e+00
9.936497784452833718e-04,9.411764705882352811e-01,-3.921568627450980338e-02
9.936517784452268080e-04,8.235294117647058432e-01,7.843137254901960675e-02
9.936537784451702441e-04,9.019607843137255054e-01,-1.568627450980392135e-01
9.936557784451136802e-04,9.019607843137255054e-01,1.176470588235294101e-01
9.936577784450571164e-04,9.019607843137255054e-01,-3.921568627450980338e-02
9.936597784450005525e-04,8.627450980392157298e-01,-3.921568627450980338e-02
9.936617784449439886e-04,9.411764705882352811e-01,3.921568627450980338e-02
9.936637784448874248e-04,9.019607843137255054e-01,-3.921568627450980338e-02
9.936657784448308609e-04,9.411764705882352811e-01,3.921568627450980338e-02
9.936677784447742971e-04,8.627450980392157298e-01,0.000000000000000000e+00
9.936697784447177332e-04,8.627450980392157298e-01,3.921568627450980338e-02
9.936717784446611693e-04,9.019607843137255054e-01,7.843137254901960675e-02
9.936737784446046055e-04,9.803921568627450567e-01,-7.843137254901960675e-02
9.936757784445480416e-04,8.627450980392157298e-01,3.921568627450980338e-02
9.936777784444914777e-04,8.627450980392157298e-01,0.000000000000000000e+00
9.936797784444349139e-04,9.019607843137255054e-01,7.843137254901960675e-02
9.936817784443783500e-04,9.411764705882352811e-01,3.921568627450980338e-02
9.936837784443217862e-04,8.235294117647058432e-01,-7.843137254901960675e-02
9.936857784442652223e-04,9.019607843137255054e-01,3.921568627450980338e-02
9.936877784442086584e-04,9.019607843137255054e-01,0.000000000000000000e+00
9.936897784441520946e-04,9.411764705882352811e-01,-3.921568627450980338e-02
9.936917784440955307e-04,8.627450980392157298e-01,7.843137254901960675e-02
9.936937784440389668e-04,8.627450980392157298e-01,-1.568627450980392135e-01
9.936957784439824030e-04,9.019607843137255054e-01,1.176470588235294101e-01
9.936977784439258391e-04,9.411764705882352811e-01,-7.843137254901960675e-02
9.936997784438692752e-04,8.627450980392157298e-01,-3.921568627450980338e-02
9.937017784438127114e-04,9.411764705882352811e-01,7.843137254901960675e-02
9.937037784437561475e-04,9.019607843137255054e-01,-3.921568627450980338e-02
9.937057784436995837e-04,9.019607843137255054e-01,7.843137254901960675e-02
9.937077784436430198e-04,8.627450980392157298e-01,0.000000000000000000e+00
9.937097784435864559e-04,9.019607843137255054e-01,0.000000000000000000e+00
9.937117784435298921e-04,8.627450980392157298e-01,3.921568627450980338e-02
9.937137784434733282e-04,9.411764705882352811e-01,-7.843137254901960675e-02
9.937157784434167643e-04,8.627450980392157298e-01,3.921568627450980338e-02
9.937177784433602005e-04,9.019607843137255054e-01,0.000000000000000000e+00
9.937197784433036366e-04,9.019607843137255054e-01,3.921568627450980338e-02
9.937217784432470728e-04,9.411764705882352811e-01,7.843137254901960675e-02
9.937237784431905089e-04,8.627450980392157298e-01,-7.843137254901960675e-02
9.937257784431339450e-04,9.019607843137255054e-01,3.921568627450980338e-02
9.937277784430773812e-04,9.019607843137255054e-01,0.000000000000000000e+00
9.937297784430208173e-04,9.411764705882352811e-01,-3.921568627450980338e-02
9.937317784429642534e-04,8.627450980392157298e-01,7.843137254901960675e-02
9.937337784429076896e-04,9.019607843137255054e-01,-7.843137254901960675e-02
9.937357784428511257e-04,9.411764705882352811e-01,1.176470588235294101e-01
9.937377784427945619e-04,9.411764705882352811e-01,-3.921568627450980338e-02
9.937397784427379980e-04,8.627450980392157298e-01,-3.921568627450980338e-02
9.937417784426814341e-04,8.627450980392157298e-01,0.000000000000000000e+00
9.937437784426248703e-04,9.019607843137255054e-01,-7.843137254901960675e-02
9.937457784425683064e-04,9.411764705882352811e-01,7.843137254901960675e-02
9.937477784425117425e-04,8.627450980392157298e-01,0.000000000000000000e+00
9.937497784424551787e-04,9.411764705882352811e-01,0.000000000000000000e+00
9.937517784423986148e-04,9.019607843137255054e-01,7.843137254901960675e-02
9.937537784423420509e-04,9.411764705882352811e-01,-7.843137254901960675e-02
9.937557784422854871e-04,8.235294117647058432e-01,3.921568627450980338e-02
9.937577784422289232e-04,9.019607843137255054e-01,0.000000000000000000e+00
9.937597784421723594e-04,9.019607843137255054e-01,3.921568627450980338e-02
9.937617784421157955e-04,9.411764705882352811e-01,3.921568627450980338e-02
9.937637784420592316e-04,8.627450980392157298e-01,-7.843137254901960675e-02
9.937657784420026678e-04,9.019607843137255054e-01,7.843137254901960675e-02
9.937677784419461039e-04,9.019607843137255054e-01,0.000000000000000000e+00
9.937697784418895400e-04,9.411764705882352811e-01,-3.921568627450980338e-02
9.937717784418329762e-04,8.235294117647058432e-01,7.843137254901960675e-02
9.937737784417764123e-04,8.627450980392157298e-01,-7.843137254901960675e-02
9.937757784417198485e-04,9.019607843137255054e-01,1.176470588235294101e-01
9.937777784416632846e-04,9.411764705882352811e-01,-3.921568627450980338e-02
9.937797784416067207e-04,8.235294117647058432e-01,0.000000000000000000e+00
9.937817784415501569e-04,8.627450980392157298e-01,3.921568627450980338e-02
9.937837784414935930e-04,9.411764705882352811e-01,-3.921568627450980338e-02
9.937857784414370291e-04,9.411764705882352811e-01,7.843137254901960675e-02
9.937877784413804653e-04,9.019607843137255054e-01,0.000000000000000000e+00
9.937897784413239014e-04,9.019607843137255054e-01,3.921568627450980338e-02
9.937917784412673376e-04,9.019607843137255054e-01,7.843137254901960675e-02
9.937937784412107737e-04,9.411764705882352811e-01,-7.843137254901960675e-02
9.937957784411542098e-04,8.627450980392157298e-01,3.921568627450980338e-02
9.937977784410976460e-04,8.627450980392157298e-01,0.000000000000000000e+00
9.937997784410410821e-04,9.019607843137255054e-01,3.921568627450980338e-02
9.938017784409845182e-04,9.411764705882352811e-01,3.921568627450980338e-02
9.938037784409279544e-04,8.627450980392157298e-01,-3.921568627450980338e-02
9.938057784408713905e-04,8.627450980392157298e-01,3.921568627450980338e-02
9.938077784408148267e-04,8.627450980392157298e-01,0.000000000000000000e+00
9.938097784407582628e-04,9.411764705882352811e-01,0.000000000000000000e+00
9.938117784407016989e-04,8.627450980392157298e-01,7.843137254901960675e-02
9.938137784406451351e-04,9.019607843137255054e-01,-3.921568627450980338e-02
9.938157784405885712e-04,9.019607843137255054e-01,7.843137254901960675e-02
9.938177784405320073e-04,9.411764705882352811e-01,-3.921568627450980338e-02
9.938197784404754435e-04,8.235294117647058432e-01,-3.921568627450980338e-02
9.938217784404188796e-04,9.019607843137255054e-01,7.843137254901960675e-02
9.938237784403623157e-04,9.411764705882352811e-01,-7.843137254901960675e-02
9.938257784403057519e-04,9.411764705882352811e-01,7.843137254901960675e-02
9.938277784402491880e-04,8.627450980392157298e-01,0.000000000000000000e+00
9.938297784401926242e-04,9.019607843137255054e-01,3.921568627450980338e-02
9.938317784401360603e-04,8.627450980392157298e-01,7.843137254901960675e-02
9.938337784400794964e-04,9.411764705882352811e-01,-7.843137254901960675e-02
9.938357784400229326e-04,8.627450980392157298e-01,3.921568627450980338e-02
9.938377784399663687e-04,9.019607843137255054e-01,0.000000000000000000e+00
9.938397784399098048e-04,9.411764705882352811e-01,3.921568627450980338e-02
9.938417784398532410e-04,9.411764705882352811e-01,3.921568627450980338e-02
9.938437784397966771e-04,8.627450980392157298e-01,-3.921568627450980338e-02
9.938457784397401133e-04,8.627450980392157298e-01,3.921568627450980338e-02
9.938477784396835494e-04,9.019607843137255054e-01,0.000000000000000000e+00
9.938497784396269855e-04,9.411764705882352811e-01,-3.921568627450980338e-02
9.938517784395704217e-04,8.627450980392157298e-01,7.843137254901960675e-02
9.938537784395138578e-04,9.019607843137255054e-01,-1.568627450980392135e-01
9.938557784394572939e-04,9.019607843137255054e-01,1.176470588235294101e-01
9.938577784394007301e-04,9.411764705882352811e-01,0.000000000000000000e+00
9.938597784393441662e-04,8.235294117647058432e-01,-3.921568627450980338e-02
9.938617784392876024e-04,9.019607843137255054e-01,7.843137254901960675e-02
9.938637784392310385e-04,9.019607843137255054e-01,-3.921568627450980338e-02
9.938657784391744746e-04,9.411764705882352811e-01,7.843137254901960675e-02
9.938677784391179108e-04,8.235294117647058432e-01,0.000000000000000000e+00
9.938697784390613469e-04,8.627450980392157298e-01,3.921568627450980338e-02
9.938717784390047830e-04,9.019607843137255054e-01,7.843137254901960675e-02
9.938737784389482192e-04,9.803921568627450567e-01,-7.843137254901960675e-02
9.938757784388916553e-04,8.235294117647058432e-01,7.843137254901960675e-02
9.938777784388350914e-04,9.411764705882352811e-01,0.000000000000000000e+00
9.938797784387785276e-04,9.411764705882352811e-01,7.843137254901960675e-02
9.938817784387219637e-04,9.411764705882352811e-01,3.921568627450980338e-02
9.938837784386653999e-04,9.019607843137255054e-01,-7.843137254901960675e-02
9.938857784386088360e-04,8.627450980392157298e-01,3.921568627450980338e-02
9.938877784385522721e-04,9.411764705882352811e-01,0.000000000000000000e+00
9.938897784384957083e-04,9.411764705882352811e-01,-3.921568627450980338e-02
9.938917784384391444e-04,8.627450980392157298e-01,7.843137254901960675e-02
9.938937784383825805e-04,9.019607843137255054e-01,-1.568627450980392135e-01
9.938957784383260167e-04,9.019607843137255054e-01,1.176470588235294101e-01
9.938977784382694528e-04,9.411764705882352811e-01,0.000000000000000000e+00
9.938997784382128890e-04,8.627450980392157298e-01,-3.921568627450980338e-02
9.939017784381563251e-04,8.627450980392157298e-01,3.921568627450980338e-02
9.939037784380997612e-04,9.019607843137255054e-01,-3.921568627450980338e-02
9.939057784380431974e-04,9.019607843137255054e-01,7.843137254901960675e-02
9.939077784379866335e-04,8.235294117647058432e-01,0.000000000000000000e+00
9.939097784379300696e-04,9.019607843137255054e-01,0.000000000000000000e+00
9.939117784378735058e-04,9.019607843137255054e-01,7.843137254901960675e-02
9.939137784378169419e-04,9.411764705882352811e-01,-7.843137254901960675e-02
9.939157784377603781e-04,8.235294117647058432e-01,7.843137254901960675e-02
9.939177784377038142e-04,9.411764705882352811e-01,0.000000000000000000e+00
9.939197784376472503e-04,9.411764705882352811e-01,3.921568627450980338e-02
9.939217784375906865e-04,9.411764705882352811e-01,7.843137254901960675e-02
9.939237784375341226e-04,8.627450980392157298e-01,-7.843137254901960675e-02
9.939257784374775587e-04,8.627450980392157298e-01,3.921568627450980338e-02
9.939277784374209949e-04,9.019607843137255054e-01,0.000000000000000000e+00
9.939297784373644310e-04,9.411764705882352811e-01,-3.921568627450980338e-02
9.939317784373078671e-04,8.235294117647058432e-01,7.843137254901960675e-02
9.939337784372513033e-04,9.019607843137255054e-01,-1.568627450980392135e-01
9.939357784371947394e-04,9.019607843137255054e-01,1.176470588235294101e-01
9.939377784371381756e-04,9.411764705882352811e-01,-3.921568627450980338e-02
9.939397784370816117e-04,9.019607843137255054e-01,-3.921568627450980338e-02
9.939417784370250478e-04,8.627450980392157298e-01,3.921568627450980338e-02
9.939437784369684840e-04,9.019607843137255054e-01,-3.921568627450980338e-02
9.939457784369119201e-04,9.411764705882352811e-01,7.843137254901960675e-02
9.939477784368553562e-04,8.627450980392157298e-01,0.000000000000000000e+00
9.939497784367987924e-04,9.019607843137255054e-01,0.000000000000000000e+00
9.939517784367422285e-04,8.627450980392157298e-01,7.843137254901960675e-02
9.939537784366856647e-04,9.411764705882352811e-01,-3.921568627450980338e-02
9.939557784366291008e-04,8.627450980392157298e-01,3.921568627450980338e-02
9.939577784365725369e-04,9.019607843137255054e-01,0.000000000000000000e+00
9.939597784365159731e-04,9.019607843137255054e-01,3.921568627450980338e-02
9.939617784364594092e-04,9.411764705882352811e-01,7.843137254901960675e-02
9.939637784364028453e-04,8.627450980392157298e-01,0.000000000000000000e+00
9.939657784363462815e-04,9.019607843137255054e-01,7.843137254901960675e-02
9.939677784362897176e-04,9.019607843137255054e-01,-3.921568627450980338e-02
9.939697784362331538e-04,9.411764705882352811e-01,-3.921568627450980338e-02
9.939717784361765899e-04,8.627450980392157298e-01,7.843137254901960675e-02
9.939737784361200260e-04,8.627450980392157298e-01,-1.568627450980392135e-01
9.939757784360634622e-04,9.411764705882352811e-01,1.176470588235294101e-01
9.939777784360068983e-04,9.411764705882352811e-01,-3.921568627450980338e-02
9.939797784359503344e-04,9.019607843137255054e-01,-3.921568627450980338e-02
9.939817784358937706e-04,9.019607843137255054e-01,3.921568627450980338e-02
9.939837784358372067e-04,9.019607843137255054e-01,-3.921568627450980338e-02
9.939857784357806429e-04,9.411764705882352811e-01,7.843137254901960675e-02
9.939877784357240790e-04,8.235294117647058432e-01,0.000000000000000000e+00
9.939897784356675151e-04,9.019607843137255054e-01,0.000000000000000000e+00
9.939917784356109513e-04,9.019607843137255054e-01,3.921568627450980338e-02
9.939937784355543874e-04,9.411764705882352811e-01,-7.843137254901960675e-02
9.939957784354978235e-04,8.235294117647058432e-01,0.000000000000000000e+00
9.939977784354412597e-04,9.411764705882352811e-01,0.000000000000000000e+00
9.939997784353846958e-04,9.019607843137255054e-01,0.000000000000000000e+00
9.940017784353281319e-04,9.019607843137255054e-01,1.176470588235294101e-01
9.940037784352715681e-04,8.627450980392157298e-01,-7.843137254901960675e-02
9.940057784352150042e-04,8.627450980392157298e-01,7.843137254901960675e-02
9.940077784351584404e-04,9.019607843137255054e-01,-3.921568627450980338e-02
9.940097784351018765e-04,9.411764705882352811e-01,-7.843137254901960675e-02
9.940117784350453126e-04,8.235294117647058432e-01,7.843137254901960675e-02
9.940137784349887488e-04,9.019607843137255054e-01,-1.568627450980392135e-01
9.940157784349321849e-04,9.019607843137255054e-01,1.176470588235294101e-01
9.940177784348756210e-04,9.411764705882352811e-01,0.000000000000000000e+00
9.940197784348190572e-04,8.235294117647058432e-01,-3.921568627450980338e-02
9.940217784347624933e-04,8.627450980392157298e-01,7.843137254901960675e-02
9.940237784347059295e-04,9.019607843137255054e-01,-3.921568627450980338e-02
9.940257784346493656e-04,9.411764705882352811e-01,7.843137254901960675e-02
9.940277784345928017e-04,8.627450980392157298e-01,0.000000000000000000e+00
9.940297784345362379e-04,9.019607843137255054e-01,0.000000000000000000e+00
9.940317784344796740e-04,9.019607843137255054e-01,7.843137254901960675e-02
9.940337784344231101e-04,9.411764705882352811e-01,-7.843137254901960675e-02
9.940357784343665463e-04,8.627450980392157298e-01,3.921568627450980338e-02
9.940377784343099824e-04,8.627450980392157298e-01,0.000000000000000000e+00
9.940397784342534186e-04,9.411764705882352811e-01,3.921568627450980338e-02
9.940417784341968547e-04,9.411764705882352811e-01,7.843137254901960675e-02
9.940437784341402908e-04,8.627450980392157298e-01,-7.843137254901960675e-02
9.940457784340837270e-04,8.627450980392157298e-01,7.843137254901960675e-02
9.940477784340271631e-04,8.627450980392157298e-01,0.000000000000000000e+00
9.940497784339705992e-04,9.411764705882352811e-01,0.000000000000000000e+00
9.940517784339140354e-04,8.627450980392157298e-01,7.843137254901960675e-02
9.940537784338574715e-04,9.019607843137255054e-01,-1.568627450980392135e-01
9.940557784338009076e-04,9.019607843137255054e-01,1.176470588235294101e-01
9.940577784337443438e-04,9.411764705882352811e-01,-3.921568627450980338e-02
9.940597784336877799e-04,8.627450980392157298e-01,-3.921568627450980338e-02
9.940617784336312161e-04,9.019607843137255054e-01,7.843137254901960675e-02
9.940637784335746522e-04,9.019607843137255054e-01,-3.921568627450980338e-02
9.940657784335180883e-04,9.411764705882352811e-01,3.921568627450980338e-02
9.940677784334615245e-04,8.627450980392157298e-01,0.000000000000000000e+00
9.940697784334049606e-04,9.019607843137255054e-01,0.000000000000000000e+00
9.940717784333483967e-04,9.019607843137255054e-01,1.176470588235294101e-01
9.940737784332918329e-04,9.411764705882352811e-01,-7.843137254901960675e-02
9.940757784332352690e-04,8.235294117647058432e-01,3.921568627450980338e-02
9.940777784331787052e-04,9.019607843137255054e-01,0.000000000000000000e+00
9.940797784331221413e-04,9.411764705882352811e-01,3.921568627450980338e-02
9.940817784330655774e-04,9.411764705882352811e-01,7.843137254901960675e-02
9.940837784330090136e-04,8.627450980392157298e-01,-7.843137254901960675e-02
9.940857784329524497e-04,8.627450980392157298e-01,7.843137254901960675e-02
9.940877784328958858e-04,9.019607843137255054e-01,0.000000000000000000e+00
9.940897784328393220e-04,9.411764705882352811e-01,-7.843137254901960675e-02
9.940917784327827581e-04,8.627450980392157298e-01,1.176470588235294101e-01
9.940937784327261943e-04,8.627450980392157298e-01,-1.568627450980392135e-01
9.940957784326696304e-04,9.019607843137255054e-01,1.176470588235294101e-01
9.940977784326130665e-04,9.411764705882352811e-01,0.000000000000000000e+00
9.940997784325565027e-04,8.627450980392157298e-01,0.000000000000000000e+00
9.941017784324999388e-04,9.019607843137255054e-01,7.843137254901960675e-02
9.941037784324433749e-04,9.411764705882352811e-01,-3.921568627450980338e-02
9.941057784323868111e-04,9.411764705882352811e-01,3.921568627450980338e-02
9.941077784323302472e-04,8.627450980392157298e-01,0.000000000000000000e+00
9.941097784322736833e-04,8.627450980392157298e-01,-7.843137254901960675e-02
9.941117784322171195e-04,9.019607843137255054e-01,7.843137254901960675e-02
9.941137784321605556e-04,9.411764705882352811e-01,-3.921568627450980338e-02
9.941157784321039918e-04,8.627450980392157298e-01,3.921568627450980338e-02
9.941177784320474279e-04,9.019607843137255054e-01,0.000000000000000000e+00
9.941197784319908640e-04,9.411764705882352811e-01,3.921568627450980338e-02
9.941217784319343002e-04,9.411764705882352811e-01,7.843137254901960675e-02
9.941237784318777363e-04,8.627450980392157298e-01,-3.921568627450980338e-02
9.941257784318211724e-04,9.019607843137255054e-01,7.843137254901960675e-02
9.941277784317646086e-04,9.019607843137255054e-01,0.000000000000000000e+00
9.941297784317080447e-04,9.411764705882352811e-01,-7.843137254901960675e-02
9.941317784316514809e-04,8.627450980392157298e-01,7.843137254901960675e-02
9.941337784315949170e-04,9.019607843137255054e-01,-1.568627450980392135e-01
9.941357784315383531e-04,9.019607843137255054e-01,7.843137254901960675e-02
9.941377784314817893e-04,9.411764705882352811e-01,0.000000000000000000e+00
9.941397784314252254e-04,8.235294117647058432e-01,-3.921568627450980338e-02
9.941417784313686615e-04,8.235294117647058432e-01,7.843137254901960675e-02
9.941437784313120977e-04,9.411764705882352811e-01,-3.921568627450980338e-02
9.941457784312555338e-04,9.411764705882352811e-01,7.843137254901960675e-02
9.941477784311989700e-04,8.627450980392157298e-01,0.000000000000000000e+00
9.941497784311424061e-04,9.019607843137255054e-01,0.000000000000000000e+00
9.941517784310858422e-04,9.019607843137255054e-01,1.176470588235294101e-01
9.941537784310292784e-04,9.411764705882352811e-01,-7.843137254901960675e-02
9.941557784309727145e-04,8.235294117647058432e-01,0.000000000000000000e+00
9.941577784309161506e-04,9.019607843137255054e-01,0.000000000000000000e+00
9.941597784308595868e-04,9.411764705882352811e-01,3.921568627450980338e-02
9.941617784308030229e-04,9.411764705882352811e-01,3.921568627450980338e-02
9.941637784307464590e-04,8.627450980392157298e-01,-3.921568627450980338e-02
9.941657784306898952e-04,9.019607843137255054e-01,7.843137254901960675e-02
9.941677784306333313e-04,9.411764705882352811e-01,0.000000000000000000e+00
9.941697784305767675e-04,9.411764705882352811e-01,-7.843137254901960675e-02
9.941717784305202036e-04,8.627450980392157298e-01,7.843137254901960675e-02
9.941737784304636397e-04,9.019607843137255054e-01,-1.568627450980392135e-01
9.941757784304070759e-04,9.019607843137255054e-01,1.176470588235294101e-01
9.941777784303505120e-04,9.411764705882352811e-01,0.000000000000000000e+00
9.941797784302939481e-04,8.235294117647058432e-01,-3.921568627450980338e-02
9.941817784302373843e-04,9.019607843137255054e-01,3.921568627450980338e-02
9.941837784301808204e-04,9.411764705882352811e-01,-3.921568627450980338e-02
9.941857784301242566e-04,9.411764705882352811e-01,7.843137254901960675e-02
9.941877784300676927e-04,8.235294117647058432e-01,0.000000000000000000e+00
9.941897784300111288e-04,8.627450980392157298e-01,0.000000000000000000e+00
9.941917784299545650e-04,8.627450980392157298e-01,7.843137254901960675e-02
9.941937784298980011e-04,9.411764705882352811e-01,-7.843137254901960675e-02
9.941957784298414372e-04,8.235294117647058432e-01,3.921568627450980338e-02
9.941977784297848734e-04,9.019607843137255054e-01,0.000000000000000000e+00
9.941997784297283095e-04,8.627450980392157298e-01,3.921568627450980338e-02
9.942017784296717457e-04,9.411764705882352811e-01,3.921568627450980338e-02
9.942037784296151818e-04,8.627450980392157298e-01,-7.843137254901960675e-02
9.942057784295586179e-04,9.019607843137255054e-01,0.000000000000000000e+00
9.942077784295020541e-04,9.019607843137255054e-01,0.000000000000000000e+00
9.942097784294454902e-04,9.411764705882352811e-01,-7.843137254901960675e-02
9.942117784293889263e-04,8.235294117647058432e-01,7.843137254901960675e-02
9.942137784293323625e-04,8.627450980392157298e-01,-1.568627450980392135e-01
9.942157784292757986e-04,8.627450980392157298e-01,1.176470588235294101e-01
9.942177784292192348e-04,9.411764705882352811e-01,0.000000000000000000e+00
9.942197784291626709e-04,8.627450980392157298e-01,0.000000000000000000e+00
9.942217784291061070e-04,9.019607843137255054e-01,7.843137254901960675e-02
9.942237784290495432e-04,9.019607843137255054e-01,-3.921568627450980338e-02
9.942257784289929793e-04,9.411764705882352811e-01,7.843137254901960675e-02
9.942277784289364154e-04,8.235294117647058432e-01,0.000000000000000000e+00
9.942297784288798516e-04,8.627450980392157298e-01,0.000000000000000000e+00
9.942317784288232877e-04,9.411764705882352811e-01,7.843137254901960675e-02
9.942337784287667238e-04,9.411764705882352811e-01,-3.921568627450980338e-02
9.942357784287101600e-04,8.627450980392157298e-01,3.921568627450980338e-02
9.942377784286535961e-04,8.627450980392157298e-01,0.000000000000000000e+00
9.942397784285970323e-04,9.411764705882352811e-01,7.843137254901960675e-02
9.942417784285404684e-04,9.411764705882352811e-01,3.921568627450980338e-02
9.942437784284839045e-04,8.627450980392157298e-01,-7.843137254901960675e-02
9.942457784284273407e-04,9.019607843137255054e-01,3.921568627450980338e-02
9.942477784283707768e-04,9.019607843137255054e-01,0.000000000000000000e+00
9.942497784283142129e-04,9.411764705882352811e-01,-7.843137254901960675e-02
9.942517784282576491e-04,8.235294117647058432e-01,7.843137254901960675e-02
9.942537784282010852e-04,9.019607843137255054e-01,-1.568627450980392135e-01
9.942557784281445214e-04,9.019607843137255054e-01,1.176470588235294101e-01
9.942577784280879575e-04,9.411764705882352811e-01,0.000000000000000000e+00
9.942597784280313936e-04,8.627450980392157298e-01,-3.921568627450980338e-02
9.942617784279748298e-04,8.627450980392157298e-01,3.921568627450980338e-02
9.942637784279182659e-04,9.019607843137255054e-01,-3.921568627450980338e-02
9.942657784278617020e-04,9.019607843137255054e-01,3.921568627450980338e-02
9.942677784278051382e-04,8.627450980392157298e-01,0.000000000000000000e+00
9.942697784277485743e-04,9.019607843137255054e-01,0.000000000000000000e+00
9.942717784276920105e-04,9.019607843137255054e-01,7.843137254901960675e-02
9.942737784276354466e-04,9.411764705882352811e-01,-7.843137254901960675e-02
9.942757784275788827e-04,8.627450980392157298e-01,3.921568627450980338e-02
9.942777784275223189e-04,9.411764705882352811e-01,0.000000000000000000e+00
9.942797784274657550e-04,9.411764705882352811e-01,3.921568627450980338e-02
9.942817784274091911e-04,9.411764705882352811e-01,7.843137254901960675e-02
9.942837784273526273e-04,8.235294117647058432e-01,-7.843137254901960675e-02
9.942857784272960634e-04,8.627450980392157298e-01,3.921568627450980338e-02
9.942877784272394995e-04,9.019607843137255054e-01,0.000000000000000000e+00
9.942897784271829357e-04,9.411764705882352811e-01,0.000000000000000000e+00
9.942917784271263718e-04,8.235294117647058432e-01,7.843137254901960675e-02
9.942937784270698080e-04,9.019607843137255054e-01,-7.843137254901960675e-02
9.942957784270132441e-04,8.627450980392157298e-01,1.176470588235294101e-01
9.942977784269566802e-04,9.411764705882352811e-01,-3.921568627450980338e-02
9.942997784269001164e-04,8.235294117647058432e-01,-3.921568627450980338e-02
9.943017784268435525e-04,8.235294117647058432e-01,7.843137254901960675e-02
9.943037784267869886e-04,9.019607843137255054e-01,-3.921568627450980338e-02
9.943057784267304248e-04,9.411764705882352811e-01,7.843137254901960675e-02
9.943077784266738609e-04,8.627450980392157298e-01,0.000000000000000000e+00
9.943097784266172971e-04,8.627450980392157298e-01,-7.843137254901960675e-02
9.943117784265607332e-04,9.019607843137255054e-01,3.921568627450980338e-02
9.943137784265041693e-04,9.411764705882352811e-01,-7.843137254901960675e-02
9.943157784264476055e-04,8.627450980392157298e-01,7.843137254901960675e-02
9.943177784263910416e-04,9.019607843137255054e-01,0.000000000000000000e+00
9.943197784263344777e-04,9.019607843137255054e-01,3.921568627450980338e-02
9.943217784262779139e-04,9.411764705882352811e-01,3.921568627450980338e-02
9.943237784262213500e-04,8.235294117647058432e-01,-7.843137254901960675e-02
9.943257784261647862e-04,8.235294117647058432e-01,7.843137254901960675e-02
9.943277784261082223e-04,8.627450980392157298e-01,0.000000000000000000e+00
9.943297784260516584e-04,9.411764705882352811e-01,-3.921568627450980338e-02
9.943317784259950946e-04,8.627450980392157298e-01,7.843137254901960675e-02
9.943337784259385307e-04,9.019607843137255054e-01,-1.568627450980392135e-01
9.943357784258819668e-04,8.627450980392157298e-01,1.176470588235294101e-01
9.943377784258254030e-04,9.411764705882352811e-01,0.000000000000000000e+00
9.943397784257688391e-04,8.627450980392157298e-01,-3.921568627450980338e-02
9.943417784257122752e-04,8.627450980392157298e-01,3.921568627450980338e-02
9.943437784256557114e-04,9.019607843137255054e-01,-7.843137254901960675e-02
9.943457784255991475e-04,9.411764705882352811e-01,7.843137254901960675e-02
9.943477784255425837e-04,8.627450980392157298e-01,0.000000000000000000e+00
9.943497784254860198e-04,9.019607843137255054e-01,0.000000000000000000e+00
9.943517784254294559e-04,8.627450980392157298e-01,7.843137254901960675e-02
9.943537784253728921e-04,9.411764705882352811e-01,-7.843137254901960675e-02
9.943557784253163282e-04,8.627450980392157298e-01,3.921568627450980338e-02
9.943577784252597643e-04,9.019607843137255054e-01,0.000000000000000000e+00
9.943597784252032005e-04,9.019607843137255054e-01,7.843137254901960675e-02
9.943617784251466366e-04,9.019607843137255054e-01,7.843137254901960675e-02
9.943637784250900728e-04,8.627450980392157298e-01,-7.843137254901960675e-02
9.943657784250335089e-04,8.627450980392157298e-01,3.921568627450980338e-02
9.943677784249769450e-04,9.019607843137255054e-01,0.000000000000000000e+00
9.943697784249203812e-04,9.411764705882352811e-01,-7.843137254901960675e-02
9.943717784248638173e-04,8.627450980392157298e-01,7.843137254901960675e-02
9.943737784248072534e-04,9.019607843137255054e-01,-1.568627450980392135e-01
9.943757784247506896e-04,9.019607843137255054e-01,1.176470588235294101e-01
9.943777784246941257e-04,9.411764705882352811e-01,-3.921568627450980338e-02
9.943797784246375619e-04,8.627450980392157298e-01,-3.921568627450980338e-02
9.943817784245809980e-04,8.235294117647058432e-01,3.921568627450980338e-02
9.943837784245244341e-04,9.411764705882352811e-01,-7.843137254901960675e-02
9.943857784244678703e-04,9.411764705882352811e-01,7.843137254901960675e-02
9.943877784244113064e-04,8.235294117647058432e-01,0.000000000000000000e+00
9.943897784243547425e-04,9.019607843137255054e-01,0.000000000000000000e+00
9.943917784242981787e-04,9.019607843137255054e-01,7.843137254901960675e-02
9.943937784242416148e-04,9.411764705882352811e-01,-7.843137254901960675e-02
9.943957784241850510e-04,8.627450980392157298e-01,3.921568627450980338e-02
9.943977784241284871e-04,8.627450980392157298e-01,0.000000000000000000e+00
9.943997784240719232e-04,9.019607843137255054e-01,3.921568627450980338e-02
9.944017784240153594e-04,9.019607843137255054e-01,3.921568627450980338e-02
9.944037784239587955e-04,8.627450980392157298e-01,-7.843137254901960675e-02
9.944057784239022316e-04,9.019607843137255054e-01,7.843137254901960675e-02
9.944077784238456678e-04,9.019607843137255054e-01,0.000000000000000000e+00
9.944097784237891039e-04,9.411764705882352811e-01,-3.921568627450980338e-02
9.944117784237325400e-04,8.627450980392157298e-01,7.843137254901960675e-02
9.944137784236759762e-04,9.019607843137255054e-01,-7.843137254901960675e-02
9.944157784236194123e-04,9.019607843137255054e-01,1.176470588235294101e-01
9.944177784235628485e-04,9.411764705882352811e-01,-3.921568627450980338e-02
9.944197784235062846e-04,8.235294117647058432e-01,0.000000000000000000e+00
9.944217784234497207e-04,9.019607843137255054e-01,7.843137254901960675e-02
9.944237784233931569e-04,9.411764705882352811e-01,-7.843137254901960675e-02
9.944257784233365930e-04,9.411764705882352811e-01,7.843137254901960675e-02
9.944277784232800291e-04,8.235294117647058432e-01,0.000000000000000000e+00
9.944297784232234653e-04,9.019607843137255054e-01,0.000000000000000000e+00
9.944317784231669014e-04,9.019607843137255054e-01,1.176470588235294101e-01
9.944337784231103376e-04,9.411764705882352811e-01,-7.843137254901960675e-02
9.944357784230537737e-04,8.235294117647058432e-01,7.843137254901960675e-02
9.944377784229972098e-04,9.019607843137255054e-01,0.000000000000000000e+00
9.944397784229406460e-04,9.411764705882352811e-01,3.921568627450980338e-02
9.944417784228840821e-04,9.411764705882352811e-01,3.921568627450980338e-02
9.944437784228275182e-04,8.627450980392157298e-01,-7.843137254901960675e-02
9.944457784227709544e-04,9.019607843137255054e-01,3.921568627450980338e-02
9.944477784227143905e-04,9.019607843137255054e-01,0.000000000000000000e+00
9.944497784226578267e-04,9.411764705882352811e-01,-3.921568627450980338e-02
9.944517784226012628e-04,8.627450980392157298e-01,1.176470588235294101e-01
9.944537784225446989e-04,8.235294117647058432e-01,-7.843137254901960675e-02
9.944557784224881351e-04,8.627450980392157298e-01,1.176470588235294101e-01
9.944577784224315712e-04,9.411764705882352811e-01,0.000000000000000000e+00
9.944597784223750073e-04,8.235294117647058432e-01,-3.921568627450980338e-02
9.944617784223184435e-04,8.627450980392157298e-01,7.843137254901960675e-02
9.944637784222618796e-04,9.019607843137255054e-01,-3.921568627450980338e-02
9.944657784222053157e-04,9.411764705882352811e-01,3.921568627450980338e-02
9.944677784221487519e-04,8.235294117647058432e-01,0.000000000000000000e+00
9.944697784220921880e-04,8.235294117647058432e-01,0.000000000000000000e+00
9.944717784220356242e-04,8.627450980392157298e-01,7.843137254901960675e-02
9.944737784219790603e-04,9.411764705882352811e-01,-7.843137254901960675e-02
9.944757784219224964e-04,7.843137254901960675e-01,3.921568627450980338e-02
9.944777784218659326e-04,9.019607843137255054e-01,0.000000000000000000e+00
9.944797784218093687e-04,9.019607843137255054e-01,3.921568627450980338e-02
9.944817784217528048e-04,9.411764705882352811e-01,7.843137254901960675e-02
9.944837784216962410e-04,8.627450980392157298e-01,-7.843137254901960675e-02
9.944857784216396771e-04,8.627450980392157298e-01,3.921568627450980338e-02
9.944877784215831133e-04,9.019607843137255054e-01,3.921568627450980338e-02
9.944897784215265494e-04,9.019607843137255054e-01,-3.921568627450980338e-02
9.944917784214699855e-04,8.627450980392157298e-01,7.843137254901960675e-02
9.944937784214134217e-04,9.019607843137255054e-01,-1.568627450980392135e-01
9.944957784213568578e-04,9.019607843137255054e-01,1.176470588235294101e-01
9.944977784213002939e-04,9.019607843137255054e-01,0.000000000000000000e+00
9.944997784212437301e-04,8.627450980392157298e-01,-3.921568627450980338e-02
9.945017784211871662e-04,9.019607843137255054e-01,7.843137254901960675e-02
9.945037784211306024e-04,9.019607843137255054e-01,0.000000000000000000e+00
9.945057784210740385e-04,9.411764705882352811e-01,7.843137254901960675e-02
9.945077784210174746e-04,8.627450980392157298e-01,0.000000000000000000e+00
9.945097784209609108e-04,9.019607843137255054e-01,0.000000000000000000e+00
9.945117784209043469e-04,9.019607843137255054e-01,7.843137254901960675e-02
9.945137784208477830e-04,9.411764705882352811e-01,-3.921568627450980338e-02
9.945157784207912192e-04,8.235294117647058432e-01,0.000000000000000000e+00
9.945177784207346553e-04,9.019607843137255054e-01,0.000000000000000000e+00
9.945197784206780914e-04,8.627450980392157298e-01,3.921568627450980338e-02
9.945217784206215276e-04,9.411764705882352811e-01,7.843137254901960675e-02
9.945237784205649637e-04,8.627450980392157298e-01,-7.843137254901960675e-02
9.945257784205083999e-04,8.627450980392157298e-01,7.843137254901960675e-02
9.945277784204518360e-04,9.019607843137255054e-01,0.000000000000000000e+00
9.945297784203952721e-04,9.411764705882352811e-01,0.000000000000000000e+00
9.945317784203387083e-04,8.627450980392157298e-01,7.843137254901960675e-02
9.945337784202821444e-04,9.019607843137255054e-01,-1.568627450980392135e-01
9.945357784202255805e-04,9.019607843137255054e-01,1.176470588235294101e-01
9.945377784201690167e-04,9.411764705882352811e-01,0.000000000000000000e+00
9.945397784201124528e-04,8.627450980392157298e-01,0.000000000000000000e+00
9.945417784200558890e-04,8.627450980392157298e-01,3.921568627450980338e-02
9.945437784199993251e-04,9.019607843137255054e-01,-3.921568627450980338e-02
9.945457784199427612e-04,9.411764705882352811e-01,7.843137254901960675e-02
9.945477784198861974e-04,8.627450980392157298e-01,0.000000000000000000e+00
9.945497784198296335e-04,9.019607843137255054e-01,0.000000000000000000e+00
9.945517784197730696e-04,9.019607843137255054e-01,7.843137254901960675e-02
9.945537784197165058e-04,9.411764705882352811e-01,-7.843137254901960675e-02
9.945557784196599419e-04,8.235294117647058432e-01,3.921568627450980338e-02
9.945577784196033781e-04,9.019607843137255054e-01,0.000000000000000000e+00
9.945597784195468142e-04,8.627450980392157298e-01,3.921568627450980338e-02
9.945617784194902503e-04,9.411764705882352811e-01,7.843137254901960675e-02
9.945637784194336865e-04,8.627450980392157298e-01,-7.843137254901960675e-02
9.945657784193771226e-04,8.627450980392157298e-01,7.843137254901960675e-02
9.945677784193205587e-04,9.019607843137255054e-01,0.000000000000000000e+00
9.945697784192639949e-04,9.411764705882352811e-01,-3.921568627450980338e-02
9.945717784192074310e-04,8.235294117647058432e-01,7.843137254901960675e-02
9.945737784191508671e-04,9.019607843137255054e-01,-1.568627450980392135e-01
9.945757784190943033e-04,9.019607843137255054e-01,7.843137254901960675e-02
9.945777784190377394e-04,9.411764705882352811e-01,0.000000000000000000e+00
9.945797784189811756e-04,8.627450980392157298e-01,-3.921568627450980338e-02
9.945817784189246117e-04,8.627450980392157298e-01,7.843137254901960675e-02
9.945837784188680478e-04,9.019607843137255054e-01,-3.921568627450980338e-02
9.945857784188114840e-04,9.411764705882352811e-01,3.921568627450980338e-02
9.945877784187549201e-04,9.019607843137255054e-01,0.000000000000000000e+00
9.945897784186983562e-04,8.627450980392157298e-01,0.000000000000000000e+00
9.945917784186417924e-04,9.019607843137255054e-01,7.843137254901960675e-02
9.945937784185852285e-04,9.411764705882352811e-01,-1.568627450980392135e-01
9.945957784185286647e-04,8.627450980392157298e-01,3.921568627450980338e-02
9.945977784184721008e-04,9.019607843137255054e-01,0.000000000000000000e+00
9.945997784184155369e-04,9.019607843137255054e-01,3.921568627450980338e-02
9.946017784183589731e-04,9.411764705882352811e-01,3.921568627450980338e-02
9.946037784183024092e-04,8.627450980392157298e-01,0.000000000000000000e+00
9.946057784182458453e-04,8.627450980392157298e-01,7.843137254901960675e-02
9.946077784181892815e-04,9.019607843137255054e-01,0.000000000000000000e+00
9.946097784181327176e-04,9.411764705882352811e-01,-3.921568627450980338e-02
9.946117784180761538e-04,8.235294117647058432e-01,7.843137254901960675e-02
9.946137784180195899e-04,9.019607843137255054e-01,-1.568627450980392135e-01
9.946157784179630260e-04,9.019607843137255054e-01,1.176470588235294101e-01
9.946177784179064622e-04,9.411764705882352811e-01,0.000000000000000000e+00
9.946197784178498983e-04,8.627450980392157298e-01,0.000000000000000000e+00
9.946217784177933344e-04,8.627450980392157298e-01,7.843137254901960675e-02
9.946237784177367706e-04,9.019607843137255054e-01,-7.843137254901960675e-02
9.946257784176802067e-04,9.411764705882352811e-01,3.921568627450980338e-02
9.946277784176236429e-04,9.019607843137255054e-01,0.000000000000000000e+00
9.946297784175670790e-04,9.019607843137255054e-01,-7.843137254901960675e-02
9.946317784175105151e-04,9.019607843137255054e-01,7.843137254901960675e-02
9.946337784174539513e-04,9.411764705882352811e-01,-3.921568627450980338e-02
9.946357784173973874e-04,8.235294117647058432e-01,3.921568627450980338e-02
9.946377784173408235e-04,8.627450980392157298e-01,0.000000000000000000e+00
9.946397784172842597e-04,9.019607843137255054e-01,0.000000000000000000e+00
9.946417784172276958e-04,9.019607843137255054e-01,7.843137254901960675e-02
9.946437784171711319e-04,8.627450980392157298e-01,-3.921568627450980338e-02
9.946457784171145681e-04,9.019607843137255054e-01,3.921568627450980338e-02
9.946477784170580042e-04,9.019607843137255054e-01,0.000000000000000000e+00
9.946497784170014404e-04,9.411764705882352811e-01,-7.843137254901960675e-02
9.946517784169448765e-04,8.627450980392157298e-01,7.843137254901960675e-02
9.946537784168883126e-04,9.019607843137255054e-01,-7.843137254901960675e-02
9.946557784168317488e-04,8.627450980392157298e-01,1.176470588235294101e-01
9.946577784167751849e-04,9.019607843137255054e-01,0.000000000000000000e+00
9.946597784167186210e-04,8.627450980392157298e-01,-3.921568627450980338e-02
9.946617784166620572e-04,8.627450980392157298e-01,1.176470588235294101e-01
9.946637784166054933e-04,9.019607843137255054e-01,-7.843137254901960675e-02
9.946657784165489295e-04,9.411764705882352811e-01,7.843137254901960675e-02
9.946677784164923656e-04,8.627450980392157298e-01,0.000000000000000000e+00
9.946697784164358017e-04,8.627450980392157298e-01,0.000000000000000000e+00
9.946717784163792379e-04,8.235294117647058432e-01,7.843137254901960675e-02
9.946737784163226740e-04,9.803921568627450567e-01,-7.843137254901960675e-02
9.946757784162661101e-04,8.627450980392157298e-01,3.921568627450980338e-02
9.946777784162095463e-04,9.019607843137255054e-01,0.000000000000000000e+00
9.946797784161529824e-04,9.019607843137255054e-01,3.921568627450980338e-02
9.946817784160964186e-04,9.411764705882352811e-01,3.921568627450980338e-02
9.946837784160398547e-04,8.627450980392157298e-01,-7.843137254901960675e-02
9.946857784159832908e-04,8.627450980392157298e-01,7.843137254901960675e-02
9.946877784159267270e-04,9.019607843137255054e-01,0.000000000000000000e+00
9.946897784158701631e-04,9.411764705882352811e-01,0.000000000000000000e+00
9.946917784158135992e-04,8.627450980392157298e-01,7.843137254901960675e-02
9.946937784157570354e-04,8.627450980392157298e-01,-1.568627450980392135e-01
9.946957784157004715e-04,9.019607843137255054e-01,1.176470588235294101e-01
9.946977784156439076e-04,9.411764705882352811e-01,-7.843137254901960675e-02
9.946997784155873438e-04,8.627450980392157298e-01,-3.921568627450980338e-02
9.947017784155307799e-04,9.019607843137255054e-01,3.921568627450980338e-02
9.947037784154742161e-04,9.019607843137255054e-01,-3.921568627450980338e-02
9.947057784154176522e-04,9.019607843137255054e-01,7.843137254901960675e-02
9.947077784153610883e-04,8.627450980392157298e-01,0.000000000000000000e+00
9.947097784153045245e-04,9.019607843137255054e-01,0.000000000000000000e+00
9.947117784152479606e-04,9.019607843137255054e-01,7.843137254901960675e-02
9.947137784151913967e-04,9.803921568627450567e-01,-7.843137254901960675e-02
9.947157784151348329e-04,8.235294117647058432e-01,3.921568627450980338e-02
9.947177784150782690e-04,8.627450980392157298e-01,3.921568627450980338e-02
9.947197784150217052e-04,9.019607843137255054e-01,3.921568627450980338e-02
9.947217784149651413e-04,9.411764705882352811e-01,3.921568627450980338e-02
9.947237784149085774e-04,8.235294117647058432e-01,-7.843137254901960675e-02
9.947257784148520136e-04,8.235294117647058432e-01,3.921568627450980338e-02
9.947277784147954497e-04,9.019607843137255054e-01,3.921568627450980338e-02
9.947297784147388858e-04,9.411764705882352811e-01,-3.921568627450980338e-02
9.947317784146823220e-04,8.235294117647058432e-01,7.843137254901960675e-02
9.947337784146257581e-04,8.627450980392157298e-01,-1.568627450980392135e-01
9.947357784145691943e-04,9.019607843137255054e-01,1.176470588235294101e-01
9.947377784145126304e-04,9.411764705882352811e-01,0.000000000000000000e+00
9.947397784144560665e-04,8.627450980392157298e-01,-3.921568627450980338e-02
9.947417784143995027e-04,8.627450980392157298e-01,3.921568627450980338e-02
9.947437784143429388e-04,9.019607843137255054e-01,-3.921568627450980338e-02
9.947457784142863749e-04,9.411764705882352811e-01,7.843137254901960675e-02
9.947477784142298111e-04,8.627450980392157298e-01,0.000000000000000000e+00
9.947497784141732472e-04,9.019607843137255054e-01,0.000000000000000000e+00
9.947517784141166833e-04,9.019607843137255054e-01,7.843137254901960675e-02
9.947537784140601195e-04,9.411764705882352811e-01,-7.843137254901960675e-02
9.947557784140035556e-04,8.627450980392157298e-01,7.843137254901960675e-02
9.947577784139469918e-04,8.627450980392157298e-01,0.000000000000000000e+00
9.947597784138904279e-04,8.627450980392157298e-01,3.921568627450980338e-02
9.947617784138338640e-04,9.411764705882352811e-01,3.921568627450980338e-02
9.947637784137773002e-04,8.627450980392157298e-01,-7.843137254901960675e-02
9.947657784137207363e-04,8.627450980392157298e-01,3.921568627450980338e-02
9.947677784136641724e-04,9.019607843137255054e-01,0.000000000000000000e+00
9.947697784136076086e-04,9.411764705882352811e-01,0.000000000000000000e+00
9.947717784135510447e-04,8.627450980392157298e-01,7.843137254901960675e-02
9.947737784134944809e-04,8.627450980392157298e-01,-1.568627450980392135e-01
9.947757784134379170e-04,9.019607843137255054e-01,1.176470588235294101e-01
9.947777784133813531e-04,9.019607843137255054e-01,-7.843137254901960675e-02
9.947797784133247893e-04,8.627450980392157298e-01,-3.921568627450980338e-02
9.947817784132682254e-04,9.019607843137255054e-01,3.921568627450980338e-02
9.947837784132116615e-04,9.411764705882352811e-01,-3.921568627450980338e-02
9.947857784131550977e-04,9.411764705882352811e-01,7.843137254901960675e-02
9.947877784130985338e-04,8.627450980392157298e-01,0.000000000000000000e+00
9.947897784130419700e-04,9.019607843137255054e-01,0.000000000000000000e+00
9.947917784129854061e-04,9.019607843137255054e-01,7.843137254901960675e-02
9.947937784129288422e-04,9.411764705882352811e-01,-7.843137254901960675e-02
9.947957784128722784e-04,8.235294117647058432e-01,7.843137254901960675e-02
9.947977784128157145e-04,8.627450980392157298e-01,0.000000000000000000e+00
9.947997784127591506e-04,9.019607843137255054e-01,3.921568627450980338e-02
9.948017784127025868e-04,9.411764705882352811e-01,7.843137254901960675e-02
9.948037784126460229e-04,8.627450980392157298e-01,-7.843137254901960675e-02
9.948057784125894591e-04,8.627450980392157298e-01,3.921568627450980338e-02
9.948077784125328952e-04,9.019607843137255054e-01,0.000000000000000000e+00
9.948097784124763313e-04,9.411764705882352811e-01,0.000000000000000000e+00
9.948117784124197675e-04,8.235294117647058432e-01,7.843137254901960675e-02
9.948137784123632036e-04,8.627450980392157298e-01,-1.568627450980392135e-01
9.948157784123066397e-04,9.019607843137255054e-01,1.176470588235294101e-01
9.948177784122500759e-04,9.411764705882352811e-01,0.000000000000000000e+00
9.948197784121935120e-04,8.235294117647058432e-01,-3.921568627450980338e-02
9.948217784121369481e-04,8.627450980392157298e-01,7.843137254901960675e-02
9.948237784120803843e-04,9.019607843137255054e-01,-7.843137254901960675e-02
9.948257784120238204e-04,9.411764705882352811e-01,3.921568627450980338e-02
9.948277784119672566e-04,8.627450980392157298e-01,0.000000000000000000e+00
9.948297784119106927e-04,8.627450980392157298e-01,0.000000000000000000e+00
9.948317784118541288e-04,9.019607843137255054e-01,1.176470588235294101e-01
9.948337784117975650e-04,9.411764705882352811e-01,-7.843137254901960675e-02
9.948357784117410011e-04,8.627450980392157298e-01,0.000000000000000000e+00
9.948377784116844372e-04,8.627450980392157298e-01,0.000000000000000000e+00
9.948397784116278734e-04,9.019607843137255054e-01,3.921568627450980338e-02
9.948417784115713095e-04,9.411764705882352811e-01,3.921568627450980338e-02
9.948437784115147457e-04,8.627450980392157298e-01,-7.843137254901960675e-02
9.948457784114581818e-04,8.627450980392157298e-01,7.843137254901960675e-02
9.948477784114016179e-04,9.019607843137255054e-01,0.000000000000000000e+00
9.948497784113450541e-04,9.411764705882352811e-01,-3.921568627450980338e-02
9.948517784112884902e-04,8.235294117647058432e-01,7.843137254901960675e-02
9.948537784112319263e-04,9.019607843137255054e-01,-7.843137254901960675e-02
9.948557784111753625e-04,8.627450980392157298e-01,1.568627450980392135e-01
9.948577784111187986e-04,9.411764705882352811e-01,0.000000000000000000e+00
9.948597784110622348e-04,8.627450980392157298e-01,-3.921568627450980338e-02
9.948617784110056709e-04,8.627450980392157298e-01,7.843137254901960675e-02
9.948637784109491070e-04,9.411764705882352811e-01,-3.921568627450980338e-02
9.948657784108925432e-04,9.411764705882352811e-01,3.921568627450980338e-02
9.948677784108359793e-04,8.627450980392157298e-01,0.000000000000000000e+00
9.948697784107794154e-04,9.019607843137255054e-01,0.000000000000000000e+00
9.948717784107228516e-04,8.627450980392157298e-01,1.176470588235294101e-01
9.948737784106662877e-04,9.411764705882352811e-01,-7.843137254901960675e-02
9.948757784106097238e-04,8.235294117647058432e-01,3.921568627450980338e-02
9.948777784105531600e-04,8.627450980392157298e-01,-3.921568627450980338e-02
9.948797784104965961e-04,9.411764705882352811e-01,7.843137254901960675e-02
9.948817784104400323e-04,9.411764705882352811e-01,7.843137254901960675e-02
9.948837784103834684e-04,8.627450980392157298e-01,-7.843137254901960675e-02
9.948857784103269045e-04,9.019607843137255054e-01,3.921568627450980338e-02
9.948877784102703407e-04,9.019607843137255054e-01,0.000000000000000000e+00
9.948897784102137768e-04,9.411764705882352811e-01,-3.921568627450980338e-02
9.948917784101572129e-04,8.235294117647058432e-01,7.843137254901960675e-02
9.948937784101006491e-04,8.627450980392157298e-01,-1.568627450980392135e-01
9.948957784100440852e-04,9.019607843137255054e-01,1.176470588235294101e-01
9.948977784099875214e-04,9.411764705882352811e-01,0.000000000000000000e+00
9.948997784099309575e-04,8.627450980392157298e-01,0.000000000000000000e+00
9.949017784098743936e-04,9.019607843137255054e-01,7.843137254901960675e-02
9.949037784098178298e-04,8.627450980392157298e-01,-7.843137254901960675e-02
9.949057784097612659e-04,9.411764705882352811e-01,7.843137254901960675e-02
9.949077784097047020e-04,8.627450980392157298e-01,0.000000000000000000e+00
9.949097784096481382e-04,9.019607843137255054e-01,-7.843137254901960675e-02
9.949117784095915743e-04,9.019607843137255054e-01,1.176470588235294101e-01
9.949137784095350105e-04,9.019607843137255054e-01,-7.843137254901960675e-02
9.949157784094784466e-04,8.627450980392157298e-01,7.843137254901960675e-02
9.949177784094218827e-04,9.019607843137255054e-01,0.000000000000000000e+00
9.949197784093653189e-04,9.019607843137255054e-01,7.843137254901960675e-02
9.949217784093087550e-04,9.411764705882352811e-01,7.843137254901960675e-02
9.949237784092521911e-04,8.235294117647058432e-01,-3.921568627450980338e-02
9.949257784091956273e-04,8.627450980392157298e-01,7.843137254901960675e-02
9.949277784091390634e-04,9.019607843137255054e-01,0.000000000000000000e+00
9.949297784090824995e-04,9.411764705882352811e-01,-7.843137254901960675e-02
9.949317784090259357e-04,8.627450980392157298e-01,7.843137254901960675e-02
9.949337784089693718e-04,8.627450980392157298e-01,-1.568627450980392135e-01
9.949357784089128080e-04,9.019607843137255054e-01,7.843137254901960675e-02
9.949377784088562441e-04,9.411764705882352811e-01,0.000000000000000000e+00
9.949397784087996802e-04,8.235294117647058432e-01,-3.921568627450980338e-02
9.949417784087431164e-04,9.019607843137255054e-01,7.843137254901960675e-02
9.949437784086865525e-04,9.411764705882352811e-01,0.000000000000000000e+00
9.949457784086299886e-04,9.411764705882352811e-01,3.921568627450980338e-02
9.949477784085734248e-04,8.627450980392157298e-01,0.000000000000000000e+00
9.949497784085168609e-04,9.019607843137255054e-01,0.000000000000000000e+00
9.949517784084602971e-04,9.411764705882352811e-01,7.843137254901960675e-02
9.949537784084037332e-04,9.411764705882352811e-01,-7.843137254901960675e-02
9.949557784083471693e-04,8.627450980392157298e-01,0.000000000000000000e+00
9.949577784082906055e-04,9.411764705882352811e-01,0.000000000000000000e+00
9.949597784082340416e-04,8.627450980392157298e-01,0.000000000000000000e+00
9.949617784081774777e-04,9.411764705882352811e-01,3.921568627450980338e-02
9.949637784081209139e-04,8.627450980392157298e-01,-3.921568627450980338e-02
9.949657784080643500e-04,9.019607843137255054e-01,3.921568627450980338e-02
9.949677784080077862e-04,9.019607843137255054e-01,0.000000000000000000e+00
9.949697784079512223e-04,9.411764705882352811e-01,-7.843137254901960675e-02
9.949717784078946584e-04,8.627450980392157298e-01,7.843137254901960675e-02
9.949737784078380946e-04,9.019607843137255054e-01,-1.568627450980392135e-01
9.949757784077815307e-04,9.019607843137255054e-01,1.176470588235294101e-01
9.949777784077249668e-04,9.411764705882352811e-01,0.000000000000000000e+00
9.949797784076684030e-04,8.235294117647058432e-01,0.000000000000000000e+00
9.949817784076118391e-04,8.627450980392157298e-01,3.921568627450980338e-02
9.949837784075552752e-04,9.019607843137255054e-01,-3.921568627450980338e-02
9.949857784074987114e-04,9.411764705882352811e-01,3.921568627450980338e-02
9.949877784074421475e-04,8.627450980392157298e-01,0.000000000000000000e+00
9.949897784073855837e-04,9.019607843137255054e-01,0.000000000000000000e+00
9.949917784073290198e-04,9.019607843137255054e-01,7.843137254901960675e-02
9.949937784072724559e-04,9.411764705882352811e-01,-7.843137254901960675e-02
9.949957784072158921e-04,8.235294117647058432e-01,3.921568627450980338e-02
9.949977784071593282e-04,9.019607843137255054e-01,0.000000000000000000e+00
9.949997784071027643e-04,9.019607843137255054e-01,0.000000000000000000e+00
9.950017784070462005e-04,9.019607843137255054e-01,3.921568627450980338e-02
9.950037784069896366e-04,8.627450980392157298e-01,-7.843137254901960675e-02
9.950057784069330728e-04,8.627450980392157298e-01,3.921568627450980338e-02
9.950077784068765089e-04,9.019607843137255054e-01,0.000000000000000000e+00
9.950097784068199450e-04,9.411764705882352811e-01,-3.921568627450980338e-02
9.950117784067633812e-04,8.235294117647058432e-01,1.176470588235294101e-01
9.950137784067068173e-04,9.019607843137255054e-01,-1.568627450980392135e-01
9.950157784066502534e-04,8.627450980392157298e-01,7.843137254901960675e-02
9.950177784065936896e-04,9.411764705882352811e-01,0.000000000000000000e+00
9.950197784065371257e-04,8.627450980392157298e-01,-7.843137254901960675e-02
9.950217784064805619e-04,8.627450980392157298e-01,7.843137254901960675e-02
9.950237784064239980e-04,9.019607843137255054e-01,-3.921568627450980338e-02
9.950257784063674341e-04,9.411764705882352811e-01,3.921568627450980338e-02
9.950277784063108703e-04,8.235294117647058432e-01,0.000000000000000000e+00
9.950297784062543064e-04,8.627450980392157298e-01,-7.843137254901960675e-02
9.950317784061977425e-04,8.627450980392157298e-01,3.921568627450980338e-02
9.950337784061411787e-04,9.411764705882352811e-01,-7.843137254901960675e-02
9.950357784060846148e-04,8.235294117647058432e-01,3.921568627450980338e-02
9.950377784060280510e-04,8.627450980392157298e-01,0.000000000000000000e+00
9.950397784059714871e-04,9.019607843137255054e-01,0.000000000000000000e+00
9.950417784059149232e-04,9.411764705882352811e-01,3.921568627450980338e-02
9.950437784058583594e-04,8.627450980392157298e-01,-7.843137254901960675e-02
9.950457784058017955e-04,9.019607843137255054e-01,3.921568627450980338e-02
9.950477784057452316e-04,8.627450980392157298e-01,0.000000000000000000e+00
9.950497784056886678e-04,9.411764705882352811e-01,-3.921568627450980338e-02
9.950517784056321039e-04,8.235294117647058432e-01,7.843137254901960675e-02
9.950537784055755400e-04,9.019607843137255054e-01,-1.568627450980392135e-01
9.950557784055189762e-04,9.019607843137255054e-01,1.176470588235294101e-01
9.950577784054624123e-04,9.411764705882352811e-01,-3.921568627450980338e-02
9.950597784054058485e-04,8.627450980392157298e-01,0.000000000000000000e+00
9.950617784053492846e-04,9.019607843137255054e-01,3.921568627450980338e-02
9.950637784052927207e-04,9.019607843137255054e-01,-3.921568627450980338e-02
9.950657784052361569e-04,9.411764705882352811e-01,3.921568627450980338e-02
9.950677784051795930e-04,8.627450980392157298e-01,0.000000000000000000e+00
9.950697784051230291e-04,9.019607843137255054e-01,-1.568627450980392135e-01
9.950717784050664653e-04,9.019607843137255054e-01,7.843137254901960675e-02
9.950737784050099014e-04,9.411764705882352811e-01,-1.568627450980392135e-01
9.950757784049533376e-04,8.627450980392157298e-01,3.921568627450980338e-02
9.950777784048967737e-04,8.627450980392157298e-01,0.000000000000000000e+00
9.950797784048402098e-04,9.411764705882352811e-01,3.921568627450980338e-02
9.950817784047836460e-04,9.411764705882352811e-01,3.921568627450980338e-02
9.950837784047270821e-04,8.235294117647058432e-01,-7.843137254901960675e-02
9.950857784046705182e-04,9.019607843137255054e-01,3.921568627450980338e-02
9.950877784046139544e-04,9.019607843137255054e-01,0.000000000000000000e+00
9.950897784045573905e-04,9.411764705882352811e-01,0.000000000000000000e+00
9.950917784045008267e-04,8.235294117647058432e-01,7.843137254901960675e-02
9.950937784044442628e-04,8.627450980392157298e-01,-1.568627450980392135e-01
9.950957784043876989e-04,9.019607843137255054e-01,1.176470588235294101e-01
9.950977784043311351e-04,9.019607843137255054e-01,0.000000000000000000e+00
9.950997784042745712e-04,8.235294117647058432e-01,-3.921568627450980338e-02
9.951017784042180073e-04,9.019607843137255054e-01,1.176470588235294101e-01
9.951037784041614435e-04,9.411764705882352811e-01,-7.843137254901960675e-02
9.951057784041048796e-04,9.411764705882352811e-01,3.921568627450980338e-02
9.951077784040483157e-04,8.627450980392157298e-01,0.000000000000000000e+00
9.951097784039917519e-04,9.019607843137255054e-01,-7.843137254901960675e-02
9.951117784039351880e-04,9.019607843137255054e-01,7.843137254901960675e-02
9.951137784038786242e-04,9.411764705882352811e-01,-7.843137254901960675e-02
9.951157784038220603e-04,8.627450980392157298e-01,7.843137254901960675e-02
9.951177784037654964e-04,8.627450980392157298e-01,0.000000000000000000e+00
9.951197784037089326e-04,9.019607843137255054e-01,3.921568627450980338e-02
9.951217784036523687e-04,9.411764705882352811e-01,7.843137254901960675e-02
9.951237784035958048e-04,8.235294117647058432e-01,-7.843137254901960675e-02
9.951257784035392410e-04,8.627450980392157298e-01,3.921568627450980338e-02
9.951277784034826771e-04,9.411764705882352811e-01,0.000000000000000000e+00
9.951297784034261133e-04,9.411764705882352811e-01,-3.921568627450980338e-02
9.951317784033695494e-04,8.627450980392157298e-01,7.843137254901960675e-02
9.951337784033129855e-04,9.019607843137255054e-01,-1.568627450980392135e-01
9.951357784032564217e-04,9.019607843137255054e-01,1.176470588235294101e-01
9.951377784031998578e-04,9.411764705882352811e-01,-3.921568627450980338e-02
9.951397784031432939e-04,8.235294117647058432e-01,-3.921568627450980338e-02
9.951417784030867301e-04,9.019607843137255054e-01,7.843137254901960675e-02
9.951437784030301662e-04,9.019607843137255054e-01,-3.921568627450980338e-02
9.951457784029736024e-04,9.411764705882352811e-01,7.843137254901960675e-02
9.951477784029170385e-04,8.627450980392157298e-01,0.000000000000000000e+00
9.951497784028604746e-04,9.019607843137255054e-01,-1.568627450980392135e-01
9.951517784028039108e-04,9.019607843137255054e-01,1.176470588235294101e-01
9.951537784027473469e-04,9.411764705882352811e-01,-7.843137254901960675e-02
9.951557784026907830e-04,8.627450980392157298e-01,3.921568627450980338e-02
9.951577784026342192e-04,8.627450980392157298e-01,0.000000000000000000e+00
9.951597784025776553e-04,8.627450980392157298e-01,7.843137254901960675e-02
9.951617784025210914e-04,9.411764705882352811e-01,7.843137254901960675e-02
9.951637784024645276e-04,8.235294117647058432e-01,-7.843137254901960675e-02
9.951657784024079637e-04,8.627450980392157298e-01,3.921568627450980338e-02
9.951677784023513999e-04,9.019607843137255054e-01,0.000000000000000000e+00
9.951697784022948360e-04,9.411764705882352811e-01,-7.843137254901960675e-02
9.951717784022382721e-04,8.235294117647058432e-01,7.843137254901960675e-02
9.951737784021817083e-04,8.627450980392157298e-01,-1.568627450980392135e-01
9.951757784021251444e-04,8.627450980392157298e-01,1.176470588235294101e-01
9.951777784020685805e-04,9.411764705882352811e-01,0.000000000000000000e+00
9.951797784020120167e-04,8.627450980392157298e-01,-3.921568627450980338e-02
9.951817784019554528e-04,9.019607843137255054e-01,7.843137254901960675e-02
9.951837784018988890e-04,9.019607843137255054e-01,-3.921568627450980338e-02
9.951857784018423251e-04,9.411764705882352811e-01,3.921568627450980338e-02
9.951877784017857612e-04,8.235294117647058432e-01,3.921568627450980338e-02
9.951897784017291974e-04,8.627450980392157298e-01,0.000000000000000000e+00
9.951917784016726335e-04,8.627450980392157298e-01,1.176470588235294101e-01
9.951937784016160696e-04,9.411764705882352811e-01,-7.843137254901960675e-02
9.951957784015595058e-04,8.235294117647058432e-01,7.843137254901960675e-02
9.951977784015029419e-04,8.627450980392157298e-01,0.000000000000000000e+00
9.951997784014463781e-04,8.627450980392157298e-01,0.000000000000000000e+00
9.952017784013898142e-04,9.411764705882352811e-01,3.921568627450980338e-02
9.952037784013332503e-04,8.627450980392157298e-01,-7.843137254901960675e-02
9.952057784012766865e-04,8.627450980392157298e-01,3.921568627450980338e-02
9.952077784012201226e-04,9.411764705882352811e-01,0.000000000000000000e+00
9.952097784011635587e-04,9.411764705882352811e-01,-3.921568627450980338e-02
9.952117784011069949e-04,8.235294117647058432e-01,7.843137254901960675e-02
9.952137784010504310e-04,9.019607843137255054e-01,-1.568627450980392135e-01
9.952157784009938672e-04,9.019607843137255054e-01,1.568627450980392135e-01
9.952177784009373033e-04,9.411764705882352811e-01,0.000000000000000000e+00
9.952197784008807394e-04,8.627450980392157298e-01,0.000000000000000000e+00
9.952217784008241756e-04,8.627450980392157298e-01,7.843137254901960675e-02
9.952237784007676117e-04,8.627450980392157298e-01,-7.843137254901960675e-02
9.952257784007110478e-04,9.411764705882352811e-01,3.921568627450980338e-02
9.952277784006544840e-04,8.627450980392157298e-01,0.000000000000000000e+00
9.952297784005979201e-04,8.627450980392157298e-01,0.000000000000000000e+00
9.952317784005413562e-04,8.627450980392157298e-01,7.843137254901960675e-02
9.952337784004847924e-04,9.019607843137255054e-01,-7.843137254901960675e-02
9.952357784004282285e-04,8.627450980392157298e-01,7.843137254901960675e-02
9.952377784003716647e-04,9.019607843137255054e-01,0.000000000000000000e+00
9.952397784003151008e-04,9.411764705882352811e-01,7.843137254901960675e-02
9.952417784002585369e-04,9.411764705882352811e-01,7.843137254901960675e-02
9.952437784002019731e-04,8.627450980392157298e-01,-7.843137254901960675e-02
9.952457784001454092e-04,9.019607843137255054e-01,3.921568627450980338e-02
9.952477784000888453e-04,9.019607843137255054e-01,0.000000000000000000e+00
9.952497784000322815e-04,9.411764705882352811e-01,-3.921568627450980338e-02
9.952517783999757176e-04,8.235294117647058432e-01,7.843137254901960675e-02
9.952537783999191538e-04,9.019607843137255054e-01,-1.568627450980392135e-01
9.952557783998625899e-04,8.627450980392157298e-01,1.176470588235294101e-01
9.952577783998060260e-04,9.019607843137255054e-01,0.000000000000000000e+00
9.952597783997494622e-04,8.235294117647058432e-01,-3.921568627450980338e-02
9.952617783996928983e-04,8.627450980392157298e-01,7.843137254901960675e-02
9.952637783996363344e-04,9.411764705882352811e-01,-3.921568627450980338e-02
9.952657783995797706e-04,9.411764705882352811e-01,3.921568627450980338e-02
9.952677783995232067e-04,9.019607843137255054e-01,0.000000000000000000e+00
9.952697783994666429e-04,9.019607843137255054e-01,0.000000000000000000e+00
9.952717783994100790e-04,9.019607843137255054e-01,7.843137254901960675e-02
9.952737783993535151e-04,9.411764705882352811e-01,-7.843137254901960675e-02
9.952757783992969513e-04,8.235294117647058432e-01,3.921568627450980338e-02
9.952777783992403874e-04,9.019607843137255054e-01,0.000000000000000000e+00
9.952797783991838235e-04,8.627450980392157298e-01,0.000000000000000000e+00
9.952817783991272597e-04,9.411764705882352811e-01,7.843137254901960675e-02
9.952837783990706958e-04,8.235294117647058432e-01,-7.843137254901960675e-02
9.952857783990141319e-04,9.019607843137255054e-01,7.843137254901960675e-02
9.952877783989575681e-04,9.411764705882352811e-01,0.000000000000000000e+00
9.952897783989010042e-04,9.411764705882352811e-01,-3.921568627450980338e-02
9.952917783988444404e-04,8.235294117647058432e-01,7.843137254901960675e-02
9.952937783987878765e-04,8.627450980392157298e-01,-1.568627450980392135e-01
9.952957783987313126e-04,9.019607843137255054e-01,1.568627450980392135e-01
9.952977783986747488e-04,9.019607843137255054e-01,-3.921568627450980338e-02
9.952997783986181849e-04,8.627450980392157298e-01,-3.921568627450980338e-02
9.953017783985616210e-04,9.019607843137255054e-01,7.843137254901960675e-02
9.953037783985050572e-04,9.019607843137255054e-01,-7.843137254901960675e-02
9.953057783984484933e-04,9.411764705882352811e-01,7.843137254901960675e-02
9.953077783983919295e-04,8.627450980392157298e-01,0.000000000000000000e+00
9.953097783983353656e-04,8.627450980392157298e-01,-1.568627450980392135e-01
9.953117783982788017e-04,9.019607843137255054e-01,7.843137254901960675e-02
9.953137783982222379e-04,9.411764705882352811e-01,-7.843137254901960675e-02
9.953157783981656740e-04,8.235294117647058432e-01,3.921568627450980338e-02
9.953177783981091101e-04,8.627450980392157298e-01,0.000000000000000000e+00
9.953197783980525463e-04,9.019607843137255054e-01,0.000000000000000000e+00
9.953217783979959824e-04,9.411764705882352811e-01,7.843137254901960675e-02
9.953237783979394186e-04,8.627450980392157298e-01,-3.921568627450980338e-02
9.953257783978828547e-04,9.019607843137255054e-01,1.176470588235294101e-01
9.953277783978262908e-04,9.019607843137255054e-01,0.000000000000000000e+00
9.953297783977697270e-04,9.411764705882352811e-01,-7.843137254901960675e-02
9.953317783977131631e-04,8.235294117647058432e-01,7.843137254901960675e-02
9.953337783976565992e-04,8.627450980392157298e-01,-1.568627450980392135e-01
9.953357783976000354e-04,9.019607843137255054e-01,1.176470588235294101e-01
9.953377783975434715e-04,9.411764705882352811e-01,0.000000000000000000e+00
9.953397783974869076e-04,8.235294117647058432e-01,-3.921568627450980338e-02
9.953417783974303438e-04,9.019607843137255054e-01,7.843137254901960675e-02
9.953437783973737799e-04,9.019607843137255054e-01,-3.921568627450980338e-02
9.953457783973172161e-04,9.411764705882352811e-01,7.843137254901960675e-02
9.953477783972606522e-04,8.235294117647058432e-01,0.000000000000000000e+00
9.953497783972040883e-04,8.627450980392157298e-01,0.000000000000000000e+00
9.953517783971475245e-04,9.019607843137255054e-01,7.843137254901960675e-02
9.953537783970909606e-04,9.411764705882352811e-01,-7.843137254901960675e-02
9.953557783970343967e-04,8.235294117647058432e-01,3.921568627450980338e-02
9.953577783969778329e-04,8.627450980392157298e-01,0.000000000000000000e+00
9.953597783969212690e-04,9.019607843137255054e-01,3.921568627450980338e-02
9.953617783968647052e-04,9.411764705882352811e-01,0.000000000000000000e+00
9.953637783968081413e-04,8.627450980392157298e-01,-7.843137254901960675e-02
9.953657783967515774e-04,9.019607843137255054e-01,3.921568627450980338e-02
9.953677783966950136e-04,9.411764705882352811e-01,0.000000000000000000e+00
9.953697783966384497e-04,9.411764705882352811e-01,0.000000000000000000e+00
9.953717783965818858e-04,8.627450980392157298e-01,7.843137254901960675e-02
9.953737783965253220e-04,9.019607843137255054e-01,-7.843137254901960675e-02
9.953757783964687581e-04,9.019607843137255054e-01,1.176470588235294101e-01
9.953777783964121943e-04,9.411764705882352811e-01,-3.921568627450980338e-02
9.953797783963556304e-04,8.627450980392157298e-01,-3.921568627450980338e-02
9.953817783962990665e-04,9.019607843137255054e-01,7.843137254901960675e-02
9.953837783962425027e-04,9.411764705882352811e-01,-3.921568627450980338e-02
9.953857783961859388e-04,9.411764705882352811e-01,7.843137254901960675e-02
9.953877783961293749e-04,8.235294117647058432e-01,0.000000000000000000e+00
9.953897783960728111e-04,9.411764705882352811e-01,0.000000000000000000e+00
9.953917783960162472e-04,9.019607843137255054e-01,7.843137254901960675e-02
9.953937783959596833e-04,9.411764705882352811e-01,-7.843137254901960675e-02
9.953957783959031195e-04,8.627450980392157298e-01,3.921568627450980338e-02
9.953977783958465556e-04,9.019607843137255054e-01,0.000000000000000000e+00
9.953997783957899918e-04,9.019607843137255054e-01,3.921568627450980338e-02
9.954017783957334279e-04,9.411764705882352811e-01,3.921568627450980338e-02
9.954037783956768640e-04,8.235294117647058432e-01,-3.921568627450980338e-02
9.954057783956203002e-04,8.627450980392157298e-01,3.921568627450980338e-02
9.954077783955637363e-04,9.411764705882352811e-01,0.000000000000000000e+00
9.954097783955071724e-04,9.411764705882352811e-01,-7.843137254901960675e-02
9.954117783954506086e-04,8.235294117647058432e-01,7.843137254901960675e-02
9.954137783953940447e-04,9.411764705882352811e-01,-1.568627450980392135e-01
9.954157783953374809e-04,9.019607843137255054e-01,1.176470588235294101e-01
9.954177783952809170e-04,9.019607843137255054e-01,-3.921568627450980338e-02
9.954197783952243531e-04,8.627450980392157298e-01,0.000000000000000000e+00
9.954217783951677893e-04,9.019607843137255054e-01,3.921568627450980338e-02
9.954237783951112254e-04,9.019607843137255054e-01,-3.921568627450980338e-02
9.954257783950546615e-04,9.411764705882352811e-01,7.843137254901960675e-02
9.954277783949980977e-04,8.627450980392157298e-01,0.000000000000000000e+00
9.954297783949415338e-04,8.627450980392157298e-01,0.000000000000000000e+00
9.954317783948849700e-04,9.019607843137255054e-01,7.843137254901960675e-02
9.954337783948284061e-04,9.019607843137255054e-01,-3.921568627450980338e-02
9.954357783947718422e-04,8.235294117647058432e-01,7.843137254901960675e-02
9.954377783947152784e-04,9.019607843137255054e-01,0.000000000000000000e+00
9.954397783946587145e-04,8.627450980392157298e-01,3.921568627450980338e-02
9.954417783946021506e-04,9.411764705882352811e-01,3.921568627450980338e-02
9.954437783945455868e-04,8.627450980392157298e-01,-3.921568627450980338e-02
9.954457783944890229e-04,8.235294117647058432e-01,3.921568627450980338e-02
9.954477783944324591e-04,9.019607843137255054e-01,0.000000000000000000e+00
9.954497783943758952e-04,9.411764705882352811e-01,-3.921568627450980338e-02
9.954517783943193313e-04,8.235294117647058432e-01,7.843137254901960675e-02
9.954537783942627675e-04,8.627450980392157298e-01,-1.568627450980392135e-01
9.954557783942062036e-04,9.019607843137255054e-01,7.843137254901960675e-02
9.954577783941496397e-04,9.019607843137255054e-01,0.000000000000000000e+00
9.954597783940930759e-04,8.627450980392157298e-01,-3.921568627450980338e-02
9.954617783940365120e-04,8.627450980392157298e-01,7.843137254901960675e-02
9.954637783939799481e-04,9.411764705882352811e-01,-3.921568627450980338e-02
9.954657783939233843e-04,9.411764705882352811e-01,7.843137254901960675e-02
9.954677783938668204e-04,9.019607843137255054e-01,0.000000000000000000e+00
9.954697783938102566e-04,9.019607843137255054e-01,0.000000000000000000e+00
9.954717783937536927e-04,9.019607843137255054e-01,7.843137254901960675e-02
9.954737783936971288e-04,9.803921568627450567e-01,-7.843137254901960675e-02
9.954757783936405650e-04,8.235294117647058432e-01,3.921568627450980338e-02
9.954777783935840011e-04,8.627450980392157298e-01,0.000000000000000000e+00
9.954797783935274372e-04,9.019607843137255054e-01,3.921568627450980338e-02
9.954817783934708734e-04,9.411764705882352811e-01,7.843137254901960675e-02
9.954837783934143095e-04,8.627450980392157298e-01,-3.921568627450980338e-02
9.954857783933577457e-04,8.627450980392157298e-01,3.921568627450980338e-02
9.954877783933011818e-04,8.627450980392157298e-01,0.000000000000000000e+00
9.954897783932446179e-04,9.411764705882352811e-01,-3.921568627450980338e-02
9.954917783931880541e-04,8.235294117647058432e-01,7.843137254901960675e-02
9.954937783931314902e-04,8.627450980392157298e-01,-1.568627450980392135e-01
9.954957783930749263e-04,8.627450980392157298e-01,1.568627450980392135e-01
9.954977783930183625e-04,9.411764705882352811e-01,0.000000000000000000e+00
9.954997783929617986e-04,8.627450980392157298e-01,0.000000000000000000e+00
9.955017783929052348e-04,8.627450980392157298e-01,3.921568627450980338e-02
9.955037783928486709e-04,9.019607843137255054e-01,-1.568627450980392135e-01
9.955057783927921070e-04,9.411764705882352811e-01,7.843137254901960675e-02
9.955077783927355432e-04,8.627450980392157298e-01,0.000000000000000000e+00
9.955097783926789793e-04,8.235294117647058432e-01,0.000000000000000000e+00
9.955117783926224154e-04,9.019607843137255054e-01,3.921568627450980338e-02
9.955137783925658516e-04,9.411764705882352811e-01,-7.843137254901960675e-02
9.955157783925092877e-04,8.235294117647058432e-01,3.921568627450980338e-02
9.955177783924527238e-04,8.627450980392157298e-01,0.000000000000000000e+00
9.955197783923961600e-04,9.019607843137255054e-01,7.843137254901960675e-02
9.955217783923395961e-04,9.411764705882352811e-01,3.921568627450980338e-02
9.955237783922830323e-04,8.235294117647058432e-01,-7.843137254901960675e-02
9.955257783922264684e-04,9.019607843137255054e-01,7.843137254901960675e-02
9.955277783921699045e-04,9.411764705882352811e-01,0.000000000000000000e+00
9.955297783921133407e-04,9.411764705882352811e-01,0.000000000000000000e+00
9.955317783920567768e-04,8.627450980392157298e-01,7.843137254901960675e-02
9.955337783920002129e-04,8.627450980392157298e-01,-1.568627450980392135e-01
9.955357783919436491e-04,9.019607843137255054e-01,1.568627450980392135e-01
9.955377783918870852e-04,9.411764705882352811e-01,0.000000000000000000e+00
9.955397783918305214e-04,8.235294117647058432e-01,-3.921568627450980338e-02
9.955417783917739575e-04,8.235294117647058432e-01,3.921568627450980338e-02
9.955437783917173936e-04,9.019607843137255054e-01,-7.843137254901960675e-02
9.955457783916608298e-04,9.411764705882352811e-01,3.921568627450980338e-02
9.955477783916042659e-04,8.627450980392157298e-01,3.921568627450980338e-02
9.955497783915477020e-04,9.019607843137255054e-01,0.000000000000000000e+00
9.955517783914911382e-04,9.019607843137255054e-01,7.843137254901960675e-02
9.955537783914345743e-04,9.803921568627450567e-01,-7.843137254901960675e-02
9.955557783913780105e-04,8.235294117647058432e-01,7.843137254901960675e-02
9.955577783913214466e-04,8.627450980392157298e-01,0.000000000000000000e+00
9.955597783912648827e-04,9.019607843137255054e-01,0.000000000000000000e+00
9.955617783912083189e-04,9.411764705882352811e-01,3.921568627450980338e-02
9.955637783911517550e-04,8.235294117647058432e-01,-3.921568627450980338e-02
9.955657783910951911e-04,9.019607843137255054e-01,3.921568627450980338e-02
9.955677783910386273e-04,9.019607843137255054e-01,0.000000000000000000e+00
9.955697783909820634e-04,9.411764705882352811e-01,-3.921568627450980338e-02
9.955717783909254995e-04,8.235294117647058432e-01,7.843137254901960675e-02
9.955737783908689357e-04,9.019607843137255054e-01,-1.568627450980392135e-01
9.955757783908123718e-04,9.019607843137255054e-01,1.176470588235294101e-01
9.955777783907558080e-04,9.411764705882352811e-01,-3.921568627450980338e-02
9.955797783906992441e-04,8.627450980392157298e-01,-3.921568627450980338e-02
9.955817783906426802e-04,8.627450980392157298e-01,3.921568627450980338e-02
9.955837783905861164e-04,9.019607843137255054e-01,-3.921568627450980338e-02
9.955857783905295525e-04,9.019607843137255054e-01,0.000000000000000000e+00
9.955877783904729886e-04,8.627450980392157298e-01,0.000000000000000000e+00
9.955897783904164248e-04,9.019607843137255054e-01,-7.843137254901960675e-02
9.955917783903598609e-04,9.019607843137255054e-01,7.843137254901960675e-02
9.955937783903032971e-04,9.411764705882352811e-01,-7.843137254901960675e-02
9.955957783902467332e-04,8.235294117647058432e-01,7.843137254901960675e-02
9.955977783901901693e-04,9.019607843137255054e-01,0.000000000000000000e+00
9.955997783901336055e-04,9.019607843137255054e-01,0.000000000000000000e+00
9.956017783900770416e-04,9.411764705882352811e-01,3.921568627450980338e-02
9.956037783900204777e-04,8.235294117647058432e-01,-7.843137254901960675e-02
9.956057783899639139e-04,8.627450980392157298e-01,3.921568627450980338e-02
9.956077783899073500e-04,9.019607843137255054e-01,0.000000000000000000e+00
9.956097783898507862e-04,9.019607843137255054e-01,-3.921568627450980338e-02
9.956117783897942223e-04,8.627450980392157298e-01,7.843137254901960675e-02
9.956137783897376584e-04,9.019607843137255054e-01,-7.843137254901960675e-02
9.956157783896810946e-04,9.019607843137255054e-01,1.176470588235294101e-01
9.956177783896245307e-04,9.411764705882352811e-01,-3.921568627450980338e-02
9.956197783895679668e-04,8.627450980392157298e-01,-3.921568627450980338e-02
9.956217783895114030e-04,8.627450980392157298e-01,7.843137254901960675e-02
9.956237783894548391e-04,9.019607843137255054e-01,-7.843137254901960675e-02
9.956257783893982753e-04,9.411764705882352811e-01,7.843137254901960675e-02
9.956277783893417114e-04,8.627450980392157298e-01,0.000000000000000000e+00
9.956297783892851475e-04,8.627450980392157298e-01,-3.921568627450980338e-02
9.956317783892285837e-04,8.627450980392157298e-01,7.843137254901960675e-02
9.956337783891720198e-04,9.411764705882352811e-01,-7.843137254901960675e-02
9.956357783891154559e-04,8.235294117647058432e-01,3.921568627450980338e-02
9.956377783890588921e-04,9.411764705882352811e-01,0.000000000000000000e+00
9.956397783890023282e-04,9.411764705882352811e-01,3.921568627450980338e-02
9.956417783889457643e-04,9.411764705882352811e-01,7.843137254901960675e-02
9.956437783888892005e-04,8.627450980392157298e-01,-7.843137254901960675e-02
9.956457783888326366e-04,8.627450980392157298e-01,3.921568627450980338e-02
9.956477783887760728e-04,9.411764705882352811e-01,0.000000000000000000e+00
9.956497783887195089e-04,9.411764705882352811e-01,-7.843137254901960675e-02
9.956517783886629450e-04,8.235294117647058432e-01,7.843137254901960675e-02
9.956537783886063812e-04,9.411764705882352811e-01,-1.568627450980392135e-01
9.956557783885498173e-04,9.019607843137255054e-01,1.176470588235294101e-01
9.956577783884932534e-04,9.411764705882352811e-01,-3.921568627450980338e-02
9.956597783884366896e-04,8.627450980392157298e-01,-3.921568627450980338e-02
9.956617783883801257e-04,8.627450980392157298e-01,7.843137254901960675e-02
9.956637783883235619e-04,9.019607843137255054e-01,-3.921568627450980338e-02
9.956657783882669980e-04,9.411764705882352811e-01,3.921568627450980338e-02
9.956677783882104341e-04,8.235294117647058432e-01,0.000000000000000000e+00
9.956697783881538703e-04,8.627450980392157298e-01,0.000000000000000000e+00
9.956717783880973064e-04,9.019607843137255054e-01,7.843137254901960675e-02
9.956737783880407425e-04,9.411764705882352811e-01,-7.843137254901960675e-02
9.956757783879841787e-04,8.627450980392157298e-01,0.000000000000000000e+00
9.956777783879276148e-04,9.019607843137255054e-01,0.000000000000000000e+00
9.956797783878710510e-04,9.411764705882352811e-01,3.921568627450980338e-02
9.956817783878144871e-04,9.411764705882352811e-01,3.921568627450980338e-02
9.956837783877579232e-04,8.627450980392157298e-01,-3.921568627450980338e-02
9.956857783877013594e-04,8.627450980392157298e-01,7.843137254901960675e-02
9.956877783876447955e-04,9.019607843137255054e-01,0.000000000000000000e+00
9.956897783875882316e-04,9.411764705882352811e-01,-3.921568627450980338e-02
9.956917783875316678e-04,8.235294117647058432e-01,7.843137254901960675e-02
9.956937783874751039e-04,9.019607843137255054e-01,-1.568627450980392135e-01
9.956957783874185400e-04,9.019607843137255054e-01,1.176470588235294101e-01
9.956977783873619762e-04,9.411764705882352811e-01,-3.921568627450980338e-02
9.956997783873054123e-04,8.235294117647058432e-01,-3.921568627450980338e-02
9.957017783872488485e-04,8.627450980392157298e-01,7.843137254901960675e-02
9.957037783871922846e-04,9.019607843137255054e-01,-7.843137254901960675e-02
9.957057783871357207e-04,9.411764705882352811e-01,3.921568627450980338e-02
9.957077783870791569e-04,8.627450980392157298e-01,0.000000000000000000e+00
9.957097783870225930e-04,8.627450980392157298e-01,0.000000000000000000e+00
9.957117783869660291e-04,8.627450980392157298e-01,1.176470588235294101e-01
9.957137783869094653e-04,9.803921568627450567e-01,-3.921568627450980338e-02
9.957157783868529014e-04,8.235294117647058432e-01,3.921568627450980338e-02
9.957177783867963376e-04,9.411764705882352811e-01,0.000000000000000000e+00
9.957197783867397737e-04,9.411764705882352811e-01,3.921568627450980338e-02
9.957217783866832098e-04,9.411764705882352811e-01,3.921568627450980338e-02
9.957237783866266460e-04,8.235294117647058432e-01,-7.843137254901960675e-02
9.957257783865700821e-04,8.627450980392157298e-01,3.921568627450980338e-02
9.957277783865135182e-04,9.019607843137255054e-01,0.000000000000000000e+00
9.957297783864569544e-04,9.411764705882352811e-01,-3.921568627450980338e-02
9.957317783864003905e-04,8.235294117647058432e-01,7.843137254901960675e-02
9.957337783863438267e-04,8.627450980392157298e-01,-1.568627450980392135e-01
9.957357783862872628e-04,9.019607843137255054e-01,1.176470588235294101e-01
9.957377783862306989e-04,9.019607843137255054e-01,-3.921568627450980338e-02
9.957397783861741351e-04,8.627450980392157298e-01,-3.921568627450980338e-02
9.957417783861175712e-04,8.627450980392157298e-01,7.843137254901960675e-02
9.957437783860610073e-04,9.019607843137255054e-01,-3.921568627450980338e-02
9.957457783860044435e-04,9.411764705882352811e-01,7.843137254901960675e-02
9.957477783859478796e-04,8.627450980392157298e-01,0.000000000000000000e+00
9.957497783858913157e-04,8.627450980392157298e-01,-7.843137254901960675e-02
9.957517783858347519e-04,8.627450980392157298e-01,7.843137254901960675e-02
9.957537783857781880e-04,9.411764705882352811e-01,0.000000000000000000e+00
9.957557783857216242e-04,8.235294117647058432e-01,3.921568627450980338e-02
9.957577783856650603e-04,9.019607843137255054e-01,0.000000000000000000e+00
9.957597783856084964e-04,9.019607843137255054e-01,3.921568627450980338e-02
9.957617783855519326e-04,9.411764705882352811e-01,3.921568627450980338e-02
9.957637783854953687e-04,8.627450980392157298e-01,-7.843137254901960675e-02
9.957657783854388048e-04,9.019607843137255054e-01,0.000000000000000000e+00
9.957677783853822410e-04,9.411764705882352811e-01,0.000000000000000000e+00
9.957697783853256771e-04,9.411764705882352811e-01,-3.921568627450980338e-02
9.957717783852691133e-04,8.235294117647058432e-01,7.843137254901960675e-02
9.957737783852125494e-04,8.627450980392157298e-01,-3.921568627450980338e-02
9.957757783851559855e-04,9.019607843137255054e-01,1.176470588235294101e-01
9.957777783850994217e-04,9.411764705882352811e-01,0.000000000000000000e+00
9.957797783850428578e-04,8.627450980392157298e-01,-3.921568627450980338e-02
9.957817783849862939e-04,9.019607843137255054e-01,3.921568627450980338e-02
9.957837783849297301e-04,9.411764705882352811e-01,-3.921568627450980338e-02
9.957857783848731662e-04,9.411764705882352811e-01,7.843137254901960675e-02
9.957877783848166024e-04,8.235294117647058432e-01,0.000000000000000000e+00
9.957897783847600385e-04,9.019607843137255054e-01,0.000000000000000000e+00
9.957917783847034746e-04,9.019607843137255054e-01,7.843137254901960675e-02
9.957937783846469108e-04,9.803921568627450567e-01,-7.843137254901960675e-02
9.957957783845903469e-04,8.627450980392157298e-01,3.921568627450980338e-02
9.957977783845337830e-04,8.627450980392157298e-01,0.000000000000000000e+00
9.957997783844772192e-04,8.627450980392157298e-01,3.921568627450980338e-02
9.958017783844206553e-04,9.411764705882352811e-01,3.921568627450980338e-02
9.958037783843640914e-04,8.235294117647058432e-01,-7.843137254901960675e-02
9.958057783843075276e-04,9.019607843137255054e-01,0.000000000000000000e+00
9.958077783842509637e-04,9.019607843137255054e-01,0.000000000000000000e+00
9.958097783841943999e-04,9.411764705882352811e-01,-3.921568627450980338e-02
9.958117783841378360e-04,8.627450980392157298e-01,7.843137254901960675e-02
9.958137783840812721e-04,9.019607843137255054e-01,-1.568627450980392135e-01
9.958157783840247083e-04,9.019607843137255054e-01,1.176470588235294101e-01
9.958177783839681444e-04,9.411764705882352811e-01,0.000000000000000000e+00
9.958197783839115805e-04,8.235294117647058432e-01,-3.921568627450980338e-02
9.958217783838550167e-04,9.019607843137255054e-01,7.843137254901960675e-02
9.958237783837984528e-04,9.019607843137255054e-01,0.000000000000000000e+00
9.958257783837418890e-04,9.411764705882352811e-01,7.843137254901960675e-02
9.958277783836853251e-04,8.627450980392157298e-01,3.921568627450980338e-02
9.958297783836287612e-04,8.627450980392157298e-01,0.000000000000000000e+00
9.958317783835721974e-04,9.019607843137255054e-01,1.176470588235294101e-01
9.958337783835156335e-04,9.411764705882352811e-01,-7.843137254901960675e-02
9.958357783834590696e-04,8.627450980392157298e-01,7.843137254901960675e-02
9.958377783834025058e-04,9.019607843137255054e-01,0.000000000000000000e+00
9.958397783833459419e-04,9.019607843137255054e-01,0.000000000000000000e+00
9.958417783832893781e-04,9.411764705882352811e-01,3.921568627450980338e-02
9.958437783832328142e-04,8.627450980392157298e-01,-7.843137254901960675e-02
9.958457783831762503e-04,8.627450980392157298e-01,3.921568627450980338e-02
9.958477783831196865e-04,9.411764705882352811e-01,0.000000000000000000e+00
9.958497783830631226e-04,9.411764705882352811e-01,-7.843137254901960675e-02
9.958517783830065587e-04,8.627450980392157298e-01,7.843137254901960675e-02
9.958537783829499949e-04,9.019607843137255054e-01,-1.568627450980392135e-01
9.958557783828934310e-04,8.627450980392157298e-01,1.176470588235294101e-01
9.958577783828368672e-04,9.411764705882352811e-01,0.000000000000000000e+00
9.958597783827803033e-04,8.627450980392157298e-01,-3.921568627450980338e-02
9.958617783827237394e-04,8.627450980392157298e-01,3.921568627450980338e-02
9.958637783826671756e-04,9.019607843137255054e-01,-3.921568627450980338e-02
9.958657783826106117e-04,9.411764705882352811e-01,0.000000000000000000e+00
9.958677783825540478e-04,8.627450980392157298e-01,0.000000000000000000e+00
9.958697783824974840e-04,9.019607843137255054e-01,0.000000000000000000e+00
9.958717783824409201e-04,9.019607843137255054e-01,7.843137254901960675e-02
9.958737783823843562e-04,9.411764705882352811e-01,-7.843137254901960675e-02
9.958757783823277924e-04,8.627450980392157298e-01,3.921568627450980338e-02
9.958777783822712285e-04,9.019607843137255054e-01,0.000000000000000000e+00
9.958797783822146647e-04,9.019607843137255054e-01,3.921568627450980338e-02
9.958817783821581008e-04,9.411764705882352811e-01,7.843137254901960675e-02
9.958837783821015369e-04,8.627450980392157298e-01,-7.843137254901960675e-02
9.958857783820449731e-04,9.019607843137255054e-01,7.843137254901960675e-02
9.958877783819884092e-04,9.019607843137255054e-01,3.921568627450980338e-02
9.958897783819318453e-04,9.803921568627450567e-01,-3.921568627450980338e-02
9.958917783818752815e-04,8.235294117647058432e-01,7.843137254901960675e-02
9.958937783818187176e-04,9.411764705882352811e-01,-1.568627450980392135e-01
9.958957783817621538e-04,9.411764705882352811e-01,1.176470588235294101e-01
9.958977783817055899e-04,9.411764705882352811e-01,-3.921568627450980338e-02
9.958997783816490260e-04,8.627450980392157298e-01,0.000000000000000000e+00
9.959017783815924622e-04,8.235294117647058432e-01,7.843137254901960675e-02
9.959037783815358983e-04,9.019607843137255054e-01,-3.921568627450980338e-02
9.959057783814793344e-04,9.411764705882352811e-01,7.843137254901960675e-02
9.959077783814227706e-04,8.627450980392157298e-01,0.000000000000000000e+00
9.959097783813662067e-04,8.627450980392157298e-01,0.000000000000000000e+00
9.959117783813096429e-04,9.019607843137255054e-01,1.176470588235294101e-01
9.959137783812530790e-04,9.411764705882352811e-01,-7.843137254901960675e-02
9.959157783811965151e-04,8.627450980392157298e-01,0.000000000000000000e+00
9.959177783811399513e-04,9.019607843137255054e-01,0.000000000000000000e+00
9.959197783810833874e-04,9.019607843137255054e-01,3.921568627450980338e-02
9.959217783810268235e-04,9.411764705882352811e-01,7.843137254901960675e-02
9.959237783809702597e-04,8.627450980392157298e-01,-3.921568627450980338e-02
9.959257783809136958e-04,8.627450980392157298e-01,7.843137254901960675e-02
9.959277783808571319e-04,8.627450980392157298e-01,0.000000000000000000e+00
9.959297783808005681e-04,9.411764705882352811e-01,-3.921568627450980338e-02
9.959317783807440042e-04,8.235294117647058432e-01,1.176470588235294101e-01
9.959337783806874404e-04,9.019607843137255054e-01,-1.568627450980392135e-01
9.959357783806308765e-04,9.019607843137255054e-01,7.843137254901960675e-02
9.959377783805743126e-04,9.411764705882352811e-01,0.000000000000000000e+00
9.959397783805177488e-04,8.627450980392157298e-01,0.000000000000000000e+00
9.959417783804611849e-04,9.019607843137255054e-01,7.843137254901960675e-02
9.959437783804046210e-04,9.019607843137255054e-01,0.000000000000000000e+00
9.959457783803480572e-04,9.411764705882352811e-01,3.921568627450980338e-02
9.959477783802914933e-04,8.627450980392157298e-01,0.000000000000000000e+00
9.959497783802349295e-04,9.019607843137255054e-01,0.000000000000000000e+00
9.959517783801783656e-04,9.019607843137255054e-01,1.176470588235294101e-01
9.959537783801218017e-04,9.411764705882352811e-01,-3.921568627450980338e-02
9.959557783800652379e-04,8.235294117647058432e-01,0.000000000000000000e+00
9.959577783800086740e-04,9.019607843137255054e-01,0.000000000000000000e+00
9.959597783799521101e-04,9.019607843137255054e-01,3.921568627450980338e-02
9.959617783798955463e-04,9.019607843137255054e-01,7.843137254901960675e-02
9.959637783798389824e-04,8.627450980392157298e-01,-3.921568627450980338e-02
9.959657783797824186e-04,9.019607843137255054e-01,3.921568627450980338e-02
9.959677783797258547e-04,9.019607843137255054e-01,0.000000000000000000e+00
9.959697783796692908e-04,9.411764705882352811e-01,-3.921568627450980338e-02
9.959717783796127270e-04,8.627450980392157298e-01,7.843137254901960675e-02
9.959737783795561631e-04,9.019607843137255054e-01,-1.568627450980392135e-01
9.959757783794995992e-04,9.019607843137255054e-01,7.843137254901960675e-02
9.959777783794430354e-04,9.411764705882352811e-01,0.000000000000000000e+00
9.959797783793864715e-04,8.627450980392157298e-01,-3.921568627450980338e-02
9.959817783793299076e-04,8.627450980392157298e-01,7.843137254901960675e-02
9.959837783792733438e-04,9.019607843137255054e-01,-3.921568627450980338e-02
9.959857783792167799e-04,9.019607843137255054e-01,7.843137254901960675e-02
9.959877783791602161e-04,8.627450980392157298e-01,0.000000000000000000e+00
9.959897783791036522e-04,9.411764705882352811e-01,0.000000000000000000e+00
9.959917783790470883e-04,9.019607843137255054e-01,7.843137254901960675e-02
9.959937783789905245e-04,9.411764705882352811e-01,-7.843137254901960675e-02
9.959957783789339606e-04,8.235294117647058432e-01,3.921568627450980338e-02
9.959977783788773967e-04,9.019607843137255054e-01,0.000000000000000000e+00
9.959997783788208329e-04,9.019607843137255054e-01,3.921568627450980338e-02
9.960017783787642690e-04,9.411764705882352811e-01,3.921568627450980338e-02
9.960037783787077052e-04,8.627450980392157298e-01,-7.843137254901960675e-02
9.960057783786511413e-04,8.627450980392157298e-01,7.843137254901960675e-02
9.960077783785945774e-04,8.627450980392157298e-01,0.000000000000000000e+00
9.960097783785380136e-04,9.411764705882352811e-01,-7.843137254901960675e-02
9.960117783784814497e-04,8.627450980392157298e-01,7.843137254901960675e-02
9.960137783784248858e-04,9.019607843137255054e-01,-1.568627450980392135e-01
9.960157783783683220e-04,9.019607843137255054e-01,1.176470588235294101e-01
9.960177783783117581e-04,9.411764705882352811e-01,0.000000000000000000e+00
9.960197783782551943e-04,8.627450980392157298e-01,0.000000000000000000e+00
9.960217783781986304e-04,9.019607843137255054e-01,3.921568627450980338e-02
9.960237783781420665e-04,9.411764705882352811e-01,-3.921568627450980338e-02
9.960257783780855027e-04,9.411764705882352811e-01,7.843137254901960675e-02
9.960277783780289388e-04,9.019607843137255054e-01,0.000000000000000000e+00
9.960297783779723749e-04,9.019607843137255054e-01,0.000000000000000000e+00
9.960317783779158111e-04,9.019607843137255054e-01,7.843137254901960675e-02
9.960337783778592472e-04,9.411764705882352811e-01,-7.843137254901960675e-02
9.960357783778026834e-04,8.627450980392157298e-01,7.843137254901960675e-02
9.960377783777461195e-04,9.019607843137255054e-01,0.000000000000000000e+00
9.960397783776895556e-04,9.019607843137255054e-01,3.921568627450980338e-02
9.960417783776329918e-04,9.411764705882352811e-01,0.000000000000000000e+00
9.960437783775764279e-04,8.627450980392157298e-01,-7.843137254901960675e-02
9.960457783775198640e-04,8.627450980392157298e-01,3.921568627450980338e-02
9.960477783774633002e-04,8.627450980392157298e-01,0.000000000000000000e+00
9.960497783774067363e-04,9.411764705882352811e-01,-7.843137254901960675e-02
9.960517783773501724e-04,8.627450980392157298e-01,7.843137254901960675e-02
9.960537783772936086e-04,9.019607843137255054e-01,-1.568627450980392135e-01
9.960557783772370447e-04,9.019607843137255054e-01,7.843137254901960675e-02
9.960577783771804809e-04,9.411764705882352811e-01,0.000000000000000000e+00
9.960597783771239170e-04,8.235294117647058432e-01,-3.921568627450980338e-02
9.960617783770673531e-04,9.019607843137255054e-01,3.921568627450980338e-02
9.960637783770107893e-04,9.019607843137255054e-01,-3.921568627450980338e-02
9.960657783769542254e-04,9.411764705882352811e-01,3.921568627450980338e-02
9.960677783768976615e-04,8.235294117647058432e-01,0.000000000000000000e+00
9.960697783768410977e-04,8.627450980392157298e-01,0.000000000000000000e+00
9.960717783767845338e-04,9.019607843137255054e-01,7.843137254901960675e-02
9.960737783767279700e-04,9.803921568627450567e-01,-7.843137254901960675e-02
9.960757783766714061e-04,8.627450980392157298e-01,3.921568627450980338e-02
9.960777783766148422e-04,9.019607843137255054e-01,0.000000000000000000e+00
9.960797783765582784e-04,9.019607843137255054e-01,3.921568627450980338e-02
9.960817783765017145e-04,9.411764705882352811e-01,7.843137254901960675e-02
9.960837783764451506e-04,8.235294117647058432e-01,-3.921568627450980338e-02
9.960857783763885868e-04,9.411764705882352811e-01,3.921568627450980338e-02
9.960877783763320229e-04,9.411764705882352811e-01,0.000000000000000000e+00
9.960897783762754591e-04,9.803921568627450567e-01,-3.921568627450980338e-02
9.960917783762188952e-04,8.627450980392157298e-01,7.843137254901960675e-02
9.960937783761623313e-04,8.627450980392157298e-01,-1.568627450980392135e-01
9.960957783761057675e-04,9.019607843137255054e-01,1.176470588235294101e-01
9.960977783760492036e-04,9.411764705882352811e-01,0.000000000000000000e+00
9.960997783759926397e-04,8.627450980392157298e-01,-3.921568627450980338e-02
9.961017783759360759e-04,9.019607843137255054e-01,7.843137254901960675e-02
9.961037783758795120e-04,9.019607843137255054e-01,-3.921568627450980338e-02
9.961057783758229481e-04,9.019607843137255054e-01,7.843137254901960675e-02
9.961077783757663843e-04,8.627450980392157298e-01,0.000000000000000000e+00
9.961097783757098204e-04,9.019607843137255054e-01,-1.568627450980392135e-01
9.961117783756532566e-04,9.411764705882352811e-01,1.176470588235294101e-01
9.961137783755966927e-04,9.411764705882352811e-01,-7.843137254901960675e-02
9.961157783755401288e-04,8.235294117647058432e-01,0.000000000000000000e+00
9.961177783754835650e-04,8.235294117647058432e-01,0.000000000000000000e+00
9.961197783754270011e-04,9.019607843137255054e-01,3.921568627450980338e-02
9.961217783753704372e-04,9.411764705882352811e-01,3.921568627450980338e-02
9.961237783753138734e-04,8.627450980392157298e-01,-7.843137254901960675e-02
9.961257783752573095e-04,9.019607843137255054e-01,7.843137254901960675e-02
9.961277783752007457e-04,9.019607843137255054e-01,0.000000000000000000e+00
9.961297783751441818e-04,9.411764705882352811e-01,-3.921568627450980338e-02
9.961317783750876179e-04,8.235294117647058432e-01,1.176470588235294101e-01
9.961337783750310541e-04,9.019607843137255054e-01,-1.568627450980392135e-01
9.961357783749744902e-04,9.019607843137255054e-01,1.176470588235294101e-01
9.961377783749179263e-04,9.411764705882352811e-01,-3.921568627450980338e-02
9.961397783748613625e-04,8.627450980392157298e-01,-3.921568627450980338e-02
9.961417783748047986e-04,9.019607843137255054e-01,7.843137254901960675e-02
9.961437783747482348e-04,9.019607843137255054e-01,-3.921568627450980338e-02
9.961457783746916709e-04,9.411764705882352811e-01,3.921568627450980338e-02
9.961477783746351070e-04,8.627450980392157298e-01,0.000000000000000000e+00
9.961497783745785432e-04,9.411764705882352811e-01,0.000000000000000000e+00
9.961517783745219793e-04,9.019607843137255054e-01,7.843137254901960675e-02
9.961537783744654154e-04,9.019607843137255054e-01,-7.843137254901960675e-02
9.961557783744088516e-04,8.235294117647058432e-01,3.921568627450980338e-02
9.961577783743522877e-04,8.627450980392157298e-01,0.000000000000000000e+00
9.961597783742957238e-04,9.019607843137255054e-01,3.921568627450980338e-02
9.961617783742391600e-04,9.411764705882352811e-01,7.843137254901960675e-02
9.961637783741825961e-04,8.627450980392157298e-01,-3.921568627450980338e-02
9.961657783741260323e-04,9.411764705882352811e-01,3.921568627450980338e-02
9.961677783740694684e-04,9.019607843137255054e-01,0.000000000000000000e+00
9.961697783740129045e-04,9.411764705882352811e-01,-7.843137254901960675e-02
9.961717783739563407e-04,8.627450980392157298e-01,7.843137254901960675e-02
9.961737783738997768e-04,8.627450980392157298e-01,-3.921568627450980338e-02
9.961757783738432129e-04,9.019607843137255054e-01,1.176470588235294101e-01
9.961777783737866491e-04,9.411764705882352811e-01,0.000000000000000000e+00
9.961797783737300852e-04,8.627450980392157298e-01,0.000000000000000000e+00
9.961817783736735214e-04,9.019607843137255054e-01,1.176470588235294101e-01
9.961837783736169575e-04,9.019607843137255054e-01,-3.921568627450980338e-02
9.961857783735603936e-04,9.411764705882352811e-01,3.921568627450980338e-02
9.961877783735038298e-04,8.627450980392157298e-01,0.000000000000000000e+00
9.961897783734472659e-04,9.019607843137255054e-01,-1.568627450980392135e-01
9.961917783733907020e-04,9.019607843137255054e-01,7.843137254901960675e-02
9.961937783733341382e-04,9.411764705882352811e-01,-7.843137254901960675e-02
9.961957783732775743e-04,8.627450980392157298e-01,3.921568627450980338e-02
9.961977783732210105e-04,9.019607843137255054e-01,0.000000000000000000e+00
9.961997783731644466e-04,9.411764705882352811e-01,3.921568627450980338e-02
9.962017783731078827e-04,9.411764705882352811e-01,3.921568627450980338e-02
9.962037783730513189e-04,8.627450980392157298e-01,-3.921568627450980338e-02
9.962057783729947550e-04,9.019607843137255054e-01,3.921568627450980338e-02
9.962077783729381911e-04,9.019607843137255054e-01,0.000000000000000000e+00
9.962097783728816273e-04,9.019607843137255054e-01,-3.921568627450980338e-02
9.962117783728250634e-04,8.627450980392157298e-01,7.843137254901960675e-02
9.962137783727684995e-04,8.627450980392157298e-01,0.000000000000000000e+00
9.962157783727119357e-04,9.019607843137255054e-01,7.843137254901960675e-02
9.962177783726553718e-04,9.411764705882352811e-01,0.000000000000000000e+00
9.962197783725988080e-04,9.019607843137255054e-01,-3.921568627450980338e-02
9.962217783725422441e-04,8.627450980392157298e-01,7.843137254901960675e-02
9.962237783724856802e-04,9.411764705882352811e-01,-7.843137254901960675e-02
9.962257783724291164e-04,9.411764705882352811e-01,3.921568627450980338e-02
9.962277783723725525e-04,8.627450980392157298e-01,0.000000000000000000e+00
9.962297783723159886e-04,9.411764705882352811e-01,0.000000000000000000e+00
9.962317783722594248e-04,9.019607843137255054e-01,7.843137254901960675e-02
9.962337783722028609e-04,9.411764705882352811e-01,-7.843137254901960675e-02
9.962357783721462971e-04,8.235294117647058432e-01,3.921568627450980338e-02
9.962377783720897332e-04,9.019607843137255054e-01,0.000000000000000000e+00
9.962397783720331693e-04,9.019607843137255054e-01,3.921568627450980338e-02
9.962417783719766055e-04,9.411764705882352811e-01,3.921568627450980338e-02
9.962437783719200416e-04,8.627450980392157298e-01,-7.843137254901960675e-02
9.962457783718634777e-04,8.235294117647058432e-01,3.921568627450980338e-02
9.962477783718069139e-04,9.019607843137255054e-01,0.000000000000000000e+00
9.962497783717503500e-04,9.411764705882352811e-01,-3.921568627450980338e-02
9.962517783716937862e-04,8.627450980392157298e-01,7.843137254901960675e-02
9.962537783716372223e-04,9.019607843137255054e-01,-1.568627450980392135e-01
9.962557783715806584e-04,9.019607843137255054e-01,1.176470588235294101e-01
9.962577783715240946e-04,9.803921568627450567e-01,0.000000000000000000e+00
9.962597783714675307e-04,8.235294117647058432e-01,0.000000000000000000e+00
9.962617783714109668e-04,9.019607843137255054e-01,7.843137254901960675e-02
9.962637783713544030e-04,9.019607843137255054e-01,-3.921568627450980338e-02
9.962657783712978391e-04,9.411764705882352811e-01,7.843137254901960675e-02
9.962677783712412753e-04,8.627450980392157298e-01,3.921568627450980338e-02
9.962697783711847114e-04,8.627450980392157298e-01,-1.568627450980392135e-01
9.962717783711281475e-04,9.019607843137255054e-01,7.843137254901960675e-02
9.962737783710715837e-04,9.411764705882352811e-01,-7.843137254901960675e-02
9.962757783710150198e-04,8.627450980392157298e-01,3.921568627450980338e-02
9.962777783709584559e-04,9.019607843137255054e-01,0.000000000000000000e+00
9.962797783709018921e-04,9.019607843137255054e-01,3.921568627450980338e-02
9.962817783708453282e-04,9.411764705882352811e-01,3.921568627450980338e-02
9.962837783707887643e-04,8.235294117647058432e-01,-7.843137254901960675e-02
9.962857783707322005e-04,8.627450980392157298e-01,3.921568627450980338e-02
9.962877783706756366e-04,8.627450980392157298e-01,0.000000000000000000e+00
9.962897783706190728e-04,9.411764705882352811e-01,-3.921568627450980338e-02
9.962917783705625089e-04,8.627450980392157298e-01,7.843137254901960675e-02
9.962937783705059450e-04,8.627450980392157298e-01,-1.568627450980392135e-01
9.962957783704493812e-04,9.019607843137255054e-01,1.176470588235294101e-01
9.962977783703928173e-04,9.411764705882352811e-01,0.000000000000000000e+00
9.962997783703362534e-04,8.627450980392157298e-01,-3.921568627450980338e-02
9.963017783702796896e-04,9.019607843137255054e-01,3.921568627450980338e-02
9.963037783702231257e-04,9.019607843137255054e-01,0.000000000000000000e+00
9.963057783701665619e-04,9.411764705882352811e-01,0.000000000000000000e+00
9.963077783701099980e-04,8.627450980392157298e-01,0.000000000000000000e+00
9.963097783700534341e-04,9.019607843137255054e-01,0.000000000000000000e+00
9.963117783699968703e-04,9.019607843137255054e-01,1.176470588235294101e-01
9.963137783699403064e-04,9.411764705882352811e-01,-7.843137254901960675e-02
9.963157783698837425e-04,8.627450980392157298e-01,3.921568627450980338e-02
9.963177783698271787e-04,9.019607843137255054e-01,0.000000000000000000e+00
9.963197783697706148e-04,8.627450980392157298e-01,0.000000000000000000e+00
9.963217783697140510e-04,9.411764705882352811e-01,3.921568627450980338e-02
9.963237783696574871e-04,8.627450980392157298e-01,-7.843137254901960675e-02
9.963257783696009232e-04,8.627450980392157298e-01,3.921568627450980338e-02
9.963277783695443594e-04,9.019607843137255054e-01,3.921568627450980338e-02
9.963297783694877955e-04,9.803921568627450567e-01,-7.843137254901960675e-02
9.963317783694312316e-04,8.627450980392157298e-01,7.843137254901960675e-02
9.963337783693746678e-04,9.019607843137255054e-01,-1.568627450980392135e-01
9.963357783693181039e-04,8.627450980392157298e-01,1.176470588235294101e-01
9.963377783692615400e-04,9.411764705882352811e-01,0.000000000000000000e+00
9.963397783692049762e-04,8.627450980392157298e-01,-3.921568627450980338e-02
9.963417783691484123e-04,9.019607843137255054e-01,3.921568627450980338e-02
9.963437783690918485e-04,9.019607843137255054e-01,-3.921568627450980338e-02
9.963457783690352846e-04,9.411764705882352811e-01,7.843137254901960675e-02
9.963477783689787207e-04,8.627450980392157298e-01,0.000000000000000000e+00
9.963497783689221569e-04,8.627450980392157298e-01,-1.568627450980392135e-01
9.963517783688655930e-04,9.019607843137255054e-01,1.176470588235294101e-01
9.963537783688090291e-04,9.411764705882352811e-01,-7.843137254901960675e-02
9.963557783687524653e-04,8.627450980392157298e-01,3.921568627450980338e-02
9.963577783686959014e-04,9.019607843137255054e-01,3.921568627450980338e-02
9.963597783686393376e-04,9.411764705882352811e-01,3.921568627450980338e-02
9.963617783685827737e-04,9.019607843137255054e-01,7.843137254901960675e-02
9.963637783685262098e-04,8.627450980392157298e-01,-7.843137254901960675e-02
9.963657783684696460e-04,9.019607843137255054e-01,3.921568627450980338e-02
9.963677783684130821e-04,9.019607843137255054e-01,0.000000000000000000e+00
9.963697783683565182e-04,9.411764705882352811e-01,-3.921568627450980338e-02
9.963717783682999544e-04,8.235294117647058432e-01,7.843137254901960675e-02
9.963737783682433905e-04,9.019607843137255054e-01,-7.843137254901960675e-02
9.963757783681868267e-04,8.627450980392157298e-01,1.176470588235294101e-01
9.963777783681302628e-04,9.411764705882352811e-01,0.000000000000000000e+00
9.963797783680736989e-04,8.627450980392157298e-01,-7.843137254901960675e-02
9.963817783680171351e-04,8.627450980392157298e-01,7.843137254901960675e-02
9.963837783679605712e-04,9.019607843137255054e-01,-3.921568627450980338e-02
9.963857783679040073e-04,9.019607843137255054e-01,7.843137254901960675e-02
9.963877783678474435e-04,8.627450980392157298e-01,0.000000000000000000e+00
9.963897783677908796e-04,8.627450980392157298e-01,0.000000000000000000e+00
9.963917783677343157e-04,8.627450980392157298e-01,1.176470588235294101e-01
9.963937783676777519e-04,9.411764705882352811e-01,-3.921568627450980338e-02
9.963957783676211880e-04,8.235294117647058432e-01,3.921568627450980338e-02
9.963977783675646242e-04,8.627450980392157298e-01,0.000000000000000000e+00
9.963997783675080603e-04,9.019607843137255054e-01,0.000000000000000000e+00
9.964017783674514964e-04,9.411764705882352811e-01,3.921568627450980338e-02
9.964037783673949326e-04,8.627450980392157298e-01,-3.921568627450980338e-02
9.964057783673383687e-04,8.627450980392157298e-01,7.843137254901960675e-02
9.964077783672818048e-04,9.019607843137255054e-01,0.000000000000000000e+00
9.964097783672252410e-04,9.411764705882352811e-01,-3.921568627450980338e-02
9.964117783671686771e-04,8.235294117647058432e-01,7.843137254901960675e-02
9.964137783671121133e-04,9.019607843137255054e-01,-7.843137254901960675e-02
9.964157783670555494e-04,9.019607843137255054e-01,1.176470588235294101e-01
9.964177783669989855e-04,9.411764705882352811e-01,0.000000000000000000e+00
9.964197783669424217e-04,8.627450980392157298e-01,-3.921568627450980338e-02
9.964217783668858578e-04,9.019607843137255054e-01,7.843137254901960675e-02
9.964237783668292939e-04,9.019607843137255054e-01,-3.921568627450980338e-02
9.964257783667727301e-04,9.411764705882352811e-01,3.921568627450980338e-02
9.964277783667161662e-04,8.627450980392157298e-01,0.000000000000000000e+00
9.964297783666596024e-04,8.627450980392157298e-01,0.000000000000000000e+00
9.964317783666030385e-04,8.627450980392157298e-01,7.843137254901960675e-02
9.964337783665464746e-04,9.411764705882352811e-01,-7.843137254901960675e-02
9.964357783664899108e-04,8.627450980392157298e-01,3.921568627450980338e-02
9.964377783664333469e-04,8.235294117647058432e-01,3.921568627450980338e-02
9.964397783663767830e-04,9.019607843137255054e-01,3.921568627450980338e-02
9.964417783663202192e-04,9.411764705882352811e-01,3.921568627450980338e-02
9.964437783662636553e-04,8.627450980392157298e-01,-3.921568627450980338e-02
9.964457783662070915e-04,8.627450980392157298e-01,3.921568627450980338e-02
9.964477783661505276e-04,9.019607843137255054e-01,0.000000000000000000e+00
9.964497783660939637e-04,9.411764705882352811e-01,-3.921568627450980338e-02
9.964517783660373999e-04,8.627450980392157298e-01,7.843137254901960675e-02
9.964537783659808360e-04,9.019607843137255054e-01,-1.568627450980392135e-01
9.964557783659242721e-04,9.019607843137255054e-01,1.176470588235294101e-01
9.964577783658677083e-04,9.411764705882352811e-01,0.000000000000000000e+00
9.964597783658111444e-04,8.627450980392157298e-01,0.000000000000000000e+00
9.964617783657545805e-04,9.019607843137255054e-01,7.843137254901960675e-02
9.964637783656980167e-04,9.411764705882352811e-01,-3.921568627450980338e-02
9.964657783656414528e-04,9.411764705882352811e-01,3.921568627450980338e-02
9.964677783655848890e-04,8.235294117647058432e-01,0.000000000000000000e+00
9.964697783655283251e-04,9.019607843137255054e-01,-1.568627450980392135e-01
9.964717783654717612e-04,9.019607843137255054e-01,7.843137254901960675e-02
9.964737783654151974e-04,9.803921568627450567e-01,-7.843137254901960675e-02
9.964757783653586335e-04,8.627450980392157298e-01,3.921568627450980338e-02
9.964777783653020696e-04,9.019607843137255054e-01,0.000000000000000000e+00
9.964797783652455058e-04,9.019607843137255054e-01,0.000000000000000000e+00
9.964817783651889419e-04,9.411764705882352811e-01,3.921568627450980338e-02
9.964837783651323781e-04,9.019607843137255054e-01,-7.843137254901960675e-02
9.964857783650758142e-04,8.627450980392157298e-01,0.000000000000000000e+00
9.964877783650192503e-04,9.019607843137255054e-01,0.000000000000000000e+00
9.964897783649626865e-04,9.803921568627450567e-01,-3.921568627450980338e-02
9.964917783649061226e-04,8.627450980392157298e-01,7.843137254901960675e-02
9.964937783648495587e-04,8.627450980392157298e-01,-1.568627450980392135e-01
9.964957783647929949e-04,9.019607843137255054e-01,7.843137254901960675e-02
9.964977783647364310e-04,9.411764705882352811e-01,0.000000000000000000e+00
9.964997783646798672e-04,8.235294117647058432e-01,-7.843137254901960675e-02
9.965017783646233033e-04,9.019607843137255054e-01,7.843137254901960675e-02
9.965037783645667394e-04,9.019607843137255054e-01,-7.843137254901960675e-02
9.965057783645101756e-04,9.411764705882352811e-01,3.921568627450980338e-02
9.965077783644536117e-04,8.235294117647058432e-01,3.921568627450980338e-02
9.965097783643970478e-04,9.019607843137255054e-01,-7.843137254901960675e-02
9.965117783643404840e-04,9.019607843137255054e-01,7.843137254901960675e-02
9.965137783642839201e-04,9.411764705882352811e-01,-7.843137254901960675e-02
9.965157783642273562e-04,8.235294117647058432e-01,3.921568627450980338e-02
9.965177783641707924e-04,9.019607843137255054e-01,0.000000000000000000e+00
9.965197783641142285e-04,8.627450980392157298e-01,3.921568627450980338e-02
9.965217783640576647e-04,9.411764705882352811e-01,3.921568627450980338e-02
9.965237783640011008e-04,8.235294117647058432e-01,-7.843137254901960675e-02
9.965257783639445369e-04,9.019607843137255054e-01,0.000000000000000000e+00
9.965277783638879731e-04,8.627450980392157298e-01,0.000000000000000000e+00
9.965297783638314092e-04,9.411764705882352811e-01,-7.843137254901960675e-02
9.965317783637748453e-04,8.235294117647058432e-01,1.176470588235294101e-01
9.965337783637182815e-04,8.627450980392157298e-01,-1.568627450980392135e-01
9.965357783636617176e-04,9.019607843137255054e-01,1.176470588235294101e-01
9.965377783636051538e-04,9.411764705882352811e-01,0.000000000000000000e+00
9.965397783635485899e-04,8.627450980392157298e-01,-3.921568627450980338e-02
9.965417783634920260e-04,8.627450980392157298e-01,7.843137254901960675e-02
9.965437783634354622e-04,9.019607843137255054e-01,-3.921568627450980338e-02
9.965457783633788983e-04,9.411764705882352811e-01,3.921568627450980338e-02
9.965477783633223344e-04,9.019607843137255054e-01,0.000000000000000000e+00
9.965497783632657706e-04,9.019607843137255054e-01,-1.568627450980392135e-01
9.965517783632092067e-04,9.019607843137255054e-01,7.843137254901960675e-02
9.965537783631526429e-04,9.411764705882352811e-01,-7.843137254901960675e-02
9.965557783630960790e-04,8.627450980392157298e-01,3.921568627450980338e-02
9.965577783630395151e-04,8.627450980392157298e-01,0.000000000000000000e+00
9.965597783629829513e-04,9.019607843137255054e-01,3.921568627450980338e-02
9.965617783629263874e-04,9.411764705882352811e-01,3.921568627450980338e-02
9.965637783628698235e-04,9.019607843137255054e-01,-7.843137254901960675e-02
9.965657783628132597e-04,8.627450980392157298e-01,0.000000000000000000e+00
9.965677783627566958e-04,9.019607843137255054e-01,0.000000000000000000e+00
9.965697783627001319e-04,9.411764705882352811e-01,-3.921568627450980338e-02
9.965717783626435681e-04,8.627450980392157298e-01,7.843137254901960675e-02
9.965737783625870042e-04,9.019607843137255054e-01,-1.568627450980392135e-01
9.965757783625304404e-04,9.019607843137255054e-01,1.176470588235294101e-01
9.965777783624738765e-04,9.411764705882352811e-01,-3.921568627450980338e-02
9.965797783624173126e-04,8.627450980392157298e-01,-3.921568627450980338e-02
9.965817783623607488e-04,9.019607843137255054e-01,3.921568627450980338e-02
9.965837783623041849e-04,9.411764705882352811e-01,-7.843137254901960675e-02
9.965857783622476210e-04,9.411764705882352811e-01,3.921568627450980338e-02
9.965877783621910572e-04,9.019607843137255054e-01,0.000000000000000000e+00
9.965897783621344933e-04,9.019607843137255054e-01,-7.843137254901960675e-02
9.965917783620779295e-04,9.019607843137255054e-01,7.843137254901960675e-02
9.965937783620213656e-04,9.411764705882352811e-01,-1.568627450980392135e-01
9.965957783619648017e-04,8.627450980392157298e-01,7.843137254901960675e-02
9.965977783619082379e-04,9.019607843137255054e-01,3.921568627450980338e-02
9.965997783618516740e-04,9.019607843137255054e-01,0.000000000000000000e+00
9.966017783617951101e-04,9.411764705882352811e-01,3.921568627450980338e-02
9.966037783617385463e-04,8.627450980392157298e-01,-7.843137254901960675e-02
9.966057783616819824e-04,9.019607843137255054e-01,3.921568627450980338e-02
9.966077783616254186e-04,8.627450980392157298e-01,0.000000000000000000e+00
9.966097783615688547e-04,9.411764705882352811e-01,-3.921568627450980338e-02
9.966117783615122908e-04,8.235294117647058432e-01,7.843137254901960675e-02
9.966137783614557270e-04,9.019607843137255054e-01,-1.568627450980392135e-01
9.966157783613991631e-04,8.627450980392157298e-01,7.843137254901960675e-02
9.966177783613425992e-04,9.411764705882352811e-01,0.000000000000000000e+00
9.966197783612860354e-04,8.235294117647058432e-01,0.000000000000000000e+00
9.966217783612294715e-04,8.627450980392157298e-01,7.843137254901960675e-02
9.966237783611729076e-04,9.411764705882352811e-01,-3.921568627450980338e-02
9.966257783611163438e-04,9.411764705882352811e-01,3.921568627450980338e-02
9.966277783610597799e-04,8.235294117647058432e-01,0.000000000000000000e+00
9.966297783610032161e-04,8.627450980392157298e-01,-7.843137254901960675e-02
9.966317783609466522e-04,9.019607843137255054e-01,7.843137254901960675e-02
9.966337783608900883e-04,9.411764705882352811e-01,-7.843137254901960675e-02
9.966357783608335245e-04,8.235294117647058432e-01,3.921568627450980338e-02
9.966377783607769606e-04,9.019607843137255054e-01,0.000000000000000000e+00
9.966397783607203967e-04,9.019607843137255054e-01,3.921568627450980338e-02
9.966417783606638329e-04,9.411764705882352811e-01,3.921568627450980338e-02
9.966437783606072690e-04,8.627450980392157298e-01,-7.843137254901960675e-02
9.966457783605507052e-04,8.627450980392157298e-01,3.921568627450980338e-02
9.966477783604941413e-04,9.019607843137255054e-01,0.000000000000000000e+00
9.966497783604375774e-04,9.411764705882352811e-01,-3.921568627450980338e-02
9.966517783603810136e-04,8.627450980392157298e-01,7.843137254901960675e-02
9.966537783603244497e-04,9.019607843137255054e-01,-1.568627450980392135e-01
9.966557783602678858e-04,9.019607843137255054e-01,7.843137254901960675e-02
9.966577783602113220e-04,9.411764705882352811e-01,0.000000000000000000e+00
9.966597783601547581e-04,8.235294117647058432e-01,0.000000000000000000e+00
9.966617783600981943e-04,8.627450980392157298e-01,1.176470588235294101e-01
9.966637783600416304e-04,9.019607843137255054e-01,-7.843137254901960675e-02
9.966657783599850665e-04,9.411764705882352811e-01,3.921568627450980338e-02
9.966677783599285027e-04,8.627450980392157298e-01,3.921568627450980338e-02
9.966697783598719388e-04,8.627450980392157298e-01,-7.843137254901960675e-02
9.966717783598153749e-04,9.019607843137255054e-01,7.843137254901960675e-02
9.966737783597588111e-04,9.411764705882352811e-01,-7.843137254901960675e-02
9.966757783597022472e-04,8.627450980392157298e-01,7.843137254901960675e-02
9.966777783596456834e-04,8.627450980392157298e-01,0.000000000000000000e+00
9.966797783595891195e-04,9.411764705882352811e-01,0.000000000000000000e+00
9.966817783595325556e-04,9.411764705882352811e-01,3.921568627450980338e-02
9.966837783594759918e-04,8.627450980392157298e-01,-7.843137254901960675e-02
9.966857783594194279e-04,8.627450980392157298e-01,0.000000000000000000e+00
9.966877783593628640e-04,9.411764705882352811e-01,0.000000000000000000e+00
9.966897783593063002e-04,9.411764705882352811e-01,-3.921568627450980338e-02
9.966917783592497363e-04,8.627450980392157298e-01,7.843137254901960675e-02
9.966937783591931724e-04,9.019607843137255054e-01,-1.568627450980392135e-01
9.966957783591366086e-04,9.019607843137255054e-01,7.843137254901960675e-02
9.966977783590800447e-04,9.411764705882352811e-01,0.000000000000000000e+00
9.966997783590234809e-04,8.235294117647058432e-01,-3.921568627450980338e-02
9.967017783589669170e-04,9.019607843137255054e-01,1.176470588235294101e-01
9.967037783589103531e-04,9.411764705882352811e-01,-3.921568627450980338e-02
9.967057783588537893e-04,9.411764705882352811e-01,3.921568627450980338e-02
9.967077783587972254e-04,8.235294117647058432e-01,0.000000000000000000e+00
9.967097783587406615e-04,9.019607843137255054e-01,-1.568627450980392135e-01
9.967117783586840977e-04,9.019607843137255054e-01,1.176470588235294101e-01
9.967137783586275338e-04,9.411764705882352811e-01,-7.843137254901960675e-02
9.967157783585709700e-04,8.235294117647058432e-01,3.921568627450980338e-02
9.967177783585144061e-04,9.019607843137255054e-01,0.000000000000000000e+00
9.967197783584578422e-04,9.019607843137255054e-01,0.000000000000000000e+00
9.967217783584012784e-04,9.411764705882352811e-01,7.843137254901960675e-02
9.967237783583447145e-04,8.627450980392157298e-01,-7.843137254901960675e-02
9.967257783582881506e-04,8.627450980392157298e-01,3.921568627450980338e-02
9.967277783582315868e-04,9.019607843137255054e-01,0.000000000000000000e+00
9.967297783581750229e-04,9.411764705882352811e-01,-7.843137254901960675e-02
9.967317783581184591e-04,8.627450980392157298e-01,7.843137254901960675e-02
9.967337783580618952e-04,9.019607843137255054e-01,-1.568627450980392135e-01
9.967357783580053313e-04,9.019607843137255054e-01,1.176470588235294101e-01
9.967377783579487675e-04,9.411764705882352811e-01,0.000000000000000000e+00
9.967397783578922036e-04,8.235294117647058432e-01,0.000000000000000000e+00
9.967417783578356397e-04,8.627450980392157298e-01,7.843137254901960675e-02
9.967437783577790759e-04,9.019607843137255054e-01,-3.921568627450980338e-02
9.967457783577225120e-04,9.411764705882352811e-01,7.843137254901960675e-02
9.967477783576659481e-04,8.235294117647058432e-01,0.000000000000000000e+00
9.967497783576093843e-04,8.627450980392157298e-01,0.000000000000000000e+00
9.967517783575528204e-04,9.019607843137255054e-01,1.176470588235294101e-01
9.967537783574962566e-04,9.411764705882352811e-01,-7.843137254901960675e-02
9.967557783574396927e-04,8.627450980392157298e-01,3.921568627450980338e-02
9.967577783573831288e-04,9.019607843137255054e-01,0.000000000000000000e+00
9.967597783573265650e-04,9.411764705882352811e-01,3.921568627450980338e-02
9.967617783572700011e-04,9.411764705882352811e-01,3.921568627450980338e-02
9.967637783572134372e-04,8.235294117647058432e-01,-7.843137254901960675e-02
9.967657783571568734e-04,9.019607843137255054e-01,3.921568627450980338e-02
9.967677783571003095e-04,9.019607843137255054e-01,0.000000000000000000e+00
9.967697783570437457e-04,9.411764705882352811e-01,-3.921568627450980338e-02
9.967717783569871818e-04,8.627450980392157298e-01,7.843137254901960675e-02
9.967737783569306179e-04,8.627450980392157298e-01,-1.568627450980392135e-01
9.967757783568740541e-04,9.019607843137255054e-01,7.843137254901960675e-02
9.967777783568174902e-04,9.019607843137255054e-01,0.000000000000000000e+00
9.967797783567609263e-04,8.627450980392157298e-01,-3.921568627450980338e-02
9.967817783567043625e-04,8.627450980392157298e-01,7.843137254901960675e-02
9.967837783566477986e-04,9.019607843137255054e-01,-3.921568627450980338e-02
9.967857783565912348e-04,9.019607843137255054e-01,0.000000000000000000e+00
9.967877783565346709e-04,8.627450980392157298e-01,0.000000000000000000e+00
9.967897783564781070e-04,8.627450980392157298e-01,0.000000000000000000e+00
9.967917783564215432e-04,9.019607843137255054e-01,1.176470588235294101e-01
9.967937783563649793e-04,9.411764705882352811e-01,-7.843137254901960675e-02
9.967957783563084154e-04,8.235294117647058432e-01,3.921568627450980338e-02
9.967977783562518516e-04,9.019607843137255054e-01,0.000000000000000000e+00
9.967997783561952877e-04,9.019607843137255054e-01,0.000000000000000000e+00
9.968017783561387238e-04,9.411764705882352811e-01,7.843137254901960675e-02
9.968037783560821600e-04,8.235294117647058432e-01,-7.843137254901960675e-02
9.968057783560255961e-04,8.235294117647058432e-01,3.921568627450980338e-02
9.968077783559690323e-04,9.019607843137255054e-01,3.921568627450980338e-02
9.968097783559124684e-04,9.411764705882352811e-01,-7.843137254901960675e-02
9.968117783558559045e-04,8.627450980392157298e-01,7.843137254901960675e-02
9.968137783557993407e-04,8.627450980392157298e-01,-1.568627450980392135e-01
9.968157783557427768e-04,8.627450980392157298e-01,1.568627450980392135e-01
9.968177783556862129e-04,9.411764705882352811e-01,0.000000000000000000e+00
9.968197783556296491e-04,8.627450980392157298e-01,0.000000000000000000e+00
9.968217783555730852e-04,8.627450980392157298e-01,7.843137254901960675e-02
9.968237783555165214e-04,9.019607843137255054e-01,-3.921568627450980338e-02
9.968257783554599575e-04,9.411764705882352811e-01,7.843137254901960675e-02
9.968277783554033936e-04,8.627450980392157298e-01,0.000000000000000000e+00
9.968297783553468298e-04,9.019607843137255054e-01,-1.568627450980392135e-01
9.968317783552902659e-04,9.019607843137255054e-01,7.843137254901960675e-02
9.968337783552337020e-04,9.411764705882352811e-01,-7.843137254901960675e-02
9.968357783551771382e-04,8.627450980392157298e-01,0.000000000000000000e+00
9.968377783551205743e-04,8.627450980392157298e-01,0.000000000000000000e+00
9.968397783550640105e-04,9.411764705882352811e-01,0.000000000000000000e+00
9.968417783550074466e-04,9.019607843137255054e-01,7.843137254901960675e-02
9.968437783549508827e-04,8.627450980392157298e-01,-7.843137254901960675e-02
9.968457783548943189e-04,8.627450980392157298e-01,7.843137254901960675e-02
9.968477783548377550e-04,9.019607843137255054e-01,0.000000000000000000e+00
9.968497783547811911e-04,9.411764705882352811e-01,-7.843137254901960675e-02
9.968517783547246273e-04,8.235294117647058432e-01,7.843137254901960675e-02
9.968537783546680634e-04,9.411764705882352811e-01,-1.568627450980392135e-01
9.968557783546114996e-04,9.019607843137255054e-01,7.843137254901960675e-02
9.968577783545549357e-04,9.411764705882352811e-01,0.000000000000000000e+00
9.968597783544983718e-04,8.627450980392157298e-01,-7.843137254901960675e-02
9.968617783544418080e-04,9.019607843137255054e-01,7.843137254901960675e-02
9.968637783543852441e-04,9.019607843137255054e-01,-3.921568627450980338e-02
9.968657783543286802e-04,9.411764705882352811e-01,0.000000000000000000e+00
9.968677783542721164e-04,8.627450980392157298e-01,3.921568627450980338e-02
9.968697783542155525e-04,8.627450980392157298e-01,0.000000000000000000e+00
9.968717783541589886e-04,9.411764705882352811e-01,1.176470588235294101e-01
9.968737783541024248e-04,9.019607843137255054e-01,-7.843137254901960675e-02
9.968757783540458609e-04,8.235294117647058432e-01,3.921568627450980338e-02
9.968777783539892971e-04,8.627450980392157298e-01,0.000000000000000000e+00
9.968797783539327332e-04,9.411764705882352811e-01,3.921568627450980338e-02
9.968817783538761693e-04,9.411764705882352811e-01,3.921568627450980338e-02
9.968837783538196055e-04,8.627450980392157298e-01,-7.843137254901960675e-02
9.968857783537630416e-04,9.411764705882352811e-01,3.921568627450980338e-02
9.968877783537064777e-04,9.411764705882352811e-01,0.000000000000000000e+00
9.968897783536499139e-04,9.411764705882352811e-01,-7.843137254901960675e-02
9.968917783535933500e-04,8.627450980392157298e-01,7.843137254901960675e-02
9.968937783535367862e-04,9.411764705882352811e-01,-3.921568627450980338e-02
9.968957783534802223e-04,9.019607843137255054e-01,1.176470588235294101e-01
9.968977783534236584e-04,9.411764705882352811e-01,0.000000000000000000e+00
9.968997783533670946e-04,8.627450980392157298e-01,-3.921568627450980338e-02
9.969017783533105307e-04,9.019607843137255054e-01,7.843137254901960675e-02
9.969037783532539668e-04,9.019607843137255054e-01,-7.843137254901960675e-02
9.969057783531974030e-04,9.411764705882352811e-01,7.843137254901960675e-02
9.969077783531408391e-04,8.627450980392157298e-01,0.000000000000000000e+00
9.969097783530842753e-04,9.019607843137255054e-01,-1.568627450980392135e-01
9.969117783530277114e-04,9.019607843137255054e-01,7.843137254901960675e-02
9.969137783529711475e-04,9.411764705882352811e-01,-3.921568627450980338e-02
9.969157783529145837e-04,8.627450980392157298e-01,3.921568627450980338e-02
9.969177783528580198e-04,8.627450980392157298e-01,0.000000000000000000e+00
9.969197783528014559e-04,9.019607843137255054e-01,7.843137254901960675e-02
9.969217783527448921e-04,9.019607843137255054e-01,3.921568627450980338e-02
9.969237783526883282e-04,8.627450980392157298e-01,-7.843137254901960675e-02
9.969257783526317643e-04,8.627450980392157298e-01,3.921568627450980338e-02
9.969277783525752005e-04,9.019607843137255054e-01,0.000000000000000000e+00
9.969297783525186366e-04,9.411764705882352811e-01,-3.921568627450980338e-02
9.969317783524620728e-04,8.235294117647058432e-01,7.843137254901960675e-02
9.969337783524055089e-04,9.019607843137255054e-01,-7.843137254901960675e-02
9.969357783523489450e-04,9.019607843137255054e-01,1.176470588235294101e-01
9.969377783522923812e-04,9.411764705882352811e-01,0.000000000000000000e+00
9.969397783522358173e-04,8.627450980392157298e-01,-7.843137254901960675e-02
9.969417783521792534e-04,9.019607843137255054e-01,3.921568627450980338e-02
9.969437783521226896e-04,9.411764705882352811e-01,-3.921568627450980338e-02
9.969457783520661257e-04,9.411764705882352811e-01,3.921568627450980338e-02
9.969477783520095619e-04,8.627450980392157298e-01,0.000000000000000000e+00
9.969497783519529980e-04,9.019607843137255054e-01,0.000000000000000000e+00
9.969517783518964341e-04,8.627450980392157298e-01,7.843137254901960675e-02
9.969537783518398703e-04,9.411764705882352811e-01,-7.843137254901960675e-02
9.969557783517833064e-04,9.019607843137255054e-01,3.921568627450980338e-02
9.969577783517267425e-04,9.019607843137255054e-01,0.000000000000000000e+00
9.969597783516701787e-04,9.019607843137255054e-01,0.000000000000000000e+00
9.969617783516136148e-04,9.411764705882352811e-01,3.921568627450980338e-02
9.969637783515570510e-04,8.627450980392157298e-01,-3.921568627450980338e-02
9.969657783515004871e-04,9.019607843137255054e-01,3.921568627450980338e-02
9.969677783514439232e-04,9.019607843137255054e-01,0.000000000000000000e+00
9.969697783513873594e-04,9.803921568627450567e-01,-3.921568627450980338e-02
9.969717783513307955e-04,8.627450980392157298e-01,1.176470588235294101e-01
9.969737783512742316e-04,8.235294117647058432e-01,-1.568627450980392135e-01
9.969757783512176678e-04,9.019607843137255054e-01,1.176470588235294101e-01
9.969777783511611039e-04,9.803921568627450567e-01,0.000000000000000000e+00
9.969797783511045400e-04,8.235294117647058432e-01,-3.921568627450980338e-02
9.969817783510479762e-04,9.019607843137255054e-01,7.843137254901960675e-02
9.969837783509914123e-04,9.019607843137255054e-01,-3.921568627450980338e-02
9.969857783509348485e-04,9.411764705882352811e-01,7.843137254901960675e-02
9.969877783508782846e-04,8.627450980392157298e-01,0.000000000000000000e+00
9.969897783508217207e-04,9.019607843137255054e-01,-1.568627450980392135e-01
9.969917783507651569e-04,9.411764705882352811e-01,7.843137254901960675e-02
9.969937783507085930e-04,9.411764705882352811e-01,-7.843137254901960675e-02
9.969957783506520291e-04,8.627450980392157298e-01,3.921568627450980338e-02
9.969977783505954653e-04,9.019607843137255054e-01,0.000000000000000000e+00
9.969997783505389014e-04,9.019607843137255054e-01,3.921568627450980338e-02
9.970017783504823376e-04,9.411764705882352811e-01,3.921568627450980338e-02
9.970037783504257737e-04,8.627450980392157298e-01,-3.921568627450980338e-02
9.970057783503692098e-04,9.019607843137255054e-01,0.000000000000000000e+00
9.970077783503126460e-04,9.019607843137255054e-01,0.000000000000000000e+00
9.970097783502560821e-04,9.411764705882352811e-01,-7.843137254901960675e-02
9.970117783501995182e-04,8.627450980392157298e-01,7.843137254901960675e-02
9.970137783501429544e-04,9.019607843137255054e-01,-1.568627450980392135e-01
9.970157783500863905e-04,9.411764705882352811e-01,1.176470588235294101e-01
9.970177783500298267e-04,9.411764705882352811e-01,0.000000000000000000e+00
9.970197783499732628e-04,8.627450980392157298e-01,-7.843137254901960675e-02
9.970217783499166989e-04,8.627450980392157298e-01,3.921568627450980338e-02
9.970237783498601351e-04,9.411764705882352811e-01,-3.921568627450980338e-02
9.970257783498035712e-04,9.411764705882352811e-01,3.921568627450980338e-02
9.970277783497470073e-04,8.235294117647058432e-01,0.000000000000000000e+00
9.970297783496904435e-04,9.019607843137255054e-01,0.000000000000000000e+00
9.970317783496338796e-04,9.019607843137255054e-01,7.843137254901960675e-02
9.970337783495773157e-04,9.411764705882352811e-01,-7.843137254901960675e-02
9.970357783495207519e-04,8.627450980392157298e-01,7.843137254901960675e-02
9.970377783494641880e-04,9.019607843137255054e-01,3.921568627450980338e-02
9.970397783494076242e-04,8.627450980392157298e-01,3.921568627450980338e-02
9.970417783493510603e-04,9.019607843137255054e-01,7.843137254901960675e-02
9.970437783492944964e-04,8.627450980392157298e-01,-3.921568627450980338e-02
9.970457783492379326e-04,9.019607843137255054e-01,3.921568627450980338e-02
9.970477783491813687e-04,9.019607843137255054e-01,0.000000000000000000e+00
9.970497783491248048e-04,9.411764705882352811e-01,-3.921568627450980338e-02
9.970517783490682410e-04,8.235294117647058432e-01,1.176470588235294101e-01
9.970537783490116771e-04,9.019607843137255054e-01,-1.568627450980392135e-01
9.970557783489551133e-04,9.019607843137255054e-01,1.176470588235294101e-01
9.970577783488985494e-04,9.411764705882352811e-01,-3.921568627450980338e-02
9.970597783488419855e-04,8.235294117647058432e-01,-7.843137254901960675e-02
9.970617783487854217e-04,8.627450980392157298e-01,7.843137254901960675e-02
9.970637783487288578e-04,8.627450980392157298e-01,-7.843137254901960675e-02
9.970657783486722939e-04,9.411764705882352811e-01,3.921568627450980338e-02
9.970677783486157301e-04,8.235294117647058432e-01,0.000000000000000000e+00
9.970697783485591662e-04,9.019607843137255054e-01,-1.568627450980392135e-01
9.970717783485026024e-04,9.411764705882352811e-01,7.843137254901960675e-02
9.970737783484460385e-04,9.411764705882352811e-01,-7.843137254901960675e-02
9.970757783483894746e-04,8.235294117647058432e-01,0.000000000000000000e+00
9.970777783483329108e-04,8.627450980392157298e-01,0.000000000000000000e+00
9.970797783482763469e-04,9.019607843137255054e-01,0.000000000000000000e+00
9.970817783482197830e-04,9.411764705882352811e-01,3.921568627450980338e-02
9.970837783481632192e-04,8.627450980392157298e-01,-7.843137254901960675e-02
9.970857783481066553e-04,9.019607843137255054e-01,3.921568627450980338e-02
9.970877783480500915e-04,9.019607843137255054e-01,0.000000000000000000e+00
9.970897783479935276e-04,9.411764705882352811e-01,-3.921568627450980338e-02
9.970917783479369637e-04,8.235294117647058432e-01,1.176470588235294101e-01
9.970937783478803999e-04,9.411764705882352811e-01,-1.568627450980392135e-01
9.970957783478238360e-04,9.019607843137255054e-01,1.176470588235294101e-01
9.970977783477672721e-04,9.411764705882352811e-01,-3.921568627450980338e-02
9.970997783477107083e-04,8.627450980392157298e-01,-3.921568627450980338e-02
9.971017783476541444e-04,9.019607843137255054e-01,7.843137254901960675e-02
9.971037783475975805e-04,9.411764705882352811e-01,-3.921568627450980338e-02
9.971057783475410167e-04,9.411764705882352811e-01,7.843137254901960675e-02
9.971077783474844528e-04,8.627450980392157298e-01,0.000000000000000000e+00
9.971097783474278890e-04,9.019607843137255054e-01,-1.568627450980392135e-01
9.971117783473713251e-04,9.019607843137255054e-01,7.843137254901960675e-02
9.971137783473147612e-04,9.411764705882352811e-01,-7.843137254901960675e-02
9.971157783472581974e-04,8.235294117647058432e-01,3.921568627450980338e-02
9.971177783472016335e-04,9.019607843137255054e-01,0.000000000000000000e+00
9.971197783471450696e-04,9.019607843137255054e-01,7.843137254901960675e-02
9.971217783470885058e-04,9.019607843137255054e-01,7.843137254901960675e-02
9.971237783470319419e-04,8.627450980392157298e-01,-7.843137254901960675e-02
9.971257783469753781e-04,9.019607843137255054e-01,3.921568627450980338e-02
9.971277783469188142e-04,9.019607843137255054e-01,0.000000000000000000e+00
9.971297783468622503e-04,9.411764705882352811e-01,-7.843137254901960675e-02
9.971317783468056865e-04,8.235294117647058432e-01,7.843137254901960675e-02
9.971337783467491226e-04,8.627450980392157298e-01,0.000000000000000000e+00
9.971357783466925587e-04,9.019607843137255054e-01,1.176470588235294101e-01
9.971377783466359949e-04,9.411764705882352811e-01,0.000000000000000000e+00
9.971397783465794310e-04,8.235294117647058432e-01,-7.843137254901960675e-02
9.971417783465228672e-04,9.019607843137255054e-01,3.921568627450980338e-02
9.971437783464663033e-04,9.019607843137255054e-01,-3.921568627450980338e-02
9.971457783464097394e-04,9.411764705882352811e-01,3.921568627450980338e-02
9.971477783463531756e-04,8.235294117647058432e-01,0.000000000000000000e+00
9.971497783462966117e-04,8.235294117647058432e-01,0.000000000000000000e+00
9.971517783462400478e-04,9.019607843137255054e-01,1.176470588235294101e-01
9.971537783461834840e-04,9.411764705882352811e-01,-7.843137254901960675e-02
9.971557783461269201e-04,8.627450980392157298e-01,0.000000000000000000e+00
9.971577783460703562e-04,9.019607843137255054e-01,0.000000000000000000e+00
9.971597783460137924e-04,9.019607843137255054e-01,3.921568627450980338e-02
9.971617783459572285e-04,9.019607843137255054e-01,7.843137254901960675e-02
9.971637783459006647e-04,8.627450980392157298e-01,-3.921568627450980338e-02
9.971657783458441008e-04,8.627450980392157298e-01,7.843137254901960675e-02
9.971677783457875369e-04,9.019607843137255054e-01,0.000000000000000000e+00
9.971697783457309731e-04,9.411764705882352811e-01,-3.921568627450980338e-02
9.971717783456744092e-04,8.627450980392157298e-01,7.843137254901960675e-02
9.971737783456178453e-04,9.019607843137255054e-01,-7.843137254901960675e-02
9.971757783455612815e-04,9.019607843137255054e-01,1.176470588235294101e-01
9.971777783455047176e-04,9.411764705882352811e-01,0.000000000000000000e+00
9.971797783454481538e-04,8.235294117647058432e-01,-7.843137254901960675e-02
9.971817783453915899e-04,8.235294117647058432e-01,7.843137254901960675e-02
9.971837783453350260e-04,9.019607843137255054e-01,-3.921568627450980338e-02
9.971857783452784622e-04,9.411764705882352811e-01,7.843137254901960675e-02
9.971877783452218983e-04,8.627450980392157298e-01,0.000000000000000000e+00
9.971897783451653344e-04,8.627450980392157298e-01,-1.568627450980392135e-01
9.971917783451087706e-04,9.019607843137255054e-01,7.843137254901960675e-02
9.971937783450522067e-04,9.411764705882352811e-01,-7.843137254901960675e-02
9.971957783449956429e-04,8.627450980392157298e-01,3.921568627450980338e-02
9.971977783449390790e-04,8.627450980392157298e-01,0.000000000000000000e+00
9.971997783448825151e-04,9.411764705882352811e-01,3.921568627450980338e-02
9.972017783448259513e-04,9.019607843137255054e-01,3.921568627450980338e-02
9.972037783447693874e-04,8.627450980392157298e-01,-3.921568627450980338e-02
9.972057783447128235e-04,9.019607843137255054e-01,7.843137254901960675e-02
9.972077783446562597e-04,9.019607843137255054e-01,0.000000000000000000e+00
9.972097783445996958e-04,9.411764705882352811e-01,-3.921568627450980338e-02
9.972117783445431319e-04,8.235294117647058432e-01,7.843137254901960675e-02
9.972137783444865681e-04,9.019607843137255054e-01,-1.568627450980392135e-01
9.972157783444300042e-04,9.019607843137255054e-01,1.176470588235294101e-01
9.972177783443734404e-04,9.019607843137255054e-01,0.000000000000000000e+00
9.972197783443168765e-04,8.235294117647058432e-01,-3.921568627450980338e-02
9.972217783442603126e-04,9.019607843137255054e-01,7.843137254901960675e-02
9.972237783442037488e-04,9.019607843137255054e-01,-3.921568627450980338e-02
9.972257783441471849e-04,9.411764705882352811e-01,3.921568627450980338e-02
9.972277783440906210e-04,8.627450980392157298e-01,3.921568627450980338e-02
9.972297783440340572e-04,9.019607843137255054e-01,0.000000000000000000e+00
9.972317783439774933e-04,9.019607843137255054e-01,7.843137254901960675e-02
9.972337783439209295e-04,9.803921568627450567e-01,-7.843137254901960675e-02
9.972357783438643656e-04,8.235294117647058432e-01,0.000000000000000000e+00
9.972377783438078017e-04,9.019607843137255054e-01,3.921568627450980338e-02
9.972397783437512379e-04,9.019607843137255054e-01,0.000000000000000000e+00
9.972417783436946740e-04,9.411764705882352811e-01,3.921568627450980338e-02
9.972437783436381101e-04,8.627450980392157298e-01,-7.843137254901960675e-02
9.972457783435815463e-04,8.627450980392157298e-01,0.000000000000000000e+00
9.972477783435249824e-04,9.019607843137255054e-01,0.000000000000000000e+00
9.972497783434684186e-04,9.019607843137255054e-01,-7.843137254901960675e-02
9.972517783434118547e-04,8.235294117647058432e-01,7.843137254901960675e-02
9.972537783433552908e-04,8.627450980392157298e-01,-1.568627450980392135e-01
9.972557783432987270e-04,9.019607843137255054e-01,1.176470588235294101e-01
9.972577783432421631e-04,9.411764705882352811e-01,-3.921568627450980338e-02
9.972597783431855992e-04,8.627450980392157298e-01,-3.921568627450980338e-02
9.972617783431290354e-04,9.019607843137255054e-01,7.843137254901960675e-02
9.972637783430724715e-04,9.411764705882352811e-01,-3.921568627450980338e-02
9.972657783430159077e-04,9.019607843137255054e-01,0.000000000000000000e+00
9.972677783429593438e-04,8.627450980392157298e-01,0.000000000000000000e+00
9.972697783429027799e-04,9.019607843137255054e-01,0.000000000000000000e+00
9.972717783428462161e-04,9.019607843137255054e-01,7.843137254901960675e-02
9.972737783427896522e-04,9.411764705882352811e-01,-7.843137254901960675e-02
9.972757783427330883e-04,8.235294117647058432e-01,3.921568627450980338e-02
9.972777783426765245e-04,8.235294117647058432e-01,0.000000000000000000e+00
9.972797783426199606e-04,8.627450980392157298e-01,0.000000000000000000e+00
9.972817783425633967e-04,9.411764705882352811e-01,3.921568627450980338e-02
9.972837783425068329e-04,9.019607843137255054e-01,-7.843137254901960675e-02
9.972857783424502690e-04,8.627450980392157298e-01,0.000000000000000000e+00
9.972877783423937052e-04,9.019607843137255054e-01,0.000000000000000000e+00
9.972897783423371413e-04,9.411764705882352811e-01,-3.921568627450980338e-02
9.972917783422805774e-04,8.627450980392157298e-01,1.176470588235294101e-01
9.972937783422240136e-04,9.019607843137255054e-01,-1.568627450980392135e-01
9.972957783421674497e-04,8.627450980392157298e-01,1.176470588235294101e-01
9.972977783421108858e-04,9.411764705882352811e-01,-3.921568627450980338e-02
9.972997783420543220e-04,8.235294117647058432e-01,0.000000000000000000e+00
9.973017783419977581e-04,9.019607843137255054e-01,3.921568627450980338e-02
9.973037783419411943e-04,9.019607843137255054e-01,-1.568627450980392135e-01
9.973057783418846304e-04,9.019607843137255054e-01,7.843137254901960675e-02
9.973077783418280665e-04,8.235294117647058432e-01,0.000000000000000000e+00
9.973097783417715027e-04,9.019607843137255054e-01,0.000000000000000000e+00
9.973117783417149388e-04,9.019607843137255054e-01,7.843137254901960675e-02
9.973137783416583749e-04,9.411764705882352811e-01,-3.921568627450980338e-02
9.973157783416018111e-04,8.235294117647058432e-01,3.921568627450980338e-02
9.973177783415452472e-04,9.019607843137255054e-01,0.000000000000000000e+00
9.973197783414886834e-04,9.019607843137255054e-01,3.921568627450980338e-02
9.973217783414321195e-04,9.411764705882352811e-01,3.921568627450980338e-02
9.973237783413755556e-04,8.627450980392157298e-01,-3.921568627450980338e-02
9.973257783413189918e-04,9.019607843137255054e-01,3.921568627450980338e-02
9.973277783412624279e-04,8.627450980392157298e-01,0.000000000000000000e+00
9.973297783412058640e-04,9.411764705882352811e-01,-7.843137254901960675e-02
9.973317783411493002e-04,8.235294117647058432e-01,7.843137254901960675e-02
9.973337783410927363e-04,9.019607843137255054e-01,-7.843137254901960675e-02
9.973357783410361724e-04,8.627450980392157298e-01,7.843137254901960675e-02
9.973377783409796086e-04,9.411764705882352811e-01,0.000000000000000000e+00
9.973397783409230447e-04,8.627450980392157298e-01,-3.921568627450980338e-02
9.973417783408664809e-04,8.627450980392157298e-01,7.843137254901960675e-02
9.973437783408099170e-04,9.019607843137255054e-01,-3.921568627450980338e-02
9.973457783407533531e-04,9.411764705882352811e-01,7.843137254901960675e-02
9.973477783406967893e-04,8.627450980392157298e-01,3.921568627450980338e-02
9.973497783406402254e-04,8.627450980392157298e-01,0.000000000000000000e+00
9.973517783405836615e-04,9.019607843137255054e-01,7.843137254901960675e-02
9.973537783405270977e-04,9.411764705882352811e-01,-7.843137254901960675e-02
9.973557783404705338e-04,8.627450980392157298e-01,3.921568627450980338e-02
9.973577783404139700e-04,9.019607843137255054e-01,3.921568627450980338e-02
9.973597783403574061e-04,9.019607843137255054e-01,0.000000000000000000e+00
9.973617783403008422e-04,9.411764705882352811e-01,3.921568627450980338e-02
9.973637783402442784e-04,8.627450980392157298e-01,-7.843137254901960675e-02
9.973657783401877145e-04,9.019607843137255054e-01,3.921568627450980338e-02
9.973677783401311506e-04,8.627450980392157298e-01,0.000000000000000000e+00
9.973697783400745868e-04,9.411764705882352811e-01,0.000000000000000000e+00
9.973717783400180229e-04,8.627450980392157298e-01,7.843137254901960675e-02
9.973737783399614591e-04,9.411764705882352811e-01,-1.568627450980392135e-01
9.973757783399048952e-04,8.627450980392157298e-01,1.176470588235294101e-01
9.973777783398483313e-04,9.019607843137255054e-01,0.000000000000000000e+00
9.973797783397917675e-04,8.627450980392157298e-01,-3.921568627450980338e-02
9.973817783397352036e-04,9.019607843137255054e-01,7.843137254901960675e-02
9.973837783396786397e-04,9.411764705882352811e-01,-1.568627450980392135e-01
9.973857783396220759e-04,9.411764705882352811e-01,3.921568627450980338e-02
9.973877783395655120e-04,8.627450980392157298e-01,3.921568627450980338e-02
9.973897783395089481e-04,9.019607843137255054e-01,0.000000000000000000e+00
9.973917783394523843e-04,9.019607843137255054e-01,1.176470588235294101e-01
9.973937783393958204e-04,9.411764705882352811e-01,-7.843137254901960675e-02
9.973957783393392566e-04,8.627450980392157298e-01,3.921568627450980338e-02
9.973977783392826927e-04,9.019607843137255054e-01,3.921568627450980338e-02
9.973997783392261288e-04,9.019607843137255054e-01,0.000000000000000000e+00
9.974017783391695650e-04,9.411764705882352811e-01,3.921568627450980338e-02
9.974037783391130011e-04,8.627450980392157298e-01,-7.843137254901960675e-02
9.974057783390564372e-04,8.627450980392157298e-01,3.921568627450980338e-02
9.974077783389998734e-04,9.019607843137255054e-01,0.000000000000000000e+00
9.974097783389433095e-04,9.411764705882352811e-01,0.000000000000000000e+00
9.974117783388867457e-04,8.235294117647058432e-01,1.176470588235294101e-01
9.974137783388301818e-04,9.019607843137255054e-01,-1.568627450980392135e-01
9.974157783387736179e-04,9.019607843137255054e-01,1.176470588235294101e-01
9.974177783387170541e-04,9.411764705882352811e-01,0.000000000000000000e+00
9.974197783386604902e-04,8.627450980392157298e-01,0.000000000000000000e+00
9.974217783386039263e-04,8.627450980392157298e-01,7.843137254901960675e-02
9.974237783385473625e-04,8.627450980392157298e-01,-3.921568627450980338e-02
9.974257783384907986e-04,9.411764705882352811e-01,3.921568627450980338e-02
9.974277783384342348e-04,8.235294117647058432e-01,0.000000000000000000e+00
9.974297783383776709e-04,9.019607843137255054e-01,-1.568627450980392135e-01
9.974317783383211070e-04,9.019607843137255054e-01,7.843137254901960675e-02
9.974337783382645432e-04,9.411764705882352811e-01,-7.843137254901960675e-02
9.974357783382079793e-04,8.627450980392157298e-01,0.000000000000000000e+00
9.974377783381514154e-04,8.627450980392157298e-01,3.921568627450980338e-02
9.974397783380948516e-04,9.019607843137255054e-01,0.000000000000000000e+00
9.974417783380382877e-04,9.019607843137255054e-01,3.921568627450980338e-02
9.974437783379817238e-04,8.627450980392157298e-01,-7.843137254901960675e-02
9.974457783379251600e-04,8.627450980392157298e-01,0.000000000000000000e+00
9.974477783378685961e-04,9.019607843137255054e-01,0.000000000000000000e+00
9.974497783378120323e-04,9.019607843137255054e-01,-3.921568627450980338e-02
9.974517783377554684e-04,8.235294117647058432e-01,7.843137254901960675e-02
9.974537783376989045e-04,9.019607843137255054e-01,-7.843137254901960675e-02
9.974557783376423407e-04,8.627450980392157298e-01,7.843137254901960675e-02
9.974577783375857768e-04,9.019607843137255054e-01,0.000000000000000000e+00
9.974597783375292129e-04,8.235294117647058432e-01,-3.921568627450980338e-02
9.974617783374726491e-04,9.019607843137255054e-01,1.176470588235294101e-01
9.974637783374160852e-04,9.019607843137255054e-01,-7.843137254901960675e-02
9.974657783373595214e-04,9.411764705882352811e-01,0.000000000000000000e+00
9.974677783373029575e-04,8.235294117647058432e-01,0.000000000000000000e+00
9.974697783372463936e-04,9.019607843137255054e-01,0.000000000000000000e+00
9.974717783371898298e-04,8.627450980392157298e-01,1.176470588235294101e-01
9.974737783371332659e-04,9.411764705882352811e-01,-7.843137254901960675e-02
9.974757783370767020e-04,8.627450980392157298e-01,0.000000000000000000e+00
9.974777783370201382e-04,8.627450980392157298e-01,0.000000000000000000e+00
9.974797783369635743e-04,9.019607843137255054e-01,3.921568627450980338e-02
9.974817783369070105e-04,9.019607843137255054e-01,0.000000000000000000e+00
9.974837783368504466e-04,8.235294117647058432e-01,-7.843137254901960675e-02
9.974857783367938827e-04,8.235294117647058432e-01,3.921568627450980338e-02
9.974877783367373189e-04,9.019607843137255054e-01,0.000000000000000000e+00
9.974897783366807550e-04,9.411764705882352811e-01,-3.921568627450980338e-02
9.974917783366241911e-04,8.235294117647058432e-01,7.843137254901960675e-02
9.974937783365676273e-04,8.627450980392157298e-01,-1.568627450980392135e-01
9.974957783365110634e-04,9.019607843137255054e-01,1.568627450980392135e-01
9.974977783364544996e-04,9.411764705882352811e-01,-3.921568627450980338e-02
9.974997783363979357e-04,8.627450980392157298e-01,0.000000000000000000e+00
9.975017783363413718e-04,8.627450980392157298e-01,3.921568627450980338e-02
9.975037783362848080e-04,9.019607843137255054e-01,-7.843137254901960675e-02
9.975057783362282441e-04,9.411764705882352811e-01,7.843137254901960675e-02
9.975077783361716802e-04,8.627450980392157298e-01,0.000000000000000000e+00
9.975097783361151164e-04,9.019607843137255054e-01,0.000000000000000000e+00
9.975117783360585525e-04,8.627450980392157298e-01,1.176470588235294101e-01
9.975137783360019886e-04,9.411764705882352811e-01,-7.843137254901960675e-02
9.975157783359454248e-04,8.235294117647058432e-01,3.921568627450980338e-02
9.975177783358888609e-04,8.627450980392157298e-01,0.000000000000000000e+00
9.975197783358322971e-04,9.019607843137255054e-01,0.000000000000000000e+00
9.975217783357757332e-04,9.411764705882352811e-01,7.843137254901960675e-02
9.975237783357191693e-04,8.627450980392157298e-01,-7.843137254901960675e-02
9.975257783356626055e-04,9.019607843137255054e-01,3.921568627450980338e-02
9.975277783356060416e-04,9.019607843137255054e-01,3.921568627450980338e-02
9.975297783355494777e-04,9.411764705882352811e-01,-7.843137254901960675e-02
9.975317783354929139e-04,8.627450980392157298e-01,7.843137254901960675e-02
9.975337783354363500e-04,8.627450980392157298e-01,-1.568627450980392135e-01
9.975357783353797862e-04,9.019607843137255054e-01,1.176470588235294101e-01
9.975377783353232223e-04,9.411764705882352811e-01,0.000000000000000000e+00
9.975397783352666584e-04,8.627450980392157298e-01,-3.921568627450980338e-02
9.975417783352100946e-04,9.019607843137255054e-01,3.921568627450980338e-02
9.975437783351535307e-04,9.411764705882352811e-01,-3.921568627450980338e-02
9.975457783350969668e-04,9.411764705882352811e-01,0.000000000000000000e+00
9.975477783350404030e-04,8.235294117647058432e-01,0.000000000000000000e+00
9.975497783349838391e-04,8.627450980392157298e-01,0.000000000000000000e+00
9.975517783349272753e-04,9.019607843137255054e-01,1.176470588235294101e-01
9.975537783348707114e-04,9.411764705882352811e-01,-7.843137254901960675e-02
9.975557783348141475e-04,8.627450980392157298e-01,0.000000000000000000e+00
9.975577783347575837e-04,9.019607843137255054e-01,0.000000000000000000e+00
9.975597783347010198e-04,9.019607843137255054e-01,3.921568627450980338e-02
9.975617783346444559e-04,9.411764705882352811e-01,7.843137254901960675e-02
9.975637783345878921e-04,8.235294117647058432e-01,-7.843137254901960675e-02
9.975657783345313282e-04,8.627450980392157298e-01,3.921568627450980338e-02
9.975677783344747643e-04,8.627450980392157298e-01,0.000000000000000000e+00
9.975697783344182005e-04,9.411764705882352811e-01,-7.843137254901960675e-02
9.975717783343616366e-04,8.235294117647058432e-01,7.843137254901960675e-02
9.975737783343050728e-04,8.627450980392157298e-01,-7.843137254901960675e-02
9.975757783342485089e-04,9.019607843137255054e-01,1.176470588235294101e-01
9.975777783341919450e-04,9.411764705882352811e-01,0.000000000000000000e+00
9.975797783341353812e-04,8.235294117647058432e-01,0.000000000000000000e+00
9.975817783340788173e-04,8.627450980392157298e-01,7.843137254901960675e-02
9.975837783340222534e-04,9.411764705882352811e-01,-7.843137254901960675e-02
9.975857783339656896e-04,9.411764705882352811e-01,3.921568627450980338e-02
9.975877783339091257e-04,8.235294117647058432e-01,0.000000000000000000e+00
9.975897783338525619e-04,9.019607843137255054e-01,-1.568627450980392135e-01
9.975917783337959980e-04,9.411764705882352811e-01,1.176470588235294101e-01
9.975937783337394341e-04,9.411764705882352811e-01,-7.843137254901960675e-02
9.975957783336828703e-04,8.627450980392157298e-01,0.000000000000000000e+00
9.975977783336263064e-04,9.019607843137255054e-01,0.000000000000000000e+00
9.975997783335697425e-04,9.019607843137255054e-01,0.000000000000000000e+00
9.976017783335131787e-04,9.411764705882352811e-01,7.843137254901960675e-02
9.976037783334566148e-04,8.627450980392157298e-01,-7.843137254901960675e-02
9.976057783334000510e-04,9.019607843137255054e-01,7.843137254901960675e-02
9.976077783333434871e-04,9.019607843137255054e-01,0.000000000000000000e+00
9.976097783332869232e-04,9.411764705882352811e-01,-3.921568627450980338e-02
9.976117783332303594e-04,8.627450980392157298e-01,1.176470588235294101e-01
9.976137783331737955e-04,9.019607843137255054e-01,-7.843137254901960675e-02
9.976157783331172316e-04,9.019607843137255054e-01,7.843137254901960675e-02
9.976177783330606678e-04,9.019607843137255054e-01,0.000000000000000000e+00
9.976197783330041039e-04,8.235294117647058432e-01,-3.921568627450980338e-02
9.976217783329475400e-04,8.627450980392157298e-01,1.176470588235294101e-01
9.976237783328909762e-04,9.019607843137255054e-01,-3.921568627450980338e-02
9.976257783328344123e-04,9.411764705882352811e-01,3.921568627450980338e-02
9.976277783327778485e-04,8.627450980392157298e-01,0.000000000000000000e+00
9.976297783327212846e-04,8.627450980392157298e-01,-7.843137254901960675e-02
9.976317783326647207e-04,9.019607843137255054e-01,1.176470588235294101e-01
9.976337783326081569e-04,9.411764705882352811e-01,-7.843137254901960675e-02
9.976357783325515930e-04,8.235294117647058432e-01,3.921568627450980338e-02
9.976377783324950291e-04,9.019607843137255054e-01,0.000000000000000000e+00
9.976397783324384653e-04,9.411764705882352811e-01,0.000000000000000000e+00
9.976417783323819014e-04,9.019607843137255054e-01,7.843137254901960675e-02
9.976437783323253376e-04,8.627450980392157298e-01,-7.843137254901960675e-02
9.976457783322687737e-04,8.235294117647058432e-01,7.843137254901960675e-02
9.976477783322122098e-04,9.019607843137255054e-01,-3.921568627450980338e-02
9.976497783321556460e-04,9.411764705882352811e-01,-7.843137254901960675e-02
9.976517783320990821e-04,8.235294117647058432e-01,7.843137254901960675e-02
9.976537783320425182e-04,8.627450980392157298e-01,-1.568627450980392135e-01
9.976557783319859544e-04,8.627450980392157298e-01,1.176470588235294101e-01
9.976577783319293905e-04,9.411764705882352811e-01,0.000000000000000000e+00
9.976597783318728267e-04,8.627450980392157298e-01,-3.921568627450980338e-02
9.976617783318162628e-04,8.627450980392157298e-01,7.843137254901960675e-02
9.976637783317596989e-04,9.019607843137255054e-01,-3.921568627450980338e-02
9.976657783317031351e-04,9.411764705882352811e-01,3.921568627450980338e-02
9.976677783316465712e-04,8.627450980392157298e-01,3.921568627450980338e-02
9.976697783315900073e-04,9.019607843137255054e-01,-1.568627450980392135e-01
9.976717783315334435e-04,9.019607843137255054e-01,7.843137254901960675e-02
9.976737783314768796e-04,9.411764705882352811e-01,-7.843137254901960675e-02
9.976757783314203158e-04,8.235294117647058432e-01,0.000000000000000000e+00
9.976777783313637519e-04,8.627450980392157298e-01,0.000000000000000000e+00
9.976797783313071880e-04,9.019607843137255054e-01,3.921568627450980338e-02
9.976817783312506242e-04,9.411764705882352811e-01,7.843137254901960675e-02
9.976837783311940603e-04,8.627450980392157298e-01,-3.921568627450980338e-02
9.976857783311374964e-04,9.019607843137255054e-01,7.843137254901960675e-02
9.976877783310809326e-04,9.019607843137255054e-01,0.000000000000000000e+00
9.976897783310243687e-04,9.411764705882352811e-01,-7.843137254901960675e-02
9.976917783309678048e-04,8.235294117647058432e-01,7.843137254901960675e-02
9.976937783309112410e-04,9.019607843137255054e-01,-1.568627450980392135e-01
9.976957783308546771e-04,8.627450980392157298e-01,1.568627450980392135e-01
9.976977783307981133e-04,9.411764705882352811e-01,0.000000000000000000e+00
9.976997783307415494e-04,8.235294117647058432e-01,-3.921568627450980338e-02
9.977017783306849855e-04,8.627450980392157298e-01,7.843137254901960675e-02
9.977037783306284217e-04,9.411764705882352811e-01,-7.843137254901960675e-02
9.977057783305718578e-04,9.411764705882352811e-01,0.000000000000000000e+00
9.977077783305152939e-04,8.627450980392157298e-01,3.921568627450980338e-02
9.977097783304587301e-04,8.627450980392157298e-01,-7.843137254901960675e-02
9.977117783304021662e-04,8.627450980392157298e-01,1.176470588235294101e-01
9.977137783303456024e-04,9.411764705882352811e-01,-7.843137254901960675e-02
9.977157783302890385e-04,8.627450980392157298e-01,0.000000000000000000e+00
9.977177783302324746e-04,8.235294117647058432e-01,3.921568627450980338e-02
9.977197783301759108e-04,9.019607843137255054e-01,3.921568627450980338e-02
9.977217783301193469e-04,9.411764705882352811e-01,3.921568627450980338e-02
9.977237783300627830e-04,8.627450980392157298e-01,-3.921568627450980338e-02
9.977257783300062192e-04,8.235294117647058432e-01,3.921568627450980338e-02
9.977277783299496553e-04,8.627450980392157298e-01,0.000000000000000000e+00
9.977297783298930915e-04,9.411764705882352811e-01,-7.843137254901960675e-02
9.977317783298365276e-04,8.627450980392157298e-01,1.176470588235294101e-01
9.977337783297799637e-04,9.019607843137255054e-01,-1.568627450980392135e-01
9.977357783297233999e-04,9.019607843137255054e-01,1.176470588235294101e-01
9.977377783296668360e-04,9.411764705882352811e-01,0.000000000000000000e+00
9.977397783296102721e-04,8.627450980392157298e-01,0.000000000000000000e+00
9.977417783295537083e-04,8.627450980392157298e-01,7.843137254901960675e-02
9.977437783294971444e-04,9.411764705882352811e-01,-3.921568627450980338e-02
9.977457783294405805e-04,9.019607843137255054e-01,0.000000000000000000e+00
9.977477783293840167e-04,8.235294117647058432e-01,0.000000000000000000e+00
9.977497783293274528e-04,9.019607843137255054e-01,0.000000000000000000e+00
9.977517783292708890e-04,9.019607843137255054e-01,7.843137254901960675e-02
9.977537783292143251e-04,9.411764705882352811e-01,-7.843137254901960675e-02
9.977557783291577612e-04,8.235294117647058432e-01,3.921568627450980338e-02
9.977577783291011974e-04,9.019607843137255054e-01,3.921568627450980338e-02
9.977597783290446335e-04,9.019607843137255054e-01,0.000000000000000000e+00
9.977617783289880696e-04,9.411764705882352811e-01,3.921568627450980338e-02
9.977637783289315058e-04,8.627450980392157298e-01,-7.843137254901960675e-02
9.977657783288749419e-04,9.019607843137255054e-01,3.921568627450980338e-02
9.977677783288183781e-04,9.019607843137255054e-01,0.000000000000000000e+00
9.977697783287618142e-04,9.411764705882352811e-01,-3.921568627450980338e-02
9.977717783287052503e-04,8.627450980392157298e-01,7.843137254901960675e-02
9.977737783286486865e-04,8.627450980392157298e-01,-1.568627450980392135e-01
9.977757783285921226e-04,9.019607843137255054e-01,7.843137254901960675e-02
9.977777783285355587e-04,9.411764705882352811e-01,0.000000000000000000e+00
9.977797783284789949e-04,8.235294117647058432e-01,-3.921568627450980338e-02
9.977817783284224310e-04,8.235294117647058432e-01,1.176470588235294101e-01
9.977837783283658672e-04,9.019607843137255054e-01,-3.921568627450980338e-02
9.977857783283093033e-04,9.411764705882352811e-01,7.843137254901960675e-02
9.977877783282527394e-04,8.627450980392157298e-01,0.000000000000000000e+00
9.977897783281961756e-04,9.019607843137255054e-01,0.000000000000000000e+00
9.977917783281396117e-04,8.627450980392157298e-01,7.843137254901960675e-02
9.977937783280830478e-04,9.411764705882352811e-01,-7.843137254901960675e-02
9.977957783280264840e-04,8.235294117647058432e-01,3.921568627450980338e-02
9.977977783279699201e-04,8.627450980392157298e-01,0.000000000000000000e+00
9.977997783279133562e-04,9.019607843137255054e-01,3.921568627450980338e-02
9.978017783278567924e-04,9.411764705882352811e-01,3.921568627450980338e-02
9.978037783278002285e-04,8.235294117647058432e-01,-7.843137254901960675e-02
9.978057783277436647e-04,8.627450980392157298e-01,0.000000000000000000e+00
9.978077783276871008e-04,9.019607843137255054e-01,0.000000000000000000e+00
9.978097783276305369e-04,9.019607843137255054e-01,-3.921568627450980338e-02
9.978117783275739731e-04,8.627450980392157298e-01,1.176470588235294101e-01
9.978137783275174092e-04,8.627450980392157298e-01,-1.568627450980392135e-01
9.978157783274608453e-04,8.627450980392157298e-01,1.176470588235294101e-01
9.978177783274042815e-04,9.411764705882352811e-01,-3.921568627450980338e-02
9.978197783273477176e-04,9.019607843137255054e-01,-3.921568627450980338e-02
9.978217783272911538e-04,8.627450980392157298e-01,7.843137254901960675e-02
9.978237783272345899e-04,9.019607843137255054e-01,-3.921568627450980338e-02
9.978257783271780260e-04,9.411764705882352811e-01,3.921568627450980338e-02
9.978277783271214622e-04,8.627450980392157298e-01,0.000000000000000000e+00
9.978297783270648983e-04,9.019607843137255054e-01,0.000000000000000000e+00
9.978317783270083344e-04,9.019607843137255054e-01,3.921568627450980338e-02
9.978337783269517706e-04,9.411764705882352811e-01,-7.843137254901960675e-02
9.978357783268952067e-04,8.627450980392157298e-01,7.843137254901960675e-02
9.978377783268386429e-04,8.235294117647058432e-01,3.921568627450980338e-02
9.978397783267820790e-04,9.019607843137255054e-01,0.000000000000000000e+00
9.978417783267255151e-04,9.411764705882352811e-01,3.921568627450980338e-02
9.978437783266689513e-04,8.627450980392157298e-01,-3.921568627450980338e-02
9.978457783266123874e-04,8.627450980392157298e-01,3.921568627450980338e-02
9.978477783265558235e-04,8.627450980392157298e-01,3.921568627450980338e-02
9.978497783264992597e-04,9.019607843137255054e-01,-7.843137254901960675e-02
9.978517783264426958e-04,8.627450980392157298e-01,7.843137254901960675e-02
9.978537783263861319e-04,9.019607843137255054e-01,-1.568627450980392135e-01
9.978557783263295681e-04,9.019607843137255054e-01,7.843137254901960675e-02
9.978577783262730042e-04,9.411764705882352811e-01,0.000000000000000000e+00
9.978597783262164404e-04,8.627450980392157298e-01,-3.921568627450980338e-02
9.978617783261598765e-04,8.627450980392157298e-01,7.843137254901960675e-02
9.978637783261033126e-04,8.627450980392157298e-01,-3.921568627450980338e-02
9.978657783260467488e-04,9.411764705882352811e-01,3.921568627450980338e-02
9.978677783259901849e-04,8.627450980392157298e-01,3.921568627450980338e-02
9.978697783259336210e-04,8.627450980392157298e-01,-1.568627450980392135e-01
9.978717783258770572e-04,9.019607843137255054e-01,7.843137254901960675e-02
9.978737783258204933e-04,9.411764705882352811e-01,-7.843137254901960675e-02
9.978757783257639295e-04,8.235294117647058432e-01,3.921568627450980338e-02
9.978777783257073656e-04,8.627450980392157298e-01,3.921568627450980338e-02
9.978797783256508017e-04,9.019607843137255054e-01,3.921568627450980338e-02
9.978817783255942379e-04,9.411764705882352811e-01,3.921568627450980338e-02
9.978837783255376740e-04,8.627450980392157298e-01,-7.843137254901960675e-02
9.978857783254811101e-04,8.627450980392157298e-01,0.000000000000000000e+00
9.978877783254245463e-04,9.019607843137255054e-01,0.000000000000000000e+00
9.978897783253679824e-04,9.411764705882352811e-01,-7.843137254901960675e-02
9.978917783253114186e-04,8.235294117647058432e-01,7.843137254901960675e-02
9.978937783252548547e-04,9.019607843137255054e-01,-7.843137254901960675e-02
9.978957783251982908e-04,9.019607843137255054e-01,1.176470588235294101e-01
9.978977783251417270e-04,9.019607843137255054e-01,0.000000000000000000e+00
9.978997783250851631e-04,8.235294117647058432e-01,-3.921568627450980338e-02
9.979017783250285992e-04,9.019607843137255054e-01,7.843137254901960675e-02
9.979037783249720354e-04,9.019607843137255054e-01,-7.843137254901960675e-02
9.979057783249154715e-04,9.411764705882352811e-01,3.921568627450980338e-02
9.979077783248589077e-04,8.627450980392157298e-01,0.000000000000000000e+00
9.979097783248023438e-04,9.019607843137255054e-01,-1.568627450980392135e-01
9.979117783247457799e-04,9.019607843137255054e-01,7.843137254901960675e-02
9.979137783246892161e-04,9.411764705882352811e-01,-7.843137254901960675e-02
9.979157783246326522e-04,8.627450980392157298e-01,3.921568627450980338e-02
9.979177783245760883e-04,9.019607843137255054e-01,3.921568627450980338e-02
9.979197783245195245e-04,8.627450980392157298e-01,7.843137254901960675e-02
9.979217783244629606e-04,9.411764705882352811e-01,3.921568627450980338e-02
9.979237783244063967e-04,8.627450980392157298e-01,-3.921568627450980338e-02
9.979257783243498329e-04,8.627450980392157298e-01,3.921568627450980338e-02
9.979277783242932690e-04,9.019607843137255054e-01,0.000000000000000000e+00
9.979297783242367052e-04,9.411764705882352811e-01,-3.921568627450980338e-02
9.979317783241801413e-04,8.627450980392157298e-01,7.843137254901960675e-02
9.979337783241235774e-04,9.019607843137255054e-01,-3.921568627450980338e-02
9.979357783240670136e-04,9.019607843137255054e-01,7.843137254901960675e-02
9.979377783240104497e-04,9.411764705882352811e-01,0.000000000000000000e+00
9.979397783239538858e-04,8.627450980392157298e-01,-3.921568627450980338e-02
9.979417783238973220e-04,9.019607843137255054e-01,7.843137254901960675e-02
9.979437783238407581e-04,9.019607843137255054e-01,-3.921568627450980338e-02
9.979457783237841943e-04,9.411764705882352811e-01,3.921568627450980338e-02
9.979477783237276304e-04,8.235294117647058432e-01,0.000000000000000000e+00
9.979497783236710665e-04,9.019607843137255054e-01,-1.568627450980392135e-01
9.979517783236145027e-04,9.019607843137255054e-01,7.843137254901960675e-02
9.979537783235579388e-04,9.803921568627450567e-01,-7.843137254901960675e-02
9.979557783235013749e-04,8.235294117647058432e-01,3.921568627450980338e-02
9.979577783234448111e-04,9.019607843137255054e-01,0.000000000000000000e+00
9.979597783233882472e-04,8.627450980392157298e-01,3.921568627450980338e-02
9.979617783233316834e-04,9.411764705882352811e-01,3.921568627450980338e-02
9.979637783232751195e-04,8.627450980392157298e-01,-3.921568627450980338e-02
9.979657783232185556e-04,8.627450980392157298e-01,3.921568627450980338e-02
9.979677783231619918e-04,9.019607843137255054e-01,-3.921568627450980338e-02
9.979697783231054279e-04,9.411764705882352811e-01,-7.843137254901960675e-02
9.979717783230488640e-04,8.627450980392157298e-01,7.843137254901960675e-02
9.979737783229923002e-04,9.019607843137255054e-01,-1.568627450980392135e-01
9.979757783229357363e-04,9.019607843137255054e-01,7.843137254901960675e-02
9.979777783228791724e-04,9.411764705882352811e-01,0.000000000000000000e+00
9.979797783228226086e-04,8.627450980392157298e-01,-3.921568627450980338e-02
9.979817783227660447e-04,8.235294117647058432e-01,7.843137254901960675e-02
9.979837783227094809e-04,9.019607843137255054e-01,-1.568627450980392135e-01
9.979857783226529170e-04,9.411764705882352811e-01,7.843137254901960675e-02
9.979877783225963531e-04,8.627450980392157298e-01,0.000000000000000000e+00
9.979897783225397893e-04,9.019607843137255054e-01,-1.568627450980392135e-01
9.979917783224832254e-04,9.019607843137255054e-01,7.843137254901960675e-02
9.979937783224266615e-04,9.411764705882352811e-01,-7.843137254901960675e-02
9.979957783223700977e-04,8.235294117647058432e-01,0.000000000000000000e+00
9.979977783223135338e-04,9.019607843137255054e-01,3.921568627450980338e-02
9.979997783222569700e-04,9.019607843137255054e-01,0.000000000000000000e+00
9.980017783222004061e-04,9.411764705882352811e-01,3.921568627450980338e-02
9.980037783221438422e-04,8.627450980392157298e-01,-3.921568627450980338e-02
9.980057783220872784e-04,8.627450980392157298e-01,0.000000000000000000e+00
9.980077783220307145e-04,9.019607843137255054e-01,0.000000000000000000e+00
9.980097783219741506e-04,9.411764705882352811e-01,-3.921568627450980338e-02
9.980117783219175868e-04,8.627450980392157298e-01,7.843137254901960675e-02
9.980137783218610229e-04,9.019607843137255054e-01,-7.843137254901960675e-02
9.980157783218044591e-04,9.019607843137255054e-01,7.843137254901960675e-02
9.980177783217478952e-04,9.411764705882352811e-01,0.000000000000000000e+00
9.980197783216913313e-04,9.019607843137255054e-01,-3.921568627450980338e-02
9.980217783216347675e-04,8.627450980392157298e-01,7.843137254901960675e-02
9.980237783215782036e-04,9.019607843137255054e-01,-3.921568627450980338e-02
9.980257783215216397e-04,9.411764705882352811e-01,3.921568627450980338e-02
9.980277783214650759e-04,8.627450980392157298e-01,3.921568627450980338e-02
9.980297783214085120e-04,9.019607843137255054e-01,0.000000000000000000e+00
9.980317783213519481e-04,9.019607843137255054e-01,7.843137254901960675e-02
9.980337783212953843e-04,9.411764705882352811e-01,-7.843137254901960675e-02
9.980357783212388204e-04,8.627450980392157298e-01,3.921568627450980338e-02
9.980377783211822566e-04,8.235294117647058432e-01,0.000000000000000000e+00
9.980397783211256927e-04,9.019607843137255054e-01,3.921568627450980338e-02
9.980417783210691288e-04,9.411764705882352811e-01,0.000000000000000000e+00
9.980437783210125650e-04,8.627450980392157298e-01,-7.843137254901960675e-02
9.980457783209560011e-04,9.019607843137255054e-01,0.000000000000000000e+00
9.980477783208994372e-04,9.411764705882352811e-01,0.000000000000000000e+00
9.980497783208428734e-04,9.411764705882352811e-01,-7.843137254901960675e-02
9.980517783207863095e-04,8.627450980392157298e-01,7.843137254901960675e-02
9.980537783207297457e-04,9.019607843137255054e-01,-1.960784313725490169e-01
9.980557783206731818e-04,9.019607843137255054e-01,1.568627450980392135e-01
9.980577783206166179e-04,9.019607843137255054e-01,0.000000000000000000e+00
9.980597783205600541e-04,8.235294117647058432e-01,-3.921568627450980338e-02
9.980617783205034902e-04,9.019607843137255054e-01,7.843137254901960675e-02
9.980637783204469263e-04,9.019607843137255054e-01,-7.843137254901960675e-02
9.980657783203903625e-04,9.411764705882352811e-01,3.921568627450980338e-02
9.980677783203337986e-04,8.627450980392157298e-01,0.000000000000000000e+00
9.980697783202772348e-04,8.627450980392157298e-01,-7.843137254901960675e-02
9.980717783202206709e-04,9.019607843137255054e-01,7.843137254901960675e-02
9.980737783201641070e-04,9.019607843137255054e-01,-7.843137254901960675e-02
9.980757783201075432e-04,8.627450980392157298e-01,3.921568627450980338e-02
9.980777783200509793e-04,9.411764705882352811e-01,0.000000000000000000e+00
9.980797783199944154e-04,9.411764705882352811e-01,0.000000000000000000e+00
9.980817783199378516e-04,9.411764705882352811e-01,3.921568627450980338e-02
9.980837783198812877e-04,8.235294117647058432e-01,-7.843137254901960675e-02
9.980857783198247239e-04,8.627450980392157298e-01,3.921568627450980338e-02
9.980877783197681600e-04,9.019607843137255054e-01,0.000000000000000000e+00
9.980897783197115961e-04,9.411764705882352811e-01,-3.921568627450980338e-02
9.980917783196550323e-04,8.235294117647058432e-01,7.843137254901960675e-02
9.980937783195984684e-04,8.627450980392157298e-01,-1.568627450980392135e-01
9.980957783195419045e-04,9.019607843137255054e-01,7.843137254901960675e-02
9.980977783194853407e-04,9.411764705882352811e-01,0.000000000000000000e+00
9.980997783194287768e-04,8.627450980392157298e-01,-3.921568627450980338e-02
9.981017783193722129e-04,8.627450980392157298e-01,7.843137254901960675e-02
9.981037783193156491e-04,9.019607843137255054e-01,-3.921568627450980338e-02
9.981057783192590852e-04,9.411764705882352811e-01,7.843137254901960675e-02
9.981077783192025214e-04,8.627450980392157298e-01,3.921568627450980338e-02
9.981097783191459575e-04,8.627450980392157298e-01,-1.568627450980392135e-01
9.981117783190893936e-04,9.019607843137255054e-01,7.843137254901960675e-02
9.981137783190328298e-04,9.411764705882352811e-01,-7.843137254901960675e-02
9.981157783189762659e-04,8.235294117647058432e-01,3.921568627450980338e-02
9.981177783189197020e-04,9.019607843137255054e-01,0.000000000000000000e+00
9.981197783188631382e-04,9.019607843137255054e-01,0.000000000000000000e+00
9.981217783188065743e-04,9.803921568627450567e-01,3.921568627450980338e-02
9.981237783187500105e-04,8.627450980392157298e-01,-7.843137254901960675e-02
9.981257783186934466e-04,9.019607843137255054e-01,0.000000000000000000e+00
9.981277783186368827e-04,8.627450980392157298e-01,0.000000000000000000e+00
9.981297783185803189e-04,9.411764705882352811e-01,-3.921568627450980338e-02
9.981317783185237550e-04,8.627450980392157298e-01,7.843137254901960675e-02
9.981337783184671911e-04,9.019607843137255054e-01,-1.568627450980392135e-01
9.981357783184106273e-04,9.019607843137255054e-01,7.843137254901960675e-02
9.981377783183540634e-04,9.411764705882352811e-01,0.000000000000000000e+00
9.981397783182974996e-04,8.627450980392157298e-01,-7.843137254901960675e-02
9.981417783182409357e-04,8.627450980392157298e-01,7.843137254901960675e-02
9.981437783181843718e-04,8.627450980392157298e-01,-3.921568627450980338e-02
9.981457783181278080e-04,9.411764705882352811e-01,0.000000000000000000e+00
9.981477783180712441e-04,8.627450980392157298e-01,0.000000000000000000e+00
9.981497783180146802e-04,9.019607843137255054e-01,0.000000000000000000e+00
9.981517783179581164e-04,9.411764705882352811e-01,7.843137254901960675e-02
9.981537783179015525e-04,9.411764705882352811e-01,-7.843137254901960675e-02
9.981557783178449886e-04,8.627450980392157298e-01,0.000000000000000000e+00
9.981577783177884248e-04,8.627450980392157298e-01,0.000000000000000000e+00
9.981597783177318609e-04,9.019607843137255054e-01,0.000000000000000000e+00
9.981617783176752971e-04,9.411764705882352811e-01,3.921568627450980338e-02
9.981637783176187332e-04,8.235294117647058432e-01,-7.843137254901960675e-02
9.981657783175621693e-04,9.019607843137255054e-01,3.921568627450980338e-02
9.981677783175056055e-04,9.019607843137255054e-01,0.000000000000000000e+00
9.981697783174490416e-04,9.411764705882352811e-01,-7.843137254901960675e-02
9.981717783173924777e-04,8.235294117647058432e-01,7.843137254901960675e-02
9.981737783173359139e-04,9.019607843137255054e-01,-1.568627450980392135e-01
9.981757783172793500e-04,9.019607843137255054e-01,1.176470588235294101e-01
9.981777783172227862e-04,9.411764705882352811e-01,0.000000000000000000e+00
9.981797783171662223e-04,8.235294117647058432e-01,-3.921568627450980338e-02
9.981817783171096584e-04,8.235294117647058432e-01,7.843137254901960675e-02
9.981837783170530946e-04,9.411764705882352811e-01,-3.921568627450980338e-02
9.981857783169965307e-04,9.411764705882352811e-01,3.921568627450980338e-02
9.981877783169399668e-04,8.627450980392157298e-01,0.000000000000000000e+00
9.981897783168834030e-04,9.411764705882352811e-01,-7.843137254901960675e-02
9.981917783168268391e-04,9.019607843137255054e-01,1.176470588235294101e-01
9.981937783167702753e-04,9.411764705882352811e-01,-7.843137254901960675e-02
9.981957783167137114e-04,8.627450980392157298e-01,3.921568627450980338e-02
9.981977783166571475e-04,9.019607843137255054e-01,0.000000000000000000e+00
9.981997783166005837e-04,9.019607843137255054e-01,0.000000000000000000e+00
9.982017783165440198e-04,9.411764705882352811e-01,7.843137254901960675e-02
9.982037783164874559e-04,8.627450980392157298e-01,-7.843137254901960675e-02
9.982057783164308921e-04,8.627450980392157298e-01,0.000000000000000000e+00
9.982077783163743282e-04,9.019607843137255054e-01,0.000000000000000000e+00
9.982097783163177643e-04,9.411764705882352811e-01,-7.843137254901960675e-02
9.982117783162612005e-04,8.627450980392157298e-01,7.843137254901960675e-02
9.982137783162046366e-04,8.627450980392157298e-01,-1.568627450980392135e-01
9.982157783161480728e-04,9.019607843137255054e-01,7.843137254901960675e-02
9.982177783160915089e-04,9.411764705882352811e-01,0.000000000000000000e+00
9.982197783160349450e-04,8.235294117647058432e-01,-3.921568627450980338e-02
9.982217783159783812e-04,8.627450980392157298e-01,7.843137254901960675e-02
9.982237783159218173e-04,9.019607843137255054e-01,-3.921568627450980338e-02
9.982257783158652534e-04,9.411764705882352811e-01,3.921568627450980338e-02
9.982277783158086896e-04,8.235294117647058432e-01,0.000000000000000000e+00
9.982297783157521257e-04,8.627450980392157298e-01,-7.843137254901960675e-02
9.982317783156955619e-04,9.411764705882352811e-01,1.176470588235294101e-01
9.982337783156389980e-04,9.411764705882352811e-01,-7.843137254901960675e-02
9.982357783155824341e-04,8.627450980392157298e-01,0.000000000000000000e+00
9.982377783155258703e-04,8.627450980392157298e-01,0.000000000000000000e+00
9.982397783154693064e-04,9.019607843137255054e-01,0.000000000000000000e+00
9.982417783154127425e-04,9.411764705882352811e-01,7.843137254901960675e-02
9.982437783153561787e-04,8.627450980392157298e-01,-7.843137254901960675e-02
9.982457783152996148e-04,9.019607843137255054e-01,7.843137254901960675e-02
9.982477783152430510e-04,9.019607843137255054e-01,0.000000000000000000e+00
9.982497783151864871e-04,9.411764705882352811e-01,-7.843137254901960675e-02
9.982517783151299232e-04,8.627450980392157298e-01,7.843137254901960675e-02
9.982537783150733594e-04,8.627450980392157298e-01,-1.568627450980392135e-01
9.982557783150167955e-04,8.627450980392157298e-01,1.176470588235294101e-01
9.982577783149602316e-04,9.411764705882352811e-01,3.921568627450980338e-02
9.982597783149036678e-04,8.627450980392157298e-01,-3.921568627450980338e-02
9.982617783148471039e-04,9.019607843137255054e-01,7.843137254901960675e-02
9.982637783147905400e-04,9.411764705882352811e-01,-3.921568627450980338e-02
9.982657783147339762e-04,9.411764705882352811e-01,3.921568627450980338e-02
9.982677783146774123e-04,8.235294117647058432e-01,0.000000000000000000e+00
9.982697783146208485e-04,9.019607843137255054e-01,0.000000000000000000e+00
9.982717783145642846e-04,8.627450980392157298e-01,7.843137254901960675e-02
9.982737783145077207e-04,9.411764705882352811e-01,-7.843137254901960675e-02
9.982757783144511569e-04,8.235294117647058432e-01,3.921568627450980338e-02
9.982777783143945930e-04,8.627450980392157298e-01,3.921568627450980338e-02
9.982797783143380291e-04,9.019607843137255054e-01,0.000000000000000000e+00
9.982817783142814653e-04,9.411764705882352811e-01,7.843137254901960675e-02
9.982837783142249014e-04,8.627450980392157298e-01,-7.843137254901960675e-02
9.982857783141683376e-04,9.019607843137255054e-01,7.843137254901960675e-02
9.982877783141117737e-04,9.019607843137255054e-01,0.000000000000000000e+00
9.982897783140552098e-04,9.411764705882352811e-01,-3.921568627450980338e-02
9.982917783139986460e-04,8.627450980392157298e-01,1.176470588235294101e-01
9.982937783139420821e-04,9.019607843137255054e-01,-7.843137254901960675e-02
9.982957783138855182e-04,9.019607843137255054e-01,7.843137254901960675e-02
9.982977783138289544e-04,9.411764705882352811e-01,-3.921568627450980338e-02
9.982997783137723905e-04,8.627450980392157298e-01,-3.921568627450980338e-02
9.983017783137158267e-04,9.019607843137255054e-01,7.843137254901960675e-02
9.983037783136592628e-04,9.019607843137255054e-01,-1.568627450980392135e-01
9.983057783136026989e-04,9.411764705882352811e-01,7.843137254901960675e-02
9.983077783135461351e-04,8.235294117647058432e-01,0.000000000000000000e+00
9.983097783134895712e-04,9.019607843137255054e-01,-1.568627450980392135e-01
9.983117783134330073e-04,9.411764705882352811e-01,1.176470588235294101e-01
9.983137783133764435e-04,9.411764705882352811e-01,-7.843137254901960675e-02
9.983157783133198796e-04,8.235294117647058432e-01,0.000000000000000000e+00
9.983177783132633158e-04,9.019607843137255054e-01,3.921568627450980338e-02
9.983197783132067519e-04,9.019607843137255054e-01,0.000000000000000000e+00
9.983217783131501880e-04,9.411764705882352811e-01,7.843137254901960675e-02
9.983237783130936242e-04,8.627450980392157298e-01,-7.843137254901960675e-02
9.983257783130370603e-04,9.019607843137255054e-01,3.921568627450980338e-02
9.983277783129804964e-04,9.019607843137255054e-01,0.000000000000000000e+00
9.983297783129239326e-04,9.411764705882352811e-01,-7.843137254901960675e-02
9.983317783128673687e-04,8.235294117647058432e-01,7.843137254901960675e-02
9.983337783128108048e-04,9.019607843137255054e-01,-1.568627450980392135e-01
9.983357783127542410e-04,9.019607843137255054e-01,1.176470588235294101e-01
9.983377783126976771e-04,9.411764705882352811e-01,0.000000000000000000e+00
9.983397783126411133e-04,8.627450980392157298e-01,-7.843137254901960675e-02
9.983417783125845494e-04,8.627450980392157298e-01,7.843137254901960675e-02
9.983437783125279855e-04,9.019607843137255054e-01,-7.843137254901960675e-02
9.983457783124714217e-04,9.411764705882352811e-01,3.921568627450980338e-02
9.983477783124148578e-04,8.627450980392157298e-01,3.921568627450980338e-02
9.983497783123582939e-04,9.411764705882352811e-01,3.921568627450980338e-02
9.983517783123017301e-04,9.019607843137255054e-01,7.843137254901960675e-02
9.983537783122451662e-04,9.411764705882352811e-01,-7.843137254901960675e-02
9.983557783121886024e-04,8.235294117647058432e-01,0.000000000000000000e+00
9.983577783121320385e-04,8.627450980392157298e-01,0.000000000000000000e+00
9.983597783120754746e-04,9.019607843137255054e-01,0.000000000000000000e+00
9.983617783120189108e-04,9.411764705882352811e-01,7.843137254901960675e-02
9.983637783119623469e-04,8.235294117647058432e-01,-3.921568627450980338e-02
9.983657783119057830e-04,9.019607843137255054e-01,7.843137254901960675e-02
9.983677783118492192e-04,9.019607843137255054e-01,0.000000000000000000e+00
9.983697783117926553e-04,9.411764705882352811e-01,-3.921568627450980338e-02
9.983717783117360915e-04,8.627450980392157298e-01,7.843137254901960675e-02
9.983737783116795276e-04,9.019607843137255054e-01,-7.843137254901960675e-02
9.983757783116229637e-04,8.627450980392157298e-01,1.176470588235294101e-01
9.983777783115663999e-04,9.411764705882352811e-01,0.000000000000000000e+00
9.983797783115098360e-04,8.235294117647058432e-01,-3.921568627450980338e-02
9.983817783114532721e-04,8.627450980392157298e-01,7.843137254901960675e-02
9.983837783113967083e-04,9.411764705882352811e-01,-7.843137254901960675e-02
9.983857783113401444e-04,9.411764705882352811e-01,3.921568627450980338e-02
9.983877783112835805e-04,8.627450980392157298e-01,3.921568627450980338e-02
9.983897783112270167e-04,9.019607843137255054e-01,-1.568627450980392135e-01
9.983917783111704528e-04,8.627450980392157298e-01,7.843137254901960675e-02
9.983937783111138890e-04,9.411764705882352811e-01,-7.843137254901960675e-02
9.983957783110573251e-04,8.627450980392157298e-01,0.000000000000000000e+00
9.983977783110007612e-04,9.019607843137255054e-01,0.000000000000000000e+00
9.983997783109441974e-04,9.411764705882352811e-01,3.921568627450980338e-02
9.984017783108876335e-04,9.411764705882352811e-01,7.843137254901960675e-02
9.984037783108310696e-04,8.235294117647058432e-01,-7.843137254901960675e-02
9.984057783107745058e-04,8.627450980392157298e-01,7.843137254901960675e-02
9.984077783107179419e-04,9.411764705882352811e-01,0.000000000000000000e+00
9.984097783106613781e-04,9.411764705882352811e-01,-7.843137254901960675e-02
9.984117783106048142e-04,8.235294117647058432e-01,7.843137254901960675e-02
9.984137783105482503e-04,9.411764705882352811e-01,-1.568627450980392135e-01
9.984157783104916865e-04,9.019607843137255054e-01,7.843137254901960675e-02
9.984177783104351226e-04,9.411764705882352811e-01,0.000000000000000000e+00
9.984197783103785587e-04,8.627450980392157298e-01,-3.921568627450980338e-02
9.984217783103219949e-04,8.627450980392157298e-01,7.843137254901960675e-02
9.984237783102654310e-04,9.019607843137255054e-01,-3.921568627450980338e-02
9.984257783102088672e-04,9.411764705882352811e-01,0.000000000000000000e+00
9.984277783101523033e-04,8.235294117647058432e-01,0.000000000000000000e+00
9.984297783100957394e-04,9.019607843137255054e-01,-1.568627450980392135e-01
9.984317783100391756e-04,9.019607843137255054e-01,1.176470588235294101e-01
9.984337783099826117e-04,9.411764705882352811e-01,-7.843137254901960675e-02
9.984357783099260478e-04,8.235294117647058432e-01,0.000000000000000000e+00
9.984377783098694840e-04,8.627450980392157298e-01,0.000000000000000000e+00
9.984397783098129201e-04,9.019607843137255054e-01,0.000000000000000000e+00
9.984417783097563562e-04,9.411764705882352811e-01,7.843137254901960675e-02
9.984437783096997924e-04,8.627450980392157298e-01,-7.843137254901960675e-02
9.984457783096432285e-04,9.019607843137255054e-01,3.921568627450980338e-02
9.984477783095866647e-04,9.019607843137255054e-01,0.000000000000000000e+00
9.984497783095301008e-04,9.411764705882352811e-01,-7.843137254901960675e-02
9.984517783094735369e-04,8.627450980392157298e-01,7.843137254901960675e-02
9.984537783094169731e-04,9.019607843137255054e-01,-1.568627450980392135e-01
9.984557783093604092e-04,9.019607843137255054e-01,7.843137254901960675e-02
9.984577783093038453e-04,9.411764705882352811e-01,0.000000000000000000e+00
9.984597783092472815e-04,8.235294117647058432e-01,-3.921568627450980338e-02
9.984617783091907176e-04,8.627450980392157298e-01,7.843137254901960675e-02
9.984637783091341538e-04,8.627450980392157298e-01,-3.921568627450980338e-02
9.984657783090775899e-04,9.411764705882352811e-01,3.921568627450980338e-02
9.984677783090210260e-04,9.019607843137255054e-01,0.000000000000000000e+00
9.984697783089644622e-04,9.019607843137255054e-01,0.000000000000000000e+00
9.984717783089078983e-04,9.019607843137255054e-01,1.176470588235294101e-01
9.984737783088513344e-04,9.411764705882352811e-01,-3.921568627450980338e-02
9.984757783087947706e-04,8.627450980392157298e-01,3.921568627450980338e-02
9.984777783087382067e-04,9.019607843137255054e-01,3.921568627450980338e-02
9.984797783086816429e-04,9.411764705882352811e-01,3.921568627450980338e-02
9.984817783086250790e-04,9.411764705882352811e-01,7.843137254901960675e-02
9.984837783085685151e-04,8.627450980392157298e-01,-7.843137254901960675e-02
9.984857783085119513e-04,9.019607843137255054e-01,7.843137254901960675e-02
9.984877783084553874e-04,9.019607843137255054e-01,0.000000000000000000e+00
9.984897783083988235e-04,9.411764705882352811e-01,-7.843137254901960675e-02
9.984917783083422597e-04,8.627450980392157298e-01,7.843137254901960675e-02
9.984937783082856958e-04,9.019607843137255054e-01,-1.568627450980392135e-01
9.984957783082291320e-04,9.411764705882352811e-01,1.176470588235294101e-01
9.984977783081725681e-04,9.411764705882352811e-01,0.000000000000000000e+00
9.984997783081160042e-04,8.627450980392157298e-01,-3.921568627450980338e-02
9.985017783080594404e-04,9.019607843137255054e-01,7.843137254901960675e-02
9.985037783080028765e-04,9.411764705882352811e-01,-3.921568627450980338e-02
9.985057783079463126e-04,9.019607843137255054e-01,7.843137254901960675e-02
9.985077783078897488e-04,8.627450980392157298e-01,0.000000000000000000e+00
9.985097783078331849e-04,9.019607843137255054e-01,-1.568627450980392135e-01
9.985117783077766210e-04,9.019607843137255054e-01,1.176470588235294101e-01
9.985137783077200572e-04,9.411764705882352811e-01,-7.843137254901960675e-02
9.985157783076634933e-04,8.235294117647058432e-01,3.921568627450980338e-02
9.985177783076069295e-04,9.019607843137255054e-01,0.000000000000000000e+00
9.985197783075503656e-04,9.019607843137255054e-01,0.000000000000000000e+00
9.985217783074938017e-04,9.411764705882352811e-01,3.921568627450980338e-02
9.985237783074372379e-04,8.627450980392157298e-01,-3.921568627450980338e-02
9.985257783073806740e-04,9.019607843137255054e-01,3.921568627450980338e-02
9.985277783073241101e-04,8.627450980392157298e-01,0.000000000000000000e+00
9.985297783072675463e-04,9.411764705882352811e-01,-7.843137254901960675e-02
9.985317783072109824e-04,7.843137254901960675e-01,1.176470588235294101e-01
9.985337783071544186e-04,8.627450980392157298e-01,-1.568627450980392135e-01
9.985357783070978547e-04,9.019607843137255054e-01,7.843137254901960675e-02
9.985377783070412908e-04,9.019607843137255054e-01,-3.921568627450980338e-02
9.985397783069847270e-04,8.627450980392157298e-01,-3.921568627450980338e-02
9.985417783069281631e-04,8.235294117647058432e-01,3.921568627450980338e-02
9.985437783068715992e-04,8.627450980392157298e-01,-7.843137254901960675e-02
9.985457783068150354e-04,9.019607843137255054e-01,3.921568627450980338e-02
9.985477783067584715e-04,8.627450980392157298e-01,0.000000000000000000e+00
9.985497783067019077e-04,8.627450980392157298e-01,0.000000000000000000e+00
9.985517783066453438e-04,8.627450980392157298e-01,7.843137254901960675e-02
9.985537783065887799e-04,9.411764705882352811e-01,-7.843137254901960675e-02
9.985557783065322161e-04,8.627450980392157298e-01,3.921568627450980338e-02
9.985577783064756522e-04,9.019607843137255054e-01,3.921568627450980338e-02
9.985597783064190883e-04,8.627450980392157298e-01,0.000000000000000000e+00
9.985617783063625245e-04,9.411764705882352811e-01,3.921568627450980338e-02
9.985637783063059606e-04,8.627450980392157298e-01,-7.843137254901960675e-02
9.985657783062493967e-04,9.411764705882352811e-01,0.000000000000000000e+00
9.985677783061928329e-04,9.019607843137255054e-01,3.921568627450980338e-02
9.985697783061362690e-04,9.411764705882352811e-01,-3.921568627450980338e-02
9.985717783060797052e-04,8.627450980392157298e-01,7.843137254901960675e-02
9.985737783060231413e-04,8.627450980392157298e-01,-1.568627450980392135e-01
9.985757783059665774e-04,9.019607843137255054e-01,7.843137254901960675e-02
9.985777783059100136e-04,9.411764705882352811e-01,0.000000000000000000e+00
9.985797783058534497e-04,8.627450980392157298e-01,-3.921568627450980338e-02
9.985817783057968858e-04,9.019607843137255054e-01,7.843137254901960675e-02
9.985837783057403220e-04,9.019607843137255054e-01,-3.921568627450980338e-02
9.985857783056837581e-04,9.411764705882352811e-01,7.843137254901960675e-02
9.985877783056271943e-04,8.627450980392157298e-01,3.921568627450980338e-02
9.985897783055706304e-04,8.627450980392157298e-01,0.000000000000000000e+00
9.985917783055140665e-04,9.019607843137255054e-01,7.843137254901960675e-02
9.985937783054575027e-04,9.411764705882352811e-01,-1.568627450980392135e-01
9.985957783054009388e-04,8.235294117647058432e-01,0.000000000000000000e+00
9.985977783053443749e-04,9.019607843137255054e-01,3.921568627450980338e-02
9.985997783052878111e-04,9.019607843137255054e-01,0.000000000000000000e+00
9.986017783052312472e-04,9.411764705882352811e-01,3.921568627450980338e-02
9.986037783051746834e-04,8.627450980392157298e-01,-7.843137254901960675e-02
9.986057783051181195e-04,9.019607843137255054e-01,0.000000000000000000e+00
9.986077783050615556e-04,9.019607843137255054e-01,0.000000000000000000e+00
9.986097783050049918e-04,9.411764705882352811e-01,-7.843137254901960675e-02
9.986117783049484279e-04,8.627450980392157298e-01,7.843137254901960675e-02
9.986137783048918640e-04,8.627450980392157298e-01,-7.843137254901960675e-02
9.986157783048353002e-04,9.019607843137255054e-01,7.843137254901960675e-02
9.986177783047787363e-04,9.411764705882352811e-01,0.000000000000000000e+00
9.986197783047221724e-04,8.627450980392157298e-01,-3.921568627450980338e-02
9.986217783046656086e-04,8.627450980392157298e-01,7.843137254901960675e-02
9.986237783046090447e-04,9.019607843137255054e-01,-3.921568627450980338e-02
9.986257783045524809e-04,9.411764705882352811e-01,3.921568627450980338e-02
9.986277783044959170e-04,8.627450980392157298e-01,0.000000000000000000e+00
9.986297783044393531e-04,8.627450980392157298e-01,0.000000000000000000e+00
9.986317783043827893e-04,8.627450980392157298e-01,1.176470588235294101e-01
9.986337783043262254e-04,9.411764705882352811e-01,-7.843137254901960675e-02
9.986357783042696615e-04,8.235294117647058432e-01,0.000000000000000000e+00
9.986377783042130977e-04,8.627450980392157298e-01,0.000000000000000000e+00
9.986397783041565338e-04,9.019607843137255054e-01,0.000000000000000000e+00
9.986417783040999700e-04,9.411764705882352811e-01,3.921568627450980338e-02
9.986437783040434061e-04,8.627450980392157298e-01,-3.921568627450980338e-02
9.986457783039868422e-04,9.019607843137255054e-01,0.000000000000000000e+00
9.986477783039302784e-04,9.019607843137255054e-01,0.000000000000000000e+00
9.986497783038737145e-04,9.411764705882352811e-01,-3.921568627450980338e-02
9.986517783038171506e-04,8.627450980392157298e-01,7.843137254901960675e-02
9.986537783037605868e-04,9.411764705882352811e-01,-7.843137254901960675e-02
9.986557783037040229e-04,9.019607843137255054e-01,1.176470588235294101e-01
9.986577783036474591e-04,9.411764705882352811e-01,0.000000000000000000e+00
9.986597783035908952e-04,8.627450980392157298e-01,-3.921568627450980338e-02
9.986617783035343313e-04,8.627450980392157298e-01,1.176470588235294101e-01
9.986637783034777675e-04,9.019607843137255054e-01,-7.843137254901960675e-02
9.986657783034212036e-04,9.019607843137255054e-01,0.000000000000000000e+00
9.986677783033646397e-04,8.627450980392157298e-01,0.000000000000000000e+00
9.986697783033080759e-04,9.019607843137255054e-01,-1.568627450980392135e-01
9.986717783032515120e-04,9.411764705882352811e-01,7.843137254901960675e-02
9.986737783031949481e-04,9.411764705882352811e-01,-7.843137254901960675e-02
9.986757783031383843e-04,8.627450980392157298e-01,0.000000000000000000e+00
9.986777783030818204e-04,9.019607843137255054e-01,3.921568627450980338e-02
9.986797783030252566e-04,9.019607843137255054e-01,3.921568627450980338e-02
9.986817783029686927e-04,9.411764705882352811e-01,3.921568627450980338e-02
9.986837783029121288e-04,8.627450980392157298e-01,-3.921568627450980338e-02
9.986857783028555650e-04,9.019607843137255054e-01,3.921568627450980338e-02
9.986877783027990011e-04,9.019607843137255054e-01,0.000000000000000000e+00
9.986897783027424372e-04,9.411764705882352811e-01,-3.921568627450980338e-02
9.986917783026858734e-04,8.627450980392157298e-01,7.843137254901960675e-02
9.986937783026293095e-04,9.019607843137255054e-01,-7.843137254901960675e-02
9.986957783025727457e-04,9.019607843137255054e-01,7.843137254901960675e-02
9.986977783025161818e-04,9.019607843137255054e-01,-3.921568627450980338e-02
9.986997783024596179e-04,8.627450980392157298e-01,0.000000000000000000e+00
9.987017783024030541e-04,8.627450980392157298e-01,7.843137254901960675e-02
9.987037783023464902e-04,9.019607843137255054e-01,-3.921568627450980338e-02
9.987057783022899263e-04,9.411764705882352811e-01,7.843137254901960675e-02
9.987077783022333625e-04,8.235294117647058432e-01,3.921568627450980338e-02
9.987097783021767986e-04,9.019607843137255054e-01,-1.568627450980392135e-01
9.987117783021202348e-04,9.019607843137255054e-01,7.843137254901960675e-02
9.987137783020636709e-04,9.411764705882352811e-01,-3.921568627450980338e-02
9.987157783020071070e-04,8.627450980392157298e-01,3.921568627450980338e-02
9.987177783019505432e-04,9.019607843137255054e-01,0.000000000000000000e+00
9.987197783018939793e-04,9.019607843137255054e-01,0.000000000000000000e+00
9.987217783018374154e-04,9.411764705882352811e-01,3.921568627450980338e-02
9.987237783017808516e-04,8.627450980392157298e-01,-7.843137254901960675e-02
9.987257783017242877e-04,8.627450980392157298e-01,0.000000000000000000e+00
9.987277783016677239e-04,9.019607843137255054e-01,0.000000000000000000e+00
9.987297783016111600e-04,9.411764705882352811e-01,-7.843137254901960675e-02
9.987317783015545961e-04,8.235294117647058432e-01,7.843137254901960675e-02
9.987337783014980323e-04,8.235294117647058432e-01,-1.568627450980392135e-01
9.987357783014414684e-04,9.019607843137255054e-01,7.843137254901960675e-02
9.987377783013849045e-04,9.019607843137255054e-01,3.921568627450980338e-02
9.987397783013283407e-04,8.627450980392157298e-01,-3.921568627450980338e-02
9.987417783012717768e-04,8.627450980392157298e-01,7.843137254901960675e-02
9.987437783012152129e-04,9.019607843137255054e-01,-7.843137254901960675e-02
9.987457783011586491e-04,9.411764705882352811e-01,3.921568627450980338e-02
9.987477783011020852e-04,8.235294117647058432e-01,3.921568627450980338e-02
9.987497783010455214e-04,9.411764705882352811e-01,0.000000000000000000e+00
9.987517783009889575e-04,8.627450980392157298e-01,1.176470588235294101e-01
9.987537783009323936e-04,9.803921568627450567e-01,-7.843137254901960675e-02
9.987557783008758298e-04,8.627450980392157298e-01,7.843137254901960675e-02
9.987577783008192659e-04,8.627450980392157298e-01,0.000000000000000000e+00
9.987597783007627020e-04,9.019607843137255054e-01,0.000000000000000000e+00
9.987617783007061382e-04,9.019607843137255054e-01,7.843137254901960675e-02
9.987637783006495743e-04,8.627450980392157298e-01,-7.843137254901960675e-02
9.987657783005930105e-04,8.627450980392157298e-01,3.921568627450980338e-02
9.987677783005364466e-04,9.019607843137255054e-01,0.000000000000000000e+00
9.987697783004798827e-04,9.411764705882352811e-01,-7.843137254901960675e-02
9.987717783004233189e-04,8.235294117647058432e-01,7.843137254901960675e-02
9.987737783003667550e-04,8.627450980392157298e-01,-1.568627450980392135e-01
9.987757783003101911e-04,9.019607843137255054e-01,1.176470588235294101e-01
9.987777783002536273e-04,9.411764705882352811e-01,0.000000000000000000e+00
9.987797783001970634e-04,8.627450980392157298e-01,-3.921568627450980338e-02
9.987817783001404996e-04,8.627450980392157298e-01,7.843137254901960675e-02
9.987837783000839357e-04,9.019607843137255054e-01,-3.921568627450980338e-02
9.987857783000273718e-04,9.411764705882352811e-01,3.921568627450980338e-02
9.987877782999708080e-04,8.627450980392157298e-01,0.000000000000000000e+00
9.987897782999142441e-04,8.627450980392157298e-01,-7.843137254901960675e-02
9.987917782998576802e-04,9.019607843137255054e-01,7.843137254901960675e-02
9.987937782998011164e-04,9.411764705882352811e-01,-3.921568627450980338e-02
9.987957782997445525e-04,8.627450980392157298e-01,0.000000000000000000e+00
9.987977782996879886e-04,9.019607843137255054e-01,0.000000000000000000e+00
9.987997782996314248e-04,9.019607843137255054e-01,3.921568627450980338e-02
9.988017782995748609e-04,9.411764705882352811e-01,7.843137254901960675e-02
9.988037782995182971e-04,8.627450980392157298e-01,-7.843137254901960675e-02
9.988057782994617332e-04,9.019607843137255054e-01,3.921568627450980338e-02
9.988077782994051693e-04,8.627450980392157298e-01,0.000000000000000000e+00
9.988097782993486055e-04,9.411764705882352811e-01,-7.843137254901960675e-02
9.988117782992920416e-04,8.627450980392157298e-01,7.843137254901960675e-02
9.988137782992354777e-04,9.019607843137255054e-01,-3.921568627450980338e-02
9.988157782991789139e-04,8.627450980392157298e-01,1.176470588235294101e-01
9.988177782991223500e-04,9.411764705882352811e-01,-3.921568627450980338e-02
9.988197782990657862e-04,9.019607843137255054e-01,-3.921568627450980338e-02
9.988217782990092223e-04,9.019607843137255054e-01,7.843137254901960675e-02
9.988237782989526584e-04,9.019607843137255054e-01,-3.921568627450980338e-02
9.988257782988960946e-04,9.411764705882352811e-01,3.921568627450980338e-02
9.988277782988395307e-04,8.627450980392157298e-01,0.000000000000000000e+00
9.988297782987829668e-04,9.411764705882352811e-01,0.000000000000000000e+00
9.988317782987264030e-04,9.019607843137255054e-01,1.176470588235294101e-01
9.988337782986698391e-04,9.411764705882352811e-01,-3.921568627450980338e-02
9.988357782986132753e-04,8.235294117647058432e-01,0.000000000000000000e+00
9.988377782985567114e-04,9.019607843137255054e-01,0.000000000000000000e+00
9.988397782985001475e-04,9.411764705882352811e-01,0.000000000000000000e+00
9.988417782984435837e-04,9.411764705882352811e-01,7.843137254901960675e-02
9.988437782983870198e-04,8.627450980392157298e-01,-7.843137254901960675e-02
9.988457782983304559e-04,9.019607843137255054e-01,7.843137254901960675e-02
9.988477782982738921e-04,9.019607843137255054e-01,3.921568627450980338e-02
9.988497782982173282e-04,9.411764705882352811e-01,-7.843137254901960675e-02
9.988517782981607643e-04,8.627450980392157298e-01,7.843137254901960675e-02
9.988537782981042005e-04,9.019607843137255054e-01,-7.843137254901960675e-02
9.988557782980476366e-04,9.019607843137255054e-01,7.843137254901960675e-02
9.988577782979910728e-04,9.019607843137255054e-01,0.000000000000000000e+00
9.988597782979345089e-04,8.235294117647058432e-01,-3.921568627450980338e-02
9.988617782978779450e-04,9.019607843137255054e-01,7.843137254901960675e-02
9.988637782978213812e-04,9.019607843137255054e-01,-7.843137254901960675e-02
9.988657782977648173e-04,9.019607843137255054e-01,3.921568627450980338e-02
9.988677782977082534e-04,8.627450980392157298e-01,3.921568627450980338e-02
9.988697782976516896e-04,8.627450980392157298e-01,-1.568627450980392135e-01
9.988717782975951257e-04,9.019607843137255054e-01,7.843137254901960675e-02
9.988737782975385619e-04,9.803921568627450567e-01,-7.843137254901960675e-02
9.988757782974819980e-04,8.235294117647058432e-01,0.000000000000000000e+00
9.988777782974254341e-04,9.019607843137255054e-01,3.921568627450980338e-02
9.988797782973688703e-04,9.019607843137255054e-01,0.000000000000000000e+00
9.988817782973123064e-04,9.411764705882352811e-01,7.843137254901960675e-02
9.988837782972557425e-04,8.627450980392157298e-01,-7.843137254901960675e-02
9.988857782971991787e-04,8.627450980392157298e-01,7.843137254901960675e-02
9.988877782971426148e-04,9.019607843137255054e-01,0.000000000000000000e+00
9.988897782970860510e-04,9.803921568627450567e-01,-3.921568627450980338e-02
9.988917782970294871e-04,8.235294117647058432e-01,7.843137254901960675e-02
9.988937782969729232e-04,9.019607843137255054e-01,-1.568627450980392135e-01
9.988957782969163594e-04,8.627450980392157298e-01,7.843137254901960675e-02
9.988977782968597955e-04,9.411764705882352811e-01,0.000000000000000000e+00
9.988997782968032316e-04,8.627450980392157298e-01,-3.921568627450980338e-02
9.989017782967466678e-04,9.019607843137255054e-01,7.843137254901960675e-02
9.989037782966901039e-04,9.411764705882352811e-01,-3.921568627450980338e-02
9.989057782966335401e-04,9.411764705882352811e-01,0.000000000000000000e+00
9.989077782965769762e-04,8.235294117647058432e-01,0.000000000000000000e+00
9.989097782965204123e-04,9.411764705882352811e-01,-1.568627450980392135e-01
9.989117782964638485e-04,8.627450980392157298e-01,7.843137254901960675e-02
9.989137782964072846e-04,9.411764705882352811e-01,-7.843137254901960675e-02
9.989157782963507207e-04,8.627450980392157298e-01,0.000000000000000000e+00
9.989177782962941569e-04,8.235294117647058432e-01,3.921568627450980338e-02
9.989197782962375930e-04,9.019607843137255054e-01,3.921568627450980338e-02
9.989217782961810291e-04,9.411764705882352811e-01,7.843137254901960675e-02
9.989237782961244653e-04,8.627450980392157298e-01,-7.843137254901960675e-02
9.989257782960679014e-04,8.627450980392157298e-01,3.921568627450980338e-02
9.989277782960113376e-04,8.627450980392157298e-01,0.000000000000000000e+00
9.989297782959547737e-04,9.411764705882352811e-01,-7.843137254901960675e-02
9.989317782958982098e-04,8.627450980392157298e-01,7.843137254901960675e-02
9.989337782958416460e-04,9.019607843137255054e-01,0.000000000000000000e+00
9.989357782957850821e-04,9.019607843137255054e-01,1.176470588235294101e-01
9.989377782957285182e-04,9.411764705882352811e-01,0.000000000000000000e+00
9.989397782956719544e-04,8.235294117647058432e-01,-3.921568627450980338e-02
9.989417782956153905e-04,8.627450980392157298e-01,3.921568627450980338e-02
9.989437782955588267e-04,9.019607843137255054e-01,-7.843137254901960675e-02
9.989457782955022628e-04,9.019607843137255054e-01,3.921568627450980338e-02
9.989477782954456989e-04,8.627450980392157298e-01,0.000000000000000000e+00
9.989497782953891351e-04,9.019607843137255054e-01,-7.843137254901960675e-02
9.989517782953325712e-04,9.019607843137255054e-01,1.176470588235294101e-01
9.989537782952760073e-04,9.411764705882352811e-01,-3.921568627450980338e-02
9.989557782952194435e-04,8.627450980392157298e-01,0.000000000000000000e+00
9.989577782951628796e-04,8.627450980392157298e-01,0.000000000000000000e+00
9.989597782951063158e-04,9.019607843137255054e-01,0.000000000000000000e+00
9.989617782950497519e-04,9.411764705882352811e-01,3.921568627450980338e-02
9.989637782949931880e-04,8.235294117647058432e-01,-3.921568627450980338e-02
9.989657782949366242e-04,9.019607843137255054e-01,3.921568627450980338e-02
9.989677782948800603e-04,9.019607843137255054e-01,0.000000000000000000e+00
9.989697782948234964e-04,9.411764705882352811e-01,-3.921568627450980338e-02
9.989717782947669326e-04,8.235294117647058432e-01,7.843137254901960675e-02
9.989737782947103687e-04,8.627450980392157298e-01,-1.568627450980392135e-01
9.989757782946538048e-04,9.019607843137255054e-01,1.176470588235294101e-01
9.989777782945972410e-04,9.411764705882352811e-01,-3.921568627450980338e-02
9.989797782945406771e-04,8.627450980392157298e-01,-7.843137254901960675e-02
9.989817782944841133e-04,8.627450980392157298e-01,7.843137254901960675e-02
9.989837782944275494e-04,9.411764705882352811e-01,-3.921568627450980338e-02
9.989857782943709855e-04,9.411764705882352811e-01,3.921568627450980338e-02
9.989877782943144217e-04,8.627450980392157298e-01,0.000000000000000000e+00
9.989897782942578578e-04,9.019607843137255054e-01,-7.843137254901960675e-02
9.989917782942012939e-04,9.019607843137255054e-01,1.176470588235294101e-01
9.989937782941447301e-04,9.411764705882352811e-01,-7.843137254901960675e-02
9.989957782940881662e-04,8.627450980392157298e-01,3.921568627450980338e-02
9.989977782940316024e-04,9.019607843137255054e-01,0.000000000000000000e+00
9.989997782939750385e-04,8.627450980392157298e-01,0.000000000000000000e+00
9.990017782939184746e-04,9.411764705882352811e-01,3.921568627450980338e-02
9.990037782938619108e-04,8.627450980392157298e-01,-7.843137254901960675e-02
9.990057782938053469e-04,9.019607843137255054e-01,0.000000000000000000e+00
9.990077782937487830e-04,9.019607843137255054e-01,0.000000000000000000e+00
9.990097782936922192e-04,9.411764705882352811e-01,-7.843137254901960675e-02
9.990117782936356553e-04,8.627450980392157298e-01,7.843137254901960675e-02
9.990137782935790915e-04,8.235294117647058432e-01,-1.568627450980392135e-01
9.990157782935225276e-04,8.627450980392157298e-01,7.843137254901960675e-02
9.990177782934659637e-04,8.627450980392157298e-01,0.000000000000000000e+00
9.990197782934093999e-04,8.235294117647058432e-01,-3.921568627450980338e-02
9.990217782933528360e-04,8.627450980392157298e-01,7.843137254901960675e-02
9.990237782932962721e-04,9.019607843137255054e-01,-7.843137254901960675e-02
9.990257782932397083e-04,9.411764705882352811e-01,3.921568627450980338e-02
9.990277782931831444e-04,8.235294117647058432e-01,3.921568627450980338e-02
9.990297782931265805e-04,9.019607843137255054e-01,-1.568627450980392135e-01
9.990317782930700167e-04,9.019607843137255054e-01,7.843137254901960675e-02
9.990337782930134528e-04,9.411764705882352811e-01,-7.843137254901960675e-02
9.990357782929568890e-04,8.627450980392157298e-01,3.921568627450980338e-02
9.990377782929003251e-04,9.019607843137255054e-01,3.921568627450980338e-02
9.990397782928437612e-04,9.019607843137255054e-01,0.000000000000000000e+00
9.990417782927871974e-04,9.411764705882352811e-01,3.921568627450980338e-02
9.990437782927306335e-04,8.235294117647058432e-01,-7.843137254901960675e-02
9.990457782926740696e-04,8.627450980392157298e-01,3.921568627450980338e-02
9.990477782926175058e-04,9.019607843137255054e-01,3.921568627450980338e-02
9.990497782925609419e-04,9.411764705882352811e-01,-7.843137254901960675e-02
9.990517782925043781e-04,8.235294117647058432e-01,7.843137254901960675e-02
9.990537782924478142e-04,9.019607843137255054e-01,-1.568627450980392135e-01
9.990557782923912503e-04,9.019607843137255054e-01,1.176470588235294101e-01
9.990577782923346865e-04,9.411764705882352811e-01,0.000000000000000000e+00
9.990597782922781226e-04,8.627450980392157298e-01,-3.921568627450980338e-02
9.990617782922215587e-04,8.235294117647058432e-01,3.921568627450980338e-02
9.990637782921649949e-04,9.019607843137255054e-01,-7.843137254901960675e-02
9.990657782921084310e-04,9.411764705882352811e-01,3.921568627450980338e-02
9.990677782920518672e-04,8.627450980392157298e-01,3.921568627450980338e-02
9.990697782919953033e-04,9.019607843137255054e-01,-7.843137254901960675e-02
9.990717782919387394e-04,9.019607843137255054e-01,7.843137254901960675e-02
9.990737782918821756e-04,9.411764705882352811e-01,-7.843137254901960675e-02
9.990757782918256117e-04,8.627450980392157298e-01,3.921568627450980338e-02
9.990777782917690478e-04,8.627450980392157298e-01,3.921568627450980338e-02
9.990797782917124840e-04,8.627450980392157298e-01,0.000000000000000000e+00
9.990817782916559201e-04,9.411764705882352811e-01,3.921568627450980338e-02
9.990837782915993562e-04,8.627450980392157298e-01,-7.843137254901960675e-02
9.990857782915427924e-04,8.627450980392157298e-01,0.000000000000000000e+00
9.990877782914862285e-04,9.019607843137255054e-01,0.000000000000000000e+00
9.990897782914296647e-04,9.411764705882352811e-01,0.000000000000000000e+00
9.990917782913731008e-04,8.627450980392157298e-01,7.843137254901960675e-02
9.990937782913165369e-04,9.019607843137255054e-01,-1.568627450980392135e-01
9.990957782912599731e-04,9.019607843137255054e-01,1.176470588235294101e-01
9.990977782912034092e-04,9.411764705882352811e-01,0.000000000000000000e+00
9.990997782911468453e-04,8.627450980392157298e-01,-7.843137254901960675e-02
9.991017782910902815e-04,9.019607843137255054e-01,7.843137254901960675e-02
9.991037782910337176e-04,9.019607843137255054e-01,-3.921568627450980338e-02
9.991057782909771538e-04,9.411764705882352811e-01,3.921568627450980338e-02
9.991077782909205899e-04,8.235294117647058432e-01,3.921568627450980338e-02
9.991097782908640260e-04,9.019607843137255054e-01,-7.843137254901960675e-02
9.991117782908074622e-04,9.019607843137255054e-01,1.176470588235294101e-01
9.991137782907508983e-04,9.411764705882352811e-01,-7.843137254901960675e-02
9.991157782906943344e-04,8.235294117647058432e-01,3.921568627450980338e-02
9.991177782906377706e-04,8.627450980392157298e-01,3.921568627450980338e-02
9.991197782905812067e-04,9.019607843137255054e-01,0.000000000000000000e+00
9.991217782905246429e-04,9.411764705882352811e-01,3.921568627450980338e-02
9.991237782904680790e-04,8.627450980392157298e-01,-3.921568627450980338e-02
9.991257782904115151e-04,9.019607843137255054e-01,3.921568627450980338e-02
9.991277782903549513e-04,9.019607843137255054e-01,0.000000000000000000e+00
9.991297782902983874e-04,9.411764705882352811e-01,-7.843137254901960675e-02
9.991317782902418235e-04,8.235294117647058432e-01,7.843137254901960675e-02
9.991337782901852597e-04,9.411764705882352811e-01,-1.568627450980392135e-01
9.991357782901286958e-04,8.627450980392157298e-01,7.843137254901960675e-02
9.991377782900721320e-04,9.411764705882352811e-01,0.000000000000000000e+00
9.991397782900155681e-04,8.627450980392157298e-01,-3.921568627450980338e-02
9.991417782899590042e-04,8.627450980392157298e-01,3.921568627450980338e-02
9.991437782899024404e-04,9.019607843137255054e-01,-3.921568627450980338e-02
9.991457782898458765e-04,9.019607843137255054e-01,3.921568627450980338e-02
9.991477782897893126e-04,8.235294117647058432e-01,0.000000000000000000e+00
9.991497782897327488e-04,9.019607843137255054e-01,-1.568627450980392135e-01
9.991517782896761849e-04,9.019607843137255054e-01,1.176470588235294101e-01
9.991537782896196210e-04,9.411764705882352811e-01,-7.843137254901960675e-02
9.991557782895630572e-04,8.627450980392157298e-01,3.921568627450980338e-02
9.991577782895064933e-04,8.627450980392157298e-01,3.921568627450980338e-02
9.991597782894499295e-04,9.019607843137255054e-01,0.000000000000000000e+00
9.991617782893933656e-04,9.019607843137255054e-01,7.843137254901960675e-02
9.991637782893368017e-04,8.235294117647058432e-01,-3.921568627450980338e-02
9.991657782892802379e-04,9.019607843137255054e-01,0.000000000000000000e+00
9.991677782892236740e-04,9.019607843137255054e-01,0.000000000000000000e+00
9.991697782891671101e-04,9.411764705882352811e-01,-3.921568627450980338e-02
9.991717782891105463e-04,8.627450980392157298e-01,7.843137254901960675e-02
9.991737782890539824e-04,9.019607843137255054e-01,-1.568627450980392135e-01
9.991757782889974186e-04,8.627450980392157298e-01,1.176470588235294101e-01
9.991777782889408547e-04,9.411764705882352811e-01,0.000000000000000000e+00
9.991797782888842908e-04,8.627450980392157298e-01,-3.921568627450980338e-02
9.991817782888277270e-04,9.019607843137255054e-01,7.843137254901960675e-02
9.991837782887711631e-04,9.019607843137255054e-01,-7.843137254901960675e-02
9.991857782887145992e-04,9.411764705882352811e-01,3.921568627450980338e-02
9.991877782886580354e-04,8.627450980392157298e-01,0.000000000000000000e+00
9.991897782886014715e-04,9.411764705882352811e-01,-1.568627450980392135e-01
9.991917782885449077e-04,9.019607843137255054e-01,1.176470588235294101e-01
9.991937782884883438e-04,9.411764705882352811e-01,-7.843137254901960675e-02
9.991957782884317799e-04,8.627450980392157298e-01,0.000000000000000000e+00
9.991977782883752161e-04,8.627450980392157298e-01,0.000000000000000000e+00
9.991997782883186522e-04,9.019607843137255054e-01,0.000000000000000000e+00
9.992017782882620883e-04,9.411764705882352811e-01,3.921568627450980338e-02
9.992037782882055245e-04,8.627450980392157298e-01,-3.921568627450980338e-02
9.992057782881489606e-04,8.627450980392157298e-01,7.843137254901960675e-02
9.992077782880923967e-04,9.019607843137255054e-01,0.000000000000000000e+00
9.992097782880358329e-04,9.411764705882352811e-01,-7.843137254901960675e-02
9.992117782879792690e-04,8.235294117647058432e-01,7.843137254901960675e-02
9.992137782879227052e-04,9.019607843137255054e-01,-1.568627450980392135e-01
9.992157782878661413e-04,9.019607843137255054e-01,1.176470588235294101e-01
9.992177782878095774e-04,9.411764705882352811e-01,0.000000000000000000e+00
9.992197782877530136e-04,8.235294117647058432e-01,-3.921568627450980338e-02
9.992217782876964497e-04,8.627450980392157298e-01,7.843137254901960675e-02
9.992237782876398858e-04,9.019607843137255054e-01,-3.921568627450980338e-02
9.992257782875833220e-04,9.411764705882352811e-01,3.921568627450980338e-02
9.992277782875267581e-04,8.627450980392157298e-01,3.921568627450980338e-02
9.992297782874701943e-04,8.627450980392157298e-01,-1.568627450980392135e-01
9.992317782874136304e-04,9.019607843137255054e-01,1.176470588235294101e-01
9.992337782873570665e-04,9.411764705882352811e-01,-7.843137254901960675e-02
9.992357782873005027e-04,8.627450980392157298e-01,3.921568627450980338e-02
9.992377782872439388e-04,8.235294117647058432e-01,3.921568627450980338e-02
9.992397782871873749e-04,9.411764705882352811e-01,0.000000000000000000e+00
9.992417782871308111e-04,9.019607843137255054e-01,3.921568627450980338e-02
9.992437782870742472e-04,8.627450980392157298e-01,-7.843137254901960675e-02
9.992457782870176834e-04,9.019607843137255054e-01,0.000000000000000000e+00
9.992477782869611195e-04,8.627450980392157298e-01,0.000000000000000000e+00
9.992497782869045556e-04,9.411764705882352811e-01,-7.843137254901960675e-02
9.992517782868479918e-04,8.235294117647058432e-01,7.843137254901960675e-02
9.992537782867914279e-04,8.627450980392157298e-01,-7.843137254901960675e-02
9.992557782867348640e-04,9.019607843137255054e-01,7.843137254901960675e-02
9.992577782866783002e-04,9.411764705882352811e-01,0.000000000000000000e+00
9.992597782866217363e-04,8.235294117647058432e-01,-3.921568627450980338e-02
9.992617782865651724e-04,8.235294117647058432e-01,7.843137254901960675e-02
9.992637782865086086e-04,9.411764705882352811e-01,-3.921568627450980338e-02
9.992657782864520447e-04,9.411764705882352811e-01,0.000000000000000000e+00
9.992677782863954809e-04,8.627450980392157298e-01,0.000000000000000000e+00
9.992697782863389170e-04,9.019607843137255054e-01,-1.568627450980392135e-01
9.992717782862823531e-04,9.019607843137255054e-01,7.843137254901960675e-02
9.992737782862257893e-04,9.411764705882352811e-01,-3.921568627450980338e-02
9.992757782861692254e-04,8.235294117647058432e-01,3.921568627450980338e-02
9.992777782861126615e-04,9.019607843137255054e-01,0.000000000000000000e+00
9.992797782860560977e-04,9.411764705882352811e-01,0.000000000000000000e+00
9.992817782859995338e-04,9.411764705882352811e-01,3.921568627450980338e-02
9.992837782859429700e-04,8.627450980392157298e-01,-3.921568627450980338e-02
9.992857782858864061e-04,8.627450980392157298e-01,3.921568627450980338e-02
9.992877782858298422e-04,9.019607843137255054e-01,0.000000000000000000e+00
9.992897782857732784e-04,9.411764705882352811e-01,0.000000000000000000e+00
9.992917782857167145e-04,8.627450980392157298e-01,1.176470588235294101e-01
9.992937782856601506e-04,9.019607843137255054e-01,-1.568627450980392135e-01
9.992957782856035868e-04,9.019607843137255054e-01,1.176470588235294101e-01
9.992977782855470229e-04,9.411764705882352811e-01,0.000000000000000000e+00
9.992997782854904591e-04,8.235294117647058432e-01,-3.921568627450980338e-02
9.993017782854338952e-04,8.235294117647058432e-01,7.843137254901960675e-02
9.993037782853773313e-04,9.019607843137255054e-01,-3.921568627450980338e-02
9.993057782853207675e-04,9.411764705882352811e-01,3.921568627450980338e-02
9.993077782852642036e-04,8.235294117647058432e-01,3.921568627450980338e-02
9.993097782852076397e-04,9.019607843137255054e-01,-1.568627450980392135e-01
9.993117782851510759e-04,8.627450980392157298e-01,7.843137254901960675e-02
9.993137782850945120e-04,9.803921568627450567e-01,-7.843137254901960675e-02
9.993157782850379482e-04,8.235294117647058432e-01,0.000000000000000000e+00
9.993177782849813843e-04,9.019607843137255054e-01,3.921568627450980338e-02
9.993197782849248204e-04,9.019607843137255054e-01,3.921568627450980338e-02
9.993217782848682566e-04,9.411764705882352811e-01,7.843137254901960675e-02
9.993237782848116927e-04,8.627450980392157298e-01,-7.843137254901960675e-02
9.993257782847551288e-04,8.627450980392157298e-01,0.000000000000000000e+00
9.993277782846985650e-04,9.019607843137255054e-01,3.921568627450980338e-02
9.993297782846420011e-04,9.411764705882352811e-01,-3.921568627450980338e-02
9.993317782845854372e-04,8.627450980392157298e-01,7.843137254901960675e-02
9.993337782845288734e-04,9.019607843137255054e-01,-1.568627450980392135e-01
9.993357782844723095e-04,9.019607843137255054e-01,1.176470588235294101e-01
9.993377782844157457e-04,9.411764705882352811e-01,0.000000000000000000e+00
9.993397782843591818e-04,8.627450980392157298e-01,-3.921568627450980338e-02
9.993417782843026179e-04,8.627450980392157298e-01,7.843137254901960675e-02
9.993437782842460541e-04,9.019607843137255054e-01,-3.921568627450980338e-02
9.993457782841894902e-04,9.019607843137255054e-01,3.921568627450980338e-02
9.993477782841329263e-04,8.235294117647058432e-01,3.921568627450980338e-02
9.993497782840763625e-04,9.019607843137255054e-01,-1.568627450980392135e-01
9.993517782840197986e-04,9.019607843137255054e-01,7.843137254901960675e-02
9.993537782839632348e-04,9.411764705882352811e-01,-7.843137254901960675e-02
9.993557782839066709e-04,8.627450980392157298e-01,0.000000000000000000e+00
9.993577782838501070e-04,8.627450980392157298e-01,3.921568627450980338e-02
9.993597782837935432e-04,9.019607843137255054e-01,3.921568627450980338e-02
9.993617782837369793e-04,9.411764705882352811e-01,7.843137254901960675e-02
9.993637782836804154e-04,8.627450980392157298e-01,-7.843137254901960675e-02
9.993657782836238516e-04,9.019607843137255054e-01,7.843137254901960675e-02
9.993677782835672877e-04,9.411764705882352811e-01,3.921568627450980338e-02
9.993697782835107239e-04,9.411764705882352811e-01,-7.843137254901960675e-02
9.993717782834541600e-04,8.235294117647058432e-01,7.843137254901960675e-02
9.993737782833975961e-04,9.411764705882352811e-01,-1.568627450980392135e-01
9.993757782833410323e-04,9.019607843137255054e-01,1.176470588235294101e-01
9.993777782832844684e-04,9.019607843137255054e-01,0.000000000000000000e+00
9.993797782832279045e-04,8.627450980392157298e-01,-3.921568627450980338e-02
9.993817782831713407e-04,8.235294117647058432e-01,7.843137254901960675e-02
9.993837782831147768e-04,9.019607843137255054e-01,-3.921568627450980338e-02
9.993857782830582129e-04,9.411764705882352811e-01,0.000000000000000000e+00
9.993877782830016491e-04,8.627450980392157298e-01,7.843137254901960675e-02
9.993897782829450852e-04,9.019607843137255054e-01,-1.568627450980392135e-01
9.993917782828885214e-04,9.019607843137255054e-01,1.176470588235294101e-01
9.993937782828319575e-04,9.411764705882352811e-01,-7.843137254901960675e-02
9.993957782827753936e-04,8.627450980392157298e-01,0.000000000000000000e+00
9.993977782827188298e-04,8.235294117647058432e-01,3.921568627450980338e-02
9.993997782826622659e-04,8.627450980392157298e-01,0.000000000000000000e+00
9.994017782826057020e-04,9.411764705882352811e-01,7.843137254901960675e-02
9.994037782825491382e-04,8.235294117647058432e-01,-3.921568627450980338e-02
9.994057782824925743e-04,8.235294117647058432e-01,7.843137254901960675e-02
9.994077782824360105e-04,9.019607843137255054e-01,0.000000000000000000e+00
9.994097782823794466e-04,9.411764705882352811e-01,-3.921568627450980338e-02
9.994117782823228827e-04,8.235294117647058432e-01,1.176470588235294101e-01
9.994137782822663189e-04,8.627450980392157298e-01,-1.568627450980392135e-01
9.994157782822097550e-04,9.019607843137255054e-01,1.176470588235294101e-01
9.994177782821531911e-04,9.019607843137255054e-01,0.000000000000000000e+00
9.994197782820966273e-04,8.627450980392157298e-01,-7.843137254901960675e-02
9.994217782820400634e-04,8.627450980392157298e-01,3.921568627450980338e-02
9.994237782819834996e-04,9.019607843137255054e-01,-7.843137254901960675e-02
9.994257782819269357e-04,9.411764705882352811e-01,0.000000000000000000e+00
9.994277782818703718e-04,8.627450980392157298e-01,0.000000000000000000e+00
9.994297782818138080e-04,9.019607843137255054e-01,-1.568627450980392135e-01
9.994317782817572441e-04,9.411764705882352811e-01,1.176470588235294101e-01
9.994337782817006802e-04,9.411764705882352811e-01,-7.843137254901960675e-02
9.994357782816441164e-04,8.235294117647058432e-01,0.000000000000000000e+00
9.994377782815875525e-04,9.019607843137255054e-01,0.000000000000000000e+00
9.994397782815309886e-04,9.019607843137255054e-01,0.000000000000000000e+00
9.994417782814744248e-04,9.411764705882352811e-01,7.843137254901960675e-02
9.994437782814178609e-04,8.627450980392157298e-01,-3.921568627450980338e-02
9.994457782813612971e-04,8.627450980392157298e-01,3.921568627450980338e-02
9.994477782813047332e-04,8.627450980392157298e-01,0.000000000000000000e+00
9.994497782812481693e-04,9.019607843137255054e-01,-7.843137254901960675e-02
9.994517782811916055e-04,8.235294117647058432e-01,7.843137254901960675e-02
9.994537782811350416e-04,9.019607843137255054e-01,-1.568627450980392135e-01
9.994557782810784777e-04,9.019607843137255054e-01,7.843137254901960675e-02
9.994577782810219139e-04,9.411764705882352811e-01,0.000000000000000000e+00
9.994597782809653500e-04,8.627450980392157298e-01,-3.921568627450980338e-02
9.994617782809087862e-04,9.019607843137255054e-01,7.843137254901960675e-02
9.994637782808522223e-04,8.627450980392157298e-01,-3.921568627450980338e-02
9.994657782807956584e-04,9.411764705882352811e-01,3.921568627450980338e-02
9.994677782807390946e-04,8.235294117647058432e-01,0.000000000000000000e+00
9.994697782806825307e-04,9.019607843137255054e-01,-1.568627450980392135e-01
9.994717782806259668e-04,9.019607843137255054e-01,7.843137254901960675e-02
9.994737782805694030e-04,9.411764705882352811e-01,-7.843137254901960675e-02
9.994757782805128391e-04,8.235294117647058432e-01,0.000000000000000000e+00
9.994777782804562753e-04,8.627450980392157298e-01,3.921568627450980338e-02
9.994797782803997114e-04,9.019607843137255054e-01,0.000000000000000000e+00
9.994817782803431475e-04,9.411764705882352811e-01,3.921568627450980338e-02
9.994837782802865837e-04,8.627450980392157298e-01,-3.921568627450980338e-02
9.994857782802300198e-04,8.627450980392157298e-01,3.921568627450980338e-02
9.994877782801734559e-04,9.411764705882352811e-01,3.921568627450980338e-02
9.994897782801168921e-04,9.411764705882352811e-01,-3.921568627450980338e-02
9.994917782800603282e-04,8.627450980392157298e-01,7.843137254901960675e-02
9.994937782800037643e-04,9.019607843137255054e-01,0.000000000000000000e+00
9.994957782799472005e-04,8.627450980392157298e-01,1.176470588235294101e-01
9.994977782798906366e-04,9.411764705882352811e-01,0.000000000000000000e+00
9.994997782798340728e-04,8.235294117647058432e-01,-3.921568627450980338e-02
9.995017782797775089e-04,9.019607843137255054e-01,7.843137254901960675e-02
9.995037782797209450e-04,9.019607843137255054e-01,-3.921568627450980338e-02
9.995057782796643812e-04,9.411764705882352811e-01,3.921568627450980338e-02
9.995077782796078173e-04,8.627450980392157298e-01,3.921568627450980338e-02
9.995097782795512534e-04,8.627450980392157298e-01,0.000000000000000000e+00
9.995117782794946896e-04,9.019607843137255054e-01,1.176470588235294101e-01
9.995137782794381257e-04,9.411764705882352811e-01,-7.843137254901960675e-02
9.995157782793815619e-04,8.627450980392157298e-01,3.921568627450980338e-02
9.995177782793249980e-04,8.235294117647058432e-01,0.000000000000000000e+00
9.995197782792684341e-04,9.019607843137255054e-01,0.000000000000000000e+00
9.995217782792118703e-04,9.411764705882352811e-01,0.000000000000000000e+00
9.995237782791553064e-04,8.235294117647058432e-01,-3.921568627450980338e-02
9.995257782790987425e-04,9.019607843137255054e-01,0.000000000000000000e+00
9.995277782790421787e-04,9.411764705882352811e-01,0.000000000000000000e+00
9.995297782789856148e-04,9.411764705882352811e-01,-3.921568627450980338e-02
9.995317782789290510e-04,8.235294117647058432e-01,7.843137254901960675e-02
9.995337782788724871e-04,9.019607843137255054e-01,-1.568627450980392135e-01
9.995357782788159232e-04,9.019607843137255054e-01,7.843137254901960675e-02
9.995377782787593594e-04,9.411764705882352811e-01,0.000000000000000000e+00
9.995397782787027955e-04,8.627450980392157298e-01,-3.921568627450980338e-02
9.995417782786462316e-04,8.627450980392157298e-01,7.843137254901960675e-02
9.995437782785896678e-04,9.411764705882352811e-01,-3.921568627450980338e-02
9.995457782785331039e-04,9.411764705882352811e-01,3.921568627450980338e-02
9.995477782784765401e-04,8.627450980392157298e-01,3.921568627450980338e-02
9.995497782784199762e-04,8.627450980392157298e-01,-1.568627450980392135e-01
9.995517782783634123e-04,9.019607843137255054e-01,7.843137254901960675e-02
9.995537782783068485e-04,9.411764705882352811e-01,-3.921568627450980338e-02
9.995557782782502846e-04,8.235294117647058432e-01,3.921568627450980338e-02
9.995577782781937207e-04,9.019607843137255054e-01,3.921568627450980338e-02
9.995597782781371569e-04,8.627450980392157298e-01,0.000000000000000000e+00
9.995617782780805930e-04,9.411764705882352811e-01,7.843137254901960675e-02
9.995637782780240291e-04,8.235294117647058432e-01,-7.843137254901960675e-02
9.995657782779674653e-04,8.627450980392157298e-01,3.921568627450980338e-02
9.995677782779109014e-04,9.019607843137255054e-01,0.000000000000000000e+00
9.995697782778543376e-04,9.411764705882352811e-01,-7.843137254901960675e-02
9.995717782777977737e-04,8.235294117647058432e-01,1.176470588235294101e-01
9.995737782777412098e-04,9.019607843137255054e-01,-1.568627450980392135e-01
9.995757782776846460e-04,9.019607843137255054e-01,1.176470588235294101e-01
9.995777782776280821e-04,9.411764705882352811e-01,-3.921568627450980338e-02
9.995797782775715182e-04,8.235294117647058432e-01,-3.921568627450980338e-02
9.995817782775149544e-04,8.235294117647058432e-01,7.843137254901960675e-02
9.995837782774583905e-04,9.019607843137255054e-01,-7.843137254901960675e-02
9.995857782774018267e-04,9.411764705882352811e-01,3.921568627450980338e-02
9.995877782773452628e-04,8.235294117647058432e-01,3.921568627450980338e-02
9.995897782772886989e-04,8.627450980392157298e-01,-7.843137254901960675e-02
9.995917782772321351e-04,8.627450980392157298e-01,1.176470588235294101e-01
9.995937782771755712e-04,9.411764705882352811e-01,-3.921568627450980338e-02
9.995957782771190073e-04,8.627450980392157298e-01,0.000000000000000000e+00
9.995977782770624435e-04,8.627450980392157298e-01,3.921568627450980338e-02
9.995997782770058796e-04,9.019607843137255054e-01,0.000000000000000000e+00
9.996017782769493158e-04,9.411764705882352811e-01,7.843137254901960675e-02
9.996037782768927519e-04,8.627450980392157298e-01,-7.843137254901960675e-02
9.996057782768361880e-04,8.627450980392157298e-01,7.843137254901960675e-02
9.996077782767796242e-04,8.627450980392157298e-01,0.000000000000000000e+00
9.996097782767230603e-04,9.411764705882352811e-01,-7.843137254901960675e-02
9.996117782766664964e-04,8.235294117647058432e-01,7.843137254901960675e-02
9.996137782766099326e-04,8.627450980392157298e-01,-1.568627450980392135e-01
9.996157782765533687e-04,8.627450980392157298e-01,7.843137254901960675e-02
9.996177782764968048e-04,9.411764705882352811e-01,0.000000000000000000e+00
9.996197782764402410e-04,8.627450980392157298e-01,0.000000000000000000e+00
9.996217782763836771e-04,8.627450980392157298e-01,7.843137254901960675e-02
9.996237782763271133e-04,9.019607843137255054e-01,-3.921568627450980338e-02
9.996257782762705494e-04,9.019607843137255054e-01,3.921568627450980338e-02
9.996277782762139855e-04,8.627450980392157298e-01,3.921568627450980338e-02
9.996297782761574217e-04,9.019607843137255054e-01,-7.843137254901960675e-02
9.996317782761008578e-04,9.019607843137255054e-01,1.176470588235294101e-01
9.996337782760442939e-04,9.411764705882352811e-01,-7.843137254901960675e-02
9.996357782759877301e-04,8.235294117647058432e-01,0.000000000000000000e+00
9.996377782759311662e-04,9.019607843137255054e-01,3.921568627450980338e-02
9.996397782758746024e-04,9.019607843137255054e-01,0.000000000000000000e+00
9.996417782758180385e-04,9.411764705882352811e-01,7.843137254901960675e-02
9.996437782757614746e-04,8.235294117647058432e-01,-7.843137254901960675e-02
9.996457782757049108e-04,8.627450980392157298e-01,3.921568627450980338e-02
9.996477782756483469e-04,9.019607843137255054e-01,0.000000000000000000e+00
9.996497782755917830e-04,9.411764705882352811e-01,-7.843137254901960675e-02
9.996517782755352192e-04,8.627450980392157298e-01,7.843137254901960675e-02
9.996537782754786553e-04,8.627450980392157298e-01,-7.843137254901960675e-02
9.996557782754220915e-04,9.019607843137255054e-01,7.843137254901960675e-02
9.996577782753655276e-04,9.411764705882352811e-01,0.000000000000000000e+00
9.996597782753089637e-04,8.627450980392157298e-01,-3.921568627450980338e-02
9.996617782752523999e-04,9.019607843137255054e-01,7.843137254901960675e-02
9.996637782751958360e-04,9.019607843137255054e-01,-3.921568627450980338e-02
9.996657782751392721e-04,9.019607843137255054e-01,3.921568627450980338e-02
9.996677782750827083e-04,8.627450980392157298e-01,0.000000000000000000e+00
9.996697782750261444e-04,9.019607843137255054e-01,-1.568627450980392135e-01
9.996717782749695805e-04,9.019607843137255054e-01,7.843137254901960675e-02
9.996737782749130167e-04,9.411764705882352811e-01,-7.843137254901960675e-02
9.996757782748564528e-04,8.627450980392157298e-01,0.000000000000000000e+00
9.996777782747998890e-04,8.627450980392157298e-01,0.000000000000000000e+00
9.996797782747433251e-04,9.019607843137255054e-01,0.000000000000000000e+00
9.996817782746867612e-04,9.411764705882352811e-01,3.921568627450980338e-02
9.996837782746301974e-04,8.235294117647058432e-01,-3.921568627450980338e-02
9.996857782745736335e-04,8.627450980392157298e-01,7.843137254901960675e-02
9.996877782745170696e-04,9.019607843137255054e-01,0.000000000000000000e+00
9.996897782744605058e-04,9.019607843137255054e-01,-3.921568627450980338e-02
9.996917782744039419e-04,8.235294117647058432e-01,7.843137254901960675e-02
9.996937782743473781e-04,9.019607843137255054e-01,-7.843137254901960675e-02
9.996957782742908142e-04,9.019607843137255054e-01,7.843137254901960675e-02
9.996977782742342503e-04,9.411764705882352811e-01,3.921568627450980338e-02
9.996997782741776865e-04,8.235294117647058432e-01,-3.921568627450980338e-02
9.997017782741211226e-04,8.627450980392157298e-01,7.843137254901960675e-02
9.997037782740645587e-04,9.019607843137255054e-01,-3.921568627450980338e-02
9.997057782740079949e-04,9.411764705882352811e-01,3.921568627450980338e-02
9.997077782739514310e-04,8.627450980392157298e-01,3.921568627450980338e-02
9.997097782738948672e-04,8.627450980392157298e-01,-1.568627450980392135e-01
9.997117782738383033e-04,9.019607843137255054e-01,1.176470588235294101e-01
9.997137782737817394e-04,9.411764705882352811e-01,-7.843137254901960675e-02
9.997157782737251756e-04,8.627450980392157298e-01,0.000000000000000000e+00
9.997177782736686117e-04,9.019607843137255054e-01,3.921568627450980338e-02
9.997197782736120478e-04,9.019607843137255054e-01,3.921568627450980338e-02
9.997217782735554840e-04,9.411764705882352811e-01,3.921568627450980338e-02
9.997237782734989201e-04,8.627450980392157298e-01,-3.921568627450980338e-02
9.997257782734423563e-04,9.019607843137255054e-01,0.000000000000000000e+00
9.997277782733857924e-04,9.019607843137255054e-01,0.000000000000000000e+00
9.997297782733292285e-04,9.411764705882352811e-01,-3.921568627450980338e-02
9.997317782732726647e-04,8.627450980392157298e-01,7.843137254901960675e-02
9.997337782732161008e-04,9.411764705882352811e-01,-7.843137254901960675e-02
9.997357782731595369e-04,8.627450980392157298e-01,1.176470588235294101e-01
9.997377782731029731e-04,9.411764705882352811e-01,0.000000000000000000e+00
9.997397782730464092e-04,8.627450980392157298e-01,-7.843137254901960675e-02
9.997417782729898453e-04,8.627450980392157298e-01,7.843137254901960675e-02
9.997437782729332815e-04,9.019607843137255054e-01,-3.921568627450980338e-02
9.997457782728767176e-04,9.411764705882352811e-01,3.921568627450980338e-02
9.997477782728201538e-04,8.235294117647058432e-01,3.921568627450980338e-02
9.997497782727635899e-04,8.627450980392157298e-01,-1.568627450980392135e-01
9.997517782727070260e-04,9.019607843137255054e-01,1.176470588235294101e-01
9.997537782726504622e-04,9.411764705882352811e-01,-3.921568627450980338e-02
9.997557782725938983e-04,8.627450980392157298e-01,0.000000000000000000e+00
9.997577782725373344e-04,9.019607843137255054e-01,3.921568627450980338e-02
9.997597782724807706e-04,8.627450980392157298e-01,0.000000000000000000e+00
9.997617782724242067e-04,9.411764705882352811e-01,3.921568627450980338e-02
9.997637782723676429e-04,8.627450980392157298e-01,-7.843137254901960675e-02
9.997657782723110790e-04,8.235294117647058432e-01,3.921568627450980338e-02
9.997677782722545151e-04,9.019607843137255054e-01,0.000000000000000000e+00
9.997697782721979513e-04,9.411764705882352811e-01,-7.843137254901960675e-02
9.997717782721413874e-04,8.235294117647058432e-01,7.843137254901960675e-02
9.997737782720848235e-04,9.019607843137255054e-01,-1.568627450980392135e-01
9.997757782720282597e-04,8.627450980392157298e-01,7.843137254901960675e-02
9.997777782719716958e-04,9.411764705882352811e-01,0.000000000000000000e+00
9.997797782719151320e-04,8.627450980392157298e-01,-3.921568627450980338e-02
9.997817782718585681e-04,9.019607843137255054e-01,1.176470588235294101e-01
9.997837782718020042e-04,9.019607843137255054e-01,-3.921568627450980338e-02
9.997857782717454404e-04,9.411764705882352811e-01,3.921568627450980338e-02
9.997877782716888765e-04,8.235294117647058432e-01,3.921568627450980338e-02
9.997897782716323126e-04,9.019607843137255054e-01,-1.568627450980392135e-01
9.997917782715757488e-04,9.019607843137255054e-01,1.176470588235294101e-01
9.997937782715191849e-04,9.411764705882352811e-01,-7.843137254901960675e-02
9.997957782714626210e-04,8.235294117647058432e-01,0.000000000000000000e+00
9.997977782714060572e-04,9.019607843137255054e-01,0.000000000000000000e+00
9.997997782713494933e-04,9.411764705882352811e-01,0.000000000000000000e+00
9.998017782712929295e-04,9.019607843137255054e-01,3.921568627450980338e-02
9.998037782712363656e-04,8.627450980392157298e-01,-7.843137254901960675e-02
9.998057782711798017e-04,8.235294117647058432e-01,0.000000000000000000e+00
9.998077782711232379e-04,8.627450980392157298e-01,0.000000000000000000e+00
9.998097782710666740e-04,9.019607843137255054e-01,-3.921568627450980338e-02
9.998117782710101101e-04,8.235294117647058432e-01,1.176470588235294101e-01
9.998137782709535463e-04,8.235294117647058432e-01,-1.568627450980392135e-01
9.998157782708969824e-04,8.627450980392157298e-01,1.176470588235294101e-01
9.998177782708404186e-04,9.411764705882352811e-01,-3.921568627450980338e-02
9.998197782707838547e-04,8.627450980392157298e-01,-3.921568627450980338e-02
9.998217782707272908e-04,8.627450980392157298e-01,1.176470588235294101e-01
9.998237782706707270e-04,9.019607843137255054e-01,-1.568627450980392135e-01
9.998257782706141631e-04,9.019607843137255054e-01,3.921568627450980338e-02
9.998277782705575992e-04,8.235294117647058432e-01,0.000000000000000000e+00
9.998297782705010354e-04,8.627450980392157298e-01,-1.568627450980392135e-01
9.998317782704444715e-04,9.019607843137255054e-01,1.176470588235294101e-01
9.998337782703879077e-04,9.411764705882352811e-01,-3.921568627450980338e-02
9.998357782703313438e-04,8.235294117647058432e-01,0.000000000000000000e+00
9.998377782702747799e-04,9.019607843137255054e-01,0.000000000000000000e+00
9.998397782702182161e-04,9.019607843137255054e-01,0.000000000000000000e+00
9.998417782701616522e-04,9.411764705882352811e-01,7.843137254901960675e-02
9.998437782701050883e-04,8.235294117647058432e-01,-3.921568627450980338e-02
9.998457782700485245e-04,8.627450980392157298e-01,3.921568627450980338e-02
9.998477782699919606e-04,9.019607843137255054e-01,0.000000000000000000e+00
9.998497782699353967e-04,9.019607843137255054e-01,-7.843137254901960675e-02
9.998517782698788329e-04,8.627450980392157298e-01,1.176470588235294101e-01
9.998537782698222690e-04,9.019607843137255054e-01,-1.568627450980392135e-01
9.998557782697657052e-04,8.627450980392157298e-01,7.843137254901960675e-02
9.998577782697091413e-04,9.019607843137255054e-01,0.000000000000000000e+00
9.998597782696525774e-04,8.627450980392157298e-01,-3.921568627450980338e-02
9.998617782695960136e-04,8.235294117647058432e-01,7.843137254901960675e-02
9.998637782695394497e-04,9.019607843137255054e-01,-3.921568627450980338e-02
9.998657782694828858e-04,9.411764705882352811e-01,7.843137254901960675e-02
9.998677782694263220e-04,8.627450980392157298e-01,0.000000000000000000e+00
9.998697782693697581e-04,9.019607843137255054e-01,-1.568627450980392135e-01
9.998717782693131943e-04,9.019607843137255054e-01,7.843137254901960675e-02
9.998737782692566304e-04,9.411764705882352811e-01,-7.843137254901960675e-02
9.998757782692000665e-04,8.627450980392157298e-01,0.000000000000000000e+00
9.998777782691435027e-04,8.627450980392157298e-01,2.745098039215685959e-01
9.998797782690869388e-04,9.019607843137255054e-01,1.921568627450980449e+00
9.998817782690303749e-04,9.019607843137255054e-01,3.137254901960784270e+00
9.998837782689738111e-04,8.627450980392157298e-01,3.999999999999999556e+00
9.998857782689172472e-04,8.235294117647058432e-01,4.196078431372549211e+00
9.998877782688606834e-04,8.627450980392157298e-01,3.764705882352941124e+00
9.998897782688041195e-04,9.411764705882352811e-01,3.176470588235293935e+00
9.998917782687475556e-04,8.235294117647058432e-01,2.941176470588235059e+00
9.998937782686909918e-04,9.019607843137255054e-01,3.058823529411764497e+00
9.998957782686344279e-04,8.627450980392157298e-01,3.372549019607843146e+00
9.998977782685778640e-04,9.411764705882352811e-01,3.215686274509803599e+00
9.998997782685213002e-04,8.627450980392157298e-01,3.294117647058823373e+00
9.999017782684647363e-04,8.235294117647058432e-01,3.372549019607843146e+00
9.999037782684081724e-04,8.627450980392157298e-01,3.176470588235293935e+00
9.999057782683516086e-04,9.411764705882352811e-01,3.294117647058823373e+00
9.999077782682950447e-04,8.627450980392157298e-01,3.333333333333333037e+00
9.999097782682384809e-04,9.019607843137255054e-01,3.098039215686274161e+00
9.999117782681819170e-04,9.019607843137255054e-01,3.294117647058823373e+00
9.999137782681253531e-04,9.019607843137255054e-01,3.137254901960784270e+00
9.999157782680687893e-04,8.627450980392157298e-01,3.333333333333333037e+00
9.999177782680122254e-04,8.627450980392157298e-01,3.215686274509803599e+00
9.999197782679556615e-04,9.411764705882352811e-01,3.254901960784313708e+00
9.999217782678990977e-04,9.411764705882352811e-01,3.333333333333333037e+00
9.999237782678425338e-04,8.235294117647058432e-01,3.215686274509803599e+00
9.999257782677859700e-04,9.019607843137255054e-01,3.294117647058823373e+00
9.999277782677294061e-04,9.019607843137255054e-01,3.254901960784313708e+00
9.999297782676728422e-04,9.411764705882352811e-01,3.215686274509803599e+00
9.999317782676162784e-04,8.235294117647058432e-01,3.372549019607843146e+00
9.999337782675597145e-04,9.019607843137255054e-01,3.098039215686274161e+00
9.999357782675031506e-04,9.019607843137255054e-01,3.294117647058823373e+00
9.999377782674465868e-04,9.411764705882352811e-01,3.215686274509803599e+00
9.999397782673900229e-04,9.019607843137255054e-01,3.215686274509803599e+00
9.999417782673334591e-04,9.019607843137255054e-01,3.294117647058823373e+00
9.999437782672768952e-04,8.627450980392157298e-01,3.176470588235293935e+00
9.999457782672203313e-04,9.411764705882352811e-01,3.215686274509803599e+00
9.999477782671637675e-04,8.627450980392157298e-01,3.294117647058823373e+00
9.999497782671072036e-04,8.627450980392157298e-01,3.176470588235293935e+00
9.999517782670506397e-04,9.019607843137255054e-01,3.372549019607843146e+00
9.999537782669940759e-04,9.411764705882352811e-01,3.176470588235293935e+00
9.999557782669375120e-04,8.235294117647058432e-01,3.294117647058823373e+00
9.999577782668809482e-04,8.235294117647058432e-01,3.215686274509803599e+00
9.999597782668243843e-04,8.627450980392157298e-01,3.176470588235293935e+00
9.999617782667678204e-04,9.019607843137255054e-01,3.333333333333333037e+00
9.999637782667112566e-04,8.235294117647058432e-01,3.215686274509803599e+00
9.999657782666546927e-04,9.019607843137255054e-01,3.254901960784313708e+00
9.999677782665981288e-04,9.019607843137255054e-01,3.254901960784313708e+00
9.999697782665415650e-04,9.019607843137255054e-01,3.137254901960784270e+00
9.999717782664850011e-04,8.235294117647058432e-01,3.333333333333333037e+00
9.999737782664284372e-04,8.235294117647058432e-01,2.588235294117646745e+00
9.999757782663718734e-04,8.627450980392157298e-01,1.098039215686274606e+00
9.999777782663153095e-04,9.019607843137255054e-01,-7.843137254901960675e-02
9.999797782662587457e-04,8.235294117647058432e-01,-9.019607843137253944e-01
9.999817782662021818e-04,8.627450980392157298e-01,-6.666666666666667407e-01
9.999837782661456179e-04,9.019607843137255054e-01,-3.921568627450980338e-01
9.999857782660890541e-04,9.019607843137255054e-01,1.568627450980392135e-01
9.999877782660324902e-04,8.627450980392157298e-01,2.745098039215685959e-01
9.999897782659759263e-04,9.019607843137255054e-01,-7.843137254901960675e-02
9.999917782659193625e-04,8.627450980392157298e-01,7.843137254901960675e-02
9.999937782658627986e-04,9.411764705882352811e-01,3.921568627450980338e-02
9.999957782658062348e-04,8.235294117647058432e-01,0.000000000000000000e+00
9.999977782657496709e-04,8.627450980392157298e-01,0.000000000000000000e+00
9.999997782656931070e-04,9.019607843137255054e-01,-3.921568627450980338e-02
1.000001778265636543e-03,9.803921568627450567e-01,3.921568627450980338e-02
1.000003778265579979e-03,8.627450980392157298e-01,-3.921568627450980338e-02
1.000005778265523415e-03,8.235294117647058432e-01,1.176470588235294101e-01
1.000007778265466852e-03,9.019607843137255054e-01,1.176470588235294101e-01
1.000009778265410288e-03,9.411764705882352811e-01,-7.843137254901960675e-02
1.000011778265353724e-03,8.235294117647058432e-01,7.843137254901960675e-02
1.000013778265297160e-03,9.019607843137255054e-01,-1.568627450980392135e-01
1.000015778265240596e-03,9.019607843137255054e-01,3.921568627450980338e-02
1.000017778265184032e-03,9.411764705882352811e-01,0.000000000000000000e+00
1.000019778265127468e-03,8.627450980392157298e-01,-3.921568627450980338e-02
1.000021778265070905e-03,9.019607843137255054e-01,7.843137254901960675e-02
1.000023778265014341e-03,9.019607843137255054e-01,-3.921568627450980338e-02
1.000025778264957777e-03,9.411764705882352811e-01,0.000000000000000000e+00
1.000027778264901213e-03,8.627450980392157298e-01,7.843137254901960675e-02
1.000029778264844649e-03,9.019607843137255054e-01,0.000000000000000000e+00
1.000031778264788085e-03,8.627450980392157298e-01,1.176470588235294101e-01
1.000033778264731521e-03,9.411764705882352811e-01,-7.843137254901960675e-02
1.000035778264674957e-03,8.235294117647058432e-01,3.921568627450980338e-02
1.000037778264618394e-03,8.627450980392157298e-01,0.000000000000000000e+00
1.000039778264561830e-03,9.019607843137255054e-01,0.000000000000000000e+00
1.000041778264505266e-03,9.411764705882352811e-01,0.000000000000000000e+00
1.000043778264448702e-03,8.627450980392157298e-01,-3.921568627450980338e-02
1.000045778264392138e-03,8.627450980392157298e-01,0.000000000000000000e+00
1.000047778264335574e-03,9.019607843137255054e-01,0.000000000000000000e+00
1.000049778264279010e-03,9.411764705882352811e-01,-3.921568627450980338e-02
1.000051778264222447e-03,8.235294117647058432e-01,7.843137254901960675e-02
1.000053778264165883e-03,8.235294117647058432e-01,-1.568627450980392135e-01
1.000055778264109319e-03,9.019607843137255054e-01,1.176470588235294101e-01
1.000057778264052755e-03,9.411764705882352811e-01,3.921568627450980338e-02
1.000059778263996191e-03,9.019607843137255054e-01,-3.921568627450980338e-02
1.000061778263939627e-03,9.019607843137255054e-01,7.843137254901960675e-02
1.000063778263883063e-03,9.411764705882352811e-01,-3.921568627450980338e-02
1.000065778263826500e-03,9.411764705882352811e-01,0.000000000000000000e+00
1.000067778263769936e-03,8.627450980392157298e-01,3.921568627450980338e-02
1.000069778263713372e-03,8.627450980392157298e-01,0.000000000000000000e+00
1.000071778263656808e-03,9.019607843137255054e-01,7.843137254901960675e-02
1.000073778263600244e-03,9.411764705882352811e-01,-7.843137254901960675e-02
1.000075778263543680e-03,8.627450980392157298e-01,0.000000000000000000e+00
1.000077778263487116e-03,8.627450980392157298e-01,3.921568627450980338e-02
1.000079778263430553e-03,9.019607843137255054e-01,0.000000000000000000e+00
1.000081778263373989e-03,9.411764705882352811e-01,3.921568627450980338e-02
1.000083778263317425e-03,8.627450980392157298e-01,-7.843137254901960675e-02
1.000085778263260861e-03,9.019607843137255054e-01,3.921568627450980338e-02
1.000087778263204297e-03,9.019607843137255054e-01,0.000000000000000000e+00
1.000089778263147733e-03,9.411764705882352811e-01,-7.843137254901960675e-02
1.000091778263091169e-03,8.627450980392157298e-01,7.843137254901960675e-02
1.000093778263034605e-03,9.019607843137255054e-01,-7.843137254901960675e-02
1.000095778262978042e-03,9.019607843137255054e-01,1.176470588235294101e-01
1.000097778262921478e-03,9.411764705882352811e-01,0.000000000000000000e+00
1.000099778262864914e-03,8.627450980392157298e-01,-3.921568627450980338e-02
1.000101778262808350e-03,9.019607843137255054e-01,7.843137254901960675e-02
1.000103778262751786e-03,9.019607843137255054e-01,-7.843137254901960675e-02
1.000105778262695222e-03,9.411764705882352811e-01,3.921568627450980338e-02
1.000107778262638658e-03,8.235294117647058432e-01,3.921568627450980338e-02
1.000109778262582095e-03,9.019607843137255054e-01,-1.568627450980392135e-01
1.000111778262525531e-03,8.627450980392157298e-01,7.843137254901960675e-02
1.000113778262468967e-03,9.411764705882352811e-01,-7.843137254901960675e-02
1.000115778262412403e-03,8.627450980392157298e-01,0.000000000000000000e+00
1.000117778262355839e-03,9.019607843137255054e-01,3.921568627450980338e-02
1.000119778262299275e-03,9.019607843137255054e-01,3.921568627450980338e-02
1.000121778262242711e-03,9.411764705882352811e-01,3.921568627450980338e-02
1.000123778262186148e-03,8.235294117647058432e-01,-7.843137254901960675e-02
1.000125778262129584e-03,9.019607843137255054e-01,0.000000000000000000e+00
1.000127778262073020e-03,9.019607843137255054e-01,0.000000000000000000e+00
1.000129778262016456e-03,9.411764705882352811e-01,-3.921568627450980338e-02
1.000131778261959892e-03,8.235294117647058432e-01,7.843137254901960675e-02
1.000133778261903328e-03,9.019607843137255054e-01,-1.568627450980392135e-01
1.000135778261846764e-03,9.019607843137255054e-01,1.176470588235294101e-01
1.000137778261790200e-03,9.411764705882352811e-01,0.000000000000000000e+00
1.000139778261733637e-03,8.627450980392157298e-01,-3.921568627450980338e-02
1.000141778261677073e-03,8.627450980392157298e-01,7.843137254901960675e-02
1.000143778261620509e-03,9.019607843137255054e-01,-1.568627450980392135e-01
1.000145778261563945e-03,9.411764705882352811e-01,0.000000000000000000e+00
1.000147778261507381e-03,8.627450980392157298e-01,3.921568627450980338e-02
1.000149778261450817e-03,8.627450980392157298e-01,-1.568627450980392135e-01
1.000151778261394253e-03,9.019607843137255054e-01,1.176470588235294101e-01
1.000153778261337690e-03,9.411764705882352811e-01,-3.921568627450980338e-02
1.000155778261281126e-03,8.627450980392157298e-01,0.000000000000000000e+00
1.000157778261224562e-03,8.627450980392157298e-01,3.921568627450980338e-02
1.000159778261167998e-03,9.019607843137255054e-01,0.000000000000000000e+00
1.000161778261111434e-03,9.411764705882352811e-01,3.921568627450980338e-02
1.000163778261054870e-03,8.627450980392157298e-01,-7.843137254901960675e-02
1.000165778260998306e-03,8.627450980392157298e-01,0.000000000000000000e+00
1.000167778260941743e-03,8.627450980392157298e-01,0.000000000000000000e+00
1.000169778260885179e-03,9.411764705882352811e-01,-7.843137254901960675e-02
1.000171778260828615e-03,8.627450980392157298e-01,7.843137254901960675e-02
1.000173778260772051e-03,8.627450980392157298e-01,-3.921568627450980338e-02
1.000175778260715487e-03,8.627450980392157298e-01,1.176470588235294101e-01
1.000177778260658923e-03,9.411764705882352811e-01,0.000000000000000000e+00
1.000179778260602359e-03,8.235294117647058432e-01,-7.843137254901960675e-02
1.000181778260545796e-03,8.627450980392157298e-01,1.176470588235294101e-01
1.000183778260489232e-03,9.019607843137255054e-01,-7.843137254901960675e-02
1.000185778260432668e-03,9.411764705882352811e-01,3.921568627450980338e-02
1.000187778260376104e-03,8.627450980392157298e-01,3.921568627450980338e-02
1.000189778260319540e-03,9.019607843137255054e-01,-1.568627450980392135e-01
1.000191778260262976e-03,9.019607843137255054e-01,7.843137254901960675e-02
1.000193778260206412e-03,9.411764705882352811e-01,-3.921568627450980338e-02
1.000195778260149848e-03,8.627450980392157298e-01,3.921568627450980338e-02
1.000197778260093285e-03,8.627450980392157298e-01,3.921568627450980338e-02
1.000199778260036721e-03,9.019607843137255054e-01,3.921568627450980338e-02
1.000201778259980157e-03,9.019607843137255054e-01,3.921568627450980338e-02
1.000203778259923593e-03,8.235294117647058432e-01,-3.921568627450980338e-02
1.000205778259867029e-03,8.235294117647058432e-01,0.000000000000000000e+00
1.000207778259810465e-03,8.627450980392157298e-01,0.000000000000000000e+00
1.000209778259753901e-03,9.411764705882352811e-01,-7.843137254901960675e-02
1.000211778259697338e-03,8.627450980392157298e-01,7.843137254901960675e-02
1.000213778259640774e-03,8.627450980392157298e-01,-3.921568627450980338e-02
1.000215778259584210e-03,8.627450980392157298e-01,7.843137254901960675e-02
1.000217778259527646e-03,9.411764705882352811e-01,0.000000000000000000e+00
1.000219778259471082e-03,8.235294117647058432e-01,-7.843137254901960675e-02
1.000221778259414518e-03,8.627450980392157298e-01,7.843137254901960675e-02
1.000223778259357954e-03,9.019607843137255054e-01,0.000000000000000000e+00
1.000225778259301391e-03,9.411764705882352811e-01,0.000000000000000000e+00
1.000227778259244827e-03,8.627450980392157298e-01,3.921568627450980338e-02
1.000229778259188263e-03,8.627450980392157298e-01,0.000000000000000000e+00
1.000231778259131699e-03,9.019607843137255054e-01,1.176470588235294101e-01
1.000233778259075135e-03,9.411764705882352811e-01,-7.843137254901960675e-02
1.000235778259018571e-03,8.235294117647058432e-01,0.000000000000000000e+00
1.000237778258962007e-03,8.627450980392157298e-01,3.921568627450980338e-02
1.000239778258905443e-03,9.019607843137255054e-01,0.000000000000000000e+00
1.000241778258848880e-03,9.411764705882352811e-01,3.921568627450980338e-02
1.000243778258792316e-03,9.019607843137255054e-01,-3.921568627450980338e-02
1.000245778258735752e-03,9.019607843137255054e-01,0.000000000000000000e+00
1.000247778258679188e-03,9.019607843137255054e-01,3.921568627450980338e-02
1.000249778258622624e-03,9.411764705882352811e-01,-3.921568627450980338e-02
1.000251778258566060e-03,8.627450980392157298e-01,7.843137254901960675e-02
1.000253778258509496e-03,8.627450980392157298e-01,-1.568627450980392135e-01
1.000255778258452933e-03,8.627450980392157298e-01,7.843137254901960675e-02
1.000257778258396369e-03,9.411764705882352811e-01,3.921568627450980338e-02
1.000259778258339805e-03,8.627450980392157298e-01,-3.921568627450980338e-02
1.000261778258283241e-03,8.627450980392157298e-01,7.843137254901960675e-02
1.000263778258226677e-03,9.019607843137255054e-01,-3.921568627450980338e-02
1.000265778258170113e-03,9.411764705882352811e-01,0.000000000000000000e+00
1.000267778258113549e-03,8.627450980392157298e-01,0.000000000000000000e+00
1.000269778258056986e-03,9.019607843137255054e-01,-7.843137254901960675e-02
1.000271778258000422e-03,9.019607843137255054e-01,7.843137254901960675e-02
1.000273778257943858e-03,9.411764705882352811e-01,-7.843137254901960675e-02
1.000275778257887294e-03,8.627450980392157298e-01,3.921568627450980338e-02
1.000277778257830730e-03,9.019607843137255054e-01,3.921568627450980338e-02
1.000279778257774166e-03,9.019607843137255054e-01,0.000000000000000000e+00
1.000281778257717602e-03,9.019607843137255054e-01,3.921568627450980338e-02
1.000283778257661038e-03,8.627450980392157298e-01,0.000000000000000000e+00
1.000285778257604475e-03,8.627450980392157298e-01,0.000000000000000000e+00
1.000287778257547911e-03,9.019607843137255054e-01,3.921568627450980338e-02
1.000289778257491347e-03,9.411764705882352811e-01,-7.843137254901960675e-02
1.000291778257434783e-03,8.235294117647058432e-01,7.843137254901960675e-02
1.000293778257378219e-03,8.627450980392157298e-01,-1.568627450980392135e-01
1.000295778257321655e-03,8.627450980392157298e-01,7.843137254901960675e-02
1.000297778257265091e-03,9.411764705882352811e-01,-3.921568627450980338e-02
1.000299778257208528e-03,8.627450980392157298e-01,-7.843137254901960675e-02
1.000301778257151964e-03,9.019607843137255054e-01,7.843137254901960675e-02
1.000303778257095400e-03,9.411764705882352811e-01,-7.843137254901960675e-02
1.000305778257038836e-03,9.019607843137255054e-01,3.921568627450980338e-02
1.000307778256982272e-03,8.235294117647058432e-01,3.921568627450980338e-02
1.000309778256925708e-03,8.627450980392157298e-01,-7.843137254901960675e-02
1.000311778256869144e-03,9.019607843137255054e-01,1.176470588235294101e-01
1.000313778256812581e-03,9.411764705882352811e-01,-7.843137254901960675e-02
1.000315778256756017e-03,8.235294117647058432e-01,3.921568627450980338e-02
1.000317778256699453e-03,9.019607843137255054e-01,3.921568627450980338e-02
1.000319778256642889e-03,9.019607843137255054e-01,-3.921568627450980338e-02
1.000321778256586325e-03,9.019607843137255054e-01,7.843137254901960675e-02
1.000323778256529761e-03,8.627450980392157298e-01,-3.921568627450980338e-02
1.000325778256473197e-03,8.627450980392157298e-01,3.921568627450980338e-02
1.000327778256416634e-03,9.019607843137255054e-01,0.000000000000000000e+00
1.000329778256360070e-03,9.019607843137255054e-01,-7.843137254901960675e-02
1.000331778256303506e-03,8.627450980392157298e-01,7.843137254901960675e-02
1.000333778256246942e-03,9.019607843137255054e-01,-1.568627450980392135e-01
1.000335778256190378e-03,9.019607843137255054e-01,1.176470588235294101e-01
1.000337778256133814e-03,9.411764705882352811e-01,0.000000000000000000e+00
1.000339778256077250e-03,8.627450980392157298e-01,-3.921568627450980338e-02
1.000341778256020686e-03,8.627450980392157298e-01,3.921568627450980338e-02
1.000343778255964123e-03,9.019607843137255054e-01,-7.843137254901960675e-02
1.000345778255907559e-03,9.411764705882352811e-01,3.921568627450980338e-02
1.000347778255850995e-03,8.235294117647058432e-01,0.000000000000000000e+00
1.000349778255794431e-03,8.627450980392157298e-01,-1.568627450980392135e-01
1.000351778255737867e-03,9.019607843137255054e-01,7.843137254901960675e-02
1.000353778255681303e-03,9.803921568627450567e-01,-7.843137254901960675e-02
1.000355778255624739e-03,8.627450980392157298e-01,0.000000000000000000e+00
1.000357778255568176e-03,9.019607843137255054e-01,3.921568627450980338e-02
1.000359778255511612e-03,9.019607843137255054e-01,0.000000000000000000e+00
1.000361778255455048e-03,9.411764705882352811e-01,7.843137254901960675e-02
1.000363778255398484e-03,8.627450980392157298e-01,0.000000000000000000e+00
1.000365778255341920e-03,8.627450980392157298e-01,3.921568627450980338e-02
1.000367778255285356e-03,9.019607843137255054e-01,0.000000000000000000e+00
1.000369778255228792e-03,9.019607843137255054e-01,-7.843137254901960675e-02
1.000371778255172229e-03,8.235294117647058432e-01,7.843137254901960675e-02
1.000373778255115665e-03,9.019607843137255054e-01,-1.568627450980392135e-01
1.000375778255059101e-03,8.627450980392157298e-01,7.843137254901960675e-02
1.000377778255002537e-03,9.411764705882352811e-01,0.000000000000000000e+00
1.000379778254945973e-03,8.627450980392157298e-01,0.000000000000000000e+00
1.000381778254889409e-03,8.627450980392157298e-01,7.843137254901960675e-02
1.000383778254832845e-03,9.019607843137255054e-01,-3.921568627450980338e-02
1.000385778254776281e-03,9.019607843137255054e-01,3.921568627450980338e-02
1.000387778254719718e-03,8.235294117647058432e-01,3.921568627450980338e-02
1.000389778254663154e-03,9.019607843137255054e-01,-1.568627450980392135e-01
1.000391778254606590e-03,9.019607843137255054e-01,7.843137254901960675e-02
1.000393778254550026e-03,9.411764705882352811e-01,-7.843137254901960675e-02
1.000395778254493462e-03,8.627450980392157298e-01,0.000000000000000000e+00
1.000397778254436898e-03,9.019607843137255054e-01,3.921568627450980338e-02
1.000399778254380334e-03,9.019607843137255054e-01,0.000000000000000000e+00
1.000401778254323771e-03,9.411764705882352811e-01,7.843137254901960675e-02
1.000403778254267207e-03,8.627450980392157298e-01,-7.843137254901960675e-02
1.000405778254210643e-03,8.627450980392157298e-01,7.843137254901960675e-02
1.000407778254154079e-03,9.019607843137255054e-01,0.000000000000000000e+00
1.000409778254097515e-03,9.411764705882352811e-01,-7.843137254901960675e-02
1.000411778254040951e-03,8.235294117647058432e-01,3.921568627450980338e-02
1.000413778253984387e-03,9.019607843137255054e-01,0.000000000000000000e+00
1.000415778253927824e-03,9.019607843137255054e-01,7.843137254901960675e-02
1.000417778253871260e-03,9.411764705882352811e-01,3.921568627450980338e-02
1.000419778253814696e-03,8.627450980392157298e-01,-7.843137254901960675e-02
1.000421778253758132e-03,8.627450980392157298e-01,7.843137254901960675e-02
1.000423778253701568e-03,9.019607843137255054e-01,-3.921568627450980338e-02
1.000425778253645004e-03,9.411764705882352811e-01,0.000000000000000000e+00
1.000427778253588440e-03,8.627450980392157298e-01,3.921568627450980338e-02
1.000429778253531877e-03,8.235294117647058432e-01,-7.843137254901960675e-02
1.000431778253475313e-03,9.019607843137255054e-01,1.176470588235294101e-01
1.000433778253418749e-03,9.411764705882352811e-01,-7.843137254901960675e-02
1.000435778253362185e-03,8.627450980392157298e-01,0.000000000000000000e+00
1.000437778253305621e-03,8.627450980392157298e-01,0.000000000000000000e+00
1.000439778253249057e-03,9.411764705882352811e-01,0.000000000000000000e+00
1.000441778253192493e-03,9.019607843137255054e-01,7.843137254901960675e-02
1.000443778253135929e-03,8.627450980392157298e-01,-7.843137254901960675e-02
1.000445778253079366e-03,8.627450980392157298e-01,3.921568627450980338e-02
1.000447778253022802e-03,8.627450980392157298e-01,3.921568627450980338e-02
1.000449778252966238e-03,9.411764705882352811e-01,-3.921568627450980338e-02
1.000451778252909674e-03,8.627450980392157298e-01,7.843137254901960675e-02
1.000453778252853110e-03,9.019607843137255054e-01,-1.568627450980392135e-01
1.000455778252796546e-03,9.019607843137255054e-01,1.176470588235294101e-01
1.000457778252739982e-03,9.411764705882352811e-01,0.000000000000000000e+00
1.000459778252683419e-03,8.627450980392157298e-01,-3.921568627450980338e-02
1.000461778252626855e-03,8.235294117647058432e-01,3.921568627450980338e-02
1.000463778252570291e-03,9.411764705882352811e-01,-7.843137254901960675e-02
1.000465778252513727e-03,9.411764705882352811e-01,0.000000000000000000e+00
1.000467778252457163e-03,8.627450980392157298e-01,0.000000000000000000e+00
1.000469778252400599e-03,9.411764705882352811e-01,-1.568627450980392135e-01
1.000471778252344035e-03,9.019607843137255054e-01,1.176470588235294101e-01
1.000473778252287472e-03,9.411764705882352811e-01,-7.843137254901960675e-02
1.000475778252230908e-03,8.235294117647058432e-01,0.000000000000000000e+00
1.000477778252174344e-03,8.627450980392157298e-01,3.921568627450980338e-02
1.000479778252117780e-03,9.411764705882352811e-01,0.000000000000000000e+00
1.000481778252061216e-03,9.411764705882352811e-01,7.843137254901960675e-02
1.000483778252004652e-03,8.627450980392157298e-01,-7.843137254901960675e-02
1.000485778251948088e-03,9.411764705882352811e-01,7.843137254901960675e-02
1.000487778251891524e-03,8.627450980392157298e-01,0.000000000000000000e+00
1.000489778251834961e-03,9.411764705882352811e-01,-3.921568627450980338e-02
1.000491778251778397e-03,8.627450980392157298e-01,7.843137254901960675e-02
1.000493778251721833e-03,9.019607843137255054e-01,-1.568627450980392135e-01
1.000495778251665269e-03,9.411764705882352811e-01,7.843137254901960675e-02
1.000497778251608705e-03,9.411764705882352811e-01,0.000000000000000000e+00
1.000499778251552141e-03,8.627450980392157298e-01,-7.843137254901960675e-02
1.000501778251495577e-03,8.627450980392157298e-01,7.843137254901960675e-02
1.000503778251439014e-03,9.019607843137255054e-01,0.000000000000000000e+00
1.000505778251382450e-03,9.411764705882352811e-01,3.921568627450980338e-02
1.000507778251325886e-03,8.235294117647058432e-01,0.000000000000000000e+00
1.000509778251269322e-03,8.235294117647058432e-01,-7.843137254901960675e-02
1.000511778251212758e-03,8.627450980392157298e-01,1.176470588235294101e-01
1.000513778251156194e-03,9.411764705882352811e-01,-7.843137254901960675e-02
1.000515778251099630e-03,8.235294117647058432e-01,0.000000000000000000e+00
1.000517778251043067e-03,8.627450980392157298e-01,3.921568627450980338e-02
1.000519778250986503e-03,9.019607843137255054e-01,0.000000000000000000e+00
1.000521778250929939e-03,9.411764705882352811e-01,7.843137254901960675e-02
1.000523778250873375e-03,8.627450980392157298e-01,-3.921568627450980338e-02
1.000525778250816811e-03,9.019607843137255054e-01,7.843137254901960675e-02
1.000527778250760247e-03,9.411764705882352811e-01,3.921568627450980338e-02
1.000529778250703683e-03,9.411764705882352811e-01,-7.843137254901960675e-02
1.000531778250647119e-03,8.235294117647058432e-01,7.843137254901960675e-02
1.000533778250590556e-03,9.019607843137255054e-01,-1.568627450980392135e-01
1.000535778250533992e-03,9.019607843137255054e-01,1.176470588235294101e-01
1.000537778250477428e-03,9.411764705882352811e-01,0.000000000000000000e+00
1.000539778250420864e-03,8.235294117647058432e-01,-7.843137254901960675e-02
1.000541778250364300e-03,8.235294117647058432e-01,7.843137254901960675e-02
1.000543778250307736e-03,9.411764705882352811e-01,-7.843137254901960675e-02
1.000545778250251172e-03,9.411764705882352811e-01,7.843137254901960675e-02
1.000547778250194609e-03,8.627450980392157298e-01,3.921568627450980338e-02
1.000549778250138045e-03,9.019607843137255054e-01,-1.568627450980392135e-01
1.000551778250081481e-03,9.019607843137255054e-01,1.176470588235294101e-01
1.000553778250024917e-03,9.411764705882352811e-01,-7.843137254901960675e-02
1.000555778249968353e-03,8.235294117647058432e-01,0.000000000000000000e+00
1.000557778249911789e-03,9.019607843137255054e-01,3.921568627450980338e-02
1.000559778249855225e-03,9.019607843137255054e-01,0.000000000000000000e+00
1.000561778249798662e-03,9.411764705882352811e-01,3.921568627450980338e-02
1.000563778249742098e-03,8.627450980392157298e-01,-3.921568627450980338e-02
1.000565778249685534e-03,9.019607843137255054e-01,3.921568627450980338e-02
1.000567778249628970e-03,9.411764705882352811e-01,0.000000000000000000e+00
1.000569778249572406e-03,9.411764705882352811e-01,-3.921568627450980338e-02
1.000571778249515842e-03,8.235294117647058432e-01,7.843137254901960675e-02
1.000573778249459278e-03,9.019607843137255054e-01,-1.568627450980392135e-01
1.000575778249402715e-03,9.019607843137255054e-01,1.176470588235294101e-01
1.000577778249346151e-03,9.019607843137255054e-01,0.000000000000000000e+00
1.000579778249289587e-03,8.627450980392157298e-01,-3.921568627450980338e-02
1.000581778249233023e-03,9.019607843137255054e-01,3.921568627450980338e-02
1.000583778249176459e-03,9.019607843137255054e-01,-3.921568627450980338e-02
1.000585778249119895e-03,9.411764705882352811e-01,0.000000000000000000e+00
1.000587778249063331e-03,8.235294117647058432e-01,0.000000000000000000e+00
1.000589778249006767e-03,9.019607843137255054e-01,0.000000000000000000e+00
1.000591778248950204e-03,8.627450980392157298e-01,1.176470588235294101e-01
1.000593778248893640e-03,9.411764705882352811e-01,-3.921568627450980338e-02
1.000595778248837076e-03,8.627450980392157298e-01,0.000000000000000000e+00
1.000597778248780512e-03,9.019607843137255054e-01,3.921568627450980338e-02
1.000599778248723948e-03,9.019607843137255054e-01,3.921568627450980338e-02
1.000601778248667384e-03,9.411764705882352811e-01,3.921568627450980338e-02
1.000603778248610820e-03,8.235294117647058432e-01,-7.843137254901960675e-02
1.000605778248554257e-03,9.019607843137255054e-01,3.921568627450980338e-02
1.000607778248497693e-03,8.627450980392157298e-01,3.921568627450980338e-02
1.000609778248441129e-03,9.411764705882352811e-01,-7.843137254901960675e-02
1.000611778248384565e-03,8.627450980392157298e-01,7.843137254901960675e-02
1.000613778248328001e-03,8.627450980392157298e-01,-1.568627450980392135e-01
1.000615778248271437e-03,9.411764705882352811e-01,1.176470588235294101e-01
1.000617778248214873e-03,9.411764705882352811e-01,0.000000000000000000e+00
1.000619778248158310e-03,8.235294117647058432e-01,-7.843137254901960675e-02
1.000621778248101746e-03,9.019607843137255054e-01,3.921568627450980338e-02
1.000623778248045182e-03,9.019607843137255054e-01,-3.921568627450980338e-02
1.000625778247988618e-03,9.019607843137255054e-01,3.921568627450980338e-02
1.000627778247932054e-03,8.235294117647058432e-01,0.000000000000000000e+00
1.000629778247875490e-03,9.019607843137255054e-01,-1.568627450980392135e-01
1.000631778247818926e-03,9.019607843137255054e-01,1.176470588235294101e-01
1.000633778247762362e-03,9.411764705882352811e-01,-7.843137254901960675e-02
1.000635778247705799e-03,8.627450980392157298e-01,3.921568627450980338e-02
1.000637778247649235e-03,9.019607843137255054e-01,0.000000000000000000e+00
1.000639778247592671e-03,8.627450980392157298e-01,0.000000000000000000e+00
1.000641778247536107e-03,9.411764705882352811e-01,7.843137254901960675e-02
1.000643778247479543e-03,8.235294117647058432e-01,-7.843137254901960675e-02
1.000645778247422979e-03,8.627450980392157298e-01,0.000000000000000000e+00
1.000647778247366415e-03,9.019607843137255054e-01,3.921568627450980338e-02
1.000649778247309852e-03,9.411764705882352811e-01,-3.921568627450980338e-02
1.000651778247253288e-03,8.235294117647058432e-01,7.843137254901960675e-02
1.000653778247196724e-03,9.019607843137255054e-01,-1.568627450980392135e-01
1.000655778247140160e-03,8.627450980392157298e-01,7.843137254901960675e-02
1.000657778247083596e-03,9.411764705882352811e-01,3.921568627450980338e-02
1.000659778247027032e-03,8.235294117647058432e-01,-3.921568627450980338e-02
1.000661778246970468e-03,8.235294117647058432e-01,7.843137254901960675e-02
1.000663778246913905e-03,9.019607843137255054e-01,-3.921568627450980338e-02
1.000665778246857341e-03,9.019607843137255054e-01,3.921568627450980338e-02
1.000667778246800777e-03,8.627450980392157298e-01,0.000000000000000000e+00
1.000669778246744213e-03,9.019607843137255054e-01,-1.568627450980392135e-01
1.000671778246687649e-03,9.019607843137255054e-01,1.568627450980392135e-01
1.000673778246631085e-03,9.411764705882352811e-01,-7.843137254901960675e-02
1.000675778246574521e-03,8.235294117647058432e-01,0.000000000000000000e+00
1.000677778246517957e-03,8.627450980392157298e-01,3.921568627450980338e-02
1.000679778246461394e-03,9.019607843137255054e-01,-3.921568627450980338e-02
1.000681778246404830e-03,9.411764705882352811e-01,7.843137254901960675e-02
1.000683778246348266e-03,8.627450980392157298e-01,-3.921568627450980338e-02
1.000685778246291702e-03,8.627450980392157298e-01,7.843137254901960675e-02
1.000687778246235138e-03,9.019607843137255054e-01,0.000000000000000000e+00
1.000689778246178574e-03,9.411764705882352811e-01,-7.843137254901960675e-02
1.000691778246122010e-03,8.235294117647058432e-01,7.843137254901960675e-02
1.000693778246065447e-03,9.019607843137255054e-01,-7.843137254901960675e-02
1.000695778246008883e-03,9.019607843137255054e-01,7.843137254901960675e-02
1.000697778245952319e-03,9.411764705882352811e-01,0.000000000000000000e+00
1.000699778245895755e-03,8.627450980392157298e-01,-3.921568627450980338e-02
1.000701778245839191e-03,8.627450980392157298e-01,7.843137254901960675e-02
1.000703778245782627e-03,9.019607843137255054e-01,-3.921568627450980338e-02
1.000705778245726063e-03,9.411764705882352811e-01,0.000000000000000000e+00
1.000707778245669500e-03,8.627450980392157298e-01,3.921568627450980338e-02
1.000709778245612936e-03,9.019607843137255054e-01,-1.568627450980392135e-01
1.000711778245556372e-03,9.019607843137255054e-01,1.176470588235294101e-01
1.000713778245499808e-03,9.411764705882352811e-01,-3.921568627450980338e-02
1.000715778245443244e-03,8.235294117647058432e-01,0.000000000000000000e+00
1.000717778245386680e-03,9.019607843137255054e-01,0.000000000000000000e+00
1.000719778245330116e-03,9.019607843137255054e-01,0.000000000000000000e+00
1.000721778245273553e-03,9.019607843137255054e-01,3.921568627450980338e-02
1.000723778245216989e-03,8.627450980392157298e-01,-3.921568627450980338e-02
1.000725778245160425e-03,8.627450980392157298e-01,3.921568627450980338e-02
1.000727778245103861e-03,8.627450980392157298e-01,3.921568627450980338e-02
1.000729778245047297e-03,9.411764705882352811e-01,-7.843137254901960675e-02
1.000731778244990733e-03,8.235294117647058432e-01,7.843137254901960675e-02
1.000733778244934169e-03,9.019607843137255054e-01,-1.568627450980392135e-01
1.000735778244877605e-03,9.019607843137255054e-01,1.176470588235294101e-01
1.000737778244821042e-03,9.411764705882352811e-01,0.000000000000000000e+00
1.000739778244764478e-03,8.627450980392157298e-01,-3.921568627450980338e-02
1.000741778244707914e-03,9.019607843137255054e-01,7.843137254901960675e-02
1.000743778244651350e-03,9.019607843137255054e-01,-7.843137254901960675e-02
1.000745778244594786e-03,9.411764705882352811e-01,3.921568627450980338e-02
1.000747778244538222e-03,8.627450980392157298e-01,0.000000000000000000e+00
1.000749778244481658e-03,9.019607843137255054e-01,-1.568627450980392135e-01
1.000751778244425095e-03,9.019607843137255054e-01,1.176470588235294101e-01
1.000753778244368531e-03,9.411764705882352811e-01,-7.843137254901960675e-02
1.000755778244311967e-03,8.627450980392157298e-01,3.921568627450980338e-02
1.000757778244255403e-03,8.235294117647058432e-01,3.921568627450980338e-02
1.000759778244198839e-03,9.411764705882352811e-01,3.921568627450980338e-02
1.000761778244142275e-03,9.411764705882352811e-01,3.921568627450980338e-02
1.000763778244085711e-03,8.627450980392157298e-01,-3.921568627450980338e-02
1.000765778244029148e-03,8.627450980392157298e-01,3.921568627450980338e-02
1.000767778243972584e-03,8.627450980392157298e-01,3.921568627450980338e-02
1.000769778243916020e-03,9.411764705882352811e-01,-3.921568627450980338e-02
1.000771778243859456e-03,8.235294117647058432e-01,7.843137254901960675e-02
1.000773778243802892e-03,9.019607843137255054e-01,-1.568627450980392135e-01
1.000775778243746328e-03,9.019607843137255054e-01,1.176470588235294101e-01
1.000777778243689764e-03,9.411764705882352811e-01,3.921568627450980338e-02
1.000779778243633200e-03,8.235294117647058432e-01,-3.921568627450980338e-02
1.000781778243576637e-03,8.627450980392157298e-01,7.843137254901960675e-02
1.000783778243520073e-03,9.019607843137255054e-01,-3.921568627450980338e-02
1.000785778243463509e-03,9.019607843137255054e-01,0.000000000000000000e+00
1.000787778243406945e-03,8.627450980392157298e-01,0.000000000000000000e+00
1.000789778243350381e-03,9.019607843137255054e-01,-7.843137254901960675e-02
1.000791778243293817e-03,9.019607843137255054e-01,7.843137254901960675e-02
1.000793778243237253e-03,9.411764705882352811e-01,-7.843137254901960675e-02
1.000795778243180690e-03,8.235294117647058432e-01,3.921568627450980338e-02
1.000797778243124126e-03,9.019607843137255054e-01,3.921568627450980338e-02
1.000799778243067562e-03,9.019607843137255054e-01,0.000000000000000000e+00
1.000801778243010998e-03,9.019607843137255054e-01,3.921568627450980338e-02
1.000803778242954434e-03,8.235294117647058432e-01,-3.921568627450980338e-02
1.000805778242897870e-03,8.627450980392157298e-01,0.000000000000000000e+00
1.000807778242841306e-03,8.627450980392157298e-01,0.000000000000000000e+00
1.000809778242784743e-03,9.411764705882352811e-01,-7.843137254901960675e-02
1.000811778242728179e-03,8.235294117647058432e-01,7.843137254901960675e-02
1.000813778242671615e-03,8.235294117647058432e-01,0.000000000000000000e+00
1.000815778242615051e-03,9.019607843137255054e-01,7.843137254901960675e-02
1.000817778242558487e-03,9.411764705882352811e-01,0.000000000000000000e+00
1.000819778242501923e-03,8.235294117647058432e-01,-7.843137254901960675e-02
1.000821778242445359e-03,8.627450980392157298e-01,3.921568627450980338e-02
1.000823778242388796e-03,9.019607843137255054e-01,-3.921568627450980338e-02
1.000825778242332232e-03,9.019607843137255054e-01,3.921568627450980338e-02
1.000827778242275668e-03,8.627450980392157298e-01,3.921568627450980338e-02
1.000829778242219104e-03,9.019607843137255054e-01,-7.843137254901960675e-02
1.000831778242162540e-03,9.019607843137255054e-01,7.843137254901960675e-02
1.000833778242105976e-03,9.411764705882352811e-01,-3.921568627450980338e-02
1.000835778242049412e-03,8.235294117647058432e-01,3.921568627450980338e-02
1.000837778241992848e-03,8.235294117647058432e-01,0.000000000000000000e+00
1.000839778241936285e-03,9.019607843137255054e-01,3.921568627450980338e-02
1.000841778241879721e-03,9.019607843137255054e-01,7.843137254901960675e-02
1.000843778241823157e-03,8.627450980392157298e-01,-3.921568627450980338e-02
1.000845778241766593e-03,9.019607843137255054e-01,0.000000000000000000e+00
1.000847778241710029e-03,8.627450980392157298e-01,0.000000000000000000e+00
1.000849778241653465e-03,9.411764705882352811e-01,-3.921568627450980338e-02
1.000851778241596901e-03,8.235294117647058432e-01,7.843137254901960675e-02
1.000853778241540338e-03,9.019607843137255054e-01,-1.568627450980392135e-01
1.000855778241483774e-03,9.019607843137255054e-01,1.176470588235294101e-01
1.000857778241427210e-03,9.019607843137255054e-01,0.000000000000000000e+00
1.000859778241370646e-03,8.235294117647058432e-01,-7.843137254901960675e-02
1.000861778241314082e-03,8.627450980392157298e-01,7.843137254901960675e-02
1.000863778241257518e-03,9.019607843137255054e-01,0.000000000000000000e+00
1.000865778241200954e-03,9.411764705882352811e-01,3.921568627450980338e-02
1.000867778241144391e-03,8.627450980392157298e-01,3.921568627450980338e-02
1.000869778241087827e-03,9.019607843137255054e-01,-1.568627450980392135e-01
1.000871778241031263e-03,9.019607843137255054e-01,7.843137254901960675e-02
1.000873778240974699e-03,9.411764705882352811e-01,-7.843137254901960675e-02
1.000875778240918135e-03,8.627450980392157298e-01,0.000000000000000000e+00
1.000877778240861571e-03,8.627450980392157298e-01,3.921568627450980338e-02
1.000879778240805007e-03,9.019607843137255054e-01,0.000000000000000000e+00
1.000881778240748443e-03,9.411764705882352811e-01,7.843137254901960675e-02
1.000883778240691880e-03,8.627450980392157298e-01,-3.921568627450980338e-02
1.000885778240635316e-03,8.627450980392157298e-01,7.843137254901960675e-02
1.000887778240578752e-03,8.627450980392157298e-01,0.000000000000000000e+00
1.000889778240522188e-03,9.411764705882352811e-01,-7.843137254901960675e-02
1.000891778240465624e-03,8.235294117647058432e-01,7.843137254901960675e-02
1.000893778240409060e-03,8.627450980392157298e-01,-1.568627450980392135e-01
1.000895778240352496e-03,9.019607843137255054e-01,3.921568627450980338e-02
1.000897778240295933e-03,9.019607843137255054e-01,0.000000000000000000e+00
1.000899778240239369e-03,8.627450980392157298e-01,-3.921568627450980338e-02
1.000901778240182805e-03,9.019607843137255054e-01,7.843137254901960675e-02
1.000903778240126241e-03,9.019607843137255054e-01,0.000000000000000000e+00
1.000905778240069677e-03,9.019607843137255054e-01,0.000000000000000000e+00
1.000907778240013113e-03,8.627450980392157298e-01,3.921568627450980338e-02
1.000909778239956549e-03,8.235294117647058432e-01,-1.568627450980392135e-01
1.000911778239899986e-03,9.019607843137255054e-01,7.843137254901960675e-02
1.000913778239843422e-03,9.411764705882352811e-01,-3.921568627450980338e-02
1.000915778239786858e-03,8.627450980392157298e-01,0.000000000000000000e+00
1.000917778239730294e-03,8.627450980392157298e-01,0.000000000000000000e+00
1.000919778239673730e-03,9.019607843137255054e-01,0.000000000000000000e+00
1.000921778239617166e-03,9.411764705882352811e-01,7.843137254901960675e-02
1.000923778239560602e-03,8.627450980392157298e-01,-7.843137254901960675e-02
1.000925778239504038e-03,9.019607843137255054e-01,3.921568627450980338e-02
1.000927778239447475e-03,8.627450980392157298e-01,0.000000000000000000e+00
1.000929778239390911e-03,9.411764705882352811e-01,-7.843137254901960675e-02
1.000931778239334347e-03,8.235294117647058432e-01,7.843137254901960675e-02
1.000933778239277783e-03,8.235294117647058432e-01,-7.843137254901960675e-02
1.000935778239221219e-03,9.019607843137255054e-01,7.843137254901960675e-02
1.000937778239164655e-03,9.411764705882352811e-01,0.000000000000000000e+00
1.000939778239108091e-03,8.627450980392157298e-01,0.000000000000000000e+00
1.000941778239051528e-03,8.627450980392157298e-01,7.843137254901960675e-02
1.000943778238994964e-03,9.019607843137255054e-01,-7.843137254901960675e-02
1.000945778238938400e-03,9.019607843137255054e-01,0.000000000000000000e+00
1.000947778238881836e-03,8.235294117647058432e-01,3.921568627450980338e-02
1.000949778238825272e-03,9.019607843137255054e-01,-7.843137254901960675e-02
1.000951778238768708e-03,9.019607843137255054e-01,1.176470588235294101e-01
1.000953778238712144e-03,9.411764705882352811e-01,-7.843137254901960675e-02
1.000955778238655581e-03,8.627450980392157298e-01,0.000000000000000000e+00
1.000957778238599017e-03,8.235294117647058432e-01,0.000000000000000000e+00
1.000959778238542453e-03,9.019607843137255054e-01,0.000000000000000000e+00
1.000961778238485889e-03,9.411764705882352811e-01,7.843137254901960675e-02
1.000963778238429325e-03,8.235294117647058432e-01,-7.843137254901960675e-02
1.000965778238372761e-03,9.019607843137255054e-01,7.843137254901960675e-02
1.000967778238316197e-03,9.019607843137255054e-01,3.921568627450980338e-02
1.000969778238259634e-03,9.411764705882352811e-01,-3.921568627450980338e-02
1.000971778238203070e-03,8.235294117647058432e-01,7.843137254901960675e-02
1.000973778238146506e-03,8.627450980392157298e-01,-1.568627450980392135e-01
1.000975778238089942e-03,9.019607843137255054e-01,7.843137254901960675e-02
1.000977778238033378e-03,9.411764705882352811e-01,3.921568627450980338e-02
1.000979778237976814e-03,8.235294117647058432e-01,-3.921568627450980338e-02
1.000981778237920250e-03,9.019607843137255054e-01,7.843137254901960675e-02
1.000983778237863686e-03,9.411764705882352811e-01,-7.843137254901960675e-02
1.000985778237807123e-03,9.411764705882352811e-01,3.921568627450980338e-02
1.000987778237750559e-03,8.627450980392157298e-01,3.921568627450980338e-02
1.000989778237693995e-03,8.627450980392157298e-01,-7.843137254901960675e-02
1.000991778237637431e-03,9.019607843137255054e-01,1.176470588235294101e-01
1.000993778237580867e-03,9.411764705882352811e-01,-7.843137254901960675e-02
1.000995778237524303e-03,8.627450980392157298e-01,0.000000000000000000e+00
1.000997778237467739e-03,8.627450980392157298e-01,3.921568627450980338e-02
1.000999778237411176e-03,9.019607843137255054e-01,0.000000000000000000e+00
1.001001778237354612e-03,9.411764705882352811e-01,7.843137254901960675e-02
1.001003778237298048e-03,8.627450980392157298e-01,-7.843137254901960675e-02
1.001005778237241484e-03,9.019607843137255054e-01,7.843137254901960675e-02
1.001007778237184920e-03,9.019607843137255054e-01,3.921568627450980338e-02
1.001009778237128356e-03,9.411764705882352811e-01,-7.843137254901960675e-02
1.001011778237071792e-03,8.235294117647058432e-01,7.843137254901960675e-02
1.001013778237015229e-03,9.019607843137255054e-01,-1.568627450980392135e-01
1.001015778236958665e-03,9.019607843137255054e-01,7.843137254901960675e-02
1.001017778236902101e-03,9.411764705882352811e-01,0.000000000000000000e+00
1.001019778236845537e-03,8.235294117647058432e-01,-7.843137254901960675e-02
1.001021778236788973e-03,9.019607843137255054e-01,7.843137254901960675e-02
1.001023778236732409e-03,9.019607843137255054e-01,-7.843137254901960675e-02
1.001025778236675845e-03,9.411764705882352811e-01,3.921568627450980338e-02
1.001027778236619281e-03,8.627450980392157298e-01,3.921568627450980338e-02
1.001029778236562718e-03,9.019607843137255054e-01,-1.568627450980392135e-01
1.001031778236506154e-03,9.019607843137255054e-01,1.176470588235294101e-01
1.001033778236449590e-03,9.411764705882352811e-01,-7.843137254901960675e-02
1.001035778236393026e-03,8.627450980392157298e-01,0.000000000000000000e+00
1.001037778236336462e-03,9.019607843137255054e-01,3.921568627450980338e-02
1.001039778236279898e-03,9.019607843137255054e-01,0.000000000000000000e+00
1.001041778236223334e-03,9.411764705882352811e-01,7.843137254901960675e-02
1.001043778236166771e-03,8.235294117647058432e-01,-3.921568627450980338e-02
1.001045778236110207e-03,8.627450980392157298e-01,3.921568627450980338e-02
1.001047778236053643e-03,8.627450980392157298e-01,0.000000000000000000e+00
1.001049778235997079e-03,9.411764705882352811e-01,-7.843137254901960675e-02
1.001051778235940515e-03,8.235294117647058432e-01,7.843137254901960675e-02
1.001053778235883951e-03,8.235294117647058432e-01,-1.568627450980392135e-01
1.001055778235827387e-03,8.627450980392157298e-01,1.176470588235294101e-01
1.001057778235770824e-03,9.019607843137255054e-01,0.000000000000000000e+00
1.001059778235714260e-03,8.627450980392157298e-01,-3.921568627450980338e-02
1.001061778235657696e-03,8.235294117647058432e-01,7.843137254901960675e-02
1.001063778235601132e-03,9.019607843137255054e-01,-3.921568627450980338e-02
1.001065778235544568e-03,9.411764705882352811e-01,0.000000000000000000e+00
1.001067778235488004e-03,8.627450980392157298e-01,3.921568627450980338e-02
1.001069778235431440e-03,9.019607843137255054e-01,-1.568627450980392135e-01
1.001071778235374877e-03,9.019607843137255054e-01,7.843137254901960675e-02
1.001073778235318313e-03,9.411764705882352811e-01,-7.843137254901960675e-02
1.001075778235261749e-03,8.627450980392157298e-01,0.000000000000000000e+00
1.001077778235205185e-03,8.627450980392157298e-01,3.921568627450980338e-02
1.001079778235148621e-03,9.019607843137255054e-01,0.000000000000000000e+00
1.001081778235092057e-03,9.411764705882352811e-01,7.843137254901960675e-02
1.001083778235035493e-03,8.235294117647058432e-01,-3.921568627450980338e-02
1.001085778234978929e-03,9.019607843137255054e-01,3.921568627450980338e-02
1.001087778234922366e-03,9.019607843137255054e-01,3.921568627450980338e-02
1.001089778234865802e-03,9.411764705882352811e-01,-3.921568627450980338e-02
1.001091778234809238e-03,8.235294117647058432e-01,7.843137254901960675e-02
1.001093778234752674e-03,8.627450980392157298e-01,-1.568627450980392135e-01
1.001095778234696110e-03,8.627450980392157298e-01,7.843137254901960675e-02
1.001097778234639546e-03,9.411764705882352811e-01,0.000000000000000000e+00
1.001099778234582982e-03,8.627450980392157298e-01,-3.921568627450980338e-02
1.001101778234526419e-03,9.019607843137255054e-01,7.843137254901960675e-02
1.001103778234469855e-03,9.019607843137255054e-01,-1.568627450980392135e-01
1.001105778234413291e-03,9.019607843137255054e-01,0.000000000000000000e+00
1.001107778234356727e-03,8.235294117647058432e-01,3.921568627450980338e-02
1.001109778234300163e-03,8.627450980392157298e-01,-1.568627450980392135e-01
1.001111778234243599e-03,9.019607843137255054e-01,7.843137254901960675e-02
1.001113778234187035e-03,9.411764705882352811e-01,-3.921568627450980338e-02
1.001115778234130472e-03,8.627450980392157298e-01,0.000000000000000000e+00
1.001117778234073908e-03,9.019607843137255054e-01,0.000000000000000000e+00
1.001119778234017344e-03,9.019607843137255054e-01,0.000000000000000000e+00
1.001121778233960780e-03,9.411764705882352811e-01,3.921568627450980338e-02
1.001123778233904216e-03,8.627450980392157298e-01,-3.921568627450980338e-02
1.001125778233847652e-03,9.019607843137255054e-01,7.843137254901960675e-02
1.001127778233791088e-03,9.019607843137255054e-01,0.000000000000000000e+00
1.001129778233734524e-03,9.411764705882352811e-01,-7.843137254901960675e-02
1.001131778233677961e-03,8.235294117647058432e-01,7.843137254901960675e-02
1.001133778233621397e-03,9.019607843137255054e-01,-1.568627450980392135e-01
1.001135778233564833e-03,9.019607843137255054e-01,7.843137254901960675e-02
1.001137778233508269e-03,9.411764705882352811e-01,0.000000000000000000e+00
1.001139778233451705e-03,8.627450980392157298e-01,-7.843137254901960675e-02
1.001141778233395141e-03,8.235294117647058432e-01,7.843137254901960675e-02
1.001143778233338577e-03,9.019607843137255054e-01,-7.843137254901960675e-02
1.001145778233282014e-03,9.019607843137255054e-01,0.000000000000000000e+00
1.001147778233225450e-03,8.235294117647058432e-01,3.921568627450980338e-02
1.001149778233168886e-03,9.411764705882352811e-01,-1.568627450980392135e-01
1.001151778233112322e-03,9.019607843137255054e-01,1.176470588235294101e-01
1.001153778233055758e-03,9.411764705882352811e-01,-7.843137254901960675e-02
1.001155778232999194e-03,8.627450980392157298e-01,3.921568627450980338e-02
1.001157778232942630e-03,8.627450980392157298e-01,3.921568627450980338e-02
1.001159778232886067e-03,8.627450980392157298e-01,0.000000000000000000e+00
1.001161778232829503e-03,9.411764705882352811e-01,3.921568627450980338e-02
1.001163778232772939e-03,8.235294117647058432e-01,-7.843137254901960675e-02
1.001165778232716375e-03,8.627450980392157298e-01,0.000000000000000000e+00
1.001167778232659811e-03,9.019607843137255054e-01,0.000000000000000000e+00
1.001169778232603247e-03,9.411764705882352811e-01,-3.921568627450980338e-02
1.001171778232546683e-03,8.235294117647058432e-01,7.843137254901960675e-02
1.001173778232490119e-03,8.627450980392157298e-01,-1.568627450980392135e-01
1.001175778232433556e-03,9.019607843137255054e-01,7.843137254901960675e-02
1.001177778232376992e-03,9.411764705882352811e-01,0.000000000000000000e+00
1.001179778232320428e-03,8.627450980392157298e-01,-7.843137254901960675e-02
1.001181778232263864e-03,8.627450980392157298e-01,3.921568627450980338e-02
1.001183778232207300e-03,9.019607843137255054e-01,-3.921568627450980338e-02
1.001185778232150736e-03,9.019607843137255054e-01,3.921568627450980338e-02
1.001187778232094172e-03,9.019607843137255054e-01,0.000000000000000000e+00
1.001189778232037609e-03,9.019607843137255054e-01,-1.568627450980392135e-01
1.001191778231981045e-03,8.627450980392157298e-01,1.176470588235294101e-01
1.001193778231924481e-03,9.019607843137255054e-01,-3.921568627450980338e-02
1.001195778231867917e-03,8.235294117647058432e-01,3.921568627450980338e-02
1.001197778231811353e-03,8.235294117647058432e-01,3.921568627450980338e-02
1.001199778231754789e-03,9.019607843137255054e-01,0.000000000000000000e+00
1.001201778231698225e-03,9.411764705882352811e-01,3.921568627450980338e-02
1.001203778231641662e-03,8.235294117647058432e-01,-7.843137254901960675e-02
1.001205778231585098e-03,8.627450980392157298e-01,3.921568627450980338e-02
1.001207778231528534e-03,9.019607843137255054e-01,3.921568627450980338e-02
1.001209778231471970e-03,9.411764705882352811e-01,-7.843137254901960675e-02
1.001211778231415406e-03,8.235294117647058432e-01,7.843137254901960675e-02
1.001213778231358842e-03,9.411764705882352811e-01,-7.843137254901960675e-02
1.001215778231302278e-03,9.019607843137255054e-01,7.843137254901960675e-02
1.001217778231245715e-03,9.411764705882352811e-01,0.000000000000000000e+00
1.001219778231189151e-03,8.627450980392157298e-01,-3.921568627450980338e-02
1.001221778231132587e-03,8.627450980392157298e-01,7.843137254901960675e-02
1.001223778231076023e-03,9.411764705882352811e-01,-3.921568627450980338e-02
1.001225778231019459e-03,9.411764705882352811e-01,3.921568627450980338e-02
1.001227778230962895e-03,8.627450980392157298e-01,3.921568627450980338e-02
1.001229778230906331e-03,9.019607843137255054e-01,-7.843137254901960675e-02
1.001231778230849767e-03,8.627450980392157298e-01,1.176470588235294101e-01
1.001233778230793204e-03,9.411764705882352811e-01,-3.921568627450980338e-02
1.001235778230736640e-03,8.627450980392157298e-01,0.000000000000000000e+00
1.001237778230680076e-03,9.019607843137255054e-01,3.921568627450980338e-02
1.001239778230623512e-03,9.019607843137255054e-01,0.000000000000000000e+00
1.001241778230566948e-03,9.411764705882352811e-01,3.921568627450980338e-02
1.001243778230510384e-03,8.627450980392157298e-01,-7.843137254901960675e-02
1.001245778230453820e-03,8.627450980392157298e-01,0.000000000000000000e+00
1.001247778230397257e-03,9.019607843137255054e-01,0.000000000000000000e+00
1.001249778230340693e-03,9.411764705882352811e-01,-7.843137254901960675e-02
1.001251778230284129e-03,9.019607843137255054e-01,7.843137254901960675e-02
1.001253778230227565e-03,8.627450980392157298e-01,-7.843137254901960675e-02
1.001255778230171001e-03,9.019607843137255054e-01,7.843137254901960675e-02
1.001257778230114437e-03,9.411764705882352811e-01,0.000000000000000000e+00
1.001259778230057873e-03,8.627450980392157298e-01,-7.843137254901960675e-02
1.001261778230001310e-03,9.019607843137255054e-01,7.843137254901960675e-02
1.001263778229944746e-03,9.019607843137255054e-01,-1.568627450980392135e-01
1.001265778229888182e-03,9.411764705882352811e-01,3.921568627450980338e-02
1.001267778229831618e-03,8.235294117647058432e-01,0.000000000000000000e+00
1.001269778229775054e-03,9.019607843137255054e-01,-1.568627450980392135e-01
1.001271778229718490e-03,9.019607843137255054e-01,1.176470588235294101e-01
1.001273778229661926e-03,9.411764705882352811e-01,-7.843137254901960675e-02
1.001275778229605362e-03,8.627450980392157298e-01,0.000000000000000000e+00
1.001277778229548799e-03,8.235294117647058432e-01,3.921568627450980338e-02
1.001279778229492235e-03,9.019607843137255054e-01,3.921568627450980338e-02
1.001281778229435671e-03,9.019607843137255054e-01,7.843137254901960675e-02
1.001283778229379107e-03,8.627450980392157298e-01,-7.843137254901960675e-02
1.001285778229322543e-03,8.627450980392157298e-01,0.000000000000000000e+00
1.001287778229265979e-03,8.627450980392157298e-01,0.000000000000000000e+00
1.001289778229209415e-03,9.019607843137255054e-01,-7.843137254901960675e-02
1.001291778229152852e-03,8.627450980392157298e-01,7.843137254901960675e-02
1.001293778229096288e-03,8.235294117647058432e-01,-3.921568627450980338e-02
1.001295778229039724e-03,8.627450980392157298e-01,7.843137254901960675e-02
1.001297778228983160e-03,9.411764705882352811e-01,0.000000000000000000e+00
1.001299778228926596e-03,8.627450980392157298e-01,-3.921568627450980338e-02
1.001301778228870032e-03,8.627450980392157298e-01,7.843137254901960675e-02
1.001303778228813468e-03,9.019607843137255054e-01,-7.843137254901960675e-02
1.001305778228756905e-03,9.411764705882352811e-01,0.000000000000000000e+00
1.001307778228700341e-03,8.235294117647058432e-01,3.921568627450980338e-02
1.001309778228643777e-03,9.019607843137255054e-01,-1.568627450980392135e-01
1.001311778228587213e-03,8.627450980392157298e-01,1.176470588235294101e-01
1.001313778228530649e-03,9.411764705882352811e-01,-3.921568627450980338e-02
1.001315778228474085e-03,8.627450980392157298e-01,0.000000000000000000e+00
1.001317778228417521e-03,9.019607843137255054e-01,0.000000000000000000e+00
1.001319778228360957e-03,9.019607843137255054e-01,0.000000000000000000e+00
1.001321778228304394e-03,9.411764705882352811e-01,7.843137254901960675e-02
1.001323778228247830e-03,8.235294117647058432e-01,-3.921568627450980338e-02
1.001325778228191266e-03,8.627450980392157298e-01,3.921568627450980338e-02
1.001327778228134702e-03,9.019607843137255054e-01,3.921568627450980338e-02
1.001329778228078138e-03,9.411764705882352811e-01,-3.921568627450980338e-02
1.001331778228021574e-03,8.627450980392157298e-01,7.843137254901960675e-02
1.001333778227965010e-03,9.019607843137255054e-01,-1.568627450980392135e-01
1.001335778227908447e-03,8.627450980392157298e-01,1.176470588235294101e-01
1.001337778227851883e-03,9.411764705882352811e-01,7.843137254901960675e-02
1.001339778227795319e-03,8.627450980392157298e-01,-3.921568627450980338e-02
1.001341778227738755e-03,8.235294117647058432e-01,7.843137254901960675e-02
1.001343778227682191e-03,8.627450980392157298e-01,-7.843137254901960675e-02
1.001345778227625627e-03,9.411764705882352811e-01,3.921568627450980338e-02
1.001347778227569063e-03,8.627450980392157298e-01,0.000000000000000000e+00
1.001349778227512500e-03,8.627450980392157298e-01,-1.568627450980392135e-01
1.001351778227455936e-03,9.019607843137255054e-01,7.843137254901960675e-02
1.001353778227399372e-03,9.411764705882352811e-01,-7.843137254901960675e-02
1.001355778227342808e-03,8.235294117647058432e-01,0.000000000000000000e+00
1.001357778227286244e-03,8.627450980392157298e-01,3.921568627450980338e-02
1.001359778227229680e-03,9.019607843137255054e-01,0.000000000000000000e+00
1.001361778227173116e-03,9.411764705882352811e-01,7.843137254901960675e-02
1.001363778227116553e-03,8.627450980392157298e-01,-7.843137254901960675e-02
1.001365778227059989e-03,8.627450980392157298e-01,7.843137254901960675e-02
1.001367778227003425e-03,9.019607843137255054e-01,3.921568627450980338e-02
1.001369778226946861e-03,9.411764705882352811e-01,-7.843137254901960675e-02
1.001371778226890297e-03,8.235294117647058432e-01,7.843137254901960675e-02
1.001373778226833733e-03,9.019607843137255054e-01,-1.568627450980392135e-01
1.001375778226777169e-03,9.019607843137255054e-01,1.176470588235294101e-01
1.001377778226720605e-03,9.019607843137255054e-01,0.000000000000000000e+00
1.001379778226664042e-03,8.627450980392157298e-01,0.000000000000000000e+00
1.001381778226607478e-03,9.019607843137255054e-01,7.843137254901960675e-02
1.001383778226550914e-03,9.019607843137255054e-01,-7.843137254901960675e-02
1.001385778226494350e-03,9.411764705882352811e-01,3.921568627450980338e-02
1.001387778226437786e-03,8.235294117647058432e-01,3.921568627450980338e-02
1.001389778226381222e-03,9.019607843137255054e-01,-1.568627450980392135e-01
1.001391778226324658e-03,8.627450980392157298e-01,7.843137254901960675e-02
1.001393778226268095e-03,9.411764705882352811e-01,-3.921568627450980338e-02
1.001395778226211531e-03,8.235294117647058432e-01,0.000000000000000000e+00
1.001397778226154967e-03,9.019607843137255054e-01,3.921568627450980338e-02
1.001399778226098403e-03,9.019607843137255054e-01,0.000000000000000000e+00
1.001401778226041839e-03,9.411764705882352811e-01,7.843137254901960675e-02
1.001403778225985275e-03,8.627450980392157298e-01,-3.921568627450980338e-02
1.001405778225928711e-03,8.235294117647058432e-01,3.921568627450980338e-02
1.001407778225872148e-03,8.627450980392157298e-01,0.000000000000000000e+00
1.001409778225815584e-03,9.411764705882352811e-01,-7.843137254901960675e-02
1.001411778225759020e-03,8.627450980392157298e-01,7.843137254901960675e-02
1.001413778225702456e-03,8.627450980392157298e-01,-1.568627450980392135e-01
1.001415778225645892e-03,8.627450980392157298e-01,3.921568627450980338e-02
1.001417778225589328e-03,9.411764705882352811e-01,0.000000000000000000e+00
1.001419778225532764e-03,8.627450980392157298e-01,-7.843137254901960675e-02
1.001421778225476200e-03,8.235294117647058432e-01,7.843137254901960675e-02
1.001423778225419637e-03,9.019607843137255054e-01,-7.843137254901960675e-02
1.001425778225363073e-03,9.411764705882352811e-01,0.000000000000000000e+00
1.001427778225306509e-03,8.235294117647058432e-01,3.921568627450980338e-02
1.001429778225249945e-03,9.019607843137255054e-01,-1.568627450980392135e-01
1.001431778225193381e-03,9.019607843137255054e-01,1.176470588235294101e-01
1.001433778225136817e-03,9.411764705882352811e-01,-7.843137254901960675e-02
1.001435778225080253e-03,8.627450980392157298e-01,0.000000000000000000e+00
1.001437778225023690e-03,8.235294117647058432e-01,3.921568627450980338e-02
1.001439778224967126e-03,9.019607843137255054e-01,0.000000000000000000e+00
1.001441778224910562e-03,9.019607843137255054e-01,3.921568627450980338e-02
1.001443778224853998e-03,8.627450980392157298e-01,-7.843137254901960675e-02
1.001445778224797434e-03,8.627450980392157298e-01,3.921568627450980338e-02
1.001447778224740870e-03,8.627450980392157298e-01,0.000000000000000000e+00
1.001449778224684306e-03,9.411764705882352811e-01,-7.843137254901960675e-02
1.001451778224627743e-03,8.627450980392157298e-01,7.843137254901960675e-02
1.001453778224571179e-03,9.019607843137255054e-01,-7.843137254901960675e-02
1.001455778224514615e-03,9.019607843137255054e-01,1.176470588235294101e-01
1.001457778224458051e-03,9.411764705882352811e-01,3.921568627450980338e-02
1.001459778224401487e-03,8.235294117647058432e-01,-3.921568627450980338e-02
1.001461778224344923e-03,8.235294117647058432e-01,7.843137254901960675e-02
1.001463778224288359e-03,9.019607843137255054e-01,-3.921568627450980338e-02
1.001465778224231796e-03,9.411764705882352811e-01,0.000000000000000000e+00
1.001467778224175232e-03,8.627450980392157298e-01,3.921568627450980338e-02
1.001469778224118668e-03,9.019607843137255054e-01,-1.568627450980392135e-01
1.001471778224062104e-03,9.019607843137255054e-01,1.176470588235294101e-01
1.001473778224005540e-03,9.411764705882352811e-01,-3.921568627450980338e-02
1.001475778223948976e-03,8.235294117647058432e-01,0.000000000000000000e+00
1.001477778223892412e-03,9.019607843137255054e-01,0.000000000000000000e+00
1.001479778223835848e-03,9.019607843137255054e-01,0.000000000000000000e+00
1.001481778223779285e-03,9.019607843137255054e-01,3.921568627450980338e-02
1.001483778223722721e-03,8.235294117647058432e-01,-7.843137254901960675e-02
1.001485778223666157e-03,8.627450980392157298e-01,0.000000000000000000e+00
1.001487778223609593e-03,9.019607843137255054e-01,0.000000000000000000e+00
1.001489778223553029e-03,9.411764705882352811e-01,-3.921568627450980338e-02
1.001491778223496465e-03,8.235294117647058432e-01,7.843137254901960675e-02
1.001493778223439901e-03,8.627450980392157298e-01,0.000000000000000000e+00
1.001495778223383338e-03,9.019607843137255054e-01,7.843137254901960675e-02
1.001497778223326774e-03,9.411764705882352811e-01,0.000000000000000000e+00
1.001499778223270210e-03,8.627450980392157298e-01,-7.843137254901960675e-02
1.001501778223213646e-03,8.627450980392157298e-01,3.921568627450980338e-02
1.001503778223157082e-03,9.019607843137255054e-01,-7.843137254901960675e-02
1.001505778223100518e-03,9.019607843137255054e-01,0.000000000000000000e+00
1.001507778223043954e-03,8.627450980392157298e-01,0.000000000000000000e+00
1.001509778222987391e-03,9.019607843137255054e-01,-1.568627450980392135e-01
1.001511778222930827e-03,9.019607843137255054e-01,7.843137254901960675e-02
1.001513778222874263e-03,9.411764705882352811e-01,-7.843137254901960675e-02
1.001515778222817699e-03,8.627450980392157298e-01,0.000000000000000000e+00
1.001517778222761135e-03,8.235294117647058432e-01,3.921568627450980338e-02
1.001519778222704571e-03,9.019607843137255054e-01,0.000000000000000000e+00
1.001521778222648007e-03,9.411764705882352811e-01,7.843137254901960675e-02
1.001523778222591443e-03,9.019607843137255054e-01,-3.921568627450980338e-02
1.001525778222534880e-03,8.627450980392157298e-01,0.000000000000000000e+00
1.001527778222478316e-03,9.019607843137255054e-01,0.000000000000000000e+00
1.001529778222421752e-03,9.019607843137255054e-01,-3.921568627450980338e-02
1.001531778222365188e-03,8.235294117647058432e-01,7.843137254901960675e-02
1.001533778222308624e-03,9.019607843137255054e-01,-1.568627450980392135e-01
1.001535778222252060e-03,8.627450980392157298e-01,1.176470588235294101e-01
1.001537778222195496e-03,9.019607843137255054e-01,0.000000000000000000e+00
1.001539778222138933e-03,8.627450980392157298e-01,-7.843137254901960675e-02
1.001541778222082369e-03,9.019607843137255054e-01,7.843137254901960675e-02
1.001543778222025805e-03,9.019607843137255054e-01,-7.843137254901960675e-02
1.001545778221969241e-03,9.019607843137255054e-01,0.000000000000000000e+00
1.001547778221912677e-03,8.235294117647058432e-01,0.000000000000000000e+00
1.001549778221856113e-03,9.019607843137255054e-01,-1.568627450980392135e-01
1.001551778221799549e-03,9.019607843137255054e-01,7.843137254901960675e-02
1.001553778221742986e-03,9.411764705882352811e-01,-7.843137254901960675e-02
1.001555778221686422e-03,8.627450980392157298e-01,0.000000000000000000e+00
1.001557778221629858e-03,8.627450980392157298e-01,3.921568627450980338e-02
1.001559778221573294e-03,9.019607843137255054e-01,0.000000000000000000e+00
1.001561778221516730e-03,9.019607843137255054e-01,7.843137254901960675e-02
1.001563778221460166e-03,8.627450980392157298e-01,-7.843137254901960675e-02
1.001565778221403602e-03,8.627450980392157298e-01,3.921568627450980338e-02
1.001567778221347038e-03,8.627450980392157298e-01,0.000000000000000000e+00
1.001569778221290475e-03,9.411764705882352811e-01,-7.843137254901960675e-02
1.001571778221233911e-03,8.235294117647058432e-01,1.568627450980392135e-01
1.001573778221177347e-03,9.019607843137255054e-01,-1.568627450980392135e-01
1.001575778221120783e-03,8.627450980392157298e-01,7.843137254901960675e-02
1.001577778221064219e-03,9.411764705882352811e-01,0.000000000000000000e+00
1.001579778221007655e-03,8.235294117647058432e-01,-3.921568627450980338e-02
1.001581778220951091e-03,8.627450980392157298e-01,7.843137254901960675e-02
1.001583778220894528e-03,9.019607843137255054e-01,-3.921568627450980338e-02
1.001585778220837964e-03,9.411764705882352811e-01,3.921568627450980338e-02
1.001587778220781400e-03,8.627450980392157298e-01,0.000000000000000000e+00
1.001589778220724836e-03,9.019607843137255054e-01,-1.568627450980392135e-01
1.001591778220668272e-03,8.627450980392157298e-01,1.176470588235294101e-01
1.001593778220611708e-03,9.411764705882352811e-01,-3.921568627450980338e-02
1.001595778220555144e-03,8.627450980392157298e-01,0.000000000000000000e+00
1.001597778220498581e-03,9.019607843137255054e-01,0.000000000000000000e+00
1.001599778220442017e-03,9.019607843137255054e-01,0.000000000000000000e+00
1.001601778220385453e-03,9.019607843137255054e-01,7.843137254901960675e-02
1.001603778220328889e-03,8.235294117647058432e-01,-7.843137254901960675e-02
1.001605778220272325e-03,8.627450980392157298e-01,3.921568627450980338e-02
1.001607778220215761e-03,8.627450980392157298e-01,3.921568627450980338e-02
1.001609778220159197e-03,9.411764705882352811e-01,-3.921568627450980338e-02
1.001611778220102634e-03,8.627450980392157298e-01,1.176470588235294101e-01
1.001613778220046070e-03,9.019607843137255054e-01,-7.843137254901960675e-02
1.001615778219989506e-03,9.019607843137255054e-01,1.176470588235294101e-01
1.001617778219932942e-03,9.019607843137255054e-01,3.921568627450980338e-02
1.001619778219876378e-03,8.627450980392157298e-01,-3.921568627450980338e-02
1.001621778219819814e-03,8.627450980392157298e-01,7.843137254901960675e-02
1.001623778219763250e-03,9.411764705882352811e-01,-3.921568627450980338e-02
1.001625778219706686e-03,9.411764705882352811e-01,3.921568627450980338e-02
1.001627778219650123e-03,8.627450980392157298e-01,3.921568627450980338e-02
1.001629778219593559e-03,9.019607843137255054e-01,-7.843137254901960675e-02
1.001631778219536995e-03,9.019607843137255054e-01,7.843137254901960675e-02
1.001633778219480431e-03,9.411764705882352811e-01,-7.843137254901960675e-02
1.001635778219423867e-03,8.627450980392157298e-01,0.000000000000000000e+00
1.001637778219367303e-03,8.627450980392157298e-01,3.921568627450980338e-02
1.001639778219310739e-03,9.019607843137255054e-01,0.000000000000000000e+00
1.001641778219254176e-03,9.411764705882352811e-01,7.843137254901960675e-02
1.001643778219197612e-03,8.627450980392157298e-01,-3.921568627450980338e-02
1.001645778219141048e-03,9.411764705882352811e-01,3.921568627450980338e-02
1.001647778219084484e-03,9.019607843137255054e-01,3.921568627450980338e-02
1.001649778219027920e-03,9.411764705882352811e-01,-7.843137254901960675e-02
1.001651778218971356e-03,8.235294117647058432e-01,7.843137254901960675e-02
1.001653778218914792e-03,9.019607843137255054e-01,0.000000000000000000e+00
1.001655778218858229e-03,9.411764705882352811e-01,1.176470588235294101e-01
1.001657778218801665e-03,9.019607843137255054e-01,0.000000000000000000e+00
1.001659778218745101e-03,8.235294117647058432e-01,-3.921568627450980338e-02
1.001661778218688537e-03,8.627450980392157298e-01,7.843137254901960675e-02
1.001663778218631973e-03,9.019607843137255054e-01,-7.843137254901960675e-02
1.001665778218575409e-03,9.411764705882352811e-01,0.000000000000000000e+00
1.001667778218518845e-03,8.627450980392157298e-01,0.000000000000000000e+00
1.001669778218462281e-03,9.019607843137255054e-01,-1.568627450980392135e-01
1.001671778218405718e-03,9.019607843137255054e-01,7.843137254901960675e-02
1.001673778218349154e-03,9.411764705882352811e-01,-7.843137254901960675e-02
1.001675778218292590e-03,8.235294117647058432e-01,0.000000000000000000e+00
1.001677778218236026e-03,9.019607843137255054e-01,0.000000000000000000e+00
1.001679778218179462e-03,9.411764705882352811e-01,0.000000000000000000e+00
1.001681778218122898e-03,9.019607843137255054e-01,7.843137254901960675e-02
1.001683778218066334e-03,8.627450980392157298e-01,-3.921568627450980338e-02
1.001685778218009771e-03,9.019607843137255054e-01,3.921568627450980338e-02
1.001687778217953207e-03,9.019607843137255054e-01,0.000000000000000000e+00
1.001689778217896643e-03,9.411764705882352811e-01,-3.921568627450980338e-02
1.001691778217840079e-03,8.235294117647058432e-01,7.843137254901960675e-02
1.001693778217783515e-03,8.235294117647058432e-01,-7.843137254901960675e-02
1.001695778217726951e-03,9.019607843137255054e-01,1.176470588235294101e-01
1.001697778217670387e-03,9.019607843137255054e-01,3.921568627450980338e-02
1.001699778217613824e-03,8.235294117647058432e-01,-3.921568627450980338e-02
1.001701778217557260e-03,8.627450980392157298e-01,3.921568627450980338e-02
1.001703778217500696e-03,9.019607843137255054e-01,0.000000000000000000e+00
1.001705778217444132e-03,9.411764705882352811e-01,0.000000000000000000e+00
1.001707778217387568e-03,8.627450980392157298e-01,3.921568627450980338e-02
1.001709778217331004e-03,9.019607843137255054e-01,-1.568627450980392135e-01
1.001711778217274440e-03,9.019607843137255054e-01,1.176470588235294101e-01
1.001713778217217877e-03,9.411764705882352811e-01,-7.843137254901960675e-02
1.001715778217161313e-03,8.235294117647058432e-01,0.000000000000000000e+00
1.001717778217104749e-03,8.627450980392157298e-01,3.921568627450980338e-02
1.001719778217048185e-03,9.019607843137255054e-01,0.000000000000000000e+00
1.001721778216991621e-03,9.411764705882352811e-01,0.000000000000000000e+00
1.001723778216935057e-03,8.235294117647058432e-01,-7.843137254901960675e-02
1.001725778216878493e-03,9.019607843137255054e-01,3.921568627450980338e-02
1.001727778216821929e-03,9.019607843137255054e-01,0.000000000000000000e+00
1.001729778216765366e-03,9.411764705882352811e-01,-3.921568627450980338e-02
1.001731778216708802e-03,8.627450980392157298e-01,7.843137254901960675e-02
1.001733778216652238e-03,9.019607843137255054e-01,-1.568627450980392135e-01
1.001735778216595674e-03,8.627450980392157298e-01,7.843137254901960675e-02
1.001737778216539110e-03,9.411764705882352811e-01,0.000000000000000000e+00
1.001739778216482546e-03,8.627450980392157298e-01,-3.921568627450980338e-02
1.001741778216425982e-03,8.627450980392157298e-01,3.921568627450980338e-02
1.001743778216369419e-03,9.019607843137255054e-01,-3.921568627450980338e-02
1.001745778216312855e-03,9.411764705882352811e-01,3.921568627450980338e-02
1.001747778216256291e-03,8.627450980392157298e-01,3.921568627450980338e-02
1.001749778216199727e-03,8.627450980392157298e-01,-1.568627450980392135e-01
1.001751778216143163e-03,8.627450980392157298e-01,1.176470588235294101e-01
1.001753778216086599e-03,9.411764705882352811e-01,-7.843137254901960675e-02
1.001755778216030035e-03,8.627450980392157298e-01,3.921568627450980338e-02
1.001757778215973472e-03,9.019607843137255054e-01,3.921568627450980338e-02
1.001759778215916908e-03,9.019607843137255054e-01,0.000000000000000000e+00
1.001761778215860344e-03,9.019607843137255054e-01,3.921568627450980338e-02
1.001763778215803780e-03,8.627450980392157298e-01,-7.843137254901960675e-02
1.001765778215747216e-03,8.627450980392157298e-01,0.000000000000000000e+00
1.001767778215690652e-03,9.019607843137255054e-01,3.921568627450980338e-02
1.001769778215634088e-03,9.411764705882352811e-01,-7.843137254901960675e-02
1.001771778215577524e-03,8.235294117647058432e-01,7.843137254901960675e-02
1.001773778215520961e-03,9.019607843137255054e-01,-1.568627450980392135e-01
1.001775778215464397e-03,9.019607843137255054e-01,1.176470588235294101e-01
1.001777778215407833e-03,9.411764705882352811e-01,0.000000000000000000e+00
1.001779778215351269e-03,8.627450980392157298e-01,-7.843137254901960675e-02
1.001781778215294705e-03,8.627450980392157298e-01,7.843137254901960675e-02
1.001783778215238141e-03,9.019607843137255054e-01,-1.568627450980392135e-01
1.001785778215181577e-03,9.019607843137255054e-01,3.921568627450980338e-02
1.001787778215125014e-03,8.235294117647058432e-01,3.921568627450980338e-02
1.001789778215068450e-03,9.019607843137255054e-01,-1.568627450980392135e-01
1.001791778215011886e-03,9.019607843137255054e-01,7.843137254901960675e-02
1.001793778214955322e-03,9.411764705882352811e-01,-3.921568627450980338e-02
1.001795778214898758e-03,8.627450980392157298e-01,0.000000000000000000e+00
1.001797778214842194e-03,9.019607843137255054e-01,0.000000000000000000e+00
1.001799778214785630e-03,9.411764705882352811e-01,0.000000000000000000e+00
1.001801778214729067e-03,9.019607843137255054e-01,3.921568627450980338e-02
1.001803778214672503e-03,8.627450980392157298e-01,-3.921568627450980338e-02
1.001805778214615939e-03,8.627450980392157298e-01,0.000000000000000000e+00
1.001807778214559375e-03,8.627450980392157298e-01,3.921568627450980338e-02
1.001809778214502811e-03,9.411764705882352811e-01,-7.843137254901960675e-02
1.001811778214446247e-03,8.235294117647058432e-01,7.843137254901960675e-02
1.001813778214389683e-03,8.627450980392157298e-01,-7.843137254901960675e-02
1.001815778214333119e-03,9.019607843137255054e-01,1.176470588235294101e-01
1.001817778214276556e-03,9.411764705882352811e-01,3.921568627450980338e-02
1.001819778214219992e-03,8.627450980392157298e-01,-7.843137254901960675e-02
1.001821778214163428e-03,8.627450980392157298e-01,7.843137254901960675e-02
1.001823778214106864e-03,9.019607843137255054e-01,-3.921568627450980338e-02
1.001825778214050300e-03,9.411764705882352811e-01,3.921568627450980338e-02
1.001827778213993736e-03,8.235294117647058432e-01,7.843137254901960675e-02
1.001829778213937172e-03,8.627450980392157298e-01,-1.568627450980392135e-01
1.001831778213880609e-03,9.019607843137255054e-01,1.568627450980392135e-01
1.001833778213824045e-03,9.411764705882352811e-01,-7.843137254901960675e-02
1.001835778213767481e-03,8.235294117647058432e-01,0.000000000000000000e+00
1.001837778213710917e-03,9.019607843137255054e-01,3.921568627450980338e-02
1.001839778213654353e-03,9.411764705882352811e-01,0.000000000000000000e+00
1.001841778213597789e-03,9.411764705882352811e-01,3.921568627450980338e-02
1.001843778213541225e-03,8.627450980392157298e-01,-3.921568627450980338e-02
1.001845778213484662e-03,9.019607843137255054e-01,0.000000000000000000e+00
1.001847778213428098e-03,9.019607843137255054e-01,3.921568627450980338e-02
1.001849778213371534e-03,9.411764705882352811e-01,-7.843137254901960675e-02
1.001851778213314970e-03,8.627450980392157298e-01,7.843137254901960675e-02
1.001853778213258406e-03,9.019607843137255054e-01,-7.843137254901960675e-02
1.001855778213201842e-03,8.627450980392157298e-01,1.568627450980392135e-01
1.001857778213145278e-03,9.411764705882352811e-01,0.000000000000000000e+00
1.001859778213088715e-03,8.627450980392157298e-01,-7.843137254901960675e-02
1.001861778213032151e-03,8.627450980392157298e-01,7.843137254901960675e-02
1.001863778212975587e-03,9.019607843137255054e-01,-3.921568627450980338e-02
1.001865778212919023e-03,9.019607843137255054e-01,3.921568627450980338e-02
1.001867778212862459e-03,8.627450980392157298e-01,7.843137254901960675e-02
1.001869778212805895e-03,9.019607843137255054e-01,-1.568627450980392135e-01
1.001871778212749331e-03,8.627450980392157298e-01,7.843137254901960675e-02
1.001873778212692767e-03,9.411764705882352811e-01,-3.921568627450980338e-02
1.001875778212636204e-03,8.235294117647058432e-01,0.000000000000000000e+00
1.001877778212579640e-03,8.627450980392157298e-01,3.921568627450980338e-02
1.001879778212523076e-03,9.019607843137255054e-01,0.000000000000000000e+00
1.001881778212466512e-03,9.019607843137255054e-01,0.000000000000000000e+00
1.001883778212409948e-03,8.235294117647058432e-01,-3.921568627450980338e-02
1.001885778212353384e-03,9.019607843137255054e-01,0.000000000000000000e+00
1.001887778212296820e-03,9.019607843137255054e-01,3.921568627450980338e-02
1.001889778212240257e-03,9.411764705882352811e-01,-7.843137254901960675e-02
1.001891778212183693e-03,8.627450980392157298e-01,7.843137254901960675e-02
1.001893778212127129e-03,8.627450980392157298e-01,-3.921568627450980338e-02
1.001895778212070565e-03,9.019607843137255054e-01,7.843137254901960675e-02
1.001897778212014001e-03,9.019607843137255054e-01,0.000000000000000000e+00
1.001899778211957437e-03,8.627450980392157298e-01,-3.921568627450980338e-02
1.001901778211900873e-03,9.019607843137255054e-01,3.921568627450980338e-02
1.001903778211844310e-03,9.019607843137255054e-01,-7.843137254901960675e-02
1.001905778211787746e-03,9.411764705882352811e-01,3.921568627450980338e-02
1.001907778211731182e-03,8.235294117647058432e-01,3.921568627450980338e-02
1.001909778211674618e-03,9.411764705882352811e-01,-1.568627450980392135e-01
1.001911778211618054e-03,8.627450980392157298e-01,1.176470588235294101e-01
1.001913778211561490e-03,9.411764705882352811e-01,-3.921568627450980338e-02
1.001915778211504926e-03,8.627450980392157298e-01,0.000000000000000000e+00
1.001917778211448362e-03,9.019607843137255054e-01,3.921568627450980338e-02
1.001919778211391799e-03,9.019607843137255054e-01,0.000000000000000000e+00
1.001921778211335235e-03,9.411764705882352811e-01,3.921568627450980338e-02
1.001923778211278671e-03,8.627450980392157298e-01,-7.843137254901960675e-02
1.001925778211222107e-03,9.019607843137255054e-01,0.000000000000000000e+00
1.001927778211165543e-03,8.627450980392157298e-01,3.921568627450980338e-02
1.001929778211108979e-03,9.411764705882352811e-01,-7.843137254901960675e-02
1.001931778211052415e-03,8.235294117647058432e-01,7.843137254901960675e-02
1.001933778210995852e-03,9.019607843137255054e-01,-1.568627450980392135e-01
1.001935778210939288e-03,9.411764705882352811e-01,7.843137254901960675e-02
1.001937778210882724e-03,9.411764705882352811e-01,0.000000000000000000e+00
1.001939778210826160e-03,8.627450980392157298e-01,-7.843137254901960675e-02
1.001941778210769596e-03,9.019607843137255054e-01,7.843137254901960675e-02
1.001943778210713032e-03,9.019607843137255054e-01,-3.921568627450980338e-02
1.001945778210656468e-03,9.411764705882352811e-01,0.000000000000000000e+00
1.001947778210599905e-03,8.627450980392157298e-01,3.921568627450980338e-02
1.001949778210543341e-03,9.019607843137255054e-01,-1.568627450980392135e-01
1.001951778210486777e-03,9.019607843137255054e-01,1.176470588235294101e-01
1.001953778210430213e-03,9.411764705882352811e-01,-3.921568627450980338e-02
1.001955778210373649e-03,8.627450980392157298e-01,0.000000000000000000e+00
1.001957778210317085e-03,8.627450980392157298e-01,3.921568627450980338e-02
1.001959778210260521e-03,9.019607843137255054e-01,0.000000000000000000e+00
1.001961778210203957e-03,9.411764705882352811e-01,7.843137254901960675e-02
1.001963778210147394e-03,8.235294117647058432e-01,-3.921568627450980338e-02
1.001965778210090830e-03,8.627450980392157298e-01,0.000000000000000000e+00
1.001967778210034266e-03,8.627450980392157298e-01,0.000000000000000000e+00
1.001969778209977702e-03,9.411764705882352811e-01,-3.921568627450980338e-02
1.001971778209921138e-03,8.235294117647058432e-01,7.843137254901960675e-02
1.001973778209864574e-03,9.019607843137255054e-01,0.000000000000000000e+00
1.001975778209808010e-03,8.627450980392157298e-01,1.176470588235294101e-01
1.001977778209751447e-03,9.411764705882352811e-01,3.921568627450980338e-02
1.001979778209694883e-03,8.235294117647058432e-01,-3.921568627450980338e-02
1.001981778209638319e-03,9.019607843137255054e-01,7.843137254901960675e-02
1.001983778209581755e-03,9.019607843137255054e-01,-3.921568627450980338e-02
1.001985778209525191e-03,9.411764705882352811e-01,0.000000000000000000e+00
1.001987778209468627e-03,8.627450980392157298e-01,0.000000000000000000e+00
1.001989778209412063e-03,9.019607843137255054e-01,-1.568627450980392135e-01
1.001991778209355500e-03,9.019607843137255054e-01,1.176470588235294101e-01
1.001993778209298936e-03,9.411764705882352811e-01,-3.921568627450980338e-02
1.001995778209242372e-03,8.627450980392157298e-01,0.000000000000000000e+00
1.001997778209185808e-03,8.235294117647058432e-01,0.000000000000000000e+00
1.001999778209129244e-03,9.019607843137255054e-01,0.000000000000000000e+00
1.002001778209072680e-03,9.019607843137255054e-01,3.921568627450980338e-02
1.002003778209016116e-03,8.235294117647058432e-01,-7.843137254901960675e-02
1.002005778208959553e-03,8.627450980392157298e-01,3.921568627450980338e-02
1.002007778208902989e-03,9.019607843137255054e-01,0.000000000000000000e+00
1.002009778208846425e-03,9.411764705882352811e-01,-7.843137254901960675e-02
1.002011778208789861e-03,8.627450980392157298e-01,7.843137254901960675e-02
1.002013778208733297e-03,8.627450980392157298e-01,-7.843137254901960675e-02
1.002015778208676733e-03,9.019607843137255054e-01,7.843137254901960675e-02
1.002017778208620169e-03,9.411764705882352811e-01,0.000000000000000000e+00
1.002019778208563605e-03,8.627450980392157298e-01,-3.921568627450980338e-02
1.002021778208507042e-03,8.627450980392157298e-01,3.921568627450980338e-02
1.002023778208450478e-03,9.411764705882352811e-01,-3.921568627450980338e-02
1.002025778208393914e-03,9.411764705882352811e-01,3.921568627450980338e-02
1.002027778208337350e-03,8.235294117647058432e-01,3.921568627450980338e-02
1.002029778208280786e-03,8.627450980392157298e-01,-1.568627450980392135e-01
1.002031778208224222e-03,9.019607843137255054e-01,7.843137254901960675e-02
1.002033778208167658e-03,9.411764705882352811e-01,-7.843137254901960675e-02
1.002035778208111095e-03,8.627450980392157298e-01,0.000000000000000000e+00
1.002037778208054531e-03,8.627450980392157298e-01,3.921568627450980338e-02
1.002039778207997967e-03,9.019607843137255054e-01,-3.921568627450980338e-02
1.002041778207941403e-03,9.411764705882352811e-01,7.843137254901960675e-02
1.002043778207884839e-03,8.627450980392157298e-01,-3.921568627450980338e-02
1.002045778207828275e-03,9.019607843137255054e-01,0.000000000000000000e+00
1.002047778207771711e-03,9.019607843137255054e-01,3.921568627450980338e-02
1.002049778207715148e-03,9.411764705882352811e-01,-7.843137254901960675e-02
1.002051778207658584e-03,8.235294117647058432e-01,7.843137254901960675e-02
1.002053778207602020e-03,8.627450980392157298e-01,-1.568627450980392135e-01
1.002055778207545456e-03,8.627450980392157298e-01,1.176470588235294101e-01
1.002057778207488892e-03,9.411764705882352811e-01,0.000000000000000000e+00
1.002059778207432328e-03,8.235294117647058432e-01,-7.843137254901960675e-02
1.002061778207375764e-03,9.019607843137255054e-01,7.843137254901960675e-02
1.002063778207319200e-03,9.019607843137255054e-01,-7.843137254901960675e-02
1.002065778207262637e-03,9.411764705882352811e-01,0.000000000000000000e+00
1.002067778207206073e-03,8.627450980392157298e-01,3.921568627450980338e-02
1.002069778207149509e-03,9.019607843137255054e-01,-1.568627450980392135e-01
1.002071778207092945e-03,9.019607843137255054e-01,1.176470588235294101e-01
1.002073778207036381e-03,9.411764705882352811e-01,-7.843137254901960675e-02
1.002075778206979817e-03,8.627450980392157298e-01,0.000000000000000000e+00
1.002077778206923253e-03,8.627450980392157298e-01,3.921568627450980338e-02
1.002079778206866690e-03,9.019607843137255054e-01,0.000000000000000000e+00
1.002081778206810126e-03,9.411764705882352811e-01,0.000000000000000000e+00
1.002083778206753562e-03,8.627450980392157298e-01,-3.921568627450980338e-02
1.002085778206696998e-03,9.019607843137255054e-01,3.921568627450980338e-02
1.002087778206640434e-03,9.019607843137255054e-01,0.000000000000000000e+00
1.002089778206583870e-03,9.411764705882352811e-01,-7.843137254901960675e-02
1.002091778206527306e-03,8.235294117647058432e-01,7.843137254901960675e-02
1.002093778206470743e-03,9.019607843137255054e-01,-7.843137254901960675e-02
1.002095778206414179e-03,9.019607843137255054e-01,1.176470588235294101e-01
1.002097778206357615e-03,9.411764705882352811e-01,3.921568627450980338e-02
1.002099778206301051e-03,8.627450980392157298e-01,-7.843137254901960675e-02
1.002101778206244487e-03,9.019607843137255054e-01,7.843137254901960675e-02
1.002103778206187923e-03,9.019607843137255054e-01,-3.921568627450980338e-02
1.002105778206131359e-03,9.411764705882352811e-01,0.000000000000000000e+00
1.002107778206074796e-03,8.235294117647058432e-01,7.843137254901960675e-02
1.002109778206018232e-03,8.627450980392157298e-01,0.000000000000000000e+00
1.002111778205961668e-03,8.627450980392157298e-01,7.843137254901960675e-02
1.002113778205905104e-03,8.627450980392157298e-01,-7.843137254901960675e-02
1.002115778205848540e-03,8.627450980392157298e-01,0.000000000000000000e+00
1.002117778205791976e-03,8.627450980392157298e-01,3.921568627450980338e-02
1.002119778205735412e-03,9.019607843137255054e-01,0.000000000000000000e+00
1.002121778205678848e-03,9.411764705882352811e-01,3.921568627450980338e-02
1.002123778205622285e-03,8.627450980392157298e-01,-7.843137254901960675e-02
1.002125778205565721e-03,8.627450980392157298e-01,0.000000000000000000e+00
1.002127778205509157e-03,9.019607843137255054e-01,0.000000000000000000e+00
1.002129778205452593e-03,9.019607843137255054e-01,-3.921568627450980338e-02
1.002131778205396029e-03,8.235294117647058432e-01,7.843137254901960675e-02
1.002133778205339465e-03,9.411764705882352811e-01,-7.843137254901960675e-02
1.002135778205282901e-03,9.019607843137255054e-01,1.176470588235294101e-01
1.002137778205226338e-03,9.411764705882352811e-01,0.000000000000000000e+00
1.002139778205169774e-03,9.019607843137255054e-01,-3.921568627450980338e-02
1.002141778205113210e-03,8.627450980392157298e-01,3.921568627450980338e-02
1.002143778205056646e-03,9.019607843137255054e-01,-7.843137254901960675e-02
1.002145778205000082e-03,9.411764705882352811e-01,0.000000000000000000e+00
1.002147778204943518e-03,8.235294117647058432e-01,7.843137254901960675e-02
1.002149778204886954e-03,9.019607843137255054e-01,-7.843137254901960675e-02
1.002151778204830391e-03,9.019607843137255054e-01,1.176470588235294101e-01
1.002153778204773827e-03,9.411764705882352811e-01,-3.921568627450980338e-02
1.002155778204717263e-03,8.627450980392157298e-01,3.921568627450980338e-02
1.002157778204660699e-03,8.627450980392157298e-01,3.921568627450980338e-02
1.002159778204604135e-03,9.019607843137255054e-01,0.000000000000000000e+00
1.002161778204547571e-03,9.411764705882352811e-01,7.843137254901960675e-02
1.002163778204491007e-03,8.627450980392157298e-01,-7.843137254901960675e-02
1.002165778204434443e-03,8.235294117647058432e-01,0.000000000000000000e+00
1.002167778204377880e-03,8.627450980392157298e-01,3.921568627450980338e-02
1.002169778204321316e-03,9.019607843137255054e-01,-3.921568627450980338e-02
1.002171778204264752e-03,8.627450980392157298e-01,7.843137254901960675e-02
1.002173778204208188e-03,9.019607843137255054e-01,-1.568627450980392135e-01
1.002175778204151624e-03,9.019607843137255054e-01,7.843137254901960675e-02
1.002177778204095060e-03,9.411764705882352811e-01,0.000000000000000000e+00
1.002179778204038496e-03,8.627450980392157298e-01,-3.921568627450980338e-02
1.002181778203981933e-03,8.627450980392157298e-01,7.843137254901960675e-02
1.002183778203925369e-03,9.019607843137255054e-01,-7.843137254901960675e-02
1.002185778203868805e-03,9.411764705882352811e-01,0.000000000000000000e+00
1.002187778203812241e-03,8.627450980392157298e-01,0.000000000000000000e+00
1.002189778203755677e-03,9.019607843137255054e-01,-1.568627450980392135e-01
1.002191778203699113e-03,9.019607843137255054e-01,1.176470588235294101e-01
1.002193778203642549e-03,9.411764705882352811e-01,-7.843137254901960675e-02
1.002195778203585986e-03,8.235294117647058432e-01,0.000000000000000000e+00
1.002197778203529422e-03,9.019607843137255054e-01,3.921568627450980338e-02
1.002199778203472858e-03,9.019607843137255054e-01,0.000000000000000000e+00
1.002201778203416294e-03,9.019607843137255054e-01,7.843137254901960675e-02
1.002203778203359730e-03,8.235294117647058432e-01,-7.843137254901960675e-02
1.002205778203303166e-03,9.019607843137255054e-01,7.843137254901960675e-02
1.002207778203246602e-03,9.019607843137255054e-01,0.000000000000000000e+00
1.002209778203190038e-03,9.411764705882352811e-01,-7.843137254901960675e-02
1.002211778203133475e-03,8.627450980392157298e-01,7.843137254901960675e-02
1.002213778203076911e-03,9.019607843137255054e-01,-1.568627450980392135e-01
1.002215778203020347e-03,9.019607843137255054e-01,7.843137254901960675e-02
1.002217778202963783e-03,9.019607843137255054e-01,0.000000000000000000e+00
1.002219778202907219e-03,8.627450980392157298e-01,-7.843137254901960675e-02
1.002221778202850655e-03,9.019607843137255054e-01,7.843137254901960675e-02
1.002223778202794091e-03,9.019607843137255054e-01,-3.921568627450980338e-02
1.002225778202737528e-03,9.411764705882352811e-01,0.000000000000000000e+00
1.002227778202680964e-03,9.019607843137255054e-01,0.000000000000000000e+00
1.002229778202624400e-03,9.019607843137255054e-01,-1.568627450980392135e-01
1.002231778202567836e-03,9.019607843137255054e-01,1.176470588235294101e-01
1.002233778202511272e-03,9.411764705882352811e-01,-3.921568627450980338e-02
1.002235778202454708e-03,8.627450980392157298e-01,0.000000000000000000e+00
1.002237778202398144e-03,8.627450980392157298e-01,0.000000000000000000e+00
1.002239778202341581e-03,9.019607843137255054e-01,0.000000000000000000e+00
1.002241778202285017e-03,9.019607843137255054e-01,7.843137254901960675e-02
1.002243778202228453e-03,8.627450980392157298e-01,-3.921568627450980338e-02
1.002245778202171889e-03,9.019607843137255054e-01,3.921568627450980338e-02
1.002247778202115325e-03,9.019607843137255054e-01,7.843137254901960675e-02
1.002249778202058761e-03,9.411764705882352811e-01,-1.568627450980392135e-01
1.002251778202002197e-03,8.627450980392157298e-01,7.843137254901960675e-02
1.002253778201945634e-03,9.019607843137255054e-01,-1.568627450980392135e-01
1.002255778201889070e-03,8.627450980392157298e-01,7.843137254901960675e-02
1.002257778201832506e-03,9.411764705882352811e-01,3.921568627450980338e-02
1.002259778201775942e-03,8.627450980392157298e-01,-7.843137254901960675e-02
1.002261778201719378e-03,9.019607843137255054e-01,7.843137254901960675e-02
1.002263778201662814e-03,9.019607843137255054e-01,-7.843137254901960675e-02
1.002265778201606250e-03,9.411764705882352811e-01,0.000000000000000000e+00
1.002267778201549686e-03,8.627450980392157298e-01,3.921568627450980338e-02
1.002269778201493123e-03,9.411764705882352811e-01,-7.843137254901960675e-02
1.002271778201436559e-03,9.019607843137255054e-01,1.176470588235294101e-01
1.002273778201379995e-03,9.411764705882352811e-01,-7.843137254901960675e-02
1.002275778201323431e-03,9.019607843137255054e-01,0.000000000000000000e+00
1.002277778201266867e-03,9.019607843137255054e-01,0.000000000000000000e+00
1.002279778201210303e-03,9.411764705882352811e-01,0.000000000000000000e+00
1.002281778201153739e-03,9.411764705882352811e-01,3.921568627450980338e-02
1.002283778201097176e-03,8.627450980392157298e-01,-7.843137254901960675e-02
1.002285778201040612e-03,9.019607843137255054e-01,3.921568627450980338e-02
1.002287778200984048e-03,9.019607843137255054e-01,3.921568627450980338e-02
1.002289778200927484e-03,9.411764705882352811e-01,-3.921568627450980338e-02
1.002291778200870920e-03,8.235294117647058432e-01,7.843137254901960675e-02
1.002293778200814356e-03,8.627450980392157298e-01,-7.843137254901960675e-02
1.002295778200757792e-03,8.627450980392157298e-01,7.843137254901960675e-02
1.002297778200701229e-03,9.019607843137255054e-01,3.921568627450980338e-02
1.002299778200644665e-03,8.235294117647058432e-01,-3.921568627450980338e-02
1.002301778200588101e-03,8.627450980392157298e-01,7.843137254901960675e-02
1.002303778200531537e-03,9.019607843137255054e-01,-3.921568627450980338e-02
1.002305778200474973e-03,9.019607843137255054e-01,0.000000000000000000e+00
1.002307778200418409e-03,8.627450980392157298e-01,3.921568627450980338e-02
1.002309778200361845e-03,8.627450980392157298e-01,-7.843137254901960675e-02
1.002311778200305281e-03,9.019607843137255054e-01,7.843137254901960675e-02
1.002313778200248718e-03,9.411764705882352811e-01,-3.921568627450980338e-02
1.002315778200192154e-03,8.235294117647058432e-01,3.921568627450980338e-02
1.002317778200135590e-03,9.019607843137255054e-01,3.921568627450980338e-02
1.002319778200079026e-03,9.019607843137255054e-01,0.000000000000000000e+00
1.002321778200022462e-03,9.411764705882352811e-01,7.843137254901960675e-02
1.002323778199965898e-03,8.627450980392157298e-01,-3.921568627450980338e-02
1.002325778199909334e-03,8.235294117647058432e-01,0.000000000000000000e+00
1.002327778199852771e-03,9.019607843137255054e-01,0.000000000000000000e+00
1.002329778199796207e-03,9.411764705882352811e-01,-7.843137254901960675e-02
1.002331778199739643e-03,8.235294117647058432e-01,7.843137254901960675e-02
1.002333778199683079e-03,9.019607843137255054e-01,-7.843137254901960675e-02
1.002335778199626515e-03,9.019607843137255054e-01,7.843137254901960675e-02
1.002337778199569951e-03,9.411764705882352811e-01,0.000000000000000000e+00
1.002339778199513387e-03,8.627450980392157298e-01,-3.921568627450980338e-02
1.002341778199456824e-03,8.627450980392157298e-01,7.843137254901960675e-02
1.002343778199400260e-03,9.411764705882352811e-01,-3.921568627450980338e-02
1.002345778199343696e-03,9.411764705882352811e-01,3.921568627450980338e-02
1.002347778199287132e-03,8.235294117647058432e-01,3.921568627450980338e-02
1.002349778199230568e-03,9.411764705882352811e-01,-7.843137254901960675e-02
1.002351778199174004e-03,9.019607843137255054e-01,7.843137254901960675e-02
1.002353778199117440e-03,9.411764705882352811e-01,-3.921568627450980338e-02
1.002355778199060877e-03,8.235294117647058432e-01,0.000000000000000000e+00
1.002357778199004313e-03,9.019607843137255054e-01,3.921568627450980338e-02
1.002359778198947749e-03,8.627450980392157298e-01,0.000000000000000000e+00
1.002361778198891185e-03,9.411764705882352811e-01,3.921568627450980338e-02
1.002363778198834621e-03,9.019607843137255054e-01,-7.843137254901960675e-02
1.002365778198778057e-03,9.019607843137255054e-01,3.921568627450980338e-02
1.002367778198721493e-03,9.019607843137255054e-01,0.000000000000000000e+00
1.002369778198664929e-03,9.411764705882352811e-01,-7.843137254901960675e-02
1.002371778198608366e-03,8.627450980392157298e-01,7.843137254901960675e-02
1.002373778198551802e-03,8.627450980392157298e-01,-1.568627450980392135e-01
1.002375778198495238e-03,9.019607843137255054e-01,1.176470588235294101e-01
1.002377778198438674e-03,9.411764705882352811e-01,0.000000000000000000e+00
1.002379778198382110e-03,8.627450980392157298e-01,-3.921568627450980338e-02
1.002381778198325546e-03,9.019607843137255054e-01,7.843137254901960675e-02
1.002383778198268982e-03,9.019607843137255054e-01,-3.921568627450980338e-02
1.002385778198212419e-03,9.411764705882352811e-01,0.000000000000000000e+00
1.002387778198155855e-03,8.627450980392157298e-01,3.921568627450980338e-02
1.002389778198099291e-03,9.019607843137255054e-01,-1.568627450980392135e-01
1.002391778198042727e-03,9.019607843137255054e-01,7.843137254901960675e-02
1.002393778197986163e-03,9.411764705882352811e-01,-7.843137254901960675e-02
1.002395778197929599e-03,8.235294117647058432e-01,0.000000000000000000e+00
1.002397778197873035e-03,9.019607843137255054e-01,3.921568627450980338e-02
1.002399778197816472e-03,9.019607843137255054e-01,0.000000000000000000e+00
1.002401778197759908e-03,9.411764705882352811e-01,3.921568627450980338e-02
1.002403778197703344e-03,8.627450980392157298e-01,-7.843137254901960675e-02
1.002405778197646780e-03,9.019607843137255054e-01,0.000000000000000000e+00
1.002407778197590216e-03,8.627450980392157298e-01,3.921568627450980338e-02
1.002409778197533652e-03,9.411764705882352811e-01,-7.843137254901960675e-02
1.002411778197477088e-03,8.627450980392157298e-01,1.568627450980392135e-01
1.002413778197420524e-03,9.019607843137255054e-01,-7.843137254901960675e-02
1.002415778197363961e-03,9.019607843137255054e-01,1.176470588235294101e-01
1.002417778197307397e-03,9.411764705882352811e-01,0.000000000000000000e+00
1.002419778197250833e-03,8.627450980392157298e-01,-3.921568627450980338e-02
1.002421778197194269e-03,8.627450980392157298e-01,3.921568627450980338e-02
1.002423778197137705e-03,9.019607843137255054e-01,-7.843137254901960675e-02
1.002425778197081141e-03,9.411764705882352811e-01,-3.921568627450980338e-02
1.002427778197024577e-03,8.627450980392157298e-01,3.921568627450980338e-02
1.002429778196968014e-03,9.019607843137255054e-01,-1.568627450980392135e-01
1.002431778196911450e-03,9.019607843137255054e-01,7.843137254901960675e-02
1.002433778196854886e-03,9.411764705882352811e-01,-3.921568627450980338e-02
1.002435778196798322e-03,8.627450980392157298e-01,0.000000000000000000e+00
1.002437778196741758e-03,8.627450980392157298e-01,3.921568627450980338e-02
1.002439778196685194e-03,9.019607843137255054e-01,0.000000000000000000e+00
1.002441778196628630e-03,9.411764705882352811e-01,7.843137254901960675e-02
1.002443778196572067e-03,8.627450980392157298e-01,-3.921568627450980338e-02
1.002445778196515503e-03,9.019607843137255054e-01,0.000000000000000000e+00
1.002447778196458939e-03,9.019607843137255054e-01,0.000000000000000000e+00
1.002449778196402375e-03,9.411764705882352811e-01,-7.843137254901960675e-02
1.002451778196345811e-03,8.627450980392157298e-01,7.843137254901960675e-02
1.002453778196289247e-03,9.019607843137255054e-01,-7.843137254901960675e-02
1.002455778196232683e-03,9.019607843137255054e-01,7.843137254901960675e-02
1.002457778196176119e-03,9.019607843137255054e-01,0.000000000000000000e+00
1.002459778196119556e-03,8.627450980392157298e-01,-3.921568627450980338e-02
1.002461778196062992e-03,8.627450980392157298e-01,7.843137254901960675e-02
1.002463778196006428e-03,9.019607843137255054e-01,-3.921568627450980338e-02
1.002465778195949864e-03,9.411764705882352811e-01,0.000000000000000000e+00
1.002467778195893300e-03,8.627450980392157298e-01,7.843137254901960675e-02
1.002469778195836736e-03,9.019607843137255054e-01,-1.568627450980392135e-01
1.002471778195780172e-03,8.627450980392157298e-01,1.176470588235294101e-01
1.002473778195723609e-03,9.411764705882352811e-01,-3.921568627450980338e-02
1.002475778195667045e-03,8.235294117647058432e-01,0.000000000000000000e+00
1.002477778195610481e-03,8.627450980392157298e-01,0.000000000000000000e+00
1.002479778195553917e-03,9.019607843137255054e-01,0.000000000000000000e+00
1.002481778195497353e-03,9.411764705882352811e-01,3.921568627450980338e-02
1.002483778195440789e-03,8.627450980392157298e-01,-3.921568627450980338e-02
1.002485778195384225e-03,9.019607843137255054e-01,3.921568627450980338e-02
1.002487778195327662e-03,9.019607843137255054e-01,0.000000000000000000e+00
1.002489778195271098e-03,9.411764705882352811e-01,-7.843137254901960675e-02
1.002491778195214534e-03,8.627450980392157298e-01,7.843137254901960675e-02
1.002493778195157970e-03,9.019607843137255054e-01,-7.843137254901960675e-02
1.002495778195101406e-03,9.019607843137255054e-01,7.843137254901960675e-02
1.002497778195044842e-03,9.411764705882352811e-01,0.000000000000000000e+00
1.002499778194988278e-03,8.627450980392157298e-01,-3.921568627450980338e-02
1.002501778194931715e-03,9.019607843137255054e-01,7.843137254901960675e-02
1.002503778194875151e-03,9.411764705882352811e-01,-3.921568627450980338e-02
1.002505778194818587e-03,9.411764705882352811e-01,0.000000000000000000e+00
1.002507778194762023e-03,8.235294117647058432e-01,3.921568627450980338e-02
1.002509778194705459e-03,9.019607843137255054e-01,-1.568627450980392135e-01
1.002511778194648895e-03,9.019607843137255054e-01,1.176470588235294101e-01
1.002513778194592331e-03,9.411764705882352811e-01,-7.843137254901960675e-02
1.002515778194535767e-03,8.627450980392157298e-01,0.000000000000000000e+00
1.002517778194479204e-03,8.627450980392157298e-01,3.921568627450980338e-02
1.002519778194422640e-03,9.019607843137255054e-01,0.000000000000000000e+00
1.002521778194366076e-03,9.411764705882352811e-01,3.921568627450980338e-02
1.002523778194309512e-03,8.627450980392157298e-01,-3.921568627450980338e-02
1.002525778194252948e-03,9.019607843137255054e-01,0.000000000000000000e+00
1.002527778194196384e-03,9.019607843137255054e-01,3.921568627450980338e-02
1.002529778194139820e-03,9.411764705882352811e-01,-3.921568627450980338e-02
1.002531778194083257e-03,8.627450980392157298e-01,1.176470588235294101e-01
1.002533778194026693e-03,9.019607843137255054e-01,-7.843137254901960675e-02
1.002535778193970129e-03,9.411764705882352811e-01,7.843137254901960675e-02
1.002537778193913565e-03,9.411764705882352811e-01,0.000000000000000000e+00
1.002539778193857001e-03,8.235294117647058432e-01,-3.921568627450980338e-02
1.002541778193800437e-03,8.627450980392157298e-01,7.843137254901960675e-02
1.002543778193743873e-03,9.019607843137255054e-01,-1.568627450980392135e-01
1.002545778193687310e-03,9.411764705882352811e-01,0.000000000000000000e+00
1.002547778193630746e-03,8.235294117647058432e-01,3.921568627450980338e-02
1.002549778193574182e-03,9.411764705882352811e-01,-1.568627450980392135e-01
1.002551778193517618e-03,9.019607843137255054e-01,1.176470588235294101e-01
1.002553778193461054e-03,9.411764705882352811e-01,-3.921568627450980338e-02
1.002555778193404490e-03,8.627450980392157298e-01,3.921568627450980338e-02
1.002557778193347926e-03,8.627450980392157298e-01,7.843137254901960675e-02
1.002559778193291362e-03,9.019607843137255054e-01,0.000000000000000000e+00
1.002561778193234799e-03,9.019607843137255054e-01,3.921568627450980338e-02
1.002563778193178235e-03,8.627450980392157298e-01,-7.843137254901960675e-02
1.002565778193121671e-03,8.627450980392157298e-01,0.000000000000000000e+00
1.002567778193065107e-03,9.019607843137255054e-01,0.000000000000000000e+00
1.002569778193008543e-03,9.411764705882352811e-01,-7.843137254901960675e-02
1.002571778192951979e-03,8.235294117647058432e-01,7.843137254901960675e-02
1.002573778192895415e-03,9.411764705882352811e-01,-1.568627450980392135e-01
1.002575778192838852e-03,9.019607843137255054e-01,7.843137254901960675e-02
1.002577778192782288e-03,9.019607843137255054e-01,3.921568627450980338e-02
1.002579778192725724e-03,8.627450980392157298e-01,-3.921568627450980338e-02
1.002581778192669160e-03,9.019607843137255054e-01,7.843137254901960675e-02
1.002583778192612596e-03,9.411764705882352811e-01,-7.843137254901960675e-02
1.002585778192556032e-03,9.411764705882352811e-01,0.000000000000000000e+00
1.002587778192499468e-03,8.627450980392157298e-01,3.921568627450980338e-02
1.002589778192442905e-03,9.019607843137255054e-01,-7.843137254901960675e-02
1.002591778192386341e-03,9.019607843137255054e-01,1.176470588235294101e-01
1.002593778192329777e-03,9.411764705882352811e-01,-3.921568627450980338e-02
1.002595778192273213e-03,8.235294117647058432e-01,0.000000000000000000e+00
1.002597778192216649e-03,8.627450980392157298e-01,3.921568627450980338e-02
1.002599778192160085e-03,9.411764705882352811e-01,0.000000000000000000e+00
1.002601778192103521e-03,9.411764705882352811e-01,3.921568627450980338e-02
1.002603778192046957e-03,8.627450980392157298e-01,-7.843137254901960675e-02
1.002605778191990394e-03,9.019607843137255054e-01,0.000000000000000000e+00
1.002607778191933830e-03,8.627450980392157298e-01,3.921568627450980338e-02
1.002609778191877266e-03,9.019607843137255054e-01,-7.843137254901960675e-02
1.002611778191820702e-03,8.627450980392157298e-01,7.843137254901960675e-02
1.002613778191764138e-03,8.627450980392157298e-01,-7.843137254901960675e-02
1.002615778191707574e-03,9.019607843137255054e-01,7.843137254901960675e-02
1.002617778191651010e-03,9.411764705882352811e-01,0.000000000000000000e+00
1.002619778191594447e-03,8.627450980392157298e-01,-7.843137254901960675e-02
1.002621778191537883e-03,9.019607843137255054e-01,7.843137254901960675e-02
1.002623778191481319e-03,9.019607843137255054e-01,-3.921568627450980338e-02
1.002625778191424755e-03,9.411764705882352811e-01,3.921568627450980338e-02
1.002627778191368191e-03,8.235294117647058432e-01,3.921568627450980338e-02
1.002629778191311627e-03,9.019607843137255054e-01,-7.843137254901960675e-02
1.002631778191255063e-03,9.019607843137255054e-01,1.176470588235294101e-01
1.002633778191198500e-03,9.411764705882352811e-01,-7.843137254901960675e-02
1.002635778191141936e-03,8.235294117647058432e-01,3.921568627450980338e-02
1.002637778191085372e-03,9.019607843137255054e-01,3.921568627450980338e-02
1.002639778191028808e-03,9.019607843137255054e-01,0.000000000000000000e+00
1.002641778190972244e-03,9.411764705882352811e-01,3.921568627450980338e-02
1.002643778190915680e-03,8.627450980392157298e-01,-3.921568627450980338e-02
1.002645778190859116e-03,8.627450980392157298e-01,0.000000000000000000e+00
1.002647778190802553e-03,9.019607843137255054e-01,0.000000000000000000e+00
1.002649778190745989e-03,9.411764705882352811e-01,-7.843137254901960675e-02
1.002651778190689425e-03,8.627450980392157298e-01,1.176470588235294101e-01
1.002653778190632861e-03,9.019607843137255054e-01,-3.921568627450980338e-02
1.002655778190576297e-03,9.019607843137255054e-01,7.843137254901960675e-02
1.002657778190519733e-03,9.411764705882352811e-01,0.000000000000000000e+00
1.002659778190463169e-03,8.627450980392157298e-01,-7.843137254901960675e-02
1.002661778190406605e-03,8.627450980392157298e-01,7.843137254901960675e-02
1.002663778190350042e-03,9.019607843137255054e-01,-3.921568627450980338e-02
1.002665778190293478e-03,9.411764705882352811e-01,0.000000000000000000e+00
1.002667778190236914e-03,8.627450980392157298e-01,3.921568627450980338e-02
1.002669778190180350e-03,8.627450980392157298e-01,-1.568627450980392135e-01
1.002671778190123786e-03,9.019607843137255054e-01,1.176470588235294101e-01
1.002673778190067222e-03,9.411764705882352811e-01,-7.843137254901960675e-02
1.002675778190010658e-03,8.627450980392157298e-01,0.000000000000000000e+00
1.002677778189954095e-03,9.019607843137255054e-01,3.921568627450980338e-02
1.002679778189897531e-03,9.019607843137255054e-01,0.000000000000000000e+00
1.002681778189840967e-03,8.235294117647058432e-01,3.921568627450980338e-02
1.002683778189784403e-03,8.627450980392157298e-01,-7.843137254901960675e-02
1.002685778189727839e-03,9.019607843137255054e-01,0.000000000000000000e+00
1.002687778189671275e-03,9.019607843137255054e-01,0.000000000000000000e+00
1.002689778189614711e-03,9.411764705882352811e-01,-7.843137254901960675e-02
1.002691778189558148e-03,8.627450980392157298e-01,7.843137254901960675e-02
1.002693778189501584e-03,9.019607843137255054e-01,-1.568627450980392135e-01
1.002695778189445020e-03,9.019607843137255054e-01,7.843137254901960675e-02
1.002697778189388456e-03,9.411764705882352811e-01,3.921568627450980338e-02
1.002699778189331892e-03,8.627450980392157298e-01,-7.843137254901960675e-02
1.002701778189275328e-03,9.019607843137255054e-01,7.843137254901960675e-02
1.002703778189218764e-03,9.019607843137255054e-01,0.000000000000000000e+00
1.002705778189162200e-03,9.411764705882352811e-01,0.000000000000000000e+00
1.002707778189105637e-03,8.627450980392157298e-01,3.921568627450980338e-02
1.002709778189049073e-03,9.019607843137255054e-01,-1.568627450980392135e-01
1.002711778188992509e-03,9.411764705882352811e-01,1.176470588235294101e-01
1.002713778188935945e-03,9.411764705882352811e-01,-7.843137254901960675e-02
1.002715778188879381e-03,8.627450980392157298e-01,0.000000000000000000e+00
1.002717778188822817e-03,8.627450980392157298e-01,7.843137254901960675e-02
1.002719778188766253e-03,9.019607843137255054e-01,0.000000000000000000e+00
1.002721778188709690e-03,9.411764705882352811e-01,7.843137254901960675e-02
1.002723778188653126e-03,8.627450980392157298e-01,-7.843137254901960675e-02
1.002725778188596562e-03,9.019607843137255054e-01,0.000000000000000000e+00
1.002727778188539998e-03,8.627450980392157298e-01,3.921568627450980338e-02
1.002729778188483434e-03,9.411764705882352811e-01,-7.843137254901960675e-02
1.002731778188426870e-03,8.627450980392157298e-01,7.843137254901960675e-02
1.002733778188370306e-03,9.019607843137255054e-01,-7.843137254901960675e-02
1.002735778188313743e-03,8.627450980392157298e-01,7.843137254901960675e-02
1.002737778188257179e-03,9.411764705882352811e-01,3.921568627450980338e-02
1.002739778188200615e-03,8.627450980392157298e-01,-7.843137254901960675e-02
1.002741778188144051e-03,8.627450980392157298e-01,7.843137254901960675e-02
1.002743778188087487e-03,9.019607843137255054e-01,-3.921568627450980338e-02
1.002745778188030923e-03,9.411764705882352811e-01,0.000000000000000000e+00
1.002747778187974359e-03,8.235294117647058432e-01,7.843137254901960675e-02
1.002749778187917796e-03,8.627450980392157298e-01,-7.843137254901960675e-02
1.002751778187861232e-03,9.019607843137255054e-01,1.176470588235294101e-01
1.002753778187804668e-03,9.411764705882352811e-01,-3.921568627450980338e-02
1.002755778187748104e-03,8.627450980392157298e-01,0.000000000000000000e+00
1.002757778187691540e-03,9.019607843137255054e-01,0.000000000000000000e+00
1.002759778187634976e-03,9.019607843137255054e-01,0.000000000000000000e+00
1.002761778187578412e-03,9.411764705882352811e-01,3.921568627450980338e-02
1.002763778187521848e-03,8.627450980392157298e-01,-3.921568627450980338e-02
1.002765778187465285e-03,8.627450980392157298e-01,3.921568627450980338e-02
1.002767778187408721e-03,9.019607843137255054e-01,3.921568627450980338e-02
1.002769778187352157e-03,9.411764705882352811e-01,-3.921568627450980338e-02
1.002771778187295593e-03,8.235294117647058432e-01,7.843137254901960675e-02
1.002773778187239029e-03,9.019607843137255054e-01,-7.843137254901960675e-02
1.002775778187182465e-03,9.019607843137255054e-01,7.843137254901960675e-02
1.002777778187125901e-03,9.411764705882352811e-01,3.921568627450980338e-02
1.002779778187069338e-03,8.627450980392157298e-01,-7.843137254901960675e-02
1.002781778187012774e-03,8.627450980392157298e-01,7.843137254901960675e-02
1.002783778186956210e-03,9.019607843137255054e-01,-1.568627450980392135e-01
1.002785778186899646e-03,9.411764705882352811e-01,0.000000000000000000e+00
1.002787778186843082e-03,8.235294117647058432e-01,3.921568627450980338e-02
1.002789778186786518e-03,9.019607843137255054e-01,-1.568627450980392135e-01
1.002791778186729954e-03,9.019607843137255054e-01,1.176470588235294101e-01
1.002793778186673391e-03,9.411764705882352811e-01,-3.921568627450980338e-02
1.002795778186616827e-03,8.627450980392157298e-01,0.000000000000000000e+00
1.002797778186560263e-03,8.627450980392157298e-01,3.921568627450980338e-02
1.002799778186503699e-03,9.019607843137255054e-01,0.000000000000000000e+00
1.002801778186447135e-03,9.019607843137255054e-01,3.921568627450980338e-02
1.002803778186390571e-03,8.627450980392157298e-01,-7.843137254901960675e-02
1.002805778186334007e-03,9.019607843137255054e-01,0.000000000000000000e+00
1.002807778186277443e-03,9.019607843137255054e-01,3.921568627450980338e-02
1.002809778186220880e-03,9.411764705882352811e-01,-3.921568627450980338e-02
1.002811778186164316e-03,9.019607843137255054e-01,7.843137254901960675e-02
1.002813778186107752e-03,9.019607843137255054e-01,-7.843137254901960675e-02
1.002815778186051188e-03,9.411764705882352811e-01,7.843137254901960675e-02
1.002817778185994624e-03,9.411764705882352811e-01,0.000000000000000000e+00
1.002819778185938060e-03,9.019607843137255054e-01,-3.921568627450980338e-02
1.002821778185881496e-03,9.411764705882352811e-01,7.843137254901960675e-02
1.002823778185824933e-03,9.019607843137255054e-01,-3.921568627450980338e-02
1.002825778185768369e-03,9.411764705882352811e-01,0.000000000000000000e+00
1.002827778185711805e-03,8.627450980392157298e-01,3.921568627450980338e-02
1.002829778185655241e-03,9.019607843137255054e-01,-1.568627450980392135e-01
1.002831778185598677e-03,8.627450980392157298e-01,1.176470588235294101e-01
1.002833778185542113e-03,9.411764705882352811e-01,-7.843137254901960675e-02
1.002835778185485549e-03,8.627450980392157298e-01,0.000000000000000000e+00
1.002837778185428986e-03,8.627450980392157298e-01,3.921568627450980338e-02
1.002839778185372422e-03,9.411764705882352811e-01,0.000000000000000000e+00
1.002841778185315858e-03,9.411764705882352811e-01,3.921568627450980338e-02
1.002843778185259294e-03,8.627450980392157298e-01,-3.921568627450980338e-02
1.002845778185202730e-03,9.019607843137255054e-01,0.000000000000000000e+00
1.002847778185146166e-03,8.627450980392157298e-01,7.843137254901960675e-02
1.002849778185089602e-03,9.411764705882352811e-01,-7.843137254901960675e-02
1.002851778185033038e-03,8.235294117647058432e-01,7.843137254901960675e-02
1.002853778184976475e-03,8.627450980392157298e-01,-1.568627450980392135e-01
1.002855778184919911e-03,9.019607843137255054e-01,1.176470588235294101e-01
1.002857778184863347e-03,9.019607843137255054e-01,0.000000000000000000e+00
1.002859778184806783e-03,8.235294117647058432e-01,-3.921568627450980338e-02
1.002861778184750219e-03,8.235294117647058432e-01,7.843137254901960675e-02
1.002863778184693655e-03,9.019607843137255054e-01,-3.921568627450980338e-02
1.002865778184637091e-03,9.411764705882352811e-01,0.000000000000000000e+00
1.002867778184580528e-03,8.627450980392157298e-01,3.921568627450980338e-02
1.002869778184523964e-03,8.627450980392157298e-01,-1.568627450980392135e-01
1.002871778184467400e-03,9.019607843137255054e-01,7.843137254901960675e-02
1.002873778184410836e-03,9.411764705882352811e-01,-3.921568627450980338e-02
1.002875778184354272e-03,8.235294117647058432e-01,0.000000000000000000e+00
1.002877778184297708e-03,9.411764705882352811e-01,3.921568627450980338e-02
1.002879778184241144e-03,9.019607843137255054e-01,0.000000000000000000e+00
1.002881778184184581e-03,9.411764705882352811e-01,3.921568627450980338e-02
1.002883778184128017e-03,8.627450980392157298e-01,-3.921568627450980338e-02
1.002885778184071453e-03,8.235294117647058432e-01,0.000000000000000000e+00
1.002887778184014889e-03,8.627450980392157298e-01,0.000000000000000000e+00
1.002889778183958325e-03,9.411764705882352811e-01,-7.843137254901960675e-02
1.002891778183901761e-03,8.627450980392157298e-01,7.843137254901960675e-02
1.002893778183845197e-03,9.019607843137255054e-01,-7.843137254901960675e-02
1.002895778183788634e-03,9.411764705882352811e-01,7.843137254901960675e-02
1.002897778183732070e-03,9.411764705882352811e-01,3.921568627450980338e-02
1.002899778183675506e-03,8.627450980392157298e-01,-3.921568627450980338e-02
1.002901778183618942e-03,9.019607843137255054e-01,7.843137254901960675e-02
1.002903778183562378e-03,9.019607843137255054e-01,-3.921568627450980338e-02
1.002905778183505814e-03,9.411764705882352811e-01,0.000000000000000000e+00
1.002907778183449250e-03,8.627450980392157298e-01,7.843137254901960675e-02
1.002909778183392686e-03,9.019607843137255054e-01,-1.568627450980392135e-01
1.002911778183336123e-03,9.019607843137255054e-01,7.843137254901960675e-02
1.002913778183279559e-03,9.411764705882352811e-01,-3.921568627450980338e-02
1.002915778183222995e-03,8.627450980392157298e-01,0.000000000000000000e+00
1.002917778183166431e-03,9.019607843137255054e-01,3.921568627450980338e-02
1.002919778183109867e-03,9.019607843137255054e-01,0.000000000000000000e+00
1.002921778183053303e-03,9.411764705882352811e-01,0.000000000000000000e+00
1.002923778182996739e-03,8.235294117647058432e-01,-3.921568627450980338e-02
1.002925778182940176e-03,9.019607843137255054e-01,0.000000000000000000e+00
1.002927778182883612e-03,9.411764705882352811e-01,3.921568627450980338e-02
1.002929778182827048e-03,9.411764705882352811e-01,-7.843137254901960675e-02
1.002931778182770484e-03,8.235294117647058432e-01,7.843137254901960675e-02
1.002933778182713920e-03,8.627450980392157298e-01,-3.921568627450980338e-02
1.002935778182657356e-03,9.019607843137255054e-01,7.843137254901960675e-02
1.002937778182600792e-03,9.411764705882352811e-01,0.000000000000000000e+00
1.002939778182544229e-03,8.627450980392157298e-01,-3.921568627450980338e-02
1.002941778182487665e-03,8.627450980392157298e-01,3.921568627450980338e-02
1.002943778182431101e-03,9.019607843137255054e-01,-7.843137254901960675e-02
1.002945778182374537e-03,9.411764705882352811e-01,0.000000000000000000e+00
1.002947778182317973e-03,8.627450980392157298e-01,3.921568627450980338e-02
1.002949778182261409e-03,9.019607843137255054e-01,-1.568627450980392135e-01
1.002951778182204845e-03,9.019607843137255054e-01,1.176470588235294101e-01
1.002953778182148281e-03,9.411764705882352811e-01,-3.921568627450980338e-02
1.002955778182091718e-03,8.627450980392157298e-01,0.000000000000000000e+00
1.002957778182035154e-03,8.627450980392157298e-01,3.921568627450980338e-02
1.002959778181978590e-03,8.627450980392157298e-01,0.000000000000000000e+00
1.002961778181922026e-03,9.411764705882352811e-01,7.843137254901960675e-02
1.002963778181865462e-03,8.235294117647058432e-01,0.000000000000000000e+00
1.002965778181808898e-03,9.019607843137255054e-01,3.921568627450980338e-02
1.002967778181752334e-03,9.411764705882352811e-01,3.921568627450980338e-02
1.002969778181695771e-03,9.411764705882352811e-01,-7.843137254901960675e-02
1.002971778181639207e-03,8.235294117647058432e-01,7.843137254901960675e-02
1.002973778181582643e-03,8.627450980392157298e-01,0.000000000000000000e+00
1.002975778181526079e-03,9.019607843137255054e-01,7.843137254901960675e-02
1.002977778181469515e-03,9.411764705882352811e-01,0.000000000000000000e+00
1.002979778181412951e-03,8.627450980392157298e-01,-3.921568627450980338e-02
1.002981778181356387e-03,9.019607843137255054e-01,3.921568627450980338e-02
1.002983778181299824e-03,9.019607843137255054e-01,-3.921568627450980338e-02
1.002985778181243260e-03,9.411764705882352811e-01,3.921568627450980338e-02
1.002987778181186696e-03,8.627450980392157298e-01,3.921568627450980338e-02
1.002989778181130132e-03,8.627450980392157298e-01,-1.568627450980392135e-01
1.002991778181073568e-03,9.019607843137255054e-01,1.176470588235294101e-01
1.002993778181017004e-03,9.411764705882352811e-01,-3.921568627450980338e-02
1.002995778180960440e-03,8.627450980392157298e-01,0.000000000000000000e+00
1.002997778180903877e-03,8.627450980392157298e-01,3.921568627450980338e-02
1.002999778180847313e-03,9.019607843137255054e-01,-3.921568627450980338e-02
1.003001778180790749e-03,9.411764705882352811e-01,7.843137254901960675e-02
1.003003778180734185e-03,8.627450980392157298e-01,-7.843137254901960675e-02
1.003005778180677621e-03,9.019607843137255054e-01,7.843137254901960675e-02
1.003007778180621057e-03,9.019607843137255054e-01,3.921568627450980338e-02
1.003009778180564493e-03,9.019607843137255054e-01,-3.921568627450980338e-02
1.003011778180507929e-03,8.235294117647058432e-01,1.568627450980392135e-01
1.003013778180451366e-03,9.019607843137255054e-01,0.000000000000000000e+00
1.003015778180394802e-03,8.627450980392157298e-01,7.843137254901960675e-02
1.003017778180338238e-03,9.019607843137255054e-01,3.921568627450980338e-02
1.003019778180281674e-03,8.627450980392157298e-01,-3.921568627450980338e-02
1.003021778180225110e-03,9.019607843137255054e-01,7.843137254901960675e-02
1.003023778180168546e-03,9.019607843137255054e-01,-7.843137254901960675e-02
1.003025778180111982e-03,9.411764705882352811e-01,3.921568627450980338e-02
1.003027778180055419e-03,8.627450980392157298e-01,3.921568627450980338e-02
1.003029778179998855e-03,9.019607843137255054e-01,-1.568627450980392135e-01
1.003031778179942291e-03,8.627450980392157298e-01,1.176470588235294101e-01
1.003033778179885727e-03,9.411764705882352811e-01,-3.921568627450980338e-02
1.003035778179829163e-03,8.627450980392157298e-01,0.000000000000000000e+00
1.003037778179772599e-03,8.627450980392157298e-01,3.921568627450980338e-02
1.003039778179716035e-03,9.019607843137255054e-01,0.000000000000000000e+00
1.003041778179659472e-03,9.411764705882352811e-01,7.843137254901960675e-02
1.003043778179602908e-03,8.627450980392157298e-01,-3.921568627450980338e-02
1.003045778179546344e-03,9.019607843137255054e-01,3.921568627450980338e-02
1.003047778179489780e-03,9.019607843137255054e-01,3.921568627450980338e-02
1.003049778179433216e-03,9.411764705882352811e-01,-7.843137254901960675e-02
1.003051778179376652e-03,8.235294117647058432e-01,7.843137254901960675e-02
1.003053778179320088e-03,9.019607843137255054e-01,0.000000000000000000e+00
1.003055778179263524e-03,8.627450980392157298e-01,7.843137254901960675e-02
1.003057778179206961e-03,9.411764705882352811e-01,0.000000000000000000e+00
1.003059778179150397e-03,8.627450980392157298e-01,-7.843137254901960675e-02
1.003061778179093833e-03,9.019607843137255054e-01,3.921568627450980338e-02
1.003063778179037269e-03,9.411764705882352811e-01,-3.921568627450980338e-02
1.003065778178980705e-03,9.411764705882352811e-01,0.000000000000000000e+00
1.003067778178924141e-03,8.627450980392157298e-01,7.843137254901960675e-02
1.003069778178867577e-03,8.235294117647058432e-01,-1.568627450980392135e-01
1.003071778178811014e-03,8.627450980392157298e-01,1.176470588235294101e-01
1.003073778178754450e-03,9.411764705882352811e-01,-3.921568627450980338e-02
1.003075778178697886e-03,8.235294117647058432e-01,0.000000000000000000e+00
1.003077778178641322e-03,8.627450980392157298e-01,3.921568627450980338e-02
1.003079778178584758e-03,9.019607843137255054e-01,0.000000000000000000e+00
1.003081778178528194e-03,9.019607843137255054e-01,7.843137254901960675e-02
1.003083778178471630e-03,8.627450980392157298e-01,0.000000000000000000e+00
1.003085778178415067e-03,8.235294117647058432e-01,3.921568627450980338e-02
1.003087778178358503e-03,9.019607843137255054e-01,3.921568627450980338e-02
1.003089778178301939e-03,9.411764705882352811e-01,-3.921568627450980338e-02
1.003091778178245375e-03,8.235294117647058432e-01,7.843137254901960675e-02
1.003093778178188811e-03,9.019607843137255054e-01,-7.843137254901960675e-02
1.003095778178132247e-03,9.411764705882352811e-01,1.176470588235294101e-01
1.003097778178075683e-03,9.411764705882352811e-01,0.000000000000000000e+00
1.003099778178019119e-03,8.627450980392157298e-01,-3.921568627450980338e-02
1.003101778177962556e-03,8.627450980392157298e-01,7.843137254901960675e-02
1.003103778177905992e-03,9.019607843137255054e-01,-3.921568627450980338e-02
1.003105778177849428e-03,9.411764705882352811e-01,0.000000000000000000e+00
1.003107778177792864e-03,8.627450980392157298e-01,3.921568627450980338e-02
1.003109778177736300e-03,9.019607843137255054e-01,-1.568627450980392135e-01
1.003111778177679736e-03,9.019607843137255054e-01,7.843137254901960675e-02
1.003113778177623172e-03,9.411764705882352811e-01,-3.921568627450980338e-02
1.003115778177566609e-03,8.235294117647058432e-01,0.000000000000000000e+00
1.003117778177510045e-03,9.019607843137255054e-01,3.921568627450980338e-02
1.003119778177453481e-03,9.411764705882352811e-01,-3.921568627450980338e-02
1.003121778177396917e-03,9.411764705882352811e-01,7.843137254901960675e-02
1.003123778177340353e-03,8.627450980392157298e-01,-3.921568627450980338e-02
1.003125778177283789e-03,9.019607843137255054e-01,3.921568627450980338e-02
1.003127778177227225e-03,9.019607843137255054e-01,3.921568627450980338e-02
1.003129778177170662e-03,9.411764705882352811e-01,-7.843137254901960675e-02
1.003131778177114098e-03,8.235294117647058432e-01,7.843137254901960675e-02
1.003133778177057534e-03,9.019607843137255054e-01,-1.568627450980392135e-01
1.003135778177000970e-03,9.019607843137255054e-01,7.843137254901960675e-02
1.003137778176944406e-03,9.019607843137255054e-01,0.000000000000000000e+00
1.003139778176887842e-03,8.235294117647058432e-01,-3.921568627450980338e-02
1.003141778176831278e-03,9.019607843137255054e-01,7.843137254901960675e-02
1.003143778176774715e-03,9.411764705882352811e-01,-3.921568627450980338e-02
1.003145778176718151e-03,9.411764705882352811e-01,0.000000000000000000e+00
1.003147778176661587e-03,8.627450980392157298e-01,3.921568627450980338e-02
1.003149778176605023e-03,8.627450980392157298e-01,-1.568627450980392135e-01
1.003151778176548459e-03,8.627450980392157298e-01,7.843137254901960675e-02
1.003153778176491895e-03,9.411764705882352811e-01,-3.921568627450980338e-02
1.003155778176435331e-03,8.235294117647058432e-01,0.000000000000000000e+00
1.003157778176378767e-03,8.627450980392157298e-01,3.921568627450980338e-02
1.003159778176322204e-03,9.019607843137255054e-01,0.000000000000000000e+00
1.003161778176265640e-03,9.411764705882352811e-01,3.921568627450980338e-02
1.003163778176209076e-03,8.235294117647058432e-01,-3.921568627450980338e-02
1.003165778176152512e-03,8.627450980392157298e-01,3.921568627450980338e-02
1.003167778176095948e-03,8.627450980392157298e-01,0.000000000000000000e+00
1.003169778176039384e-03,9.803921568627450567e-01,-7.843137254901960675e-02
1.003171778175982820e-03,8.235294117647058432e-01,7.843137254901960675e-02
1.003173778175926257e-03,8.627450980392157298e-01,-7.843137254901960675e-02
1.003175778175869693e-03,9.019607843137255054e-01,7.843137254901960675e-02
1.003177778175813129e-03,9.411764705882352811e-01,3.921568627450980338e-02
1.003179778175756565e-03,8.627450980392157298e-01,-3.921568627450980338e-02
1.003181778175700001e-03,8.627450980392157298e-01,7.843137254901960675e-02
1.003183778175643437e-03,9.411764705882352811e-01,-3.921568627450980338e-02
1.003185778175586873e-03,9.411764705882352811e-01,0.000000000000000000e+00
1.003187778175530310e-03,8.627450980392157298e-01,3.921568627450980338e-02
1.003189778175473746e-03,9.019607843137255054e-01,-1.568627450980392135e-01
1.003191778175417182e-03,9.019607843137255054e-01,7.843137254901960675e-02
1.003193778175360618e-03,9.411764705882352811e-01,-3.921568627450980338e-02
1.003195778175304054e-03,8.235294117647058432e-01,0.000000000000000000e+00
1.003197778175247490e-03,8.627450980392157298e-01,3.921568627450980338e-02
1.003199778175190926e-03,9.019607843137255054e-01,-3.921568627450980338e-02
1.003201778175134362e-03,9.411764705882352811e-01,7.843137254901960675e-02
1.003203778175077799e-03,8.235294117647058432e-01,-3.921568627450980338e-02
1.003205778175021235e-03,9.019607843137255054e-01,0.000000000000000000e+00
1.003207778174964671e-03,9.019607843137255054e-01,0.000000000000000000e+00
1.003209778174908107e-03,9.411764705882352811e-01,-7.843137254901960675e-02
1.003211778174851543e-03,8.235294117647058432e-01,7.843137254901960675e-02
1.003213778174794979e-03,9.019607843137255054e-01,-7.843137254901960675e-02
1.003215778174738415e-03,9.019607843137255054e-01,7.843137254901960675e-02
1.003217778174681852e-03,9.411764705882352811e-01,0.000000000000000000e+00
1.003219778174625288e-03,8.235294117647058432e-01,-7.843137254901960675e-02
1.003221778174568724e-03,8.627450980392157298e-01,7.843137254901960675e-02
1.003223778174512160e-03,9.019607843137255054e-01,-1.568627450980392135e-01
1.003225778174455596e-03,9.411764705882352811e-01,0.000000000000000000e+00
1.003227778174399032e-03,8.627450980392157298e-01,7.843137254901960675e-02
1.003229778174342468e-03,9.019607843137255054e-01,-1.568627450980392135e-01
1.003231778174285905e-03,9.019607843137255054e-01,7.843137254901960675e-02
1.003233778174229341e-03,9.411764705882352811e-01,0.000000000000000000e+00
1.003235778174172777e-03,8.627450980392157298e-01,0.000000000000000000e+00
1.003237778174116213e-03,9.019607843137255054e-01,0.000000000000000000e+00
1.003239778174059649e-03,9.019607843137255054e-01,0.000000000000000000e+00
1.003241778174003085e-03,9.019607843137255054e-01,3.921568627450980338e-02
1.003243778173946521e-03,8.627450980392157298e-01,-3.921568627450980338e-02
1.003245778173889957e-03,8.235294117647058432e-01,3.921568627450980338e-02
1.003247778173833394e-03,8.627450980392157298e-01,0.000000000000000000e+00
1.003249778173776830e-03,9.411764705882352811e-01,-7.843137254901960675e-02
1.003251778173720266e-03,8.627450980392157298e-01,7.843137254901960675e-02
1.003253778173663702e-03,9.019607843137255054e-01,-1.568627450980392135e-01
1.003255778173607138e-03,9.019607843137255054e-01,3.921568627450980338e-02
1.003257778173550574e-03,9.411764705882352811e-01,3.921568627450980338e-02
1.003259778173494010e-03,8.627450980392157298e-01,-7.843137254901960675e-02
1.003261778173437447e-03,8.627450980392157298e-01,7.843137254901960675e-02
1.003263778173380883e-03,9.019607843137255054e-01,-3.921568627450980338e-02
1.003265778173324319e-03,9.411764705882352811e-01,3.921568627450980338e-02
1.003267778173267755e-03,8.235294117647058432e-01,3.921568627450980338e-02
1.003269778173211191e-03,8.627450980392157298e-01,-1.568627450980392135e-01
1.003271778173154627e-03,9.019607843137255054e-01,1.176470588235294101e-01
1.003273778173098063e-03,9.411764705882352811e-01,-3.921568627450980338e-02
1.003275778173041500e-03,8.235294117647058432e-01,0.000000000000000000e+00
1.003277778172984936e-03,8.627450980392157298e-01,7.843137254901960675e-02
1.003279778172928372e-03,9.019607843137255054e-01,0.000000000000000000e+00
1.003281778172871808e-03,9.019607843137255054e-01,3.921568627450980338e-02
1.003283778172815244e-03,8.235294117647058432e-01,-3.921568627450980338e-02
1.003285778172758680e-03,9.019607843137255054e-01,0.000000000000000000e+00
1.003287778172702116e-03,9.019607843137255054e-01,3.921568627450980338e-02
1.003289778172645553e-03,9.411764705882352811e-01,-7.843137254901960675e-02
1.003291778172588989e-03,8.627450980392157298e-01,7.843137254901960675e-02
1.003293778172532425e-03,9.019607843137255054e-01,-3.921568627450980338e-02
1.003295778172475861e-03,9.019607843137255054e-01,7.843137254901960675e-02
1.003297778172419297e-03,9.411764705882352811e-01,0.000000000000000000e+00
1.003299778172362733e-03,8.627450980392157298e-01,-3.921568627450980338e-02
1.003301778172306169e-03,9.019607843137255054e-01,7.843137254901960675e-02
1.003303778172249605e-03,9.411764705882352811e-01,-3.921568627450980338e-02
1.003305778172193042e-03,9.411764705882352811e-01,0.000000000000000000e+00
1.003307778172136478e-03,8.627450980392157298e-01,3.921568627450980338e-02
1.003309778172079914e-03,9.411764705882352811e-01,-1.568627450980392135e-01
1.003311778172023350e-03,9.019607843137255054e-01,1.176470588235294101e-01
1.003313778171966786e-03,9.411764705882352811e-01,-3.921568627450980338e-02
1.003315778171910222e-03,8.627450980392157298e-01,0.000000000000000000e+00
1.003317778171853658e-03,8.235294117647058432e-01,3.921568627450980338e-02
1.003319778171797095e-03,9.019607843137255054e-01,0.000000000000000000e+00
1.003321778171740531e-03,9.411764705882352811e-01,3.921568627450980338e-02
1.003323778171683967e-03,9.019607843137255054e-01,-3.921568627450980338e-02
1.003325778171627403e-03,8.627450980392157298e-01,0.000000000000000000e+00
1.003327778171570839e-03,9.411764705882352811e-01,0.000000000000000000e+00
1.003329778171514275e-03,9.411764705882352811e-01,-7.843137254901960675e-02
1.003331778171457711e-03,8.627450980392157298e-01,7.843137254901960675e-02
1.003333778171401148e-03,8.627450980392157298e-01,-1.568627450980392135e-01
1.003335778171344584e-03,9.019607843137255054e-01,3.921568627450980338e-02
1.003337778171288020e-03,9.411764705882352811e-01,3.921568627450980338e-02
1.003339778171231456e-03,8.235294117647058432e-01,-3.921568627450980338e-02
1.003341778171174892e-03,9.019607843137255054e-01,7.843137254901960675e-02
1.003343778171118328e-03,9.411764705882352811e-01,-7.843137254901960675e-02
1.003345778171061764e-03,9.019607843137255054e-01,0.000000000000000000e+00
1.003347778171005200e-03,8.627450980392157298e-01,3.921568627450980338e-02
1.003349778170948637e-03,8.627450980392157298e-01,-1.568627450980392135e-01
1.003351778170892073e-03,9.019607843137255054e-01,7.843137254901960675e-02
1.003353778170835509e-03,9.411764705882352811e-01,-3.921568627450980338e-02
1.003355778170778945e-03,8.627450980392157298e-01,0.000000000000000000e+00
1.003357778170722381e-03,8.235294117647058432e-01,3.921568627450980338e-02
1.003359778170665817e-03,8.627450980392157298e-01,-3.921568627450980338e-02
1.003361778170609253e-03,9.411764705882352811e-01,3.921568627450980338e-02
1.003363778170552690e-03,8.235294117647058432e-01,0.000000000000000000e+00
1.003365778170496126e-03,8.627450980392157298e-01,0.000000000000000000e+00
1.003367778170439562e-03,9.019607843137255054e-01,3.921568627450980338e-02
1.003369778170382998e-03,9.411764705882352811e-01,-7.843137254901960675e-02
1.003371778170326434e-03,8.235294117647058432e-01,7.843137254901960675e-02
1.003373778170269870e-03,8.627450980392157298e-01,-7.843137254901960675e-02
1.003375778170213306e-03,9.019607843137255054e-01,1.176470588235294101e-01
1.003377778170156743e-03,9.411764705882352811e-01,3.921568627450980338e-02
1.003379778170100179e-03,8.235294117647058432e-01,-3.921568627450980338e-02
1.003381778170043615e-03,9.019607843137255054e-01,7.843137254901960675e-02
1.003383778169987051e-03,9.019607843137255054e-01,-3.921568627450980338e-02
1.003385778169930487e-03,9.411764705882352811e-01,0.000000000000000000e+00
1.003387778169873923e-03,8.627450980392157298e-01,3.921568627450980338e-02
1.003389778169817359e-03,9.019607843137255054e-01,-7.843137254901960675e-02
1.003391778169760796e-03,8.627450980392157298e-01,7.843137254901960675e-02
1.003393778169704232e-03,9.411764705882352811e-01,-3.921568627450980338e-02
1.003395778169647668e-03,8.235294117647058432e-01,0.000000000000000000e+00
1.003397778169591104e-03,9.019607843137255054e-01,3.921568627450980338e-02
1.003399778169534540e-03,9.019607843137255054e-01,-3.921568627450980338e-02
1.003401778169477976e-03,9.411764705882352811e-01,7.843137254901960675e-02
1.003403778169421412e-03,8.627450980392157298e-01,-7.843137254901960675e-02
1.003405778169364848e-03,8.627450980392157298e-01,3.921568627450980338e-02
1.003407778169308285e-03,9.411764705882352811e-01,3.921568627450980338e-02
1.003409778169251721e-03,9.411764705882352811e-01,-7.843137254901960675e-02
1.003411778169195157e-03,8.627450980392157298e-01,7.843137254901960675e-02
1.003413778169138593e-03,9.019607843137255054e-01,-1.568627450980392135e-01
1.003415778169082029e-03,9.019607843137255054e-01,7.843137254901960675e-02
1.003417778169025465e-03,9.411764705882352811e-01,0.000000000000000000e+00
1.003419778168968901e-03,8.627450980392157298e-01,-7.843137254901960675e-02
1.003421778168912338e-03,8.627450980392157298e-01,7.843137254901960675e-02
1.003423778168855774e-03,9.019607843137255054e-01,-3.921568627450980338e-02
1.003425778168799210e-03,9.411764705882352811e-01,0.000000000000000000e+00
1.003427778168742646e-03,8.627450980392157298e-01,7.843137254901960675e-02
1.003429778168686082e-03,8.235294117647058432e-01,-1.568627450980392135e-01
1.003431778168629518e-03,8.627450980392157298e-01,1.176470588235294101e-01
1.003433778168572954e-03,9.411764705882352811e-01,-7.843137254901960675e-02
1.003435778168516391e-03,8.627450980392157298e-01,0.000000000000000000e+00
1.003437778168459827e-03,9.019607843137255054e-01,3.921568627450980338e-02
1.003439778168403263e-03,9.019607843137255054e-01,3.921568627450980338e-02
1.003441778168346699e-03,9.019607843137255054e-01,7.843137254901960675e-02
1.003443778168290135e-03,8.235294117647058432e-01,-3.921568627450980338e-02
1.003445778168233571e-03,9.019607843137255054e-01,3.921568627450980338e-02
1.003447778168177007e-03,8.627450980392157298e-01,0.000000000000000000e+00
1.003449778168120443e-03,9.411764705882352811e-01,-7.843137254901960675e-02
1.003451778168063880e-03,8.235294117647058432e-01,7.843137254901960675e-02
1.003453778168007316e-03,8.627450980392157298e-01,-7.843137254901960675e-02
1.003455778167950752e-03,9.019607843137255054e-01,7.843137254901960675e-02
1.003457778167894188e-03,9.411764705882352811e-01,7.843137254901960675e-02
1.003459778167837624e-03,8.627450980392157298e-01,-7.843137254901960675e-02
1.003461778167781060e-03,8.627450980392157298e-01,7.843137254901960675e-02
1.003463778167724496e-03,9.019607843137255054e-01,-3.921568627450980338e-02
1.003465778167667933e-03,9.411764705882352811e-01,0.000000000000000000e+00
1.003467778167611369e-03,8.627450980392157298e-01,3.921568627450980338e-02
1.003469778167554805e-03,9.019607843137255054e-01,-1.568627450980392135e-01
1.003471778167498241e-03,9.019607843137255054e-01,1.176470588235294101e-01
1.003473778167441677e-03,9.411764705882352811e-01,-7.843137254901960675e-02
1.003475778167385113e-03,8.627450980392157298e-01,0.000000000000000000e+00
1.003477778167328549e-03,8.627450980392157298e-01,3.921568627450980338e-02
1.003479778167271986e-03,8.627450980392157298e-01,0.000000000000000000e+00
1.003481778167215422e-03,9.411764705882352811e-01,3.921568627450980338e-02
1.003483778167158858e-03,8.627450980392157298e-01,0.000000000000000000e+00
1.003485778167102294e-03,9.019607843137255054e-01,3.921568627450980338e-02
1.003487778167045730e-03,9.019607843137255054e-01,3.921568627450980338e-02
1.003489778166989166e-03,9.411764705882352811e-01,-7.843137254901960675e-02
1.003491778166932602e-03,8.627450980392157298e-01,7.843137254901960675e-02
1.003493778166876038e-03,9.019607843137255054e-01,-3.921568627450980338e-02
1.003495778166819475e-03,9.019607843137255054e-01,7.843137254901960675e-02
1.003497778166762911e-03,9.411764705882352811e-01,3.921568627450980338e-02
1.003499778166706347e-03,8.235294117647058432e-01,-3.921568627450980338e-02
1.003501778166649783e-03,8.627450980392157298e-01,1.568627450980392135e-01
1.003503778166593219e-03,9.019607843137255054e-01,-7.843137254901960675e-02
1.003505778166536655e-03,9.019607843137255054e-01,0.000000000000000000e+00
1.003507778166480091e-03,8.627450980392157298e-01,3.921568627450980338e-02
1.003509778166423528e-03,9.019607843137255054e-01,-1.568627450980392135e-01
1.003511778166366964e-03,9.019607843137255054e-01,1.568627450980392135e-01
1.003513778166310400e-03,9.411764705882352811e-01,-7.843137254901960675e-02
1.003515778166253836e-03,8.627450980392157298e-01,0.000000000000000000e+00
1.003517778166197272e-03,9.411764705882352811e-01,3.921568627450980338e-02
1.003519778166140708e-03,9.019607843137255054e-01,-3.921568627450980338e-02
1.003521778166084144e-03,9.411764705882352811e-01,7.843137254901960675e-02
1.003523778166027581e-03,8.627450980392157298e-01,-3.921568627450980338e-02
1.003525778165971017e-03,8.627450980392157298e-01,0.000000000000000000e+00
1.003527778165914453e-03,9.019607843137255054e-01,0.000000000000000000e+00
1.003529778165857889e-03,9.411764705882352811e-01,-7.843137254901960675e-02
1.003531778165801325e-03,8.627450980392157298e-01,7.843137254901960675e-02
1.003533778165744761e-03,9.019607843137255054e-01,0.000000000000000000e+00
1.003535778165688197e-03,9.019607843137255054e-01,7.843137254901960675e-02
1.003537778165631634e-03,9.411764705882352811e-01,0.000000000000000000e+00
1.003539778165575070e-03,8.235294117647058432e-01,-7.843137254901960675e-02
1.003541778165518506e-03,8.627450980392157298e-01,3.921568627450980338e-02
1.003543778165461942e-03,9.019607843137255054e-01,-3.921568627450980338e-02
1.003545778165405378e-03,9.411764705882352811e-01,0.000000000000000000e+00
1.003547778165348814e-03,8.627450980392157298e-01,7.843137254901960675e-02
1.003549778165292250e-03,9.411764705882352811e-01,-1.568627450980392135e-01
1.003551778165235686e-03,9.019607843137255054e-01,7.843137254901960675e-02
1.003553778165179123e-03,9.019607843137255054e-01,0.000000000000000000e+00
1.003555778165122559e-03,8.627450980392157298e-01,0.000000000000000000e+00
1.003557778165065995e-03,8.627450980392157298e-01,3.921568627450980338e-02
1.003559778165009431e-03,9.411764705882352811e-01,0.000000000000000000e+00
1.003561778164952867e-03,9.411764705882352811e-01,3.921568627450980338e-02
1.003563778164896303e-03,8.627450980392157298e-01,0.000000000000000000e+00
1.003565778164839739e-03,8.627450980392157298e-01,3.921568627450980338e-02
1.003567778164783176e-03,9.019607843137255054e-01,3.921568627450980338e-02
1.003569778164726612e-03,9.019607843137255054e-01,-7.843137254901960675e-02
1.003571778164670048e-03,8.627450980392157298e-01,7.843137254901960675e-02
1.003573778164613484e-03,8.235294117647058432e-01,-1.568627450980392135e-01
1.003575778164556920e-03,8.627450980392157298e-01,7.843137254901960675e-02
1.003577778164500356e-03,9.019607843137255054e-01,0.000000000000000000e+00
1.003579778164443792e-03,8.627450980392157298e-01,-7.843137254901960675e-02
1.003581778164387229e-03,8.627450980392157298e-01,7.843137254901960675e-02
1.003583778164330665e-03,9.019607843137255054e-01,-3.921568627450980338e-02
1.003585778164274101e-03,9.411764705882352811e-01,3.921568627450980338e-02
1.003587778164217537e-03,8.627450980392157298e-01,3.921568627450980338e-02
1.003589778164160973e-03,8.627450980392157298e-01,-1.568627450980392135e-01
1.003591778164104409e-03,9.019607843137255054e-01,7.843137254901960675e-02
1.003593778164047845e-03,9.411764705882352811e-01,-3.921568627450980338e-02
1.003595778163991281e-03,8.627450980392157298e-01,0.000000000000000000e+00
1.003597778163934718e-03,9.019607843137255054e-01,7.843137254901960675e-02
1.003599778163878154e-03,9.019607843137255054e-01,-3.921568627450980338e-02
1.003601778163821590e-03,9.411764705882352811e-01,7.843137254901960675e-02
1.003603778163765026e-03,8.235294117647058432e-01,-3.921568627450980338e-02
1.003605778163708462e-03,8.235294117647058432e-01,0.000000000000000000e+00
1.003607778163651898e-03,8.627450980392157298e-01,3.921568627450980338e-02
1.003609778163595334e-03,9.411764705882352811e-01,-7.843137254901960675e-02
1.003611778163538771e-03,8.235294117647058432e-01,7.843137254901960675e-02
1.003613778163482207e-03,8.627450980392157298e-01,-1.568627450980392135e-01
1.003615778163425643e-03,9.019607843137255054e-01,7.843137254901960675e-02
1.003617778163369079e-03,9.411764705882352811e-01,3.921568627450980338e-02
1.003619778163312515e-03,8.235294117647058432e-01,-7.843137254901960675e-02
1.003621778163255951e-03,9.019607843137255054e-01,1.176470588235294101e-01
1.003623778163199387e-03,9.019607843137255054e-01,-3.921568627450980338e-02
1.003625778163142824e-03,9.411764705882352811e-01,0.000000000000000000e+00
1.003627778163086260e-03,8.627450980392157298e-01,7.843137254901960675e-02
1.003629778163029696e-03,8.627450980392157298e-01,-1.568627450980392135e-01
1.003631778162973132e-03,9.019607843137255054e-01,7.843137254901960675e-02
1.003633778162916568e-03,9.411764705882352811e-01,-3.921568627450980338e-02
1.003635778162860004e-03,8.627450980392157298e-01,0.000000000000000000e+00
1.003637778162803440e-03,9.019607843137255054e-01,3.921568627450980338e-02
1.003639778162746877e-03,9.019607843137255054e-01,0.000000000000000000e+00
1.003641778162690313e-03,9.019607843137255054e-01,7.843137254901960675e-02
1.003643778162633749e-03,8.627450980392157298e-01,0.000000000000000000e+00
1.003645778162577185e-03,9.019607843137255054e-01,3.921568627450980338e-02
1.003647778162520621e-03,9.019607843137255054e-01,3.921568627450980338e-02
1.003649778162464057e-03,9.411764705882352811e-01,-7.843137254901960675e-02
1.003651778162407493e-03,8.235294117647058432e-01,7.843137254901960675e-02
1.003653778162350929e-03,8.627450980392157298e-01,0.000000000000000000e+00
1.003655778162294366e-03,8.627450980392157298e-01,7.843137254901960675e-02
1.003657778162237802e-03,9.019607843137255054e-01,0.000000000000000000e+00
1.003659778162181238e-03,8.235294117647058432e-01,-7.843137254901960675e-02
1.003661778162124674e-03,8.235294117647058432e-01,7.843137254901960675e-02
1.003663778162068110e-03,9.019607843137255054e-01,-3.921568627450980338e-02
1.003665778162011546e-03,9.411764705882352811e-01,3.921568627450980338e-02
1.003667778161954982e-03,8.627450980392157298e-01,3.921568627450980338e-02
1.003669778161898419e-03,9.019607843137255054e-01,-1.568627450980392135e-01
1.003671778161841855e-03,9.019607843137255054e-01,1.176470588235294101e-01
1.003673778161785291e-03,9.411764705882352811e-01,-3.921568627450980338e-02
1.003675778161728727e-03,8.235294117647058432e-01,0.000000000000000000e+00
1.003677778161672163e-03,8.627450980392157298e-01,3.921568627450980338e-02
1.003679778161615599e-03,9.019607843137255054e-01,-3.921568627450980338e-02
1.003681778161559035e-03,9.411764705882352811e-01,7.843137254901960675e-02
1.003683778161502472e-03,8.627450980392157298e-01,-3.921568627450980338e-02
1.003685778161445908e-03,9.019607843137255054e-01,3.921568627450980338e-02
1.003687778161389344e-03,9.019607843137255054e-01,3.921568627450980338e-02
1.003689778161332780e-03,9.411764705882352811e-01,-7.843137254901960675e-02
1.003691778161276216e-03,8.235294117647058432e-01,7.843137254901960675e-02
1.003693778161219652e-03,8.627450980392157298e-01,-7.843137254901960675e-02
1.003695778161163088e-03,9.019607843137255054e-01,7.843137254901960675e-02
1.003697778161106524e-03,9.411764705882352811e-01,3.921568627450980338e-02
1.003699778161049961e-03,8.627450980392157298e-01,-7.843137254901960675e-02
1.003701778160993397e-03,8.627450980392157298e-01,7.843137254901960675e-02
1.003703778160936833e-03,9.019607843137255054e-01,0.000000000000000000e+00
1.003705778160880269e-03,9.411764705882352811e-01,0.000000000000000000e+00
1.003707778160823705e-03,8.627450980392157298e-01,7.843137254901960675e-02
1.003709778160767141e-03,8.235294117647058432e-01,-1.568627450980392135e-01
1.003711778160710577e-03,8.627450980392157298e-01,7.843137254901960675e-02
1.003713778160654014e-03,9.411764705882352811e-01,-3.921568627450980338e-02
1.003715778160597450e-03,8.235294117647058432e-01,0.000000000000000000e+00
1.003717778160540886e-03,9.019607843137255054e-01,3.921568627450980338e-02
1.003719778160484322e-03,9.019607843137255054e-01,0.000000000000000000e+00
1.003721778160427758e-03,9.411764705882352811e-01,3.921568627450980338e-02
1.003723778160371194e-03,8.235294117647058432e-01,0.000000000000000000e+00
1.003725778160314630e-03,8.627450980392157298e-01,3.921568627450980338e-02
1.003727778160258067e-03,9.019607843137255054e-01,0.000000000000000000e+00
1.003729778160201503e-03,9.411764705882352811e-01,-7.843137254901960675e-02
1.003731778160144939e-03,8.235294117647058432e-01,7.843137254901960675e-02
1.003733778160088375e-03,9.019607843137255054e-01,0.000000000000000000e+00
1.003735778160031811e-03,9.019607843137255054e-01,1.176470588235294101e-01
1.003737778159975247e-03,9.411764705882352811e-01,3.921568627450980338e-02
1.003739778159918683e-03,8.627450980392157298e-01,-7.843137254901960675e-02
1.003741778159862119e-03,8.627450980392157298e-01,3.921568627450980338e-02
1.003743778159805556e-03,9.019607843137255054e-01,-7.843137254901960675e-02
1.003745778159748992e-03,9.019607843137255054e-01,0.000000000000000000e+00
1.003747778159692428e-03,8.235294117647058432e-01,7.843137254901960675e-02
1.003749778159635864e-03,8.627450980392157298e-01,-1.568627450980392135e-01
1.003751778159579300e-03,9.019607843137255054e-01,1.176470588235294101e-01
1.003753778159522736e-03,9.411764705882352811e-01,-3.921568627450980338e-02
1.003755778159466172e-03,8.235294117647058432e-01,0.000000000000000000e+00
1.003757778159409609e-03,8.235294117647058432e-01,3.921568627450980338e-02
1.003759778159353045e-03,9.019607843137255054e-01,-3.921568627450980338e-02
1.003761778159296481e-03,9.019607843137255054e-01,7.843137254901960675e-02
1.003763778159239917e-03,8.627450980392157298e-01,-3.921568627450980338e-02
1.003765778159183353e-03,9.019607843137255054e-01,0.000000000000000000e+00
1.003767778159126789e-03,9.019607843137255054e-01,0.000000000000000000e+00
1.003769778159070225e-03,9.411764705882352811e-01,-7.843137254901960675e-02
1.003771778159013662e-03,9.019607843137255054e-01,7.843137254901960675e-02
1.003773778158957098e-03,9.019607843137255054e-01,0.000000000000000000e+00
1.003775778158900534e-03,9.019607843137255054e-01,7.843137254901960675e-02
1.003777778158843970e-03,9.411764705882352811e-01,0.000000000000000000e+00
1.003779778158787406e-03,8.627450980392157298e-01,-3.921568627450980338e-02
1.003781778158730842e-03,8.627450980392157298e-01,3.921568627450980338e-02
1.003783778158674278e-03,9.019607843137255054e-01,-1.568627450980392135e-01
1.003785778158617715e-03,9.411764705882352811e-01,0.000000000000000000e+00
1.003787778158561151e-03,8.627450980392157298e-01,3.921568627450980338e-02
1.003789778158504587e-03,9.019607843137255054e-01,-1.568627450980392135e-01
1.003791778158448023e-03,8.627450980392157298e-01,7.843137254901960675e-02
1.003793778158391459e-03,9.019607843137255054e-01,-3.921568627450980338e-02
1.003795778158334895e-03,8.235294117647058432e-01,0.000000000000000000e+00
1.003797778158278331e-03,8.235294117647058432e-01,3.921568627450980338e-02
1.003799778158221767e-03,9.019607843137255054e-01,3.921568627450980338e-02
1.003801778158165204e-03,9.411764705882352811e-01,3.921568627450980338e-02
1.003803778158108640e-03,8.627450980392157298e-01,0.000000000000000000e+00
1.003805778158052076e-03,8.627450980392157298e-01,3.921568627450980338e-02
1.003807778157995512e-03,8.627450980392157298e-01,3.921568627450980338e-02
1.003809778157938948e-03,9.411764705882352811e-01,-3.921568627450980338e-02
1.003811778157882384e-03,8.627450980392157298e-01,7.843137254901960675e-02
1.003813778157825820e-03,9.411764705882352811e-01,0.000000000000000000e+00
1.003815778157769257e-03,9.019607843137255054e-01,7.843137254901960675e-02
1.003817778157712693e-03,9.411764705882352811e-01,0.000000000000000000e+00
1.003819778157656129e-03,8.627450980392157298e-01,-3.921568627450980338e-02
1.003821778157599565e-03,8.235294117647058432e-01,7.843137254901960675e-02
1.003823778157543001e-03,9.019607843137255054e-01,-7.843137254901960675e-02
1.003825778157486437e-03,9.411764705882352811e-01,0.000000000000000000e+00
1.003827778157429873e-03,8.627450980392157298e-01,3.921568627450980338e-02
1.003829778157373310e-03,9.019607843137255054e-01,-1.568627450980392135e-01
1.003831778157316746e-03,9.019607843137255054e-01,7.843137254901960675e-02
1.003833778157260182e-03,9.411764705882352811e-01,0.000000000000000000e+00
1.003835778157203618e-03,8.235294117647058432e-01,0.000000000000000000e+00
1.003837778157147054e-03,8.235294117647058432e-01,3.921568627450980338e-02
1.003839778157090490e-03,9.019607843137255054e-01,-3.921568627450980338e-02
1.003841778157033926e-03,9.411764705882352811e-01,7.843137254901960675e-02
1.003843778156977362e-03,8.627450980392157298e-01,-3.921568627450980338e-02
1.003845778156920799e-03,8.627450980392157298e-01,0.000000000000000000e+00
1.003847778156864235e-03,9.019607843137255054e-01,3.921568627450980338e-02
1.003849778156807671e-03,9.019607843137255054e-01,-7.843137254901960675e-02
1.003851778156751107e-03,8.235294117647058432e-01,1.176470588235294101e-01
1.003853778156694543e-03,8.627450980392157298e-01,-7.843137254901960675e-02
1.003855778156637979e-03,9.411764705882352811e-01,7.843137254901960675e-02
1.003857778156581415e-03,9.411764705882352811e-01,7.843137254901960675e-02
1.003859778156524852e-03,8.627450980392157298e-01,-3.921568627450980338e-02
1.003861778156468288e-03,9.019607843137255054e-01,7.843137254901960675e-02
1.003863778156411724e-03,8.627450980392157298e-01,-3.921568627450980338e-02
1.003865778156355160e-03,9.411764705882352811e-01,0.000000000000000000e+00
1.003867778156298596e-03,8.627450980392157298e-01,7.843137254901960675e-02
1.003869778156242032e-03,9.019607843137255054e-01,-1.568627450980392135e-01
1.003871778156185468e-03,9.019607843137255054e-01,1.176470588235294101e-01
1.003873778156128905e-03,9.411764705882352811e-01,0.000000000000000000e+00
1.003875778156072341e-03,8.627450980392157298e-01,0.000000000000000000e+00
1.003877778156015777e-03,8.627450980392157298e-01,3.921568627450980338e-02
1.003879778155959213e-03,9.019607843137255054e-01,0.000000000000000000e+00
1.003881778155902649e-03,9.411764705882352811e-01,0.000000000000000000e+00
1.003883778155846085e-03,8.235294117647058432e-01,-3.921568627450980338e-02
1.003885778155789521e-03,8.627450980392157298e-01,3.921568627450980338e-02
1.003887778155732957e-03,8.627450980392157298e-01,3.921568627450980338e-02
1.003889778155676394e-03,9.411764705882352811e-01,-7.843137254901960675e-02
1.003891778155619830e-03,8.235294117647058432e-01,7.843137254901960675e-02
1.003893778155563266e-03,9.019607843137255054e-01,0.000000000000000000e+00
1.003895778155506702e-03,9.019607843137255054e-01,1.176470588235294101e-01
1.003897778155450138e-03,9.411764705882352811e-01,3.921568627450980338e-02
1.003899778155393574e-03,8.235294117647058432e-01,-3.921568627450980338e-02
1.003901778155337010e-03,8.627450980392157298e-01,7.843137254901960675e-02
1.003903778155280447e-03,9.411764705882352811e-01,-1.568627450980392135e-01
1.003905778155223883e-03,9.411764705882352811e-01,0.000000000000000000e+00
1.003907778155167319e-03,8.627450980392157298e-01,3.921568627450980338e-02
1.003909778155110755e-03,9.019607843137255054e-01,-7.843137254901960675e-02
1.003911778155054191e-03,9.019607843137255054e-01,7.843137254901960675e-02
1.003913778154997627e-03,9.411764705882352811e-01,-3.921568627450980338e-02
1.003915778154941063e-03,8.627450980392157298e-01,0.000000000000000000e+00
1.003917778154884500e-03,8.627450980392157298e-01,7.843137254901960675e-02
1.003919778154827936e-03,9.019607843137255054e-01,0.000000000000000000e+00
1.003921778154771372e-03,9.411764705882352811e-01,3.921568627450980338e-02
1.003923778154714808e-03,8.627450980392157298e-01,-3.921568627450980338e-02
1.003925778154658244e-03,9.019607843137255054e-01,0.000000000000000000e+00
1.003927778154601680e-03,9.019607843137255054e-01,0.000000000000000000e+00
1.003929778154545116e-03,9.411764705882352811e-01,-3.921568627450980338e-02
1.003931778154488553e-03,8.235294117647058432e-01,7.843137254901960675e-02
1.003933778154431989e-03,9.019607843137255054e-01,-3.921568627450980338e-02
1.003935778154375425e-03,9.019607843137255054e-01,1.176470588235294101e-01
1.003937778154318861e-03,9.411764705882352811e-01,0.000000000000000000e+00
1.003939778154262297e-03,8.235294117647058432e-01,-3.921568627450980338e-02
1.003941778154205733e-03,9.411764705882352811e-01,3.921568627450980338e-02
1.003943778154149169e-03,9.411764705882352811e-01,-3.921568627450980338e-02
1.003945778154092605e-03,9.411764705882352811e-01,0.000000000000000000e+00
1.003947778154036042e-03,8.627450980392157298e-01,3.921568627450980338e-02
1.003949778153979478e-03,9.019607843137255054e-01,-1.568627450980392135e-01
1.003951778153922914e-03,8.627450980392157298e-01,7.843137254901960675e-02
1.003953778153866350e-03,9.411764705882352811e-01,-7.843137254901960675e-02
1.003955778153809786e-03,8.627450980392157298e-01,0.000000000000000000e+00
1.003957778153753222e-03,8.627450980392157298e-01,3.921568627450980338e-02
1.003959778153696658e-03,9.019607843137255054e-01,0.000000000000000000e+00
1.003961778153640095e-03,9.411764705882352811e-01,3.921568627450980338e-02
1.003963778153583531e-03,8.627450980392157298e-01,-3.921568627450980338e-02
1.003965778153526967e-03,9.019607843137255054e-01,0.000000000000000000e+00
1.003967778153470403e-03,9.019607843137255054e-01,0.000000000000000000e+00
1.003969778153413839e-03,9.411764705882352811e-01,-7.843137254901960675e-02
1.003971778153357275e-03,8.235294117647058432e-01,7.843137254901960675e-02
1.003973778153300711e-03,9.019607843137255054e-01,-7.843137254901960675e-02
1.003975778153244148e-03,9.019607843137255054e-01,7.843137254901960675e-02
1.003977778153187584e-03,9.019607843137255054e-01,0.000000000000000000e+00
1.003979778153131020e-03,8.235294117647058432e-01,-3.921568627450980338e-02
1.003981778153074456e-03,8.627450980392157298e-01,7.843137254901960675e-02
1.003983778153017892e-03,9.411764705882352811e-01,-3.921568627450980338e-02
1.003985778152961328e-03,9.411764705882352811e-01,0.000000000000000000e+00
1.003987778152904764e-03,8.627450980392157298e-01,3.921568627450980338e-02
1.003989778152848200e-03,9.019607843137255054e-01,-1.568627450980392135e-01
1.003991778152791637e-03,8.627450980392157298e-01,7.843137254901960675e-02
1.003993778152735073e-03,9.411764705882352811e-01,-7.843137254901960675e-02
1.003995778152678509e-03,8.627450980392157298e-01,0.000000000000000000e+00
1.003997778152621945e-03,8.235294117647058432e-01,3.921568627450980338e-02
1.003999778152565381e-03,9.019607843137255054e-01,0.000000000000000000e+00
1.004001778152508817e-03,9.411764705882352811e-01,0.000000000000000000e+00
1.004003778152452253e-03,8.627450980392157298e-01,-3.921568627450980338e-02
1.004005778152395690e-03,8.627450980392157298e-01,0.000000000000000000e+00
1.004007778152339126e-03,9.019607843137255054e-01,3.921568627450980338e-02
1.004009778152282562e-03,9.019607843137255054e-01,-7.843137254901960675e-02
1.004011778152225998e-03,8.235294117647058432e-01,7.843137254901960675e-02
1.004013778152169434e-03,8.627450980392157298e-01,-7.843137254901960675e-02
1.004015778152112870e-03,9.019607843137255054e-01,3.921568627450980338e-02
1.004017778152056306e-03,9.411764705882352811e-01,0.000000000000000000e+00
1.004019778151999743e-03,8.235294117647058432e-01,-7.843137254901960675e-02
1.004021778151943179e-03,8.627450980392157298e-01,7.843137254901960675e-02
1.004023778151886615e-03,8.627450980392157298e-01,-3.921568627450980338e-02
1.004025778151830051e-03,9.411764705882352811e-01,0.000000000000000000e+00
1.004027778151773487e-03,8.235294117647058432e-01,7.843137254901960675e-02
1.004029778151716923e-03,9.019607843137255054e-01,-1.960784313725490169e-01
1.004031778151660359e-03,9.019607843137255054e-01,1.176470588235294101e-01
1.004033778151603796e-03,9.411764705882352811e-01,-7.843137254901960675e-02
1.004035778151547232e-03,8.235294117647058432e-01,0.000000000000000000e+00
1.004037778151490668e-03,9.019607843137255054e-01,3.921568627450980338e-02
1.004039778151434104e-03,9.019607843137255054e-01,0.000000000000000000e+00
1.004041778151377540e-03,9.019607843137255054e-01,3.921568627450980338e-02
1.004043778151320976e-03,8.627450980392157298e-01,-3.921568627450980338e-02
1.004045778151264412e-03,9.019607843137255054e-01,0.000000000000000000e+00
1.004047778151207848e-03,9.019607843137255054e-01,3.921568627450980338e-02
1.004049778151151285e-03,9.411764705882352811e-01,-7.843137254901960675e-02
1.004051778151094721e-03,8.627450980392157298e-01,7.843137254901960675e-02
1.004053778151038157e-03,9.019607843137255054e-01,-1.568627450980392135e-01
1.004055778150981593e-03,9.019607843137255054e-01,3.921568627450980338e-02
1.004057778150925029e-03,9.411764705882352811e-01,3.921568627450980338e-02
1.004059778150868465e-03,8.627450980392157298e-01,-7.843137254901960675e-02
1.004061778150811901e-03,8.627450980392157298e-01,7.843137254901960675e-02
1.004063778150755338e-03,9.019607843137255054e-01,-7.843137254901960675e-02
1.004065778150698774e-03,9.411764705882352811e-01,0.000000000000000000e+00
1.004067778150642210e-03,8.627450980392157298e-01,3.921568627450980338e-02
1.004069778150585646e-03,9.019607843137255054e-01,-1.568627450980392135e-01
1.004071778150529082e-03,9.019607843137255054e-01,1.176470588235294101e-01
1.004073778150472518e-03,9.411764705882352811e-01,-7.843137254901960675e-02
1.004075778150415954e-03,8.627450980392157298e-01,0.000000000000000000e+00
1.004077778150359391e-03,8.627450980392157298e-01,7.843137254901960675e-02
1.004079778150302827e-03,9.019607843137255054e-01,0.000000000000000000e+00
1.004081778150246263e-03,9.019607843137255054e-01,3.921568627450980338e-02
1.004083778150189699e-03,8.627450980392157298e-01,-3.921568627450980338e-02
1.004085778150133135e-03,9.019607843137255054e-01,-7.843137254901960675e-02
1.004087778150076571e-03,9.019607843137255054e-01,3.921568627450980338e-02
1.004089778150020007e-03,9.411764705882352811e-01,-7.843137254901960675e-02
1.004091778149963443e-03,8.627450980392157298e-01,7.843137254901960675e-02
1.004093778149906880e-03,9.019607843137255054e-01,-7.843137254901960675e-02
1.004095778149850316e-03,9.019607843137255054e-01,7.843137254901960675e-02
1.004097778149793752e-03,9.411764705882352811e-01,7.843137254901960675e-02
1.004099778149737188e-03,8.627450980392157298e-01,-3.921568627450980338e-02
1.004101778149680624e-03,8.627450980392157298e-01,3.921568627450980338e-02
1.004103778149624060e-03,9.019607843137255054e-01,-3.921568627450980338e-02
1.004105778149567496e-03,9.411764705882352811e-01,0.000000000000000000e+00
1.004107778149510933e-03,8.627450980392157298e-01,3.921568627450980338e-02
1.004109778149454369e-03,8.235294117647058432e-01,-1.568627450980392135e-01
1.004111778149397805e-03,9.411764705882352811e-01,1.176470588235294101e-01
1.004113778149341241e-03,9.411764705882352811e-01,-3.921568627450980338e-02
1.004115778149284677e-03,8.235294117647058432e-01,0.000000000000000000e+00
1.004117778149228113e-03,8.627450980392157298e-01,3.921568627450980338e-02
1.004119778149171549e-03,9.019607843137255054e-01,0.000000000000000000e+00
1.004121778149114986e-03,9.411764705882352811e-01,3.921568627450980338e-02
1.004123778149058422e-03,8.627450980392157298e-01,-3.921568627450980338e-02
1.004125778149001858e-03,8.235294117647058432e-01,0.000000000000000000e+00
1.004127778148945294e-03,9.019607843137255054e-01,3.921568627450980338e-02
1.004129778148888730e-03,9.411764705882352811e-01,-3.921568627450980338e-02
1.004131778148832166e-03,8.627450980392157298e-01,7.843137254901960675e-02
1.004133778148775602e-03,8.627450980392157298e-01,-1.568627450980392135e-01
1.004135778148719038e-03,9.019607843137255054e-01,7.843137254901960675e-02
1.004137778148662475e-03,9.019607843137255054e-01,0.000000000000000000e+00
1.004139778148605911e-03,8.627450980392157298e-01,-7.843137254901960675e-02
1.004141778148549347e-03,9.019607843137255054e-01,7.843137254901960675e-02
1.004143778148492783e-03,9.019607843137255054e-01,-7.843137254901960675e-02
1.004145778148436219e-03,9.411764705882352811e-01,3.921568627450980338e-02
1.004147778148379655e-03,8.627450980392157298e-01,3.921568627450980338e-02
1.004149778148323091e-03,9.411764705882352811e-01,-1.568627450980392135e-01
1.004151778148266528e-03,9.019607843137255054e-01,7.843137254901960675e-02
1.004153778148209964e-03,9.411764705882352811e-01,-3.921568627450980338e-02
1.004155778148153400e-03,8.235294117647058432e-01,0.000000000000000000e+00
1.004157778148096836e-03,9.019607843137255054e-01,3.921568627450980338e-02
1.004159778148040272e-03,9.019607843137255054e-01,0.000000000000000000e+00
1.004161778147983708e-03,9.411764705882352811e-01,0.000000000000000000e+00
1.004163778147927144e-03,9.019607843137255054e-01,-3.921568627450980338e-02
1.004165778147870581e-03,8.627450980392157298e-01,0.000000000000000000e+00
1.004167778147814017e-03,9.019607843137255054e-01,3.921568627450980338e-02
1.004169778147757453e-03,9.411764705882352811e-01,-7.843137254901960675e-02
1.004171778147700889e-03,8.235294117647058432e-01,7.843137254901960675e-02
1.004173778147644325e-03,9.019607843137255054e-01,-1.568627450980392135e-01
1.004175778147587761e-03,8.627450980392157298e-01,1.176470588235294101e-01
1.004177778147531197e-03,9.411764705882352811e-01,3.921568627450980338e-02
1.004179778147474634e-03,8.627450980392157298e-01,-3.921568627450980338e-02
1.004181778147418070e-03,8.627450980392157298e-01,7.843137254901960675e-02
1.004183778147361506e-03,9.019607843137255054e-01,-3.921568627450980338e-02
1.004185778147304942e-03,9.411764705882352811e-01,0.000000000000000000e+00
1.004187778147248378e-03,8.627450980392157298e-01,3.921568627450980338e-02
1.004189778147191814e-03,9.019607843137255054e-01,-1.568627450980392135e-01
1.004191778147135250e-03,9.019607843137255054e-01,7.843137254901960675e-02
1.004193778147078686e-03,9.411764705882352811e-01,-3.921568627450980338e-02
1.004195778147022123e-03,8.627450980392157298e-01,0.000000000000000000e+00
1.004197778146965559e-03,9.019607843137255054e-01,0.000000000000000000e+00
1.004199778146908995e-03,9.411764705882352811e-01,0.000000000000000000e+00
1.004201778146852431e-03,9.411764705882352811e-01,3.921568627450980338e-02
1.004203778146795867e-03,8.627450980392157298e-01,-7.843137254901960675e-02
1.004205778146739303e-03,9.411764705882352811e-01,0.000000000000000000e+00
1.004207778146682739e-03,8.627450980392157298e-01,3.921568627450980338e-02
1.004209778146626176e-03,9.803921568627450567e-01,-7.843137254901960675e-02
1.004211778146569612e-03,8.235294117647058432e-01,7.843137254901960675e-02
1.004213778146513048e-03,9.019607843137255054e-01,-7.843137254901960675e-02
1.004215778146456484e-03,8.627450980392157298e-01,1.176470588235294101e-01
1.004217778146399920e-03,9.411764705882352811e-01,0.000000000000000000e+00
1.004219778146343356e-03,8.627450980392157298e-01,-3.921568627450980338e-02
1.004221778146286792e-03,9.019607843137255054e-01,3.921568627450980338e-02
1.004223778146230229e-03,9.019607843137255054e-01,-3.921568627450980338e-02
1.004225778146173665e-03,9.411764705882352811e-01,0.000000000000000000e+00
1.004227778146117101e-03,8.235294117647058432e-01,7.843137254901960675e-02
1.004229778146060537e-03,9.411764705882352811e-01,-1.568627450980392135e-01
1.004231778146003973e-03,9.019607843137255054e-01,7.843137254901960675e-02
1.004233778145947409e-03,9.803921568627450567e-01,-7.843137254901960675e-02
1.004235778145890845e-03,8.235294117647058432e-01,0.000000000000000000e+00
1.004237778145834281e-03,9.019607843137255054e-01,3.921568627450980338e-02
1.004239778145777718e-03,9.019607843137255054e-01,0.000000000000000000e+00
1.004241778145721154e-03,9.019607843137255054e-01,3.921568627450980338e-02
1.004243778145664590e-03,8.627450980392157298e-01,-3.921568627450980338e-02
1.004245778145608026e-03,8.627450980392157298e-01,0.000000000000000000e+00
1.004247778145551462e-03,8.627450980392157298e-01,3.921568627450980338e-02
1.004249778145494898e-03,9.411764705882352811e-01,-3.921568627450980338e-02
1.004251778145438334e-03,8.627450980392157298e-01,7.843137254901960675e-02
1.004253778145381771e-03,9.019607843137255054e-01,-7.843137254901960675e-02
1.004255778145325207e-03,9.019607843137255054e-01,7.843137254901960675e-02
1.004257778145268643e-03,9.411764705882352811e-01,0.000000000000000000e+00
1.004259778145212079e-03,8.627450980392157298e-01,-7.843137254901960675e-02
1.004261778145155515e-03,9.019607843137255054e-01,7.843137254901960675e-02
1.004263778145098951e-03,9.019607843137255054e-01,-1.568627450980392135e-01
1.004265778145042387e-03,9.019607843137255054e-01,0.000000000000000000e+00
1.004267778144985824e-03,8.627450980392157298e-01,7.843137254901960675e-02
1.004269778144929260e-03,9.019607843137255054e-01,-1.568627450980392135e-01
1.004271778144872696e-03,9.019607843137255054e-01,7.843137254901960675e-02
1.004273778144816132e-03,9.411764705882352811e-01,-7.843137254901960675e-02
1.004275778144759568e-03,8.627450980392157298e-01,0.000000000000000000e+00
1.004277778144703004e-03,9.019607843137255054e-01,3.921568627450980338e-02
1.004279778144646440e-03,9.019607843137255054e-01,0.000000000000000000e+00
1.004281778144589877e-03,9.019607843137255054e-01,3.921568627450980338e-02
1.004283778144533313e-03,9.019607843137255054e-01,-3.921568627450980338e-02
1.004285778144476749e-03,8.627450980392157298e-01,0.000000000000000000e+00
1.004287778144420185e-03,9.019607843137255054e-01,0.000000000000000000e+00
1.004289778144363621e-03,9.411764705882352811e-01,-3.921568627450980338e-02
1.004291778144307057e-03,8.627450980392157298e-01,7.843137254901960675e-02
1.004293778144250493e-03,8.627450980392157298e-01,-7.843137254901960675e-02
1.004295778144193929e-03,9.019607843137255054e-01,3.921568627450980338e-02
1.004297778144137366e-03,9.411764705882352811e-01,3.921568627450980338e-02
1.004299778144080802e-03,8.627450980392157298e-01,-3.921568627450980338e-02
1.004301778144024238e-03,8.627450980392157298e-01,7.843137254901960675e-02
1.004303778143967674e-03,9.411764705882352811e-01,-3.921568627450980338e-02
1.004305778143911110e-03,9.411764705882352811e-01,0.000000000000000000e+00
1.004307778143854546e-03,8.627450980392157298e-01,7.843137254901960675e-02
1.004309778143797982e-03,9.019607843137255054e-01,-1.568627450980392135e-01
1.004311778143741419e-03,8.627450980392157298e-01,1.176470588235294101e-01
1.004313778143684855e-03,9.411764705882352811e-01,-3.921568627450980338e-02
1.004315778143628291e-03,8.627450980392157298e-01,0.000000000000000000e+00
1.004317778143571727e-03,9.019607843137255054e-01,3.921568627450980338e-02
1.004319778143515163e-03,9.019607843137255054e-01,0.000000000000000000e+00
1.004321778143458599e-03,9.411764705882352811e-01,3.921568627450980338e-02
1.004323778143402035e-03,8.627450980392157298e-01,0.000000000000000000e+00
1.004325778143345472e-03,8.627450980392157298e-01,0.000000000000000000e+00
1.004327778143288908e-03,8.627450980392157298e-01,7.843137254901960675e-02
1.004329778143232344e-03,9.411764705882352811e-01,-3.921568627450980338e-02
1.004331778143175780e-03,8.627450980392157298e-01,7.843137254901960675e-02
1.004333778143119216e-03,9.019607843137255054e-01,-7.843137254901960675e-02
1.004335778143062652e-03,9.019607843137255054e-01,7.843137254901960675e-02
1.004337778143006088e-03,9.411764705882352811e-01,0.000000000000000000e+00
1.004339778142949524e-03,8.235294117647058432e-01,-3.921568627450980338e-02
1.004341778142892961e-03,9.019607843137255054e-01,1.176470588235294101e-01
1.004343778142836397e-03,9.019607843137255054e-01,-7.843137254901960675e-02
1.004345778142779833e-03,9.411764705882352811e-01,0.000000000000000000e+00
1.004347778142723269e-03,8.235294117647058432e-01,3.921568627450980338e-02
1.004349778142666705e-03,8.627450980392157298e-01,-1.568627450980392135e-01
1.004351778142610141e-03,9.019607843137255054e-01,7.843137254901960675e-02
1.004353778142553577e-03,9.411764705882352811e-01,-3.921568627450980338e-02
1.004355778142497014e-03,8.627450980392157298e-01,0.000000000000000000e+00
1.004357778142440450e-03,8.235294117647058432e-01,3.921568627450980338e-02
1.004359778142383886e-03,9.019607843137255054e-01,-3.921568627450980338e-02
1.004361778142327322e-03,9.019607843137255054e-01,7.843137254901960675e-02
1.004363778142270758e-03,8.235294117647058432e-01,-3.921568627450980338e-02
1.004365778142214194e-03,8.235294117647058432e-01,0.000000000000000000e+00
1.004367778142157630e-03,9.019607843137255054e-01,3.921568627450980338e-02
1.004369778142101067e-03,9.411764705882352811e-01,-7.843137254901960675e-02
1.004371778142044503e-03,8.627450980392157298e-01,7.843137254901960675e-02
1.004373778141987939e-03,9.019607843137255054e-01,-1.568627450980392135e-01
1.004375778141931375e-03,8.627450980392157298e-01,7.843137254901960675e-02
1.004377778141874811e-03,9.411764705882352811e-01,0.000000000000000000e+00
1.004379778141818247e-03,8.627450980392157298e-01,-7.843137254901960675e-02
1.004381778141761683e-03,8.627450980392157298e-01,3.921568627450980338e-02
1.004383778141705119e-03,9.019607843137255054e-01,-7.843137254901960675e-02
1.004385778141648556e-03,9.411764705882352811e-01,3.921568627450980338e-02
1.004387778141591992e-03,8.627450980392157298e-01,3.921568627450980338e-02
1.004389778141535428e-03,8.627450980392157298e-01,-1.568627450980392135e-01
1.004391778141478864e-03,9.019607843137255054e-01,7.843137254901960675e-02
1.004393778141422300e-03,9.411764705882352811e-01,-3.921568627450980338e-02
1.004395778141365736e-03,8.627450980392157298e-01,0.000000000000000000e+00
1.004397778141309172e-03,9.019607843137255054e-01,7.843137254901960675e-02
1.004399778141252609e-03,9.019607843137255054e-01,0.000000000000000000e+00
1.004401778141196045e-03,9.411764705882352811e-01,3.921568627450980338e-02
1.004403778141139481e-03,8.627450980392157298e-01,0.000000000000000000e+00
1.004405778141082917e-03,9.019607843137255054e-01,3.921568627450980338e-02
1.004407778141026353e-03,9.019607843137255054e-01,3.921568627450980338e-02
1.004409778140969789e-03,9.411764705882352811e-01,-7.843137254901960675e-02
1.004411778140913225e-03,8.235294117647058432e-01,1.176470588235294101e-01
1.004413778140856662e-03,9.019607843137255054e-01,0.000000000000000000e+00
1.004415778140800098e-03,9.411764705882352811e-01,7.843137254901960675e-02
1.004417778140743534e-03,9.411764705882352811e-01,3.921568627450980338e-02
1.004419778140686970e-03,8.627450980392157298e-01,-3.921568627450980338e-02
1.004421778140630406e-03,8.235294117647058432e-01,7.843137254901960675e-02
1.004423778140573842e-03,8.627450980392157298e-01,-3.921568627450980338e-02
1.004425778140517278e-03,9.019607843137255054e-01,3.921568627450980338e-02
1.004427778140460715e-03,8.235294117647058432e-01,7.843137254901960675e-02
1.004429778140404151e-03,8.627450980392157298e-01,-1.568627450980392135e-01
1.004431778140347587e-03,9.019607843137255054e-01,1.176470588235294101e-01
1.004433778140291023e-03,9.411764705882352811e-01,-3.921568627450980338e-02
1.004435778140234459e-03,8.627450980392157298e-01,0.000000000000000000e+00
1.004437778140177895e-03,9.019607843137255054e-01,7.843137254901960675e-02
1.004439778140121331e-03,9.411764705882352811e-01,-3.921568627450980338e-02
1.004441778140064767e-03,9.411764705882352811e-01,7.843137254901960675e-02
1.004443778140008204e-03,8.627450980392157298e-01,-7.843137254901960675e-02
1.004445778139951640e-03,9.019607843137255054e-01,0.000000000000000000e+00
1.004447778139895076e-03,9.019607843137255054e-01,0.000000000000000000e+00
1.004449778139838512e-03,9.411764705882352811e-01,-7.843137254901960675e-02
1.004451778139781948e-03,8.235294117647058432e-01,1.568627450980392135e-01
1.004453778139725384e-03,9.019607843137255054e-01,-7.843137254901960675e-02
1.004455778139668820e-03,9.019607843137255054e-01,1.176470588235294101e-01
1.004457778139612257e-03,9.411764705882352811e-01,0.000000000000000000e+00
1.004459778139555693e-03,8.627450980392157298e-01,-7.843137254901960675e-02
1.004461778139499129e-03,9.019607843137255054e-01,7.843137254901960675e-02
1.004463778139442565e-03,9.019607843137255054e-01,-3.921568627450980338e-02
1.004465778139386001e-03,9.411764705882352811e-01,0.000000000000000000e+00
1.004467778139329437e-03,8.627450980392157298e-01,3.921568627450980338e-02
1.004469778139272873e-03,9.019607843137255054e-01,-1.568627450980392135e-01
1.004471778139216310e-03,9.019607843137255054e-01,1.176470588235294101e-01
1.004473778139159746e-03,9.803921568627450567e-01,0.000000000000000000e+00
1.004475778139103182e-03,8.235294117647058432e-01,0.000000000000000000e+00
1.004477778139046618e-03,8.627450980392157298e-01,3.921568627450980338e-02
1.004479778138990054e-03,9.019607843137255054e-01,0.000000000000000000e+00
1.004481778138933490e-03,9.411764705882352811e-01,7.843137254901960675e-02
1.004483778138876926e-03,8.627450980392157298e-01,0.000000000000000000e+00
1.004485778138820362e-03,8.627450980392157298e-01,0.000000000000000000e+00
1.004487778138763799e-03,9.019607843137255054e-01,3.921568627450980338e-02
1.004489778138707235e-03,9.411764705882352811e-01,-7.843137254901960675e-02
1.004491778138650671e-03,8.235294117647058432e-01,7.843137254901960675e-02
1.004493778138594107e-03,9.019607843137255054e-01,0.000000000000000000e+00
1.004495778138537543e-03,9.019607843137255054e-01,7.843137254901960675e-02
1.004497778138480979e-03,9.411764705882352811e-01,0.000000000000000000e+00
1.004499778138424415e-03,8.627450980392157298e-01,-7.843137254901960675e-02
1.004501778138367852e-03,8.627450980392157298e-01,7.843137254901960675e-02
1.004503778138311288e-03,9.411764705882352811e-01,-3.921568627450980338e-02
1.004505778138254724e-03,9.411764705882352811e-01,0.000000000000000000e+00
1.004507778138198160e-03,8.627450980392157298e-01,3.921568627450980338e-02
1.004509778138141596e-03,9.019607843137255054e-01,-1.568627450980392135e-01
1.004511778138085032e-03,9.019607843137255054e-01,7.843137254901960675e-02
1.004513778138028468e-03,9.411764705882352811e-01,-3.921568627450980338e-02
1.004515778137971905e-03,8.627450980392157298e-01,0.000000000000000000e+00
1.004517778137915341e-03,8.627450980392157298e-01,3.921568627450980338e-02
1.004519778137858777e-03,9.019607843137255054e-01,-3.921568627450980338e-02
1.004521778137802213e-03,9.411764705882352811e-01,7.843137254901960675e-02
1.004523778137745649e-03,8.627450980392157298e-01,-3.921568627450980338e-02
1.004525778137689085e-03,9.019607843137255054e-01,3.921568627450980338e-02
1.004527778137632521e-03,8.627450980392157298e-01,0.000000000000000000e+00
1.004529778137575958e-03,9.411764705882352811e-01,-3.921568627450980338e-02
1.004531778137519394e-03,8.627450980392157298e-01,3.921568627450980338e-02
1.004533778137462830e-03,9.019607843137255054e-01,-1.568627450980392135e-01
1.004535778137406266e-03,9.019607843137255054e-01,7.843137254901960675e-02
1.004537778137349702e-03,9.411764705882352811e-01,3.921568627450980338e-02
1.004539778137293138e-03,8.235294117647058432e-01,-7.843137254901960675e-02
1.004541778137236574e-03,9.019607843137255054e-01,7.843137254901960675e-02
1.004543778137180010e-03,9.019607843137255054e-01,-3.921568627450980338e-02
1.004545778137123447e-03,9.411764705882352811e-01,0.000000000000000000e+00
1.004547778137066883e-03,8.627450980392157298e-01,7.843137254901960675e-02
1.004549778137010319e-03,9.019607843137255054e-01,-1.568627450980392135e-01
1.004551778136953755e-03,9.411764705882352811e-01,7.843137254901960675e-02
1.004553778136897191e-03,9.411764705882352811e-01,-3.921568627450980338e-02
1.004555778136840627e-03,8.627450980392157298e-01,-3.921568627450980338e-02
1.004557778136784063e-03,9.019607843137255054e-01,3.921568627450980338e-02
1.004559778136727500e-03,9.019607843137255054e-01,0.000000000000000000e+00
1.004561778136670936e-03,9.411764705882352811e-01,7.843137254901960675e-02
1.004563778136614372e-03,8.627450980392157298e-01,0.000000000000000000e+00
1.004565778136557808e-03,9.019607843137255054e-01,7.843137254901960675e-02
1.004567778136501244e-03,9.019607843137255054e-01,7.843137254901960675e-02
1.004569778136444680e-03,9.411764705882352811e-01,-7.843137254901960675e-02
1.004571778136388116e-03,8.627450980392157298e-01,7.843137254901960675e-02
1.004573778136331553e-03,9.019607843137255054e-01,-7.843137254901960675e-02
1.004575778136274989e-03,9.019607843137255054e-01,7.843137254901960675e-02
1.004577778136218425e-03,9.411764705882352811e-01,3.921568627450980338e-02
1.004579778136161861e-03,8.627450980392157298e-01,-7.843137254901960675e-02
1.004581778136105297e-03,8.627450980392157298e-01,7.843137254901960675e-02
1.004583778136048733e-03,9.019607843137255054e-01,-3.921568627450980338e-02
1.004585778135992169e-03,9.411764705882352811e-01,3.921568627450980338e-02
1.004587778135935605e-03,8.235294117647058432e-01,7.843137254901960675e-02
1.004589778135879042e-03,9.019607843137255054e-01,-1.568627450980392135e-01
1.004591778135822478e-03,8.627450980392157298e-01,1.568627450980392135e-01
1.004593778135765914e-03,9.411764705882352811e-01,-7.843137254901960675e-02
1.004595778135709350e-03,8.235294117647058432e-01,0.000000000000000000e+00
1.004597778135652786e-03,8.627450980392157298e-01,3.921568627450980338e-02
1.004599778135596222e-03,9.019607843137255054e-01,-3.921568627450980338e-02
1.004601778135539658e-03,9.019607843137255054e-01,1.176470588235294101e-01
1.004603778135483095e-03,8.627450980392157298e-01,-3.921568627450980338e-02
1.004605778135426531e-03,9.019607843137255054e-01,3.921568627450980338e-02
1.004607778135369967e-03,9.019607843137255054e-01,7.843137254901960675e-02
1.004609778135313403e-03,9.411764705882352811e-01,-7.843137254901960675e-02
1.004611778135256839e-03,8.627450980392157298e-01,7.843137254901960675e-02
1.004613778135200275e-03,9.019607843137255054e-01,0.000000000000000000e+00
1.004615778135143711e-03,9.019607843137255054e-01,7.843137254901960675e-02
1.004617778135087148e-03,9.411764705882352811e-01,0.000000000000000000e+00
1.004619778135030584e-03,8.627450980392157298e-01,-7.843137254901960675e-02
1.004621778134974020e-03,9.019607843137255054e-01,7.843137254901960675e-02
1.004623778134917456e-03,9.019607843137255054e-01,-7.843137254901960675e-02
1.004625778134860892e-03,9.411764705882352811e-01,0.000000000000000000e+00
1.004627778134804328e-03,8.235294117647058432e-01,7.843137254901960675e-02
1.004629778134747764e-03,9.019607843137255054e-01,-7.843137254901960675e-02
1.004631778134691200e-03,9.019607843137255054e-01,1.176470588235294101e-01
1.004633778134634637e-03,9.411764705882352811e-01,0.000000000000000000e+00
1.004635778134578073e-03,8.627450980392157298e-01,0.000000000000000000e+00
1.004637778134521509e-03,8.235294117647058432e-01,3.921568627450980338e-02
1.004639778134464945e-03,9.019607843137255054e-01,0.000000000000000000e+00
1.004641778134408381e-03,9.411764705882352811e-01,3.921568627450980338e-02
1.004643778134351817e-03,8.627450980392157298e-01,-3.921568627450980338e-02
1.004645778134295253e-03,8.627450980392157298e-01,3.921568627450980338e-02
1.004647778134238690e-03,9.019607843137255054e-01,3.921568627450980338e-02
1.004649778134182126e-03,9.411764705882352811e-01,-7.843137254901960675e-02
1.004651778134125562e-03,8.627450980392157298e-01,7.843137254901960675e-02
1.004653778134068998e-03,9.019607843137255054e-01,-1.568627450980392135e-01
1.004655778134012434e-03,9.019607843137255054e-01,7.843137254901960675e-02
1.004657778133955870e-03,9.411764705882352811e-01,0.000000000000000000e+00
1.004659778133899306e-03,8.627450980392157298e-01,-7.843137254901960675e-02
1.004661778133842743e-03,8.235294117647058432e-01,7.843137254901960675e-02
1.004663778133786179e-03,9.019607843137255054e-01,-3.921568627450980338e-02
1.004665778133729615e-03,9.019607843137255054e-01,0.000000000000000000e+00
1.004667778133673051e-03,8.627450980392157298e-01,3.921568627450980338e-02
1.004669778133616487e-03,9.019607843137255054e-01,-7.843137254901960675e-02
1.004671778133559923e-03,9.019607843137255054e-01,1.568627450980392135e-01
1.004673778133503359e-03,9.411764705882352811e-01,-3.921568627450980338e-02
1.004675778133446796e-03,8.627450980392157298e-01,0.000000000000000000e+00
1.004677778133390232e-03,9.019607843137255054e-01,3.921568627450980338e-02
1.004679778133333668e-03,9.019607843137255054e-01,-3.921568627450980338e-02
1.004681778133277104e-03,9.411764705882352811e-01,3.921568627450980338e-02
1.004683778133220540e-03,8.235294117647058432e-01,-7.843137254901960675e-02
1.004685778133163976e-03,9.019607843137255054e-01,0.000000000000000000e+00
1.004687778133107412e-03,9.019607843137255054e-01,3.921568627450980338e-02
1.004689778133050848e-03,9.411764705882352811e-01,-7.843137254901960675e-02
1.004691778132994285e-03,8.235294117647058432e-01,7.843137254901960675e-02
1.004693778132937721e-03,8.627450980392157298e-01,-1.568627450980392135e-01
1.004695778132881157e-03,9.019607843137255054e-01,7.843137254901960675e-02
1.004697778132824593e-03,9.411764705882352811e-01,3.921568627450980338e-02
1.004699778132768029e-03,8.627450980392157298e-01,-7.843137254901960675e-02
1.004701778132711465e-03,8.627450980392157298e-01,7.843137254901960675e-02
1.004703778132654901e-03,9.019607843137255054e-01,-3.921568627450980338e-02
1.004705778132598338e-03,9.411764705882352811e-01,0.000000000000000000e+00
1.004707778132541774e-03,8.627450980392157298e-01,3.921568627450980338e-02
1.004709778132485210e-03,9.019607843137255054e-01,-1.568627450980392135e-01
1.004711778132428646e-03,9.019607843137255054e-01,7.843137254901960675e-02
1.004713778132372082e-03,9.411764705882352811e-01,-7.843137254901960675e-02
1.004715778132315518e-03,8.627450980392157298e-01,0.000000000000000000e+00
1.004717778132258954e-03,8.627450980392157298e-01,7.843137254901960675e-02
1.004719778132202391e-03,9.019607843137255054e-01,0.000000000000000000e+00
1.004721778132145827e-03,9.411764705882352811e-01,7.843137254901960675e-02
1.004723778132089263e-03,8.627450980392157298e-01,-3.921568627450980338e-02
1.004725778132032699e-03,8.235294117647058432e-01,3.921568627450980338e-02
1.004727778131976135e-03,9.019607843137255054e-01,3.921568627450980338e-02
1.004729778131919571e-03,9.411764705882352811e-01,-7.843137254901960675e-02
1.004731778131863007e-03,8.627450980392157298e-01,7.843137254901960675e-02
1.004733778131806443e-03,9.019607843137255054e-01,-1.568627450980392135e-01
1.004735778131749880e-03,9.411764705882352811e-01,7.843137254901960675e-02
1.004737778131693316e-03,9.411764705882352811e-01,3.921568627450980338e-02
1.004739778131636752e-03,8.627450980392157298e-01,-3.921568627450980338e-02
1.004741778131580188e-03,8.627450980392157298e-01,3.921568627450980338e-02
1.004743778131523624e-03,9.019607843137255054e-01,-3.921568627450980338e-02
1.004745778131467060e-03,9.411764705882352811e-01,0.000000000000000000e+00
1.004747778131410496e-03,8.627450980392157298e-01,7.843137254901960675e-02
1.004749778131353933e-03,9.019607843137255054e-01,-1.568627450980392135e-01
1.004751778131297369e-03,9.411764705882352811e-01,1.176470588235294101e-01
1.004753778131240805e-03,9.411764705882352811e-01,-7.843137254901960675e-02
1.004755778131184241e-03,8.235294117647058432e-01,0.000000000000000000e+00
1.004757778131127677e-03,9.019607843137255054e-01,3.921568627450980338e-02
1.004759778131071113e-03,9.019607843137255054e-01,0.000000000000000000e+00
1.004761778131014549e-03,9.411764705882352811e-01,3.921568627450980338e-02
1.004763778130957986e-03,8.627450980392157298e-01,-7.843137254901960675e-02
1.004765778130901422e-03,9.019607843137255054e-01,3.921568627450980338e-02
1.004767778130844858e-03,9.019607843137255054e-01,3.921568627450980338e-02
1.004769778130788294e-03,9.411764705882352811e-01,-7.843137254901960675e-02
1.004771778130731730e-03,8.235294117647058432e-01,7.843137254901960675e-02
1.004773778130675166e-03,8.627450980392157298e-01,-7.843137254901960675e-02
1.004775778130618602e-03,9.019607843137255054e-01,7.843137254901960675e-02
1.004777778130562038e-03,9.411764705882352811e-01,3.921568627450980338e-02
1.004779778130505475e-03,8.627450980392157298e-01,-3.921568627450980338e-02
1.004781778130448911e-03,8.627450980392157298e-01,3.921568627450980338e-02
1.004783778130392347e-03,9.019607843137255054e-01,-1.568627450980392135e-01
1.004785778130335783e-03,9.411764705882352811e-01,0.000000000000000000e+00
1.004787778130279219e-03,8.235294117647058432e-01,3.921568627450980338e-02
1.004789778130222655e-03,9.019607843137255054e-01,-1.960784313725490169e-01
1.004791778130166091e-03,8.627450980392157298e-01,7.843137254901960675e-02
1.004793778130109528e-03,9.411764705882352811e-01,-3.921568627450980338e-02
1.004795778130052964e-03,8.627450980392157298e-01,3.921568627450980338e-02
1.004797778129996400e-03,8.235294117647058432e-01,3.921568627450980338e-02
1.004799778129939836e-03,9.019607843137255054e-01,0.000000000000000000e+00
1.004801778129883272e-03,9.019607843137255054e-01,3.921568627450980338e-02
1.004803778129826708e-03,8.627450980392157298e-01,-3.921568627450980338e-02
1.004805778129770144e-03,8.235294117647058432e-01,0.000000000000000000e+00
1.004807778129713581e-03,9.019607843137255054e-01,0.000000000000000000e+00
1.004809778129657017e-03,9.411764705882352811e-01,-3.921568627450980338e-02
1.004811778129600453e-03,8.235294117647058432e-01,7.843137254901960675e-02
1.004813778129543889e-03,9.019607843137255054e-01,-1.568627450980392135e-01
1.004815778129487325e-03,9.019607843137255054e-01,7.843137254901960675e-02
1.004817778129430761e-03,9.411764705882352811e-01,3.921568627450980338e-02
1.004819778129374197e-03,8.627450980392157298e-01,-7.843137254901960675e-02
1.004821778129317634e-03,8.627450980392157298e-01,7.843137254901960675e-02
1.004823778129261070e-03,9.019607843137255054e-01,-7.843137254901960675e-02
1.004825778129204506e-03,9.411764705882352811e-01,0.000000000000000000e+00
1.004827778129147942e-03,8.235294117647058432e-01,3.921568627450980338e-02
1.004829778129091378e-03,8.627450980392157298e-01,-7.843137254901960675e-02
1.004831778129034814e-03,9.019607843137255054e-01,1.568627450980392135e-01
1.004833778128978250e-03,9.411764705882352811e-01,-3.921568627450980338e-02
1.004835778128921686e-03,8.627450980392157298e-01,0.000000000000000000e+00
1.004837778128865123e-03,8.627450980392157298e-01,3.921568627450980338e-02
1.004839778128808559e-03,9.019607843137255054e-01,0.000000000000000000e+00
1.004841778128751995e-03,9.411764705882352811e-01,3.921568627450980338e-02
1.004843778128695431e-03,8.235294117647058432e-01,0.000000000000000000e+00
1.004845778128638867e-03,8.627450980392157298e-01,0.000000000000000000e+00
1.004847778128582303e-03,8.627450980392157298e-01,3.921568627450980338e-02
1.004849778128525739e-03,9.411764705882352811e-01,-7.843137254901960675e-02
1.004851778128469176e-03,8.627450980392157298e-01,7.843137254901960675e-02
1.004853778128412612e-03,8.627450980392157298e-01,-7.843137254901960675e-02
1.004855778128356048e-03,9.411764705882352811e-01,1.176470588235294101e-01
1.004857778128299484e-03,9.019607843137255054e-01,3.921568627450980338e-02
1.004859778128242920e-03,8.235294117647058432e-01,-7.843137254901960675e-02
1.004861778128186356e-03,8.627450980392157298e-01,7.843137254901960675e-02
1.004863778128129792e-03,9.019607843137255054e-01,-3.921568627450980338e-02
1.004865778128073229e-03,9.411764705882352811e-01,0.000000000000000000e+00
1.004867778128016665e-03,8.627450980392157298e-01,3.921568627450980338e-02
1.004869778127960101e-03,9.019607843137255054e-01,-1.568627450980392135e-01
1.004871778127903537e-03,9.019607843137255054e-01,1.176470588235294101e-01
1.004873778127846973e-03,9.411764705882352811e-01,-3.921568627450980338e-02
1.004875778127790409e-03,8.627450980392157298e-01,0.000000000000000000e+00
1.004877778127733845e-03,9.019607843137255054e-01,3.921568627450980338e-02
1.004879778127677281e-03,9.411764705882352811e-01,-3.921568627450980338e-02
1.004881778127620718e-03,9.411764705882352811e-01,7.843137254901960675e-02
1.004883778127564154e-03,8.235294117647058432e-01,-3.921568627450980338e-02
1.004885778127507590e-03,8.627450980392157298e-01,0.000000000000000000e+00
1.004887778127451026e-03,9.019607843137255054e-01,3.921568627450980338e-02
1.004889778127394462e-03,9.411764705882352811e-01,-7.843137254901960675e-02
1.004891778127337898e-03,8.235294117647058432e-01,7.843137254901960675e-02
1.004893778127281334e-03,9.019607843137255054e-01,-7.843137254901960675e-02
1.004895778127224771e-03,9.019607843137255054e-01,7.843137254901960675e-02
1.004897778127168207e-03,9.411764705882352811e-01,3.921568627450980338e-02
1.004899778127111643e-03,8.627450980392157298e-01,-7.843137254901960675e-02
1.004901778127055079e-03,9.019607843137255054e-01,3.921568627450980338e-02
1.004903778126998515e-03,9.411764705882352811e-01,0.000000000000000000e+00
1.004905778126941951e-03,9.411764705882352811e-01,0.000000000000000000e+00
1.004907778126885387e-03,8.627450980392157298e-01,7.843137254901960675e-02
1.004909778126828824e-03,9.019607843137255054e-01,-1.568627450980392135e-01
1.004911778126772260e-03,8.627450980392157298e-01,7.843137254901960675e-02
1.004913778126715696e-03,9.411764705882352811e-01,0.000000000000000000e+00
1.004915778126659132e-03,8.235294117647058432e-01,0.000000000000000000e+00
1.004917778126602568e-03,8.627450980392157298e-01,3.921568627450980338e-02
1.004919778126546004e-03,9.019607843137255054e-01,0.000000000000000000e+00
1.004921778126489440e-03,9.411764705882352811e-01,7.843137254901960675e-02
1.004923778126432877e-03,8.235294117647058432e-01,-3.921568627450980338e-02
1.004925778126376313e-03,9.019607843137255054e-01,0.000000000000000000e+00
1.004927778126319749e-03,9.019607843137255054e-01,7.843137254901960675e-02
1.004929778126263185e-03,9.411764705882352811e-01,-7.843137254901960675e-02
1.004931778126206621e-03,8.627450980392157298e-01,7.843137254901960675e-02
1.004933778126150057e-03,9.019607843137255054e-01,-7.843137254901960675e-02
1.004935778126093493e-03,9.019607843137255054e-01,1.176470588235294101e-01
1.004937778126036929e-03,9.411764705882352811e-01,3.921568627450980338e-02
1.004939778125980366e-03,8.627450980392157298e-01,-7.843137254901960675e-02
1.004941778125923802e-03,8.627450980392157298e-01,3.921568627450980338e-02
1.004943778125867238e-03,9.019607843137255054e-01,-3.921568627450980338e-02
1.004945778125810674e-03,9.411764705882352811e-01,0.000000000000000000e+00
1.004947778125754110e-03,8.235294117647058432e-01,3.921568627450980338e-02
1.004949778125697546e-03,8.627450980392157298e-01,-1.568627450980392135e-01
1.004951778125640982e-03,9.019607843137255054e-01,7.843137254901960675e-02
1.004953778125584419e-03,9.411764705882352811e-01,-3.921568627450980338e-02
1.004955778125527855e-03,8.627450980392157298e-01,-3.921568627450980338e-02
1.004957778125471291e-03,9.019607843137255054e-01,7.843137254901960675e-02
1.004959778125414727e-03,9.019607843137255054e-01,-3.921568627450980338e-02
1.004961778125358163e-03,9.019607843137255054e-01,7.843137254901960675e-02
1.004963778125301599e-03,8.627450980392157298e-01,-3.921568627450980338e-02
1.004965778125245035e-03,9.019607843137255054e-01,3.921568627450980338e-02
1.004967778125188472e-03,9.019607843137255054e-01,3.921568627450980338e-02
1.004969778125131908e-03,9.019607843137255054e-01,-3.921568627450980338e-02
1.004971778125075344e-03,8.627450980392157298e-01,7.843137254901960675e-02
1.004973778125018780e-03,9.019607843137255054e-01,0.000000000000000000e+00
1.004975778124962216e-03,9.019607843137255054e-01,7.843137254901960675e-02
1.004977778124905652e-03,9.411764705882352811e-01,0.000000000000000000e+00
1.004979778124849088e-03,8.627450980392157298e-01,-7.843137254901960675e-02
1.004981778124792524e-03,8.235294117647058432e-01,3.921568627450980338e-02
1.004983778124735961e-03,9.411764705882352811e-01,-3.921568627450980338e-02
1.004985778124679397e-03,9.411764705882352811e-01,0.000000000000000000e+00
1.004987778124622833e-03,8.627450980392157298e-01,3.921568627450980338e-02
1.004989778124566269e-03,9.019607843137255054e-01,-1.568627450980392135e-01
1.004991778124509705e-03,9.019607843137255054e-01,1.568627450980392135e-01
1.004993778124453141e-03,9.411764705882352811e-01,-7.843137254901960675e-02
1.004995778124396577e-03,8.627450980392157298e-01,0.000000000000000000e+00
1.004997778124340014e-03,8.627450980392157298e-01,2.352941176470588203e-01
1.004999778124283450e-03,9.411764705882352811e-01,1.607843137254902022e+00
1.005001778124226886e-03,9.411764705882352811e-01,3.058823529411764497e+00
1.005003778124170322e-03,9.019607843137255054e-01,3.882352941176470562e+00
1.005005778124113758e-03,9.019607843137255054e-01,4.235294117647058876e+00
1.005007778124057194e-03,9.019607843137255054e-01,3.764705882352941124e+00
1.005009778124000630e-03,9.411764705882352811e-01,3.215686274509803599e+00
1.005011778123944067e-03,8.627450980392157298e-01,2.941176470588235059e+00
1.005013778123887503e-03,8.627450980392157298e-01,3.019607843137254832e+00
1.005015778123830939e-03,9.019607843137255054e-01,3.372549019607843146e+00
1.005017778123774375e-03,9.411764705882352811e-01,3.215686274509803599e+00
1.005019778123717811e-03,8.235294117647058432e-01,3.215686274509803599e+00
1.005021778123661247e-03,9.019607843137255054e-01,3.411764705882352811e+00
1.005023778123604683e-03,9.019607843137255054e-01,3.176470588235293935e+00
1.005025778123548119e-03,9.411764705882352811e-01,3.254901960784313708e+00
1.005027778123491556e-03,8.235294117647058432e-01,3.333333333333333037e+00
1.005029778123434992e-03,8.627450980392157298e-01,3.058823529411764497e+00
1.005031778123378428e-03,9.019607843137255054e-01,3.294117647058823373e+00
1.005033778123321864e-03,9.411764705882352811e-01,3.176470588235293935e+00
1.005035778123265300e-03,8.235294117647058432e-01,3.333333333333333037e+00
1.005037778123208736e-03,8.235294117647058432e-01,3.294117647058823373e+00
1.005039778123152172e-03,9.411764705882352811e-01,3.215686274509803599e+00
1.005041778123095609e-03,9.411764705882352811e-01,3.372549019607843146e+00
1.005043778123039045e-03,8.627450980392157298e-01,3.254901960784313708e+00
1.005045778122982481e-03,8.627450980392157298e-01,3.254901960784313708e+00
1.005047778122925917e-03,9.019607843137255054e-01,3.294117647058823373e+00
1.005049778122869353e-03,9.411764705882352811e-01,3.137254901960784270e+00
1.005051778122812789e-03,8.627450980392157298e-01,3.333333333333333037e+00
1.005053778122756225e-03,9.019607843137255054e-01,3.137254901960784270e+00
1.005055778122699662e-03,8.627450980392157298e-01,3.294117647058823373e+00
1.005057778122643098e-03,9.411764705882352811e-01,3.254901960784313708e+00
1.005059778122586534e-03,8.627450980392157298e-01,3.176470588235293935e+00
1.005061778122529970e-03,9.019607843137255054e-01,3.294117647058823373e+00
1.005063778122473406e-03,9.019607843137255054e-01,3.215686274509803599e+00
1.005065778122416842e-03,9.019607843137255054e-01,3.215686274509803599e+00
1.005067778122360278e-03,8.627450980392157298e-01,3.372549019607843146e+00
1.005069778122303715e-03,8.627450980392157298e-01,3.137254901960784270e+00
1.005071778122247151e-03,9.019607843137255054e-01,3.333333333333333037e+00
1.005073778122190587e-03,9.411764705882352811e-01,3.176470588235293935e+00
1.005075778122134023e-03,8.235294117647058432e-01,3.294117647058823373e+00
1.005077778122077459e-03,9.019607843137255054e-01,3.215686274509803599e+00
1.005079778122020895e-03,9.019607843137255054e-01,3.176470588235293935e+00
1.005081778121964331e-03,9.411764705882352811e-01,3.333333333333333037e+00
1.005083778121907767e-03,8.627450980392157298e-01,3.215686274509803599e+00
1.005085778121851204e-03,9.019607843137255054e-01,3.254901960784313708e+00
1.005087778121794640e-03,8.627450980392157298e-01,3.294117647058823373e+00
1.005089778121738076e-03,9.411764705882352811e-01,3.137254901960784270e+00
1.005091778121681512e-03,8.627450980392157298e-01,3.333333333333333037e+00
1.005093778121624948e-03,9.411764705882352811e-01,3.137254901960784270e+00
1.005095778121568384e-03,9.019607843137255054e-01,3.254901960784313708e+00
1.005097778121511820e-03,9.411764705882352811e-01,3.294117647058823373e+00
1.005099778121455257e-03,8.235294117647058432e-01,3.215686274509803599e+00
1.005101778121398693e-03,8.627450980392157298e-01,3.294117647058823373e+00
1.005103778121342129e-03,9.019607843137255054e-01,3.176470588235293935e+00
1.005105778121285565e-03,9.019607843137255054e-01,3.215686274509803599e+00
1.005107778121229001e-03,8.627450980392157298e-01,3.333333333333333037e+00
1.005109778121172437e-03,9.411764705882352811e-01,3.137254901960784270e+00
1.005111778121115873e-03,9.019607843137255054e-01,3.294117647058823373e+00
1.005113778121059310e-03,9.411764705882352811e-01,3.176470588235293935e+00
1.005115778121002746e-03,8.235294117647058432e-01,3.254901960784313708e+00
1.005117778120946182e-03,8.627450980392157298e-01,3.215686274509803599e+00
1.005119778120889618e-03,9.019607843137255054e-01,3.215686274509803599e+00
1.005121778120833054e-03,9.411764705882352811e-01,3.294117647058823373e+00
1.005123778120776490e-03,8.235294117647058432e-01,3.215686274509803599e+00
1.005125778120719926e-03,8.627450980392157298e-01,3.215686274509803599e+00
1.005127778120663362e-03,9.019607843137255054e-01,3.254901960784313708e+00
1.005129778120606799e-03,9.019607843137255054e-01,3.137254901960784270e+00
1.005131778120550235e-03,8.627450980392157298e-01,3.333333333333333037e+00
1.005133778120493671e-03,9.019607843137255054e-01,3.137254901960784270e+00
1.005135778120437107e-03,9.019607843137255054e-01,3.254901960784313708e+00
1.005137778120380543e-03,9.411764705882352811e-01,3.294117647058823373e+00
1.005139778120323979e-03,8.627450980392157298e-01,3.215686274509803599e+00
1.005141778120267415e-03,8.235294117647058432e-01,3.294117647058823373e+00
1.005143778120210852e-03,9.019607843137255054e-01,3.215686274509803599e+00
1.005145778120154288e-03,9.019607843137255054e-01,3.215686274509803599e+00
1.005147778120097724e-03,8.627450980392157298e-01,3.333333333333333037e+00
1.005149778120041160e-03,9.019607843137255054e-01,3.176470588235293935e+00
1.005151778119984596e-03,8.627450980392157298e-01,3.333333333333333037e+00
1.005153778119928032e-03,9.411764705882352811e-01,3.176470588235293935e+00
1.005155778119871468e-03,8.627450980392157298e-01,3.215686274509803599e+00
1.005157778119814905e-03,9.019607843137255054e-01,3.215686274509803599e+00
1.005159778119758341e-03,9.019607843137255054e-01,3.176470588235293935e+00
1.005161778119701777e-03,9.411764705882352811e-01,3.333333333333333037e+00
1.005163778119645213e-03,8.627450980392157298e-01,3.215686274509803599e+00
1.005165778119588649e-03,8.627450980392157298e-01,3.254901960784313708e+00
1.005167778119532085e-03,8.627450980392157298e-01,3.294117647058823373e+00
1.005169778119475521e-03,9.411764705882352811e-01,3.137254901960784270e+00
1.005171778119418958e-03,8.627450980392157298e-01,3.294117647058823373e+00
1.005173778119362394e-03,9.411764705882352811e-01,3.137254901960784270e+00
1.005175778119305830e-03,8.627450980392157298e-01,3.294117647058823373e+00
1.005177778119249266e-03,9.019607843137255054e-01,3.254901960784313708e+00
1.005179778119192702e-03,8.627450980392157298e-01,3.176470588235293935e+00
1.005181778119136138e-03,9.019607843137255054e-01,3.294117647058823373e+00
1.005183778119079574e-03,9.019607843137255054e-01,3.215686274509803599e+00
1.005185778119023010e-03,9.411764705882352811e-01,3.215686274509803599e+00
1.005187778118966447e-03,8.627450980392157298e-01,3.333333333333333037e+00
1.005189778118909883e-03,9.019607843137255054e-01,3.137254901960784270e+00
1.005191778118853319e-03,9.019607843137255054e-01,3.333333333333333037e+00
1.005193778118796755e-03,9.411764705882352811e-01,3.215686274509803599e+00
1.005195778118740191e-03,8.235294117647058432e-01,3.294117647058823373e+00
1.005197778118683627e-03,8.627450980392157298e-01,3.215686274509803599e+00
1.005199778118627063e-03,9.019607843137255054e-01,3.176470588235293935e+00
1.005201778118570500e-03,9.411764705882352811e-01,3.333333333333333037e+00
1.005203778118513936e-03,8.627450980392157298e-01,3.215686274509803599e+00
1.005205778118457372e-03,8.627450980392157298e-01,3.215686274509803599e+00
1.005207778118400808e-03,9.019607843137255054e-01,3.294117647058823373e+00
1.005209778118344244e-03,9.411764705882352811e-01,3.137254901960784270e+00
1.005211778118287680e-03,8.627450980392157298e-01,3.294117647058823373e+00
1.005213778118231116e-03,9.019607843137255054e-01,3.137254901960784270e+00
1.005215778118174553e-03,9.019607843137255054e-01,3.294117647058823373e+00
1.005217778118117989e-03,9.019607843137255054e-01,3.254901960784313708e+00
1.005219778118061425e-03,8.627450980392157298e-01,3.176470588235293935e+00
1.005221778118004861e-03,9.019607843137255054e-01,3.294117647058823373e+00
1.005223778117948297e-03,9.019607843137255054e-01,3.215686274509803599e+00
1.005225778117891733e-03,9.411764705882352811e-01,3.215686274509803599e+00
1.005227778117835169e-03,8.627450980392157298e-01,3.372549019607843146e+00
1.005229778117778605e-03,9.019607843137255054e-01,3.137254901960784270e+00
1.005231778117722042e-03,8.627450980392157298e-01,3.294117647058823373e+00
1.005233778117665478e-03,9.411764705882352811e-01,3.176470588235293935e+00
1.005235778117608914e-03,8.627450980392157298e-01,3.254901960784313708e+00
1.005237778117552350e-03,8.627450980392157298e-01,3.294117647058823373e+00
1.005239778117495786e-03,9.019607843137255054e-01,3.176470588235293935e+00
1.005241778117439222e-03,9.411764705882352811e-01,3.294117647058823373e+00
1.005243778117382658e-03,8.235294117647058432e-01,3.215686274509803599e+00
1.005245778117326095e-03,9.019607843137255054e-01,3.215686274509803599e+00
1.005247778117269531e-03,9.019607843137255054e-01,3.254901960784313708e+00
1.005249778117212967e-03,9.411764705882352811e-01,3.137254901960784270e+00
1.005251778117156403e-03,8.235294117647058432e-01,3.294117647058823373e+00
1.005253778117099839e-03,8.627450980392157298e-01,3.137254901960784270e+00
1.005255778117043275e-03,8.627450980392157298e-01,3.294117647058823373e+00
1.005257778116986711e-03,9.411764705882352811e-01,3.254901960784313708e+00
1.005259778116930148e-03,8.627450980392157298e-01,3.176470588235293935e+00
1.005261778116873584e-03,9.019607843137255054e-01,3.294117647058823373e+00
1.005263778116817020e-03,9.019607843137255054e-01,3.176470588235293935e+00
1.005265778116760456e-03,9.019607843137255054e-01,3.176470588235293935e+00
1.005267778116703892e-03,8.235294117647058432e-01,3.294117647058823373e+00
1.005269778116647328e-03,9.019607843137255054e-01,3.137254901960784270e+00
1.005271778116590764e-03,8.627450980392157298e-01,3.294117647058823373e+00
1.005273778116534200e-03,9.411764705882352811e-01,3.137254901960784270e+00
1.005275778116477637e-03,8.627450980392157298e-01,3.254901960784313708e+00
1.005277778116421073e-03,8.627450980392157298e-01,3.215686274509803599e+00
1.005279778116364509e-03,9.019607843137255054e-01,3.137254901960784270e+00
1.005281778116307945e-03,9.411764705882352811e-01,3.333333333333333037e+00
1.005283778116251381e-03,8.627450980392157298e-01,3.215686274509803599e+00
1.005285778116194817e-03,8.235294117647058432e-01,3.215686274509803599e+00
1.005287778116138253e-03,9.019607843137255054e-01,3.294117647058823373e+00
1.005289778116081690e-03,9.411764705882352811e-01,3.137254901960784270e+00
1.005291778116025126e-03,8.235294117647058432e-01,3.333333333333333037e+00
1.005293778115968562e-03,8.627450980392157298e-01,3.137254901960784270e+00
1.005295778115911998e-03,9.019607843137255054e-01,3.254901960784313708e+00
1.005297778115855434e-03,9.411764705882352811e-01,3.254901960784313708e+00
1.005299778115798870e-03,8.627450980392157298e-01,3.176470588235293935e+00
1.005301778115742306e-03,8.627450980392157298e-01,3.294117647058823373e+00
1.005303778115685743e-03,9.019607843137255054e-01,3.176470588235293935e+00
1.005305778115629179e-03,9.411764705882352811e-01,3.215686274509803599e+00
1.005307778115572615e-03,8.627450980392157298e-01,3.294117647058823373e+00
1.005309778115516051e-03,8.235294117647058432e-01,3.098039215686274161e+00
1.005311778115459487e-03,8.627450980392157298e-01,3.294117647058823373e+00
1.005313778115402923e-03,9.019607843137255054e-01,3.176470588235293935e+00
1.005315778115346359e-03,8.627450980392157298e-01,3.294117647058823373e+00
1.005317778115289796e-03,8.627450980392157298e-01,3.215686274509803599e+00
1.005319778115233232e-03,9.019607843137255054e-01,3.137254901960784270e+00
1.005321778115176668e-03,9.411764705882352811e-01,3.333333333333333037e+00
1.005323778115120104e-03,8.627450980392157298e-01,3.215686274509803599e+00
1.005325778115063540e-03,9.411764705882352811e-01,3.215686274509803599e+00
1.005327778115006976e-03,9.411764705882352811e-01,3.176470588235293935e+00
1.005329778114950412e-03,9.019607843137255054e-01,2.117647058823529438e+00
1.005331778114893848e-03,8.627450980392157298e-01,7.058823529411764053e-01
1.005333778114837285e-03,9.019607843137255054e-01,-5.882352941176469674e-01
1.005335778114780721e-03,8.627450980392157298e-01,-9.019607843137253944e-01
1.005337778114724157e-03,9.411764705882352811e-01,-5.882352941176469674e-01
1.005339778114667593e-03,9.019607843137255054e-01,-2.745098039215686514e-01
1.005341778114611029e-03,8.235294117647058432e-01,2.745098039215685959e-01
1.005343778114554465e-03,8.627450980392157298e-01,7.843137254901960675e-02
1.005345778114497901e-03,9.411764705882352811e-01,-7.843137254901960675e-02
1.005347778114441338e-03,8.235294117647058432e-01,1.176470588235294101e-01
1.005349778114384774e-03,8.627450980392157298e-01,0.000000000000000000e+00
1.005351778114328210e-03,9.411764705882352811e-01,0.000000000000000000e+00
1.005353778114271646e-03,9.019607843137255054e-01,-3.921568627450980338e-02
1.005355778114215082e-03,8.627450980392157298e-01,0.000000000000000000e+00
1.005357778114158518e-03,9.019607843137255054e-01,-7.843137254901960675e-02
1.005359778114101954e-03,9.019607843137255054e-01,-3.921568627450980338e-02
1.005361778114045391e-03,9.019607843137255054e-01,1.568627450980392135e-01
1.005363778113988827e-03,8.235294117647058432e-01,0.000000000000000000e+00
1.005365778113932263e-03,8.627450980392157298e-01,0.000000000000000000e+00
1.005367778113875699e-03,9.019607843137255054e-01,0.000000000000000000e+00
1.005369778113819135e-03,9.411764705882352811e-01,-1.568627450980392135e-01
1.005371778113762571e-03,8.235294117647058432e-01,7.843137254901960675e-02
1.005373778113706007e-03,8.627450980392157298e-01,-7.843137254901960675e-02
1.005375778113649443e-03,9.019607843137255054e-01,3.921568627450980338e-02
1.005377778113592880e-03,9.019607843137255054e-01,0.000000000000000000e+00
1.005379778113536316e-03,8.627450980392157298e-01,-7.843137254901960675e-02
1.005381778113479752e-03,9.019607843137255054e-01,1.176470588235294101e-01
1.005383778113423188e-03,8.627450980392157298e-01,-3.921568627450980338e-02
1.005385778113366624e-03,9.411764705882352811e-01,3.921568627450980338e-02
1.005387778113310060e-03,8.235294117647058432e-01,0.000000000000000000e+00
1.005389778113253496e-03,8.627450980392157298e-01,-1.568627450980392135e-01
1.005391778113196933e-03,8.627450980392157298e-01,1.176470588235294101e-01
1.005393778113140369e-03,9.411764705882352811e-01,-3.921568627450980338e-02
1.005395778113083805e-03,8.235294117647058432e-01,0.000000000000000000e+00
1.005397778113027241e-03,9.019607843137255054e-01,3.921568627450980338e-02
1.005399778112970677e-03,9.019607843137255054e-01,-7.843137254901960675e-02
1.005401778112914113e-03,9.411764705882352811e-01,7.843137254901960675e-02
1.005403778112857549e-03,8.627450980392157298e-01,-3.921568627450980338e-02
1.005405778112800986e-03,9.019607843137255054e-01,3.921568627450980338e-02
1.005407778112744422e-03,9.019607843137255054e-01,0.000000000000000000e+00
1.005409778112687858e-03,9.411764705882352811e-01,-7.843137254901960675e-02
1.005411778112631294e-03,8.235294117647058432e-01,7.843137254901960675e-02
1.005413778112574730e-03,8.627450980392157298e-01,-1.568627450980392135e-01
1.005415778112518166e-03,9.019607843137255054e-01,7.843137254901960675e-02
1.005417778112461602e-03,9.411764705882352811e-01,0.000000000000000000e+00
1.005419778112405038e-03,8.235294117647058432e-01,-3.921568627450980338e-02
1.005421778112348475e-03,9.019607843137255054e-01,7.843137254901960675e-02
1.005423778112291911e-03,9.019607843137255054e-01,-3.921568627450980338e-02
1.005425778112235347e-03,9.019607843137255054e-01,3.921568627450980338e-02
1.005427778112178783e-03,8.627450980392157298e-01,0.000000000000000000e+00
1.005429778112122219e-03,8.627450980392157298e-01,-1.960784313725490169e-01
1.005431778112065655e-03,9.019607843137255054e-01,7.843137254901960675e-02
1.005433778112009091e-03,9.411764705882352811e-01,0.000000000000000000e+00
1.005435778111952528e-03,8.235294117647058432e-01,-3.921568627450980338e-02
1.005437778111895964e-03,8.235294117647058432e-01,3.921568627450980338e-02
1.005439778111839400e-03,9.019607843137255054e-01,0.000000000000000000e+00
1.005441778111782836e-03,9.411764705882352811e-01,3.921568627450980338e-02
1.005443778111726272e-03,8.627450980392157298e-01,-3.921568627450980338e-02
1.005445778111669708e-03,8.627450980392157298e-01,0.000000000000000000e+00
1.005447778111613144e-03,9.019607843137255054e-01,3.921568627450980338e-02
1.005449778111556581e-03,9.411764705882352811e-01,-3.921568627450980338e-02
1.005451778111500017e-03,8.627450980392157298e-01,1.176470588235294101e-01
1.005453778111443453e-03,8.627450980392157298e-01,-1.568627450980392135e-01
1.005455778111386889e-03,9.019607843137255054e-01,3.921568627450980338e-02
1.005457778111330325e-03,9.019607843137255054e-01,3.921568627450980338e-02
1.005459778111273761e-03,8.627450980392157298e-01,-7.843137254901960675e-02
1.005461778111217197e-03,8.627450980392157298e-01,7.843137254901960675e-02
1.005463778111160634e-03,9.019607843137255054e-01,0.000000000000000000e+00
1.005465778111104070e-03,9.411764705882352811e-01,0.000000000000000000e+00
1.005467778111047506e-03,8.627450980392157298e-01,7.843137254901960675e-02
1.005469778110990942e-03,9.019607843137255054e-01,-1.568627450980392135e-01
1.005471778110934378e-03,8.627450980392157298e-01,1.176470588235294101e-01
1.005473778110877814e-03,9.411764705882352811e-01,-7.843137254901960675e-02
1.005475778110821250e-03,8.235294117647058432e-01,-3.921568627450980338e-02
1.005477778110764686e-03,8.627450980392157298e-01,3.921568627450980338e-02
1.005479778110708123e-03,9.019607843137255054e-01,-3.921568627450980338e-02
1.005481778110651559e-03,9.411764705882352811e-01,7.843137254901960675e-02
1.005483778110594995e-03,8.627450980392157298e-01,-7.843137254901960675e-02
1.005485778110538431e-03,8.627450980392157298e-01,0.000000000000000000e+00
1.005487778110481867e-03,9.019607843137255054e-01,3.921568627450980338e-02
1.005489778110425303e-03,9.411764705882352811e-01,-7.843137254901960675e-02
1.005491778110368739e-03,8.627450980392157298e-01,7.843137254901960675e-02
1.005493778110312176e-03,9.019607843137255054e-01,-1.568627450980392135e-01
1.005495778110255612e-03,9.019607843137255054e-01,7.843137254901960675e-02
1.005497778110199048e-03,9.411764705882352811e-01,3.921568627450980338e-02
1.005499778110142484e-03,8.627450980392157298e-01,-7.843137254901960675e-02
1.005501778110085920e-03,9.019607843137255054e-01,3.921568627450980338e-02
1.005503778110029356e-03,9.019607843137255054e-01,-3.921568627450980338e-02
1.005505778109972792e-03,9.411764705882352811e-01,0.000000000000000000e+00
1.005507778109916229e-03,8.627450980392157298e-01,3.921568627450980338e-02
1.005509778109859665e-03,8.627450980392157298e-01,-1.568627450980392135e-01
1.005511778109803101e-03,8.627450980392157298e-01,1.176470588235294101e-01
1.005513778109746537e-03,9.019607843137255054e-01,-3.921568627450980338e-02
1.005515778109689973e-03,8.235294117647058432e-01,0.000000000000000000e+00
1.005517778109633409e-03,8.627450980392157298e-01,3.921568627450980338e-02
1.005519778109576845e-03,9.019607843137255054e-01,-7.843137254901960675e-02
1.005521778109520281e-03,9.411764705882352811e-01,7.843137254901960675e-02
1.005523778109463718e-03,8.627450980392157298e-01,0.000000000000000000e+00
1.005525778109407154e-03,9.019607843137255054e-01,3.921568627450980338e-02
1.005527778109350590e-03,8.627450980392157298e-01,3.921568627450980338e-02
1.005529778109294026e-03,9.411764705882352811e-01,-7.843137254901960675e-02
1.005531778109237462e-03,8.627450980392157298e-01,7.843137254901960675e-02
1.005533778109180898e-03,8.627450980392157298e-01,-7.843137254901960675e-02
1.005535778109124334e-03,9.019607843137255054e-01,7.843137254901960675e-02
1.005537778109067771e-03,9.411764705882352811e-01,3.921568627450980338e-02
1.005539778109011207e-03,8.627450980392157298e-01,-7.843137254901960675e-02
1.005541778108954643e-03,8.627450980392157298e-01,7.843137254901960675e-02
1.005543778108898079e-03,9.019607843137255054e-01,0.000000000000000000e+00
1.005545778108841515e-03,9.019607843137255054e-01,0.000000000000000000e+00
1.005547778108784951e-03,8.235294117647058432e-01,3.921568627450980338e-02
1.005549778108728387e-03,8.627450980392157298e-01,-1.568627450980392135e-01
1.005551778108671824e-03,9.019607843137255054e-01,7.843137254901960675e-02
1.005553778108615260e-03,9.411764705882352811e-01,-3.921568627450980338e-02
1.005555778108558696e-03,8.627450980392157298e-01,-3.921568627450980338e-02
1.005557778108502132e-03,8.235294117647058432e-01,3.921568627450980338e-02
1.005559778108445568e-03,9.019607843137255054e-01,-3.921568627450980338e-02
1.005561778108389004e-03,9.411764705882352811e-01,7.843137254901960675e-02
1.005563778108332440e-03,8.627450980392157298e-01,-3.921568627450980338e-02
1.005565778108275877e-03,9.019607843137255054e-01,3.921568627450980338e-02
1.005567778108219313e-03,9.019607843137255054e-01,3.921568627450980338e-02
1.005569778108162749e-03,9.411764705882352811e-01,-7.843137254901960675e-02
1.005571778108106185e-03,8.627450980392157298e-01,3.921568627450980338e-02
1.005573778108049621e-03,9.019607843137255054e-01,-7.843137254901960675e-02
1.005575778107993057e-03,9.019607843137255054e-01,7.843137254901960675e-02
1.005577778107936493e-03,9.411764705882352811e-01,7.843137254901960675e-02
1.005579778107879929e-03,8.627450980392157298e-01,-7.843137254901960675e-02
1.005581778107823366e-03,9.019607843137255054e-01,3.921568627450980338e-02
1.005583778107766802e-03,9.019607843137255054e-01,-3.921568627450980338e-02
1.005585778107710238e-03,9.411764705882352811e-01,0.000000000000000000e+00
1.005587778107653674e-03,8.235294117647058432e-01,7.843137254901960675e-02
1.005589778107597110e-03,9.019607843137255054e-01,-1.568627450980392135e-01
1.005591778107540546e-03,9.019607843137255054e-01,1.568627450980392135e-01
1.005593778107483982e-03,9.411764705882352811e-01,-3.921568627450980338e-02
1.005595778107427419e-03,8.627450980392157298e-01,0.000000000000000000e+00
1.005597778107370855e-03,8.235294117647058432e-01,3.921568627450980338e-02
1.005599778107314291e-03,9.019607843137255054e-01,-3.921568627450980338e-02
1.005601778107257727e-03,9.411764705882352811e-01,7.843137254901960675e-02
1.005603778107201163e-03,8.627450980392157298e-01,-3.921568627450980338e-02
1.005605778107144599e-03,9.019607843137255054e-01,0.000000000000000000e+00
1.005607778107088035e-03,9.411764705882352811e-01,3.921568627450980338e-02
1.005609778107031472e-03,9.411764705882352811e-01,-7.843137254901960675e-02
1.005611778106974908e-03,8.235294117647058432e-01,7.843137254901960675e-02
1.005613778106918344e-03,9.019607843137255054e-01,-1.568627450980392135e-01
1.005615778106861780e-03,9.019607843137255054e-01,7.843137254901960675e-02
1.005617778106805216e-03,9.411764705882352811e-01,3.921568627450980338e-02
1.005619778106748652e-03,8.627450980392157298e-01,-3.921568627450980338e-02
1.005621778106692088e-03,8.627450980392157298e-01,1.176470588235294101e-01
1.005623778106635524e-03,9.019607843137255054e-01,-3.921568627450980338e-02
1.005625778106578961e-03,9.411764705882352811e-01,0.000000000000000000e+00
1.005627778106522397e-03,8.627450980392157298e-01,3.921568627450980338e-02
1.005629778106465833e-03,9.019607843137255054e-01,-1.568627450980392135e-01
1.005631778106409269e-03,9.019607843137255054e-01,1.176470588235294101e-01
1.005633778106352705e-03,9.411764705882352811e-01,-3.921568627450980338e-02
1.005635778106296141e-03,8.627450980392157298e-01,0.000000000000000000e+00
1.005637778106239577e-03,8.627450980392157298e-01,3.921568627450980338e-02
1.005639778106183014e-03,9.019607843137255054e-01,-3.921568627450980338e-02
1.005641778106126450e-03,9.411764705882352811e-01,3.921568627450980338e-02
1.005643778106069886e-03,8.627450980392157298e-01,0.000000000000000000e+00
1.005645778106013322e-03,9.019607843137255054e-01,3.921568627450980338e-02
1.005647778105956758e-03,9.019607843137255054e-01,3.921568627450980338e-02
1.005649778105900194e-03,9.411764705882352811e-01,-7.843137254901960675e-02
1.005651778105843630e-03,8.627450980392157298e-01,1.176470588235294101e-01
1.005653778105787067e-03,8.627450980392157298e-01,0.000000000000000000e+00
1.005655778105730503e-03,9.019607843137255054e-01,7.843137254901960675e-02
1.005657778105673939e-03,9.411764705882352811e-01,0.000000000000000000e+00
1.005659778105617375e-03,8.627450980392157298e-01,-7.843137254901960675e-02
1.005661778105560811e-03,9.019607843137255054e-01,7.843137254901960675e-02
1.005663778105504247e-03,9.411764705882352811e-01,-7.843137254901960675e-02
1.005665778105447683e-03,9.411764705882352811e-01,0.000000000000000000e+00
1.005667778105391119e-03,8.235294117647058432e-01,7.843137254901960675e-02
1.005669778105334556e-03,9.019607843137255054e-01,-1.568627450980392135e-01
1.005671778105277992e-03,9.019607843137255054e-01,7.843137254901960675e-02
1.005673778105221428e-03,9.411764705882352811e-01,-3.921568627450980338e-02
1.005675778105164864e-03,8.627450980392157298e-01,0.000000000000000000e+00
1.005677778105108300e-03,8.627450980392157298e-01,3.921568627450980338e-02
1.005679778105051736e-03,9.019607843137255054e-01,-1.568627450980392135e-01
1.005681778104995172e-03,9.411764705882352811e-01,1.176470588235294101e-01
1.005683778104938609e-03,8.627450980392157298e-01,-3.921568627450980338e-02
1.005685778104882045e-03,8.627450980392157298e-01,0.000000000000000000e+00
1.005687778104825481e-03,8.627450980392157298e-01,7.843137254901960675e-02
1.005689778104768917e-03,9.411764705882352811e-01,-7.843137254901960675e-02
1.005691778104712353e-03,8.627450980392157298e-01,1.176470588235294101e-01
1.005693778104655789e-03,8.627450980392157298e-01,-3.921568627450980338e-02
1.005695778104599225e-03,8.627450980392157298e-01,3.921568627450980338e-02
1.005697778104542662e-03,9.411764705882352811e-01,3.921568627450980338e-02
1.005699778104486098e-03,8.627450980392157298e-01,-3.921568627450980338e-02
1.005701778104429534e-03,9.019607843137255054e-01,3.921568627450980338e-02
1.005703778104372970e-03,9.019607843137255054e-01,-3.921568627450980338e-02
1.005705778104316406e-03,9.411764705882352811e-01,0.000000000000000000e+00
1.005707778104259842e-03,8.235294117647058432e-01,7.843137254901960675e-02
1.005709778104203278e-03,8.627450980392157298e-01,-1.568627450980392135e-01
1.005711778104146715e-03,9.019607843137255054e-01,7.843137254901960675e-02
1.005713778104090151e-03,9.411764705882352811e-01,0.000000000000000000e+00
1.005715778104033587e-03,8.627450980392157298e-01,0.000000000000000000e+00
1.005717778103977023e-03,9.019607843137255054e-01,3.921568627450980338e-02
1.005719778103920459e-03,9.019607843137255054e-01,0.000000000000000000e+00
1.005721778103863895e-03,9.019607843137255054e-01,7.843137254901960675e-02
1.005723778103807331e-03,8.627450980392157298e-01,0.000000000000000000e+00
1.005725778103750767e-03,9.019607843137255054e-01,3.921568627450980338e-02
1.005727778103694204e-03,9.019607843137255054e-01,0.000000000000000000e+00
1.005729778103637640e-03,9.411764705882352811e-01,-7.843137254901960675e-02
1.005731778103581076e-03,8.627450980392157298e-01,7.843137254901960675e-02
1.005733778103524512e-03,9.019607843137255054e-01,-7.843137254901960675e-02
1.005735778103467948e-03,9.019607843137255054e-01,7.843137254901960675e-02
1.005737778103411384e-03,9.411764705882352811e-01,3.921568627450980338e-02
1.005739778103354820e-03,8.235294117647058432e-01,-7.843137254901960675e-02
1.005741778103298257e-03,8.627450980392157298e-01,3.921568627450980338e-02
1.005743778103241693e-03,9.019607843137255054e-01,-1.568627450980392135e-01
1.005745778103185129e-03,9.411764705882352811e-01,0.000000000000000000e+00
1.005747778103128565e-03,8.235294117647058432e-01,7.843137254901960675e-02
1.005749778103072001e-03,8.235294117647058432e-01,-1.568627450980392135e-01
1.005751778103015437e-03,9.019607843137255054e-01,1.176470588235294101e-01
1.005753778102958873e-03,9.411764705882352811e-01,-3.921568627450980338e-02
1.005755778102902310e-03,8.627450980392157298e-01,0.000000000000000000e+00
1.005757778102845746e-03,9.019607843137255054e-01,3.921568627450980338e-02
1.005759778102789182e-03,9.411764705882352811e-01,-3.921568627450980338e-02
1.005761778102732618e-03,9.411764705882352811e-01,7.843137254901960675e-02
1.005763778102676054e-03,8.627450980392157298e-01,-7.843137254901960675e-02
1.005765778102619490e-03,9.019607843137255054e-01,3.921568627450980338e-02
1.005767778102562926e-03,9.019607843137255054e-01,3.921568627450980338e-02
1.005769778102506362e-03,9.411764705882352811e-01,-1.568627450980392135e-01
1.005771778102449799e-03,8.627450980392157298e-01,3.921568627450980338e-02
1.005773778102393235e-03,9.019607843137255054e-01,3.921568627450980338e-02
1.005775778102336671e-03,9.019607843137255054e-01,1.960784313725490446e-01
1.005777778102280107e-03,9.019607843137255054e-01,7.843137254901960675e-02
1.005779778102223543e-03,8.627450980392157298e-01,-7.843137254901960675e-02
1.005781778102166979e-03,8.235294117647058432e-01,-1.568627450980392135e-01
1.005783778102110415e-03,9.019607843137255054e-01,-2.352941176470588203e-01
1.005785778102053852e-03,9.411764705882352811e-01,-3.921568627450980338e-02
1.005787778101997288e-03,8.627450980392157298e-01,1.176470588235294101e-01
1.005789778101940724e-03,8.235294117647058432e-01,0.000000000000000000e+00
1.005791778101884160e-03,8.627450980392157298e-01,1.568627450980392135e-01
1.005793778101827596e-03,9.411764705882352811e-01,-7.843137254901960675e-02
1.005795778101771032e-03,8.235294117647058432e-01,-3.921568627450980338e-02
1.005797778101714468e-03,8.627450980392157298e-01,7.843137254901960675e-02
1.005799778101657905e-03,9.019607843137255054e-01,0.000000000000000000e+00
1.005801778101601341e-03,9.411764705882352811e-01,7.843137254901960675e-02
1.005803778101544777e-03,8.627450980392157298e-01,0.000000000000000000e+00
1.005805778101488213e-03,9.019607843137255054e-01,0.000000000000000000e+00
1.005807778101431649e-03,9.019607843137255054e-01,0.000000000000000000e+00
1.005809778101375085e-03,9.411764705882352811e-01,-7.843137254901960675e-02
1.005811778101318521e-03,8.235294117647058432e-01,3.921568627450980338e-02
1.005813778101261958e-03,9.019607843137255054e-01,-1.568627450980392135e-01
1.005815778101205394e-03,9.019607843137255054e-01,3.921568627450980338e-02
1.005817778101148830e-03,9.411764705882352811e-01,3.921568627450980338e-02
1.005819778101092266e-03,8.627450980392157298e-01,-3.921568627450980338e-02
1.005821778101035702e-03,9.019607843137255054e-01,7.843137254901960675e-02
1.005823778100979138e-03,9.019607843137255054e-01,-3.921568627450980338e-02
1.005825778100922574e-03,9.411764705882352811e-01,0.000000000000000000e+00
1.005827778100866010e-03,8.627450980392157298e-01,7.843137254901960675e-02
1.005829778100809447e-03,9.019607843137255054e-01,-1.568627450980392135e-01
1.005831778100752883e-03,9.411764705882352811e-01,1.176470588235294101e-01
1.005833778100696319e-03,9.411764705882352811e-01,-3.921568627450980338e-02
1.005835778100639755e-03,8.627450980392157298e-01,0.000000000000000000e+00
1.005837778100583191e-03,8.627450980392157298e-01,3.921568627450980338e-02
1.005839778100526627e-03,9.019607843137255054e-01,-3.921568627450980338e-02
1.005841778100470063e-03,9.411764705882352811e-01,7.843137254901960675e-02
1.005843778100413500e-03,8.627450980392157298e-01,-3.921568627450980338e-02
1.005845778100356936e-03,9.019607843137255054e-01,7.843137254901960675e-02
1.005847778100300372e-03,9.019607843137255054e-01,7.843137254901960675e-02
1.005849778100243808e-03,9.411764705882352811e-01,-7.843137254901960675e-02
1.005851778100187244e-03,8.235294117647058432e-01,7.843137254901960675e-02
1.005853778100130680e-03,9.019607843137255054e-01,0.000000000000000000e+00
1.005855778100074116e-03,9.019607843137255054e-01,7.843137254901960675e-02
1.005857778100017553e-03,9.411764705882352811e-01,0.000000000000000000e+00
1.005859778099960989e-03,8.627450980392157298e-01,-7.843137254901960675e-02
1.005861778099904425e-03,9.019607843137255054e-01,3.921568627450980338e-02
1.005863778099847861e-03,9.411764705882352811e-01,-3.921568627450980338e-02
1.005865778099791297e-03,9.411764705882352811e-01,0.000000000000000000e+00
1.005867778099734733e-03,8.235294117647058432e-01,3.921568627450980338e-02
1.005869778099678169e-03,8.627450980392157298e-01,-1.568627450980392135e-01
1.005871778099621605e-03,8.627450980392157298e-01,1.176470588235294101e-01
1.005873778099565042e-03,9.411764705882352811e-01,-3.921568627450980338e-02
1.005875778099508478e-03,8.235294117647058432e-01,0.000000000000000000e+00
1.005877778099451914e-03,9.019607843137255054e-01,3.921568627450980338e-02
1.005879778099395350e-03,9.019607843137255054e-01,-3.921568627450980338e-02
1.005881778099338786e-03,9.411764705882352811e-01,3.921568627450980338e-02
1.005883778099282222e-03,9.019607843137255054e-01,0.000000000000000000e+00
1.005885778099225658e-03,8.627450980392157298e-01,3.921568627450980338e-02
1.005887778099169095e-03,8.627450980392157298e-01,3.921568627450980338e-02
1.005889778099112531e-03,9.019607843137255054e-01,-7.843137254901960675e-02
1.005891778099055967e-03,8.627450980392157298e-01,7.843137254901960675e-02
1.005893778098999403e-03,8.627450980392157298e-01,-7.843137254901960675e-02
1.005895778098942839e-03,9.019607843137255054e-01,7.843137254901960675e-02
1.005897778098886275e-03,9.411764705882352811e-01,0.000000000000000000e+00
1.005899778098829711e-03,8.627450980392157298e-01,-7.843137254901960675e-02
1.005901778098773148e-03,8.627450980392157298e-01,7.843137254901960675e-02
1.005903778098716584e-03,9.019607843137255054e-01,-3.921568627450980338e-02
1.005905778098660020e-03,9.411764705882352811e-01,0.000000000000000000e+00
1.005907778098603456e-03,8.235294117647058432e-01,7.843137254901960675e-02
1.005909778098546892e-03,9.019607843137255054e-01,-1.568627450980392135e-01
1.005911778098490328e-03,8.627450980392157298e-01,7.843137254901960675e-02
1.005913778098433764e-03,9.803921568627450567e-01,-3.921568627450980338e-02
1.005915778098377200e-03,8.627450980392157298e-01,0.000000000000000000e+00
1.005917778098320637e-03,8.627450980392157298e-01,7.843137254901960675e-02
1.005919778098264073e-03,9.411764705882352811e-01,-3.921568627450980338e-02
1.005921778098207509e-03,9.411764705882352811e-01,7.843137254901960675e-02
1.005923778098150945e-03,8.627450980392157298e-01,-3.921568627450980338e-02
1.005925778098094381e-03,8.627450980392157298e-01,0.000000000000000000e+00
1.005927778098037817e-03,8.627450980392157298e-01,7.843137254901960675e-02
1.005929778097981253e-03,9.411764705882352811e-01,-7.843137254901960675e-02
1.005931778097924690e-03,8.627450980392157298e-01,7.843137254901960675e-02
1.005933778097868126e-03,9.019607843137255054e-01,-1.568627450980392135e-01
1.005935778097811562e-03,9.019607843137255054e-01,7.843137254901960675e-02
1.005937778097754998e-03,9.411764705882352811e-01,3.921568627450980338e-02
1.005939778097698434e-03,9.019607843137255054e-01,-3.921568627450980338e-02
1.005941778097641870e-03,9.019607843137255054e-01,7.843137254901960675e-02
1.005943778097585306e-03,9.019607843137255054e-01,-3.921568627450980338e-02
1.005945778097528743e-03,9.411764705882352811e-01,0.000000000000000000e+00
1.005947778097472179e-03,8.235294117647058432e-01,7.843137254901960675e-02
1.005949778097415615e-03,9.019607843137255054e-01,-1.568627450980392135e-01
1.005951778097359051e-03,9.019607843137255054e-01,7.843137254901960675e-02
1.005953778097302487e-03,9.411764705882352811e-01,-3.921568627450980338e-02
1.005955778097245923e-03,8.627450980392157298e-01,-3.921568627450980338e-02
1.005957778097189359e-03,9.019607843137255054e-01,3.921568627450980338e-02
1.005959778097132796e-03,9.019607843137255054e-01,0.000000000000000000e+00
1.005961778097076232e-03,9.411764705882352811e-01,3.921568627450980338e-02
1.005963778097019668e-03,8.235294117647058432e-01,0.000000000000000000e+00
1.005965778096963104e-03,9.019607843137255054e-01,0.000000000000000000e+00
1.005967778096906540e-03,9.019607843137255054e-01,3.921568627450980338e-02
1.005969778096849976e-03,9.411764705882352811e-01,-7.843137254901960675e-02
1.005971778096793412e-03,8.235294117647058432e-01,7.843137254901960675e-02
1.005973778096736848e-03,8.627450980392157298e-01,-7.843137254901960675e-02
1.005975778096680285e-03,9.019607843137255054e-01,7.843137254901960675e-02
1.005977778096623721e-03,9.411764705882352811e-01,3.921568627450980338e-02
1.005979778096567157e-03,8.627450980392157298e-01,-7.843137254901960675e-02
1.005981778096510593e-03,8.627450980392157298e-01,3.921568627450980338e-02
1.005983778096454029e-03,8.627450980392157298e-01,-3.921568627450980338e-02
1.005985778096397465e-03,9.019607843137255054e-01,0.000000000000000000e+00
1.005987778096340901e-03,8.627450980392157298e-01,7.843137254901960675e-02
1.005989778096284338e-03,8.627450980392157298e-01,-1.568627450980392135e-01
1.005991778096227774e-03,9.019607843137255054e-01,1.176470588235294101e-01
1.005993778096171210e-03,9.411764705882352811e-01,-7.843137254901960675e-02
1.005995778096114646e-03,8.627450980392157298e-01,0.000000000000000000e+00
1.005997778096058082e-03,8.627450980392157298e-01,3.921568627450980338e-02
1.005999778096001518e-03,9.019607843137255054e-01,-3.921568627450980338e-02
1.006001778095944954e-03,9.411764705882352811e-01,7.843137254901960675e-02
1.006003778095888391e-03,8.627450980392157298e-01,-3.921568627450980338e-02
1.006005778095831827e-03,9.019607843137255054e-01,0.000000000000000000e+00
1.006007778095775263e-03,8.627450980392157298e-01,3.921568627450980338e-02
1.006009778095718699e-03,9.411764705882352811e-01,-7.843137254901960675e-02
1.006011778095662135e-03,8.627450980392157298e-01,7.843137254901960675e-02
1.006013778095605571e-03,8.627450980392157298e-01,0.000000000000000000e+00
1.006015778095549007e-03,9.019607843137255054e-01,7.843137254901960675e-02
1.006017778095492443e-03,9.411764705882352811e-01,3.921568627450980338e-02
1.006019778095435880e-03,8.627450980392157298e-01,-7.843137254901960675e-02
1.006021778095379316e-03,8.627450980392157298e-01,7.843137254901960675e-02
1.006023778095322752e-03,9.019607843137255054e-01,-3.921568627450980338e-02
1.006025778095266188e-03,9.411764705882352811e-01,0.000000000000000000e+00
1.006027778095209624e-03,8.627450980392157298e-01,7.843137254901960675e-02
1.006029778095153060e-03,9.411764705882352811e-01,-1.568627450980392135e-01
1.006031778095096496e-03,9.019607843137255054e-01,7.843137254901960675e-02
1.006033778095039933e-03,9.411764705882352811e-01,0.000000000000000000e+00
1.006035778094983369e-03,8.627450980392157298e-01,0.000000000000000000e+00
1.006037778094926805e-03,9.019607843137255054e-01,3.921568627450980338e-02
1.006039778094870241e-03,9.019607843137255054e-01,0.000000000000000000e+00
1.006041778094813677e-03,9.411764705882352811e-01,3.921568627450980338e-02
1.006043778094757113e-03,8.627450980392157298e-01,0.000000000000000000e+00
1.006045778094700549e-03,9.019607843137255054e-01,3.921568627450980338e-02
1.006047778094643986e-03,9.019607843137255054e-01,7.843137254901960675e-02
1.006049778094587422e-03,9.019607843137255054e-01,-7.843137254901960675e-02
1.006051778094530858e-03,8.627450980392157298e-01,7.843137254901960675e-02
1.006053778094474294e-03,9.019607843137255054e-01,-7.843137254901960675e-02
1.006055778094417730e-03,8.627450980392157298e-01,7.843137254901960675e-02
1.006057778094361166e-03,9.411764705882352811e-01,3.921568627450980338e-02
1.006059778094304602e-03,8.627450980392157298e-01,-7.843137254901960675e-02
1.006061778094248038e-03,9.019607843137255054e-01,7.843137254901960675e-02
1.006063778094191475e-03,9.019607843137255054e-01,-3.921568627450980338e-02
1.006065778094134911e-03,9.019607843137255054e-01,-3.921568627450980338e-02
1.006067778094078347e-03,8.627450980392157298e-01,3.921568627450980338e-02
1.006069778094021783e-03,9.411764705882352811e-01,-1.568627450980392135e-01
1.006071778093965219e-03,9.411764705882352811e-01,7.843137254901960675e-02
1.006073778093908655e-03,9.411764705882352811e-01,-7.843137254901960675e-02
1.006075778093852091e-03,8.235294117647058432e-01,0.000000000000000000e+00
1.006077778093795528e-03,9.019607843137255054e-01,3.921568627450980338e-02
1.006079778093738964e-03,9.411764705882352811e-01,-7.843137254901960675e-02
1.006081778093682400e-03,9.019607843137255054e-01,7.843137254901960675e-02
1.006083778093625836e-03,8.627450980392157298e-01,-3.921568627450980338e-02
1.006085778093569272e-03,8.627450980392157298e-01,0.000000000000000000e+00
1.006087778093512708e-03,9.019607843137255054e-01,7.843137254901960675e-02
1.006089778093456144e-03,9.411764705882352811e-01,-7.843137254901960675e-02
1.006091778093399581e-03,8.235294117647058432e-01,7.843137254901960675e-02
1.006093778093343017e-03,9.411764705882352811e-01,-7.843137254901960675e-02
1.006095778093286453e-03,9.019607843137255054e-01,3.921568627450980338e-02
1.006097778093229889e-03,9.411764705882352811e-01,3.921568627450980338e-02
1.006099778093173325e-03,8.627450980392157298e-01,-7.843137254901960675e-02
1.006101778093116761e-03,8.627450980392157298e-01,3.921568627450980338e-02
1.006103778093060197e-03,9.019607843137255054e-01,-3.921568627450980338e-02
1.006105778093003634e-03,9.411764705882352811e-01,0.000000000000000000e+00
1.006107778092947070e-03,8.627450980392157298e-01,7.843137254901960675e-02
1.006109778092890506e-03,9.411764705882352811e-01,-1.568627450980392135e-01
1.006111778092833942e-03,8.627450980392157298e-01,1.176470588235294101e-01
1.006113778092777378e-03,9.411764705882352811e-01,-3.921568627450980338e-02
1.006115778092720814e-03,8.627450980392157298e-01,0.000000000000000000e+00
1.006117778092664250e-03,8.627450980392157298e-01,3.921568627450980338e-02
1.006119778092607686e-03,9.019607843137255054e-01,0.000000000000000000e+00
1.006121778092551123e-03,9.411764705882352811e-01,3.921568627450980338e-02
1.006123778092494559e-03,8.627450980392157298e-01,-3.921568627450980338e-02
1.006125778092437995e-03,9.411764705882352811e-01,0.000000000000000000e+00
1.006127778092381431e-03,9.019607843137255054e-01,3.921568627450980338e-02
1.006129778092324867e-03,9.411764705882352811e-01,-7.843137254901960675e-02
1.006131778092268303e-03,8.627450980392157298e-01,7.843137254901960675e-02
1.006133778092211739e-03,9.019607843137255054e-01,0.000000000000000000e+00
1.006135778092155176e-03,9.019607843137255054e-01,7.843137254901960675e-02
1.006137778092098612e-03,9.411764705882352811e-01,3.921568627450980338e-02
1.006139778092042048e-03,8.627450980392157298e-01,-7.843137254901960675e-02
1.006141778091985484e-03,8.627450980392157298e-01,3.921568627450980338e-02
1.006143778091928920e-03,9.019607843137255054e-01,-3.921568627450980338e-02
1.006145778091872356e-03,9.411764705882352811e-01,0.000000000000000000e+00
1.006147778091815792e-03,8.235294117647058432e-01,7.843137254901960675e-02
1.006149778091759229e-03,9.019607843137255054e-01,-1.568627450980392135e-01
1.006151778091702665e-03,9.411764705882352811e-01,7.843137254901960675e-02
1.006153778091646101e-03,9.411764705882352811e-01,0.000000000000000000e+00
1.006155778091589537e-03,8.627450980392157298e-01,0.000000000000000000e+00
1.006157778091532973e-03,9.019607843137255054e-01,3.921568627450980338e-02
1.006159778091476409e-03,9.411764705882352811e-01,-3.921568627450980338e-02
1.006161778091419845e-03,9.019607843137255054e-01,3.921568627450980338e-02
1.006163778091363281e-03,8.627450980392157298e-01,-7.843137254901960675e-02
1.006165778091306718e-03,8.627450980392157298e-01,0.000000000000000000e+00
1.006167778091250154e-03,9.019607843137255054e-01,3.921568627450980338e-02
1.006169778091193590e-03,9.411764705882352811e-01,-3.921568627450980338e-02
1.006171778091137026e-03,8.627450980392157298e-01,1.176470588235294101e-01
1.006173778091080462e-03,9.019607843137255054e-01,-7.843137254901960675e-02
1.006175778091023898e-03,9.019607843137255054e-01,7.843137254901960675e-02
1.006177778090967334e-03,9.019607843137255054e-01,0.000000000000000000e+00
1.006179778090910771e-03,8.627450980392157298e-01,-7.843137254901960675e-02
1.006181778090854207e-03,8.627450980392157298e-01,3.921568627450980338e-02
1.006183778090797643e-03,9.019607843137255054e-01,-7.843137254901960675e-02
1.006185778090741079e-03,9.411764705882352811e-01,0.000000000000000000e+00
1.006187778090684515e-03,8.235294117647058432e-01,7.843137254901960675e-02
1.006189778090627951e-03,9.019607843137255054e-01,-1.568627450980392135e-01
1.006191778090571387e-03,9.019607843137255054e-01,1.176470588235294101e-01
1.006193778090514824e-03,9.411764705882352811e-01,-3.921568627450980338e-02
1.006195778090458260e-03,8.627450980392157298e-01,0.000000000000000000e+00
1.006197778090401696e-03,9.019607843137255054e-01,3.921568627450980338e-02
1.006199778090345132e-03,9.019607843137255054e-01,-3.921568627450980338e-02
1.006201778090288568e-03,9.411764705882352811e-01,3.921568627450980338e-02
1.006203778090232004e-03,8.235294117647058432e-01,-3.921568627450980338e-02
1.006205778090175440e-03,9.019607843137255054e-01,0.000000000000000000e+00
1.006207778090118877e-03,8.627450980392157298e-01,3.921568627450980338e-02
1.006209778090062313e-03,9.411764705882352811e-01,-7.843137254901960675e-02
1.006211778090005749e-03,8.627450980392157298e-01,7.843137254901960675e-02
1.006213778089949185e-03,8.627450980392157298e-01,-7.843137254901960675e-02
1.006215778089892621e-03,9.019607843137255054e-01,7.843137254901960675e-02
1.006217778089836057e-03,9.411764705882352811e-01,0.000000000000000000e+00
1.006219778089779493e-03,9.019607843137255054e-01,-7.843137254901960675e-02
1.006221778089722929e-03,9.019607843137255054e-01,7.843137254901960675e-02
1.006223778089666366e-03,9.019607843137255054e-01,-3.921568627450980338e-02
1.006225778089609802e-03,9.411764705882352811e-01,0.000000000000000000e+00
1.006227778089553238e-03,8.627450980392157298e-01,3.921568627450980338e-02
1.006229778089496674e-03,8.627450980392157298e-01,-1.568627450980392135e-01
1.006231778089440110e-03,9.019607843137255054e-01,1.176470588235294101e-01
1.006233778089383546e-03,9.803921568627450567e-01,0.000000000000000000e+00
1.006235778089326982e-03,8.627450980392157298e-01,0.000000000000000000e+00
1.006237778089270419e-03,8.627450980392157298e-01,3.921568627450980338e-02
1.006239778089213855e-03,9.019607843137255054e-01,0.000000000000000000e+00
1.006241778089157291e-03,9.411764705882352811e-01,3.921568627450980338e-02
1.006243778089100727e-03,8.235294117647058432e-01,0.000000000000000000e+00
1.006245778089044163e-03,9.019607843137255054e-01,0.000000000000000000e+00
1.006247778088987599e-03,8.627450980392157298e-01,7.843137254901960675e-02
1.006249778088931035e-03,9.411764705882352811e-01,-3.921568627450980338e-02
1.006251778088874472e-03,8.627450980392157298e-01,7.843137254901960675e-02
1.006253778088817908e-03,8.627450980392157298e-01,-7.843137254901960675e-02
1.006255778088761344e-03,8.627450980392157298e-01,7.843137254901960675e-02
1.006257778088704780e-03,9.411764705882352811e-01,7.843137254901960675e-02
1.006259778088648216e-03,8.627450980392157298e-01,-3.921568627450980338e-02
1.006261778088591652e-03,9.019607843137255054e-01,7.843137254901960675e-02
1.006263778088535088e-03,9.019607843137255054e-01,-3.921568627450980338e-02
1.006265778088478524e-03,9.411764705882352811e-01,-3.921568627450980338e-02
1.006267778088421961e-03,8.627450980392157298e-01,7.843137254901960675e-02
1.006269778088365397e-03,9.019607843137255054e-01,-1.568627450980392135e-01
1.006271778088308833e-03,9.019607843137255054e-01,1.176470588235294101e-01
1.006273778088252269e-03,9.411764705882352811e-01,-3.921568627450980338e-02
1.006275778088195705e-03,8.627450980392157298e-01,0.000000000000000000e+00
1.006277778088139141e-03,8.627450980392157298e-01,7.843137254901960675e-02
1.006279778088082577e-03,9.019607843137255054e-01,-3.921568627450980338e-02
1.006281778088026014e-03,9.411764705882352811e-01,7.843137254901960675e-02
1.006283778087969450e-03,8.235294117647058432e-01,-3.921568627450980338e-02
1.006285778087912886e-03,8.627450980392157298e-01,0.000000000000000000e+00
1.006287778087856322e-03,9.019607843137255054e-01,3.921568627450980338e-02
1.006289778087799758e-03,9.411764705882352811e-01,-7.843137254901960675e-02
1.006291778087743194e-03,8.627450980392157298e-01,3.921568627450980338e-02
1.006293778087686630e-03,9.019607843137255054e-01,0.000000000000000000e+00
1.006295778087630067e-03,9.019607843137255054e-01,3.921568627450980338e-02
1.006297778087573503e-03,9.411764705882352811e-01,3.921568627450980338e-02
1.006299778087516939e-03,8.627450980392157298e-01,-7.843137254901960675e-02
1.006301778087460375e-03,9.019607843137255054e-01,7.843137254901960675e-02
1.006303778087403811e-03,9.019607843137255054e-01,-7.843137254901960675e-02
1.006305778087347247e-03,9.411764705882352811e-01,-3.921568627450980338e-02
1.006307778087290683e-03,8.235294117647058432e-01,3.921568627450980338e-02
1.006309778087234119e-03,8.627450980392157298e-01,-1.568627450980392135e-01
1.006311778087177556e-03,9.019607843137255054e-01,7.843137254901960675e-02
1.006313778087120992e-03,9.411764705882352811e-01,-3.921568627450980338e-02
1.006315778087064428e-03,8.627450980392157298e-01,0.000000000000000000e+00
1.006317778087007864e-03,9.019607843137255054e-01,3.921568627450980338e-02
1.006319778086951300e-03,9.411764705882352811e-01,0.000000000000000000e+00
1.006321778086894736e-03,9.411764705882352811e-01,3.921568627450980338e-02
1.006323778086838172e-03,8.627450980392157298e-01,0.000000000000000000e+00
1.006325778086781609e-03,8.627450980392157298e-01,0.000000000000000000e+00
1.006327778086725045e-03,9.019607843137255054e-01,7.843137254901960675e-02
1.006329778086668481e-03,9.411764705882352811e-01,-3.921568627450980338e-02
1.006331778086611917e-03,8.627450980392157298e-01,3.921568627450980338e-02
1.006333778086555353e-03,9.019607843137255054e-01,0.000000000000000000e+00
1.006335778086498789e-03,9.019607843137255054e-01,3.921568627450980338e-02
1.006337778086442225e-03,9.411764705882352811e-01,3.921568627450980338e-02
1.006339778086385662e-03,9.019607843137255054e-01,-7.843137254901960675e-02
1.006341778086329098e-03,9.019607843137255054e-01,3.921568627450980338e-02
1.006343778086272534e-03,9.019607843137255054e-01,-3.921568627450980338e-02
1.006345778086215970e-03,9.411764705882352811e-01,0.000000000000000000e+00
1.006347778086159406e-03,8.627450980392157298e-01,3.921568627450980338e-02
1.006349778086102842e-03,9.019607843137255054e-01,-1.568627450980392135e-01
1.006351778086046278e-03,9.019607843137255054e-01,7.843137254901960675e-02
1.006353778085989715e-03,9.411764705882352811e-01,-7.843137254901960675e-02
1.006355778085933151e-03,8.235294117647058432e-01,0.000000000000000000e+00
1.006357778085876587e-03,8.627450980392157298e-01,7.843137254901960675e-02
1.006359778085820023e-03,9.019607843137255054e-01,-3.921568627450980338e-02
1.006361778085763459e-03,9.411764705882352811e-01,7.843137254901960675e-02
1.006363778085706895e-03,8.235294117647058432e-01,0.000000000000000000e+00
1.006365778085650331e-03,9.019607843137255054e-01,0.000000000000000000e+00
1.006367778085593767e-03,9.019607843137255054e-01,3.921568627450980338e-02
1.006369778085537204e-03,9.411764705882352811e-01,-7.843137254901960675e-02
1.006371778085480640e-03,8.627450980392157298e-01,7.843137254901960675e-02
1.006373778085424076e-03,9.019607843137255054e-01,-7.843137254901960675e-02
1.006375778085367512e-03,9.019607843137255054e-01,3.921568627450980338e-02
1.006377778085310948e-03,9.019607843137255054e-01,3.921568627450980338e-02
1.006379778085254384e-03,8.627450980392157298e-01,-7.843137254901960675e-02
1.006381778085197820e-03,8.627450980392157298e-01,7.843137254901960675e-02
1.006383778085141257e-03,8.627450980392157298e-01,-3.921568627450980338e-02
1.006385778085084693e-03,9.411764705882352811e-01,0.000000000000000000e+00
1.006387778085028129e-03,8.627450980392157298e-01,7.843137254901960675e-02
1.006389778084971565e-03,9.019607843137255054e-01,-1.568627450980392135e-01
1.006391778084915001e-03,8.627450980392157298e-01,7.843137254901960675e-02
1.006393778084858437e-03,9.411764705882352811e-01,-7.843137254901960675e-02
1.006395778084801873e-03,8.627450980392157298e-01,-3.921568627450980338e-02
1.006397778084745310e-03,8.627450980392157298e-01,7.843137254901960675e-02
1.006399778084688746e-03,9.019607843137255054e-01,-3.921568627450980338e-02
1.006401778084632182e-03,9.019607843137255054e-01,7.843137254901960675e-02
1.006403778084575618e-03,8.627450980392157298e-01,-3.921568627450980338e-02
1.006405778084519054e-03,9.019607843137255054e-01,3.921568627450980338e-02
1.006407778084462490e-03,9.019607843137255054e-01,7.843137254901960675e-02
1.006409778084405926e-03,9.411764705882352811e-01,-7.843137254901960675e-02
1.006411778084349362e-03,8.627450980392157298e-01,7.843137254901960675e-02
1.006413778084292799e-03,9.019607843137255054e-01,0.000000000000000000e+00
1.006415778084236235e-03,9.019607843137255054e-01,7.843137254901960675e-02
1.006417778084179671e-03,9.411764705882352811e-01,3.921568627450980338e-02
1.006419778084123107e-03,8.627450980392157298e-01,-7.843137254901960675e-02
1.006421778084066543e-03,9.411764705882352811e-01,3.921568627450980338e-02
1.006423778084009979e-03,9.019607843137255054e-01,-7.843137254901960675e-02
1.006425778083953415e-03,9.411764705882352811e-01,-3.921568627450980338e-02
1.006427778083896852e-03,8.627450980392157298e-01,7.843137254901960675e-02
1.006429778083840288e-03,8.627450980392157298e-01,-1.568627450980392135e-01
1.006431778083783724e-03,9.019607843137255054e-01,1.568627450980392135e-01
1.006433778083727160e-03,9.411764705882352811e-01,-7.843137254901960675e-02
1.006435778083670596e-03,8.627450980392157298e-01,0.000000000000000000e+00
1.006437778083614032e-03,8.627450980392157298e-01,7.843137254901960675e-02
1.006439778083557468e-03,9.019607843137255054e-01,-3.921568627450980338e-02
1.006441778083500905e-03,9.411764705882352811e-01,7.843137254901960675e-02
1.006443778083444341e-03,8.627450980392157298e-01,-3.921568627450980338e-02
1.006445778083387777e-03,8.627450980392157298e-01,3.921568627450980338e-02
1.006447778083331213e-03,8.627450980392157298e-01,7.843137254901960675e-02
1.006449778083274649e-03,9.411764705882352811e-01,-3.921568627450980338e-02
1.006451778083218085e-03,8.627450980392157298e-01,7.843137254901960675e-02
1.006453778083161521e-03,8.627450980392157298e-01,0.000000000000000000e+00
1.006455778083104958e-03,9.019607843137255054e-01,7.843137254901960675e-02
1.006457778083048394e-03,9.019607843137255054e-01,3.921568627450980338e-02
1.006459778082991830e-03,9.019607843137255054e-01,-7.843137254901960675e-02
1.006461778082935266e-03,8.627450980392157298e-01,3.921568627450980338e-02
1.006463778082878702e-03,9.411764705882352811e-01,-3.921568627450980338e-02
1.006465778082822138e-03,9.411764705882352811e-01,0.000000000000000000e+00
1.006467778082765574e-03,8.627450980392157298e-01,7.843137254901960675e-02
1.006469778082709010e-03,9.019607843137255054e-01,-1.568627450980392135e-01
1.006471778082652447e-03,9.019607843137255054e-01,1.176470588235294101e-01
1.006473778082595883e-03,9.411764705882352811e-01,0.000000000000000000e+00
1.006475778082539319e-03,8.235294117647058432e-01,-3.921568627450980338e-02
1.006477778082482755e-03,9.019607843137255054e-01,3.921568627450980338e-02
1.006479778082426191e-03,9.019607843137255054e-01,0.000000000000000000e+00
1.006481778082369627e-03,9.411764705882352811e-01,3.921568627450980338e-02
1.006483778082313063e-03,8.627450980392157298e-01,0.000000000000000000e+00
1.006485778082256500e-03,8.627450980392157298e-01,3.921568627450980338e-02
1.006487778082199936e-03,9.019607843137255054e-01,7.843137254901960675e-02
1.006489778082143372e-03,9.411764705882352811e-01,-7.843137254901960675e-02
1.006491778082086808e-03,8.627450980392157298e-01,7.843137254901960675e-02
1.006493778082030244e-03,9.019607843137255054e-01,0.000000000000000000e+00
1.006495778081973680e-03,9.019607843137255054e-01,7.843137254901960675e-02
1.006497778081917116e-03,9.411764705882352811e-01,0.000000000000000000e+00
1.006499778081860553e-03,8.627450980392157298e-01,-7.843137254901960675e-02
1.006501778081803989e-03,8.627450980392157298e-01,3.921568627450980338e-02
1.006503778081747425e-03,9.019607843137255054e-01,-3.921568627450980338e-02
1.006505778081690861e-03,9.411764705882352811e-01,3.921568627450980338e-02
1.006507778081634297e-03,8.235294117647058432e-01,7.843137254901960675e-02
1.006509778081577733e-03,8.627450980392157298e-01,-1.568627450980392135e-01
1.006511778081521169e-03,9.019607843137255054e-01,1.176470588235294101e-01
1.006513778081464605e-03,9.411764705882352811e-01,-3.921568627450980338e-02
1.006515778081408042e-03,8.627450980392157298e-01,0.000000000000000000e+00
1.006517778081351478e-03,8.627450980392157298e-01,3.921568627450980338e-02
1.006519778081294914e-03,9.411764705882352811e-01,-3.921568627450980338e-02
1.006521778081238350e-03,9.411764705882352811e-01,7.843137254901960675e-02
1.006523778081181786e-03,8.627450980392157298e-01,-3.921568627450980338e-02
1.006525778081125222e-03,9.019607843137255054e-01,0.000000000000000000e+00
1.006527778081068658e-03,9.019607843137255054e-01,7.843137254901960675e-02
1.006529778081012095e-03,9.411764705882352811e-01,-7.843137254901960675e-02
1.006531778080955531e-03,8.235294117647058432e-01,7.843137254901960675e-02
1.006533778080898967e-03,9.019607843137255054e-01,-7.843137254901960675e-02
1.006535778080842403e-03,9.019607843137255054e-01,7.843137254901960675e-02
1.006537778080785839e-03,9.411764705882352811e-01,3.921568627450980338e-02
1.006539778080729275e-03,9.019607843137255054e-01,-7.843137254901960675e-02
1.006541778080672711e-03,9.019607843137255054e-01,7.843137254901960675e-02
1.006543778080616148e-03,9.019607843137255054e-01,-7.843137254901960675e-02
1.006545778080559584e-03,9.411764705882352811e-01,-3.921568627450980338e-02
1.006547778080503020e-03,8.627450980392157298e-01,3.921568627450980338e-02
1.006549778080446456e-03,9.411764705882352811e-01,-1.568627450980392135e-01
1.006551778080389892e-03,9.019607843137255054e-01,1.568627450980392135e-01
1.006553778080333328e-03,9.411764705882352811e-01,0.000000000000000000e+00
1.006555778080276764e-03,8.235294117647058432e-01,-3.921568627450980338e-02
1.006557778080220200e-03,9.019607843137255054e-01,3.921568627450980338e-02
1.006559778080163637e-03,9.019607843137255054e-01,0.000000000000000000e+00
1.006561778080107073e-03,9.411764705882352811e-01,3.921568627450980338e-02
1.006563778080050509e-03,8.627450980392157298e-01,0.000000000000000000e+00
1.006565778079993945e-03,8.627450980392157298e-01,0.000000000000000000e+00
1.006567778079937381e-03,9.019607843137255054e-01,3.921568627450980338e-02
1.006569778079880817e-03,9.411764705882352811e-01,-7.843137254901960675e-02
1.006571778079824253e-03,8.235294117647058432e-01,7.843137254901960675e-02
1.006573778079767690e-03,9.019607843137255054e-01,0.000000000000000000e+00
1.006575778079711126e-03,9.019607843137255054e-01,1.176470588235294101e-01
1.006577778079654562e-03,9.411764705882352811e-01,7.843137254901960675e-02
1.006579778079597998e-03,8.627450980392157298e-01,-7.843137254901960675e-02
1.006581778079541434e-03,8.627450980392157298e-01,3.921568627450980338e-02
1.006583778079484870e-03,9.019607843137255054e-01,0.000000000000000000e+00
1.006585778079428306e-03,9.411764705882352811e-01,0.000000000000000000e+00
1.006587778079371743e-03,8.627450980392157298e-01,3.921568627450980338e-02
1.006589778079315179e-03,9.019607843137255054e-01,-1.568627450980392135e-01
1.006591778079258615e-03,9.019607843137255054e-01,1.176470588235294101e-01
1.006593778079202051e-03,9.411764705882352811e-01,-3.921568627450980338e-02
1.006595778079145487e-03,8.627450980392157298e-01,0.000000000000000000e+00
1.006597778079088923e-03,8.235294117647058432e-01,3.921568627450980338e-02
1.006599778079032359e-03,9.411764705882352811e-01,0.000000000000000000e+00
1.006601778078975796e-03,9.411764705882352811e-01,7.843137254901960675e-02
1.006603778078919232e-03,9.019607843137255054e-01,-3.921568627450980338e-02
1.006605778078862668e-03,9.019607843137255054e-01,0.000000000000000000e+00
1.006607778078806104e-03,9.019607843137255054e-01,7.843137254901960675e-02
1.006609778078749540e-03,9.411764705882352811e-01,-7.843137254901960675e-02
1.006611778078692976e-03,8.627450980392157298e-01,3.921568627450980338e-02
1.006613778078636412e-03,8.627450980392157298e-01,-7.843137254901960675e-02
1.006615778078579848e-03,9.019607843137255054e-01,1.176470588235294101e-01
1.006617778078523285e-03,9.411764705882352811e-01,3.921568627450980338e-02
1.006619778078466721e-03,8.627450980392157298e-01,-7.843137254901960675e-02
1.006621778078410157e-03,9.019607843137255054e-01,7.843137254901960675e-02
1.006623778078353593e-03,9.019607843137255054e-01,-3.921568627450980338e-02
1.006625778078297029e-03,9.411764705882352811e-01,0.000000000000000000e+00
1.006627778078240465e-03,8.627450980392157298e-01,3.921568627450980338e-02
1.006629778078183901e-03,8.627450980392157298e-01,-1.568627450980392135e-01
1.006631778078127338e-03,9.019607843137255054e-01,7.843137254901960675e-02
1.006633778078070774e-03,9.411764705882352811e-01,-3.921568627450980338e-02
1.006635778078014210e-03,8.235294117647058432e-01,0.000000000000000000e+00
1.006637778077957646e-03,9.019607843137255054e-01,3.921568627450980338e-02
1.006639778077901082e-03,9.019607843137255054e-01,0.000000000000000000e+00
1.006641778077844518e-03,9.411764705882352811e-01,3.921568627450980338e-02
1.006643778077787954e-03,8.235294117647058432e-01,-3.921568627450980338e-02
1.006645778077731391e-03,8.627450980392157298e-01,0.000000000000000000e+00
1.006647778077674827e-03,9.019607843137255054e-01,3.921568627450980338e-02
1.006649778077618263e-03,9.411764705882352811e-01,-7.843137254901960675e-02
1.006651778077561699e-03,8.627450980392157298e-01,7.843137254901960675e-02
1.006653778077505135e-03,9.019607843137255054e-01,0.000000000000000000e+00
1.006655778077448571e-03,9.019607843137255054e-01,7.843137254901960675e-02
1.006657778077392007e-03,9.411764705882352811e-01,0.000000000000000000e+00
1.006659778077335443e-03,8.627450980392157298e-01,-7.843137254901960675e-02
1.006661778077278880e-03,8.627450980392157298e-01,7.843137254901960675e-02
1.006663778077222316e-03,9.019607843137255054e-01,-3.921568627450980338e-02
1.006665778077165752e-03,9.019607843137255054e-01,0.000000000000000000e+00
1.006667778077109188e-03,8.627450980392157298e-01,7.843137254901960675e-02
1.006669778077052624e-03,9.019607843137255054e-01,-1.568627450980392135e-01
1.006671778076996060e-03,9.019607843137255054e-01,1.176470588235294101e-01
1.006673778076939496e-03,9.411764705882352811e-01,0.000000000000000000e+00
1.006675778076882933e-03,8.627450980392157298e-01,0.000000000000000000e+00
1.006677778076826369e-03,9.019607843137255054e-01,3.921568627450980338e-02
1.006679778076769805e-03,9.019607843137255054e-01,-3.921568627450980338e-02
1.006681778076713241e-03,9.411764705882352811e-01,0.000000000000000000e+00
1.006683778076656677e-03,8.627450980392157298e-01,0.000000000000000000e+00
1.006685778076600113e-03,8.235294117647058432e-01,0.000000000000000000e+00
1.006687778076543549e-03,9.019607843137255054e-01,3.921568627450980338e-02
1.006689778076486986e-03,9.411764705882352811e-01,-7.843137254901960675e-02
1.006691778076430422e-03,8.627450980392157298e-01,7.843137254901960675e-02
1.006693778076373858e-03,9.019607843137255054e-01,-7.843137254901960675e-02
1.006695778076317294e-03,9.019607843137255054e-01,7.843137254901960675e-02
1.006697778076260730e-03,9.411764705882352811e-01,7.843137254901960675e-02
1.006699778076204166e-03,9.019607843137255054e-01,-3.921568627450980338e-02
1.006701778076147602e-03,8.627450980392157298e-01,7.843137254901960675e-02
1.006703778076091038e-03,9.019607843137255054e-01,-3.921568627450980338e-02
1.006705778076034475e-03,9.411764705882352811e-01,-3.921568627450980338e-02
1.006707778075977911e-03,8.627450980392157298e-01,3.921568627450980338e-02
1.006709778075921347e-03,8.627450980392157298e-01,-1.568627450980392135e-01
1.006711778075864783e-03,9.019607843137255054e-01,7.843137254901960675e-02
1.006713778075808219e-03,9.411764705882352811e-01,-3.921568627450980338e-02
1.006715778075751655e-03,8.627450980392157298e-01,0.000000000000000000e+00
1.006717778075695091e-03,9.019607843137255054e-01,7.843137254901960675e-02
1.006719778075638528e-03,9.019607843137255054e-01,-7.843137254901960675e-02
1.006721778075581964e-03,9.411764705882352811e-01,7.843137254901960675e-02
1.006723778075525400e-03,8.627450980392157298e-01,-3.921568627450980338e-02
1.006725778075468836e-03,9.019607843137255054e-01,0.000000000000000000e+00
1.006727778075412272e-03,9.019607843137255054e-01,3.921568627450980338e-02
1.006729778075355708e-03,9.411764705882352811e-01,-7.843137254901960675e-02
1.006731778075299144e-03,8.627450980392157298e-01,3.921568627450980338e-02
1.006733778075242581e-03,9.019607843137255054e-01,0.000000000000000000e+00
1.006735778075186017e-03,9.019607843137255054e-01,7.843137254901960675e-02
1.006737778075129453e-03,9.411764705882352811e-01,7.843137254901960675e-02
1.006739778075072889e-03,8.627450980392157298e-01,-7.843137254901960675e-02
1.006741778075016325e-03,8.627450980392157298e-01,1.176470588235294101e-01
1.006743778074959761e-03,9.019607843137255054e-01,-7.843137254901960675e-02
1.006745778074903197e-03,9.411764705882352811e-01,-3.921568627450980338e-02
1.006747778074846634e-03,8.627450980392157298e-01,7.843137254901960675e-02
1.006749778074790070e-03,9.411764705882352811e-01,-1.568627450980392135e-01
1.006751778074733506e-03,9.411764705882352811e-01,7.843137254901960675e-02
1.006753778074676942e-03,9.411764705882352811e-01,0.000000000000000000e+00
1.006755778074620378e-03,8.235294117647058432e-01,0.000000000000000000e+00
1.006757778074563814e-03,8.627450980392157298e-01,3.921568627450980338e-02
1.006759778074507250e-03,9.019607843137255054e-01,0.000000000000000000e+00
1.006761778074450686e-03,9.019607843137255054e-01,3.921568627450980338e-02
1.006763778074394123e-03,8.627450980392157298e-01,0.000000000000000000e+00
1.006765778074337559e-03,9.019607843137255054e-01,0.000000000000000000e+00
1.006767778074280995e-03,9.019607843137255054e-01,3.921568627450980338e-02
1.006769778074224431e-03,9.411764705882352811e-01,-7.843137254901960675e-02
1.006771778074167867e-03,8.627450980392157298e-01,7.843137254901960675e-02
1.006773778074111303e-03,9.019607843137255054e-01,-7.843137254901960675e-02
1.006775778074054739e-03,9.019607843137255054e-01,7.843137254901960675e-02
1.006777778073998176e-03,9.411764705882352811e-01,3.921568627450980338e-02
1.006779778073941612e-03,8.627450980392157298e-01,-3.921568627450980338e-02
1.006781778073885048e-03,8.627450980392157298e-01,7.843137254901960675e-02
1.006783778073828484e-03,9.019607843137255054e-01,-3.921568627450980338e-02
1.006785778073771920e-03,9.019607843137255054e-01,0.000000000000000000e+00
1.006787778073715356e-03,8.235294117647058432e-01,3.921568627450980338e-02
1.006789778073658792e-03,9.411764705882352811e-01,-1.568627450980392135e-01
1.006791778073602229e-03,9.019607843137255054e-01,7.843137254901960675e-02
1.006793778073545665e-03,9.411764705882352811e-01,-3.921568627450980338e-02
1.006795778073489101e-03,8.235294117647058432e-01,0.000000000000000000e+00
1.006797778073432537e-03,8.627450980392157298e-01,7.843137254901960675e-02
1.006799778073375973e-03,9.411764705882352811e-01,-3.921568627450980338e-02
1.006801778073319409e-03,9.411764705882352811e-01,7.843137254901960675e-02
1.006803778073262845e-03,8.627450980392157298e-01,-3.921568627450980338e-02
1.006805778073206281e-03,9.019607843137255054e-01,0.000000000000000000e+00
1.006807778073149718e-03,9.019607843137255054e-01,7.843137254901960675e-02
1.006809778073093154e-03,9.411764705882352811e-01,-7.843137254901960675e-02
1.006811778073036590e-03,8.627450980392157298e-01,7.843137254901960675e-02
1.006813778072980026e-03,9.411764705882352811e-01,0.000000000000000000e+00
1.006815778072923462e-03,9.019607843137255054e-01,7.843137254901960675e-02
1.006817778072866898e-03,9.019607843137255054e-01,3.921568627450980338e-02
1.006819778072810334e-03,8.627450980392157298e-01,-7.843137254901960675e-02
1.006821778072753771e-03,8.235294117647058432e-01,3.921568627450980338e-02
1.006823778072697207e-03,9.019607843137255054e-01,-7.843137254901960675e-02
1.006825778072640643e-03,9.411764705882352811e-01,0.000000000000000000e+00
1.006827778072584079e-03,8.627450980392157298e-01,7.843137254901960675e-02
1.006829778072527515e-03,9.019607843137255054e-01,-1.568627450980392135e-01
1.006831778072470951e-03,8.627450980392157298e-01,1.176470588235294101e-01
1.006833778072414387e-03,9.411764705882352811e-01,-3.921568627450980338e-02
1.006835778072357824e-03,8.235294117647058432e-01,-3.921568627450980338e-02
1.006837778072301260e-03,9.019607843137255054e-01,7.843137254901960675e-02
1.006839778072244696e-03,9.411764705882352811e-01,0.000000000000000000e+00
1.006841778072188132e-03,9.411764705882352811e-01,3.921568627450980338e-02
1.006843778072131568e-03,8.627450980392157298e-01,0.000000000000000000e+00
1.006845778072075004e-03,8.627450980392157298e-01,3.921568627450980338e-02
1.006847778072018440e-03,9.019607843137255054e-01,7.843137254901960675e-02
1.006849778071961877e-03,9.411764705882352811e-01,-3.921568627450980338e-02
1.006851778071905313e-03,8.627450980392157298e-01,7.843137254901960675e-02
1.006853778071848749e-03,8.627450980392157298e-01,0.000000000000000000e+00
1.006855778071792185e-03,9.019607843137255054e-01,3.921568627450980338e-02
1.006857778071735621e-03,9.019607843137255054e-01,0.000000000000000000e+00
1.006859778071679057e-03,8.627450980392157298e-01,-1.568627450980392135e-01
1.006861778071622493e-03,9.019607843137255054e-01,3.921568627450980338e-02
1.006863778071565929e-03,9.019607843137255054e-01,-3.921568627450980338e-02
1.006865778071509366e-03,9.411764705882352811e-01,0.000000000000000000e+00
1.006867778071452802e-03,8.627450980392157298e-01,3.921568627450980338e-02
1.006869778071396238e-03,9.019607843137255054e-01,-1.568627450980392135e-01
1.006871778071339674e-03,8.627450980392157298e-01,1.176470588235294101e-01
1.006873778071283110e-03,9.411764705882352811e-01,-3.921568627450980338e-02
1.006875778071226546e-03,8.627450980392157298e-01,0.000000000000000000e+00
1.006877778071169982e-03,8.627450980392157298e-01,7.843137254901960675e-02
1.006879778071113419e-03,9.019607843137255054e-01,-3.921568627450980338e-02
1.006881778071056855e-03,9.411764705882352811e-01,7.843137254901960675e-02
1.006883778071000291e-03,8.235294117647058432e-01,0.000000000000000000e+00
1.006885778070943727e-03,8.627450980392157298e-01,0.000000000000000000e+00
1.006887778070887163e-03,9.019607843137255054e-01,3.921568627450980338e-02
1.006889778070830599e-03,9.411764705882352811e-01,-7.843137254901960675e-02
1.006891778070774035e-03,8.627450980392157298e-01,7.843137254901960675e-02
1.006893778070717472e-03,8.627450980392157298e-01,-7.843137254901960675e-02
1.006895778070660908e-03,9.019607843137255054e-01,3.921568627450980338e-02
1.006897778070604344e-03,9.411764705882352811e-01,0.000000000000000000e+00
1.006899778070547780e-03,8.627450980392157298e-01,-7.843137254901960675e-02
1.006901778070491216e-03,9.019607843137255054e-01,7.843137254901960675e-02
1.006903778070434652e-03,8.627450980392157298e-01,-3.921568627450980338e-02
1.006905778070378088e-03,9.411764705882352811e-01,0.000000000000000000e+00
1.006907778070321524e-03,8.627450980392157298e-01,7.843137254901960675e-02
1.006909778070264961e-03,9.019607843137255054e-01,-7.843137254901960675e-02
1.006911778070208397e-03,9.019607843137255054e-01,7.843137254901960675e-02
1.006913778070151833e-03,9.411764705882352811e-01,-3.921568627450980338e-02
1.006915778070095269e-03,8.235294117647058432e-01,-3.921568627450980338e-02
1.006917778070038705e-03,9.019607843137255054e-01,7.843137254901960675e-02
1.006919778069982141e-03,9.019607843137255054e-01,-7.843137254901960675e-02
1.006921778069925577e-03,9.019607843137255054e-01,7.843137254901960675e-02
1.006923778069869014e-03,8.627450980392157298e-01,-3.921568627450980338e-02
1.006925778069812450e-03,9.019607843137255054e-01,3.921568627450980338e-02
1.006927778069755886e-03,9.019607843137255054e-01,1.176470588235294101e-01
1.006929778069699322e-03,9.411764705882352811e-01,-7.843137254901960675e-02
1.006931778069642758e-03,8.235294117647058432e-01,3.921568627450980338e-02
1.006933778069586194e-03,8.627450980392157298e-01,-7.843137254901960675e-02
1.006935778069529630e-03,9.019607843137255054e-01,7.843137254901960675e-02
1.006937778069473067e-03,9.411764705882352811e-01,3.921568627450980338e-02
1.006939778069416503e-03,8.627450980392157298e-01,-3.921568627450980338e-02
1.006941778069359939e-03,9.019607843137255054e-01,3.921568627450980338e-02
1.006943778069303375e-03,9.411764705882352811e-01,0.000000000000000000e+00
1.006945778069246811e-03,9.411764705882352811e-01,0.000000000000000000e+00
1.006947778069190247e-03,8.235294117647058432e-01,7.843137254901960675e-02
1.006949778069133683e-03,8.627450980392157298e-01,-1.568627450980392135e-01
1.006951778069077119e-03,9.019607843137255054e-01,1.176470588235294101e-01
1.006953778069020556e-03,9.411764705882352811e-01,-3.921568627450980338e-02
1.006955778068963992e-03,8.627450980392157298e-01,0.000000000000000000e+00
1.006957778068907428e-03,8.627450980392157298e-01,7.843137254901960675e-02
1.006959778068850864e-03,9.019607843137255054e-01,-3.921568627450980338e-02
1.006961778068794300e-03,9.411764705882352811e-01,7.843137254901960675e-02
1.006963778068737736e-03,8.627450980392157298e-01,-3.921568627450980338e-02
1.006965778068681172e-03,9.019607843137255054e-01,0.000000000000000000e+00
1.006967778068624609e-03,8.627450980392157298e-01,3.921568627450980338e-02
1.006969778068568045e-03,9.411764705882352811e-01,-7.843137254901960675e-02
1.006971778068511481e-03,8.235294117647058432e-01,7.843137254901960675e-02
1.006973778068454917e-03,9.019607843137255054e-01,0.000000000000000000e+00
1.006975778068398353e-03,9.019607843137255054e-01,3.921568627450980338e-02
1.006977778068341789e-03,9.411764705882352811e-01,0.000000000000000000e+00
1.006979778068285225e-03,8.235294117647058432e-01,-7.843137254901960675e-02
1.006981778068228662e-03,8.627450980392157298e-01,3.921568627450980338e-02
1.006983778068172098e-03,9.411764705882352811e-01,-3.921568627450980338e-02
1.006985778068115534e-03,9.411764705882352811e-01,0.000000000000000000e+00
1.006987778068058970e-03,8.627450980392157298e-01,7.843137254901960675e-02
1.006989778068002406e-03,9.019607843137255054e-01,-1.568627450980392135e-01
1.006991778067945842e-03,9.019607843137255054e-01,1.176470588235294101e-01
1.006993778067889278e-03,9.411764705882352811e-01,-3.921568627450980338e-02
1.006995778067832715e-03,8.235294117647058432e-01,0.000000000000000000e+00
1.006997778067776151e-03,9.019607843137255054e-01,3.921568627450980338e-02
1.006999778067719587e-03,9.019607843137255054e-01,0.000000000000000000e+00
1.007001778067663023e-03,9.411764705882352811e-01,3.921568627450980338e-02
1.007003778067606459e-03,8.627450980392157298e-01,0.000000000000000000e+00
1.007005778067549895e-03,9.019607843137255054e-01,3.921568627450980338e-02
1.007007778067493331e-03,9.019607843137255054e-01,3.921568627450980338e-02
1.007009778067436767e-03,9.411764705882352811e-01,-3.921568627450980338e-02
1.007011778067380204e-03,8.627450980392157298e-01,7.843137254901960675e-02
1.007013778067323640e-03,9.019607843137255054e-01,0.000000000000000000e+00
1.007015778067267076e-03,9.019607843137255054e-01,3.921568627450980338e-02
1.007017778067210512e-03,9.411764705882352811e-01,3.921568627450980338e-02
1.007019778067153948e-03,8.235294117647058432e-01,-7.843137254901960675e-02
1.007021778067097384e-03,9.019607843137255054e-01,7.843137254901960675e-02
1.007023778067040820e-03,9.411764705882352811e-01,0.000000000000000000e+00
1.007025778066984257e-03,9.411764705882352811e-01,-3.921568627450980338e-02
1.007027778066927693e-03,8.235294117647058432e-01,3.921568627450980338e-02
1.007029778066871129e-03,8.627450980392157298e-01,-1.568627450980392135e-01
1.007031778066814565e-03,9.019607843137255054e-01,7.843137254901960675e-02
1.007033778066758001e-03,9.411764705882352811e-01,0.000000000000000000e+00
1.007035778066701437e-03,8.627450980392157298e-01,0.000000000000000000e+00
1.007037778066644873e-03,9.019607843137255054e-01,7.843137254901960675e-02
1.007039778066588310e-03,9.019607843137255054e-01,-3.921568627450980338e-02
1.007041778066531746e-03,9.019607843137255054e-01,7.843137254901960675e-02
1.007043778066475182e-03,8.627450980392157298e-01,0.000000000000000000e+00
1.007045778066418618e-03,8.627450980392157298e-01,0.000000000000000000e+00
1.007047778066362054e-03,8.627450980392157298e-01,7.843137254901960675e-02
1.007049778066305490e-03,9.411764705882352811e-01,-7.843137254901960675e-02
1.007051778066248926e-03,8.235294117647058432e-01,7.843137254901960675e-02
1.007053778066192362e-03,9.019607843137255054e-01,0.000000000000000000e+00
1.007055778066135799e-03,9.019607843137255054e-01,7.843137254901960675e-02
1.007057778066079235e-03,9.411764705882352811e-01,7.843137254901960675e-02
1.007059778066022671e-03,8.235294117647058432e-01,-7.843137254901960675e-02
1.007061778065966107e-03,9.019607843137255054e-01,7.843137254901960675e-02
1.007063778065909543e-03,9.411764705882352811e-01,0.000000000000000000e+00
1.007065778065852979e-03,9.411764705882352811e-01,-3.921568627450980338e-02
1.007067778065796415e-03,8.627450980392157298e-01,7.843137254901960675e-02
1.007069778065739852e-03,9.019607843137255054e-01,-1.568627450980392135e-01
1.007071778065683288e-03,9.019607843137255054e-01,1.568627450980392135e-01
1.007073778065626724e-03,9.411764705882352811e-01,0.000000000000000000e+00
1.007075778065570160e-03,8.627450980392157298e-01,0.000000000000000000e+00
1.007077778065513596e-03,9.019607843137255054e-01,3.921568627450980338e-02
1.007079778065457032e-03,9.411764705882352811e-01,-3.921568627450980338e-02
1.007081778065400468e-03,9.411764705882352811e-01,7.843137254901960675e-02
1.007083778065343905e-03,8.235294117647058432e-01,0.000000000000000000e+00
1.007085778065287341e-03,8.627450980392157298e-01,3.921568627450980338e-02
1.007087778065230777e-03,8.627450980392157298e-01,3.921568627450980338e-02
1.007089778065174213e-03,9.411764705882352811e-01,-7.843137254901960675e-02
1.007091778065117649e-03,8.627450980392157298e-01,3.921568627450980338e-02
1.007093778065061085e-03,8.627450980392157298e-01,-7.843137254901960675e-02
1.007095778065004521e-03,8.627450980392157298e-01,3.921568627450980338e-02
1.007097778064947958e-03,9.411764705882352811e-01,3.921568627450980338e-02
1.007099778064891394e-03,8.627450980392157298e-01,-7.843137254901960675e-02
1.007101778064834830e-03,9.019607843137255054e-01,1.176470588235294101e-01
1.007103778064778266e-03,9.019607843137255054e-01,0.000000000000000000e+00
1.007105778064721702e-03,9.411764705882352811e-01,-3.921568627450980338e-02
1.007107778064665138e-03,8.235294117647058432e-01,3.921568627450980338e-02
1.007109778064608574e-03,9.411764705882352811e-01,-1.568627450980392135e-01
1.007111778064552010e-03,9.411764705882352811e-01,1.176470588235294101e-01
1.007113778064495447e-03,9.411764705882352811e-01,0.000000000000000000e+00
1.007115778064438883e-03,8.235294117647058432e-01,0.000000000000000000e+00
1.007117778064382319e-03,8.627450980392157298e-01,7.843137254901960675e-02
1.007119778064325755e-03,9.019607843137255054e-01,-3.921568627450980338e-02
1.007121778064269191e-03,9.411764705882352811e-01,7.843137254901960675e-02
1.007123778064212627e-03,8.627450980392157298e-01,-3.921568627450980338e-02
1.007125778064156063e-03,9.019607843137255054e-01,3.921568627450980338e-02
1.007127778064099500e-03,9.411764705882352811e-01,7.843137254901960675e-02
1.007129778064042936e-03,9.411764705882352811e-01,-7.843137254901960675e-02
1.007131778063986372e-03,8.627450980392157298e-01,7.843137254901960675e-02
1.007133778063929808e-03,8.627450980392157298e-01,-7.843137254901960675e-02
1.007135778063873244e-03,8.627450980392157298e-01,3.921568627450980338e-02
1.007137778063816680e-03,9.411764705882352811e-01,0.000000000000000000e+00
1.007139778063760116e-03,8.627450980392157298e-01,-7.843137254901960675e-02
1.007141778063703553e-03,8.627450980392157298e-01,7.843137254901960675e-02
1.007143778063646989e-03,9.019607843137255054e-01,-3.921568627450980338e-02
1.007145778063590425e-03,9.019607843137255054e-01,0.000000000000000000e+00
1.007147778063533861e-03,8.235294117647058432e-01,3.921568627450980338e-02
1.007149778063477297e-03,8.627450980392157298e-01,-1.568627450980392135e-01
1.007151778063420733e-03,9.019607843137255054e-01,7.843137254901960675e-02
1.007153778063364169e-03,9.411764705882352811e-01,0.000000000000000000e+00
1.007155778063307605e-03,8.235294117647058432e-01,0.000000000000000000e+00
1.007157778063251042e-03,9.019607843137255054e-01,3.921568627450980338e-02
1.007159778063194478e-03,9.411764705882352811e-01,0.000000000000000000e+00
1.007161778063137914e-03,9.411764705882352811e-01,0.000000000000000000e+00
1.007163778063081350e-03,8.235294117647058432e-01,0.000000000000000000e+00
1.007165778063024786e-03,9.411764705882352811e-01,0.000000000000000000e+00
1.007167778062968222e-03,9.019607843137255054e-01,3.921568627450980338e-02
1.007169778062911658e-03,9.411764705882352811e-01,-7.843137254901960675e-02
1.007171778062855095e-03,8.235294117647058432e-01,7.843137254901960675e-02
1.007173778062798531e-03,9.019607843137255054e-01,0.000000000000000000e+00
1.007175778062741967e-03,9.019607843137255054e-01,7.843137254901960675e-02
1.007177778062685403e-03,9.019607843137255054e-01,3.921568627450980338e-02
1.007179778062628839e-03,9.019607843137255054e-01,-7.843137254901960675e-02
1.007181778062572275e-03,8.627450980392157298e-01,7.843137254901960675e-02
1.007183778062515711e-03,9.019607843137255054e-01,0.000000000000000000e+00
1.007185778062459148e-03,9.411764705882352811e-01,0.000000000000000000e+00
1.007187778062402584e-03,8.627450980392157298e-01,3.921568627450980338e-02
1.007189778062346020e-03,9.019607843137255054e-01,-1.568627450980392135e-01
1.007191778062289456e-03,9.019607843137255054e-01,7.843137254901960675e-02
1.007193778062232892e-03,9.803921568627450567e-01,-3.921568627450980338e-02
1.007195778062176328e-03,8.235294117647058432e-01,0.000000000000000000e+00
1.007197778062119764e-03,8.627450980392157298e-01,3.921568627450980338e-02
1.007199778062063200e-03,9.019607843137255054e-01,-3.921568627450980338e-02
1.007201778062006637e-03,9.411764705882352811e-01,7.843137254901960675e-02
1.007203778061950073e-03,8.627450980392157298e-01,0.000000000000000000e+00
1.007205778061893509e-03,8.627450980392157298e-01,0.000000000000000000e+00
1.007207778061836945e-03,9.019607843137255054e-01,7.843137254901960675e-02
1.007209778061780381e-03,9.411764705882352811e-01,-7.843137254901960675e-02
1.007211778061723817e-03,8.627450980392157298e-01,7.843137254901960675e-02
1.007213778061667253e-03,8.627450980392157298e-01,0.000000000000000000e+00
1.007215778061610690e-03,9.019607843137255054e-01,7.843137254901960675e-02
1.007217778061554126e-03,9.411764705882352811e-01,3.921568627450980338e-02
1.007219778061497562e-03,8.627450980392157298e-01,-7.843137254901960675e-02
1.007221778061440998e-03,8.627450980392157298e-01,7.843137254901960675e-02
1.007223778061384434e-03,9.019607843137255054e-01,0.000000000000000000e+00
1.007225778061327870e-03,9.411764705882352811e-01,-3.921568627450980338e-02
1.007227778061271306e-03,8.235294117647058432e-01,7.843137254901960675e-02
1.007229778061214743e-03,9.019607843137255054e-01,-1.960784313725490169e-01
1.007231778061158179e-03,9.019607843137255054e-01,7.843137254901960675e-02
1.007233778061101615e-03,9.411764705882352811e-01,-3.921568627450980338e-02
1.007235778061045051e-03,8.627450980392157298e-01,0.000000000000000000e+00
1.007237778060988487e-03,8.627450980392157298e-01,7.843137254901960675e-02
1.007239778060931923e-03,9.019607843137255054e-01,-3.921568627450980338e-02
1.007241778060875359e-03,9.411764705882352811e-01,7.843137254901960675e-02
1.007243778060818796e-03,8.627450980392157298e-01,0.000000000000000000e+00
1.007245778060762232e-03,8.627450980392157298e-01,3.921568627450980338e-02
1.007247778060705668e-03,9.019607843137255054e-01,7.843137254901960675e-02
1.007249778060649104e-03,9.411764705882352811e-01,-7.843137254901960675e-02
1.007251778060592540e-03,8.235294117647058432e-01,7.843137254901960675e-02
1.007253778060535976e-03,9.019607843137255054e-01,0.000000000000000000e+00
1.007255778060479412e-03,8.627450980392157298e-01,7.843137254901960675e-02
1.007257778060422848e-03,9.411764705882352811e-01,3.921568627450980338e-02
1.007259778060366285e-03,8.627450980392157298e-01,-7.843137254901960675e-02
1.007261778060309721e-03,8.627450980392157298e-01,3.921568627450980338e-02
1.007263778060253157e-03,9.019607843137255054e-01,-3.921568627450980338e-02
1.007265778060196593e-03,9.411764705882352811e-01,0.000000000000000000e+00
1.007267778060140029e-03,8.627450980392157298e-01,1.176470588235294101e-01
1.007269778060083465e-03,8.235294117647058432e-01,-1.568627450980392135e-01
1.007271778060026901e-03,9.411764705882352811e-01,1.176470588235294101e-01
1.007273778059970338e-03,9.411764705882352811e-01,-3.921568627450980338e-02
1.007275778059913774e-03,8.627450980392157298e-01,-3.921568627450980338e-02
1.007277778059857210e-03,9.019607843137255054e-01,7.843137254901960675e-02
1.007279778059800646e-03,8.627450980392157298e-01,-7.843137254901960675e-02
1.007281778059744082e-03,9.411764705882352811e-01,7.843137254901960675e-02
1.007283778059687518e-03,8.627450980392157298e-01,0.000000000000000000e+00
1.007285778059630954e-03,8.627450980392157298e-01,3.921568627450980338e-02
1.007287778059574391e-03,9.019607843137255054e-01,7.843137254901960675e-02
1.007289778059517827e-03,9.411764705882352811e-01,-7.843137254901960675e-02
1.007291778059461263e-03,8.235294117647058432e-01,7.843137254901960675e-02
1.007293778059404699e-03,8.627450980392157298e-01,0.000000000000000000e+00
1.007295778059348135e-03,8.627450980392157298e-01,7.843137254901960675e-02
1.007297778059291571e-03,9.411764705882352811e-01,3.921568627450980338e-02
1.007299778059235007e-03,8.627450980392157298e-01,-7.843137254901960675e-02
1.007301778059178443e-03,9.019607843137255054e-01,3.921568627450980338e-02
1.007303778059121880e-03,9.019607843137255054e-01,-3.921568627450980338e-02
1.007305778059065316e-03,9.411764705882352811e-01,-3.921568627450980338e-02
1.007307778059008752e-03,8.235294117647058432e-01,3.921568627450980338e-02
1.007309778058952188e-03,9.019607843137255054e-01,-1.960784313725490169e-01
1.007311778058895624e-03,9.019607843137255054e-01,1.568627450980392135e-01
1.007313778058839060e-03,9.019607843137255054e-01,-7.843137254901960675e-02
1.007315778058782496e-03,8.235294117647058432e-01,-3.921568627450980338e-02
1.007317778058725933e-03,9.019607843137255054e-01,3.921568627450980338e-02
1.007319778058669369e-03,9.019607843137255054e-01,-3.921568627450980338e-02
1.007321778058612805e-03,9.019607843137255054e-01,7.843137254901960675e-02
1.007323778058556241e-03,8.627450980392157298e-01,0.000000000000000000e+00
1.007325778058499677e-03,8.627450980392157298e-01,0.000000000000000000e+00
1.007327778058443113e-03,9.019607843137255054e-01,7.843137254901960675e-02
1.007329778058386549e-03,9.411764705882352811e-01,-7.843137254901960675e-02
1.007331778058329986e-03,8.627450980392157298e-01,7.843137254901960675e-02
1.007333778058273422e-03,9.411764705882352811e-01,0.000000000000000000e+00
1.007335778058216858e-03,8.627450980392157298e-01,3.921568627450980338e-02
1.007337778058160294e-03,9.411764705882352811e-01,3.921568627450980338e-02
1.007339778058103730e-03,8.235294117647058432e-01,-7.843137254901960675e-02
1.007341778058047166e-03,8.627450980392157298e-01,7.843137254901960675e-02
1.007343778057990602e-03,9.019607843137255054e-01,-3.921568627450980338e-02
1.007345778057934038e-03,9.411764705882352811e-01,0.000000000000000000e+00
1.007347778057877475e-03,8.235294117647058432e-01,3.921568627450980338e-02
1.007349778057820911e-03,8.235294117647058432e-01,-1.568627450980392135e-01
1.007351778057764347e-03,8.627450980392157298e-01,1.176470588235294101e-01
1.007353778057707783e-03,9.411764705882352811e-01,-7.843137254901960675e-02
1.007355778057651219e-03,8.627450980392157298e-01,0.000000000000000000e+00
1.007357778057594655e-03,8.627450980392157298e-01,3.921568627450980338e-02
1.007359778057538091e-03,9.019607843137255054e-01,-3.921568627450980338e-02
1.007361778057481528e-03,9.019607843137255054e-01,7.843137254901960675e-02
1.007363778057424964e-03,8.627450980392157298e-01,0.000000000000000000e+00
1.007365778057368400e-03,9.019607843137255054e-01,3.921568627450980338e-02
1.007367778057311836e-03,9.019607843137255054e-01,7.843137254901960675e-02
1.007369778057255272e-03,9.411764705882352811e-01,-7.843137254901960675e-02
1.007371778057198708e-03,8.235294117647058432e-01,7.843137254901960675e-02
1.007373778057142144e-03,9.019607843137255054e-01,0.000000000000000000e+00
1.007375778057085581e-03,9.019607843137255054e-01,7.843137254901960675e-02
1.007377778057029017e-03,9.411764705882352811e-01,3.921568627450980338e-02
1.007379778056972453e-03,8.627450980392157298e-01,-7.843137254901960675e-02
1.007381778056915889e-03,8.627450980392157298e-01,7.843137254901960675e-02
1.007383778056859325e-03,8.627450980392157298e-01,0.000000000000000000e+00
1.007385778056802761e-03,9.411764705882352811e-01,0.000000000000000000e+00
1.007387778056746197e-03,8.235294117647058432e-01,7.843137254901960675e-02
1.007389778056689634e-03,9.019607843137255054e-01,-7.843137254901960675e-02
1.007391778056633070e-03,9.019607843137255054e-01,1.176470588235294101e-01
1.007393778056576506e-03,9.411764705882352811e-01,0.000000000000000000e+00
1.007395778056519942e-03,8.627450980392157298e-01,-3.921568627450980338e-02
1.007397778056463378e-03,8.627450980392157298e-01,7.843137254901960675e-02
1.007399778056406814e-03,9.411764705882352811e-01,-7.843137254901960675e-02
1.007401778056350250e-03,9.411764705882352811e-01,7.843137254901960675e-02
1.007403778056293686e-03,9.019607843137255054e-01,0.000000000000000000e+00
1.007405778056237123e-03,8.627450980392157298e-01,3.921568627450980338e-02
1.007407778056180559e-03,9.019607843137255054e-01,7.843137254901960675e-02
1.007409778056123995e-03,9.411764705882352811e-01,-7.843137254901960675e-02
1.007411778056067431e-03,8.235294117647058432e-01,7.843137254901960675e-02
1.007413778056010867e-03,9.019607843137255054e-01,0.000000000000000000e+00
1.007415778055954303e-03,9.019607843137255054e-01,7.843137254901960675e-02
1.007417778055897739e-03,9.019607843137255054e-01,3.921568627450980338e-02
1.007419778055841176e-03,8.235294117647058432e-01,-3.921568627450980338e-02
1.007421778055784612e-03,9.019607843137255054e-01,3.921568627450980338e-02
1.007423778055728048e-03,9.019607843137255054e-01,-3.921568627450980338e-02
1.007425778055671484e-03,9.411764705882352811e-01,0.000000000000000000e+00
1.007427778055614920e-03,8.235294117647058432e-01,7.843137254901960675e-02
1.007429778055558356e-03,9.019607843137255054e-01,-7.843137254901960675e-02
1.007431778055501792e-03,9.019607843137255054e-01,1.568627450980392135e-01
1.007433778055445229e-03,9.411764705882352811e-01,-3.921568627450980338e-02
1.007435778055388665e-03,8.235294117647058432e-01,-3.921568627450980338e-02
1.007437778055332101e-03,9.019607843137255054e-01,3.921568627450980338e-02
1.007439778055275537e-03,9.019607843137255054e-01,-7.843137254901960675e-02
1.007441778055218973e-03,9.411764705882352811e-01,7.843137254901960675e-02
1.007443778055162409e-03,8.627450980392157298e-01,-3.921568627450980338e-02
1.007445778055105845e-03,8.627450980392157298e-01,3.921568627450980338e-02
1.007447778055049281e-03,8.627450980392157298e-01,7.843137254901960675e-02
1.007449778054992718e-03,9.411764705882352811e-01,-7.843137254901960675e-02
1.007451778054936154e-03,8.627450980392157298e-01,7.843137254901960675e-02
1.007453778054879590e-03,8.627450980392157298e-01,-1.568627450980392135e-01
1.007455778054823026e-03,9.019607843137255054e-01,3.921568627450980338e-02
1.007457778054766462e-03,9.019607843137255054e-01,0.000000000000000000e+00
1.007459778054709898e-03,8.627450980392157298e-01,-3.921568627450980338e-02
1.007461778054653334e-03,8.627450980392157298e-01,7.843137254901960675e-02
1.007463778054596771e-03,9.019607843137255054e-01,-3.921568627450980338e-02
1.007465778054540207e-03,8.627450980392157298e-01,0.000000000000000000e+00
1.007467778054483643e-03,8.235294117647058432e-01,7.843137254901960675e-02
1.007469778054427079e-03,8.627450980392157298e-01,-1.568627450980392135e-01
1.007471778054370515e-03,8.627450980392157298e-01,1.568627450980392135e-01
1.007473778054313951e-03,9.411764705882352811e-01,-3.921568627450980338e-02
1.007475778054257387e-03,8.627450980392157298e-01,0.000000000000000000e+00
1.007477778054200824e-03,9.019607843137255054e-01,7.843137254901960675e-02
1.007479778054144260e-03,9.411764705882352811e-01,-3.921568627450980338e-02
1.007481778054087696e-03,9.411764705882352811e-01,7.843137254901960675e-02
1.007483778054031132e-03,8.235294117647058432e-01,0.000000000000000000e+00
1.007485778053974568e-03,8.627450980392157298e-01,3.921568627450980338e-02
1.007487778053918004e-03,9.019607843137255054e-01,7.843137254901960675e-02
1.007489778053861440e-03,9.019607843137255054e-01,-7.843137254901960675e-02
1.007491778053804877e-03,8.235294117647058432e-01,7.843137254901960675e-02
1.007493778053748313e-03,8.627450980392157298e-01,0.000000000000000000e+00
1.007495778053691749e-03,9.019607843137255054e-01,7.843137254901960675e-02
1.007497778053635185e-03,9.411764705882352811e-01,3.921568627450980338e-02
1.007499778053578621e-03,8.235294117647058432e-01,-7.843137254901960675e-02
1.007501778053522057e-03,9.019607843137255054e-01,7.843137254901960675e-02
1.007503778053465493e-03,8.627450980392157298e-01,-7.843137254901960675e-02
1.007505778053408929e-03,9.411764705882352811e-01,0.000000000000000000e+00
1.007507778053352366e-03,8.235294117647058432e-01,7.843137254901960675e-02
1.007509778053295802e-03,8.627450980392157298e-01,-1.568627450980392135e-01
1.007511778053239238e-03,9.411764705882352811e-01,1.176470588235294101e-01
1.007513778053182674e-03,9.411764705882352811e-01,-3.921568627450980338e-02
1.007515778053126110e-03,8.235294117647058432e-01,0.000000000000000000e+00
1.007517778053069546e-03,9.019607843137255054e-01,7.843137254901960675e-02
1.007519778053012982e-03,9.411764705882352811e-01,-7.843137254901960675e-02
1.007521778052956419e-03,9.411764705882352811e-01,7.843137254901960675e-02
1.007523778052899855e-03,8.627450980392157298e-01,0.000000000000000000e+00
1.007525778052843291e-03,8.627450980392157298e-01,3.921568627450980338e-02
1.007527778052786727e-03,8.627450980392157298e-01,7.843137254901960675e-02
1.007529778052730163e-03,9.411764705882352811e-01,-7.843137254901960675e-02
1.007531778052673599e-03,8.235294117647058432e-01,7.843137254901960675e-02
1.007533778052617035e-03,8.627450980392157298e-01,0.000000000000000000e+00
1.007535778052560472e-03,9.019607843137255054e-01,7.843137254901960675e-02
1.007537778052503908e-03,9.411764705882352811e-01,0.000000000000000000e+00
1.007539778052447344e-03,8.627450980392157298e-01,-7.843137254901960675e-02
1.007541778052390780e-03,9.019607843137255054e-01,7.843137254901960675e-02
1.007543778052334216e-03,9.019607843137255054e-01,0.000000000000000000e+00
1.007545778052277652e-03,9.411764705882352811e-01,0.000000000000000000e+00
1.007547778052221088e-03,8.627450980392157298e-01,7.843137254901960675e-02
1.007549778052164524e-03,9.019607843137255054e-01,-1.568627450980392135e-01
1.007551778052107961e-03,9.019607843137255054e-01,1.176470588235294101e-01
1.007553778052051397e-03,9.411764705882352811e-01,-3.921568627450980338e-02
1.007555778051994833e-03,8.627450980392157298e-01,-3.921568627450980338e-02
1.007557778051938269e-03,8.235294117647058432e-01,7.843137254901960675e-02
1.007559778051881705e-03,9.019607843137255054e-01,-3.921568627450980338e-02
1.007561778051825141e-03,9.411764705882352811e-01,7.843137254901960675e-02
1.007563778051768577e-03,8.627450980392157298e-01,0.000000000000000000e+00
1.007565778051712014e-03,9.019607843137255054e-01,3.921568627450980338e-02
1.007567778051655450e-03,9.019607843137255054e-01,7.843137254901960675e-02
1.007569778051598886e-03,9.411764705882352811e-01,-7.843137254901960675e-02
1.007571778051542322e-03,8.627450980392157298e-01,7.843137254901960675e-02
1.007573778051485758e-03,9.019607843137255054e-01,0.000000000000000000e+00
1.007575778051429194e-03,8.627450980392157298e-01,3.921568627450980338e-02
1.007577778051372630e-03,9.411764705882352811e-01,3.921568627450980338e-02
1.007579778051316067e-03,8.627450980392157298e-01,-7.843137254901960675e-02
1.007581778051259503e-03,8.627450980392157298e-01,7.843137254901960675e-02
1.007583778051202939e-03,9.019607843137255054e-01,-3.921568627450980338e-02
1.007585778051146375e-03,9.411764705882352811e-01,-3.921568627450980338e-02
1.007587778051089811e-03,8.235294117647058432e-01,7.843137254901960675e-02
1.007589778051033247e-03,8.627450980392157298e-01,-1.568627450980392135e-01
1.007591778050976683e-03,8.627450980392157298e-01,1.176470588235294101e-01
1.007593778050920119e-03,9.411764705882352811e-01,-3.921568627450980338e-02
1.007595778050863556e-03,8.627450980392157298e-01,0.000000000000000000e+00
1.007597778050806992e-03,9.019607843137255054e-01,3.921568627450980338e-02
1.007599778050750428e-03,9.411764705882352811e-01,-3.921568627450980338e-02
1.007601778050693864e-03,9.411764705882352811e-01,7.843137254901960675e-02
1.007603778050637300e-03,8.235294117647058432e-01,0.000000000000000000e+00
1.007605778050580736e-03,9.019607843137255054e-01,3.921568627450980338e-02
1.007607778050524172e-03,9.411764705882352811e-01,7.843137254901960675e-02
1.007609778050467609e-03,9.411764705882352811e-01,-7.843137254901960675e-02
1.007611778050411045e-03,8.627450980392157298e-01,7.843137254901960675e-02
1.007613778050354481e-03,9.019607843137255054e-01,-7.843137254901960675e-02
1.007615778050297917e-03,9.019607843137255054e-01,7.843137254901960675e-02
1.007617778050241353e-03,9.411764705882352811e-01,7.843137254901960675e-02
1.007619778050184789e-03,8.627450980392157298e-01,-7.843137254901960675e-02
1.007621778050128225e-03,8.235294117647058432e-01,3.921568627450980338e-02
1.007623778050071662e-03,9.019607843137255054e-01,-3.921568627450980338e-02
1.007625778050015098e-03,9.411764705882352811e-01,0.000000000000000000e+00
1.007627778049958534e-03,8.627450980392157298e-01,7.843137254901960675e-02
1.007629778049901970e-03,9.019607843137255054e-01,-7.843137254901960675e-02
1.007631778049845406e-03,9.019607843137255054e-01,1.176470588235294101e-01
1.007633778049788842e-03,9.411764705882352811e-01,-3.921568627450980338e-02
1.007635778049732278e-03,8.235294117647058432e-01,-3.921568627450980338e-02
1.007637778049675715e-03,8.627450980392157298e-01,7.843137254901960675e-02
1.007639778049619151e-03,9.019607843137255054e-01,-3.921568627450980338e-02
1.007641778049562587e-03,9.411764705882352811e-01,7.843137254901960675e-02
1.007643778049506023e-03,8.627450980392157298e-01,0.000000000000000000e+00
1.007645778049449459e-03,8.627450980392157298e-01,3.921568627450980338e-02
1.007647778049392895e-03,9.019607843137255054e-01,1.176470588235294101e-01
1.007649778049336331e-03,9.411764705882352811e-01,-7.843137254901960675e-02
1.007651778049279767e-03,8.627450980392157298e-01,7.843137254901960675e-02
1.007653778049223204e-03,9.019607843137255054e-01,-3.921568627450980338e-02
1.007655778049166640e-03,9.019607843137255054e-01,3.921568627450980338e-02
1.007657778049110076e-03,9.019607843137255054e-01,3.921568627450980338e-02
1.007659778049053512e-03,8.235294117647058432e-01,-7.843137254901960675e-02
1.007661778048996948e-03,9.019607843137255054e-01,1.568627450980392135e-01
1.007663778048940384e-03,9.019607843137255054e-01,-3.921568627450980338e-02
1.007665778048883820e-03,9.411764705882352811e-01,0.000000000000000000e+00
1.007667778048827257e-03,8.235294117647058432e-01,3.921568627450980338e-02
1.007669778048770693e-03,9.019607843137255054e-01,-1.568627450980392135e-01
1.007671778048714129e-03,9.019607843137255054e-01,1.176470588235294101e-01
1.007673778048657565e-03,9.803921568627450567e-01,-3.921568627450980338e-02
1.007675778048601001e-03,8.627450980392157298e-01,0.000000000000000000e+00
1.007677778048544437e-03,9.019607843137255054e-01,3.921568627450980338e-02
1.007679778048487873e-03,9.019607843137255054e-01,-3.921568627450980338e-02
1.007681778048431310e-03,9.411764705882352811e-01,7.843137254901960675e-02
1.007683778048374746e-03,8.235294117647058432e-01,0.000000000000000000e+00
1.007685778048318182e-03,8.235294117647058432e-01,3.921568627450980338e-02
1.007687778048261618e-03,9.019607843137255054e-01,7.843137254901960675e-02
1.007689778048205054e-03,9.411764705882352811e-01,-7.843137254901960675e-02
1.007691778048148490e-03,8.627450980392157298e-01,7.843137254901960675e-02
1.007693778048091926e-03,8.627450980392157298e-01,0.000000000000000000e+00
1.007695778048035362e-03,9.019607843137255054e-01,7.843137254901960675e-02
1.007697778047978799e-03,9.411764705882352811e-01,7.843137254901960675e-02
1.007699778047922235e-03,8.627450980392157298e-01,-3.921568627450980338e-02
1.007701778047865671e-03,9.019607843137255054e-01,7.843137254901960675e-02
1.007703778047809107e-03,9.019607843137255054e-01,-3.921568627450980338e-02
1.007705778047752543e-03,9.411764705882352811e-01,0.000000000000000000e+00
1.007707778047695979e-03,8.235294117647058432e-01,7.843137254901960675e-02
1.007709778047639415e-03,8.235294117647058432e-01,-1.568627450980392135e-01
1.007711778047582852e-03,8.627450980392157298e-01,7.843137254901960675e-02
1.007713778047526288e-03,9.411764705882352811e-01,0.000000000000000000e+00
1.007715778047469724e-03,8.235294117647058432e-01,-3.921568627450980338e-02
1.007717778047413160e-03,8.627450980392157298e-01,3.921568627450980338e-02
1.007719778047356596e-03,9.019607843137255054e-01,-7.843137254901960675e-02
1.007721778047300032e-03,9.411764705882352811e-01,7.843137254901960675e-02
1.007723778047243468e-03,8.627450980392157298e-01,0.000000000000000000e+00
1.007725778047186905e-03,8.627450980392157298e-01,0.000000000000000000e+00
1.007727778047130341e-03,9.019607843137255054e-01,7.843137254901960675e-02
1.007729778047073777e-03,9.411764705882352811e-01,-7.843137254901960675e-02
1.007731778047017213e-03,8.627450980392157298e-01,3.921568627450980338e-02
1.007733778046960649e-03,9.019607843137255054e-01,-3.921568627450980338e-02
1.007735778046904085e-03,9.019607843137255054e-01,7.843137254901960675e-02
1.007737778046847521e-03,9.411764705882352811e-01,3.921568627450980338e-02
1.007739778046790958e-03,8.627450980392157298e-01,-7.843137254901960675e-02
1.007741778046734394e-03,8.627450980392157298e-01,1.176470588235294101e-01
1.007743778046677830e-03,8.627450980392157298e-01,-3.921568627450980338e-02
1.007745778046621266e-03,9.411764705882352811e-01,-3.921568627450980338e-02
1.007747778046564702e-03,8.627450980392157298e-01,7.843137254901960675e-02
1.007749778046508138e-03,9.411764705882352811e-01,-1.568627450980392135e-01
1.007751778046451574e-03,9.411764705882352811e-01,1.568627450980392135e-01
1.007753778046395010e-03,9.411764705882352811e-01,-3.921568627450980338e-02
1.007755778046338447e-03,8.627450980392157298e-01,-3.921568627450980338e-02
1.007757778046281883e-03,8.627450980392157298e-01,3.921568627450980338e-02
1.007759778046225319e-03,9.411764705882352811e-01,-3.921568627450980338e-02
1.007761778046168755e-03,9.411764705882352811e-01,1.176470588235294101e-01
1.007763778046112191e-03,8.627450980392157298e-01,0.000000000000000000e+00
1.007765778046055627e-03,9.019607843137255054e-01,3.921568627450980338e-02
1.007767778045999063e-03,9.019607843137255054e-01,3.921568627450980338e-02
1.007769778045942500e-03,9.411764705882352811e-01,-7.843137254901960675e-02
1.007771778045885936e-03,8.627450980392157298e-01,7.843137254901960675e-02
1.007773778045829372e-03,9.019607843137255054e-01,-7.843137254901960675e-02
1.007775778045772808e-03,9.019607843137255054e-01,7.843137254901960675e-02
1.007777778045716244e-03,9.411764705882352811e-01,3.921568627450980338e-02
1.007779778045659680e-03,8.627450980392157298e-01,-3.921568627450980338e-02
1.007781778045603116e-03,8.627450980392157298e-01,7.843137254901960675e-02
1.007783778045546553e-03,9.019607843137255054e-01,-3.921568627450980338e-02
1.007785778045489989e-03,9.411764705882352811e-01,0.000000000000000000e+00
1.007787778045433425e-03,8.627450980392157298e-01,7.843137254901960675e-02
1.007789778045376861e-03,9.019607843137255054e-01,-1.568627450980392135e-01
1.007791778045320297e-03,9.019607843137255054e-01,1.176470588235294101e-01
1.007793778045263733e-03,9.411764705882352811e-01,-7.843137254901960675e-02
1.007795778045207169e-03,8.627450980392157298e-01,0.000000000000000000e+00
1.007797778045150605e-03,8.627450980392157298e-01,3.921568627450980338e-02
1.007799778045094042e-03,9.019607843137255054e-01,-3.921568627450980338e-02
1.007801778045037478e-03,9.411764705882352811e-01,7.843137254901960675e-02
1.007803778044980914e-03,8.235294117647058432e-01,-3.921568627450980338e-02
1.007805778044924350e-03,8.627450980392157298e-01,3.921568627450980338e-02
1.007807778044867786e-03,9.019607843137255054e-01,7.843137254901960675e-02
1.007809778044811222e-03,9.411764705882352811e-01,-7.843137254901960675e-02
1.007811778044754658e-03,8.627450980392157298e-01,7.843137254901960675e-02
1.007813778044698095e-03,9.019607843137255054e-01,0.000000000000000000e+00
1.007815778044641531e-03,9.019607843137255054e-01,7.843137254901960675e-02
1.007817778044584967e-03,9.411764705882352811e-01,3.921568627450980338e-02
1.007819778044528403e-03,9.019607843137255054e-01,-7.843137254901960675e-02
1.007821778044471839e-03,9.019607843137255054e-01,7.843137254901960675e-02
1.007823778044415275e-03,9.019607843137255054e-01,-3.921568627450980338e-02
1.007825778044358711e-03,9.411764705882352811e-01,0.000000000000000000e+00
1.007827778044302148e-03,8.235294117647058432e-01,7.843137254901960675e-02
1.007829778044245584e-03,9.019607843137255054e-01,-1.568627450980392135e-01
1.007831778044189020e-03,8.627450980392157298e-01,7.843137254901960675e-02
1.007833778044132456e-03,9.411764705882352811e-01,-3.921568627450980338e-02
1.007835778044075892e-03,8.627450980392157298e-01,0.000000000000000000e+00
1.007837778044019328e-03,9.019607843137255054e-01,3.921568627450980338e-02
1.007839778043962764e-03,9.019607843137255054e-01,0.000000000000000000e+00
1.007841778043906200e-03,9.411764705882352811e-01,3.921568627450980338e-02
1.007843778043849637e-03,8.235294117647058432e-01,0.000000000000000000e+00
1.007845778043793073e-03,8.627450980392157298e-01,3.921568627450980338e-02
1.007847778043736509e-03,9.019607843137255054e-01,3.921568627450980338e-02
1.007849778043679945e-03,9.411764705882352811e-01,-7.843137254901960675e-02
1.007851778043623381e-03,8.627450980392157298e-01,7.843137254901960675e-02
1.007853778043566817e-03,9.019607843137255054e-01,0.000000000000000000e+00
1.007855778043510253e-03,9.019607843137255054e-01,3.921568627450980338e-02
1.007857778043453690e-03,9.411764705882352811e-01,3.921568627450980338e-02
1.007859778043397126e-03,8.627450980392157298e-01,-3.921568627450980338e-02
1.007861778043340562e-03,8.627450980392157298e-01,3.921568627450980338e-02
1.007863778043283998e-03,8.627450980392157298e-01,-3.921568627450980338e-02
1.007865778043227434e-03,9.411764705882352811e-01,-3.921568627450980338e-02
1.007867778043170870e-03,8.627450980392157298e-01,7.843137254901960675e-02
1.007869778043114306e-03,8.627450980392157298e-01,-1.568627450980392135e-01
1.007871778043057743e-03,9.019607843137255054e-01,1.176470588235294101e-01
1.007873778043001179e-03,9.411764705882352811e-01,-3.921568627450980338e-02
1.007875778042944615e-03,9.019607843137255054e-01,0.000000000000000000e+00
1.007877778042888051e-03,9.019607843137255054e-01,7.843137254901960675e-02
1.007879778042831487e-03,9.411764705882352811e-01,-7.843137254901960675e-02
1.007881778042774923e-03,9.019607843137255054e-01,7.843137254901960675e-02
1.007883778042718359e-03,9.019607843137255054e-01,-3.921568627450980338e-02
1.007885778042661796e-03,8.235294117647058432e-01,0.000000000000000000e+00
1.007887778042605232e-03,8.627450980392157298e-01,1.176470588235294101e-01
1.007889778042548668e-03,9.411764705882352811e-01,-7.843137254901960675e-02
1.007891778042492104e-03,8.627450980392157298e-01,7.843137254901960675e-02
1.007893778042435540e-03,9.019607843137255054e-01,0.000000000000000000e+00
1.007895778042378976e-03,8.627450980392157298e-01,3.921568627450980338e-02
1.007897778042322412e-03,9.411764705882352811e-01,3.921568627450980338e-02
1.007899778042265848e-03,8.627450980392157298e-01,-7.843137254901960675e-02
1.007901778042209285e-03,9.019607843137255054e-01,3.921568627450980338e-02
1.007903778042152721e-03,9.019607843137255054e-01,-3.921568627450980338e-02
1.007905778042096157e-03,9.411764705882352811e-01,0.000000000000000000e+00
1.007907778042039593e-03,8.235294117647058432e-01,7.843137254901960675e-02
1.007909778041983029e-03,9.019607843137255054e-01,-1.568627450980392135e-01
1.007911778041926465e-03,9.019607843137255054e-01,1.176470588235294101e-01
1.007913778041869901e-03,9.411764705882352811e-01,0.000000000000000000e+00
1.007915778041813338e-03,7.843137254901960675e-01,0.000000000000000000e+00
1.007917778041756774e-03,8.627450980392157298e-01,7.843137254901960675e-02
1.007919778041700210e-03,9.019607843137255054e-01,0.000000000000000000e+00
1.007921778041643646e-03,9.019607843137255054e-01,3.921568627450980338e-02
1.007923778041587082e-03,8.235294117647058432e-01,0.000000000000000000e+00
1.007925778041530518e-03,9.019607843137255054e-01,0.000000000000000000e+00
1.007927778041473954e-03,9.019607843137255054e-01,7.843137254901960675e-02
1.007929778041417391e-03,9.411764705882352811e-01,-7.843137254901960675e-02
1.007931778041360827e-03,8.627450980392157298e-01,7.843137254901960675e-02
1.007933778041304263e-03,9.019607843137255054e-01,-3.921568627450980338e-02
1.007935778041247699e-03,9.019607843137255054e-01,7.843137254901960675e-02
1.007937778041191135e-03,9.411764705882352811e-01,0.000000000000000000e+00
1.007939778041134571e-03,8.627450980392157298e-01,-7.843137254901960675e-02
1.007941778041078007e-03,8.627450980392157298e-01,3.921568627450980338e-02
1.007943778041021443e-03,9.019607843137255054e-01,-3.921568627450980338e-02
1.007945778040964880e-03,9.411764705882352811e-01,0.000000000000000000e+00
1.007947778040908316e-03,8.235294117647058432e-01,7.843137254901960675e-02
1.007949778040851752e-03,8.235294117647058432e-01,-1.568627450980392135e-01
1.007951778040795188e-03,9.019607843137255054e-01,1.176470588235294101e-01
1.007953778040738624e-03,9.411764705882352811e-01,0.000000000000000000e+00
1.007955778040682060e-03,8.627450980392157298e-01,0.000000000000000000e+00
1.007957778040625496e-03,8.627450980392157298e-01,7.843137254901960675e-02
1.007959778040568933e-03,9.019607843137255054e-01,-1.568627450980392135e-01
1.007961778040512369e-03,9.411764705882352811e-01,7.843137254901960675e-02
1.007963778040455805e-03,8.235294117647058432e-01,0.000000000000000000e+00
1.007965778040399241e-03,8.627450980392157298e-01,0.000000000000000000e+00
1.007967778040342677e-03,8.627450980392157298e-01,7.843137254901960675e-02
1.007969778040286113e-03,9.411764705882352811e-01,-7.843137254901960675e-02
1.007971778040229549e-03,8.627450980392157298e-01,7.843137254901960675e-02
1.007973778040172986e-03,9.019607843137255054e-01,-7.843137254901960675e-02
1.007975778040116422e-03,9.019607843137255054e-01,7.843137254901960675e-02
1.007977778040059858e-03,9.019607843137255054e-01,7.843137254901960675e-02
1.007979778040003294e-03,8.627450980392157298e-01,-7.843137254901960675e-02
1.007981778039946730e-03,8.627450980392157298e-01,7.843137254901960675e-02
1.007983778039890166e-03,9.019607843137255054e-01,-3.921568627450980338e-02
1.007985778039833602e-03,9.411764705882352811e-01,0.000000000000000000e+00
1.007987778039777038e-03,8.627450980392157298e-01,7.843137254901960675e-02
1.007989778039720475e-03,9.019607843137255054e-01,-1.568627450980392135e-01
1.007991778039663911e-03,9.019607843137255054e-01,1.176470588235294101e-01
1.007993778039607347e-03,9.411764705882352811e-01,0.000000000000000000e+00
1.007995778039550783e-03,8.627450980392157298e-01,-3.921568627450980338e-02
1.007997778039494219e-03,8.627450980392157298e-01,7.843137254901960675e-02
1.007999778039437655e-03,9.019607843137255054e-01,-3.921568627450980338e-02
1.008001778039381091e-03,9.411764705882352811e-01,7.843137254901960675e-02
1.008003778039324528e-03,8.235294117647058432e-01,0.000000000000000000e+00
1.008005778039267964e-03,9.019607843137255054e-01,3.921568627450980338e-02
1.008007778039211400e-03,9.019607843137255054e-01,7.843137254901960675e-02
1.008009778039154836e-03,9.411764705882352811e-01,-7.843137254901960675e-02
1.008011778039098272e-03,8.627450980392157298e-01,7.843137254901960675e-02
1.008013778039041708e-03,9.019607843137255054e-01,-1.568627450980392135e-01
1.008015778038985144e-03,9.019607843137255054e-01,3.921568627450980338e-02
1.008017778038928581e-03,9.411764705882352811e-01,7.843137254901960675e-02
1.008019778038872017e-03,8.627450980392157298e-01,-7.843137254901960675e-02
1.008021778038815453e-03,9.019607843137255054e-01,1.176470588235294101e-01
1.008023778038758889e-03,9.019607843137255054e-01,-3.921568627450980338e-02
1.008025778038702325e-03,9.411764705882352811e-01,0.000000000000000000e+00
1.008027778038645761e-03,8.627450980392157298e-01,7.843137254901960675e-02
1.008029778038589197e-03,9.019607843137255054e-01,-1.568627450980392135e-01
1.008031778038532634e-03,9.019607843137255054e-01,1.568627450980392135e-01
1.008033778038476070e-03,9.411764705882352811e-01,-7.843137254901960675e-02
1.008035778038419506e-03,8.627450980392157298e-01,-3.921568627450980338e-02
1.008037778038362942e-03,8.627450980392157298e-01,7.843137254901960675e-02
1.008039778038306378e-03,8.627450980392157298e-01,-7.843137254901960675e-02
1.008041778038249814e-03,9.411764705882352811e-01,1.176470588235294101e-01
1.008043778038193250e-03,8.235294117647058432e-01,0.000000000000000000e+00
1.008045778038136686e-03,8.235294117647058432e-01,3.921568627450980338e-02
1.008047778038080123e-03,9.019607843137255054e-01,7.843137254901960675e-02
1.008049778038023559e-03,9.411764705882352811e-01,-7.843137254901960675e-02
1.008051778037966995e-03,8.627450980392157298e-01,3.921568627450980338e-02
1.008053778037910431e-03,8.627450980392157298e-01,0.000000000000000000e+00
1.008055778037853867e-03,9.019607843137255054e-01,3.921568627450980338e-02
1.008057778037797303e-03,9.411764705882352811e-01,3.921568627450980338e-02
1.008059778037740739e-03,8.627450980392157298e-01,-7.843137254901960675e-02
1.008061778037684176e-03,9.019607843137255054e-01,1.176470588235294101e-01
1.008063778037627612e-03,9.019607843137255054e-01,-3.921568627450980338e-02
1.008065778037571048e-03,9.411764705882352811e-01,0.000000000000000000e+00
1.008067778037514484e-03,8.627450980392157298e-01,7.843137254901960675e-02
1.008069778037457920e-03,9.019607843137255054e-01,-1.568627450980392135e-01
1.008071778037401356e-03,8.627450980392157298e-01,1.568627450980392135e-01
1.008073778037344792e-03,9.411764705882352811e-01,-3.921568627450980338e-02
1.008075778037288229e-03,8.627450980392157298e-01,0.000000000000000000e+00
1.008077778037231665e-03,8.627450980392157298e-01,3.921568627450980338e-02
1.008079778037175101e-03,9.019607843137255054e-01,-1.568627450980392135e-01
1.008081778037118537e-03,9.411764705882352811e-01,7.843137254901960675e-02
1.008083778037061973e-03,8.627450980392157298e-01,-3.921568627450980338e-02
1.008085778037005409e-03,8.627450980392157298e-01,3.921568627450980338e-02
1.008087778036948845e-03,9.411764705882352811e-01,7.843137254901960675e-02
1.008089778036892281e-03,9.411764705882352811e-01,-7.843137254901960675e-02
1.008091778036835718e-03,8.627450980392157298e-01,3.921568627450980338e-02
1.008093778036779154e-03,9.411764705882352811e-01,0.000000000000000000e+00
1.008095778036722590e-03,9.019607843137255054e-01,7.843137254901960675e-02
1.008097778036666026e-03,9.411764705882352811e-01,3.921568627450980338e-02
1.008099778036609462e-03,8.627450980392157298e-01,-7.843137254901960675e-02
1.008101778036552898e-03,8.627450980392157298e-01,7.843137254901960675e-02
1.008103778036496334e-03,9.019607843137255054e-01,-3.921568627450980338e-02
1.008105778036439771e-03,9.411764705882352811e-01,0.000000000000000000e+00
1.008107778036383207e-03,8.235294117647058432e-01,7.843137254901960675e-02
1.008109778036326643e-03,9.411764705882352811e-01,-1.568627450980392135e-01
1.008111778036270079e-03,9.019607843137255054e-01,1.176470588235294101e-01
1.008113778036213515e-03,9.411764705882352811e-01,0.000000000000000000e+00
1.008115778036156951e-03,8.627450980392157298e-01,-3.921568627450980338e-02
1.008117778036100387e-03,8.627450980392157298e-01,7.843137254901960675e-02
1.008119778036043824e-03,9.019607843137255054e-01,0.000000000000000000e+00
1.008121778035987260e-03,9.411764705882352811e-01,3.921568627450980338e-02
1.008123778035930696e-03,8.235294117647058432e-01,0.000000000000000000e+00
1.008125778035874132e-03,9.019607843137255054e-01,0.000000000000000000e+00
1.008127778035817568e-03,9.019607843137255054e-01,7.843137254901960675e-02
1.008129778035761004e-03,9.411764705882352811e-01,-3.921568627450980338e-02
1.008131778035704440e-03,8.235294117647058432e-01,7.843137254901960675e-02
1.008133778035647877e-03,8.627450980392157298e-01,-7.843137254901960675e-02
1.008135778035591313e-03,9.019607843137255054e-01,7.843137254901960675e-02
1.008137778035534749e-03,9.019607843137255054e-01,3.921568627450980338e-02
1.008139778035478185e-03,8.235294117647058432e-01,-7.843137254901960675e-02
1.008141778035421621e-03,8.235294117647058432e-01,7.843137254901960675e-02
1.008143778035365057e-03,8.627450980392157298e-01,-3.921568627450980338e-02
1.008145778035308493e-03,9.411764705882352811e-01,-3.921568627450980338e-02
1.008147778035251929e-03,8.627450980392157298e-01,7.843137254901960675e-02
1.008149778035195366e-03,8.627450980392157298e-01,-1.568627450980392135e-01
1.008151778035138802e-03,9.019607843137255054e-01,1.568627450980392135e-01
1.008153778035082238e-03,9.411764705882352811e-01,-7.843137254901960675e-02
1.008155778035025674e-03,8.627450980392157298e-01,0.000000000000000000e+00
1.008157778034969110e-03,8.627450980392157298e-01,3.921568627450980338e-02
1.008159778034912546e-03,9.019607843137255054e-01,0.000000000000000000e+00
1.008161778034855982e-03,9.411764705882352811e-01,7.843137254901960675e-02
1.008163778034799419e-03,8.627450980392157298e-01,0.000000000000000000e+00
1.008165778034742855e-03,8.627450980392157298e-01,0.000000000000000000e+00
1.008167778034686291e-03,9.019607843137255054e-01,7.843137254901960675e-02
1.008169778034629727e-03,9.411764705882352811e-01,-7.843137254901960675e-02
1.008171778034573163e-03,8.235294117647058432e-01,7.843137254901960675e-02
1.008173778034516599e-03,8.627450980392157298e-01,0.000000000000000000e+00
1.008175778034460035e-03,9.019607843137255054e-01,7.843137254901960675e-02
1.008177778034403472e-03,9.019607843137255054e-01,3.921568627450980338e-02
1.008179778034346908e-03,8.627450980392157298e-01,-7.843137254901960675e-02
1.008181778034290344e-03,9.019607843137255054e-01,7.843137254901960675e-02
1.008183778034233780e-03,9.019607843137255054e-01,-3.921568627450980338e-02
1.008185778034177216e-03,9.411764705882352811e-01,-7.843137254901960675e-02
1.008187778034120652e-03,8.627450980392157298e-01,7.843137254901960675e-02
1.008189778034064088e-03,9.019607843137255054e-01,-1.568627450980392135e-01
1.008191778034007524e-03,9.019607843137255054e-01,1.176470588235294101e-01
1.008193778033950961e-03,9.411764705882352811e-01,-3.921568627450980338e-02
1.008195778033894397e-03,8.627450980392157298e-01,-3.921568627450980338e-02
1.008197778033837833e-03,9.019607843137255054e-01,7.843137254901960675e-02
1.008199778033781269e-03,8.627450980392157298e-01,-7.843137254901960675e-02
1.008201778033724705e-03,9.411764705882352811e-01,7.843137254901960675e-02
1.008203778033668141e-03,8.235294117647058432e-01,0.000000000000000000e+00
1.008205778033611577e-03,8.627450980392157298e-01,0.000000000000000000e+00
1.008207778033555014e-03,9.019607843137255054e-01,3.921568627450980338e-02
1.008209778033498450e-03,9.411764705882352811e-01,-7.843137254901960675e-02
1.008211778033441886e-03,8.627450980392157298e-01,7.843137254901960675e-02
1.008213778033385322e-03,9.019607843137255054e-01,0.000000000000000000e+00
1.008215778033328758e-03,9.019607843137255054e-01,7.843137254901960675e-02
1.008217778033272194e-03,9.411764705882352811e-01,7.843137254901960675e-02
1.008219778033215630e-03,8.627450980392157298e-01,-3.921568627450980338e-02
1.008221778033159067e-03,9.019607843137255054e-01,7.843137254901960675e-02
1.008223778033102503e-03,9.019607843137255054e-01,-3.921568627450980338e-02
1.008225778033045939e-03,9.019607843137255054e-01,-3.921568627450980338e-02
1.008227778032989375e-03,8.235294117647058432e-01,7.843137254901960675e-02
1.008229778032932811e-03,9.019607843137255054e-01,-1.568627450980392135e-01
1.008231778032876247e-03,9.019607843137255054e-01,1.568627450980392135e-01
1.008233778032819683e-03,9.411764705882352811e-01,-3.921568627450980338e-02
1.008235778032763119e-03,8.627450980392157298e-01,0.000000000000000000e+00
1.008237778032706556e-03,8.627450980392157298e-01,3.921568627450980338e-02
1.008239778032649992e-03,9.019607843137255054e-01,-3.921568627450980338e-02
1.008241778032593428e-03,9.019607843137255054e-01,1.176470588235294101e-01
1.008243778032536864e-03,8.627450980392157298e-01,0.000000000000000000e+00
1.008245778032480300e-03,9.019607843137255054e-01,3.921568627450980338e-02
1.008247778032423736e-03,9.019607843137255054e-01,7.843137254901960675e-02
1.008249778032367172e-03,9.411764705882352811e-01,-7.843137254901960675e-02
1.008251778032310609e-03,8.627450980392157298e-01,3.921568627450980338e-02
1.008253778032254045e-03,9.019607843137255054e-01,-7.843137254901960675e-02
1.008255778032197481e-03,9.019607843137255054e-01,7.843137254901960675e-02
1.008257778032140917e-03,9.019607843137255054e-01,7.843137254901960675e-02
1.008259778032084353e-03,8.627450980392157298e-01,-7.843137254901960675e-02
1.008261778032027789e-03,8.627450980392157298e-01,7.843137254901960675e-02
1.008263778031971225e-03,9.019607843137255054e-01,-3.921568627450980338e-02
1.008265778031914662e-03,9.411764705882352811e-01,0.000000000000000000e+00
1.008267778031858098e-03,8.627450980392157298e-01,7.843137254901960675e-02
1.008269778031801534e-03,9.019607843137255054e-01,-1.568627450980392135e-01
1.008271778031744970e-03,9.019607843137255054e-01,1.176470588235294101e-01
1.008273778031688406e-03,9.411764705882352811e-01,0.000000000000000000e+00
1.008275778031631842e-03,8.627450980392157298e-01,0.000000000000000000e+00
1.008277778031575278e-03,8.627450980392157298e-01,7.843137254901960675e-02
1.008279778031518715e-03,9.019607843137255054e-01,-7.843137254901960675e-02
1.008281778031462151e-03,9.411764705882352811e-01,7.843137254901960675e-02
1.008283778031405587e-03,8.235294117647058432e-01,-3.921568627450980338e-02
1.008285778031349023e-03,8.627450980392157298e-01,3.921568627450980338e-02
1.008287778031292459e-03,9.019607843137255054e-01,7.843137254901960675e-02
1.008289778031235895e-03,9.411764705882352811e-01,-7.843137254901960675e-02
1.008291778031179331e-03,8.235294117647058432e-01,3.921568627450980338e-02
1.008293778031122767e-03,8.627450980392157298e-01,-3.921568627450980338e-02
1.008295778031066204e-03,8.627450980392157298e-01,3.921568627450980338e-02
1.008297778031009640e-03,9.019607843137255054e-01,3.921568627450980338e-02
1.008299778030953076e-03,8.627450980392157298e-01,-3.921568627450980338e-02
1.008301778030896512e-03,8.235294117647058432e-01,1.176470588235294101e-01
1.008303778030839948e-03,9.019607843137255054e-01,-3.921568627450980338e-02
1.008305778030783384e-03,9.411764705882352811e-01,-3.921568627450980338e-02
1.008307778030726820e-03,8.627450980392157298e-01,7.843137254901960675e-02
1.008309778030670257e-03,9.019607843137255054e-01,-7.843137254901960675e-02
1.008311778030613693e-03,9.019607843137255054e-01,7.843137254901960675e-02
1.008313778030557129e-03,9.411764705882352811e-01,0.000000000000000000e+00
1.008315778030500565e-03,8.627450980392157298e-01,-3.921568627450980338e-02
1.008317778030444001e-03,9.019607843137255054e-01,3.921568627450980338e-02
1.008319778030387437e-03,8.627450980392157298e-01,-3.921568627450980338e-02
1.008321778030330873e-03,9.411764705882352811e-01,3.921568627450980338e-02
1.008323778030274310e-03,8.627450980392157298e-01,0.000000000000000000e+00
1.008325778030217746e-03,8.627450980392157298e-01,0.000000000000000000e+00
1.008327778030161182e-03,9.019607843137255054e-01,3.921568627450980338e-02
1.008329778030104618e-03,9.411764705882352811e-01,-7.843137254901960675e-02
1.008331778030048054e-03,8.235294117647058432e-01,7.843137254901960675e-02
1.008333778029991490e-03,8.627450980392157298e-01,0.000000000000000000e+00
1.008335778029934926e-03,9.019607843137255054e-01,3.921568627450980338e-02
1.008337778029878362e-03,9.019607843137255054e-01,3.921568627450980338e-02
1.008339778029821799e-03,8.627450980392157298e-01,-7.843137254901960675e-02
1.008341778029765235e-03,9.019607843137255054e-01,3.921568627450980338e-02
1.008343778029708671e-03,9.411764705882352811e-01,-3.921568627450980338e-02
1.008345778029652107e-03,9.411764705882352811e-01,0.000000000000000000e+00
1.008347778029595543e-03,8.627450980392157298e-01,1.176470588235294101e-01
1.008349778029538979e-03,9.019607843137255054e-01,-1.568627450980392135e-01
1.008351778029482415e-03,9.019607843137255054e-01,1.568627450980392135e-01
1.008353778029425852e-03,9.411764705882352811e-01,-7.843137254901960675e-02
1.008355778029369288e-03,8.627450980392157298e-01,0.000000000000000000e+00
1.008357778029312724e-03,8.627450980392157298e-01,3.921568627450980338e-02
1.008359778029256160e-03,9.411764705882352811e-01,-3.921568627450980338e-02
1.008361778029199596e-03,9.411764705882352811e-01,7.843137254901960675e-02
1.008363778029143032e-03,8.627450980392157298e-01,0.000000000000000000e+00
1.008365778029086468e-03,8.627450980392157298e-01,0.000000000000000000e+00
1.008367778029029905e-03,8.627450980392157298e-01,7.843137254901960675e-02
1.008369778028973341e-03,9.411764705882352811e-01,-3.921568627450980338e-02
1.008371778028916777e-03,8.235294117647058432e-01,7.843137254901960675e-02
1.008373778028860213e-03,9.019607843137255054e-01,0.000000000000000000e+00
1.008375778028803649e-03,9.019607843137255054e-01,7.843137254901960675e-02
1.008377778028747085e-03,9.411764705882352811e-01,3.921568627450980338e-02
1.008379778028690521e-03,8.627450980392157298e-01,-7.843137254901960675e-02
1.008381778028633958e-03,9.019607843137255054e-01,3.921568627450980338e-02
1.008383778028577394e-03,9.019607843137255054e-01,-3.921568627450980338e-02
1.008385778028520830e-03,9.411764705882352811e-01,0.000000000000000000e+00
1.008387778028464266e-03,8.627450980392157298e-01,3.921568627450980338e-02
1.008389778028407702e-03,9.019607843137255054e-01,-1.568627450980392135e-01
1.008391778028351138e-03,8.627450980392157298e-01,1.176470588235294101e-01
1.008393778028294574e-03,9.019607843137255054e-01,0.000000000000000000e+00
1.008395778028238010e-03,8.235294117647058432e-01,0.000000000000000000e+00
1.008397778028181447e-03,8.235294117647058432e-01,7.843137254901960675e-02
1.008399778028124883e-03,9.411764705882352811e-01,-3.921568627450980338e-02
1.008401778028068319e-03,9.411764705882352811e-01,7.843137254901960675e-02
1.008403778028011755e-03,8.627450980392157298e-01,0.000000000000000000e+00
1.008405778027955191e-03,9.019607843137255054e-01,0.000000000000000000e+00
1.008407778027898627e-03,9.019607843137255054e-01,3.921568627450980338e-02
1.008409778027842063e-03,9.411764705882352811e-01,-7.843137254901960675e-02
1.008411778027785500e-03,8.627450980392157298e-01,7.843137254901960675e-02
1.008413778027728936e-03,8.627450980392157298e-01,0.000000000000000000e+00
1.008415778027672372e-03,9.019607843137255054e-01,1.176470588235294101e-01
1.008417778027615808e-03,9.411764705882352811e-01,3.921568627450980338e-02
1.008419778027559244e-03,8.627450980392157298e-01,-7.843137254901960675e-02
1.008421778027502680e-03,8.627450980392157298e-01,7.843137254901960675e-02
1.008423778027446116e-03,8.627450980392157298e-01,-3.921568627450980338e-02
1.008425778027389553e-03,9.411764705882352811e-01,0.000000000000000000e+00
1.008427778027332989e-03,8.235294117647058432e-01,3.921568627450980338e-02
1.008429778027276425e-03,9.019607843137255054e-01,-1.568627450980392135e-01
1.008431778027219861e-03,9.019607843137255054e-01,7.843137254901960675e-02
1.008433778027163297e-03,9.411764705882352811e-01,-3.921568627450980338e-02
1.008435778027106733e-03,8.627450980392157298e-01,-3.921568627450980338e-02
1.008437778027050169e-03,8.627450980392157298e-01,7.843137254901960675e-02
1.008439778026993605e-03,9.019607843137255054e-01,0.000000000000000000e+00
1.008441778026937042e-03,9.019607843137255054e-01,7.843137254901960675e-02
1.008443778026880478e-03,8.235294117647058432e-01,0.000000000000000000e+00
1.008445778026823914e-03,9.019607843137255054e-01,3.921568627450980338e-02
1.008447778026767350e-03,9.019607843137255054e-01,7.843137254901960675e-02
1.008449778026710786e-03,9.019607843137255054e-01,-7.843137254901960675e-02
1.008451778026654222e-03,8.235294117647058432e-01,7.843137254901960675e-02
1.008453778026597658e-03,8.627450980392157298e-01,0.000000000000000000e+00
1.008455778026541095e-03,8.627450980392157298e-01,7.843137254901960675e-02
1.008457778026484531e-03,9.411764705882352811e-01,3.921568627450980338e-02
1.008459778026427967e-03,8.627450980392157298e-01,-3.921568627450980338e-02
1.008461778026371403e-03,9.019607843137255054e-01,7.843137254901960675e-02
1.008463778026314839e-03,9.019607843137255054e-01,0.000000000000000000e+00
1.008465778026258275e-03,9.411764705882352811e-01,0.000000000000000000e+00
1.008467778026201711e-03,8.627450980392157298e-01,7.843137254901960675e-02
1.008469778026145148e-03,9.019607843137255054e-01,-1.568627450980392135e-01
1.008471778026088584e-03,9.019607843137255054e-01,1.176470588235294101e-01
1.008473778026032020e-03,9.411764705882352811e-01,-3.921568627450980338e-02
1.008475778025975456e-03,8.627450980392157298e-01,-3.921568627450980338e-02
1.008477778025918892e-03,9.019607843137255054e-01,7.843137254901960675e-02
1.008479778025862328e-03,9.411764705882352811e-01,-3.921568627450980338e-02
1.008481778025805764e-03,9.411764705882352811e-01,1.176470588235294101e-01
1.008483778025749200e-03,8.627450980392157298e-01,0.000000000000000000e+00
1.008485778025692637e-03,9.019607843137255054e-01,3.921568627450980338e-02
1.008487778025636073e-03,9.019607843137255054e-01,3.921568627450980338e-02
1.008489778025579509e-03,9.411764705882352811e-01,-7.843137254901960675e-02
1.008491778025522945e-03,8.627450980392157298e-01,7.843137254901960675e-02
1.008493778025466381e-03,9.019607843137255054e-01,0.000000000000000000e+00
1.008495778025409817e-03,9.019607843137255054e-01,7.843137254901960675e-02
1.008497778025353253e-03,9.019607843137255054e-01,3.921568627450980338e-02
1.008499778025296690e-03,8.627450980392157298e-01,-7.843137254901960675e-02
1.008501778025240126e-03,8.627450980392157298e-01,3.921568627450980338e-02
1.008503778025183562e-03,9.019607843137255054e-01,0.000000000000000000e+00
1.008505778025126998e-03,9.411764705882352811e-01,0.000000000000000000e+00
1.008507778025070434e-03,8.627450980392157298e-01,7.843137254901960675e-02
1.008509778025013870e-03,9.019607843137255054e-01,-1.568627450980392135e-01
1.008511778024957306e-03,9.019607843137255054e-01,1.176470588235294101e-01
1.008513778024900743e-03,9.411764705882352811e-01,-3.921568627450980338e-02
1.008515778024844179e-03,8.235294117647058432e-01,-3.921568627450980338e-02
1.008517778024787615e-03,9.019607843137255054e-01,3.921568627450980338e-02
1.008519778024731051e-03,9.019607843137255054e-01,-7.843137254901960675e-02
1.008521778024674487e-03,9.411764705882352811e-01,7.843137254901960675e-02
1.008523778024617923e-03,8.235294117647058432e-01,-3.921568627450980338e-02
1.008525778024561359e-03,9.019607843137255054e-01,3.921568627450980338e-02
1.008527778024504796e-03,9.019607843137255054e-01,3.921568627450980338e-02
1.008529778024448232e-03,9.411764705882352811e-01,-7.843137254901960675e-02
1.008531778024391668e-03,8.235294117647058432e-01,7.843137254901960675e-02
1.008533778024335104e-03,8.627450980392157298e-01,0.000000000000000000e+00
1.008535778024278540e-03,9.019607843137255054e-01,7.843137254901960675e-02
1.008537778024221976e-03,9.411764705882352811e-01,3.921568627450980338e-02
1.008539778024165412e-03,8.627450980392157298e-01,-7.843137254901960675e-02
1.008541778024108848e-03,9.019607843137255054e-01,7.843137254901960675e-02
1.008543778024052285e-03,9.019607843137255054e-01,0.000000000000000000e+00
1.008545778023995721e-03,9.411764705882352811e-01,0.000000000000000000e+00
1.008547778023939157e-03,8.627450980392157298e-01,7.843137254901960675e-02
1.008549778023882593e-03,9.019607843137255054e-01,-1.568627450980392135e-01
1.008551778023826029e-03,8.627450980392157298e-01,1.568627450980392135e-01
1.008553778023769465e-03,9.411764705882352811e-01,-3.921568627450980338e-02
1.008555778023712901e-03,8.235294117647058432e-01,0.000000000000000000e+00
1.008557778023656338e-03,9.019607843137255054e-01,7.843137254901960675e-02
1.008559778023599774e-03,9.019607843137255054e-01,-3.921568627450980338e-02
1.008561778023543210e-03,9.411764705882352811e-01,7.843137254901960675e-02
1.008563778023486646e-03,8.627450980392157298e-01,0.000000000000000000e+00
1.008565778023430082e-03,9.019607843137255054e-01,3.921568627450980338e-02
1.008567778023373518e-03,9.019607843137255054e-01,3.921568627450980338e-02
1.008569778023316954e-03,9.411764705882352811e-01,-7.843137254901960675e-02
1.008571778023260391e-03,8.627450980392157298e-01,7.843137254901960675e-02
1.008573778023203827e-03,9.019607843137255054e-01,0.000000000000000000e+00
1.008575778023147263e-03,9.019607843137255054e-01,3.921568627450980338e-02
1.008577778023090699e-03,9.411764705882352811e-01,3.921568627450980338e-02
1.008579778023034135e-03,8.627450980392157298e-01,-7.843137254901960675e-02
1.008581778022977571e-03,8.627450980392157298e-01,7.843137254901960675e-02
1.008583778022921007e-03,9.019607843137255054e-01,-3.921568627450980338e-02
1.008585778022864443e-03,9.411764705882352811e-01,-3.921568627450980338e-02
1.008587778022807880e-03,8.627450980392157298e-01,3.921568627450980338e-02
1.008589778022751316e-03,9.019607843137255054e-01,-1.568627450980392135e-01
1.008591778022694752e-03,8.627450980392157298e-01,7.843137254901960675e-02
1.008593778022638188e-03,9.411764705882352811e-01,0.000000000000000000e+00
1.008595778022581624e-03,8.627450980392157298e-01,0.000000000000000000e+00
1.008597778022525060e-03,8.627450980392157298e-01,3.921568627450980338e-02
1.008599778022468496e-03,9.019607843137255054e-01,-3.921568627450980338e-02
1.008601778022411933e-03,9.411764705882352811e-01,7.843137254901960675e-02
1.008603778022355369e-03,8.627450980392157298e-01,0.000000000000000000e+00
1.008605778022298805e-03,8.235294117647058432e-01,3.921568627450980338e-02
1.008607778022242241e-03,9.019607843137255054e-01,7.843137254901960675e-02
1.008609778022185677e-03,9.411764705882352811e-01,-7.843137254901960675e-02
1.008611778022129113e-03,8.627450980392157298e-01,3.921568627450980338e-02
1.008613778022072549e-03,9.019607843137255054e-01,0.000000000000000000e+00
1.008615778022015986e-03,9.019607843137255054e-01,3.921568627450980338e-02
1.008617778021959422e-03,9.411764705882352811e-01,7.843137254901960675e-02
1.008619778021902858e-03,8.627450980392157298e-01,-3.921568627450980338e-02
1.008621778021846294e-03,9.019607843137255054e-01,3.921568627450980338e-02
1.008623778021789730e-03,9.019607843137255054e-01,-3.921568627450980338e-02
1.008625778021733166e-03,9.411764705882352811e-01,-3.921568627450980338e-02
1.008627778021676602e-03,8.235294117647058432e-01,7.843137254901960675e-02
1.008629778021620039e-03,9.019607843137255054e-01,-7.843137254901960675e-02
1.008631778021563475e-03,9.019607843137255054e-01,1.176470588235294101e-01
1.008633778021506911e-03,9.019607843137255054e-01,-3.921568627450980338e-02
1.008635778021450347e-03,9.019607843137255054e-01,0.000000000000000000e+00
1.008637778021393783e-03,9.019607843137255054e-01,7.843137254901960675e-02
1.008639778021337219e-03,9.019607843137255054e-01,-7.843137254901960675e-02
1.008641778021280655e-03,9.411764705882352811e-01,7.843137254901960675e-02
1.008643778021224091e-03,8.627450980392157298e-01,0.000000000000000000e+00
1.008645778021167528e-03,9.019607843137255054e-01,3.921568627450980338e-02
1.008647778021110964e-03,9.019607843137255054e-01,1.176470588235294101e-01
1.008649778021054400e-03,9.411764705882352811e-01,-7.843137254901960675e-02
1.008651778020997836e-03,8.627450980392157298e-01,3.921568627450980338e-02
1.008653778020941272e-03,9.019607843137255054e-01,-7.843137254901960675e-02
1.008655778020884708e-03,8.627450980392157298e-01,3.921568627450980338e-02
1.008657778020828144e-03,9.411764705882352811e-01,3.921568627450980338e-02
1.008659778020771581e-03,8.627450980392157298e-01,-7.843137254901960675e-02
1.008661778020715017e-03,8.627450980392157298e-01,1.176470588235294101e-01
1.008663778020658453e-03,9.019607843137255054e-01,-3.921568627450980338e-02
1.008665778020601889e-03,9.411764705882352811e-01,0.000000000000000000e+00
1.008667778020545325e-03,8.627450980392157298e-01,3.921568627450980338e-02
1.008669778020488761e-03,9.019607843137255054e-01,-1.568627450980392135e-01
1.008671778020432197e-03,9.411764705882352811e-01,7.843137254901960675e-02
1.008673778020375634e-03,9.411764705882352811e-01,-3.921568627450980338e-02
1.008675778020319070e-03,8.627450980392157298e-01,-3.921568627450980338e-02
1.008677778020262506e-03,8.627450980392157298e-01,7.843137254901960675e-02
1.008679778020205942e-03,9.019607843137255054e-01,-3.921568627450980338e-02
1.008681778020149378e-03,9.019607843137255054e-01,7.843137254901960675e-02
1.008683778020092814e-03,8.235294117647058432e-01,-3.921568627450980338e-02
1.008685778020036250e-03,9.019607843137255054e-01,3.921568627450980338e-02
1.008687778019979686e-03,9.019607843137255054e-01,7.843137254901960675e-02
1.008689778019923123e-03,9.411764705882352811e-01,-7.843137254901960675e-02
1.008691778019866559e-03,8.235294117647058432e-01,3.921568627450980338e-02
1.008693778019809995e-03,8.627450980392157298e-01,-7.843137254901960675e-02
1.008695778019753431e-03,9.019607843137255054e-01,3.921568627450980338e-02
1.008697778019696867e-03,9.411764705882352811e-01,0.000000000000000000e+00
1.008699778019640303e-03,8.627450980392157298e-01,-3.921568627450980338e-02
1.008701778019583739e-03,9.019607843137255054e-01,7.843137254901960675e-02
1.008703778019527176e-03,9.019607843137255054e-01,-3.921568627450980338e-02
1.008705778019470612e-03,9.411764705882352811e-01,0.000000000000000000e+00
1.008707778019414048e-03,8.235294117647058432e-01,7.843137254901960675e-02
1.008709778019357484e-03,9.411764705882352811e-01,-1.568627450980392135e-01
1.008711778019300920e-03,9.019607843137255054e-01,1.176470588235294101e-01
1.008713778019244356e-03,9.411764705882352811e-01,-3.921568627450980338e-02
1.008715778019187792e-03,8.627450980392157298e-01,0.000000000000000000e+00
1.008717778019131229e-03,8.627450980392157298e-01,7.843137254901960675e-02
1.008719778019074665e-03,9.411764705882352811e-01,-7.843137254901960675e-02
1.008721778019018101e-03,9.411764705882352811e-01,3.921568627450980338e-02
1.008723778018961537e-03,8.627450980392157298e-01,0.000000000000000000e+00
1.008725778018904973e-03,9.019607843137255054e-01,3.921568627450980338e-02
1.008727778018848409e-03,9.019607843137255054e-01,7.843137254901960675e-02
1.008729778018791845e-03,9.019607843137255054e-01,-7.843137254901960675e-02
1.008731778018735281e-03,8.627450980392157298e-01,7.843137254901960675e-02
1.008733778018678718e-03,9.019607843137255054e-01,-7.843137254901960675e-02
1.008735778018622154e-03,9.019607843137255054e-01,7.843137254901960675e-02
1.008737778018565590e-03,9.411764705882352811e-01,3.921568627450980338e-02
1.008739778018509026e-03,8.627450980392157298e-01,-3.921568627450980338e-02
1.008741778018452462e-03,8.235294117647058432e-01,7.843137254901960675e-02
1.008743778018395898e-03,9.411764705882352811e-01,0.000000000000000000e+00
1.008745778018339334e-03,9.411764705882352811e-01,0.000000000000000000e+00
1.008747778018282771e-03,8.627450980392157298e-01,3.921568627450980338e-02
1.008749778018226207e-03,9.019607843137255054e-01,-1.568627450980392135e-01
1.008751778018169643e-03,9.019607843137255054e-01,7.843137254901960675e-02
1.008753778018113079e-03,9.411764705882352811e-01,0.000000000000000000e+00
1.008755778018056515e-03,8.235294117647058432e-01,-3.921568627450980338e-02
1.008757778017999951e-03,9.019607843137255054e-01,7.843137254901960675e-02
1.008759778017943387e-03,9.411764705882352811e-01,-1.568627450980392135e-01
1.008761778017886824e-03,9.803921568627450567e-01,7.843137254901960675e-02
1.008763778017830260e-03,8.627450980392157298e-01,0.000000000000000000e+00
1.008765778017773696e-03,8.627450980392157298e-01,0.000000000000000000e+00
1.008767778017717132e-03,9.411764705882352811e-01,7.843137254901960675e-02
1.008769778017660568e-03,9.411764705882352811e-01,-7.843137254901960675e-02
1.008771778017604004e-03,8.627450980392157298e-01,7.843137254901960675e-02
1.008773778017547440e-03,8.627450980392157298e-01,0.000000000000000000e+00
1.008775778017490877e-03,8.627450980392157298e-01,3.921568627450980338e-02
1.008777778017434313e-03,9.411764705882352811e-01,3.921568627450980338e-02
1.008779778017377749e-03,8.627450980392157298e-01,-7.843137254901960675e-02
1.008781778017321185e-03,9.019607843137255054e-01,3.921568627450980338e-02
1.008783778017264621e-03,9.411764705882352811e-01,0.000000000000000000e+00
1.008785778017208057e-03,9.411764705882352811e-01,0.000000000000000000e+00
1.008787778017151493e-03,8.235294117647058432e-01,7.843137254901960675e-02
1.008789778017094929e-03,9.019607843137255054e-01,-1.568627450980392135e-01
1.008791778017038366e-03,8.627450980392157298e-01,1.176470588235294101e-01
1.008793778016981802e-03,9.411764705882352811e-01,-7.843137254901960675e-02
1.008795778016925238e-03,8.235294117647058432e-01,-3.921568627450980338e-02
1.008797778016868674e-03,8.627450980392157298e-01,3.921568627450980338e-02
1.008799778016812110e-03,9.019607843137255054e-01,-3.921568627450980338e-02
1.008801778016755546e-03,9.411764705882352811e-01,7.843137254901960675e-02
1.008803778016698982e-03,8.627450980392157298e-01,0.000000000000000000e+00
1.008805778016642419e-03,9.019607843137255054e-01,3.921568627450980338e-02
1.008807778016585855e-03,9.019607843137255054e-01,3.921568627450980338e-02
1.008809778016529291e-03,9.411764705882352811e-01,-7.843137254901960675e-02
1.008811778016472727e-03,8.235294117647058432e-01,7.843137254901960675e-02
1.008813778016416163e-03,9.019607843137255054e-01,0.000000000000000000e+00
1.008815778016359599e-03,9.411764705882352811e-01,7.843137254901960675e-02
1.008817778016303035e-03,9.411764705882352811e-01,3.921568627450980338e-02
1.008819778016246472e-03,8.627450980392157298e-01,-7.843137254901960675e-02
1.008821778016189908e-03,8.627450980392157298e-01,7.843137254901960675e-02
1.008823778016133344e-03,9.019607843137255054e-01,-3.921568627450980338e-02
1.008825778016076780e-03,9.411764705882352811e-01,-3.921568627450980338e-02
1.008827778016020216e-03,8.235294117647058432e-01,7.843137254901960675e-02
1.008829778015963652e-03,9.019607843137255054e-01,-1.960784313725490169e-01
1.008831778015907088e-03,9.411764705882352811e-01,1.568627450980392135e-01
1.008833778015850524e-03,9.411764705882352811e-01,-7.843137254901960675e-02
1.008835778015793961e-03,8.235294117647058432e-01,0.000000000000000000e+00
1.008837778015737397e-03,8.627450980392157298e-01,3.921568627450980338e-02
1.008839778015680833e-03,9.411764705882352811e-01,-3.921568627450980338e-02
1.008841778015624269e-03,9.019607843137255054e-01,7.843137254901960675e-02
1.008843778015567705e-03,8.235294117647058432e-01,0.000000000000000000e+00
1.008845778015511141e-03,8.235294117647058432e-01,3.921568627450980338e-02
1.008847778015454577e-03,9.019607843137255054e-01,7.843137254901960675e-02
1.008849778015398014e-03,9.411764705882352811e-01,-7.843137254901960675e-02
1.008851778015341450e-03,8.627450980392157298e-01,7.843137254901960675e-02
1.008853778015284886e-03,9.019607843137255054e-01,0.000000000000000000e+00
1.008855778015228322e-03,9.019607843137255054e-01,7.843137254901960675e-02
1.008857778015171758e-03,9.411764705882352811e-01,3.921568627450980338e-02
1.008859778015115194e-03,8.235294117647058432e-01,-7.843137254901960675e-02
1.008861778015058630e-03,8.627450980392157298e-01,3.921568627450980338e-02
1.008863778015002067e-03,9.019607843137255054e-01,-3.921568627450980338e-02
1.008865778014945503e-03,9.411764705882352811e-01,-3.921568627450980338e-02
1.008867778014888939e-03,8.235294117647058432e-01,7.843137254901960675e-02
1.008869778014832375e-03,8.627450980392157298e-01,-1.960784313725490169e-01
1.008871778014775811e-03,9.019607843137255054e-01,1.176470588235294101e-01
1.008873778014719247e-03,9.411764705882352811e-01,-3.921568627450980338e-02
1.008875778014662683e-03,8.627450980392157298e-01,0.000000000000000000e+00
1.008877778014606119e-03,8.627450980392157298e-01,7.843137254901960675e-02
1.008879778014549556e-03,9.411764705882352811e-01,-3.921568627450980338e-02
1.008881778014492992e-03,9.411764705882352811e-01,7.843137254901960675e-02
1.008883778014436428e-03,8.235294117647058432e-01,0.000000000000000000e+00
1.008885778014379864e-03,9.019607843137255054e-01,3.921568627450980338e-02
1.008887778014323300e-03,8.627450980392157298e-01,7.843137254901960675e-02
1.008889778014266736e-03,9.411764705882352811e-01,-7.843137254901960675e-02
1.008891778014210172e-03,8.627450980392157298e-01,7.843137254901960675e-02
1.008893778014153609e-03,9.019607843137255054e-01,0.000000000000000000e+00
1.008895778014097045e-03,9.019607843137255054e-01,3.921568627450980338e-02
1.008897778014040481e-03,9.411764705882352811e-01,3.921568627450980338e-02
1.008899778013983917e-03,8.627450980392157298e-01,-7.843137254901960675e-02
1.008901778013927353e-03,9.019607843137255054e-01,7.843137254901960675e-02
1.008903778013870789e-03,9.019607843137255054e-01,-3.921568627450980338e-02
1.008905778013814225e-03,9.411764705882352811e-01,0.000000000000000000e+00
1.008907778013757662e-03,8.235294117647058432e-01,7.843137254901960675e-02
1.008909778013701098e-03,9.019607843137255054e-01,-1.960784313725490169e-01
1.008911778013644534e-03,9.019607843137255054e-01,7.843137254901960675e-02
1.008913778013587970e-03,9.411764705882352811e-01,0.000000000000000000e+00
1.008915778013531406e-03,8.235294117647058432e-01,-3.921568627450980338e-02
1.008917778013474842e-03,9.411764705882352811e-01,7.843137254901960675e-02
1.008919778013418278e-03,9.411764705882352811e-01,-3.921568627450980338e-02
1.008921778013361715e-03,9.411764705882352811e-01,7.843137254901960675e-02
1.008923778013305151e-03,8.235294117647058432e-01,0.000000000000000000e+00
1.008925778013248587e-03,8.235294117647058432e-01,3.921568627450980338e-02
1.008927778013192023e-03,9.019607843137255054e-01,1.176470588235294101e-01
1.008929778013135459e-03,9.411764705882352811e-01,-7.843137254901960675e-02
1.008931778013078895e-03,8.235294117647058432e-01,7.843137254901960675e-02
1.008933778013022331e-03,8.627450980392157298e-01,0.000000000000000000e+00
1.008935778012965767e-03,9.019607843137255054e-01,3.921568627450980338e-02
1.008937778012909204e-03,9.411764705882352811e-01,7.843137254901960675e-02
1.008939778012852640e-03,8.627450980392157298e-01,-7.843137254901960675e-02
1.008941778012796076e-03,8.235294117647058432e-01,3.921568627450980338e-02
1.008943778012739512e-03,9.019607843137255054e-01,-3.921568627450980338e-02
1.008945778012682948e-03,9.411764705882352811e-01,0.000000000000000000e+00
1.008947778012626384e-03,8.627450980392157298e-01,7.843137254901960675e-02
1.008949778012569820e-03,9.411764705882352811e-01,-1.568627450980392135e-01
1.008951778012513257e-03,9.411764705882352811e-01,1.176470588235294101e-01
1.008953778012456693e-03,9.411764705882352811e-01,-3.921568627450980338e-02
1.008955778012400129e-03,8.235294117647058432e-01,-3.921568627450980338e-02
1.008957778012343565e-03,8.627450980392157298e-01,3.921568627450980338e-02
1.008959778012287001e-03,9.019607843137255054e-01,-3.921568627450980338e-02
1.008961778012230437e-03,9.411764705882352811e-01,7.843137254901960675e-02
1.008963778012173873e-03,8.235294117647058432e-01,0.000000000000000000e+00
1.008965778012117310e-03,8.627450980392157298e-01,3.921568627450980338e-02
1.008967778012060746e-03,9.411764705882352811e-01,7.843137254901960675e-02
1.008969778012004182e-03,9.411764705882352811e-01,-7.843137254901960675e-02
1.008971778011947618e-03,8.627450980392157298e-01,3.921568627450980338e-02
1.008973778011891054e-03,8.627450980392157298e-01,0.000000000000000000e+00
1.008975778011834490e-03,9.019607843137255054e-01,7.843137254901960675e-02
1.008977778011777926e-03,9.411764705882352811e-01,3.921568627450980338e-02
1.008979778011721362e-03,8.627450980392157298e-01,-3.921568627450980338e-02
1.008981778011664799e-03,8.627450980392157298e-01,7.843137254901960675e-02
1.008983778011608235e-03,9.019607843137255054e-01,-3.921568627450980338e-02
1.008985778011551671e-03,9.411764705882352811e-01,0.000000000000000000e+00
1.008987778011495107e-03,8.627450980392157298e-01,3.921568627450980338e-02
1.008989778011438543e-03,9.411764705882352811e-01,-1.568627450980392135e-01
1.008991778011381979e-03,9.019607843137255054e-01,1.568627450980392135e-01
1.008993778011325415e-03,9.411764705882352811e-01,-3.921568627450980338e-02
1.008995778011268852e-03,8.627450980392157298e-01,-3.921568627450980338e-02
1.008997778011212288e-03,8.627450980392157298e-01,7.843137254901960675e-02
1.008999778011155724e-03,9.019607843137255054e-01,-7.843137254901960675e-02
1.009001778011099160e-03,9.411764705882352811e-01,7.843137254901960675e-02
1.009003778011042596e-03,8.627450980392157298e-01,0.000000000000000000e+00
1.009005778010986032e-03,9.019607843137255054e-01,3.921568627450980338e-02
1.009007778010929468e-03,9.019607843137255054e-01,7.843137254901960675e-02
1.009009778010872905e-03,9.019607843137255054e-01,-7.843137254901960675e-02
1.009011778010816341e-03,7.843137254901960675e-01,7.843137254901960675e-02
1.009013778010759777e-03,8.627450980392157298e-01,0.000000000000000000e+00
1.009015778010703213e-03,9.019607843137255054e-01,7.843137254901960675e-02
1.009017778010646649e-03,9.411764705882352811e-01,3.921568627450980338e-02
1.009019778010590085e-03,8.627450980392157298e-01,-7.843137254901960675e-02
1.009021778010533521e-03,8.627450980392157298e-01,3.921568627450980338e-02
1.009023778010476958e-03,9.019607843137255054e-01,-3.921568627450980338e-02
1.009025778010420394e-03,9.411764705882352811e-01,-3.921568627450980338e-02
1.009027778010363830e-03,9.019607843137255054e-01,7.843137254901960675e-02
1.009029778010307266e-03,9.019607843137255054e-01,-1.568627450980392135e-01
1.009031778010250702e-03,9.019607843137255054e-01,1.176470588235294101e-01
1.009033778010194138e-03,9.411764705882352811e-01,-3.921568627450980338e-02
1.009035778010137574e-03,8.627450980392157298e-01,0.000000000000000000e+00
1.009037778010081010e-03,8.627450980392157298e-01,7.843137254901960675e-02
1.009039778010024447e-03,9.019607843137255054e-01,-3.921568627450980338e-02
1.009041778009967883e-03,9.411764705882352811e-01,7.843137254901960675e-02
1.009043778009911319e-03,8.627450980392157298e-01,-3.921568627450980338e-02
1.009045778009854755e-03,9.019607843137255054e-01,3.921568627450980338e-02
1.009047778009798191e-03,8.627450980392157298e-01,7.843137254901960675e-02
1.009049778009741627e-03,9.411764705882352811e-01,-3.921568627450980338e-02
1.009051778009685063e-03,8.627450980392157298e-01,7.843137254901960675e-02
1.009053778009628500e-03,9.019607843137255054e-01,0.000000000000000000e+00
1.009055778009571936e-03,8.627450980392157298e-01,7.843137254901960675e-02
1.009057778009515372e-03,9.411764705882352811e-01,3.921568627450980338e-02
1.009059778009458808e-03,8.627450980392157298e-01,-7.843137254901960675e-02
1.009061778009402244e-03,9.019607843137255054e-01,3.921568627450980338e-02
1.009063778009345680e-03,9.019607843137255054e-01,-3.921568627450980338e-02
1.009065778009289116e-03,9.411764705882352811e-01,0.000000000000000000e+00
1.009067778009232553e-03,8.235294117647058432e-01,7.843137254901960675e-02
1.009069778009175989e-03,9.019607843137255054e-01,-1.568627450980392135e-01
1.009071778009119425e-03,8.627450980392157298e-01,1.176470588235294101e-01
1.009073778009062861e-03,9.019607843137255054e-01,0.000000000000000000e+00
1.009075778009006297e-03,8.627450980392157298e-01,0.000000000000000000e+00
1.009077778008949733e-03,9.019607843137255054e-01,7.843137254901960675e-02
1.009079778008893169e-03,9.019607843137255054e-01,0.000000000000000000e+00
1.009081778008836605e-03,9.411764705882352811e-01,3.921568627450980338e-02
1.009083778008780042e-03,8.627450980392157298e-01,0.000000000000000000e+00
1.009085778008723478e-03,9.019607843137255054e-01,0.000000000000000000e+00
1.009087778008666914e-03,9.019607843137255054e-01,7.843137254901960675e-02
1.009089778008610350e-03,9.411764705882352811e-01,-7.843137254901960675e-02
1.009091778008553786e-03,8.627450980392157298e-01,7.843137254901960675e-02
1.009093778008497222e-03,8.627450980392157298e-01,-7.843137254901960675e-02
1.009095778008440658e-03,9.019607843137255054e-01,3.921568627450980338e-02
1.009097778008384095e-03,9.411764705882352811e-01,3.921568627450980338e-02
1.009099778008327531e-03,8.627450980392157298e-01,-7.843137254901960675e-02
1.009101778008270967e-03,9.019607843137255054e-01,3.921568627450980338e-02
1.009103778008214403e-03,8.627450980392157298e-01,-3.921568627450980338e-02
1.009105778008157839e-03,9.411764705882352811e-01,-3.921568627450980338e-02
1.009107778008101275e-03,8.235294117647058432e-01,7.843137254901960675e-02
1.009109778008044711e-03,9.019607843137255054e-01,-1.568627450980392135e-01
1.009111778007988148e-03,9.019607843137255054e-01,1.176470588235294101e-01
1.009113778007931584e-03,9.411764705882352811e-01,-3.921568627450980338e-02
1.009115778007875020e-03,8.627450980392157298e-01,0.000000000000000000e+00
1.009117778007818456e-03,9.019607843137255054e-01,1.176470588235294101e-01
1.009119778007761892e-03,9.019607843137255054e-01,-3.921568627450980338e-02
1.009121778007705328e-03,9.411764705882352811e-01,7.843137254901960675e-02
1.009123778007648764e-03,8.627450980392157298e-01,-3.921568627450980338e-02
1.009125778007592200e-03,8.627450980392157298e-01,0.000000000000000000e+00
1.009127778007535637e-03,9.019607843137255054e-01,3.921568627450980338e-02
1.009129778007479073e-03,9.411764705882352811e-01,-7.843137254901960675e-02
1.009131778007422509e-03,8.627450980392157298e-01,7.843137254901960675e-02
1.009133778007365945e-03,9.019607843137255054e-01,0.000000000000000000e+00
1.009135778007309381e-03,9.019607843137255054e-01,3.921568627450980338e-02
1.009137778007252817e-03,9.411764705882352811e-01,3.921568627450980338e-02
1.009139778007196253e-03,8.627450980392157298e-01,-7.843137254901960675e-02
1.009141778007139690e-03,8.627450980392157298e-01,3.921568627450980338e-02
1.009143778007083126e-03,9.019607843137255054e-01,-3.921568627450980338e-02
1.009145778007026562e-03,9.411764705882352811e-01,0.000000000000000000e+00
1.009147778006969998e-03,8.627450980392157298e-01,7.843137254901960675e-02
1.009149778006913434e-03,8.627450980392157298e-01,-7.843137254901960675e-02
1.009151778006856870e-03,9.411764705882352811e-01,1.176470588235294101e-01
1.009153778006800306e-03,9.411764705882352811e-01,-3.921568627450980338e-02
1.009155778006743743e-03,8.627450980392157298e-01,0.000000000000000000e+00
1.009157778006687179e-03,8.627450980392157298e-01,7.843137254901960675e-02
1.009159778006630615e-03,9.019607843137255054e-01,0.000000000000000000e+00
1.009161778006574051e-03,9.411764705882352811e-01,3.921568627450980338e-02
1.009163778006517487e-03,8.627450980392157298e-01,0.000000000000000000e+00
1.009165778006460923e-03,9.019607843137255054e-01,0.000000000000000000e+00
1.009167778006404359e-03,9.019607843137255054e-01,7.843137254901960675e-02
1.009169778006347796e-03,9.411764705882352811e-01,-3.921568627450980338e-02
1.009171778006291232e-03,8.235294117647058432e-01,7.843137254901960675e-02
1.009173778006234668e-03,9.019607843137255054e-01,0.000000000000000000e+00
1.009175778006178104e-03,9.019607843137255054e-01,7.843137254901960675e-02
1.009177778006121540e-03,9.411764705882352811e-01,3.921568627450980338e-02
1.009179778006064976e-03,8.627450980392157298e-01,-7.843137254901960675e-02
1.009181778006008412e-03,9.019607843137255054e-01,3.921568627450980338e-02
1.009183778005951848e-03,9.019607843137255054e-01,-3.921568627450980338e-02
1.009185778005895285e-03,9.411764705882352811e-01,0.000000000000000000e+00
1.009187778005838721e-03,8.235294117647058432e-01,7.843137254901960675e-02
1.009189778005782157e-03,9.019607843137255054e-01,-1.568627450980392135e-01
1.009191778005725593e-03,9.019607843137255054e-01,1.176470588235294101e-01
1.009193778005669029e-03,9.411764705882352811e-01,0.000000000000000000e+00
1.009195778005612465e-03,8.235294117647058432e-01,0.000000000000000000e+00
1.009197778005555901e-03,9.019607843137255054e-01,7.843137254901960675e-02
1.009199778005499338e-03,9.019607843137255054e-01,-3.921568627450980338e-02
1.009201778005442774e-03,9.411764705882352811e-01,7.843137254901960675e-02
1.009203778005386210e-03,8.627450980392157298e-01,-3.921568627450980338e-02
1.009205778005329646e-03,9.019607843137255054e-01,0.000000000000000000e+00
1.009207778005273082e-03,9.019607843137255054e-01,7.843137254901960675e-02
1.009209778005216518e-03,9.411764705882352811e-01,-7.843137254901960675e-02
1.009211778005159954e-03,8.627450980392157298e-01,7.843137254901960675e-02
1.009213778005103391e-03,9.019607843137255054e-01,0.000000000000000000e+00
1.009215778005046827e-03,9.019607843137255054e-01,7.843137254901960675e-02
1.009217778004990263e-03,9.411764705882352811e-01,0.000000000000000000e+00
1.009219778004933699e-03,8.627450980392157298e-01,-7.843137254901960675e-02
1.009221778004877135e-03,8.627450980392157298e-01,7.843137254901960675e-02
1.009223778004820571e-03,9.019607843137255054e-01,-3.921568627450980338e-02
1.009225778004764007e-03,9.411764705882352811e-01,0.000000000000000000e+00
1.009227778004707443e-03,8.627450980392157298e-01,7.843137254901960675e-02
1.009229778004650880e-03,9.019607843137255054e-01,-1.568627450980392135e-01
1.009231778004594316e-03,9.411764705882352811e-01,1.176470588235294101e-01
1.009233778004537752e-03,9.411764705882352811e-01,0.000000000000000000e+00
1.009235778004481188e-03,8.627450980392157298e-01,0.000000000000000000e+00
1.009237778004424624e-03,8.627450980392157298e-01,7.843137254901960675e-02
1.009239778004368060e-03,9.019607843137255054e-01,0.000000000000000000e+00
1.009241778004311496e-03,9.411764705882352811e-01,3.921568627450980338e-02
1.009243778004254933e-03,8.627450980392157298e-01,0.000000000000000000e+00
1.009245778004198369e-03,9.019607843137255054e-01,0.000000000000000000e+00
1.009247778004141805e-03,8.627450980392157298e-01,7.843137254901960675e-02
1.009249778004085241e-03,9.411764705882352811e-01,-3.921568627450980338e-02
1.009251778004028677e-03,8.235294117647058432e-01,7.843137254901960675e-02
1.009253778003972113e-03,8.627450980392157298e-01,-7.843137254901960675e-02
1.009255778003915549e-03,9.019607843137255054e-01,3.921568627450980338e-02
1.009257778003858986e-03,9.019607843137255054e-01,3.921568627450980338e-02
1.009259778003802422e-03,8.627450980392157298e-01,-3.921568627450980338e-02
1.009261778003745858e-03,8.235294117647058432e-01,7.843137254901960675e-02
1.009263778003689294e-03,9.019607843137255054e-01,0.000000000000000000e+00
1.009265778003632730e-03,9.411764705882352811e-01,-3.921568627450980338e-02
1.009267778003576166e-03,8.627450980392157298e-01,7.843137254901960675e-02
1.009269778003519602e-03,9.411764705882352811e-01,-1.568627450980392135e-01
1.009271778003463039e-03,9.019607843137255054e-01,1.176470588235294101e-01
1.009273778003406475e-03,9.411764705882352811e-01,-3.921568627450980338e-02
1.009275778003349911e-03,8.627450980392157298e-01,0.000000000000000000e+00
1.009277778003293347e-03,9.019607843137255054e-01,7.843137254901960675e-02
1.009279778003236783e-03,9.019607843137255054e-01,-1.568627450980392135e-01
1.009281778003180219e-03,9.411764705882352811e-01,3.921568627450980338e-02
1.009283778003123655e-03,8.627450980392157298e-01,-3.921568627450980338e-02
1.009285778003067091e-03,9.019607843137255054e-01,0.000000000000000000e+00
1.009287778003010528e-03,9.019607843137255054e-01,7.843137254901960675e-02
1.009289778002953964e-03,9.411764705882352811e-01,-7.843137254901960675e-02
1.009291778002897400e-03,8.235294117647058432e-01,7.843137254901960675e-02
1.009293778002840836e-03,8.627450980392157298e-01,0.000000000000000000e+00
1.009295778002784272e-03,9.019607843137255054e-01,3.921568627450980338e-02
1.009297778002727708e-03,9.019607843137255054e-01,3.921568627450980338e-02
1.009299778002671144e-03,8.627450980392157298e-01,-3.921568627450980338e-02
1.009301778002614581e-03,9.019607843137255054e-01,3.921568627450980338e-02
1.009303778002558017e-03,9.019607843137255054e-01,-3.921568627450980338e-02
1.009305778002501453e-03,9.411764705882352811e-01,0.000000000000000000e+00
1.009307778002444889e-03,8.627450980392157298e-01,7.843137254901960675e-02
1.009309778002388325e-03,9.019607843137255054e-01,-1.568627450980392135e-01
1.009311778002331761e-03,9.019607843137255054e-01,7.843137254901960675e-02
1.009313778002275197e-03,9.411764705882352811e-01,0.000000000000000000e+00
1.009315778002218634e-03,8.627450980392157298e-01,0.000000000000000000e+00
1.009317778002162070e-03,9.019607843137255054e-01,7.843137254901960675e-02
1.009319778002105506e-03,9.411764705882352811e-01,-3.921568627450980338e-02
1.009321778002048942e-03,9.411764705882352811e-01,0.000000000000000000e+00
1.009323778001992378e-03,8.627450980392157298e-01,0.000000000000000000e+00
1.009325778001935814e-03,9.019607843137255054e-01,-7.843137254901960675e-02
1.009327778001879250e-03,9.019607843137255054e-01,3.921568627450980338e-02
1.009329778001822686e-03,9.411764705882352811e-01,-3.921568627450980338e-02
1.009331778001766123e-03,8.235294117647058432e-01,7.843137254901960675e-02
1.009333778001709559e-03,9.019607843137255054e-01,0.000000000000000000e+00
1.009335778001652995e-03,9.019607843137255054e-01,7.843137254901960675e-02
1.009337778001596431e-03,9.411764705882352811e-01,3.921568627450980338e-02
1.009339778001539867e-03,8.627450980392157298e-01,-7.843137254901960675e-02
1.009341778001483303e-03,8.627450980392157298e-01,3.921568627450980338e-02
1.009343778001426739e-03,9.019607843137255054e-01,-3.921568627450980338e-02
1.009345778001370176e-03,9.411764705882352811e-01,0.000000000000000000e+00
1.009347778001313612e-03,8.627450980392157298e-01,7.843137254901960675e-02
1.009349778001257048e-03,8.627450980392157298e-01,-1.568627450980392135e-01
1.009351778001200484e-03,9.019607843137255054e-01,7.843137254901960675e-02
1.009353778001143920e-03,9.411764705882352811e-01,0.000000000000000000e+00
1.009355778001087356e-03,8.235294117647058432e-01,0.000000000000000000e+00
1.009357778001030792e-03,9.019607843137255054e-01,7.843137254901960675e-02
1.009359778000974229e-03,9.019607843137255054e-01,-7.843137254901960675e-02
1.009361778000917665e-03,9.411764705882352811e-01,7.843137254901960675e-02
1.009363778000861101e-03,8.235294117647058432e-01,0.000000000000000000e+00
1.009365778000804537e-03,8.627450980392157298e-01,0.000000000000000000e+00
1.009367778000747973e-03,9.019607843137255054e-01,3.921568627450980338e-02
1.009369778000691409e-03,9.411764705882352811e-01,-7.843137254901960675e-02
1.009371778000634845e-03,8.235294117647058432e-01,7.843137254901960675e-02
1.009373778000578281e-03,9.019607843137255054e-01,0.000000000000000000e+00
1.009375778000521718e-03,9.019607843137255054e-01,3.921568627450980338e-02
1.009377778000465154e-03,9.411764705882352811e-01,3.921568627450980338e-02
1.009379778000408590e-03,8.627450980392157298e-01,-7.843137254901960675e-02
1.009381778000352026e-03,9.019607843137255054e-01,3.921568627450980338e-02
1.009383778000295462e-03,9.019607843137255054e-01,-3.921568627450980338e-02
1.009385778000238898e-03,9.411764705882352811e-01,-3.921568627450980338e-02
1.009387778000182334e-03,8.627450980392157298e-01,7.843137254901960675e-02
1.009389778000125771e-03,9.019607843137255054e-01,-7.843137254901960675e-02
1.009391778000069207e-03,9.019607843137255054e-01,7.843137254901960675e-02
1.009393778000012643e-03,9.411764705882352811e-01,0.000000000000000000e+00
1.009395777999956079e-03,9.019607843137255054e-01,-3.921568627450980338e-02
1.009397777999899515e-03,8.627450980392157298e-01,7.843137254901960675e-02
1.009399777999842951e-03,9.019607843137255054e-01,-7.843137254901960675e-02
1.009401777999786387e-03,9.411764705882352811e-01,7.843137254901960675e-02
1.009403777999729824e-03,9.019607843137255054e-01,0.000000000000000000e+00
1.009405777999673260e-03,9.019607843137255054e-01,3.921568627450980338e-02
1.009407777999616696e-03,9.411764705882352811e-01,7.843137254901960675e-02
1.009409777999560132e-03,9.411764705882352811e-01,-7.843137254901960675e-02
1.009411777999503568e-03,8.627450980392157298e-01,3.921568627450980338e-02
1.009413777999447004e-03,9.019607843137255054e-01,0.000000000000000000e+00
1.009415777999390440e-03,9.019607843137255054e-01,7.843137254901960675e-02
1.009417777999333877e-03,9.411764705882352811e-01,3.921568627450980338e-02
1.009419777999277313e-03,8.627450980392157298e-01,-7.843137254901960675e-02
1.009421777999220749e-03,8.627450980392157298e-01,7.843137254901960675e-02
1.009423777999164185e-03,9.019607843137255054e-01,0.000000000000000000e+00
1.009425777999107621e-03,9.411764705882352811e-01,0.000000000000000000e+00
1.009427777999051057e-03,8.627450980392157298e-01,7.843137254901960675e-02
1.009429777998994493e-03,9.019607843137255054e-01,-1.568627450980392135e-01
1.009431777998937929e-03,9.019607843137255054e-01,1.176470588235294101e-01
1.009433777998881366e-03,9.411764705882352811e-01,-3.921568627450980338e-02
1.009435777998824802e-03,8.627450980392157298e-01,-3.921568627450980338e-02
1.009437777998768238e-03,8.627450980392157298e-01,3.921568627450980338e-02
1.009439777998711674e-03,9.019607843137255054e-01,-3.921568627450980338e-02
1.009441777998655110e-03,9.803921568627450567e-01,7.843137254901960675e-02
1.009443777998598546e-03,8.627450980392157298e-01,0.000000000000000000e+00
1.009445777998541982e-03,9.019607843137255054e-01,3.921568627450980338e-02
1.009447777998485419e-03,9.019607843137255054e-01,7.843137254901960675e-02
1.009449777998428855e-03,9.411764705882352811e-01,-7.843137254901960675e-02
1.009451777998372291e-03,8.235294117647058432e-01,7.843137254901960675e-02
1.009453777998315727e-03,8.627450980392157298e-01,0.000000000000000000e+00
1.009455777998259163e-03,9.019607843137255054e-01,7.843137254901960675e-02
1.009457777998202599e-03,9.019607843137255054e-01,3.921568627450980338e-02
1.009459777998146035e-03,8.627450980392157298e-01,-7.843137254901960675e-02
1.009461777998089472e-03,9.019607843137255054e-01,7.843137254901960675e-02
1.009463777998032908e-03,9.019607843137255054e-01,-3.921568627450980338e-02
1.009465777997976344e-03,9.411764705882352811e-01,-3.921568627450980338e-02
1.009467777997919780e-03,8.627450980392157298e-01,7.843137254901960675e-02
1.009469777997863216e-03,9.019607843137255054e-01,-1.568627450980392135e-01
1.009471777997806652e-03,8.627450980392157298e-01,1.176470588235294101e-01
1.009473777997750088e-03,9.411764705882352811e-01,-3.921568627450980338e-02
1.009475777997693524e-03,8.627450980392157298e-01,0.000000000000000000e+00
1.009477777997636961e-03,8.627450980392157298e-01,3.921568627450980338e-02
1.009479777997580397e-03,9.019607843137255054e-01,-3.921568627450980338e-02
1.009481777997523833e-03,9.411764705882352811e-01,7.843137254901960675e-02
1.009483777997467269e-03,8.627450980392157298e-01,0.000000000000000000e+00
1.009485777997410705e-03,8.627450980392157298e-01,3.921568627450980338e-02
1.009487777997354141e-03,8.627450980392157298e-01,7.843137254901960675e-02
1.009489777997297577e-03,9.411764705882352811e-01,-7.843137254901960675e-02
1.009491777997241014e-03,8.627450980392157298e-01,7.843137254901960675e-02
1.009493777997184450e-03,9.019607843137255054e-01,0.000000000000000000e+00
1.009495777997127886e-03,9.411764705882352811e-01,7.843137254901960675e-02
1.009497777997071322e-03,9.411764705882352811e-01,7.843137254901960675e-02
1.009499777997014758e-03,8.627450980392157298e-01,-7.843137254901960675e-02
1.009501777996958194e-03,8.627450980392157298e-01,3.921568627450980338e-02
1.009503777996901630e-03,9.019607843137255054e-01,-3.921568627450980338e-02
1.009505777996845067e-03,9.411764705882352811e-01,0.000000000000000000e+00
1.009507777996788503e-03,8.235294117647058432e-01,7.843137254901960675e-02
1.009509777996731939e-03,9.019607843137255054e-01,-7.843137254901960675e-02
1.009511777996675375e-03,9.019607843137255054e-01,1.176470588235294101e-01
1.009513777996618811e-03,8.235294117647058432e-01,0.000000000000000000e+00
1.009515777996562247e-03,8.627450980392157298e-01,-3.921568627450980338e-02
1.009517777996505683e-03,9.019607843137255054e-01,3.921568627450980338e-02
1.009519777996449119e-03,9.019607843137255054e-01,-3.921568627450980338e-02
1.009521777996392556e-03,9.019607843137255054e-01,7.843137254901960675e-02
1.009523777996335992e-03,8.235294117647058432e-01,0.000000000000000000e+00
1.009525777996279428e-03,8.627450980392157298e-01,3.921568627450980338e-02
1.009527777996222864e-03,8.627450980392157298e-01,7.843137254901960675e-02
1.009529777996166300e-03,9.411764705882352811e-01,-7.843137254901960675e-02
1.009531777996109736e-03,8.627450980392157298e-01,3.921568627450980338e-02
1.009533777996053172e-03,9.019607843137255054e-01,0.000000000000000000e+00
1.009535777995996609e-03,9.019607843137255054e-01,7.843137254901960675e-02
1.009537777995940045e-03,9.411764705882352811e-01,3.921568627450980338e-02
1.009539777995883481e-03,8.627450980392157298e-01,-3.921568627450980338e-02
1.009541777995826917e-03,8.627450980392157298e-01,1.176470588235294101e-01
1.009543777995770353e-03,9.019607843137255054e-01,-3.921568627450980338e-02
1.009545777995713789e-03,9.411764705882352811e-01,0.000000000000000000e+00
1.009547777995657225e-03,8.627450980392157298e-01,7.843137254901960675e-02
1.009549777995600662e-03,9.019607843137255054e-01,-1.568627450980392135e-01
1.009551777995544098e-03,9.019607843137255054e-01,1.568627450980392135e-01
1.009553777995487534e-03,9.411764705882352811e-01,-7.843137254901960675e-02
1.009555777995430970e-03,8.627450980392157298e-01,0.000000000000000000e+00
1.009557777995374406e-03,8.627450980392157298e-01,7.843137254901960675e-02
1.009559777995317842e-03,9.019607843137255054e-01,-3.921568627450980338e-02
1.009561777995261278e-03,9.411764705882352811e-01,1.176470588235294101e-01
1.009563777995204715e-03,8.627450980392157298e-01,0.000000000000000000e+00
1.009565777995148151e-03,9.019607843137255054e-01,3.921568627450980338e-02
1.009567777995091587e-03,9.019607843137255054e-01,7.843137254901960675e-02
1.009569777995035023e-03,9.411764705882352811e-01,-7.843137254901960675e-02
1.009571777994978459e-03,8.235294117647058432e-01,7.843137254901960675e-02
1.009573777994921895e-03,8.627450980392157298e-01,-7.843137254901960675e-02
1.009575777994865331e-03,9.019607843137255054e-01,7.843137254901960675e-02
1.009577777994808767e-03,9.019607843137255054e-01,0.000000000000000000e+00
1.009579777994752204e-03,8.627450980392157298e-01,-7.843137254901960675e-02
1.009581777994695640e-03,9.019607843137255054e-01,3.921568627450980338e-02
1.009583777994639076e-03,9.019607843137255054e-01,-3.921568627450980338e-02
1.009585777994582512e-03,9.411764705882352811e-01,0.000000000000000000e+00
1.009587777994525948e-03,8.235294117647058432e-01,7.843137254901960675e-02
1.009589777994469384e-03,8.627450980392157298e-01,-1.960784313725490169e-01
1.009591777994412820e-03,9.019607843137255054e-01,7.843137254901960675e-02
1.009593777994356257e-03,9.411764705882352811e-01,0.000000000000000000e+00
1.009595777994299693e-03,8.627450980392157298e-01,-3.921568627450980338e-02
1.009597777994243129e-03,8.627450980392157298e-01,7.843137254901960675e-02
1.009599777994186565e-03,9.019607843137255054e-01,-3.921568627450980338e-02
1.009601777994130001e-03,9.411764705882352811e-01,7.843137254901960675e-02
1.009603777994073437e-03,8.627450980392157298e-01,0.000000000000000000e+00
1.009605777994016873e-03,9.019607843137255054e-01,3.921568627450980338e-02
1.009607777993960310e-03,8.627450980392157298e-01,3.921568627450980338e-02
1.009609777993903746e-03,9.411764705882352811e-01,-7.843137254901960675e-02
1.009611777993847182e-03,8.627450980392157298e-01,7.843137254901960675e-02
1.009613777993790618e-03,9.019607843137255054e-01,0.000000000000000000e+00
1.009615777993734054e-03,9.019607843137255054e-01,7.843137254901960675e-02
1.009617777993677490e-03,9.411764705882352811e-01,3.921568627450980338e-02
1.009619777993620926e-03,8.627450980392157298e-01,-7.843137254901960675e-02
1.009621777993564362e-03,8.235294117647058432e-01,7.843137254901960675e-02
1.009623777993507799e-03,9.019607843137255054e-01,-3.921568627450980338e-02
1.009625777993451235e-03,9.411764705882352811e-01,0.000000000000000000e+00
1.009627777993394671e-03,8.627450980392157298e-01,7.843137254901960675e-02
1.009629777993338107e-03,9.019607843137255054e-01,-1.568627450980392135e-01
1.009631777993281543e-03,9.019607843137255054e-01,1.568627450980392135e-01
1.009633777993224979e-03,9.411764705882352811e-01,-7.843137254901960675e-02
1.009635777993168415e-03,8.627450980392157298e-01,0.000000000000000000e+00
1.009637777993111852e-03,9.019607843137255054e-01,3.921568627450980338e-02
1.009639777993055288e-03,9.411764705882352811e-01,-3.921568627450980338e-02
1.009641777992998724e-03,9.411764705882352811e-01,7.843137254901960675e-02
1.009643777992942160e-03,8.627450980392157298e-01,0.000000000000000000e+00
1.009645777992885596e-03,8.235294117647058432e-01,3.921568627450980338e-02
1.009647777992829032e-03,9.019607843137255054e-01,7.843137254901960675e-02
1.009649777992772468e-03,9.411764705882352811e-01,-7.843137254901960675e-02
1.009651777992715905e-03,8.627450980392157298e-01,7.843137254901960675e-02
1.009653777992659341e-03,9.019607843137255054e-01,0.000000000000000000e+00
1.009655777992602777e-03,9.019607843137255054e-01,3.921568627450980338e-02
1.009657777992546213e-03,9.411764705882352811e-01,7.843137254901960675e-02
1.009659777992489649e-03,8.627450980392157298e-01,-7.843137254901960675e-02
1.009661777992433085e-03,8.627450980392157298e-01,7.843137254901960675e-02
1.009663777992376521e-03,9.019607843137255054e-01,-3.921568627450980338e-02
1.009665777992319958e-03,9.411764705882352811e-01,0.000000000000000000e+00
1.009667777992263394e-03,8.627450980392157298e-01,7.843137254901960675e-02
1.009669777992206830e-03,9.019607843137255054e-01,-1.568627450980392135e-01
1.009671777992150266e-03,9.019607843137255054e-01,1.176470588235294101e-01
1.009673777992093702e-03,9.411764705882352811e-01,0.000000000000000000e+00
1.009675777992037138e-03,8.627450980392157298e-01,-3.921568627450980338e-02
1.009677777991980574e-03,9.019607843137255054e-01,7.843137254901960675e-02
1.009679777991924010e-03,9.019607843137255054e-01,-7.843137254901960675e-02
1.009681777991867447e-03,9.411764705882352811e-01,7.843137254901960675e-02
1.009683777991810883e-03,8.235294117647058432e-01,0.000000000000000000e+00
1.009685777991754319e-03,8.235294117647058432e-01,0.000000000000000000e+00
1.009687777991697755e-03,9.411764705882352811e-01,7.843137254901960675e-02
1.009689777991641191e-03,9.411764705882352811e-01,-7.843137254901960675e-02
1.009691777991584627e-03,8.627450980392157298e-01,7.843137254901960675e-02
1.009693777991528063e-03,8.627450980392157298e-01,0.000000000000000000e+00
1.009695777991471500e-03,8.627450980392157298e-01,3.921568627450980338e-02
1.009697777991414936e-03,9.411764705882352811e-01,7.843137254901960675e-02
1.009699777991358372e-03,8.627450980392157298e-01,-7.843137254901960675e-02
1.009701777991301808e-03,8.627450980392157298e-01,1.176470588235294101e-01
1.009703777991245244e-03,9.019607843137255054e-01,-3.921568627450980338e-02
1.009705777991188680e-03,9.411764705882352811e-01,-3.921568627450980338e-02
1.009707777991132116e-03,8.235294117647058432e-01,7.843137254901960675e-02
1.009709777991075553e-03,8.627450980392157298e-01,-1.568627450980392135e-01
1.009711777991018989e-03,9.019607843137255054e-01,1.568627450980392135e-01
1.009713777990962425e-03,9.411764705882352811e-01,-3.921568627450980338e-02
1.009715777990905861e-03,8.235294117647058432e-01,-3.921568627450980338e-02
1.009717777990849297e-03,8.235294117647058432e-01,3.921568627450980338e-02
1.009719777990792733e-03,9.019607843137255054e-01,-7.843137254901960675e-02
1.009721777990736169e-03,9.411764705882352811e-01,7.843137254901960675e-02
1.009723777990679605e-03,8.627450980392157298e-01,0.000000000000000000e+00
1.009725777990623042e-03,8.235294117647058432e-01,0.000000000000000000e+00
1.009727777990566478e-03,9.019607843137255054e-01,1.176470588235294101e-01
1.009729777990509914e-03,9.019607843137255054e-01,-7.843137254901960675e-02
1.009731777990453350e-03,8.235294117647058432e-01,3.921568627450980338e-02
1.009733777990396786e-03,9.019607843137255054e-01,0.000000000000000000e+00
1.009735777990340222e-03,9.019607843137255054e-01,3.921568627450980338e-02
1.009737777990283658e-03,9.411764705882352811e-01,3.921568627450980338e-02
1.009739777990227095e-03,8.627450980392157298e-01,-3.921568627450980338e-02
1.009741777990170531e-03,8.235294117647058432e-01,1.176470588235294101e-01
1.009743777990113967e-03,9.019607843137255054e-01,-3.921568627450980338e-02
1.009745777990057403e-03,9.411764705882352811e-01,-3.921568627450980338e-02
1.009747777990000839e-03,8.235294117647058432e-01,7.843137254901960675e-02
1.009749777989944275e-03,9.019607843137255054e-01,-1.568627450980392135e-01
1.009751777989887711e-03,9.019607843137255054e-01,1.176470588235294101e-01
1.009753777989831148e-03,9.411764705882352811e-01,-3.921568627450980338e-02
1.009755777989774584e-03,8.627450980392157298e-01,-3.921568627450980338e-02
1.009757777989718020e-03,9.019607843137255054e-01,3.921568627450980338e-02
1.009759777989661456e-03,9.019607843137255054e-01,-3.921568627450980338e-02
1.009761777989604892e-03,9.411764705882352811e-01,7.843137254901960675e-02
1.009763777989548328e-03,8.627450980392157298e-01,0.000000000000000000e+00
1.009765777989491764e-03,8.627450980392157298e-01,3.921568627450980338e-02
1.009767777989435200e-03,9.019607843137255054e-01,3.921568627450980338e-02
1.009769777989378637e-03,9.411764705882352811e-01,-7.843137254901960675e-02
1.009771777989322073e-03,8.627450980392157298e-01,3.921568627450980338e-02
1.009773777989265509e-03,9.019607843137255054e-01,-7.843137254901960675e-02
1.009775777989208945e-03,9.019607843137255054e-01,7.843137254901960675e-02
1.009777777989152381e-03,9.019607843137255054e-01,0.000000000000000000e+00
1.009779777989095817e-03,8.627450980392157298e-01,-3.921568627450980338e-02
1.009781777989039253e-03,8.235294117647058432e-01,3.921568627450980338e-02
1.009783777988982690e-03,9.019607843137255054e-01,-3.921568627450980338e-02
1.009785777988926126e-03,9.411764705882352811e-01,0.000000000000000000e+00
1.009787777988869562e-03,8.627450980392157298e-01,7.843137254901960675e-02
1.009789777988812998e-03,8.627450980392157298e-01,-1.568627450980392135e-01
1.009791777988756434e-03,9.019607843137255054e-01,1.568627450980392135e-01
1.009793777988699870e-03,9.411764705882352811e-01,-7.843137254901960675e-02
1.009795777988643306e-03,8.627450980392157298e-01,-3.921568627450980338e-02
1.009797777988586743e-03,8.627450980392157298e-01,0.000000000000000000e+00
1.009799777988530179e-03,9.411764705882352811e-01,-1.568627450980392135e-01
1.009801777988473615e-03,9.019607843137255054e-01,7.843137254901960675e-02
1.009803777988417051e-03,8.627450980392157298e-01,0.000000000000000000e+00
1.009805777988360487e-03,8.627450980392157298e-01,3.921568627450980338e-02
1.009807777988303923e-03,9.019607843137255054e-01,7.843137254901960675e-02
1.009809777988247359e-03,9.411764705882352811e-01,-7.843137254901960675e-02
1.009811777988190796e-03,8.627450980392157298e-01,3.921568627450980338e-02
1.009813777988134232e-03,8.627450980392157298e-01,-7.843137254901960675e-02
1.009815777988077668e-03,8.627450980392157298e-01,3.921568627450980338e-02
1.009817777988021104e-03,9.411764705882352811e-01,3.921568627450980338e-02
1.009819777987964540e-03,8.235294117647058432e-01,-3.921568627450980338e-02
1.009821777987907976e-03,8.627450980392157298e-01,7.843137254901960675e-02
1.009823777987851412e-03,8.627450980392157298e-01,-3.921568627450980338e-02
1.009825777987794848e-03,9.411764705882352811e-01,-3.921568627450980338e-02
1.009827777987738285e-03,8.627450980392157298e-01,7.843137254901960675e-02
1.009829777987681721e-03,9.019607843137255054e-01,-1.568627450980392135e-01
1.009831777987625157e-03,8.627450980392157298e-01,1.176470588235294101e-01
1.009833777987568593e-03,9.411764705882352811e-01,-3.921568627450980338e-02
1.009835777987512029e-03,8.235294117647058432e-01,0.000000000000000000e+00
1.009837777987455465e-03,8.627450980392157298e-01,3.921568627450980338e-02
1.009839777987398901e-03,9.019607843137255054e-01,-1.568627450980392135e-01
1.009841777987342338e-03,9.411764705882352811e-01,7.843137254901960675e-02
1.009843777987285774e-03,8.627450980392157298e-01,0.000000000000000000e+00
1.009845777987229210e-03,8.627450980392157298e-01,3.921568627450980338e-02
1.009847777987172646e-03,8.627450980392157298e-01,7.843137254901960675e-02
1.009849777987116082e-03,9.411764705882352811e-01,-7.843137254901960675e-02
1.009851777987059518e-03,8.235294117647058432e-01,7.843137254901960675e-02
1.009853777987002954e-03,8.627450980392157298e-01,0.000000000000000000e+00
1.009855777986946391e-03,8.627450980392157298e-01,3.921568627450980338e-02
1.009857777986889827e-03,9.411764705882352811e-01,3.921568627450980338e-02
1.009859777986833263e-03,8.627450980392157298e-01,-7.843137254901960675e-02
1.009861777986776699e-03,8.627450980392157298e-01,3.921568627450980338e-02
1.009863777986720135e-03,9.019607843137255054e-01,-3.921568627450980338e-02
1.009865777986663571e-03,9.411764705882352811e-01,-3.921568627450980338e-02
1.009867777986607007e-03,8.627450980392157298e-01,7.843137254901960675e-02
1.009869777986550443e-03,8.627450980392157298e-01,-1.568627450980392135e-01
1.009871777986493880e-03,8.627450980392157298e-01,1.176470588235294101e-01
1.009873777986437316e-03,9.411764705882352811e-01,0.000000000000000000e+00
1.009875777986380752e-03,8.627450980392157298e-01,-3.921568627450980338e-02
1.009877777986324188e-03,8.627450980392157298e-01,7.843137254901960675e-02
1.009879777986267624e-03,9.411764705882352811e-01,-3.921568627450980338e-02
1.009881777986211060e-03,9.411764705882352811e-01,7.843137254901960675e-02
1.009883777986154496e-03,8.235294117647058432e-01,0.000000000000000000e+00
1.009885777986097933e-03,8.627450980392157298e-01,3.921568627450980338e-02
1.009887777986041369e-03,9.019607843137255054e-01,7.843137254901960675e-02
1.009889777985984805e-03,9.411764705882352811e-01,-7.843137254901960675e-02
1.009891777985928241e-03,8.627450980392157298e-01,7.843137254901960675e-02
1.009893777985871677e-03,9.019607843137255054e-01,0.000000000000000000e+00
1.009895777985815113e-03,9.019607843137255054e-01,7.843137254901960675e-02
1.009897777985758549e-03,9.411764705882352811e-01,3.921568627450980338e-02
1.009899777985701986e-03,8.627450980392157298e-01,-7.843137254901960675e-02
1.009901777985645422e-03,9.019607843137255054e-01,3.921568627450980338e-02
1.009903777985588858e-03,9.019607843137255054e-01,0.000000000000000000e+00
1.009905777985532294e-03,9.411764705882352811e-01,-3.921568627450980338e-02
1.009907777985475730e-03,8.235294117647058432e-01,7.843137254901960675e-02
1.009909777985419166e-03,9.019607843137255054e-01,-1.568627450980392135e-01
1.009911777985362602e-03,9.019607843137255054e-01,1.176470588235294101e-01
1.009913777985306039e-03,9.411764705882352811e-01,-3.921568627450980338e-02
1.009915777985249475e-03,8.235294117647058432e-01,0.000000000000000000e+00
1.009917777985192911e-03,8.235294117647058432e-01,3.921568627450980338e-02
1.009919777985136347e-03,9.019607843137255054e-01,-7.843137254901960675e-02
1.009921777985079783e-03,9.411764705882352811e-01,7.843137254901960675e-02
1.009923777985023219e-03,8.627450980392157298e-01,0.000000000000000000e+00
1.009925777984966655e-03,9.019607843137255054e-01,0.000000000000000000e+00
1.009927777984910091e-03,9.019607843137255054e-01,7.843137254901960675e-02
1.009929777984853528e-03,9.411764705882352811e-01,-7.843137254901960675e-02
1.009931777984796964e-03,8.627450980392157298e-01,7.843137254901960675e-02
1.009933777984740400e-03,8.627450980392157298e-01,0.000000000000000000e+00
1.009935777984683836e-03,9.019607843137255054e-01,7.843137254901960675e-02
1.009937777984627272e-03,9.411764705882352811e-01,3.921568627450980338e-02
1.009939777984570708e-03,8.627450980392157298e-01,-7.843137254901960675e-02
1.009941777984514144e-03,8.627450980392157298e-01,3.921568627450980338e-02
1.009943777984457581e-03,8.627450980392157298e-01,-3.921568627450980338e-02
1.009945777984401017e-03,9.411764705882352811e-01,0.000000000000000000e+00
1.009947777984344453e-03,8.627450980392157298e-01,7.843137254901960675e-02
1.009949777984287889e-03,9.019607843137255054e-01,-1.568627450980392135e-01
1.009951777984231325e-03,9.019607843137255054e-01,7.843137254901960675e-02
1.009953777984174761e-03,9.411764705882352811e-01,0.000000000000000000e+00
1.009955777984118197e-03,8.627450980392157298e-01,-3.921568627450980338e-02
1.009957777984061634e-03,8.627450980392157298e-01,7.843137254901960675e-02
1.009959777984005070e-03,9.019607843137255054e-01,0.000000000000000000e+00
1.009961777983948506e-03,9.411764705882352811e-01,7.843137254901960675e-02
1.009963777983891942e-03,8.627450980392157298e-01,0.000000000000000000e+00
1.009965777983835378e-03,8.627450980392157298e-01,3.921568627450980338e-02
1.009967777983778814e-03,9.019607843137255054e-01,7.843137254901960675e-02
1.009969777983722250e-03,9.411764705882352811e-01,-7.843137254901960675e-02
1.009971777983665686e-03,8.627450980392157298e-01,7.843137254901960675e-02
1.009973777983609123e-03,9.019607843137255054e-01,0.000000000000000000e+00
1.009975777983552559e-03,9.019607843137255054e-01,3.921568627450980338e-02
1.009977777983495995e-03,9.411764705882352811e-01,3.921568627450980338e-02
1.009979777983439431e-03,8.235294117647058432e-01,-7.843137254901960675e-02
1.009981777983382867e-03,9.019607843137255054e-01,7.843137254901960675e-02
1.009983777983326303e-03,9.019607843137255054e-01,0.000000000000000000e+00
1.009985777983269739e-03,9.411764705882352811e-01,0.000000000000000000e+00
1.009987777983213176e-03,8.627450980392157298e-01,7.843137254901960675e-02
1.009989777983156612e-03,8.627450980392157298e-01,-1.568627450980392135e-01
1.009991777983100048e-03,9.019607843137255054e-01,1.176470588235294101e-01
1.009993777983043484e-03,9.411764705882352811e-01,-3.921568627450980338e-02
1.009995777982986920e-03,8.627450980392157298e-01,-3.921568627450980338e-02
1.009997777982930356e-03,9.019607843137255054e-01,7.843137254901960675e-02
1.009999777982873792e-03,9.019607843137255054e-01,-3.921568627450980338e-02
