time_s,CH1_V,CH2_V
9.900014752903189396e-04,9.411764705882352811e-01,-7.843137254901960675e-02
9.900034752902623757e-04,8.627450980392157298e-01,1.176470588235294101e-01
9.900054752902058119e-04,9.019607843137255054e-01,-1.568627450980392135e-01
9.900074752901492480e-04,9.019607843137255054e-01,7.843137254901960675e-02
9.900094752900926841e-04,9.411764705882352811e-01,3.921568627450980338e-02
9.900114752900361203e-04,8.627450980392157298e-01,-7.843137254901960675e-02
9.900134752899795564e-04,9.019607843137255054e-01,1.176470588235294101e-01
9.900154752899229926e-04,9.019607843137255054e-01,-3.921568627450980338e-02
9.900174752898664287e-04,9.411764705882352811e-01,0.000000000000000000e+00
9.900194752898098648e-04,8.235294117647058432e-01,7.843137254901960675e-02
9.900214752897533010e-04,9.019607843137255054e-01,-1.960784313725490169e-01
9.900234752896967371e-04,9.019607843137255054e-01,1.568627450980392135e-01
9.900254752896401732e-04,9.411764705882352811e-01,-3.921568627450980338e-02
9.900274752895836094e-04,8.627450980392157298e-01,0.000000000000000000e+00
9.900294752895270455e-04,8.627450980392157298e-01,7.843137254901960675e-02
9.900314752894704817e-04,9.411764705882352811e-01,-7.843137254901960675e-02
9.900334752894139178e-04,9.411764705882352811e-01,1.176470588235294101e-01
9.900354752893573539e-04,8.627450980392157298e-01,-7.843137254901960675e-02
9.900374752893007901e-04,9.019607843137255054e-01,7.843137254901960675e-02
9.900394752892442262e-04,9.019607843137255054e-01,1.176470588235294101e-01
9.900414752891876623e-04,9.411764705882352811e-01,-7.843137254901960675e-02
9.900434752891310985e-04,8.627450980392157298e-01,7.843137254901960675e-02
9.900454752890745346e-04,9.019607843137255054e-01,-7.843137254901960675e-02
9.900474752890179708e-04,9.019607843137255054e-01,7.843137254901960675e-02
9.900494752889614069e-04,9.411764705882352811e-01,0.000000000000000000e+00
9.900514752889048430e-04,8.627450980392157298e-01,-7.843137254901960675e-02
9.900534752888482792e-04,8.627450980392157298e-01,1.176470588235294101e-01
9.900554752887917153e-04,8.627450980392157298e-01,-7.843137254901960675e-02
9.900574752887351514e-04,9.411764705882352811e-01,0.000000000000000000e+00
9.900594752886785876e-04,8.627450980392157298e-01,7.843137254901960675e-02
9.900614752886220237e-04,9.019607843137255054e-01,-1.960784313725490169e-01
9.900634752885654599e-04,9.019607843137255054e-01,1.568627450980392135e-01
9.900654752885088960e-04,9.411764705882352811e-01,-3.921568627450980338e-02
9.900674752884523321e-04,8.235294117647058432e-01,0.000000000000000000e+00
9.900694752883957683e-04,8.627450980392157298e-01,3.921568627450980338e-02
9.900714752883392044e-04,9.019607843137255054e-01,0.000000000000000000e+00
9.900734752882826405e-04,9.019607843137255054e-01,7.843137254901960675e-02
9.900754752882260767e-04,8.235294117647058432e-01,-7.843137254901960675e-02
9.900774752881695128e-04,9.019607843137255054e-01,3.921568627450980338e-02
9.900794752881129489e-04,8.627450980392157298e-01,7.843137254901960675e-02
9.900814752880563851e-04,9.411764705882352811e-01,-7.843137254901960675e-02
9.900834752879998212e-04,8.235294117647058432e-01,7.843137254901960675e-02
9.900854752879432574e-04,9.019607843137255054e-01,-7.843137254901960675e-02
9.900874752878866935e-04,9.019607843137255054e-01,7.843137254901960675e-02
9.900894752878301296e-04,9.411764705882352811e-01,3.921568627450980338e-02
9.900914752877735658e-04,8.627450980392157298e-01,-7.843137254901960675e-02
9.900934752877170019e-04,9.019607843137255054e-01,1.176470588235294101e-01
9.900954752876604380e-04,9.019607843137255054e-01,-7.843137254901960675e-02
9.900974752876038742e-04,9.411764705882352811e-01,0.000000000000000000e+00
9.900994752875473103e-04,8.627450980392157298e-01,7.843137254901960675e-02
9.901014752874907465e-04,8.627450980392157298e-01,-1.960784313725490169e-01
9.901034752874341826e-04,9.019607843137255054e-01,1.568627450980392135e-01
9.901054752873776187e-04,9.411764705882352811e-01,-7.843137254901960675e-02
9.901074752873210549e-04,8.627450980392157298e-01,0.000000000000000000e+00
9.901094752872644910e-04,8.235294117647058432e-01,3.921568627450980338e-02
9.901114752872079271e-04,9.019607843137255054e-01,-3.921568627450980338e-02
9.901134752871513633e-04,9.411764705882352811e-01,7.843137254901960675e-02
9.901154752870947994e-04,8.235294117647058432e-01,-3.921568627450980338e-02
9.901174752870382356e-04,9.411764705882352811e-01,3.921568627450980338e-02
9.901194752869816717e-04,9.019607843137255054e-01,7.843137254901960675e-02
9.901214752869251078e-04,9.411764705882352811e-01,-7.843137254901960675e-02
9.901234752868685440e-04,8.235294117647058432e-01,7.843137254901960675e-02
9.901254752868119801e-04,9.019607843137255054e-01,-7.843137254901960675e-02
9.901274752867554162e-04,8.627450980392157298e-01,1.176470588235294101e-01
9.901294752866988524e-04,9.411764705882352811e-01,3.921568627450980338e-02
9.901314752866422885e-04,8.627450980392157298e-01,-1.568627450980392135e-01
9.901334752865857246e-04,9.019607843137255054e-01,7.843137254901960675e-02
9.901354752865291608e-04,9.019607843137255054e-01,-7.843137254901960675e-02
9.901374752864725969e-04,9.411764705882352811e-01,0.000000000000000000e+00
9.901394752864160331e-04,8.627450980392157298e-01,7.843137254901960675e-02
9.901414752863594692e-04,9.019607843137255054e-01,-1.568627450980392135e-01
9.901434752863029053e-04,9.019607843137255054e-01,1.568627450980392135e-01
9.901454752862463415e-04,9.411764705882352811e-01,-3.921568627450980338e-02
9.901474752861897776e-04,9.019607843137255054e-01,0.000000000000000000e+00
9.901494752861332137e-04,9.411764705882352811e-01,0.000000000000000000e+00
9.901514752860766499e-04,9.411764705882352811e-01,-1.568627450980392135e-01
9.901534752860200860e-04,9.411764705882352811e-01,1.960784313725490446e-01
9.901554752859635222e-04,9.019607843137255054e-01,3.137254901960784270e-01
9.901574752859069583e-04,9.411764705882352811e-01,1.568627450980392135e-01
9.901594752858503944e-04,8.627450980392157298e-01,7.843137254901960675e-02
9.901614752857938306e-04,9.411764705882352811e-01,-3.137254901960784270e-01
9.901634752857372667e-04,8.235294117647058432e-01,-1.960784313725490169e-01
9.901654752856807028e-04,8.235294117647058432e-01,-1.960784313725490169e-01
9.901674752856241390e-04,8.627450980392157298e-01,1.960784313725490446e-01
9.901694752855675751e-04,9.019607843137255054e-01,1.960784313725490446e-01
9.901714752855110113e-04,8.627450980392157298e-01,-3.921568627450980338e-02
9.901734752854544474e-04,8.235294117647058432e-01,3.921568627450980338e-02
9.901754752853978835e-04,9.019607843137255054e-01,-1.568627450980392135e-01
9.901774752853413197e-04,9.411764705882352811e-01,3.921568627450980338e-02
9.901794752852847558e-04,8.627450980392157298e-01,1.568627450980392135e-01
9.901814752852281919e-04,8.627450980392157298e-01,-1.568627450980392135e-01
9.901834752851716281e-04,8.627450980392157298e-01,7.843137254901960675e-02
9.901854752851150642e-04,9.411764705882352811e-01,-1.568627450980392135e-01
9.901874752850585003e-04,8.235294117647058432e-01,0.000000000000000000e+00
9.901894752850019365e-04,8.627450980392157298e-01,7.843137254901960675e-02
9.901914752849453726e-04,9.411764705882352811e-01,-3.921568627450980338e-02
9.901934752848888088e-04,9.411764705882352811e-01,7.843137254901960675e-02
9.901954752848322449e-04,8.627450980392157298e-01,-3.921568627450980338e-02
9.901974752847756810e-04,9.019607843137255054e-01,0.000000000000000000e+00
9.901994752847191172e-04,8.627450980392157298e-01,1.568627450980392135e-01
9.902014752846625533e-04,9.411764705882352811e-01,-3.921568627450980338e-02
9.902034752846059894e-04,8.627450980392157298e-01,1.568627450980392135e-01
9.902054752845494256e-04,8.627450980392157298e-01,-1.568627450980392135e-01
9.902074752844928617e-04,9.019607843137255054e-01,3.921568627450980338e-02
9.902094752844362979e-04,9.411764705882352811e-01,7.843137254901960675e-02
9.902114752843797340e-04,8.627450980392157298e-01,-7.843137254901960675e-02
9.902134752843231701e-04,9.019607843137255054e-01,1.176470588235294101e-01
9.902154752842666063e-04,9.411764705882352811e-01,-1.568627450980392135e-01
9.902174752842100424e-04,9.411764705882352811e-01,0.000000000000000000e+00
9.902194752841534785e-04,8.235294117647058432e-01,1.176470588235294101e-01
9.902214752840969147e-04,9.019607843137255054e-01,-1.960784313725490169e-01
9.902234752840403508e-04,9.019607843137255054e-01,1.568627450980392135e-01
9.902254752839837870e-04,9.411764705882352811e-01,-3.921568627450980338e-02
9.902274752839272231e-04,8.627450980392157298e-01,-3.921568627450980338e-02
9.902294752838706592e-04,9.019607843137255054e-01,3.921568627450980338e-02
9.902314752838140954e-04,9.411764705882352811e-01,-3.921568627450980338e-02
9.902334752837575315e-04,9.411764705882352811e-01,3.921568627450980338e-02
9.902354752837009676e-04,8.627450980392157298e-01,0.000000000000000000e+00
9.902374752836444038e-04,8.627450980392157298e-01,3.921568627450980338e-02
9.902394752835878399e-04,8.627450980392157298e-01,7.843137254901960675e-02
9.902414752835312760e-04,9.411764705882352811e-01,-1.568627450980392135e-01
9.902434752834747122e-04,8.627450980392157298e-01,1.176470588235294101e-01
9.902454752834181483e-04,9.019607843137255054e-01,-1.568627450980392135e-01
9.902474752833615845e-04,9.019607843137255054e-01,7.843137254901960675e-02
9.902494752833050206e-04,9.411764705882352811e-01,3.921568627450980338e-02
9.902514752832484567e-04,8.627450980392157298e-01,-7.843137254901960675e-02
9.902534752831918929e-04,9.019607843137255054e-01,1.176470588235294101e-01
9.902554752831353290e-04,9.411764705882352811e-01,-1.568627450980392135e-01
9.902574752830787651e-04,9.411764705882352811e-01,0.000000000000000000e+00
9.902594752830222013e-04,8.627450980392157298e-01,7.843137254901960675e-02
9.902614752829656374e-04,9.019607843137255054e-01,-1.568627450980392135e-01
9.902634752829090736e-04,9.019607843137255054e-01,1.960784313725490446e-01
9.902654752828525097e-04,9.411764705882352811e-01,-3.921568627450980338e-02
9.902674752827959458e-04,8.627450980392157298e-01,0.000000000000000000e+00
9.902694752827393820e-04,9.019607843137255054e-01,3.921568627450980338e-02
9.902714752826828181e-04,9.411764705882352811e-01,-7.843137254901960675e-02
9.902734752826262542e-04,9.019607843137255054e-01,1.568627450980392135e-01
9.902754752825696904e-04,8.627450980392157298e-01,-3.921568627450980338e-02
9.902774752825131265e-04,8.627450980392157298e-01,3.921568627450980338e-02
9.902794752824565627e-04,9.019607843137255054e-01,1.176470588235294101e-01
9.902814752823999988e-04,9.411764705882352811e-01,-7.843137254901960675e-02
9.902834752823434349e-04,8.235294117647058432e-01,1.176470588235294101e-01
9.902854752822868711e-04,9.019607843137255054e-01,-7.843137254901960675e-02
9.902874752822303072e-04,9.411764705882352811e-01,3.921568627450980338e-02
9.902894752821737433e-04,9.803921568627450567e-01,0.000000000000000000e+00
9.902914752821171795e-04,8.627450980392157298e-01,-7.843137254901960675e-02
9.902934752820606156e-04,9.019607843137255054e-01,7.843137254901960675e-02
9.902954752820040518e-04,9.411764705882352811e-01,-7.843137254901960675e-02
9.902974752819474879e-04,9.411764705882352811e-01,0.000000000000000000e+00
9.902994752818909240e-04,8.627450980392157298e-01,7.843137254901960675e-02
9.903014752818343602e-04,8.235294117647058432e-01,-1.960784313725490169e-01
9.903034752817777963e-04,8.627450980392157298e-01,1.568627450980392135e-01
9.903054752817212324e-04,9.411764705882352811e-01,-3.921568627450980338e-02
9.903074752816646686e-04,8.235294117647058432e-01,0.000000000000000000e+00
9.903094752816081047e-04,8.627450980392157298e-01,7.843137254901960675e-02
9.903114752815515408e-04,9.019607843137255054e-01,-3.921568627450980338e-02
9.903134752814949770e-04,9.411764705882352811e-01,7.843137254901960675e-02
9.903154752814384131e-04,8.627450980392157298e-01,-7.843137254901960675e-02
9.903174752813818493e-04,9.019607843137255054e-01,0.000000000000000000e+00
9.903194752813252854e-04,9.019607843137255054e-01,3.921568627450980338e-02
9.903214752812687215e-04,9.411764705882352811e-01,-1.568627450980392135e-01
9.903234752812121577e-04,8.235294117647058432e-01,7.843137254901960675e-02
9.903254752811555938e-04,9.019607843137255054e-01,-1.568627450980392135e-01
9.903274752810990299e-04,9.019607843137255054e-01,7.843137254901960675e-02
9.903294752810424661e-04,9.411764705882352811e-01,3.921568627450980338e-02
9.903314752809859022e-04,8.627450980392157298e-01,-7.843137254901960675e-02
9.903334752809293384e-04,8.627450980392157298e-01,1.176470588235294101e-01
9.903354752808727745e-04,9.411764705882352811e-01,-3.921568627450980338e-02
9.903374752808162106e-04,9.411764705882352811e-01,0.000000000000000000e+00
9.903394752807596468e-04,8.627450980392157298e-01,7.843137254901960675e-02
9.903414752807030829e-04,9.019607843137255054e-01,-1.960784313725490169e-01
9.903434752806465190e-04,9.019607843137255054e-01,1.568627450980392135e-01
9.903454752805899552e-04,9.411764705882352811e-01,-7.843137254901960675e-02
9.903474752805333913e-04,8.627450980392157298e-01,0.000000000000000000e+00
9.903494752804768275e-04,9.019607843137255054e-01,3.921568627450980338e-02
9.903514752804202636e-04,8.627450980392157298e-01,0.000000000000000000e+00
9.903534752803636997e-04,9.019607843137255054e-01,7.843137254901960675e-02
9.903554752803071359e-04,8.627450980392157298e-01,0.000000000000000000e+00
9.903574752802505720e-04,8.627450980392157298e-01,3.921568627450980338e-02
9.903594752801940081e-04,9.019607843137255054e-01,7.843137254901960675e-02
9.903614752801374443e-04,9.411764705882352811e-01,-1.568627450980392135e-01
9.903634752800808804e-04,8.235294117647058432e-01,1.176470588235294101e-01
9.903654752800243165e-04,9.019607843137255054e-01,-1.568627450980392135e-01
9.903674752799677527e-04,9.019607843137255054e-01,7.843137254901960675e-02
9.903694752799111888e-04,9.411764705882352811e-01,3.921568627450980338e-02
9.903714752798546250e-04,8.627450980392157298e-01,-7.843137254901960675e-02
9.903734752797980611e-04,8.627450980392157298e-01,7.843137254901960675e-02
9.903754752797414972e-04,9.019607843137255054e-01,-3.921568627450980338e-02
9.903774752796849334e-04,9.411764705882352811e-01,0.000000000000000000e+00
9.903794752796283695e-04,8.235294117647058432e-01,7.843137254901960675e-02
9.903814752795718056e-04,9.019607843137255054e-01,-1.960784313725490169e-01
9.903834752795152418e-04,9.019607843137255054e-01,1.568627450980392135e-01
9.903854752794586779e-04,9.411764705882352811e-01,-7.843137254901960675e-02
9.903874752794021141e-04,8.235294117647058432e-01,0.000000000000000000e+00
9.903894752793455502e-04,8.627450980392157298e-01,7.843137254901960675e-02
9.903914752792889863e-04,9.411764705882352811e-01,-3.921568627450980338e-02
9.903934752792324225e-04,9.411764705882352811e-01,1.176470588235294101e-01
9.903954752791758586e-04,8.627450980392157298e-01,-3.921568627450980338e-02
9.903974752791192947e-04,9.019607843137255054e-01,3.921568627450980338e-02
9.903994752790627309e-04,9.019607843137255054e-01,3.921568627450980338e-02
9.904014752790061670e-04,9.411764705882352811e-01,-7.843137254901960675e-02
9.904034752789496032e-04,8.235294117647058432e-01,1.176470588235294101e-01
9.904054752788930393e-04,9.019607843137255054e-01,-1.568627450980392135e-01
9.904074752788364754e-04,9.019607843137255054e-01,7.843137254901960675e-02
9.904094752787799116e-04,9.411764705882352811e-01,3.921568627450980338e-02
9.904114752787233477e-04,8.627450980392157298e-01,-1.568627450980392135e-01
9.904134752786667838e-04,9.019607843137255054e-01,1.176470588235294101e-01
9.904154752786102200e-04,9.019607843137255054e-01,-3.921568627450980338e-02
9.904174752785536561e-04,9.411764705882352811e-01,0.000000000000000000e+00
9.904194752784970922e-04,8.235294117647058432e-01,7.843137254901960675e-02
9.904214752784405284e-04,9.019607843137255054e-01,-1.568627450980392135e-01
9.904234752783839645e-04,8.627450980392157298e-01,1.176470588235294101e-01
9.904254752783274007e-04,9.411764705882352811e-01,-3.921568627450980338e-02
9.904274752782708368e-04,8.235294117647058432e-01,0.000000000000000000e+00
9.904294752782142729e-04,8.627450980392157298e-01,7.843137254901960675e-02
9.904314752781577091e-04,9.019607843137255054e-01,0.000000000000000000e+00
9.904334752781011452e-04,9.411764705882352811e-01,3.921568627450980338e-02
9.904354752780445813e-04,8.627450980392157298e-01,0.000000000000000000e+00
9.904374752779880175e-04,8.627450980392157298e-01,3.921568627450980338e-02
9.904394752779314536e-04,8.627450980392157298e-01,3.921568627450980338e-02
9.904414752778748898e-04,9.803921568627450567e-01,-7.843137254901960675e-02
9.904434752778183259e-04,8.627450980392157298e-01,7.843137254901960675e-02
9.904454752777617620e-04,8.627450980392157298e-01,-1.568627450980392135e-01
9.904474752777051982e-04,9.019607843137255054e-01,1.176470588235294101e-01
9.904494752776486343e-04,9.411764705882352811e-01,3.921568627450980338e-02
9.904514752775920704e-04,8.627450980392157298e-01,-7.843137254901960675e-02
9.904534752775355066e-04,8.627450980392157298e-01,7.843137254901960675e-02
9.904554752774789427e-04,9.019607843137255054e-01,-7.843137254901960675e-02
9.904574752774223789e-04,9.411764705882352811e-01,0.000000000000000000e+00
9.904594752773658150e-04,8.235294117647058432e-01,7.843137254901960675e-02
9.904614752773092511e-04,9.019607843137255054e-01,-1.960784313725490169e-01
9.904634752772526873e-04,9.019607843137255054e-01,1.176470588235294101e-01
9.904654752771961234e-04,9.411764705882352811e-01,-3.921568627450980338e-02
9.904674752771395595e-04,8.627450980392157298e-01,0.000000000000000000e+00
9.904694752770829957e-04,8.235294117647058432e-01,7.843137254901960675e-02
9.904714752770264318e-04,9.411764705882352811e-01,-7.843137254901960675e-02
9.904734752769698680e-04,9.019607843137255054e-01,1.176470588235294101e-01
9.904754752769133041e-04,8.235294117647058432e-01,-3.921568627450980338e-02
9.904774752768567402e-04,9.019607843137255054e-01,0.000000000000000000e+00
9.904794752768001764e-04,9.019607843137255054e-01,1.176470588235294101e-01
9.904814752767436125e-04,9.411764705882352811e-01,-1.568627450980392135e-01
9.904834752766870486e-04,8.627450980392157298e-01,1.568627450980392135e-01
9.904854752766304848e-04,9.019607843137255054e-01,-7.843137254901960675e-02
9.904874752765739209e-04,9.019607843137255054e-01,7.843137254901960675e-02
9.904894752765173570e-04,9.411764705882352811e-01,7.843137254901960675e-02
9.904914752764607932e-04,8.627450980392157298e-01,-1.568627450980392135e-01
9.904934752764042293e-04,8.235294117647058432e-01,7.843137254901960675e-02
9.904954752763476655e-04,9.411764705882352811e-01,-3.921568627450980338e-02
9.904974752762911016e-04,9.411764705882352811e-01,0.000000000000000000e+00
9.904994752762345377e-04,8.627450980392157298e-01,7.843137254901960675e-02
9.905014752761779739e-04,9.411764705882352811e-01,-1.568627450980392135e-01
9.905034752761214100e-04,9.019607843137255054e-01,1.568627450980392135e-01
9.905054752760648461e-04,9.411764705882352811e-01,0.000000000000000000e+00
9.905074752760082823e-04,8.235294117647058432e-01,0.000000000000000000e+00
9.905094752759517184e-04,8.235294117647058432e-01,7.843137254901960675e-02
9.905114752758951546e-04,8.627450980392157298e-01,-7.843137254901960675e-02
9.905134752758385907e-04,9.411764705882352811e-01,3.921568627450980338e-02
9.905154752757820268e-04,8.235294117647058432e-01,-3.921568627450980338e-02
9.905174752757254630e-04,9.019607843137255054e-01,3.921568627450980338e-02
9.905194752756688991e-04,9.019607843137255054e-01,1.176470588235294101e-01
9.905214752756123352e-04,9.411764705882352811e-01,-7.843137254901960675e-02
9.905234752755557714e-04,8.627450980392157298e-01,1.176470588235294101e-01
9.905254752754992075e-04,8.627450980392157298e-01,-1.568627450980392135e-01
9.905274752754426437e-04,9.019607843137255054e-01,3.921568627450980338e-02
9.905294752753860798e-04,9.019607843137255054e-01,7.843137254901960675e-02
9.905314752753295159e-04,8.627450980392157298e-01,-7.843137254901960675e-02
9.905334752752729521e-04,8.627450980392157298e-01,1.568627450980392135e-01
9.905354752752163882e-04,9.019607843137255054e-01,-3.921568627450980338e-02
9.905374752751598243e-04,9.411764705882352811e-01,0.000000000000000000e+00
9.905394752751032605e-04,8.235294117647058432e-01,7.843137254901960675e-02
9.905414752750466966e-04,9.019607843137255054e-01,-1.568627450980392135e-01
9.905434752749901327e-04,9.019607843137255054e-01,1.568627450980392135e-01
9.905454752749335689e-04,9.411764705882352811e-01,0.000000000000000000e+00
9.905474752748770050e-04,8.627450980392157298e-01,0.000000000000000000e+00
9.905494752748204412e-04,9.019607843137255054e-01,7.843137254901960675e-02
9.905514752747638773e-04,9.019607843137255054e-01,-3.921568627450980338e-02
9.905534752747073134e-04,9.411764705882352811e-01,7.843137254901960675e-02
9.905554752746507496e-04,8.627450980392157298e-01,-3.921568627450980338e-02
9.905574752745941857e-04,9.019607843137255054e-01,0.000000000000000000e+00
9.905594752745376218e-04,9.019607843137255054e-01,1.176470588235294101e-01
9.905614752744810580e-04,9.411764705882352811e-01,-7.843137254901960675e-02
9.905634752744244941e-04,8.235294117647058432e-01,7.843137254901960675e-02
9.905654752743679303e-04,8.627450980392157298e-01,-1.568627450980392135e-01
9.905674752743113664e-04,9.019607843137255054e-01,1.176470588235294101e-01
9.905694752742548025e-04,9.411764705882352811e-01,3.921568627450980338e-02
9.905714752741982387e-04,8.627450980392157298e-01,-7.843137254901960675e-02
9.905734752741416748e-04,9.019607843137255054e-01,1.568627450980392135e-01
9.905754752740851109e-04,9.019607843137255054e-01,-1.568627450980392135e-01
9.905774752740285471e-04,9.411764705882352811e-01,0.000000000000000000e+00
9.905794752739719832e-04,8.627450980392157298e-01,7.843137254901960675e-02
9.905814752739154194e-04,9.019607843137255054e-01,-1.568627450980392135e-01
9.905834752738588555e-04,9.019607843137255054e-01,1.568627450980392135e-01
9.905854752738022916e-04,9.411764705882352811e-01,-3.921568627450980338e-02
9.905874752737457278e-04,8.627450980392157298e-01,0.000000000000000000e+00
9.905894752736891639e-04,8.627450980392157298e-01,7.843137254901960675e-02
9.905914752736326000e-04,9.411764705882352811e-01,-3.921568627450980338e-02
9.905934752735760362e-04,9.411764705882352811e-01,3.921568627450980338e-02
9.905954752735194723e-04,8.235294117647058432e-01,-3.921568627450980338e-02
9.905974752734629084e-04,9.019607843137255054e-01,3.921568627450980338e-02
9.905994752734063446e-04,8.627450980392157298e-01,7.843137254901960675e-02
9.906014752733497807e-04,9.411764705882352811e-01,-7.843137254901960675e-02
9.906034752732932169e-04,8.627450980392157298e-01,1.176470588235294101e-01
9.906054752732366530e-04,8.627450980392157298e-01,0.000000000000000000e+00
9.906074752731800891e-04,9.019607843137255054e-01,1.176470588235294101e-01
9.906094752731235253e-04,9.411764705882352811e-01,3.921568627450980338e-02
9.906114752730669614e-04,8.627450980392157298e-01,-7.843137254901960675e-02
9.906134752730103975e-04,8.627450980392157298e-01,7.843137254901960675e-02
9.906154752729538337e-04,9.019607843137255054e-01,-3.921568627450980338e-02
9.906174752728972698e-04,9.411764705882352811e-01,-3.921568627450980338e-02
9.906194752728407060e-04,8.627450980392157298e-01,7.843137254901960675e-02
9.906214752727841421e-04,9.019607843137255054e-01,-1.960784313725490169e-01
9.906234752727275782e-04,9.019607843137255054e-01,1.176470588235294101e-01
9.906254752726710144e-04,9.411764705882352811e-01,0.000000000000000000e+00
9.906274752726144505e-04,8.627450980392157298e-01,0.000000000000000000e+00
9.906294752725578866e-04,8.627450980392157298e-01,7.843137254901960675e-02
9.906314752725013228e-04,9.019607843137255054e-01,-3.921568627450980338e-02
9.906334752724447589e-04,9.411764705882352811e-01,7.843137254901960675e-02
9.906354752723881951e-04,8.235294117647058432e-01,-3.921568627450980338e-02
9.906374752723316312e-04,9.411764705882352811e-01,-7.843137254901960675e-02
9.906394752722750673e-04,9.019607843137255054e-01,7.843137254901960675e-02
9.906414752722185035e-04,9.411764705882352811e-01,-7.843137254901960675e-02
9.906434752721619396e-04,8.627450980392157298e-01,1.176470588235294101e-01
9.906454752721053757e-04,8.627450980392157298e-01,-7.843137254901960675e-02
9.906474752720488119e-04,9.019607843137255054e-01,7.843137254901960675e-02
9.906494752719922480e-04,9.411764705882352811e-01,3.921568627450980338e-02
9.906514752719356841e-04,8.627450980392157298e-01,-1.568627450980392135e-01
9.906534752718791203e-04,8.627450980392157298e-01,1.176470588235294101e-01
9.906554752718225564e-04,9.019607843137255054e-01,-7.843137254901960675e-02
9.906574752717659926e-04,9.411764705882352811e-01,0.000000000000000000e+00
9.906594752717094287e-04,8.627450980392157298e-01,7.843137254901960675e-02
9.906614752716528648e-04,9.411764705882352811e-01,-1.960784313725490169e-01
9.906634752715963010e-04,9.019607843137255054e-01,1.176470588235294101e-01
9.906654752715397371e-04,9.019607843137255054e-01,-3.921568627450980338e-02
9.906674752714831732e-04,8.627450980392157298e-01,0.000000000000000000e+00
9.906694752714266094e-04,8.235294117647058432e-01,7.843137254901960675e-02
9.906714752713700455e-04,8.627450980392157298e-01,-3.921568627450980338e-02
9.906734752713134817e-04,9.019607843137255054e-01,7.843137254901960675e-02
9.906754752712569178e-04,9.019607843137255054e-01,0.000000000000000000e+00
9.906774752712003539e-04,8.235294117647058432e-01,3.921568627450980338e-02
9.906794752711437901e-04,9.019607843137255054e-01,3.921568627450980338e-02
9.906814752710872262e-04,9.019607843137255054e-01,-7.843137254901960675e-02
9.906834752710306623e-04,8.627450980392157298e-01,1.568627450980392135e-01
9.906854752709740985e-04,8.627450980392157298e-01,0.000000000000000000e+00
9.906874752709175346e-04,9.019607843137255054e-01,7.843137254901960675e-02
9.906894752708609708e-04,9.411764705882352811e-01,3.921568627450980338e-02
9.906914752708044069e-04,8.627450980392157298e-01,-7.843137254901960675e-02
9.906934752707478430e-04,8.235294117647058432e-01,7.843137254901960675e-02
9.906954752706912792e-04,8.627450980392157298e-01,-3.921568627450980338e-02
9.906974752706347153e-04,9.411764705882352811e-01,0.000000000000000000e+00
9.906994752705781514e-04,8.627450980392157298e-01,7.843137254901960675e-02
9.907014752705215876e-04,9.019607843137255054e-01,-1.960784313725490169e-01
9.907034752704650237e-04,9.019607843137255054e-01,1.176470588235294101e-01
9.907054752704084599e-04,9.411764705882352811e-01,-3.921568627450980338e-02
9.907074752703518960e-04,8.235294117647058432e-01,0.000000000000000000e+00
9.907094752702953321e-04,8.235294117647058432e-01,3.921568627450980338e-02
9.907114752702387683e-04,9.019607843137255054e-01,-1.568627450980392135e-01
9.907134752701822044e-04,9.411764705882352811e-01,1.176470588235294101e-01
9.907154752701256405e-04,8.627450980392157298e-01,-3.921568627450980338e-02
9.907174752700690767e-04,8.627450980392157298e-01,3.921568627450980338e-02
9.907194752700125128e-04,8.627450980392157298e-01,1.176470588235294101e-01
9.907214752699559489e-04,9.411764705882352811e-01,-1.568627450980392135e-01
9.907234752698993851e-04,8.235294117647058432e-01,7.843137254901960675e-02
9.907254752698428212e-04,9.019607843137255054e-01,-1.568627450980392135e-01
9.907274752697862574e-04,9.019607843137255054e-01,7.843137254901960675e-02
9.907294752697296935e-04,9.411764705882352811e-01,7.843137254901960675e-02
9.907314752696731296e-04,8.235294117647058432e-01,-7.843137254901960675e-02
9.907334752696165658e-04,9.019607843137255054e-01,7.843137254901960675e-02
9.907354752695600019e-04,9.019607843137255054e-01,-7.843137254901960675e-02
9.907374752695034380e-04,9.411764705882352811e-01,-3.921568627450980338e-02
9.907394752694468742e-04,8.627450980392157298e-01,7.843137254901960675e-02
9.907414752693903103e-04,9.019607843137255054e-01,-1.568627450980392135e-01
9.907434752693337465e-04,9.019607843137255054e-01,1.568627450980392135e-01
9.907454752692771826e-04,9.411764705882352811e-01,-3.921568627450980338e-02
9.907474752692206187e-04,8.627450980392157298e-01,-3.921568627450980338e-02
9.907494752691640549e-04,8.627450980392157298e-01,7.843137254901960675e-02
9.907514752691074910e-04,9.019607843137255054e-01,0.000000000000000000e+00
9.907534752690509271e-04,8.235294117647058432e-01,7.843137254901960675e-02
9.907554752689943633e-04,8.235294117647058432e-01,0.000000000000000000e+00
9.907574752689377994e-04,8.627450980392157298e-01,0.000000000000000000e+00
9.907594752688812356e-04,8.627450980392157298e-01,7.843137254901960675e-02
9.907614752688246717e-04,9.411764705882352811e-01,-7.843137254901960675e-02
9.907634752687681078e-04,8.627450980392157298e-01,1.176470588235294101e-01
9.907654752687115440e-04,9.019607843137255054e-01,-1.568627450980392135e-01
9.907674752686549801e-04,9.019607843137255054e-01,7.843137254901960675e-02
9.907694752685984162e-04,9.411764705882352811e-01,7.843137254901960675e-02
9.907714752685418524e-04,8.627450980392157298e-01,-7.843137254901960675e-02
9.907734752684852885e-04,8.627450980392157298e-01,1.176470588235294101e-01
9.907754752684287246e-04,9.019607843137255054e-01,-7.843137254901960675e-02
9.907774752683721608e-04,9.411764705882352811e-01,0.000000000000000000e+00
9.907794752683155969e-04,8.627450980392157298e-01,7.843137254901960675e-02
9.907814752682590331e-04,9.019607843137255054e-01,-1.960784313725490169e-01
9.907834752682024692e-04,8.627450980392157298e-01,1.568627450980392135e-01
9.907854752681459053e-04,9.411764705882352811e-01,-7.843137254901960675e-02
9.907874752680893415e-04,8.235294117647058432e-01,0.000000000000000000e+00
9.907894752680327776e-04,8.627450980392157298e-01,3.921568627450980338e-02
9.907914752679762137e-04,9.019607843137255054e-01,-1.568627450980392135e-01
9.907934752679196499e-04,9.411764705882352811e-01,1.176470588235294101e-01
9.907954752678630860e-04,8.627450980392157298e-01,-3.921568627450980338e-02
9.907974752678065222e-04,9.019607843137255054e-01,3.921568627450980338e-02
9.907994752677499583e-04,9.019607843137255054e-01,1.176470588235294101e-01
9.908014752676933944e-04,9.411764705882352811e-01,-1.568627450980392135e-01
9.908034752676368306e-04,8.235294117647058432e-01,7.843137254901960675e-02
9.908054752675802667e-04,8.627450980392157298e-01,0.000000000000000000e+00
9.908074752675237028e-04,8.627450980392157298e-01,7.843137254901960675e-02
9.908094752674671390e-04,9.019607843137255054e-01,3.921568627450980338e-02
9.908114752674105751e-04,9.019607843137255054e-01,-7.843137254901960675e-02
9.908134752673540113e-04,9.019607843137255054e-01,1.176470588235294101e-01
9.908154752672974474e-04,9.019607843137255054e-01,-3.921568627450980338e-02
9.908174752672408835e-04,9.411764705882352811e-01,0.000000000000000000e+00
9.908194752671843197e-04,8.235294117647058432e-01,7.843137254901960675e-02
9.908214752671277558e-04,9.019607843137255054e-01,-1.960784313725490169e-01
9.908234752670711919e-04,9.019607843137255054e-01,1.568627450980392135e-01
9.908254752670146281e-04,9.411764705882352811e-01,-7.843137254901960675e-02
9.908274752669580642e-04,8.627450980392157298e-01,0.000000000000000000e+00
9.908294752669015003e-04,8.627450980392157298e-01,7.843137254901960675e-02
9.908314752668449365e-04,9.019607843137255054e-01,-3.921568627450980338e-02
9.908334752667883726e-04,9.411764705882352811e-01,3.921568627450980338e-02
9.908354752667318088e-04,8.627450980392157298e-01,-3.921568627450980338e-02
9.908374752666752449e-04,9.411764705882352811e-01,0.000000000000000000e+00
9.908394752666186810e-04,8.627450980392157298e-01,3.921568627450980338e-02
9.908414752665621172e-04,9.411764705882352811e-01,-1.568627450980392135e-01
9.908434752665055533e-04,8.235294117647058432e-01,7.843137254901960675e-02
9.908454752664489894e-04,9.019607843137255054e-01,-7.843137254901960675e-02
9.908474752663924256e-04,9.019607843137255054e-01,7.843137254901960675e-02
9.908494752663358617e-04,9.411764705882352811e-01,3.921568627450980338e-02
9.908514752662792979e-04,8.627450980392157298e-01,-7.843137254901960675e-02
9.908534752662227340e-04,9.019607843137255054e-01,1.176470588235294101e-01
9.908554752661661701e-04,9.019607843137255054e-01,-3.921568627450980338e-02
9.908574752661096063e-04,9.411764705882352811e-01,0.000000000000000000e+00
9.908594752660530424e-04,8.627450980392157298e-01,7.843137254901960675e-02
9.908614752659964785e-04,9.019607843137255054e-01,-1.568627450980392135e-01
9.908634752659399147e-04,9.019607843137255054e-01,1.568627450980392135e-01
9.908654752658833508e-04,9.411764705882352811e-01,-7.843137254901960675e-02
9.908674752658267870e-04,9.019607843137255054e-01,0.000000000000000000e+00
9.908694752657702231e-04,8.627450980392157298e-01,7.843137254901960675e-02
9.908714752657136592e-04,9.019607843137255054e-01,-3.921568627450980338e-02
9.908734752656570954e-04,9.411764705882352811e-01,7.843137254901960675e-02
9.908754752656005315e-04,8.627450980392157298e-01,-3.921568627450980338e-02
9.908774752655439676e-04,8.627450980392157298e-01,0.000000000000000000e+00
9.908794752654874038e-04,9.019607843137255054e-01,3.921568627450980338e-02
9.908814752654308399e-04,9.411764705882352811e-01,-7.843137254901960675e-02
9.908834752653742761e-04,8.627450980392157298e-01,1.568627450980392135e-01
9.908854752653177122e-04,9.019607843137255054e-01,0.000000000000000000e+00
9.908874752652611483e-04,9.411764705882352811e-01,1.176470588235294101e-01
9.908894752652045845e-04,9.411764705882352811e-01,3.921568627450980338e-02
9.908914752651480206e-04,8.235294117647058432e-01,-7.843137254901960675e-02
9.908934752650914567e-04,8.235294117647058432e-01,1.176470588235294101e-01
9.908954752650348929e-04,8.627450980392157298e-01,-3.921568627450980338e-02
9.908974752649783290e-04,9.411764705882352811e-01,0.000000000000000000e+00
9.908994752649217651e-04,8.627450980392157298e-01,7.843137254901960675e-02
9.909014752648652013e-04,9.019607843137255054e-01,-1.960784313725490169e-01
9.909034752648086374e-04,9.411764705882352811e-01,1.568627450980392135e-01
9.909054752647520736e-04,9.411764705882352811e-01,-3.921568627450980338e-02
9.909074752646955097e-04,8.627450980392157298e-01,0.000000000000000000e+00
9.909094752646389458e-04,8.627450980392157298e-01,7.843137254901960675e-02
9.909114752645823820e-04,8.627450980392157298e-01,-3.921568627450980338e-02
9.909134752645258181e-04,9.411764705882352811e-01,3.921568627450980338e-02
9.909154752644692542e-04,8.627450980392157298e-01,-3.921568627450980338e-02
9.909174752644126904e-04,9.019607843137255054e-01,0.000000000000000000e+00
9.909194752643561265e-04,8.627450980392157298e-01,7.843137254901960675e-02
9.909214752642995627e-04,9.411764705882352811e-01,-7.843137254901960675e-02
9.909234752642429988e-04,7.843137254901960675e-01,7.843137254901960675e-02
9.909254752641864349e-04,9.019607843137255054e-01,-1.568627450980392135e-01
9.909274752641298711e-04,8.627450980392157298e-01,7.843137254901960675e-02
9.909294752640733072e-04,9.411764705882352811e-01,7.843137254901960675e-02
9.909314752640167433e-04,8.627450980392157298e-01,-7.843137254901960675e-02
9.909334752639601795e-04,8.627450980392157298e-01,1.176470588235294101e-01
9.909354752639036156e-04,9.019607843137255054e-01,-3.921568627450980338e-02
9.909374752638470518e-04,9.411764705882352811e-01,0.000000000000000000e+00
9.909394752637904879e-04,8.235294117647058432e-01,7.843137254901960675e-02
9.909414752637339240e-04,9.019607843137255054e-01,-1.568627450980392135e-01
9.909434752636773602e-04,9.019607843137255054e-01,1.568627450980392135e-01
9.909454752636207963e-04,9.019607843137255054e-01,-3.921568627450980338e-02
9.909474752635642324e-04,8.627450980392157298e-01,0.000000000000000000e+00
9.909494752635076686e-04,8.627450980392157298e-01,1.176470588235294101e-01
9.909514752634511047e-04,9.019607843137255054e-01,-3.921568627450980338e-02
9.909534752633945408e-04,9.019607843137255054e-01,3.921568627450980338e-02
9.909554752633379770e-04,8.627450980392157298e-01,0.000000000000000000e+00
9.909574752632814131e-04,8.627450980392157298e-01,0.000000000000000000e+00
9.909594752632248493e-04,8.627450980392157298e-01,7.843137254901960675e-02
9.909614752631682854e-04,9.411764705882352811e-01,-1.568627450980392135e-01
9.909634752631117215e-04,8.627450980392157298e-01,7.843137254901960675e-02
9.909654752630551577e-04,8.627450980392157298e-01,-1.568627450980392135e-01
9.909674752629985938e-04,8.627450980392157298e-01,3.921568627450980338e-02
9.909694752629420299e-04,9.019607843137255054e-01,3.921568627450980338e-02
9.909714752628854661e-04,8.627450980392157298e-01,-7.843137254901960675e-02
9.909734752628289022e-04,8.627450980392157298e-01,1.568627450980392135e-01
9.909754752627723384e-04,9.019607843137255054e-01,-1.568627450980392135e-01
9.909774752627157745e-04,9.411764705882352811e-01,0.000000000000000000e+00
9.909794752626592106e-04,8.627450980392157298e-01,7.843137254901960675e-02
9.909814752626026468e-04,8.235294117647058432e-01,-1.568627450980392135e-01
9.909834752625460829e-04,9.019607843137255054e-01,1.568627450980392135e-01
9.909854752624895190e-04,9.411764705882352811e-01,-7.843137254901960675e-02
9.909874752624329552e-04,8.627450980392157298e-01,0.000000000000000000e+00
9.909894752623763913e-04,9.019607843137255054e-01,7.843137254901960675e-02
9.909914752623198275e-04,9.411764705882352811e-01,-7.843137254901960675e-02
9.909934752622632636e-04,9.411764705882352811e-01,1.176470588235294101e-01
9.909954752622066997e-04,8.627450980392157298e-01,0.000000000000000000e+00
9.909974752621501359e-04,8.627450980392157298e-01,3.921568627450980338e-02
9.909994752620935720e-04,8.627450980392157298e-01,7.843137254901960675e-02
9.910014752620370081e-04,9.411764705882352811e-01,-1.568627450980392135e-01
9.910034752619804443e-04,8.627450980392157298e-01,7.843137254901960675e-02
9.910054752619238804e-04,8.627450980392157298e-01,-1.568627450980392135e-01
9.910074752618673165e-04,9.019607843137255054e-01,7.843137254901960675e-02
9.910094752618107527e-04,9.411764705882352811e-01,3.921568627450980338e-02
9.910114752617541888e-04,8.627450980392157298e-01,-1.568627450980392135e-01
9.910134752616976250e-04,8.235294117647058432e-01,7.843137254901960675e-02
9.910154752616410611e-04,8.627450980392157298e-01,-3.921568627450980338e-02
9.910174752615844972e-04,9.411764705882352811e-01,0.000000000000000000e+00
9.910194752615279334e-04,8.627450980392157298e-01,7.843137254901960675e-02
9.910214752614713695e-04,9.019607843137255054e-01,-1.960784313725490169e-01
9.910234752614148056e-04,9.019607843137255054e-01,1.568627450980392135e-01
9.910254752613582418e-04,9.411764705882352811e-01,0.000000000000000000e+00
9.910274752613016779e-04,8.235294117647058432e-01,0.000000000000000000e+00
9.910294752612451141e-04,8.627450980392157298e-01,7.843137254901960675e-02
9.910314752611885502e-04,9.019607843137255054e-01,-1.568627450980392135e-01
9.910334752611319863e-04,9.019607843137255054e-01,1.176470588235294101e-01
9.910354752610754225e-04,8.627450980392157298e-01,-3.921568627450980338e-02
9.910374752610188586e-04,9.019607843137255054e-01,3.921568627450980338e-02
9.910394752609622947e-04,9.019607843137255054e-01,3.921568627450980338e-02
9.910414752609057309e-04,9.411764705882352811e-01,-1.568627450980392135e-01
9.910434752608491670e-04,8.627450980392157298e-01,1.568627450980392135e-01
9.910454752607926032e-04,9.019607843137255054e-01,-1.568627450980392135e-01
9.910474752607360393e-04,9.019607843137255054e-01,1.176470588235294101e-01
9.910494752606794754e-04,9.019607843137255054e-01,7.843137254901960675e-02
9.910514752606229116e-04,8.627450980392157298e-01,-1.568627450980392135e-01
9.910534752605663477e-04,8.235294117647058432e-01,7.843137254901960675e-02
9.910554752605097838e-04,9.019607843137255054e-01,-3.921568627450980338e-02
9.910574752604532200e-04,9.411764705882352811e-01,0.000000000000000000e+00
9.910594752603966561e-04,8.627450980392157298e-01,7.843137254901960675e-02
9.910614752603400922e-04,9.019607843137255054e-01,-1.960784313725490169e-01
9.910634752602835284e-04,9.019607843137255054e-01,1.176470588235294101e-01
9.910654752602269645e-04,9.019607843137255054e-01,-3.921568627450980338e-02
9.910674752601704007e-04,8.627450980392157298e-01,0.000000000000000000e+00
9.910694752601138368e-04,8.627450980392157298e-01,7.843137254901960675e-02
9.910714752600572729e-04,9.411764705882352811e-01,0.000000000000000000e+00
9.910734752600007091e-04,9.411764705882352811e-01,7.843137254901960675e-02
9.910754752599441452e-04,8.235294117647058432e-01,-3.921568627450980338e-02
9.910774752598875813e-04,9.019607843137255054e-01,3.921568627450980338e-02
9.910794752598310175e-04,9.019607843137255054e-01,7.843137254901960675e-02
9.910814752597744536e-04,9.411764705882352811e-01,-7.843137254901960675e-02
9.910834752597178898e-04,8.627450980392157298e-01,7.843137254901960675e-02
9.910854752596613259e-04,9.019607843137255054e-01,-7.843137254901960675e-02
9.910874752596047620e-04,9.019607843137255054e-01,7.843137254901960675e-02
9.910894752595481982e-04,9.019607843137255054e-01,7.843137254901960675e-02
9.910914752594916343e-04,8.627450980392157298e-01,-7.843137254901960675e-02
9.910934752594350704e-04,9.019607843137255054e-01,1.176470588235294101e-01
9.910954752593785066e-04,9.411764705882352811e-01,-3.921568627450980338e-02
9.910974752593219427e-04,9.411764705882352811e-01,-3.921568627450980338e-02
9.910994752592653789e-04,8.627450980392157298e-01,7.843137254901960675e-02
9.911014752592088150e-04,9.019607843137255054e-01,-1.960784313725490169e-01
9.911034752591522511e-04,9.019607843137255054e-01,1.176470588235294101e-01
9.911054752590956873e-04,9.411764705882352811e-01,-3.921568627450980338e-02
9.911074752590391234e-04,8.235294117647058432e-01,0.000000000000000000e+00
9.911094752589825595e-04,9.019607843137255054e-01,7.843137254901960675e-02
9.911114752589259957e-04,9.019607843137255054e-01,-3.921568627450980338e-02
9.911134752588694318e-04,9.411764705882352811e-01,7.843137254901960675e-02
9.911154752588128680e-04,8.235294117647058432e-01,-3.921568627450980338e-02
9.911174752587563041e-04,9.019607843137255054e-01,0.000000000000000000e+00
9.911194752586997402e-04,9.019607843137255054e-01,7.843137254901960675e-02
9.911214752586431764e-04,9.411764705882352811e-01,-7.843137254901960675e-02
9.911234752585866125e-04,8.627450980392157298e-01,7.843137254901960675e-02
9.911254752585300486e-04,8.627450980392157298e-01,-1.568627450980392135e-01
9.911274752584734848e-04,9.019607843137255054e-01,1.176470588235294101e-01
9.911294752584169209e-04,9.411764705882352811e-01,3.921568627450980338e-02
9.911314752583603570e-04,8.235294117647058432e-01,-7.843137254901960675e-02
9.911334752583037932e-04,8.627450980392157298e-01,1.568627450980392135e-01
9.911354752582472293e-04,9.019607843137255054e-01,-7.843137254901960675e-02
9.911374752581906655e-04,9.411764705882352811e-01,0.000000000000000000e+00
9.911394752581341016e-04,8.235294117647058432e-01,1.176470588235294101e-01
9.911414752580775377e-04,8.627450980392157298e-01,-1.568627450980392135e-01
9.911434752580209739e-04,9.019607843137255054e-01,1.568627450980392135e-01
9.911454752579644100e-04,9.411764705882352811e-01,-7.843137254901960675e-02
9.911474752579078461e-04,8.627450980392157298e-01,0.000000000000000000e+00
9.911494752578512823e-04,8.627450980392157298e-01,7.843137254901960675e-02
9.911514752577947184e-04,9.019607843137255054e-01,-3.921568627450980338e-02
9.911534752577381546e-04,9.019607843137255054e-01,7.843137254901960675e-02
9.911554752576815907e-04,8.627450980392157298e-01,0.000000000000000000e+00
9.911574752576250268e-04,8.627450980392157298e-01,0.000000000000000000e+00
9.911594752575684630e-04,9.019607843137255054e-01,7.843137254901960675e-02
9.911614752575118991e-04,9.411764705882352811e-01,-1.568627450980392135e-01
9.911634752574553352e-04,8.235294117647058432e-01,1.176470588235294101e-01
9.911654752573987714e-04,8.627450980392157298e-01,-7.843137254901960675e-02
9.911674752573422075e-04,9.019607843137255054e-01,3.921568627450980338e-02
9.911694752572856437e-04,9.411764705882352811e-01,7.843137254901960675e-02
9.911714752572290798e-04,8.627450980392157298e-01,-1.568627450980392135e-01
9.911734752571725159e-04,9.019607843137255054e-01,1.176470588235294101e-01
9.911754752571159521e-04,9.019607843137255054e-01,-3.921568627450980338e-02
9.911774752570593882e-04,9.411764705882352811e-01,-3.921568627450980338e-02
9.911794752570028243e-04,8.235294117647058432e-01,7.843137254901960675e-02
9.911814752569462605e-04,9.019607843137255054e-01,-1.960784313725490169e-01
9.911834752568896966e-04,9.019607843137255054e-01,1.568627450980392135e-01
9.911854752568331327e-04,9.411764705882352811e-01,0.000000000000000000e+00
9.911874752567765689e-04,8.627450980392157298e-01,0.000000000000000000e+00
9.911894752567200050e-04,8.235294117647058432e-01,3.921568627450980338e-02
9.911914752566634412e-04,9.411764705882352811e-01,-3.921568627450980338e-02
9.911934752566068773e-04,9.411764705882352811e-01,7.843137254901960675e-02
9.911954752565503134e-04,8.627450980392157298e-01,-7.843137254901960675e-02
9.911974752564937496e-04,9.411764705882352811e-01,3.921568627450980338e-02
9.911994752564371857e-04,9.019607843137255054e-01,1.176470588235294101e-01
9.912014752563806218e-04,9.411764705882352811e-01,-1.568627450980392135e-01
9.912034752563240580e-04,8.235294117647058432e-01,7.843137254901960675e-02
9.912054752562674941e-04,9.019607843137255054e-01,-1.568627450980392135e-01
9.912074752562109303e-04,9.019607843137255054e-01,1.176470588235294101e-01
9.912094752561543664e-04,9.411764705882352811e-01,3.921568627450980338e-02
9.912114752560978025e-04,8.627450980392157298e-01,-7.843137254901960675e-02
9.912134752560412387e-04,8.627450980392157298e-01,1.176470588235294101e-01
9.912154752559846748e-04,9.019607843137255054e-01,-7.843137254901960675e-02
9.912174752559281109e-04,9.411764705882352811e-01,0.000000000000000000e+00
9.912194752558715471e-04,8.235294117647058432e-01,7.843137254901960675e-02
9.912214752558149832e-04,9.019607843137255054e-01,-1.568627450980392135e-01
9.912234752557584194e-04,9.019607843137255054e-01,1.568627450980392135e-01
9.912254752557018555e-04,9.411764705882352811e-01,-7.843137254901960675e-02
9.912274752556452916e-04,8.235294117647058432e-01,0.000000000000000000e+00
9.912294752555887278e-04,8.627450980392157298e-01,7.843137254901960675e-02
9.912314752555321639e-04,9.019607843137255054e-01,0.000000000000000000e+00
9.912334752554756000e-04,9.019607843137255054e-01,7.843137254901960675e-02
9.912354752554190362e-04,8.627450980392157298e-01,-3.921568627450980338e-02
9.912374752553624723e-04,8.627450980392157298e-01,3.921568627450980338e-02
9.912394752553059084e-04,9.019607843137255054e-01,1.176470588235294101e-01
9.912414752552493446e-04,9.411764705882352811e-01,-7.843137254901960675e-02
9.912434752551927807e-04,8.235294117647058432e-01,1.176470588235294101e-01
9.912454752551362169e-04,9.019607843137255054e-01,-7.843137254901960675e-02
9.912474752550796530e-04,9.019607843137255054e-01,1.176470588235294101e-01
9.912494752550230891e-04,9.411764705882352811e-01,3.921568627450980338e-02
9.912514752549665253e-04,8.627450980392157298e-01,-7.843137254901960675e-02
9.912534752549099614e-04,8.627450980392157298e-01,7.843137254901960675e-02
9.912554752548533975e-04,9.019607843137255054e-01,-7.843137254901960675e-02
9.912574752547968337e-04,9.803921568627450567e-01,0.000000000000000000e+00
9.912594752547402698e-04,8.627450980392157298e-01,7.843137254901960675e-02
9.912614752546837060e-04,9.019607843137255054e-01,-1.568627450980392135e-01
9.912634752546271421e-04,8.627450980392157298e-01,1.176470588235294101e-01
9.912654752545705782e-04,9.411764705882352811e-01,0.000000000000000000e+00
9.912674752545140144e-04,8.235294117647058432e-01,0.000000000000000000e+00
9.912694752544574505e-04,8.627450980392157298e-01,7.843137254901960675e-02
9.912714752544008866e-04,9.019607843137255054e-01,0.000000000000000000e+00
9.912734752543443228e-04,9.019607843137255054e-01,7.843137254901960675e-02
9.912754752542877589e-04,8.627450980392157298e-01,0.000000000000000000e+00
9.912774752542311951e-04,8.627450980392157298e-01,0.000000000000000000e+00
9.912794752541746312e-04,8.627450980392157298e-01,3.921568627450980338e-02
9.912814752541180673e-04,9.411764705882352811e-01,-1.568627450980392135e-01
9.912834752540615035e-04,8.235294117647058432e-01,1.176470588235294101e-01
9.912854752540049396e-04,9.019607843137255054e-01,-7.843137254901960675e-02
9.912874752539483757e-04,9.019607843137255054e-01,7.843137254901960675e-02
9.912894752538918119e-04,9.411764705882352811e-01,3.921568627450980338e-02
9.912914752538352480e-04,9.019607843137255054e-01,-7.843137254901960675e-02
9.912934752537786842e-04,8.627450980392157298e-01,7.843137254901960675e-02
9.912954752537221203e-04,9.019607843137255054e-01,-3.921568627450980338e-02
9.912974752536655564e-04,9.411764705882352811e-01,-3.921568627450980338e-02
9.912994752536089926e-04,8.235294117647058432e-01,7.843137254901960675e-02
9.913014752535524287e-04,9.019607843137255054e-01,-1.960784313725490169e-01
9.913034752534958648e-04,9.019607843137255054e-01,1.176470588235294101e-01
9.913054752534393010e-04,9.411764705882352811e-01,-3.921568627450980338e-02
9.913074752533827371e-04,8.235294117647058432e-01,-3.921568627450980338e-02
9.913094752533261732e-04,8.235294117647058432e-01,7.843137254901960675e-02
9.913114752532696094e-04,9.411764705882352811e-01,-3.921568627450980338e-02
9.913134752532130455e-04,9.411764705882352811e-01,7.843137254901960675e-02
9.913154752531564817e-04,8.235294117647058432e-01,-7.843137254901960675e-02
9.913174752530999178e-04,8.627450980392157298e-01,3.921568627450980338e-02
9.913194752530433539e-04,8.627450980392157298e-01,7.843137254901960675e-02
9.913214752529867901e-04,9.411764705882352811e-01,-7.843137254901960675e-02
9.913234752529302262e-04,8.235294117647058432e-01,1.176470588235294101e-01
9.913254752528736623e-04,8.627450980392157298e-01,-7.843137254901960675e-02
9.913274752528170985e-04,9.019607843137255054e-01,3.921568627450980338e-02
9.913294752527605346e-04,9.019607843137255054e-01,3.921568627450980338e-02
9.913314752527039708e-04,8.627450980392157298e-01,-7.843137254901960675e-02
9.913334752526474069e-04,9.019607843137255054e-01,7.843137254901960675e-02
9.913354752525908430e-04,9.019607843137255054e-01,-3.921568627450980338e-02
9.913374752525342792e-04,9.411764705882352811e-01,0.000000000000000000e+00
9.913394752524777153e-04,8.627450980392157298e-01,1.176470588235294101e-01
9.913414752524211514e-04,9.019607843137255054e-01,-1.960784313725490169e-01
9.913434752523645876e-04,9.019607843137255054e-01,1.568627450980392135e-01
9.913454752523080237e-04,9.019607843137255054e-01,-3.921568627450980338e-02
9.913474752522514599e-04,8.627450980392157298e-01,0.000000000000000000e+00
9.913494752521948960e-04,8.627450980392157298e-01,7.843137254901960675e-02
9.913514752521383321e-04,9.411764705882352811e-01,-1.568627450980392135e-01
9.913534752520817683e-04,9.411764705882352811e-01,7.843137254901960675e-02
9.913554752520252044e-04,8.235294117647058432e-01,0.000000000000000000e+00
9.913574752519686405e-04,9.019607843137255054e-01,3.921568627450980338e-02
9.913594752519120767e-04,9.019607843137255054e-01,1.176470588235294101e-01
9.913614752518555128e-04,9.411764705882352811e-01,-7.843137254901960675e-02
9.913634752517989489e-04,8.235294117647058432e-01,1.176470588235294101e-01
9.913654752517423851e-04,8.627450980392157298e-01,0.000000000000000000e+00
9.913674752516858212e-04,9.019607843137255054e-01,1.176470588235294101e-01
9.913694752516292574e-04,9.411764705882352811e-01,7.843137254901960675e-02
9.913714752515726935e-04,8.627450980392157298e-01,-7.843137254901960675e-02
9.913734752515161296e-04,9.019607843137255054e-01,7.843137254901960675e-02
9.913754752514595658e-04,9.019607843137255054e-01,-3.921568627450980338e-02
9.913774752514030019e-04,9.411764705882352811e-01,0.000000000000000000e+00
9.913794752513464380e-04,8.235294117647058432e-01,1.568627450980392135e-01
9.913814752512898742e-04,9.019607843137255054e-01,-1.960784313725490169e-01
9.913834752512333103e-04,9.019607843137255054e-01,1.568627450980392135e-01
9.913854752511767465e-04,9.411764705882352811e-01,-3.921568627450980338e-02
9.913874752511201826e-04,8.235294117647058432e-01,0.000000000000000000e+00
9.913894752510636187e-04,8.627450980392157298e-01,7.843137254901960675e-02
9.913914752510070549e-04,9.019607843137255054e-01,-7.843137254901960675e-02
9.913934752509504910e-04,9.411764705882352811e-01,1.176470588235294101e-01
9.913954752508939271e-04,8.235294117647058432e-01,0.000000000000000000e+00
9.913974752508373633e-04,8.627450980392157298e-01,3.921568627450980338e-02
9.913994752507807994e-04,8.627450980392157298e-01,1.176470588235294101e-01
9.914014752507242356e-04,9.411764705882352811e-01,-7.843137254901960675e-02
9.914034752506676717e-04,8.235294117647058432e-01,7.843137254901960675e-02
9.914054752506111078e-04,9.019607843137255054e-01,-7.843137254901960675e-02
9.914074752505545440e-04,9.019607843137255054e-01,3.921568627450980338e-02
9.914094752504979801e-04,9.411764705882352811e-01,7.843137254901960675e-02
9.914114752504414162e-04,9.019607843137255054e-01,-1.568627450980392135e-01
9.914134752503848524e-04,9.019607843137255054e-01,1.176470588235294101e-01
9.914154752503282885e-04,9.019607843137255054e-01,-3.921568627450980338e-02
9.914174752502717246e-04,9.411764705882352811e-01,0.000000000000000000e+00
9.914194752502151608e-04,8.235294117647058432e-01,7.843137254901960675e-02
9.914214752501585969e-04,9.019607843137255054e-01,-1.960784313725490169e-01
9.914234752501020331e-04,9.019607843137255054e-01,1.176470588235294101e-01
9.914254752500454692e-04,9.411764705882352811e-01,-3.921568627450980338e-02
9.914274752499889053e-04,8.627450980392157298e-01,-3.921568627450980338e-02
9.914294752499323415e-04,8.627450980392157298e-01,3.921568627450980338e-02
9.914314752498757776e-04,9.411764705882352811e-01,-1.568627450980392135e-01
9.914334752498192137e-04,9.411764705882352811e-01,7.843137254901960675e-02
9.914354752497626499e-04,8.627450980392157298e-01,-3.921568627450980338e-02
9.914374752497060860e-04,9.019607843137255054e-01,3.921568627450980338e-02
9.914394752496495222e-04,9.019607843137255054e-01,7.843137254901960675e-02
9.914414752495929583e-04,9.411764705882352811e-01,-1.568627450980392135e-01
9.914434752495363944e-04,8.235294117647058432e-01,7.843137254901960675e-02
9.914454752494798306e-04,8.627450980392157298e-01,-1.568627450980392135e-01
9.914474752494232667e-04,9.019607843137255054e-01,3.921568627450980338e-02
9.914494752493667028e-04,9.019607843137255054e-01,3.921568627450980338e-02
9.914514752493101390e-04,9.019607843137255054e-01,-7.843137254901960675e-02
9.914534752492535751e-04,8.627450980392157298e-01,1.568627450980392135e-01
9.914554752491970113e-04,9.019607843137255054e-01,-7.843137254901960675e-02
9.914574752491404474e-04,9.411764705882352811e-01,0.000000000000000000e+00
9.914594752490838835e-04,8.627450980392157298e-01,7.843137254901960675e-02
9.914614752490273197e-04,9.019607843137255054e-01,-1.568627450980392135e-01
9.914634752489707558e-04,9.019607843137255054e-01,1.568627450980392135e-01
9.914654752489141919e-04,9.411764705882352811e-01,-7.843137254901960675e-02
9.914674752488576281e-04,8.627450980392157298e-01,0.000000000000000000e+00
9.914694752488010642e-04,8.627450980392157298e-01,7.843137254901960675e-02
9.914714752487445003e-04,9.019607843137255054e-01,-7.843137254901960675e-02
9.914734752486879365e-04,9.019607843137255054e-01,1.176470588235294101e-01
9.914754752486313726e-04,8.627450980392157298e-01,0.000000000000000000e+00
9.914774752485748088e-04,9.019607843137255054e-01,3.921568627450980338e-02
9.914794752485182449e-04,9.019607843137255054e-01,3.921568627450980338e-02
9.914814752484616810e-04,9.411764705882352811e-01,-7.843137254901960675e-02
9.914834752484051172e-04,8.235294117647058432e-01,1.176470588235294101e-01
9.914854752483485533e-04,9.411764705882352811e-01,-7.843137254901960675e-02
9.914874752482919894e-04,9.411764705882352811e-01,7.843137254901960675e-02
9.914894752482354256e-04,9.019607843137255054e-01,7.843137254901960675e-02
9.914914752481788617e-04,8.627450980392157298e-01,-1.568627450980392135e-01
9.914934752481222979e-04,9.019607843137255054e-01,7.843137254901960675e-02
9.914954752480657340e-04,9.019607843137255054e-01,-3.921568627450980338e-02
9.914974752480091701e-04,9.411764705882352811e-01,0.000000000000000000e+00
9.914994752479526063e-04,8.235294117647058432e-01,7.843137254901960675e-02
9.915014752478960424e-04,9.411764705882352811e-01,-1.960784313725490169e-01
9.915034752478394785e-04,9.019607843137255054e-01,1.568627450980392135e-01
9.915054752477829147e-04,9.411764705882352811e-01,0.000000000000000000e+00
9.915074752477263508e-04,8.627450980392157298e-01,-3.921568627450980338e-02
9.915094752476697870e-04,8.627450980392157298e-01,7.843137254901960675e-02
9.915114752476132231e-04,9.019607843137255054e-01,-1.568627450980392135e-01
9.915134752475566592e-04,9.019607843137255054e-01,7.843137254901960675e-02
9.915154752475000954e-04,8.627450980392157298e-01,-3.921568627450980338e-02
9.915174752474435315e-04,9.411764705882352811e-01,0.000000000000000000e+00
9.915194752473869676e-04,9.411764705882352811e-01,7.843137254901960675e-02
9.915214752473304038e-04,9.411764705882352811e-01,-7.843137254901960675e-02
9.915234752472738399e-04,8.235294117647058432e-01,7.843137254901960675e-02
9.915254752472172761e-04,8.627450980392157298e-01,-7.843137254901960675e-02
9.915274752471607122e-04,9.411764705882352811e-01,3.921568627450980338e-02
9.915294752471041483e-04,9.411764705882352811e-01,7.843137254901960675e-02
9.915314752470475845e-04,8.235294117647058432e-01,-7.843137254901960675e-02
9.915334752469910206e-04,8.627450980392157298e-01,1.568627450980392135e-01
9.915354752469344567e-04,9.019607843137255054e-01,-7.843137254901960675e-02
9.915374752468778929e-04,9.411764705882352811e-01,0.000000000000000000e+00
9.915394752468213290e-04,8.627450980392157298e-01,7.843137254901960675e-02
9.915414752467647651e-04,9.411764705882352811e-01,-1.960784313725490169e-01
9.915434752467082013e-04,9.019607843137255054e-01,1.568627450980392135e-01
9.915454752466516374e-04,9.411764705882352811e-01,-3.921568627450980338e-02
9.915474752465950736e-04,8.627450980392157298e-01,0.000000000000000000e+00
9.915494752465385097e-04,8.627450980392157298e-01,7.843137254901960675e-02
9.915514752464819458e-04,9.411764705882352811e-01,-1.568627450980392135e-01
9.915534752464253820e-04,9.019607843137255054e-01,7.843137254901960675e-02
9.915554752463688181e-04,8.627450980392157298e-01,0.000000000000000000e+00
9.915574752463122542e-04,9.019607843137255054e-01,3.921568627450980338e-02
9.915594752462556904e-04,9.019607843137255054e-01,7.843137254901960675e-02
9.915614752461991265e-04,9.411764705882352811e-01,-1.568627450980392135e-01
9.915634752461425627e-04,8.627450980392157298e-01,7.843137254901960675e-02
9.915654752460859988e-04,8.627450980392157298e-01,0.000000000000000000e+00
9.915674752460294349e-04,8.627450980392157298e-01,7.843137254901960675e-02
9.915694752459728711e-04,9.411764705882352811e-01,7.843137254901960675e-02
9.915714752459163072e-04,8.627450980392157298e-01,-7.843137254901960675e-02
9.915734752458597433e-04,9.019607843137255054e-01,1.568627450980392135e-01
9.915754752458031795e-04,9.411764705882352811e-01,-3.921568627450980338e-02
9.915774752457466156e-04,9.411764705882352811e-01,0.000000000000000000e+00
9.915794752456900518e-04,8.627450980392157298e-01,1.176470588235294101e-01
9.915814752456334879e-04,9.019607843137255054e-01,-1.960784313725490169e-01
9.915834752455769240e-04,9.019607843137255054e-01,1.568627450980392135e-01
9.915854752455203602e-04,9.411764705882352811e-01,0.000000000000000000e+00
9.915874752454637963e-04,8.235294117647058432e-01,0.000000000000000000e+00
9.915894752454072324e-04,8.627450980392157298e-01,7.843137254901960675e-02
9.915914752453506686e-04,9.411764705882352811e-01,-7.843137254901960675e-02
9.915934752452941047e-04,9.411764705882352811e-01,1.176470588235294101e-01
9.915954752452375408e-04,8.627450980392157298e-01,-3.921568627450980338e-02
9.915974752451809770e-04,9.019607843137255054e-01,3.921568627450980338e-02
9.915994752451244131e-04,8.627450980392157298e-01,7.843137254901960675e-02
9.916014752450678493e-04,9.411764705882352811e-01,-1.568627450980392135e-01
9.916034752450112854e-04,8.235294117647058432e-01,7.843137254901960675e-02
9.916054752449547215e-04,8.627450980392157298e-01,-1.568627450980392135e-01
9.916074752448981577e-04,9.019607843137255054e-01,7.843137254901960675e-02
9.916094752448415938e-04,9.411764705882352811e-01,3.921568627450980338e-02
9.916114752447850299e-04,8.627450980392157298e-01,-1.568627450980392135e-01
9.916134752447284661e-04,8.627450980392157298e-01,1.568627450980392135e-01
9.916154752446719022e-04,9.411764705882352811e-01,-3.921568627450980338e-02
9.916174752446153384e-04,9.411764705882352811e-01,0.000000000000000000e+00
9.916194752445587745e-04,8.627450980392157298e-01,7.843137254901960675e-02
9.916214752445022106e-04,8.627450980392157298e-01,-1.568627450980392135e-01
9.916234752444456468e-04,8.627450980392157298e-01,1.176470588235294101e-01
9.916254752443890829e-04,9.411764705882352811e-01,-7.843137254901960675e-02
9.916274752443325190e-04,8.627450980392157298e-01,-3.921568627450980338e-02
9.916294752442759552e-04,9.019607843137255054e-01,7.843137254901960675e-02
9.916314752442193913e-04,9.411764705882352811e-01,0.000000000000000000e+00
9.916334752441628275e-04,9.411764705882352811e-01,7.843137254901960675e-02
9.916354752441062636e-04,8.235294117647058432e-01,0.000000000000000000e+00
9.916374752440496997e-04,9.019607843137255054e-01,3.921568627450980338e-02
9.916394752439931359e-04,9.019607843137255054e-01,3.921568627450980338e-02
9.916414752439365720e-04,9.803921568627450567e-01,-7.843137254901960675e-02
9.916434752438800081e-04,8.627450980392157298e-01,1.176470588235294101e-01
9.916454752438234443e-04,9.019607843137255054e-01,0.000000000000000000e+00
9.916474752437668804e-04,9.019607843137255054e-01,7.843137254901960675e-02
9.916494752437103165e-04,9.411764705882352811e-01,3.921568627450980338e-02
9.916514752436537527e-04,8.627450980392157298e-01,-1.568627450980392135e-01
9.916534752435971888e-04,9.019607843137255054e-01,7.843137254901960675e-02
9.916554752435406250e-04,9.019607843137255054e-01,0.000000000000000000e+00
9.916574752434840611e-04,9.411764705882352811e-01,-3.921568627450980338e-02
9.916594752434274972e-04,8.235294117647058432e-01,7.843137254901960675e-02
9.916614752433709334e-04,9.411764705882352811e-01,-1.568627450980392135e-01
9.916634752433143695e-04,9.019607843137255054e-01,1.568627450980392135e-01
9.916654752432578056e-04,9.411764705882352811e-01,-3.921568627450980338e-02
9.916674752432012418e-04,8.627450980392157298e-01,0.000000000000000000e+00
9.916694752431446779e-04,9.019607843137255054e-01,3.921568627450980338e-02
9.916714752430881141e-04,9.411764705882352811e-01,-7.843137254901960675e-02
9.916734752430315502e-04,9.411764705882352811e-01,1.176470588235294101e-01
9.916754752429749863e-04,8.627450980392157298e-01,-7.843137254901960675e-02
9.916774752429184225e-04,8.627450980392157298e-01,3.921568627450980338e-02
9.916794752428618586e-04,9.019607843137255054e-01,1.176470588235294101e-01
9.916814752428052947e-04,9.411764705882352811e-01,-1.568627450980392135e-01
9.916834752427487309e-04,8.627450980392157298e-01,1.568627450980392135e-01
9.916854752426921670e-04,9.019607843137255054e-01,-3.921568627450980338e-02
9.916874752426356032e-04,9.019607843137255054e-01,3.921568627450980338e-02
9.916894752425790393e-04,9.411764705882352811e-01,7.843137254901960675e-02
9.916914752425224754e-04,8.627450980392157298e-01,-7.843137254901960675e-02
9.916934752424659116e-04,9.019607843137255054e-01,7.843137254901960675e-02
9.916954752424093477e-04,9.411764705882352811e-01,-7.843137254901960675e-02
9.916974752423527838e-04,9.411764705882352811e-01,0.000000000000000000e+00
9.916994752422962200e-04,8.627450980392157298e-01,7.843137254901960675e-02
9.917014752422396561e-04,8.627450980392157298e-01,-1.960784313725490169e-01
9.917034752421830923e-04,9.019607843137255054e-01,1.568627450980392135e-01
9.917054752421265284e-04,9.411764705882352811e-01,-3.921568627450980338e-02
9.917074752420699645e-04,8.235294117647058432e-01,0.000000000000000000e+00
9.917094752420134007e-04,8.235294117647058432e-01,7.843137254901960675e-02
9.917114752419568368e-04,9.019607843137255054e-01,-3.921568627450980338e-02
9.917134752419002729e-04,9.411764705882352811e-01,7.843137254901960675e-02
9.917154752418437091e-04,8.627450980392157298e-01,0.000000000000000000e+00
9.917174752417871452e-04,9.411764705882352811e-01,3.921568627450980338e-02
9.917194752417305813e-04,9.019607843137255054e-01,7.843137254901960675e-02
9.917214752416740175e-04,9.411764705882352811e-01,-1.568627450980392135e-01
9.917234752416174536e-04,8.627450980392157298e-01,7.843137254901960675e-02
9.917254752415608898e-04,8.627450980392157298e-01,-7.843137254901960675e-02
9.917274752415043259e-04,9.411764705882352811e-01,3.921568627450980338e-02
9.917294752414477620e-04,9.019607843137255054e-01,7.843137254901960675e-02
9.917314752413911982e-04,8.627450980392157298e-01,-7.843137254901960675e-02
9.917334752413346343e-04,8.627450980392157298e-01,1.568627450980392135e-01
9.917354752412780704e-04,9.019607843137255054e-01,-3.921568627450980338e-02
9.917374752412215066e-04,9.411764705882352811e-01,0.000000000000000000e+00
9.917394752411649427e-04,8.235294117647058432e-01,1.568627450980392135e-01
9.917414752411083789e-04,8.627450980392157298e-01,-1.568627450980392135e-01
9.917434752410518150e-04,9.019607843137255054e-01,1.176470588235294101e-01
9.917454752409952511e-04,9.411764705882352811e-01,0.000000000000000000e+00
9.917474752409386873e-04,8.627450980392157298e-01,0.000000000000000000e+00
9.917494752408821234e-04,9.019607843137255054e-01,7.843137254901960675e-02
9.917514752408255595e-04,9.411764705882352811e-01,-1.568627450980392135e-01
9.917534752407689957e-04,9.019607843137255054e-01,7.843137254901960675e-02
9.917554752407124318e-04,8.627450980392157298e-01,-3.921568627450980338e-02
9.917574752406558680e-04,9.019607843137255054e-01,3.921568627450980338e-02
9.917594752405993041e-04,9.411764705882352811e-01,7.843137254901960675e-02
9.917614752405427402e-04,9.411764705882352811e-01,-1.960784313725490169e-01
9.917634752404861764e-04,8.235294117647058432e-01,7.843137254901960675e-02
9.917654752404296125e-04,9.019607843137255054e-01,-1.568627450980392135e-01
9.917674752403730486e-04,9.411764705882352811e-01,7.843137254901960675e-02
9.917694752403164848e-04,9.411764705882352811e-01,3.921568627450980338e-02
9.917714752402599209e-04,8.627450980392157298e-01,-7.843137254901960675e-02
9.917734752402033570e-04,8.627450980392157298e-01,1.568627450980392135e-01
9.917754752401467932e-04,9.019607843137255054e-01,-3.921568627450980338e-02
9.917774752400902293e-04,9.411764705882352811e-01,0.000000000000000000e+00
9.917794752400336655e-04,8.627450980392157298e-01,7.843137254901960675e-02
9.917814752399771016e-04,9.019607843137255054e-01,-1.960784313725490169e-01
9.917834752399205377e-04,9.019607843137255054e-01,1.176470588235294101e-01
9.917854752398639739e-04,9.411764705882352811e-01,0.000000000000000000e+00
9.917874752398074100e-04,8.235294117647058432e-01,-3.921568627450980338e-02
9.917894752397508461e-04,9.019607843137255054e-01,7.843137254901960675e-02
9.917914752396942823e-04,9.411764705882352811e-01,-3.921568627450980338e-02
9.917934752396377184e-04,9.411764705882352811e-01,7.843137254901960675e-02
9.917954752395811546e-04,8.627450980392157298e-01,0.000000000000000000e+00
9.917974752395245907e-04,9.019607843137255054e-01,0.000000000000000000e+00
9.917994752394680268e-04,8.627450980392157298e-01,7.843137254901960675e-02
9.918014752394114630e-04,9.803921568627450567e-01,-7.843137254901960675e-02
9.918034752393548991e-04,8.627450980392157298e-01,1.176470588235294101e-01
9.918054752392983352e-04,9.019607843137255054e-01,0.000000000000000000e+00
9.918074752392417714e-04,9.019607843137255054e-01,7.843137254901960675e-02
9.918094752391852075e-04,9.411764705882352811e-01,3.921568627450980338e-02
9.918114752391286437e-04,9.019607843137255054e-01,-7.843137254901960675e-02
9.918134752390720798e-04,9.019607843137255054e-01,7.843137254901960675e-02
9.918154752390155159e-04,9.019607843137255054e-01,-3.921568627450980338e-02
9.918174752389589521e-04,9.411764705882352811e-01,0.000000000000000000e+00
9.918194752389023882e-04,8.627450980392157298e-01,1.176470588235294101e-01
9.918214752388458243e-04,9.019607843137255054e-01,-1.960784313725490169e-01
9.918234752387892605e-04,9.019607843137255054e-01,1.568627450980392135e-01
9.918254752387326966e-04,9.411764705882352811e-01,-3.921568627450980338e-02
9.918274752386761327e-04,8.235294117647058432e-01,0.000000000000000000e+00
9.918294752386195689e-04,8.235294117647058432e-01,3.921568627450980338e-02
9.918314752385630050e-04,9.019607843137255054e-01,-1.568627450980392135e-01
9.918334752385064412e-04,9.411764705882352811e-01,7.843137254901960675e-02
9.918354752384498773e-04,8.235294117647058432e-01,0.000000000000000000e+00
9.918374752383933134e-04,8.627450980392157298e-01,3.921568627450980338e-02
9.918394752383367496e-04,9.019607843137255054e-01,1.176470588235294101e-01
9.918414752382801857e-04,9.411764705882352811e-01,-1.568627450980392135e-01
9.918434752382236218e-04,8.627450980392157298e-01,1.176470588235294101e-01
9.918454752381670580e-04,8.627450980392157298e-01,0.000000000000000000e+00
9.918474752381104941e-04,9.019607843137255054e-01,7.843137254901960675e-02
9.918494752380539303e-04,9.019607843137255054e-01,3.921568627450980338e-02
9.918514752379973664e-04,8.627450980392157298e-01,-1.568627450980392135e-01
9.918534752379408025e-04,9.019607843137255054e-01,7.843137254901960675e-02
9.918554752378842387e-04,9.019607843137255054e-01,-3.921568627450980338e-02
9.918574752378276748e-04,9.411764705882352811e-01,-3.921568627450980338e-02
9.918594752377711109e-04,8.235294117647058432e-01,1.176470588235294101e-01
9.918614752377145471e-04,9.019607843137255054e-01,-1.960784313725490169e-01
9.918634752376579832e-04,9.019607843137255054e-01,1.568627450980392135e-01
9.918654752376014194e-04,9.411764705882352811e-01,-7.843137254901960675e-02
9.918674752375448555e-04,8.627450980392157298e-01,-3.921568627450980338e-02
9.918694752374882916e-04,9.019607843137255054e-01,7.843137254901960675e-02
9.918714752374317278e-04,9.019607843137255054e-01,-1.568627450980392135e-01
9.918734752373751639e-04,9.411764705882352811e-01,7.843137254901960675e-02
9.918754752373186000e-04,8.627450980392157298e-01,-3.921568627450980338e-02
9.918774752372620362e-04,9.019607843137255054e-01,3.921568627450980338e-02
9.918794752372054723e-04,9.019607843137255054e-01,1.176470588235294101e-01
9.918814752371489084e-04,9.411764705882352811e-01,-7.843137254901960675e-02
9.918834752370923446e-04,8.235294117647058432e-01,7.843137254901960675e-02
9.918854752370357807e-04,8.627450980392157298e-01,-1.568627450980392135e-01
9.918874752369792169e-04,9.019607843137255054e-01,7.843137254901960675e-02
9.918894752369226530e-04,9.411764705882352811e-01,7.843137254901960675e-02
9.918914752368660891e-04,9.019607843137255054e-01,-7.843137254901960675e-02
9.918934752368095253e-04,9.019607843137255054e-01,7.843137254901960675e-02
9.918954752367529614e-04,9.019607843137255054e-01,-7.843137254901960675e-02
9.918974752366963975e-04,9.411764705882352811e-01,-3.921568627450980338e-02
9.918994752366398337e-04,8.627450980392157298e-01,7.843137254901960675e-02
9.919014752365832698e-04,9.019607843137255054e-01,-1.960784313725490169e-01
9.919034752365267060e-04,9.019607843137255054e-01,1.568627450980392135e-01
9.919054752364701421e-04,9.411764705882352811e-01,-7.843137254901960675e-02
9.919074752364135782e-04,8.627450980392157298e-01,0.000000000000000000e+00
9.919094752363570144e-04,8.235294117647058432e-01,7.843137254901960675e-02
9.919114752363004505e-04,9.019607843137255054e-01,-7.843137254901960675e-02
9.919134752362438866e-04,9.019607843137255054e-01,7.843137254901960675e-02
9.919154752361873228e-04,8.235294117647058432e-01,0.000000000000000000e+00
9.919174752361307589e-04,8.627450980392157298e-01,3.921568627450980338e-02
9.919194752360741951e-04,9.019607843137255054e-01,7.843137254901960675e-02
9.919214752360176312e-04,9.411764705882352811e-01,-1.568627450980392135e-01
9.919234752359610673e-04,8.627450980392157298e-01,7.843137254901960675e-02
9.919254752359045035e-04,9.019607843137255054e-01,-7.843137254901960675e-02
9.919274752358479396e-04,9.019607843137255054e-01,7.843137254901960675e-02
9.919294752357913757e-04,9.411764705882352811e-01,7.843137254901960675e-02
9.919314752357348119e-04,9.019607843137255054e-01,-7.843137254901960675e-02
9.919334752356782480e-04,8.627450980392157298e-01,1.568627450980392135e-01
9.919354752356216842e-04,8.627450980392157298e-01,-3.921568627450980338e-02
9.919374752355651203e-04,9.019607843137255054e-01,-3.921568627450980338e-02
9.919394752355085564e-04,8.235294117647058432e-01,7.843137254901960675e-02
9.919414752354519926e-04,9.019607843137255054e-01,-1.960784313725490169e-01
9.919434752353954287e-04,9.019607843137255054e-01,1.568627450980392135e-01
9.919454752353388648e-04,9.411764705882352811e-01,-3.921568627450980338e-02
9.919474752352823010e-04,8.627450980392157298e-01,0.000000000000000000e+00
9.919494752352257371e-04,8.627450980392157298e-01,7.843137254901960675e-02
9.919514752351691732e-04,9.019607843137255054e-01,-7.843137254901960675e-02
9.919534752351126094e-04,9.411764705882352811e-01,7.843137254901960675e-02
9.919554752350560455e-04,8.627450980392157298e-01,0.000000000000000000e+00
9.919574752349994817e-04,9.019607843137255054e-01,3.921568627450980338e-02
9.919594752349429178e-04,9.019607843137255054e-01,7.843137254901960675e-02
9.919614752348863539e-04,9.411764705882352811e-01,-1.568627450980392135e-01
9.919634752348297901e-04,8.235294117647058432e-01,7.843137254901960675e-02
9.919654752347732262e-04,8.627450980392157298e-01,-7.843137254901960675e-02
9.919674752347166623e-04,9.411764705882352811e-01,7.843137254901960675e-02
9.919694752346600985e-04,9.411764705882352811e-01,7.843137254901960675e-02
9.919714752346035346e-04,8.627450980392157298e-01,-1.568627450980392135e-01
9.919734752345469708e-04,9.019607843137255054e-01,1.568627450980392135e-01
9.919754752344904069e-04,9.019607843137255054e-01,-3.921568627450980338e-02
9.919774752344338430e-04,9.803921568627450567e-01,0.000000000000000000e+00
9.919794752343772792e-04,8.627450980392157298e-01,7.843137254901960675e-02
9.919814752343207153e-04,9.411764705882352811e-01,-1.568627450980392135e-01
9.919834752342641514e-04,9.019607843137255054e-01,1.176470588235294101e-01
9.919854752342075876e-04,9.411764705882352811e-01,-3.921568627450980338e-02
9.919874752341510237e-04,8.627450980392157298e-01,0.000000000000000000e+00
9.919894752340944599e-04,8.627450980392157298e-01,7.843137254901960675e-02
9.919914752340378960e-04,9.411764705882352811e-01,-7.843137254901960675e-02
9.919934752339813321e-04,9.411764705882352811e-01,7.843137254901960675e-02
9.919954752339247683e-04,8.627450980392157298e-01,-3.921568627450980338e-02
9.919974752338682044e-04,8.627450980392157298e-01,3.921568627450980338e-02
9.919994752338116405e-04,9.019607843137255054e-01,7.843137254901960675e-02
9.920014752337550767e-04,9.803921568627450567e-01,-7.843137254901960675e-02
9.920034752336985128e-04,8.235294117647058432e-01,7.843137254901960675e-02
9.920054752336419489e-04,8.627450980392157298e-01,-7.843137254901960675e-02
9.920074752335853851e-04,9.019607843137255054e-01,7.843137254901960675e-02
9.920094752335288212e-04,9.411764705882352811e-01,7.843137254901960675e-02
9.920114752334722574e-04,8.627450980392157298e-01,-7.843137254901960675e-02
9.920134752334156935e-04,8.627450980392157298e-01,1.568627450980392135e-01
9.920154752333591296e-04,9.411764705882352811e-01,-3.921568627450980338e-02
9.920174752333025658e-04,9.019607843137255054e-01,0.000000000000000000e+00
9.920194752332460019e-04,8.627450980392157298e-01,7.843137254901960675e-02
9.920214752331894380e-04,9.411764705882352811e-01,-1.960784313725490169e-01
9.920234752331328742e-04,9.019607843137255054e-01,1.176470588235294101e-01
9.920254752330763103e-04,9.411764705882352811e-01,-3.921568627450980338e-02
9.920274752330197465e-04,8.235294117647058432e-01,0.000000000000000000e+00
9.920294752329631826e-04,9.019607843137255054e-01,3.921568627450980338e-02
9.920314752329066187e-04,9.019607843137255054e-01,-3.921568627450980338e-02
9.920334752328500549e-04,9.411764705882352811e-01,3.921568627450980338e-02
9.920354752327934910e-04,8.627450980392157298e-01,0.000000000000000000e+00
9.920374752327369271e-04,9.019607843137255054e-01,0.000000000000000000e+00
9.920394752326803633e-04,8.627450980392157298e-01,7.843137254901960675e-02
9.920414752326237994e-04,9.411764705882352811e-01,-7.843137254901960675e-02
9.920434752325672356e-04,8.235294117647058432e-01,7.843137254901960675e-02
9.920454752325106717e-04,9.019607843137255054e-01,-3.921568627450980338e-02
9.920474752324541078e-04,9.019607843137255054e-01,1.176470588235294101e-01
9.920494752323975440e-04,9.411764705882352811e-01,7.843137254901960675e-02
9.920514752323409801e-04,9.019607843137255054e-01,-7.843137254901960675e-02
9.920534752322844162e-04,8.627450980392157298e-01,1.568627450980392135e-01
9.920554752322278524e-04,9.411764705882352811e-01,-7.843137254901960675e-02
9.920574752321712885e-04,9.411764705882352811e-01,0.000000000000000000e+00
9.920594752321147246e-04,8.627450980392157298e-01,7.843137254901960675e-02
9.920614752320581608e-04,9.411764705882352811e-01,-1.568627450980392135e-01
9.920634752320015969e-04,9.019607843137255054e-01,1.176470588235294101e-01
9.920654752319450331e-04,9.411764705882352811e-01,-3.921568627450980338e-02
9.920674752318884692e-04,8.627450980392157298e-01,0.000000000000000000e+00
9.920694752318319053e-04,8.627450980392157298e-01,7.843137254901960675e-02
9.920714752317753415e-04,9.411764705882352811e-01,-7.843137254901960675e-02
9.920734752317187776e-04,9.411764705882352811e-01,7.843137254901960675e-02
9.920754752316622137e-04,8.627450980392157298e-01,-3.921568627450980338e-02
9.920774752316056499e-04,9.019607843137255054e-01,0.000000000000000000e+00
9.920794752315490860e-04,8.627450980392157298e-01,7.843137254901960675e-02
9.920814752314925222e-04,9.411764705882352811e-01,-7.843137254901960675e-02
9.920834752314359583e-04,8.627450980392157298e-01,7.843137254901960675e-02
9.920854752313793944e-04,8.627450980392157298e-01,-7.843137254901960675e-02
9.920874752313228306e-04,9.019607843137255054e-01,7.843137254901960675e-02
9.920894752312662667e-04,9.411764705882352811e-01,3.921568627450980338e-02
9.920914752312097028e-04,8.627450980392157298e-01,-7.843137254901960675e-02
9.920934752311531390e-04,9.019607843137255054e-01,1.568627450980392135e-01
9.920954752310965751e-04,9.019607843137255054e-01,-3.921568627450980338e-02
9.920974752310400113e-04,9.411764705882352811e-01,-3.921568627450980338e-02
9.920994752309834474e-04,8.235294117647058432e-01,7.843137254901960675e-02
9.921014752309268835e-04,9.019607843137255054e-01,-1.960784313725490169e-01
9.921034752308703197e-04,9.411764705882352811e-01,1.176470588235294101e-01
9.921054752308137558e-04,9.411764705882352811e-01,-3.921568627450980338e-02
9.921074752307571919e-04,8.235294117647058432e-01,-3.921568627450980338e-02
9.921094752307006281e-04,8.627450980392157298e-01,3.921568627450980338e-02
9.921114752306440642e-04,9.019607843137255054e-01,-3.921568627450980338e-02
9.921134752305875004e-04,9.411764705882352811e-01,3.921568627450980338e-02
9.921154752305309365e-04,8.627450980392157298e-01,0.000000000000000000e+00
9.921174752304743726e-04,9.019607843137255054e-01,3.921568627450980338e-02
9.921194752304178088e-04,9.019607843137255054e-01,7.843137254901960675e-02
9.921214752303612449e-04,9.411764705882352811e-01,-7.843137254901960675e-02
9.921234752303046810e-04,8.235294117647058432e-01,7.843137254901960675e-02
9.921254752302481172e-04,8.627450980392157298e-01,-1.568627450980392135e-01
9.921274752301915533e-04,9.019607843137255054e-01,7.843137254901960675e-02
9.921294752301349894e-04,9.411764705882352811e-01,7.843137254901960675e-02
9.921314752300784256e-04,8.627450980392157298e-01,-7.843137254901960675e-02
9.921334752300218617e-04,8.627450980392157298e-01,1.176470588235294101e-01
9.921354752299652979e-04,9.019607843137255054e-01,-3.921568627450980338e-02
9.921374752299087340e-04,9.019607843137255054e-01,0.000000000000000000e+00
9.921394752298521701e-04,8.235294117647058432e-01,1.176470588235294101e-01
9.921414752297956063e-04,9.019607843137255054e-01,-1.568627450980392135e-01
9.921434752297390424e-04,9.019607843137255054e-01,1.568627450980392135e-01
9.921454752296824785e-04,9.411764705882352811e-01,-7.843137254901960675e-02
9.921474752296259147e-04,8.235294117647058432e-01,0.000000000000000000e+00
9.921494752295693508e-04,8.627450980392157298e-01,7.843137254901960675e-02
9.921514752295127870e-04,9.411764705882352811e-01,-7.843137254901960675e-02
9.921534752294562231e-04,9.411764705882352811e-01,1.176470588235294101e-01
9.921554752293996592e-04,8.627450980392157298e-01,0.000000000000000000e+00
9.921574752293430954e-04,8.235294117647058432e-01,0.000000000000000000e+00
9.921594752292865315e-04,8.627450980392157298e-01,7.843137254901960675e-02
9.921614752292299676e-04,9.803921568627450567e-01,-1.568627450980392135e-01
9.921634752291734038e-04,8.627450980392157298e-01,7.843137254901960675e-02
9.921654752291168399e-04,9.019607843137255054e-01,-7.843137254901960675e-02
9.921674752290602761e-04,9.019607843137255054e-01,7.843137254901960675e-02
9.921694752290037122e-04,9.411764705882352811e-01,3.921568627450980338e-02
9.921714752289471483e-04,8.627450980392157298e-01,-1.568627450980392135e-01
9.921734752288905845e-04,8.235294117647058432e-01,1.568627450980392135e-01
9.921754752288340206e-04,9.411764705882352811e-01,-7.843137254901960675e-02
9.921774752287774567e-04,9.411764705882352811e-01,-3.921568627450980338e-02
9.921794752287208929e-04,8.627450980392157298e-01,7.843137254901960675e-02
9.921814752286643290e-04,8.627450980392157298e-01,-1.960784313725490169e-01
9.921834752286077651e-04,9.019607843137255054e-01,1.568627450980392135e-01
9.921854752285512013e-04,9.411764705882352811e-01,-7.843137254901960675e-02
9.921874752284946374e-04,8.235294117647058432e-01,-3.921568627450980338e-02
9.921894752284380736e-04,9.019607843137255054e-01,7.843137254901960675e-02
9.921914752283815097e-04,9.411764705882352811e-01,-7.843137254901960675e-02
9.921934752283249458e-04,9.411764705882352811e-01,7.843137254901960675e-02
9.921954752282683820e-04,8.627450980392157298e-01,-3.921568627450980338e-02
9.921974752282118181e-04,8.627450980392157298e-01,3.921568627450980338e-02
9.921994752281552542e-04,9.019607843137255054e-01,1.176470588235294101e-01
9.922014752280986904e-04,9.411764705882352811e-01,-7.843137254901960675e-02
9.922034752280421265e-04,8.627450980392157298e-01,1.568627450980392135e-01
9.922054752279855627e-04,9.411764705882352811e-01,-1.568627450980392135e-01
9.922074752279289988e-04,9.019607843137255054e-01,7.843137254901960675e-02
9.922094752278724349e-04,9.019607843137255054e-01,3.921568627450980338e-02
9.922114752278158711e-04,8.235294117647058432e-01,-7.843137254901960675e-02
9.922134752277593072e-04,9.019607843137255054e-01,7.843137254901960675e-02
9.922154752277027433e-04,9.019607843137255054e-01,-3.921568627450980338e-02
9.922174752276461795e-04,9.411764705882352811e-01,0.000000000000000000e+00
9.922194752275896156e-04,8.235294117647058432e-01,7.843137254901960675e-02
9.922214752275330518e-04,9.019607843137255054e-01,-1.568627450980392135e-01
9.922234752274764879e-04,9.019607843137255054e-01,1.568627450980392135e-01
9.922254752274199240e-04,9.803921568627450567e-01,-7.843137254901960675e-02
9.922274752273633602e-04,8.235294117647058432e-01,0.000000000000000000e+00
9.922294752273067963e-04,8.235294117647058432e-01,7.843137254901960675e-02
9.922314752272502324e-04,9.019607843137255054e-01,-7.843137254901960675e-02
9.922334752271936686e-04,9.019607843137255054e-01,7.843137254901960675e-02
9.922354752271371047e-04,8.627450980392157298e-01,0.000000000000000000e+00
9.922374752270805408e-04,8.627450980392157298e-01,0.000000000000000000e+00
9.922394752270239770e-04,9.019607843137255054e-01,1.176470588235294101e-01
9.922414752269674131e-04,9.411764705882352811e-01,-7.843137254901960675e-02
9.922434752269108493e-04,8.627450980392157298e-01,1.568627450980392135e-01
9.922454752268542854e-04,9.019607843137255054e-01,0.000000000000000000e+00
9.922474752267977215e-04,9.019607843137255054e-01,7.843137254901960675e-02
9.922494752267411577e-04,9.019607843137255054e-01,7.843137254901960675e-02
9.922514752266845938e-04,8.627450980392157298e-01,-7.843137254901960675e-02
9.922534752266280299e-04,9.019607843137255054e-01,7.843137254901960675e-02
9.922554752265714661e-04,8.627450980392157298e-01,-3.921568627450980338e-02
9.922574752265149022e-04,9.411764705882352811e-01,0.000000000000000000e+00
9.922594752264583384e-04,8.627450980392157298e-01,7.843137254901960675e-02
9.922614752264017745e-04,9.411764705882352811e-01,-1.960784313725490169e-01
9.922634752263452106e-04,8.627450980392157298e-01,1.176470588235294101e-01
9.922654752262886468e-04,9.411764705882352811e-01,-3.921568627450980338e-02
9.922674752262320829e-04,8.627450980392157298e-01,-3.921568627450980338e-02
9.922694752261755190e-04,8.235294117647058432e-01,7.843137254901960675e-02
9.922714752261189552e-04,9.019607843137255054e-01,-3.921568627450980338e-02
9.922734752260623913e-04,9.411764705882352811e-01,1.176470588235294101e-01
9.922754752260058275e-04,9.019607843137255054e-01,-3.921568627450980338e-02
9.922774752259492636e-04,9.019607843137255054e-01,3.921568627450980338e-02
9.922794752258926997e-04,9.019607843137255054e-01,1.176470588235294101e-01
9.922814752258361359e-04,9.803921568627450567e-01,-7.843137254901960675e-02
9.922834752257795720e-04,8.627450980392157298e-01,7.843137254901960675e-02
9.922854752257230081e-04,8.627450980392157298e-01,-7.843137254901960675e-02
9.922874752256664443e-04,9.019607843137255054e-01,3.921568627450980338e-02
9.922894752256098804e-04,9.411764705882352811e-01,7.843137254901960675e-02
9.922914752255533165e-04,8.627450980392157298e-01,-7.843137254901960675e-02
9.922934752254967527e-04,8.627450980392157298e-01,1.568627450980392135e-01
9.922954752254401888e-04,9.019607843137255054e-01,-1.568627450980392135e-01
9.922974752253836250e-04,9.019607843137255054e-01,0.000000000000000000e+00
9.922994752253270611e-04,8.627450980392157298e-01,7.843137254901960675e-02
9.923014752252704972e-04,9.019607843137255054e-01,-1.960784313725490169e-01
9.923034752252139334e-04,9.019607843137255054e-01,1.568627450980392135e-01
9.923054752251573695e-04,9.411764705882352811e-01,-7.843137254901960675e-02
9.923074752251008056e-04,8.627450980392157298e-01,0.000000000000000000e+00
9.923094752250442418e-04,8.235294117647058432e-01,7.843137254901960675e-02
9.923114752249876779e-04,9.411764705882352811e-01,-1.568627450980392135e-01
9.923134752249311141e-04,9.411764705882352811e-01,7.843137254901960675e-02
9.923154752248745502e-04,8.627450980392157298e-01,-3.921568627450980338e-02
9.923174752248179863e-04,8.627450980392157298e-01,0.000000000000000000e+00
9.923194752247614225e-04,8.627450980392157298e-01,7.843137254901960675e-02
9.923214752247048586e-04,9.411764705882352811e-01,-7.843137254901960675e-02
9.923234752246482947e-04,8.627450980392157298e-01,7.843137254901960675e-02
9.923254752245917309e-04,9.019607843137255054e-01,0.000000000000000000e+00
9.923274752245351670e-04,9.019607843137255054e-01,7.843137254901960675e-02
9.923294752244786032e-04,9.019607843137255054e-01,3.921568627450980338e-02
9.923314752244220393e-04,8.627450980392157298e-01,-1.568627450980392135e-01
9.923334752243654754e-04,8.235294117647058432e-01,1.176470588235294101e-01
9.923354752243089116e-04,9.411764705882352811e-01,-3.921568627450980338e-02
9.923374752242523477e-04,9.411764705882352811e-01,0.000000000000000000e+00
9.923394752241957838e-04,8.627450980392157298e-01,7.843137254901960675e-02
9.923414752241392200e-04,9.019607843137255054e-01,-1.960784313725490169e-01
9.923434752240826561e-04,8.627450980392157298e-01,1.568627450980392135e-01
9.923454752240260923e-04,9.411764705882352811e-01,-3.921568627450980338e-02
9.923474752239695284e-04,8.235294117647058432e-01,0.000000000000000000e+00
9.923494752239129645e-04,8.627450980392157298e-01,7.843137254901960675e-02
9.923514752238564007e-04,9.019607843137255054e-01,-3.921568627450980338e-02
9.923534752237998368e-04,9.411764705882352811e-01,7.843137254901960675e-02
9.923554752237432729e-04,8.627450980392157298e-01,0.000000000000000000e+00
9.923574752236867091e-04,9.411764705882352811e-01,0.000000000000000000e+00
9.923594752236301452e-04,9.019607843137255054e-01,7.843137254901960675e-02
9.923614752235735813e-04,9.411764705882352811e-01,-7.843137254901960675e-02
9.923634752235170175e-04,8.627450980392157298e-01,7.843137254901960675e-02
9.923654752234604536e-04,9.019607843137255054e-01,-3.921568627450980338e-02
9.923674752234038898e-04,9.019607843137255054e-01,7.843137254901960675e-02
9.923694752233473259e-04,9.411764705882352811e-01,7.843137254901960675e-02
9.923714752232907620e-04,8.235294117647058432e-01,-7.843137254901960675e-02
9.923734752232341982e-04,8.627450980392157298e-01,1.176470588235294101e-01
9.923754752231776343e-04,9.019607843137255054e-01,-3.921568627450980338e-02
9.923774752231210704e-04,9.411764705882352811e-01,0.000000000000000000e+00
9.923794752230645066e-04,8.627450980392157298e-01,1.568627450980392135e-01
9.923814752230079427e-04,8.627450980392157298e-01,-1.960784313725490169e-01
9.923834752229513789e-04,9.019607843137255054e-01,1.176470588235294101e-01
9.923854752228948150e-04,9.411764705882352811e-01,-3.921568627450980338e-02
9.923874752228382511e-04,8.627450980392157298e-01,-3.921568627450980338e-02
9.923894752227816873e-04,8.627450980392157298e-01,7.843137254901960675e-02
9.923914752227251234e-04,9.411764705882352811e-01,-3.921568627450980338e-02
9.923934752226685595e-04,9.019607843137255054e-01,7.843137254901960675e-02
9.923954752226119957e-04,8.235294117647058432e-01,0.000000000000000000e+00
9.923974752225554318e-04,9.019607843137255054e-01,3.921568627450980338e-02
9.923994752224988680e-04,9.019607843137255054e-01,7.843137254901960675e-02
9.924014752224423041e-04,9.411764705882352811e-01,-1.568627450980392135e-01
9.924034752223857402e-04,8.235294117647058432e-01,7.843137254901960675e-02
9.924054752223291764e-04,9.019607843137255054e-01,-3.921568627450980338e-02
9.924074752222726125e-04,9.019607843137255054e-01,3.921568627450980338e-02
9.924094752222160486e-04,9.019607843137255054e-01,7.843137254901960675e-02
9.924114752221594848e-04,8.627450980392157298e-01,-7.843137254901960675e-02
9.924134752221029209e-04,8.627450980392157298e-01,1.568627450980392135e-01
9.924154752220463570e-04,9.019607843137255054e-01,-3.921568627450980338e-02
9.924174752219897932e-04,9.411764705882352811e-01,0.000000000000000000e+00
9.924194752219332293e-04,8.627450980392157298e-01,7.843137254901960675e-02
9.924214752218766655e-04,8.627450980392157298e-01,-1.960784313725490169e-01
9.924234752218201016e-04,9.411764705882352811e-01,1.568627450980392135e-01
9.924254752217635377e-04,9.411764705882352811e-01,-3.921568627450980338e-02
9.924274752217069739e-04,8.235294117647058432e-01,0.000000000000000000e+00
9.924294752216504100e-04,9.019607843137255054e-01,3.921568627450980338e-02
9.924314752215938461e-04,9.019607843137255054e-01,-7.843137254901960675e-02
9.924334752215372823e-04,9.411764705882352811e-01,1.176470588235294101e-01
9.924354752214807184e-04,8.627450980392157298e-01,0.000000000000000000e+00
9.924374752214241546e-04,9.411764705882352811e-01,3.921568627450980338e-02
9.924394752213675907e-04,9.019607843137255054e-01,7.843137254901960675e-02
9.924414752213110268e-04,9.411764705882352811e-01,-1.568627450980392135e-01
9.924434752212544630e-04,8.627450980392157298e-01,7.843137254901960675e-02
9.924454752211978991e-04,8.627450980392157298e-01,0.000000000000000000e+00
9.924474752211413352e-04,9.019607843137255054e-01,7.843137254901960675e-02
9.924494752210847714e-04,9.411764705882352811e-01,7.843137254901960675e-02
9.924514752210282075e-04,8.627450980392157298e-01,-7.843137254901960675e-02
9.924534752209716437e-04,9.019607843137255054e-01,1.568627450980392135e-01
9.924554752209150798e-04,9.019607843137255054e-01,-7.843137254901960675e-02
9.924574752208585159e-04,9.411764705882352811e-01,-3.921568627450980338e-02
9.924594752208019521e-04,8.235294117647058432e-01,7.843137254901960675e-02
9.924614752207453882e-04,9.019607843137255054e-01,-1.960784313725490169e-01
9.924634752206888243e-04,9.019607843137255054e-01,1.176470588235294101e-01
9.924654752206322605e-04,9.411764705882352811e-01,-3.921568627450980338e-02
9.924674752205756966e-04,8.627450980392157298e-01,0.000000000000000000e+00
9.924694752205191327e-04,8.627450980392157298e-01,7.843137254901960675e-02
9.924714752204625689e-04,9.411764705882352811e-01,-7.843137254901960675e-02
9.924734752204060050e-04,9.411764705882352811e-01,7.843137254901960675e-02
9.924754752203494412e-04,8.627450980392157298e-01,0.000000000000000000e+00
9.924774752202928773e-04,8.627450980392157298e-01,0.000000000000000000e+00
9.924794752202363134e-04,9.019607843137255054e-01,1.176470588235294101e-01
9.924814752201797496e-04,9.411764705882352811e-01,-7.843137254901960675e-02
9.924834752201231857e-04,8.627450980392157298e-01,7.843137254901960675e-02
9.924854752200666218e-04,9.019607843137255054e-01,-7.843137254901960675e-02
9.924874752200100580e-04,9.411764705882352811e-01,7.843137254901960675e-02
9.924894752199534941e-04,9.019607843137255054e-01,7.843137254901960675e-02
9.924914752198969303e-04,8.627450980392157298e-01,-7.843137254901960675e-02
9.924934752198403664e-04,8.627450980392157298e-01,1.568627450980392135e-01
9.924954752197838025e-04,8.627450980392157298e-01,-1.568627450980392135e-01
9.924974752197272387e-04,9.411764705882352811e-01,0.000000000000000000e+00
9.924994752196706748e-04,8.627450980392157298e-01,7.843137254901960675e-02
9.925014752196141109e-04,9.019607843137255054e-01,-1.568627450980392135e-01
9.925034752195575471e-04,8.627450980392157298e-01,1.568627450980392135e-01
9.925054752195009832e-04,9.411764705882352811e-01,-3.921568627450980338e-02
9.925074752194444194e-04,8.235294117647058432e-01,-3.921568627450980338e-02
9.925094752193878555e-04,8.627450980392157298e-01,7.843137254901960675e-02
9.925114752193312916e-04,9.411764705882352811e-01,-3.921568627450980338e-02
9.925134752192747278e-04,9.019607843137255054e-01,1.176470588235294101e-01
9.925154752192181639e-04,8.627450980392157298e-01,-3.921568627450980338e-02
9.925174752191616000e-04,8.627450980392157298e-01,3.921568627450980338e-02
9.925194752191050362e-04,9.019607843137255054e-01,1.176470588235294101e-01
9.925214752190484723e-04,9.411764705882352811e-01,-7.843137254901960675e-02
9.925234752189919085e-04,8.235294117647058432e-01,1.176470588235294101e-01
9.925254752189353446e-04,9.019607843137255054e-01,-7.843137254901960675e-02
9.925274752188787807e-04,9.019607843137255054e-01,3.921568627450980338e-02
9.925294752188222169e-04,9.019607843137255054e-01,7.843137254901960675e-02
9.925314752187656530e-04,8.627450980392157298e-01,-7.843137254901960675e-02
9.925334752187090891e-04,9.019607843137255054e-01,1.568627450980392135e-01
9.925354752186525253e-04,9.411764705882352811e-01,-3.921568627450980338e-02
9.925374752185959614e-04,9.411764705882352811e-01,0.000000000000000000e+00
9.925394752185393975e-04,8.235294117647058432e-01,7.843137254901960675e-02
9.925414752184828337e-04,9.019607843137255054e-01,-1.960784313725490169e-01
9.925434752184262698e-04,8.627450980392157298e-01,1.568627450980392135e-01
9.925454752183697060e-04,9.411764705882352811e-01,-3.921568627450980338e-02
9.925474752183131421e-04,8.627450980392157298e-01,-3.921568627450980338e-02
9.925494752182565782e-04,9.019607843137255054e-01,7.843137254901960675e-02
9.925514752182000144e-04,9.411764705882352811e-01,-3.921568627450980338e-02
9.925534752181434505e-04,9.411764705882352811e-01,1.176470588235294101e-01
9.925554752180868866e-04,8.235294117647058432e-01,-3.921568627450980338e-02
9.925574752180303228e-04,9.019607843137255054e-01,0.000000000000000000e+00
9.925594752179737589e-04,8.627450980392157298e-01,7.843137254901960675e-02
9.925614752179171951e-04,9.411764705882352811e-01,-7.843137254901960675e-02
9.925634752178606312e-04,8.627450980392157298e-01,7.843137254901960675e-02
9.925654752178040673e-04,8.627450980392157298e-01,-1.568627450980392135e-01
9.925674752177475035e-04,9.019607843137255054e-01,7.843137254901960675e-02
9.925694752176909396e-04,9.411764705882352811e-01,0.000000000000000000e+00
9.925714752176343757e-04,8.627450980392157298e-01,-7.843137254901960675e-02
9.925734752175778119e-04,9.019607843137255054e-01,1.176470588235294101e-01
9.925754752175212480e-04,9.019607843137255054e-01,-7.843137254901960675e-02
9.925774752174646842e-04,9.411764705882352811e-01,0.000000000000000000e+00
9.925794752174081203e-04,8.627450980392157298e-01,1.176470588235294101e-01
9.925814752173515564e-04,9.019607843137255054e-01,-1.960784313725490169e-01
9.925834752172949926e-04,9.019607843137255054e-01,1.568627450980392135e-01
9.925854752172384287e-04,9.411764705882352811e-01,-3.921568627450980338e-02
9.925874752171818648e-04,8.627450980392157298e-01,0.000000000000000000e+00
9.925894752171253010e-04,9.019607843137255054e-01,7.843137254901960675e-02
9.925914752170687371e-04,9.019607843137255054e-01,-1.568627450980392135e-01
9.925934752170121732e-04,9.411764705882352811e-01,1.176470588235294101e-01
9.925954752169556094e-04,8.235294117647058432e-01,0.000000000000000000e+00
9.925974752168990455e-04,9.019607843137255054e-01,0.000000000000000000e+00
9.925994752168424817e-04,8.627450980392157298e-01,7.843137254901960675e-02
9.926014752167859178e-04,9.411764705882352811e-01,-7.843137254901960675e-02
9.926034752167293539e-04,8.235294117647058432e-01,1.176470588235294101e-01
9.926054752166727901e-04,8.627450980392157298e-01,0.000000000000000000e+00
9.926074752166162262e-04,9.019607843137255054e-01,1.176470588235294101e-01
9.926094752165596623e-04,9.411764705882352811e-01,7.843137254901960675e-02
9.926114752165030985e-04,8.627450980392157298e-01,-7.843137254901960675e-02
9.926134752164465346e-04,8.627450980392157298e-01,7.843137254901960675e-02
9.926154752163899708e-04,9.019607843137255054e-01,-3.921568627450980338e-02
9.926174752163334069e-04,9.019607843137255054e-01,-3.921568627450980338e-02
9.926194752162768430e-04,8.627450980392157298e-01,7.843137254901960675e-02
9.926214752162202792e-04,9.019607843137255054e-01,-1.960784313725490169e-01
9.926234752161637153e-04,8.627450980392157298e-01,1.176470588235294101e-01
9.926254752161071514e-04,9.411764705882352811e-01,-3.921568627450980338e-02
9.926274752160505876e-04,8.627450980392157298e-01,-3.921568627450980338e-02
9.926294752159940237e-04,8.627450980392157298e-01,7.843137254901960675e-02
9.926314752159374599e-04,9.411764705882352811e-01,-1.568627450980392135e-01
9.926334752158808960e-04,9.411764705882352811e-01,1.176470588235294101e-01
9.926354752158243321e-04,8.627450980392157298e-01,0.000000000000000000e+00
9.926374752157677683e-04,9.019607843137255054e-01,3.921568627450980338e-02
9.926394752157112044e-04,9.019607843137255054e-01,7.843137254901960675e-02
9.926414752156546405e-04,9.411764705882352811e-01,-7.843137254901960675e-02
9.926434752155980767e-04,8.235294117647058432e-01,7.843137254901960675e-02
9.926454752155415128e-04,9.019607843137255054e-01,-1.568627450980392135e-01
9.926474752154849489e-04,9.019607843137255054e-01,3.921568627450980338e-02
9.926494752154283851e-04,9.019607843137255054e-01,7.843137254901960675e-02
9.926514752153718212e-04,8.627450980392157298e-01,-7.843137254901960675e-02
9.926534752153152574e-04,8.235294117647058432e-01,1.176470588235294101e-01
9.926554752152586935e-04,9.019607843137255054e-01,-3.921568627450980338e-02
9.926574752152021296e-04,9.411764705882352811e-01,0.000000000000000000e+00
9.926594752151455658e-04,8.235294117647058432e-01,7.843137254901960675e-02
9.926614752150890019e-04,9.019607843137255054e-01,-1.960784313725490169e-01
9.926634752150324380e-04,8.627450980392157298e-01,1.568627450980392135e-01
9.926654752149758742e-04,9.411764705882352811e-01,-3.921568627450980338e-02
9.926674752149193103e-04,8.627450980392157298e-01,0.000000000000000000e+00
9.926694752148627465e-04,8.627450980392157298e-01,3.921568627450980338e-02
9.926714752148061826e-04,9.019607843137255054e-01,-7.843137254901960675e-02
9.926734752147496187e-04,9.411764705882352811e-01,1.568627450980392135e-01
9.926754752146930549e-04,8.627450980392157298e-01,0.000000000000000000e+00
9.926774752146364910e-04,8.627450980392157298e-01,3.921568627450980338e-02
9.926794752145799271e-04,9.019607843137255054e-01,7.843137254901960675e-02
9.926814752145233633e-04,9.411764705882352811e-01,-1.568627450980392135e-01
9.926834752144667994e-04,8.627450980392157298e-01,7.843137254901960675e-02
9.926854752144102356e-04,8.627450980392157298e-01,0.000000000000000000e+00
9.926874752143536717e-04,9.019607843137255054e-01,7.843137254901960675e-02
9.926894752142971078e-04,9.411764705882352811e-01,7.843137254901960675e-02
9.926914752142405440e-04,8.627450980392157298e-01,-7.843137254901960675e-02
9.926934752141839801e-04,8.627450980392157298e-01,1.176470588235294101e-01
9.926954752141274162e-04,9.019607843137255054e-01,-7.843137254901960675e-02
9.926974752140708524e-04,9.411764705882352811e-01,0.000000000000000000e+00
9.926994752140142885e-04,8.627450980392157298e-01,7.843137254901960675e-02
9.927014752139577246e-04,9.411764705882352811e-01,-1.960784313725490169e-01
9.927034752139011608e-04,9.411764705882352811e-01,1.568627450980392135e-01
9.927054752138445969e-04,9.411764705882352811e-01,-3.921568627450980338e-02
9.927074752137880331e-04,8.627450980392157298e-01,0.000000000000000000e+00
9.927094752137314692e-04,8.627450980392157298e-01,7.843137254901960675e-02
9.927114752136749053e-04,9.411764705882352811e-01,-1.568627450980392135e-01
9.927134752136183415e-04,9.411764705882352811e-01,1.176470588235294101e-01
9.927154752135617776e-04,8.235294117647058432e-01,-3.921568627450980338e-02
9.927174752135052137e-04,9.019607843137255054e-01,0.000000000000000000e+00
9.927194752134486499e-04,9.019607843137255054e-01,7.843137254901960675e-02
9.927214752133920860e-04,9.411764705882352811e-01,-1.568627450980392135e-01
9.927234752133355222e-04,8.627450980392157298e-01,7.843137254901960675e-02
9.927254752132789583e-04,8.627450980392157298e-01,-7.843137254901960675e-02
9.927274752132223944e-04,9.411764705882352811e-01,7.843137254901960675e-02
9.927294752131658306e-04,9.019607843137255054e-01,3.921568627450980338e-02
9.927314752131092667e-04,8.627450980392157298e-01,-7.843137254901960675e-02
9.927334752130527028e-04,9.019607843137255054e-01,1.568627450980392135e-01
9.927354752129961390e-04,9.019607843137255054e-01,-3.921568627450980338e-02
9.927374752129395751e-04,9.411764705882352811e-01,0.000000000000000000e+00
9.927394752128830113e-04,8.235294117647058432e-01,7.843137254901960675e-02
9.927414752128264474e-04,9.019607843137255054e-01,-1.960784313725490169e-01
9.927434752127698835e-04,9.019607843137255054e-01,1.568627450980392135e-01
9.927454752127133197e-04,9.411764705882352811e-01,-3.921568627450980338e-02
9.927474752126567558e-04,8.627450980392157298e-01,0.000000000000000000e+00
9.927494752126001919e-04,8.627450980392157298e-01,7.843137254901960675e-02
9.927514752125436281e-04,9.411764705882352811e-01,-3.921568627450980338e-02
9.927534752124870642e-04,9.411764705882352811e-01,7.843137254901960675e-02
9.927554752124305004e-04,8.627450980392157298e-01,0.000000000000000000e+00
9.927574752123739365e-04,9.019607843137255054e-01,0.000000000000000000e+00
9.927594752123173726e-04,9.019607843137255054e-01,1.176470588235294101e-01
9.927614752122608088e-04,9.411764705882352811e-01,-1.568627450980392135e-01
9.927634752122042449e-04,8.235294117647058432e-01,7.843137254901960675e-02
9.927654752121476810e-04,9.019607843137255054e-01,-7.843137254901960675e-02
9.927674752120911172e-04,9.019607843137255054e-01,3.921568627450980338e-02
9.927694752120345533e-04,9.411764705882352811e-01,7.843137254901960675e-02
9.927714752119779894e-04,8.235294117647058432e-01,-1.568627450980392135e-01
9.927734752119214256e-04,9.019607843137255054e-01,7.843137254901960675e-02
9.927754752118648617e-04,9.019607843137255054e-01,-3.921568627450980338e-02
9.927774752118082979e-04,9.411764705882352811e-01,0.000000000000000000e+00
9.927794752117517340e-04,8.627450980392157298e-01,7.843137254901960675e-02
9.927814752116951701e-04,9.019607843137255054e-01,-1.568627450980392135e-01
9.927834752116386063e-04,9.019607843137255054e-01,1.568627450980392135e-01
9.927854752115820424e-04,9.411764705882352811e-01,-3.921568627450980338e-02
9.927874752115254785e-04,8.627450980392157298e-01,0.000000000000000000e+00
9.927894752114689147e-04,9.019607843137255054e-01,7.843137254901960675e-02
9.927914752114123508e-04,9.411764705882352811e-01,-1.568627450980392135e-01
9.927934752113557870e-04,9.411764705882352811e-01,7.843137254901960675e-02
9.927954752112992231e-04,8.235294117647058432e-01,-7.843137254901960675e-02
9.927974752112426592e-04,9.411764705882352811e-01,3.921568627450980338e-02
9.927994752111860954e-04,9.019607843137255054e-01,7.843137254901960675e-02
9.928014752111295315e-04,9.411764705882352811e-01,-7.843137254901960675e-02
9.928034752110729676e-04,8.627450980392157298e-01,7.843137254901960675e-02
9.928054752110164038e-04,9.019607843137255054e-01,-7.843137254901960675e-02
9.928074752109598399e-04,9.019607843137255054e-01,7.843137254901960675e-02
9.928094752109032761e-04,9.411764705882352811e-01,3.921568627450980338e-02
9.928114752108467122e-04,8.627450980392157298e-01,-7.843137254901960675e-02
9.928134752107901483e-04,8.235294117647058432e-01,1.176470588235294101e-01
9.928154752107335845e-04,9.019607843137255054e-01,-3.921568627450980338e-02
9.928174752106770206e-04,9.411764705882352811e-01,-3.921568627450980338e-02
9.928194752106204567e-04,8.235294117647058432e-01,1.176470588235294101e-01
9.928214752105638929e-04,9.019607843137255054e-01,-1.960784313725490169e-01
9.928234752105073290e-04,8.627450980392157298e-01,1.176470588235294101e-01
9.928254752104507651e-04,9.411764705882352811e-01,0.000000000000000000e+00
9.928274752103942013e-04,8.235294117647058432e-01,-3.921568627450980338e-02
9.928294752103376374e-04,9.019607843137255054e-01,1.176470588235294101e-01
9.928314752102810736e-04,9.019607843137255054e-01,-3.921568627450980338e-02
9.928334752102245097e-04,9.411764705882352811e-01,7.843137254901960675e-02
9.928354752101679458e-04,8.627450980392157298e-01,0.000000000000000000e+00
9.928374752101113820e-04,9.019607843137255054e-01,3.921568627450980338e-02
9.928394752100548181e-04,9.019607843137255054e-01,1.176470588235294101e-01
9.928414752099982542e-04,9.411764705882352811e-01,-7.843137254901960675e-02
9.928434752099416904e-04,8.235294117647058432e-01,7.843137254901960675e-02
9.928454752098851265e-04,8.235294117647058432e-01,0.000000000000000000e+00
9.928474752098285627e-04,9.019607843137255054e-01,7.843137254901960675e-02
9.928494752097719988e-04,9.411764705882352811e-01,3.921568627450980338e-02
9.928514752097154349e-04,8.627450980392157298e-01,-7.843137254901960675e-02
9.928534752096588711e-04,8.627450980392157298e-01,7.843137254901960675e-02
9.928554752096023072e-04,9.411764705882352811e-01,-3.921568627450980338e-02
9.928574752095457433e-04,9.803921568627450567e-01,0.000000000000000000e+00
9.928594752094891795e-04,8.627450980392157298e-01,1.568627450980392135e-01
9.928614752094326156e-04,9.411764705882352811e-01,-1.960784313725490169e-01
9.928634752093760518e-04,9.019607843137255054e-01,1.568627450980392135e-01
9.928654752093194879e-04,9.411764705882352811e-01,-7.843137254901960675e-02
9.928674752092629240e-04,8.627450980392157298e-01,-3.921568627450980338e-02
9.928694752092063602e-04,8.235294117647058432e-01,3.921568627450980338e-02
9.928714752091497963e-04,9.019607843137255054e-01,-3.921568627450980338e-02
9.928734752090932324e-04,9.019607843137255054e-01,1.568627450980392135e-01
9.928754752090366686e-04,8.627450980392157298e-01,-3.921568627450980338e-02
9.928774752089801047e-04,9.411764705882352811e-01,3.921568627450980338e-02
9.928794752089235408e-04,9.019607843137255054e-01,1.176470588235294101e-01
9.928814752088669770e-04,9.411764705882352811e-01,-7.843137254901960675e-02
9.928834752088104131e-04,8.235294117647058432e-01,7.843137254901960675e-02
9.928854752087538493e-04,8.627450980392157298e-01,0.000000000000000000e+00
9.928874752086972854e-04,9.019607843137255054e-01,7.843137254901960675e-02
9.928894752086407215e-04,9.019607843137255054e-01,7.843137254901960675e-02
9.928914752085841577e-04,8.627450980392157298e-01,-7.843137254901960675e-02
9.928934752085275938e-04,8.627450980392157298e-01,7.843137254901960675e-02
9.928954752084710299e-04,9.019607843137255054e-01,-3.921568627450980338e-02
9.928974752084144661e-04,9.411764705882352811e-01,-3.921568627450980338e-02
9.928994752083579022e-04,8.627450980392157298e-01,1.568627450980392135e-01
9.929014752083013384e-04,9.019607843137255054e-01,-1.960784313725490169e-01
9.929034752082447745e-04,9.019607843137255054e-01,1.568627450980392135e-01
9.929054752081882106e-04,9.411764705882352811e-01,-7.843137254901960675e-02
9.929074752081316468e-04,9.019607843137255054e-01,0.000000000000000000e+00
9.929094752080750829e-04,8.235294117647058432e-01,7.843137254901960675e-02
9.929114752080185190e-04,9.019607843137255054e-01,-1.568627450980392135e-01
9.929134752079619552e-04,9.019607843137255054e-01,7.843137254901960675e-02
9.929154752079053913e-04,8.627450980392157298e-01,-3.921568627450980338e-02
9.929174752078488275e-04,9.019607843137255054e-01,0.000000000000000000e+00
9.929194752077922636e-04,8.627450980392157298e-01,7.843137254901960675e-02
9.929214752077356997e-04,9.411764705882352811e-01,-7.843137254901960675e-02
9.929234752076791359e-04,8.235294117647058432e-01,7.843137254901960675e-02
9.929254752076225720e-04,9.019607843137255054e-01,-7.843137254901960675e-02
9.929274752075660081e-04,8.627450980392157298e-01,7.843137254901960675e-02
9.929294752075094443e-04,9.019607843137255054e-01,7.843137254901960675e-02
9.929314752074528804e-04,8.627450980392157298e-01,-7.843137254901960675e-02
9.929334752073963166e-04,9.019607843137255054e-01,1.176470588235294101e-01
9.929354752073397527e-04,9.019607843137255054e-01,0.000000000000000000e+00
9.929374752072831888e-04,9.411764705882352811e-01,-3.921568627450980338e-02
9.929394752072266250e-04,8.627450980392157298e-01,1.568627450980392135e-01
9.929414752071700611e-04,9.411764705882352811e-01,-1.960784313725490169e-01
9.929434752071134972e-04,9.411764705882352811e-01,1.176470588235294101e-01
9.929454752070569334e-04,9.019607843137255054e-01,0.000000000000000000e+00
9.929474752070003695e-04,8.627450980392157298e-01,-7.843137254901960675e-02
9.929494752069438056e-04,8.627450980392157298e-01,7.843137254901960675e-02
9.929514752068872418e-04,9.019607843137255054e-01,-3.921568627450980338e-02
9.929534752068306779e-04,9.411764705882352811e-01,3.921568627450980338e-02
9.929554752067741141e-04,8.627450980392157298e-01,0.000000000000000000e+00
9.929574752067175502e-04,9.019607843137255054e-01,0.000000000000000000e+00
9.929594752066609863e-04,8.627450980392157298e-01,7.843137254901960675e-02
9.929614752066044225e-04,9.411764705882352811e-01,-7.843137254901960675e-02
9.929634752065478586e-04,8.235294117647058432e-01,7.843137254901960675e-02
9.929654752064912947e-04,9.019607843137255054e-01,-7.843137254901960675e-02
9.929674752064347309e-04,8.627450980392157298e-01,7.843137254901960675e-02
9.929694752063781670e-04,9.411764705882352811e-01,7.843137254901960675e-02
9.929714752063216032e-04,8.627450980392157298e-01,-7.843137254901960675e-02
9.929734752062650393e-04,8.627450980392157298e-01,1.568627450980392135e-01
9.929754752062084754e-04,9.019607843137255054e-01,-3.921568627450980338e-02
9.929774752061519116e-04,9.411764705882352811e-01,0.000000000000000000e+00
9.929794752060953477e-04,8.235294117647058432e-01,7.843137254901960675e-02
9.929814752060387838e-04,8.627450980392157298e-01,-1.960784313725490169e-01
9.929834752059822200e-04,9.019607843137255054e-01,1.568627450980392135e-01
9.929854752059256561e-04,9.411764705882352811e-01,-3.921568627450980338e-02
9.929874752058690923e-04,8.235294117647058432e-01,0.000000000000000000e+00
9.929894752058125284e-04,9.019607843137255054e-01,7.843137254901960675e-02
9.929914752057559645e-04,9.411764705882352811e-01,-7.843137254901960675e-02
9.929934752056994007e-04,9.411764705882352811e-01,1.176470588235294101e-01
9.929954752056428368e-04,8.235294117647058432e-01,0.000000000000000000e+00
9.929974752055862729e-04,8.627450980392157298e-01,0.000000000000000000e+00
9.929994752055297091e-04,9.019607843137255054e-01,7.843137254901960675e-02
9.930014752054731452e-04,9.019607843137255054e-01,-7.843137254901960675e-02
9.930034752054165813e-04,8.235294117647058432e-01,7.843137254901960675e-02
9.930054752053600175e-04,8.627450980392157298e-01,-1.568627450980392135e-01
9.930074752053034536e-04,9.019607843137255054e-01,7.843137254901960675e-02
9.930094752052468898e-04,9.411764705882352811e-01,7.843137254901960675e-02
9.930114752051903259e-04,9.019607843137255054e-01,-7.843137254901960675e-02
9.930134752051337620e-04,8.627450980392157298e-01,1.176470588235294101e-01
9.930154752050771982e-04,9.411764705882352811e-01,-3.921568627450980338e-02
9.930174752050206343e-04,9.411764705882352811e-01,0.000000000000000000e+00
9.930194752049640704e-04,8.235294117647058432e-01,1.176470588235294101e-01
9.930214752049075066e-04,9.019607843137255054e-01,-1.960784313725490169e-01
9.930234752048509427e-04,8.627450980392157298e-01,1.176470588235294101e-01
9.930254752047943789e-04,9.411764705882352811e-01,-3.921568627450980338e-02
9.930274752047378150e-04,8.235294117647058432e-01,-3.921568627450980338e-02
9.930294752046812511e-04,8.627450980392157298e-01,7.843137254901960675e-02
9.930314752046246873e-04,9.411764705882352811e-01,-1.568627450980392135e-01
9.930334752045681234e-04,9.411764705882352811e-01,7.843137254901960675e-02
9.930354752045115595e-04,8.627450980392157298e-01,0.000000000000000000e+00
9.930374752044549957e-04,9.019607843137255054e-01,0.000000000000000000e+00
9.930394752043984318e-04,9.019607843137255054e-01,1.176470588235294101e-01
9.930414752043418680e-04,9.411764705882352811e-01,-1.568627450980392135e-01
9.930434752042853041e-04,8.627450980392157298e-01,7.843137254901960675e-02
9.930454752042287402e-04,9.019607843137255054e-01,-7.843137254901960675e-02
9.930474752041721764e-04,9.019607843137255054e-01,3.921568627450980338e-02
9.930494752041156125e-04,9.411764705882352811e-01,3.921568627450980338e-02
9.930514752040590486e-04,8.627450980392157298e-01,-7.843137254901960675e-02
9.930534752040024848e-04,9.411764705882352811e-01,1.568627450980392135e-01
9.930554752039459209e-04,8.627450980392157298e-01,-7.843137254901960675e-02
9.930574752038893570e-04,9.411764705882352811e-01,0.000000000000000000e+00
9.930594752038327932e-04,8.235294117647058432e-01,7.843137254901960675e-02
9.930614752037762293e-04,9.411764705882352811e-01,-1.960784313725490169e-01
9.930634752037196655e-04,9.019607843137255054e-01,1.568627450980392135e-01
9.930654752036631016e-04,9.411764705882352811e-01,-7.843137254901960675e-02
9.930674752036065377e-04,8.235294117647058432e-01,0.000000000000000000e+00
9.930694752035499739e-04,8.627450980392157298e-01,7.843137254901960675e-02
9.930714752034934100e-04,9.019607843137255054e-01,-7.843137254901960675e-02
9.930734752034368461e-04,9.411764705882352811e-01,1.176470588235294101e-01
9.930754752033802823e-04,8.627450980392157298e-01,-3.921568627450980338e-02
9.930774752033237184e-04,9.411764705882352811e-01,0.000000000000000000e+00
9.930794752032671546e-04,9.019607843137255054e-01,1.176470588235294101e-01
9.930814752032105907e-04,9.411764705882352811e-01,-1.568627450980392135e-01
9.930834752031540268e-04,8.627450980392157298e-01,7.843137254901960675e-02
9.930854752030974630e-04,9.019607843137255054e-01,0.000000000000000000e+00
9.930874752030408991e-04,9.019607843137255054e-01,7.843137254901960675e-02
9.930894752029843352e-04,9.019607843137255054e-01,3.921568627450980338e-02
9.930914752029277714e-04,8.627450980392157298e-01,-7.843137254901960675e-02
9.930934752028712075e-04,8.235294117647058432e-01,7.843137254901960675e-02
9.930954752028146437e-04,9.019607843137255054e-01,-3.921568627450980338e-02
9.930974752027580798e-04,9.411764705882352811e-01,0.000000000000000000e+00
9.930994752027015159e-04,8.627450980392157298e-01,1.176470588235294101e-01
9.931014752026449521e-04,8.627450980392157298e-01,-1.568627450980392135e-01
9.931034752025883882e-04,9.019607843137255054e-01,1.176470588235294101e-01
9.931054752025318243e-04,9.411764705882352811e-01,0.000000000000000000e+00
9.931074752024752605e-04,8.627450980392157298e-01,0.000000000000000000e+00
9.931094752024186966e-04,8.627450980392157298e-01,3.921568627450980338e-02
9.931114752023621327e-04,9.019607843137255054e-01,-3.921568627450980338e-02
9.931134752023055689e-04,9.411764705882352811e-01,7.843137254901960675e-02
9.931154752022490050e-04,8.627450980392157298e-01,0.000000000000000000e+00
9.931174752021924412e-04,9.019607843137255054e-01,0.000000000000000000e+00
9.931194752021358773e-04,9.019607843137255054e-01,3.921568627450980338e-02
9.931214752020793134e-04,9.411764705882352811e-01,-7.843137254901960675e-02
9.931234752020227496e-04,8.627450980392157298e-01,7.843137254901960675e-02
9.931254752019661857e-04,9.019607843137255054e-01,-7.843137254901960675e-02
9.931274752019096218e-04,9.019607843137255054e-01,3.921568627450980338e-02
9.931294752018530580e-04,9.411764705882352811e-01,7.843137254901960675e-02
9.931314752017964941e-04,8.627450980392157298e-01,-7.843137254901960675e-02
9.931334752017399303e-04,9.019607843137255054e-01,7.843137254901960675e-02
9.931354752016833664e-04,9.019607843137255054e-01,-3.921568627450980338e-02
9.931374752016268025e-04,9.411764705882352811e-01,-3.921568627450980338e-02
9.931394752015702387e-04,8.235294117647058432e-01,7.843137254901960675e-02
9.931414752015136748e-04,9.019607843137255054e-01,-1.960784313725490169e-01
9.931434752014571109e-04,9.019607843137255054e-01,1.568627450980392135e-01
9.931454752014005471e-04,9.411764705882352811e-01,0.000000000000000000e+00
9.931474752013439832e-04,8.627450980392157298e-01,-3.921568627450980338e-02
9.931494752012874194e-04,8.627450980392157298e-01,7.843137254901960675e-02
9.931514752012308555e-04,9.019607843137255054e-01,-1.568627450980392135e-01
9.931534752011742916e-04,9.019607843137255054e-01,7.843137254901960675e-02
9.931554752011177278e-04,8.627450980392157298e-01,0.000000000000000000e+00
9.931574752010611639e-04,9.019607843137255054e-01,3.921568627450980338e-02
9.931594752010046000e-04,9.019607843137255054e-01,1.176470588235294101e-01
9.931614752009480362e-04,9.411764705882352811e-01,-1.568627450980392135e-01
9.931634752008914723e-04,8.235294117647058432e-01,7.843137254901960675e-02
9.931654752008349085e-04,9.019607843137255054e-01,-7.843137254901960675e-02
9.931674752007783446e-04,9.019607843137255054e-01,3.921568627450980338e-02
9.931694752007217807e-04,9.411764705882352811e-01,7.843137254901960675e-02
9.931714752006652169e-04,8.627450980392157298e-01,-7.843137254901960675e-02
9.931734752006086530e-04,8.627450980392157298e-01,1.176470588235294101e-01
9.931754752005520891e-04,9.411764705882352811e-01,-3.921568627450980338e-02
9.931774752004955253e-04,9.411764705882352811e-01,-3.921568627450980338e-02
9.931794752004389614e-04,8.235294117647058432e-01,1.176470588235294101e-01
9.931814752003823975e-04,9.019607843137255054e-01,-1.960784313725490169e-01
9.931834752003258337e-04,9.019607843137255054e-01,1.568627450980392135e-01
9.931854752002692698e-04,9.411764705882352811e-01,-3.921568627450980338e-02
9.931874752002127060e-04,8.627450980392157298e-01,0.000000000000000000e+00
9.931894752001561421e-04,8.627450980392157298e-01,7.843137254901960675e-02
9.931914752000995782e-04,9.019607843137255054e-01,-1.568627450980392135e-01
9.931934752000430144e-04,9.411764705882352811e-01,1.176470588235294101e-01
9.931954751999864505e-04,8.235294117647058432e-01,0.000000000000000000e+00
9.931974751999298866e-04,9.019607843137255054e-01,0.000000000000000000e+00
9.931994751998733228e-04,8.627450980392157298e-01,7.843137254901960675e-02
9.932014751998167589e-04,9.411764705882352811e-01,-7.843137254901960675e-02
9.932034751997601951e-04,8.627450980392157298e-01,7.843137254901960675e-02
9.932054751997036312e-04,8.627450980392157298e-01,0.000000000000000000e+00
9.932074751996470673e-04,9.019607843137255054e-01,7.843137254901960675e-02
9.932094751995905035e-04,9.411764705882352811e-01,3.921568627450980338e-02
9.932114751995339396e-04,8.235294117647058432e-01,-7.843137254901960675e-02
9.932134751994773757e-04,9.019607843137255054e-01,1.176470588235294101e-01
9.932154751994208119e-04,9.019607843137255054e-01,-3.921568627450980338e-02
9.932174751993642480e-04,9.411764705882352811e-01,0.000000000000000000e+00
9.932194751993076842e-04,8.235294117647058432e-01,1.176470588235294101e-01
9.932214751992511203e-04,9.019607843137255054e-01,-1.960784313725490169e-01
9.932234751991945564e-04,9.019607843137255054e-01,1.176470588235294101e-01
9.932254751991379926e-04,9.411764705882352811e-01,-3.921568627450980338e-02
9.932274751990814287e-04,8.627450980392157298e-01,0.000000000000000000e+00
9.932294751990248648e-04,8.627450980392157298e-01,7.843137254901960675e-02
9.932314751989683010e-04,9.019607843137255054e-01,-7.843137254901960675e-02
9.932334751989117371e-04,9.411764705882352811e-01,7.843137254901960675e-02
9.932354751988551732e-04,8.627450980392157298e-01,0.000000000000000000e+00
9.932374751987986094e-04,8.627450980392157298e-01,3.921568627450980338e-02
9.932394751987420455e-04,9.019607843137255054e-01,1.176470588235294101e-01
9.932414751986854817e-04,9.411764705882352811e-01,-7.843137254901960675e-02
9.932434751986289178e-04,8.627450980392157298e-01,7.843137254901960675e-02
9.932454751985723539e-04,9.019607843137255054e-01,0.000000000000000000e+00
9.932474751985157901e-04,9.019607843137255054e-01,3.921568627450980338e-02
9.932494751984592262e-04,9.411764705882352811e-01,7.843137254901960675e-02
9.932514751984026623e-04,9.019607843137255054e-01,-7.843137254901960675e-02
9.932534751983460985e-04,8.627450980392157298e-01,7.843137254901960675e-02
9.932554751982895346e-04,9.019607843137255054e-01,-3.921568627450980338e-02
9.932574751982329708e-04,9.411764705882352811e-01,0.000000000000000000e+00
9.932594751981764069e-04,8.235294117647058432e-01,1.176470588235294101e-01
9.932614751981198430e-04,9.019607843137255054e-01,-1.960784313725490169e-01
9.932634751980632792e-04,9.411764705882352811e-01,1.568627450980392135e-01
9.932654751980067153e-04,9.411764705882352811e-01,-3.921568627450980338e-02
9.932674751979501514e-04,8.627450980392157298e-01,-3.921568627450980338e-02
9.932694751978935876e-04,8.627450980392157298e-01,7.843137254901960675e-02
9.932714751978370237e-04,9.019607843137255054e-01,-1.568627450980392135e-01
9.932734751977804599e-04,9.019607843137255054e-01,7.843137254901960675e-02
9.932754751977238960e-04,8.627450980392157298e-01,0.000000000000000000e+00
9.932774751976673321e-04,8.627450980392157298e-01,3.921568627450980338e-02
9.932794751976107683e-04,9.019607843137255054e-01,1.176470588235294101e-01
9.932814751975542044e-04,9.411764705882352811e-01,-7.843137254901960675e-02
9.932834751974976405e-04,8.627450980392157298e-01,7.843137254901960675e-02
9.932854751974410767e-04,8.627450980392157298e-01,0.000000000000000000e+00
9.932874751973845128e-04,9.411764705882352811e-01,3.921568627450980338e-02
9.932894751973279489e-04,9.019607843137255054e-01,1.176470588235294101e-01
9.932914751972713851e-04,8.627450980392157298e-01,-7.843137254901960675e-02
9.932934751972148212e-04,8.235294117647058432e-01,1.568627450980392135e-01
9.932954751971582574e-04,8.627450980392157298e-01,-3.921568627450980338e-02
9.932974751971016935e-04,9.411764705882352811e-01,0.000000000000000000e+00
9.932994751970451296e-04,8.235294117647058432e-01,1.568627450980392135e-01
9.933014751969885658e-04,9.411764705882352811e-01,-1.960784313725490169e-01
9.933034751969320019e-04,8.627450980392157298e-01,1.568627450980392135e-01
9.933054751968754380e-04,9.411764705882352811e-01,-3.921568627450980338e-02
9.933074751968188742e-04,8.235294117647058432e-01,0.000000000000000000e+00
9.933094751967623103e-04,8.627450980392157298e-01,3.921568627450980338e-02
9.933114751967057465e-04,9.411764705882352811e-01,-1.568627450980392135e-01
9.933134751966491826e-04,9.019607843137255054e-01,1.176470588235294101e-01
9.933154751965926187e-04,8.627450980392157298e-01,-3.921568627450980338e-02
9.933174751965360549e-04,9.019607843137255054e-01,3.921568627450980338e-02
9.933194751964794910e-04,8.627450980392157298e-01,7.843137254901960675e-02
9.933214751964229271e-04,9.411764705882352811e-01,-1.568627450980392135e-01
9.933234751963663633e-04,8.235294117647058432e-01,7.843137254901960675e-02
9.933254751963097994e-04,8.627450980392157298e-01,-1.568627450980392135e-01
9.933274751962532356e-04,9.019607843137255054e-01,7.843137254901960675e-02
9.933294751961966717e-04,9.411764705882352811e-01,7.843137254901960675e-02
9.933314751961401078e-04,8.627450980392157298e-01,-7.843137254901960675e-02
9.933334751960835440e-04,8.627450980392157298e-01,1.176470588235294101e-01
9.933354751960269801e-04,8.627450980392157298e-01,-3.921568627450980338e-02
9.933374751959704162e-04,9.411764705882352811e-01,-3.921568627450980338e-02
9.933394751959138524e-04,8.627450980392157298e-01,1.568627450980392135e-01
9.933414751958572885e-04,9.019607843137255054e-01,-1.960784313725490169e-01
9.933434751958007247e-04,9.019607843137255054e-01,1.568627450980392135e-01
9.933454751957441608e-04,9.411764705882352811e-01,-3.921568627450980338e-02
9.933474751956875969e-04,8.627450980392157298e-01,-3.921568627450980338e-02
9.933494751956310331e-04,8.235294117647058432e-01,7.843137254901960675e-02
9.933514751955744692e-04,9.019607843137255054e-01,-3.921568627450980338e-02
9.933534751955179053e-04,9.411764705882352811e-01,3.921568627450980338e-02
9.933554751954613415e-04,8.235294117647058432e-01,0.000000000000000000e+00
9.933574751954047776e-04,9.019607843137255054e-01,3.921568627450980338e-02
9.933594751953482137e-04,8.627450980392157298e-01,7.843137254901960675e-02
9.933614751952916499e-04,9.411764705882352811e-01,-7.843137254901960675e-02
9.933634751952350860e-04,8.627450980392157298e-01,3.921568627450980338e-02
9.933654751951785222e-04,9.019607843137255054e-01,-3.921568627450980338e-02
9.933674751951219583e-04,9.019607843137255054e-01,7.843137254901960675e-02
9.933694751950653944e-04,9.019607843137255054e-01,7.843137254901960675e-02
9.933714751950088306e-04,8.627450980392157298e-01,-7.843137254901960675e-02
9.933734751949522667e-04,9.019607843137255054e-01,7.843137254901960675e-02
9.933754751948957028e-04,9.019607843137255054e-01,-3.921568627450980338e-02
9.933774751948391390e-04,9.411764705882352811e-01,-3.921568627450980338e-02
9.933794751947825751e-04,8.235294117647058432e-01,1.176470588235294101e-01
9.933814751947260113e-04,9.019607843137255054e-01,-1.568627450980392135e-01
9.933834751946694474e-04,9.019607843137255054e-01,1.568627450980392135e-01
9.933854751946128835e-04,9.411764705882352811e-01,-3.921568627450980338e-02
9.933874751945563197e-04,8.235294117647058432e-01,0.000000000000000000e+00
9.933894751944997558e-04,8.627450980392157298e-01,7.843137254901960675e-02
9.933914751944431919e-04,9.019607843137255054e-01,-1.568627450980392135e-01
9.933934751943866281e-04,9.411764705882352811e-01,1.176470588235294101e-01
9.933954751943300642e-04,8.235294117647058432e-01,0.000000000000000000e+00
9.933974751942735004e-04,9.019607843137255054e-01,-7.843137254901960675e-02
9.933994751942169365e-04,9.019607843137255054e-01,1.176470588235294101e-01
9.934014751941603726e-04,9.411764705882352811e-01,-7.843137254901960675e-02
9.934034751941038088e-04,8.235294117647058432e-01,1.176470588235294101e-01
9.934054751940472449e-04,8.235294117647058432e-01,0.000000000000000000e+00
9.934074751939906810e-04,9.019607843137255054e-01,7.843137254901960675e-02
9.934094751939341172e-04,9.411764705882352811e-01,7.843137254901960675e-02
9.934114751938775533e-04,9.019607843137255054e-01,-7.843137254901960675e-02
9.934134751938209894e-04,8.627450980392157298e-01,1.176470588235294101e-01
9.934154751937644256e-04,9.019607843137255054e-01,-3.921568627450980338e-02
9.934174751937078617e-04,9.411764705882352811e-01,-3.921568627450980338e-02
9.934194751936512979e-04,8.627450980392157298e-01,7.843137254901960675e-02
9.934214751935947340e-04,9.019607843137255054e-01,-1.960784313725490169e-01
9.934234751935381701e-04,9.411764705882352811e-01,1.176470588235294101e-01
9.934254751934816063e-04,9.411764705882352811e-01,-3.921568627450980338e-02
9.934274751934250424e-04,8.627450980392157298e-01,0.000000000000000000e+00
9.934294751933684785e-04,8.627450980392157298e-01,7.843137254901960675e-02
9.934314751933119147e-04,9.411764705882352811e-01,-7.843137254901960675e-02
9.934334751932553508e-04,9.411764705882352811e-01,1.176470588235294101e-01
9.934354751931987870e-04,8.627450980392157298e-01,0.000000000000000000e+00
9.934374751931422231e-04,9.411764705882352811e-01,3.921568627450980338e-02
9.934394751930856592e-04,8.627450980392157298e-01,1.176470588235294101e-01
9.934414751930290954e-04,9.411764705882352811e-01,-1.568627450980392135e-01
9.934434751929725315e-04,8.235294117647058432e-01,7.843137254901960675e-02
9.934454751929159676e-04,8.627450980392157298e-01,0.000000000000000000e+00
9.934474751928594038e-04,9.019607843137255054e-01,3.921568627450980338e-02
9.934494751928028399e-04,9.411764705882352811e-01,3.921568627450980338e-02
9.934514751927462761e-04,8.627450980392157298e-01,-7.843137254901960675e-02
9.934534751926897122e-04,8.627450980392157298e-01,1.568627450980392135e-01
9.934554751926331483e-04,9.019607843137255054e-01,-3.921568627450980338e-02
9.934574751925765845e-04,9.411764705882352811e-01,0.000000000000000000e+00
9.934594751925200206e-04,8.235294117647058432e-01,1.176470588235294101e-01
9.934614751924634567e-04,8.627450980392157298e-01,-1.568627450980392135e-01
9.934634751924068929e-04,8.627450980392157298e-01,1.568627450980392135e-01
9.934654751923503290e-04,9.411764705882352811e-01,-3.921568627450980338e-02
9.934674751922937651e-04,8.627450980392157298e-01,0.000000000000000000e+00
9.934694751922372013e-04,8.627450980392157298e-01,7.843137254901960675e-02
9.934714751921806374e-04,9.019607843137255054e-01,-1.568627450980392135e-01
9.934734751921240736e-04,9.019607843137255054e-01,7.843137254901960675e-02
9.934754751920675097e-04,8.627450980392157298e-01,0.000000000000000000e+00
9.934774751920109458e-04,9.411764705882352811e-01,0.000000000000000000e+00
9.934794751919543820e-04,9.019607843137255054e-01,7.843137254901960675e-02
9.934814751918978181e-04,9.411764705882352811e-01,-7.843137254901960675e-02
9.934834751918412542e-04,8.627450980392157298e-01,1.176470588235294101e-01
9.934854751917846904e-04,9.019607843137255054e-01,0.000000000000000000e+00
9.934874751917281265e-04,9.019607843137255054e-01,7.843137254901960675e-02
9.934894751916715627e-04,9.019607843137255054e-01,7.843137254901960675e-02
9.934914751916149988e-04,8.627450980392157298e-01,-1.568627450980392135e-01
9.934934751915584349e-04,8.627450980392157298e-01,7.843137254901960675e-02
9.934954751915018711e-04,8.627450980392157298e-01,-3.921568627450980338e-02
9.934974751914453072e-04,9.411764705882352811e-01,0.000000000000000000e+00
9.934994751913887433e-04,8.235294117647058432e-01,7.843137254901960675e-02
9.935014751913321795e-04,9.019607843137255054e-01,-1.568627450980392135e-01
9.935034751912756156e-04,9.019607843137255054e-01,1.568627450980392135e-01
9.935054751912190518e-04,9.411764705882352811e-01,0.000000000000000000e+00
9.935074751911624879e-04,8.627450980392157298e-01,-3.921568627450980338e-02
9.935094751911059240e-04,8.627450980392157298e-01,7.843137254901960675e-02
9.935114751910493602e-04,9.019607843137255054e-01,-7.843137254901960675e-02
9.935134751909927963e-04,9.019607843137255054e-01,7.843137254901960675e-02
9.935154751909362324e-04,8.627450980392157298e-01,0.000000000000000000e+00
9.935174751908796686e-04,9.019607843137255054e-01,0.000000000000000000e+00
9.935194751908231047e-04,9.019607843137255054e-01,1.176470588235294101e-01
9.935214751907665408e-04,9.411764705882352811e-01,-1.568627450980392135e-01
9.935234751907099770e-04,8.235294117647058432e-01,7.843137254901960675e-02
9.935254751906534131e-04,8.627450980392157298e-01,0.000000000000000000e+00
9.935274751905968493e-04,9.019607843137255054e-01,7.843137254901960675e-02
9.935294751905402854e-04,9.411764705882352811e-01,7.843137254901960675e-02
9.935314751904837215e-04,8.627450980392157298e-01,-1.568627450980392135e-01
9.935334751904271577e-04,8.627450980392157298e-01,1.176470588235294101e-01
9.935354751903705938e-04,8.627450980392157298e-01,0.000000000000000000e+00
9.935374751903140299e-04,9.411764705882352811e-01,0.000000000000000000e+00
9.935394751902574661e-04,8.627450980392157298e-01,7.843137254901960675e-02
9.935414751902009022e-04,9.019607843137255054e-01,-1.960784313725490169e-01
9.935434751901443384e-04,8.627450980392157298e-01,1.568627450980392135e-01
9.935454751900877745e-04,9.411764705882352811e-01,-3.921568627450980338e-02
9.935474751900312106e-04,8.627450980392157298e-01,-3.921568627450980338e-02
9.935494751899746468e-04,8.627450980392157298e-01,7.843137254901960675e-02
9.935514751899180829e-04,9.019607843137255054e-01,-1.568627450980392135e-01
9.935534751898615190e-04,9.411764705882352811e-01,1.176470588235294101e-01
9.935554751898049552e-04,8.235294117647058432e-01,-3.921568627450980338e-02
9.935574751897483913e-04,9.019607843137255054e-01,0.000000000000000000e+00
9.935594751896918275e-04,9.019607843137255054e-01,1.176470588235294101e-01
9.935614751896352636e-04,9.411764705882352811e-01,-7.843137254901960675e-02
9.935634751895786997e-04,8.235294117647058432e-01,7.843137254901960675e-02
9.935654751895221359e-04,9.019607843137255054e-01,-1.568627450980392135e-01
9.935674751894655720e-04,9.411764705882352811e-01,7.843137254901960675e-02
9.935694751894090081e-04,9.411764705882352811e-01,3.921568627450980338e-02
9.935714751893524443e-04,8.627450980392157298e-01,-7.843137254901960675e-02
9.935734751892958804e-04,8.627450980392157298e-01,1.568627450980392135e-01
9.935754751892393166e-04,9.019607843137255054e-01,-3.921568627450980338e-02
9.935774751891827527e-04,9.411764705882352811e-01,0.000000000000000000e+00
9.935794751891261888e-04,8.627450980392157298e-01,7.843137254901960675e-02
9.935814751890696250e-04,9.019607843137255054e-01,-1.960784313725490169e-01
9.935834751890130611e-04,9.019607843137255054e-01,1.568627450980392135e-01
9.935854751889564972e-04,9.411764705882352811e-01,-7.843137254901960675e-02
9.935874751888999334e-04,8.627450980392157298e-01,0.000000000000000000e+00
9.935894751888433695e-04,8.627450980392157298e-01,7.843137254901960675e-02
9.935914751887868056e-04,9.019607843137255054e-01,-1.568627450980392135e-01
9.935934751887302418e-04,9.411764705882352811e-01,1.176470588235294101e-01
9.935954751886736779e-04,8.235294117647058432e-01,0.000000000000000000e+00
9.935974751886171141e-04,8.627450980392157298e-01,0.000000000000000000e+00
9.935994751885605502e-04,9.019607843137255054e-01,7.843137254901960675e-02
9.936014751885039863e-04,9.411764705882352811e-01,-7.843137254901960675e-02
9.936034751884474225e-04,8.235294117647058432e-01,7.843137254901960675e-02
9.936054751883908586e-04,9.019607843137255054e-01,-7.843137254901960675e-02
9.936074751883342947e-04,9.019607843137255054e-01,7.843137254901960675e-02
9.936094751882777309e-04,9.411764705882352811e-01,3.921568627450980338e-02
9.936114751882211670e-04,8.627450980392157298e-01,-7.843137254901960675e-02
9.936134751881646032e-04,8.235294117647058432e-01,7.843137254901960675e-02
9.936154751881080393e-04,9.019607843137255054e-01,-3.921568627450980338e-02
9.936174751880514754e-04,9.411764705882352811e-01,0.000000000000000000e+00
9.936194751879949116e-04,8.235294117647058432e-01,1.568627450980392135e-01
9.936214751879383477e-04,9.019607843137255054e-01,-1.960784313725490169e-01
9.936234751878817838e-04,9.019607843137255054e-01,1.176470588235294101e-01
9.936254751878252200e-04,9.411764705882352811e-01,0.000000000000000000e+00
9.936274751877686561e-04,8.627450980392157298e-01,0.000000000000000000e+00
9.936294751877120923e-04,8.627450980392157298e-01,1.176470588235294101e-01
9.936314751876555284e-04,9.019607843137255054e-01,-1.568627450980392135e-01
9.936334751875989645e-04,9.411764705882352811e-01,7.843137254901960675e-02
9.936354751875424007e-04,8.627450980392157298e-01,0.000000000000000000e+00
9.936374751874858368e-04,9.411764705882352811e-01,0.000000000000000000e+00
9.936394751874292729e-04,9.019607843137255054e-01,1.176470588235294101e-01
9.936414751873727091e-04,9.411764705882352811e-01,-1.568627450980392135e-01
9.936434751873161452e-04,8.627450980392157298e-01,1.176470588235294101e-01
9.936454751872595813e-04,8.627450980392157298e-01,0.000000000000000000e+00
9.936474751872030175e-04,9.411764705882352811e-01,3.921568627450980338e-02
9.936494751871464536e-04,9.411764705882352811e-01,7.843137254901960675e-02
9.936514751870898898e-04,8.627450980392157298e-01,-7.843137254901960675e-02
9.936534751870333259e-04,8.627450980392157298e-01,7.843137254901960675e-02
9.936554751869767620e-04,9.019607843137255054e-01,-3.921568627450980338e-02
9.936574751869201982e-04,9.411764705882352811e-01,-3.921568627450980338e-02
9.936594751868636343e-04,8.627450980392157298e-01,1.176470588235294101e-01
9.936614751868070704e-04,9.019607843137255054e-01,-1.568627450980392135e-01
9.936634751867505066e-04,9.019607843137255054e-01,1.568627450980392135e-01
9.936654751866939427e-04,9.411764705882352811e-01,-7.843137254901960675e-02
9.936674751866373789e-04,8.627450980392157298e-01,-7.843137254901960675e-02
9.936694751865808150e-04,9.019607843137255054e-01,1.176470588235294101e-01
9.936714751865242511e-04,9.411764705882352811e-01,-1.568627450980392135e-01
9.936734751864676873e-04,9.411764705882352811e-01,1.176470588235294101e-01
9.936754751864111234e-04,9.019607843137255054e-01,-3.921568627450980338e-02
9.936774751863545595e-04,9.019607843137255054e-01,3.921568627450980338e-02
9.936794751862979957e-04,9.019607843137255054e-01,7.843137254901960675e-02
9.936814751862414318e-04,9.411764705882352811e-01,-7.843137254901960675e-02
9.936834751861848680e-04,8.235294117647058432e-01,7.843137254901960675e-02
9.936854751861283041e-04,9.019607843137255054e-01,-7.843137254901960675e-02
9.936874751860717402e-04,9.019607843137255054e-01,3.921568627450980338e-02
9.936894751860151764e-04,9.411764705882352811e-01,7.843137254901960675e-02
9.936914751859586125e-04,8.235294117647058432e-01,-7.843137254901960675e-02
9.936934751859020486e-04,9.019607843137255054e-01,1.568627450980392135e-01
9.936954751858454848e-04,9.019607843137255054e-01,-3.921568627450980338e-02
9.936974751857889209e-04,9.411764705882352811e-01,-3.921568627450980338e-02
9.936994751857323570e-04,8.627450980392157298e-01,7.843137254901960675e-02
9.937014751856757932e-04,9.019607843137255054e-01,-1.568627450980392135e-01
9.937034751856192293e-04,9.019607843137255054e-01,1.568627450980392135e-01
9.937054751855626655e-04,9.411764705882352811e-01,-7.843137254901960675e-02
9.937074751855061016e-04,8.235294117647058432e-01,0.000000000000000000e+00
9.937094751854495377e-04,8.235294117647058432e-01,7.843137254901960675e-02
9.937114751853929739e-04,9.411764705882352811e-01,-1.568627450980392135e-01
9.937134751853364100e-04,9.411764705882352811e-01,7.843137254901960675e-02
9.937154751852798461e-04,8.235294117647058432e-01,0.000000000000000000e+00
9.937174751852232823e-04,8.627450980392157298e-01,0.000000000000000000e+00
9.937194751851667184e-04,8.627450980392157298e-01,7.843137254901960675e-02
9.937214751851101546e-04,9.411764705882352811e-01,-7.843137254901960675e-02
9.937234751850535907e-04,8.235294117647058432e-01,7.843137254901960675e-02
9.937254751849970268e-04,9.019607843137255054e-01,-7.843137254901960675e-02
9.937274751849404630e-04,9.019607843137255054e-01,7.843137254901960675e-02
9.937294751848838991e-04,9.411764705882352811e-01,7.843137254901960675e-02
9.937314751848273352e-04,8.627450980392157298e-01,-1.568627450980392135e-01
9.937334751847707714e-04,9.019607843137255054e-01,1.568627450980392135e-01
9.937354751847142075e-04,8.627450980392157298e-01,0.000000000000000000e+00
9.937374751846576437e-04,9.411764705882352811e-01,-7.843137254901960675e-02
9.937394751846010798e-04,8.235294117647058432e-01,1.176470588235294101e-01
9.937414751845445159e-04,9.411764705882352811e-01,-1.960784313725490169e-01
9.937434751844879521e-04,9.019607843137255054e-01,1.176470588235294101e-01
9.937454751844313882e-04,9.411764705882352811e-01,0.000000000000000000e+00
9.937474751843748243e-04,8.235294117647058432e-01,0.000000000000000000e+00
9.937494751843182605e-04,8.627450980392157298e-01,1.176470588235294101e-01
9.937514751842616966e-04,9.019607843137255054e-01,-1.568627450980392135e-01
9.937534751842051328e-04,9.411764705882352811e-01,7.843137254901960675e-02
9.937554751841485689e-04,8.235294117647058432e-01,0.000000000000000000e+00
9.937574751840920050e-04,9.019607843137255054e-01,3.921568627450980338e-02
9.937594751840354412e-04,9.019607843137255054e-01,7.843137254901960675e-02
9.937614751839788773e-04,9.411764705882352811e-01,-1.568627450980392135e-01
9.937634751839223134e-04,8.235294117647058432e-01,7.843137254901960675e-02
9.937654751838657496e-04,9.019607843137255054e-01,0.000000000000000000e+00
9.937674751838091857e-04,8.627450980392157298e-01,3.921568627450980338e-02
9.937694751837526218e-04,9.411764705882352811e-01,7.843137254901960675e-02
9.937714751836960580e-04,8.627450980392157298e-01,-7.843137254901960675e-02
9.937734751836394941e-04,9.019607843137255054e-01,1.176470588235294101e-01
9.937754751835829303e-04,9.019607843137255054e-01,-3.921568627450980338e-02
9.937774751835263664e-04,9.411764705882352811e-01,0.000000000000000000e+00
9.937794751834698025e-04,8.627450980392157298e-01,7.843137254901960675e-02
9.937814751834132387e-04,9.019607843137255054e-01,-1.568627450980392135e-01
9.937834751833566748e-04,9.019607843137255054e-01,1.176470588235294101e-01
9.937854751833001109e-04,9.411764705882352811e-01,-3.921568627450980338e-02
9.937874751832435471e-04,8.627450980392157298e-01,-3.921568627450980338e-02
9.937894751831869832e-04,8.627450980392157298e-01,7.843137254901960675e-02
9.937914751831304194e-04,9.411764705882352811e-01,-7.843137254901960675e-02
9.937934751830738555e-04,9.411764705882352811e-01,7.843137254901960675e-02
9.937954751830172916e-04,8.627450980392157298e-01,0.000000000000000000e+00
9.937974751829607278e-04,9.019607843137255054e-01,0.000000000000000000e+00
9.937994751829041639e-04,9.019607843137255054e-01,1.176470588235294101e-01
9.938014751828476000e-04,9.411764705882352811e-01,-7.843137254901960675e-02
9.938034751827910362e-04,8.235294117647058432e-01,7.843137254901960675e-02
9.938054751827344723e-04,9.019607843137255054e-01,0.000000000000000000e+00
9.938074751826779085e-04,9.411764705882352811e-01,7.843137254901960675e-02
9.938094751826213446e-04,9.411764705882352811e-01,7.843137254901960675e-02
9.938114751825647807e-04,9.019607843137255054e-01,-7.843137254901960675e-02
9.938134751825082169e-04,8.627450980392157298e-01,1.176470588235294101e-01
9.938154751824516530e-04,9.019607843137255054e-01,-3.921568627450980338e-02
9.938174751823950891e-04,9.411764705882352811e-01,0.000000000000000000e+00
9.938194751823385253e-04,8.235294117647058432e-01,7.843137254901960675e-02
9.938214751822819614e-04,9.019607843137255054e-01,-1.960784313725490169e-01
9.938234751822253975e-04,9.019607843137255054e-01,1.568627450980392135e-01
9.938254751821688337e-04,9.411764705882352811e-01,-3.921568627450980338e-02
9.938274751821122698e-04,8.235294117647058432e-01,-3.921568627450980338e-02
9.938294751820557060e-04,9.019607843137255054e-01,7.843137254901960675e-02
9.938314751819991421e-04,9.411764705882352811e-01,-7.843137254901960675e-02
9.938334751819425782e-04,9.411764705882352811e-01,1.176470588235294101e-01
9.938354751818860144e-04,9.019607843137255054e-01,0.000000000000000000e+00
9.938374751818294505e-04,9.411764705882352811e-01,3.921568627450980338e-02
9.938394751817728866e-04,9.019607843137255054e-01,1.176470588235294101e-01
9.938414751817163228e-04,9.803921568627450567e-01,-1.568627450980392135e-01
9.938434751816597589e-04,8.235294117647058432e-01,7.843137254901960675e-02
9.938454751816031951e-04,9.019607843137255054e-01,0.000000000000000000e+00
9.938474751815466312e-04,9.411764705882352811e-01,7.843137254901960675e-02
9.938494751814900673e-04,9.019607843137255054e-01,3.921568627450980338e-02
9.938514751814335035e-04,8.627450980392157298e-01,-7.843137254901960675e-02
9.938534751813769396e-04,9.019607843137255054e-01,1.176470588235294101e-01
9.938554751813203757e-04,9.019607843137255054e-01,-3.921568627450980338e-02
9.938574751812638119e-04,9.411764705882352811e-01,-3.921568627450980338e-02
9.938594751812072480e-04,8.627450980392157298e-01,7.843137254901960675e-02
9.938614751811506842e-04,8.627450980392157298e-01,-1.960784313725490169e-01
9.938634751810941203e-04,9.019607843137255054e-01,1.568627450980392135e-01
9.938654751810375564e-04,9.411764705882352811e-01,-3.921568627450980338e-02
9.938674751809809926e-04,8.235294117647058432e-01,-3.921568627450980338e-02
9.938694751809244287e-04,8.627450980392157298e-01,7.843137254901960675e-02
9.938714751808678648e-04,9.411764705882352811e-01,-1.568627450980392135e-01
9.938734751808113010e-04,9.411764705882352811e-01,1.176470588235294101e-01
9.938754751807547371e-04,8.627450980392157298e-01,0.000000000000000000e+00
9.938774751806981732e-04,9.019607843137255054e-01,3.921568627450980338e-02
9.938794751806416094e-04,9.019607843137255054e-01,7.843137254901960675e-02
9.938814751805850455e-04,9.803921568627450567e-01,-1.568627450980392135e-01
9.938834751805284817e-04,8.235294117647058432e-01,7.843137254901960675e-02
9.938854751804719178e-04,9.019607843137255054e-01,-7.843137254901960675e-02
9.938874751804153539e-04,9.019607843137255054e-01,7.843137254901960675e-02
9.938894751803587901e-04,9.411764705882352811e-01,3.921568627450980338e-02
9.938914751803022262e-04,8.627450980392157298e-01,-7.843137254901960675e-02
9.938934751802456623e-04,9.019607843137255054e-01,7.843137254901960675e-02
9.938954751801890985e-04,9.411764705882352811e-01,0.000000000000000000e+00
9.938974751801325346e-04,9.411764705882352811e-01,-3.921568627450980338e-02
9.938994751800759708e-04,8.627450980392157298e-01,7.843137254901960675e-02
9.939014751800194069e-04,9.019607843137255054e-01,-1.960784313725490169e-01
9.939034751799628430e-04,8.627450980392157298e-01,1.568627450980392135e-01
9.939054751799062792e-04,9.411764705882352811e-01,-7.843137254901960675e-02
9.939074751798497153e-04,8.627450980392157298e-01,-3.921568627450980338e-02
9.939094751797931514e-04,9.019607843137255054e-01,7.843137254901960675e-02
9.939114751797365876e-04,9.019607843137255054e-01,-3.921568627450980338e-02
9.939134751796800237e-04,9.411764705882352811e-01,1.176470588235294101e-01
9.939154751796234599e-04,8.235294117647058432e-01,0.000000000000000000e+00
9.939174751795668960e-04,8.627450980392157298e-01,3.921568627450980338e-02
9.939194751795103321e-04,9.019607843137255054e-01,3.921568627450980338e-02
9.939214751794537683e-04,9.411764705882352811e-01,-1.568627450980392135e-01
9.939234751793972044e-04,8.235294117647058432e-01,7.843137254901960675e-02
9.939254751793406405e-04,9.019607843137255054e-01,-3.921568627450980338e-02
9.939274751792840767e-04,9.019607843137255054e-01,3.921568627450980338e-02
9.939294751792275128e-04,9.411764705882352811e-01,7.843137254901960675e-02
9.939314751791709489e-04,8.627450980392157298e-01,-1.568627450980392135e-01
9.939334751791143851e-04,9.019607843137255054e-01,7.843137254901960675e-02
9.939354751790578212e-04,9.411764705882352811e-01,-3.921568627450980338e-02
9.939374751790012574e-04,9.411764705882352811e-01,-3.921568627450980338e-02
9.939394751789446935e-04,8.235294117647058432e-01,1.176470588235294101e-01
9.939414751788881296e-04,8.627450980392157298e-01,-1.960784313725490169e-01
9.939434751788315658e-04,8.627450980392157298e-01,1.568627450980392135e-01
9.939454751787750019e-04,9.411764705882352811e-01,-3.921568627450980338e-02
9.939474751787184380e-04,8.627450980392157298e-01,0.000000000000000000e+00
9.939494751786618742e-04,8.627450980392157298e-01,7.843137254901960675e-02
9.939514751786053103e-04,9.411764705882352811e-01,-1.568627450980392135e-01
9.939534751785487465e-04,9.411764705882352811e-01,1.568627450980392135e-01
9.939554751784921826e-04,8.627450980392157298e-01,0.000000000000000000e+00
9.939574751784356187e-04,9.019607843137255054e-01,0.000000000000000000e+00
9.939594751783790549e-04,9.411764705882352811e-01,7.843137254901960675e-02
9.939614751783224910e-04,9.803921568627450567e-01,-1.568627450980392135e-01
9.939634751782659271e-04,8.627450980392157298e-01,7.843137254901960675e-02
9.939654751782093633e-04,9.019607843137255054e-01,0.000000000000000000e+00
9.939674751781527994e-04,9.019607843137255054e-01,7.843137254901960675e-02
9.939694751780962356e-04,9.411764705882352811e-01,7.843137254901960675e-02
9.939714751780396717e-04,8.627450980392157298e-01,-7.843137254901960675e-02
9.939734751779831078e-04,8.627450980392157298e-01,1.176470588235294101e-01
9.939754751779265440e-04,8.627450980392157298e-01,-3.921568627450980338e-02
9.939774751778699801e-04,9.019607843137255054e-01,-3.921568627450980338e-02
9.939794751778134162e-04,8.235294117647058432e-01,1.568627450980392135e-01
9.939814751777568524e-04,9.019607843137255054e-01,-1.568627450980392135e-01
9.939834751777002885e-04,8.627450980392157298e-01,1.568627450980392135e-01
9.939854751776437247e-04,9.411764705882352811e-01,0.000000000000000000e+00
9.939874751775871608e-04,8.627450980392157298e-01,-3.921568627450980338e-02
9.939894751775305969e-04,8.627450980392157298e-01,7.843137254901960675e-02
9.939914751774740331e-04,9.411764705882352811e-01,-7.843137254901960675e-02
9.939934751774174692e-04,9.411764705882352811e-01,7.843137254901960675e-02
9.939954751773609053e-04,8.627450980392157298e-01,0.000000000000000000e+00
9.939974751773043415e-04,9.019607843137255054e-01,0.000000000000000000e+00
9.939994751772477776e-04,8.627450980392157298e-01,7.843137254901960675e-02
9.940014751771912137e-04,9.411764705882352811e-01,-7.843137254901960675e-02
9.940034751771346499e-04,8.627450980392157298e-01,7.843137254901960675e-02
9.940054751770780860e-04,9.019607843137255054e-01,0.000000000000000000e+00
9.940074751770215222e-04,9.411764705882352811e-01,7.843137254901960675e-02
9.940094751769649583e-04,9.019607843137255054e-01,7.843137254901960675e-02
9.940114751769083944e-04,8.627450980392157298e-01,-7.843137254901960675e-02
9.940134751768518306e-04,8.235294117647058432e-01,1.176470588235294101e-01
9.940154751767952667e-04,9.019607843137255054e-01,-3.921568627450980338e-02
9.940174751767387028e-04,9.411764705882352811e-01,0.000000000000000000e+00
9.940194751766821390e-04,9.019607843137255054e-01,7.843137254901960675e-02
9.940214751766255751e-04,9.411764705882352811e-01,-1.568627450980392135e-01
9.940234751765690113e-04,8.627450980392157298e-01,1.568627450980392135e-01
9.940254751765124474e-04,9.411764705882352811e-01,-7.843137254901960675e-02
9.940274751764558835e-04,9.019607843137255054e-01,-3.921568627450980338e-02
9.940294751763993197e-04,9.019607843137255054e-01,7.843137254901960675e-02
9.940314751763427558e-04,9.019607843137255054e-01,-1.568627450980392135e-01
9.940334751762861919e-04,9.411764705882352811e-01,7.843137254901960675e-02
9.940354751762296281e-04,8.235294117647058432e-01,0.000000000000000000e+00
9.940374751761730642e-04,8.627450980392157298e-01,0.000000000000000000e+00
9.940394751761165004e-04,9.019607843137255054e-01,1.176470588235294101e-01
9.940414751760599365e-04,9.411764705882352811e-01,-7.843137254901960675e-02
9.940434751760033726e-04,8.627450980392157298e-01,7.843137254901960675e-02
9.940454751759468088e-04,9.019607843137255054e-01,0.000000000000000000e+00
9.940474751758902449e-04,9.411764705882352811e-01,3.921568627450980338e-02
9.940494751758336810e-04,9.019607843137255054e-01,7.843137254901960675e-02
9.940514751757771172e-04,8.627450980392157298e-01,-7.843137254901960675e-02
9.940534751757205533e-04,8.627450980392157298e-01,1.176470588235294101e-01
9.940554751756639894e-04,9.019607843137255054e-01,-7.843137254901960675e-02
9.940574751756074256e-04,9.411764705882352811e-01,0.000000000000000000e+00
9.940594751755508617e-04,8.235294117647058432e-01,1.176470588235294101e-01
9.940614751754942979e-04,9.019607843137255054e-01,-1.960784313725490169e-01
9.940634751754377340e-04,9.019607843137255054e-01,1.568627450980392135e-01
9.940654751753811701e-04,9.411764705882352811e-01,-3.921568627450980338e-02
9.940674751753246063e-04,8.627450980392157298e-01,-3.921568627450980338e-02
9.940694751752680424e-04,8.235294117647058432e-01,7.843137254901960675e-02
9.940714751752114785e-04,8.627450980392157298e-01,-1.568627450980392135e-01
9.940734751751549147e-04,9.411764705882352811e-01,7.843137254901960675e-02
9.940754751750983508e-04,8.627450980392157298e-01,0.000000000000000000e+00
9.940774751750417870e-04,8.627450980392157298e-01,3.921568627450980338e-02
9.940794751749852231e-04,8.627450980392157298e-01,1.176470588235294101e-01
9.940814751749286592e-04,9.411764705882352811e-01,-1.568627450980392135e-01
9.940834751748720954e-04,8.235294117647058432e-01,7.843137254901960675e-02
9.940854751748155315e-04,9.019607843137255054e-01,0.000000000000000000e+00
9.940874751747589676e-04,9.411764705882352811e-01,7.843137254901960675e-02
9.940894751747024038e-04,9.411764705882352811e-01,7.843137254901960675e-02
9.940914751746458399e-04,8.627450980392157298e-01,-7.843137254901960675e-02
9.940934751745892761e-04,9.019607843137255054e-01,1.176470588235294101e-01
9.940954751745327122e-04,9.019607843137255054e-01,-3.921568627450980338e-02
9.940974751744761483e-04,9.411764705882352811e-01,-3.921568627450980338e-02
9.940994751744195845e-04,8.627450980392157298e-01,7.843137254901960675e-02
9.941014751743630206e-04,9.019607843137255054e-01,-1.960784313725490169e-01
9.941034751743064567e-04,9.019607843137255054e-01,1.568627450980392135e-01
9.941054751742498929e-04,9.411764705882352811e-01,-3.921568627450980338e-02
9.941074751741933290e-04,8.235294117647058432e-01,0.000000000000000000e+00
9.941094751741367651e-04,9.019607843137255054e-01,7.843137254901960675e-02
9.941114751740802013e-04,9.411764705882352811e-01,-7.843137254901960675e-02
9.941134751740236374e-04,9.019607843137255054e-01,1.568627450980392135e-01
9.941154751739670736e-04,8.627450980392157298e-01,-3.921568627450980338e-02
9.941174751739105097e-04,9.019607843137255054e-01,3.921568627450980338e-02
9.941194751738539458e-04,8.627450980392157298e-01,7.843137254901960675e-02
9.941214751737973820e-04,9.411764705882352811e-01,-1.960784313725490169e-01
9.941234751737408181e-04,8.627450980392157298e-01,7.843137254901960675e-02
9.941254751736842542e-04,9.019607843137255054e-01,-7.843137254901960675e-02
9.941274751736276904e-04,9.019607843137255054e-01,3.921568627450980338e-02
9.941294751735711265e-04,9.411764705882352811e-01,3.921568627450980338e-02
9.941314751735145627e-04,8.627450980392157298e-01,-7.843137254901960675e-02
9.941334751734579988e-04,8.627450980392157298e-01,7.843137254901960675e-02
9.941354751734014349e-04,9.019607843137255054e-01,-7.843137254901960675e-02
9.941374751733448711e-04,9.411764705882352811e-01,-3.921568627450980338e-02
9.941394751732883072e-04,8.627450980392157298e-01,1.568627450980392135e-01
9.941414751732317433e-04,9.019607843137255054e-01,-1.960784313725490169e-01
9.941434751731751795e-04,9.019607843137255054e-01,1.176470588235294101e-01
9.941454751731186156e-04,9.411764705882352811e-01,0.000000000000000000e+00
9.941474751730620518e-04,8.235294117647058432e-01,-7.843137254901960675e-02
9.941494751730054879e-04,8.235294117647058432e-01,7.843137254901960675e-02
9.941514751729489240e-04,9.411764705882352811e-01,0.000000000000000000e+00
9.941534751728923602e-04,9.411764705882352811e-01,7.843137254901960675e-02
9.941554751728357963e-04,8.235294117647058432e-01,0.000000000000000000e+00
9.941574751727792324e-04,9.019607843137255054e-01,0.000000000000000000e+00
9.941594751727226686e-04,9.019607843137255054e-01,1.176470588235294101e-01
9.941614751726661047e-04,9.411764705882352811e-01,-7.843137254901960675e-02
9.941634751726095409e-04,8.627450980392157298e-01,7.843137254901960675e-02
9.941654751725529770e-04,8.627450980392157298e-01,0.000000000000000000e+00
9.941674751724964131e-04,9.019607843137255054e-01,7.843137254901960675e-02
9.941694751724398493e-04,9.019607843137255054e-01,7.843137254901960675e-02
9.941714751723832854e-04,8.627450980392157298e-01,-7.843137254901960675e-02
9.941734751723267215e-04,9.019607843137255054e-01,3.921568627450980338e-02
9.941754751722701577e-04,9.019607843137255054e-01,0.000000000000000000e+00
9.941774751722135938e-04,9.411764705882352811e-01,0.000000000000000000e+00
9.941794751721570299e-04,8.627450980392157298e-01,1.568627450980392135e-01
9.941814751721004661e-04,9.019607843137255054e-01,-1.960784313725490169e-01
9.941834751720439022e-04,9.019607843137255054e-01,1.568627450980392135e-01
9.941854751719873384e-04,9.411764705882352811e-01,-3.921568627450980338e-02
9.941874751719307745e-04,8.627450980392157298e-01,-3.921568627450980338e-02
9.941894751718742106e-04,9.019607843137255054e-01,7.843137254901960675e-02
9.941914751718176468e-04,9.019607843137255054e-01,-7.843137254901960675e-02
9.941934751717610829e-04,9.411764705882352811e-01,7.843137254901960675e-02
9.941954751717045190e-04,8.627450980392157298e-01,0.000000000000000000e+00
9.941974751716479552e-04,9.019607843137255054e-01,3.921568627450980338e-02
9.941994751715913913e-04,9.019607843137255054e-01,1.176470588235294101e-01
9.942014751715348275e-04,9.411764705882352811e-01,-1.568627450980392135e-01
9.942034751714782636e-04,8.627450980392157298e-01,7.843137254901960675e-02
9.942054751714216997e-04,9.019607843137255054e-01,0.000000000000000000e+00
9.942074751713651359e-04,9.019607843137255054e-01,3.921568627450980338e-02
9.942094751713085720e-04,9.411764705882352811e-01,7.843137254901960675e-02
9.942114751712520081e-04,8.627450980392157298e-01,-1.568627450980392135e-01
9.942134751711954443e-04,8.627450980392157298e-01,1.176470588235294101e-01
9.942154751711388804e-04,9.019607843137255054e-01,-3.921568627450980338e-02
9.942174751710823166e-04,9.411764705882352811e-01,-3.921568627450980338e-02
9.942194751710257527e-04,8.235294117647058432e-01,7.843137254901960675e-02
9.942214751709691888e-04,9.019607843137255054e-01,-1.960784313725490169e-01
9.942234751709126250e-04,9.019607843137255054e-01,1.568627450980392135e-01
9.942254751708560611e-04,9.411764705882352811e-01,-3.921568627450980338e-02
9.942274751707994972e-04,8.235294117647058432e-01,-3.921568627450980338e-02
9.942294751707429334e-04,8.235294117647058432e-01,7.843137254901960675e-02
9.942314751706863695e-04,9.411764705882352811e-01,-7.843137254901960675e-02
9.942334751706298056e-04,9.411764705882352811e-01,7.843137254901960675e-02
9.942354751705732418e-04,8.627450980392157298e-01,0.000000000000000000e+00
9.942374751705166779e-04,8.627450980392157298e-01,3.921568627450980338e-02
9.942394751704601141e-04,8.627450980392157298e-01,7.843137254901960675e-02
9.942414751704035502e-04,9.411764705882352811e-01,-7.843137254901960675e-02
9.942434751703469863e-04,8.235294117647058432e-01,7.843137254901960675e-02
9.942454751702904225e-04,9.019607843137255054e-01,0.000000000000000000e+00
9.942474751702338586e-04,9.019607843137255054e-01,3.921568627450980338e-02
9.942494751701772947e-04,9.411764705882352811e-01,3.921568627450980338e-02
9.942514751701207309e-04,8.627450980392157298e-01,-7.843137254901960675e-02
9.942534751700641670e-04,9.019607843137255054e-01,1.176470588235294101e-01
9.942554751700076032e-04,9.411764705882352811e-01,-3.921568627450980338e-02
9.942574751699510393e-04,9.411764705882352811e-01,0.000000000000000000e+00
9.942594751698944754e-04,8.627450980392157298e-01,7.843137254901960675e-02
9.942614751698379116e-04,8.627450980392157298e-01,-1.568627450980392135e-01
9.942634751697813477e-04,8.627450980392157298e-01,1.568627450980392135e-01
9.942654751697247838e-04,9.411764705882352811e-01,-3.921568627450980338e-02
9.942674751696682200e-04,8.235294117647058432e-01,-3.921568627450980338e-02
9.942694751696116561e-04,8.627450980392157298e-01,3.921568627450980338e-02
9.942714751695550923e-04,9.411764705882352811e-01,-7.843137254901960675e-02
9.942734751694985284e-04,9.411764705882352811e-01,7.843137254901960675e-02
9.942754751694419645e-04,8.627450980392157298e-01,0.000000000000000000e+00
9.942774751693854007e-04,9.019607843137255054e-01,3.921568627450980338e-02
9.942794751693288368e-04,9.019607843137255054e-01,1.176470588235294101e-01
9.942814751692722729e-04,9.411764705882352811e-01,-7.843137254901960675e-02
9.942834751692157091e-04,8.235294117647058432e-01,7.843137254901960675e-02
9.942854751691591452e-04,9.019607843137255054e-01,-7.843137254901960675e-02
9.942874751691025813e-04,9.411764705882352811e-01,7.843137254901960675e-02
9.942894751690460175e-04,9.411764705882352811e-01,3.921568627450980338e-02
9.942914751689894536e-04,8.627450980392157298e-01,-7.843137254901960675e-02
9.942934751689328898e-04,9.019607843137255054e-01,7.843137254901960675e-02
9.942954751688763259e-04,8.627450980392157298e-01,-3.921568627450980338e-02
9.942974751688197620e-04,9.411764705882352811e-01,0.000000000000000000e+00
9.942994751687631982e-04,8.235294117647058432e-01,7.843137254901960675e-02
9.943014751687066343e-04,9.019607843137255054e-01,-1.960784313725490169e-01
9.943034751686500704e-04,9.019607843137255054e-01,1.568627450980392135e-01
9.943054751685935066e-04,9.411764705882352811e-01,-3.921568627450980338e-02
9.943074751685369427e-04,8.235294117647058432e-01,-3.921568627450980338e-02
9.943094751684803789e-04,8.627450980392157298e-01,7.843137254901960675e-02
9.943114751684238150e-04,9.411764705882352811e-01,-7.843137254901960675e-02
9.943134751683672511e-04,9.019607843137255054e-01,1.176470588235294101e-01
9.943154751683106873e-04,8.235294117647058432e-01,0.000000000000000000e+00
9.943174751682541234e-04,8.235294117647058432e-01,3.921568627450980338e-02
9.943194751681975595e-04,9.019607843137255054e-01,1.176470588235294101e-01
9.943214751681409957e-04,9.803921568627450567e-01,-7.843137254901960675e-02
9.943234751680844318e-04,8.627450980392157298e-01,7.843137254901960675e-02
9.943254751680278680e-04,9.019607843137255054e-01,0.000000000000000000e+00
9.943274751679713041e-04,9.411764705882352811e-01,1.176470588235294101e-01
9.943294751679147402e-04,9.411764705882352811e-01,7.843137254901960675e-02
9.943314751678581764e-04,8.627450980392157298e-01,-7.843137254901960675e-02
9.943334751678016125e-04,8.627450980392157298e-01,1.176470588235294101e-01
9.943354751677450486e-04,9.019607843137255054e-01,-3.921568627450980338e-02
9.943374751676884848e-04,9.411764705882352811e-01,-3.921568627450980338e-02
9.943394751676319209e-04,8.627450980392157298e-01,7.843137254901960675e-02
9.943414751675753570e-04,9.019607843137255054e-01,-1.960784313725490169e-01
9.943434751675187932e-04,9.019607843137255054e-01,1.568627450980392135e-01
9.943454751674622293e-04,9.411764705882352811e-01,-3.921568627450980338e-02
9.943474751674056655e-04,8.627450980392157298e-01,-3.921568627450980338e-02
9.943494751673491016e-04,9.019607843137255054e-01,7.843137254901960675e-02
9.943514751672925377e-04,9.019607843137255054e-01,-1.568627450980392135e-01
9.943534751672359739e-04,9.411764705882352811e-01,1.176470588235294101e-01
9.943554751671794100e-04,8.235294117647058432e-01,0.000000000000000000e+00
9.943574751671228461e-04,9.019607843137255054e-01,0.000000000000000000e+00
9.943594751670662823e-04,9.019607843137255054e-01,1.568627450980392135e-01
9.943614751670097184e-04,9.411764705882352811e-01,-1.568627450980392135e-01
9.943634751669531546e-04,8.235294117647058432e-01,7.843137254901960675e-02
9.943654751668965907e-04,9.019607843137255054e-01,0.000000000000000000e+00
9.943674751668400268e-04,9.019607843137255054e-01,7.843137254901960675e-02
9.943694751667834630e-04,9.411764705882352811e-01,7.843137254901960675e-02
9.943714751667268991e-04,8.627450980392157298e-01,-7.843137254901960675e-02
9.943734751666703352e-04,8.235294117647058432e-01,1.176470588235294101e-01
9.943754751666137714e-04,9.019607843137255054e-01,-3.921568627450980338e-02
9.943774751665572075e-04,9.411764705882352811e-01,0.000000000000000000e+00
9.943794751665006437e-04,8.627450980392157298e-01,1.568627450980392135e-01
9.943814751664440798e-04,9.019607843137255054e-01,-1.960784313725490169e-01
9.943834751663875159e-04,9.019607843137255054e-01,1.176470588235294101e-01
9.943854751663309521e-04,9.411764705882352811e-01,-3.921568627450980338e-02
9.943874751662743882e-04,9.019607843137255054e-01,-3.921568627450980338e-02
9.943894751662178243e-04,8.627450980392157298e-01,7.843137254901960675e-02
9.943914751661612605e-04,9.411764705882352811e-01,-1.568627450980392135e-01
9.943934751661046966e-04,9.411764705882352811e-01,1.176470588235294101e-01
9.943954751660481328e-04,8.627450980392157298e-01,0.000000000000000000e+00
9.943974751659915689e-04,9.019607843137255054e-01,0.000000000000000000e+00
9.943994751659350050e-04,8.627450980392157298e-01,7.843137254901960675e-02
9.944014751658784412e-04,9.411764705882352811e-01,-7.843137254901960675e-02
9.944034751658218773e-04,8.627450980392157298e-01,7.843137254901960675e-02
9.944054751657653134e-04,9.019607843137255054e-01,-3.921568627450980338e-02
9.944074751657087496e-04,9.019607843137255054e-01,7.843137254901960675e-02
9.944094751656521857e-04,9.019607843137255054e-01,3.921568627450980338e-02
9.944114751655956218e-04,8.627450980392157298e-01,-7.843137254901960675e-02
9.944134751655390580e-04,8.627450980392157298e-01,1.568627450980392135e-01
9.944154751654824941e-04,9.411764705882352811e-01,-3.921568627450980338e-02
9.944174751654259303e-04,9.411764705882352811e-01,-3.921568627450980338e-02
9.944194751653693664e-04,8.627450980392157298e-01,7.843137254901960675e-02
9.944214751653128025e-04,9.019607843137255054e-01,-1.960784313725490169e-01
9.944234751652562387e-04,9.411764705882352811e-01,1.568627450980392135e-01
9.944254751651996748e-04,9.411764705882352811e-01,0.000000000000000000e+00
9.944274751651431109e-04,8.235294117647058432e-01,0.000000000000000000e+00
9.944294751650865471e-04,8.627450980392157298e-01,3.921568627450980338e-02
9.944314751650299832e-04,8.627450980392157298e-01,-7.843137254901960675e-02
9.944334751649734194e-04,9.411764705882352811e-01,1.176470588235294101e-01
9.944354751649168555e-04,8.235294117647058432e-01,0.000000000000000000e+00
9.944374751648602916e-04,9.019607843137255054e-01,0.000000000000000000e+00
9.944394751648037278e-04,8.627450980392157298e-01,1.176470588235294101e-01
9.944414751647471639e-04,9.411764705882352811e-01,-7.843137254901960675e-02
9.944434751646906000e-04,8.627450980392157298e-01,7.843137254901960675e-02
9.944454751646340362e-04,8.627450980392157298e-01,-7.843137254901960675e-02
9.944474751645774723e-04,9.019607843137255054e-01,3.921568627450980338e-02
9.944494751645209085e-04,9.411764705882352811e-01,7.843137254901960675e-02
9.944514751644643446e-04,8.627450980392157298e-01,-7.843137254901960675e-02
9.944534751644077807e-04,8.627450980392157298e-01,7.843137254901960675e-02
9.944554751643512169e-04,8.627450980392157298e-01,-3.921568627450980338e-02
9.944574751642946530e-04,9.411764705882352811e-01,-3.921568627450980338e-02
9.944594751642380891e-04,9.019607843137255054e-01,1.176470588235294101e-01
9.944614751641815253e-04,9.411764705882352811e-01,-1.568627450980392135e-01
9.944634751641249614e-04,9.019607843137255054e-01,1.568627450980392135e-01
9.944654751640683975e-04,9.019607843137255054e-01,-3.921568627450980338e-02
9.944674751640118337e-04,8.627450980392157298e-01,0.000000000000000000e+00
9.944694751639552698e-04,8.627450980392157298e-01,7.843137254901960675e-02
9.944714751638987060e-04,9.019607843137255054e-01,-1.568627450980392135e-01
9.944734751638421421e-04,9.411764705882352811e-01,7.843137254901960675e-02
9.944754751637855782e-04,8.627450980392157298e-01,0.000000000000000000e+00
9.944774751637290144e-04,8.627450980392157298e-01,0.000000000000000000e+00
9.944794751636724505e-04,9.019607843137255054e-01,1.176470588235294101e-01
9.944814751636158866e-04,9.411764705882352811e-01,-1.568627450980392135e-01
9.944834751635593228e-04,8.627450980392157298e-01,7.843137254901960675e-02
9.944854751635027589e-04,9.019607843137255054e-01,0.000000000000000000e+00
9.944874751634461951e-04,9.019607843137255054e-01,3.921568627450980338e-02
9.944894751633896312e-04,9.411764705882352811e-01,7.843137254901960675e-02
9.944914751633330673e-04,8.627450980392157298e-01,-1.568627450980392135e-01
9.944934751632765035e-04,9.019607843137255054e-01,1.176470588235294101e-01
9.944954751632199396e-04,9.019607843137255054e-01,-3.921568627450980338e-02
9.944974751631633757e-04,9.411764705882352811e-01,-3.921568627450980338e-02
9.944994751631068119e-04,8.627450980392157298e-01,1.568627450980392135e-01
9.945014751630502480e-04,8.627450980392157298e-01,-1.568627450980392135e-01
9.945034751629936842e-04,9.019607843137255054e-01,1.568627450980392135e-01
9.945054751629371203e-04,9.411764705882352811e-01,0.000000000000000000e+00
9.945074751628805564e-04,8.627450980392157298e-01,-3.921568627450980338e-02
9.945094751628239926e-04,9.019607843137255054e-01,7.843137254901960675e-02
9.945114751627674287e-04,9.019607843137255054e-01,-1.568627450980392135e-01
9.945134751627108648e-04,9.411764705882352811e-01,1.176470588235294101e-01
9.945154751626543010e-04,8.627450980392157298e-01,0.000000000000000000e+00
9.945174751625977371e-04,9.019607843137255054e-01,0.000000000000000000e+00
9.945194751625411732e-04,9.019607843137255054e-01,7.843137254901960675e-02
9.945214751624846094e-04,9.411764705882352811e-01,-1.568627450980392135e-01
9.945234751624280455e-04,8.627450980392157298e-01,7.843137254901960675e-02
9.945254751623714817e-04,8.235294117647058432e-01,0.000000000000000000e+00
9.945274751623149178e-04,9.019607843137255054e-01,7.843137254901960675e-02
9.945294751622583539e-04,9.411764705882352811e-01,7.843137254901960675e-02
9.945314751622017901e-04,8.627450980392157298e-01,-1.568627450980392135e-01
9.945334751621452262e-04,9.019607843137255054e-01,1.568627450980392135e-01
9.945354751620886623e-04,9.019607843137255054e-01,-3.921568627450980338e-02
9.945374751620320985e-04,9.411764705882352811e-01,0.000000000000000000e+00
9.945394751619755346e-04,9.019607843137255054e-01,7.843137254901960675e-02
9.945414751619189708e-04,9.019607843137255054e-01,-1.568627450980392135e-01
9.945434751618624069e-04,8.627450980392157298e-01,1.568627450980392135e-01
9.945454751618058430e-04,9.411764705882352811e-01,0.000000000000000000e+00
9.945474751617492792e-04,8.627450980392157298e-01,-3.921568627450980338e-02
9.945494751616927153e-04,9.019607843137255054e-01,7.843137254901960675e-02
9.945514751616361514e-04,9.411764705882352811e-01,-1.568627450980392135e-01
9.945534751615795876e-04,9.411764705882352811e-01,1.176470588235294101e-01
9.945554751615230237e-04,8.627450980392157298e-01,0.000000000000000000e+00
9.945574751614664599e-04,9.019607843137255054e-01,0.000000000000000000e+00
9.945594751614098960e-04,9.411764705882352811e-01,1.176470588235294101e-01
9.945614751613533321e-04,9.411764705882352811e-01,-7.843137254901960675e-02
9.945634751612967683e-04,8.235294117647058432e-01,7.843137254901960675e-02
9.945654751612402044e-04,8.627450980392157298e-01,0.000000000000000000e+00
9.945674751611836405e-04,9.019607843137255054e-01,3.921568627450980338e-02
9.945694751611270767e-04,9.411764705882352811e-01,7.843137254901960675e-02
9.945714751610705128e-04,8.627450980392157298e-01,-7.843137254901960675e-02
9.945734751610139490e-04,8.235294117647058432e-01,1.176470588235294101e-01
9.945754751609573851e-04,9.411764705882352811e-01,0.000000000000000000e+00
9.945774751609008212e-04,9.411764705882352811e-01,-3.921568627450980338e-02
9.945794751608442574e-04,8.627450980392157298e-01,1.568627450980392135e-01
9.945814751607876935e-04,8.235294117647058432e-01,-1.568627450980392135e-01
9.945834751607311296e-04,8.627450980392157298e-01,1.568627450980392135e-01
9.945854751606745658e-04,9.411764705882352811e-01,-3.921568627450980338e-02
9.945874751606180019e-04,8.627450980392157298e-01,0.000000000000000000e+00
9.945894751605614380e-04,9.019607843137255054e-01,7.843137254901960675e-02
9.945914751605048742e-04,9.019607843137255054e-01,-1.568627450980392135e-01
9.945934751604483103e-04,9.411764705882352811e-01,1.176470588235294101e-01
9.945954751603917465e-04,8.627450980392157298e-01,0.000000000000000000e+00
9.945974751603351826e-04,9.019607843137255054e-01,0.000000000000000000e+00
9.945994751602786187e-04,8.627450980392157298e-01,1.176470588235294101e-01
9.946014751602220549e-04,9.411764705882352811e-01,-7.843137254901960675e-02
9.946034751601654910e-04,8.235294117647058432e-01,7.843137254901960675e-02
9.946054751601089271e-04,9.019607843137255054e-01,-3.921568627450980338e-02
9.946074751600523633e-04,9.019607843137255054e-01,7.843137254901960675e-02
9.946094751599957994e-04,9.411764705882352811e-01,3.921568627450980338e-02
9.946114751599392356e-04,8.627450980392157298e-01,-7.843137254901960675e-02
9.946134751598826717e-04,8.627450980392157298e-01,1.176470588235294101e-01
9.946154751598261078e-04,9.019607843137255054e-01,-3.921568627450980338e-02
9.946174751597695440e-04,9.411764705882352811e-01,-3.921568627450980338e-02
9.946194751597129801e-04,8.235294117647058432e-01,1.176470588235294101e-01
9.946214751596564162e-04,9.019607843137255054e-01,-1.568627450980392135e-01
9.946234751595998524e-04,9.019607843137255054e-01,1.176470588235294101e-01
9.946254751595432885e-04,9.411764705882352811e-01,0.000000000000000000e+00
9.946274751594867247e-04,8.627450980392157298e-01,-3.921568627450980338e-02
9.946294751594301608e-04,9.019607843137255054e-01,7.843137254901960675e-02
9.946314751593735969e-04,9.411764705882352811e-01,-1.568627450980392135e-01
9.946334751593170331e-04,9.411764705882352811e-01,7.843137254901960675e-02
9.946354751592604692e-04,8.627450980392157298e-01,0.000000000000000000e+00
9.946374751592039053e-04,8.627450980392157298e-01,3.921568627450980338e-02
9.946394751591473415e-04,8.627450980392157298e-01,7.843137254901960675e-02
9.946414751590907776e-04,9.411764705882352811e-01,-1.568627450980392135e-01
9.946434751590342137e-04,8.627450980392157298e-01,7.843137254901960675e-02
9.946454751589776499e-04,8.627450980392157298e-01,0.000000000000000000e+00
9.946474751589210860e-04,9.411764705882352811e-01,7.843137254901960675e-02
9.946494751588645222e-04,9.411764705882352811e-01,7.843137254901960675e-02
9.946514751588079583e-04,9.019607843137255054e-01,-1.568627450980392135e-01
9.946534751587513944e-04,8.627450980392157298e-01,7.843137254901960675e-02
9.946554751586948306e-04,8.627450980392157298e-01,-3.921568627450980338e-02
9.946574751586382667e-04,9.411764705882352811e-01,0.000000000000000000e+00
9.946594751585817028e-04,8.235294117647058432e-01,7.843137254901960675e-02
9.946614751585251390e-04,9.019607843137255054e-01,-1.960784313725490169e-01
9.946634751584685751e-04,8.627450980392157298e-01,1.568627450980392135e-01
9.946654751584120113e-04,9.411764705882352811e-01,-3.921568627450980338e-02
9.946674751583554474e-04,8.627450980392157298e-01,-3.921568627450980338e-02
9.946694751582988835e-04,9.019607843137255054e-01,7.843137254901960675e-02
9.946714751582423197e-04,9.411764705882352811e-01,-7.843137254901960675e-02
9.946734751581857558e-04,9.411764705882352811e-01,1.176470588235294101e-01
9.946754751581291919e-04,8.627450980392157298e-01,0.000000000000000000e+00
9.946774751580726281e-04,9.411764705882352811e-01,0.000000000000000000e+00
9.946794751580160642e-04,9.019607843137255054e-01,1.176470588235294101e-01
9.946814751579595004e-04,9.411764705882352811e-01,-7.843137254901960675e-02
9.946834751579029365e-04,8.235294117647058432e-01,7.843137254901960675e-02
9.946854751578463726e-04,9.019607843137255054e-01,-7.843137254901960675e-02
9.946874751577898088e-04,9.019607843137255054e-01,3.921568627450980338e-02
9.946894751577332449e-04,9.411764705882352811e-01,7.843137254901960675e-02
9.946914751576766810e-04,8.627450980392157298e-01,-1.568627450980392135e-01
9.946934751576201172e-04,9.019607843137255054e-01,1.176470588235294101e-01
9.946954751575635533e-04,9.019607843137255054e-01,-3.921568627450980338e-02
9.946974751575069894e-04,9.411764705882352811e-01,-3.921568627450980338e-02
9.946994751574504256e-04,8.627450980392157298e-01,1.176470588235294101e-01
9.947014751573938617e-04,8.627450980392157298e-01,-1.960784313725490169e-01
9.947034751573372979e-04,8.627450980392157298e-01,1.568627450980392135e-01
9.947054751572807340e-04,9.411764705882352811e-01,-7.843137254901960675e-02
9.947074751572241701e-04,8.235294117647058432e-01,-3.921568627450980338e-02
9.947094751571676063e-04,8.627450980392157298e-01,7.843137254901960675e-02
9.947114751571110424e-04,9.019607843137255054e-01,-1.568627450980392135e-01
9.947134751570544785e-04,9.411764705882352811e-01,7.843137254901960675e-02
9.947154751569979147e-04,8.627450980392157298e-01,-3.921568627450980338e-02
9.947174751569413508e-04,8.627450980392157298e-01,0.000000000000000000e+00
9.947194751568847870e-04,8.627450980392157298e-01,7.843137254901960675e-02
9.947214751568282231e-04,9.411764705882352811e-01,-7.843137254901960675e-02
9.947234751567716592e-04,8.627450980392157298e-01,7.843137254901960675e-02
9.947254751567150954e-04,9.019607843137255054e-01,0.000000000000000000e+00
9.947274751566585315e-04,9.019607843137255054e-01,3.921568627450980338e-02
9.947294751566019676e-04,9.411764705882352811e-01,3.921568627450980338e-02
9.947314751565454038e-04,8.627450980392157298e-01,-7.843137254901960675e-02
9.947334751564888399e-04,9.019607843137255054e-01,1.568627450980392135e-01
9.947354751564322761e-04,9.019607843137255054e-01,-3.921568627450980338e-02
9.947374751563757122e-04,9.411764705882352811e-01,-3.921568627450980338e-02
9.947394751563191483e-04,8.627450980392157298e-01,7.843137254901960675e-02
9.947414751562625845e-04,8.627450980392157298e-01,-1.568627450980392135e-01
9.947434751562060206e-04,9.411764705882352811e-01,1.568627450980392135e-01
9.947454751561494567e-04,9.411764705882352811e-01,0.000000000000000000e+00
9.947474751560928929e-04,8.627450980392157298e-01,-3.921568627450980338e-02
9.947494751560363290e-04,8.235294117647058432e-01,7.843137254901960675e-02
9.947514751559797651e-04,9.019607843137255054e-01,-1.568627450980392135e-01
9.947534751559232013e-04,9.019607843137255054e-01,7.843137254901960675e-02
9.947554751558666374e-04,8.627450980392157298e-01,0.000000000000000000e+00
9.947574751558100736e-04,9.019607843137255054e-01,0.000000000000000000e+00
9.947594751557535097e-04,9.019607843137255054e-01,1.176470588235294101e-01
9.947614751556969458e-04,9.411764705882352811e-01,-7.843137254901960675e-02
9.947634751556403820e-04,8.627450980392157298e-01,7.843137254901960675e-02
9.947654751555838181e-04,8.627450980392157298e-01,0.000000000000000000e+00
9.947674751555272542e-04,9.019607843137255054e-01,3.921568627450980338e-02
9.947694751554706904e-04,9.411764705882352811e-01,7.843137254901960675e-02
9.947714751554141265e-04,8.627450980392157298e-01,-7.843137254901960675e-02
9.947734751553575627e-04,8.627450980392157298e-01,7.843137254901960675e-02
9.947754751553009988e-04,9.019607843137255054e-01,0.000000000000000000e+00
9.947774751552444349e-04,9.411764705882352811e-01,-3.921568627450980338e-02
9.947794751551878711e-04,8.235294117647058432e-01,1.176470588235294101e-01
9.947814751551313072e-04,9.019607843137255054e-01,-1.960784313725490169e-01
9.947834751550747433e-04,9.019607843137255054e-01,1.568627450980392135e-01
9.947854751550181795e-04,9.411764705882352811e-01,0.000000000000000000e+00
9.947874751549616156e-04,8.627450980392157298e-01,0.000000000000000000e+00
9.947894751549050518e-04,8.627450980392157298e-01,7.843137254901960675e-02
9.947914751548484879e-04,9.411764705882352811e-01,-7.843137254901960675e-02
9.947934751547919240e-04,9.411764705882352811e-01,1.176470588235294101e-01
9.947954751547353602e-04,8.627450980392157298e-01,0.000000000000000000e+00
9.947974751546787963e-04,8.627450980392157298e-01,0.000000000000000000e+00
9.947994751546222324e-04,9.019607843137255054e-01,1.176470588235294101e-01
9.948014751545656686e-04,9.411764705882352811e-01,-7.843137254901960675e-02
9.948034751545091047e-04,8.627450980392157298e-01,7.843137254901960675e-02
9.948054751544525409e-04,9.019607843137255054e-01,0.000000000000000000e+00
9.948074751543959770e-04,9.019607843137255054e-01,3.921568627450980338e-02
9.948094751543394131e-04,9.411764705882352811e-01,7.843137254901960675e-02
9.948114751542828493e-04,8.627450980392157298e-01,-1.568627450980392135e-01
9.948134751542262854e-04,8.627450980392157298e-01,1.176470588235294101e-01
9.948154751541697215e-04,9.019607843137255054e-01,-3.921568627450980338e-02
9.948174751541131577e-04,9.803921568627450567e-01,-3.921568627450980338e-02
9.948194751540565938e-04,8.235294117647058432e-01,7.843137254901960675e-02
9.948214751540000299e-04,9.019607843137255054e-01,-1.568627450980392135e-01
9.948234751539434661e-04,8.627450980392157298e-01,1.176470588235294101e-01
9.948254751538869022e-04,9.411764705882352811e-01,0.000000000000000000e+00
9.948274751538303384e-04,8.627450980392157298e-01,-3.921568627450980338e-02
9.948294751537737745e-04,9.019607843137255054e-01,1.176470588235294101e-01
9.948314751537172106e-04,9.411764705882352811e-01,-7.843137254901960675e-02
9.948334751536606468e-04,9.411764705882352811e-01,7.843137254901960675e-02
9.948354751536040829e-04,8.627450980392157298e-01,-3.921568627450980338e-02
9.948374751535475190e-04,9.019607843137255054e-01,0.000000000000000000e+00
9.948394751534909552e-04,9.019607843137255054e-01,1.176470588235294101e-01
9.948414751534343913e-04,9.411764705882352811e-01,-1.568627450980392135e-01
9.948434751533778275e-04,8.627450980392157298e-01,7.843137254901960675e-02
9.948454751533212636e-04,9.019607843137255054e-01,0.000000000000000000e+00
9.948474751532646997e-04,9.411764705882352811e-01,3.921568627450980338e-02
9.948494751532081359e-04,9.411764705882352811e-01,7.843137254901960675e-02
9.948514751531515720e-04,8.627450980392157298e-01,-7.843137254901960675e-02
9.948534751530950081e-04,8.235294117647058432e-01,1.176470588235294101e-01
9.948554751530384443e-04,8.627450980392157298e-01,-3.921568627450980338e-02
9.948574751529818804e-04,9.411764705882352811e-01,0.000000000000000000e+00
9.948594751529253166e-04,8.627450980392157298e-01,7.843137254901960675e-02
9.948614751528687527e-04,9.019607843137255054e-01,-1.960784313725490169e-01
9.948634751528121888e-04,9.019607843137255054e-01,1.960784313725490446e-01
9.948654751527556250e-04,9.411764705882352811e-01,-7.843137254901960675e-02
9.948674751526990611e-04,8.627450980392157298e-01,0.000000000000000000e+00
9.948694751526424972e-04,9.019607843137255054e-01,1.176470588235294101e-01
9.948714751525859334e-04,9.019607843137255054e-01,-7.843137254901960675e-02
9.948734751525293695e-04,9.411764705882352811e-01,1.176470588235294101e-01
9.948754751524728056e-04,8.627450980392157298e-01,0.000000000000000000e+00
9.948774751524162418e-04,9.019607843137255054e-01,0.000000000000000000e+00
9.948794751523596779e-04,8.627450980392157298e-01,7.843137254901960675e-02
9.948814751523031141e-04,9.411764705882352811e-01,-7.843137254901960675e-02
9.948834751522465502e-04,8.235294117647058432e-01,7.843137254901960675e-02
9.948854751521899863e-04,9.019607843137255054e-01,0.000000000000000000e+00
9.948874751521334225e-04,9.019607843137255054e-01,7.843137254901960675e-02
9.948894751520768586e-04,9.019607843137255054e-01,7.843137254901960675e-02
9.948914751520202947e-04,8.627450980392157298e-01,-7.843137254901960675e-02
9.948934751519637309e-04,8.627450980392157298e-01,1.176470588235294101e-01
9.948954751519071670e-04,9.019607843137255054e-01,-3.921568627450980338e-02
9.948974751518506032e-04,9.411764705882352811e-01,0.000000000000000000e+00
9.948994751517940393e-04,8.627450980392157298e-01,7.843137254901960675e-02
9.949014751517374754e-04,9.411764705882352811e-01,-1.568627450980392135e-01
9.949034751516809116e-04,9.019607843137255054e-01,1.176470588235294101e-01
9.949054751516243477e-04,9.411764705882352811e-01,-3.921568627450980338e-02
9.949074751515677838e-04,8.627450980392157298e-01,-3.921568627450980338e-02
9.949094751515112200e-04,9.019607843137255054e-01,1.176470588235294101e-01
9.949114751514546561e-04,9.019607843137255054e-01,-1.568627450980392135e-01
9.949134751513980923e-04,9.411764705882352811e-01,1.176470588235294101e-01
9.949154751513415284e-04,8.235294117647058432e-01,-3.921568627450980338e-02
9.949174751512849645e-04,9.019607843137255054e-01,0.000000000000000000e+00
9.949194751512284007e-04,9.019607843137255054e-01,7.843137254901960675e-02
9.949214751511718368e-04,9.411764705882352811e-01,-7.843137254901960675e-02
9.949234751511152729e-04,8.235294117647058432e-01,7.843137254901960675e-02
9.949254751510587091e-04,8.235294117647058432e-01,0.000000000000000000e+00
9.949274751510021452e-04,9.019607843137255054e-01,7.843137254901960675e-02
9.949294751509455813e-04,9.019607843137255054e-01,7.843137254901960675e-02
9.949314751508890175e-04,8.627450980392157298e-01,-7.843137254901960675e-02
9.949334751508324536e-04,9.019607843137255054e-01,1.568627450980392135e-01
9.949354751507758898e-04,9.019607843137255054e-01,-7.843137254901960675e-02
9.949374751507193259e-04,9.019607843137255054e-01,-3.921568627450980338e-02
9.949394751506627620e-04,8.627450980392157298e-01,1.568627450980392135e-01
9.949414751506061982e-04,9.019607843137255054e-01,-1.960784313725490169e-01
9.949434751505496343e-04,9.019607843137255054e-01,1.568627450980392135e-01
9.949454751504930704e-04,9.411764705882352811e-01,-7.843137254901960675e-02
9.949474751504365066e-04,8.627450980392157298e-01,-3.921568627450980338e-02
9.949494751503799427e-04,8.627450980392157298e-01,1.176470588235294101e-01
9.949514751503233789e-04,9.019607843137255054e-01,-1.568627450980392135e-01
9.949534751502668150e-04,9.411764705882352811e-01,7.843137254901960675e-02
9.949554751502102511e-04,8.627450980392157298e-01,0.000000000000000000e+00
9.949574751501536873e-04,9.019607843137255054e-01,0.000000000000000000e+00
9.949594751500971234e-04,9.019607843137255054e-01,7.843137254901960675e-02
9.949614751500405595e-04,9.411764705882352811e-01,-7.843137254901960675e-02
9.949634751499839957e-04,8.235294117647058432e-01,7.843137254901960675e-02
9.949654751499274318e-04,8.627450980392157298e-01,0.000000000000000000e+00
9.949674751498708680e-04,9.019607843137255054e-01,7.843137254901960675e-02
9.949694751498143041e-04,9.411764705882352811e-01,7.843137254901960675e-02
9.949714751497577402e-04,8.627450980392157298e-01,-1.568627450980392135e-01
9.949734751497011764e-04,9.019607843137255054e-01,1.176470588235294101e-01
9.949754751496446125e-04,9.019607843137255054e-01,-3.921568627450980338e-02
9.949774751495880486e-04,9.411764705882352811e-01,-3.921568627450980338e-02
9.949794751495314848e-04,8.627450980392157298e-01,1.176470588235294101e-01
9.949814751494749209e-04,9.411764705882352811e-01,-1.960784313725490169e-01
9.949834751494183571e-04,8.627450980392157298e-01,1.960784313725490446e-01
9.949854751493617932e-04,9.411764705882352811e-01,-7.843137254901960675e-02
9.949874751493052293e-04,8.627450980392157298e-01,-3.921568627450980338e-02
9.949894751492486655e-04,8.627450980392157298e-01,7.843137254901960675e-02
9.949914751491921016e-04,9.019607843137255054e-01,-1.568627450980392135e-01
9.949934751491355377e-04,9.019607843137255054e-01,7.843137254901960675e-02
9.949954751490789739e-04,8.627450980392157298e-01,0.000000000000000000e+00
9.949974751490224100e-04,8.627450980392157298e-01,3.921568627450980338e-02
9.949994751489658461e-04,9.019607843137255054e-01,7.843137254901960675e-02
9.950014751489092823e-04,9.411764705882352811e-01,-7.843137254901960675e-02
9.950034751488527184e-04,8.627450980392157298e-01,7.843137254901960675e-02
9.950054751487961546e-04,9.019607843137255054e-01,0.000000000000000000e+00
9.950074751487395907e-04,9.411764705882352811e-01,3.921568627450980338e-02
9.950094751486830268e-04,9.019607843137255054e-01,3.921568627450980338e-02
9.950114751486264630e-04,8.627450980392157298e-01,-1.568627450980392135e-01
9.950134751485698991e-04,9.019607843137255054e-01,1.176470588235294101e-01
9.950154751485133352e-04,9.019607843137255054e-01,-3.921568627450980338e-02
9.950174751484567714e-04,9.019607843137255054e-01,0.000000000000000000e+00
9.950194751484002075e-04,8.627450980392157298e-01,7.843137254901960675e-02
9.950214751483436437e-04,9.019607843137255054e-01,-1.960784313725490169e-01
9.950234751482870798e-04,8.627450980392157298e-01,1.568627450980392135e-01
9.950254751482305159e-04,9.411764705882352811e-01,-3.921568627450980338e-02
9.950274751481739521e-04,8.627450980392157298e-01,-3.921568627450980338e-02
9.950294751481173882e-04,9.019607843137255054e-01,7.843137254901960675e-02
9.950314751480608243e-04,9.411764705882352811e-01,-7.843137254901960675e-02
9.950334751480042605e-04,9.411764705882352811e-01,7.843137254901960675e-02
9.950354751479476966e-04,8.627450980392157298e-01,0.000000000000000000e+00
9.950374751478911328e-04,9.019607843137255054e-01,3.921568627450980338e-02
9.950394751478345689e-04,9.019607843137255054e-01,1.176470588235294101e-01
9.950414751477780050e-04,9.411764705882352811e-01,-7.843137254901960675e-02
9.950434751477214412e-04,8.235294117647058432e-01,1.176470588235294101e-01
9.950454751476648773e-04,8.627450980392157298e-01,0.000000000000000000e+00
9.950474751476083134e-04,9.019607843137255054e-01,7.843137254901960675e-02
9.950494751475517496e-04,9.019607843137255054e-01,7.843137254901960675e-02
9.950514751474951857e-04,8.235294117647058432e-01,-7.843137254901960675e-02
9.950534751474386218e-04,8.627450980392157298e-01,1.176470588235294101e-01
9.950554751473820580e-04,9.019607843137255054e-01,0.000000000000000000e+00
9.950574751473254941e-04,9.411764705882352811e-01,-3.921568627450980338e-02
9.950594751472689303e-04,8.235294117647058432e-01,1.568627450980392135e-01
9.950614751472123664e-04,9.019607843137255054e-01,-1.960784313725490169e-01
9.950634751471558025e-04,9.019607843137255054e-01,1.568627450980392135e-01
9.950654751470992387e-04,9.411764705882352811e-01,-3.921568627450980338e-02
9.950674751470426748e-04,8.627450980392157298e-01,-3.921568627450980338e-02
9.950694751469861109e-04,8.627450980392157298e-01,3.921568627450980338e-02
9.950714751469295471e-04,9.019607843137255054e-01,-7.843137254901960675e-02
9.950734751468729832e-04,9.411764705882352811e-01,7.843137254901960675e-02
9.950754751468164194e-04,8.627450980392157298e-01,0.000000000000000000e+00
9.950774751467598555e-04,8.627450980392157298e-01,0.000000000000000000e+00
9.950794751467032916e-04,8.627450980392157298e-01,1.176470588235294101e-01
9.950814751466467278e-04,9.411764705882352811e-01,-7.843137254901960675e-02
9.950834751465901639e-04,8.235294117647058432e-01,7.843137254901960675e-02
9.950854751465336000e-04,8.627450980392157298e-01,-3.921568627450980338e-02
9.950874751464770362e-04,9.019607843137255054e-01,7.843137254901960675e-02
9.950894751464204723e-04,9.019607843137255054e-01,3.921568627450980338e-02
9.950914751463639085e-04,8.627450980392157298e-01,-1.568627450980392135e-01
9.950934751463073446e-04,8.235294117647058432e-01,1.568627450980392135e-01
9.950954751462507807e-04,9.019607843137255054e-01,-3.921568627450980338e-02
9.950974751461942169e-04,9.411764705882352811e-01,0.000000000000000000e+00
9.950994751461376530e-04,8.627450980392157298e-01,7.843137254901960675e-02
9.951014751460810891e-04,9.019607843137255054e-01,-1.960784313725490169e-01
9.951034751460245253e-04,9.019607843137255054e-01,1.568627450980392135e-01
9.951054751459679614e-04,9.411764705882352811e-01,-3.921568627450980338e-02
9.951074751459113975e-04,9.019607843137255054e-01,-3.921568627450980338e-02
9.951094751458548337e-04,8.627450980392157298e-01,7.843137254901960675e-02
9.951114751457982698e-04,9.411764705882352811e-01,-1.568627450980392135e-01
9.951134751457417060e-04,9.411764705882352811e-01,7.843137254901960675e-02
9.951154751456851421e-04,8.627450980392157298e-01,0.000000000000000000e+00
9.951174751456285782e-04,8.627450980392157298e-01,0.000000000000000000e+00
9.951194751455720144e-04,9.019607843137255054e-01,1.176470588235294101e-01
9.951214751455154505e-04,9.411764705882352811e-01,-1.568627450980392135e-01
9.951234751454588866e-04,8.627450980392157298e-01,7.843137254901960675e-02
9.951254751454023228e-04,9.019607843137255054e-01,-1.568627450980392135e-01
9.951274751453457589e-04,9.019607843137255054e-01,7.843137254901960675e-02
9.951294751452891951e-04,9.411764705882352811e-01,7.843137254901960675e-02
9.951314751452326312e-04,8.627450980392157298e-01,-7.843137254901960675e-02
9.951334751451760673e-04,9.019607843137255054e-01,7.843137254901960675e-02
9.951354751451195035e-04,9.411764705882352811e-01,-3.921568627450980338e-02
9.951374751450629396e-04,9.411764705882352811e-01,-3.921568627450980338e-02
9.951394751450063757e-04,8.235294117647058432e-01,1.568627450980392135e-01
9.951414751449498119e-04,8.235294117647058432e-01,-1.960784313725490169e-01
9.951434751448932480e-04,9.019607843137255054e-01,1.568627450980392135e-01
9.951454751448366842e-04,9.411764705882352811e-01,0.000000000000000000e+00
9.951474751447801203e-04,8.235294117647058432e-01,-3.921568627450980338e-02
9.951494751447235564e-04,9.019607843137255054e-01,7.843137254901960675e-02
9.951514751446669926e-04,9.019607843137255054e-01,-1.568627450980392135e-01
9.951534751446104287e-04,9.411764705882352811e-01,1.176470588235294101e-01
9.951554751445538648e-04,8.235294117647058432e-01,0.000000000000000000e+00
9.951574751444973010e-04,8.627450980392157298e-01,0.000000000000000000e+00
9.951594751444407371e-04,9.019607843137255054e-01,1.176470588235294101e-01
9.951614751443841732e-04,9.411764705882352811e-01,-7.843137254901960675e-02
9.951634751443276094e-04,8.235294117647058432e-01,7.843137254901960675e-02
9.951654751442710455e-04,8.627450980392157298e-01,0.000000000000000000e+00
9.951674751442144817e-04,9.411764705882352811e-01,7.843137254901960675e-02
9.951694751441579178e-04,9.411764705882352811e-01,1.176470588235294101e-01
9.951714751441013539e-04,8.627450980392157298e-01,-7.843137254901960675e-02
9.951734751440447901e-04,8.627450980392157298e-01,1.176470588235294101e-01
9.951754751439882262e-04,9.019607843137255054e-01,-3.921568627450980338e-02
9.951774751439316623e-04,9.411764705882352811e-01,-7.843137254901960675e-02
9.951794751438750985e-04,8.235294117647058432e-01,1.568627450980392135e-01
9.951814751438185346e-04,9.019607843137255054e-01,-1.568627450980392135e-01
9.951834751437619708e-04,9.019607843137255054e-01,1.568627450980392135e-01
9.951854751437054069e-04,9.411764705882352811e-01,0.000000000000000000e+00
9.951874751436488430e-04,8.627450980392157298e-01,0.000000000000000000e+00
9.951894751435922792e-04,8.627450980392157298e-01,7.843137254901960675e-02
9.951914751435357153e-04,9.019607843137255054e-01,-1.568627450980392135e-01
9.951934751434791514e-04,9.411764705882352811e-01,7.843137254901960675e-02
9.951954751434225876e-04,9.019607843137255054e-01,0.000000000000000000e+00
9.951974751433660237e-04,9.019607843137255054e-01,0.000000000000000000e+00
9.951994751433094599e-04,9.411764705882352811e-01,1.176470588235294101e-01
9.952014751432528960e-04,9.411764705882352811e-01,-7.843137254901960675e-02
9.952034751431963321e-04,8.235294117647058432e-01,7.843137254901960675e-02
9.952054751431397683e-04,9.019607843137255054e-01,0.000000000000000000e+00
9.952074751430832044e-04,9.019607843137255054e-01,3.921568627450980338e-02
9.952094751430266405e-04,9.411764705882352811e-01,7.843137254901960675e-02
9.952114751429700767e-04,8.627450980392157298e-01,-7.843137254901960675e-02
9.952134751429135128e-04,9.019607843137255054e-01,1.176470588235294101e-01
9.952154751428569490e-04,9.019607843137255054e-01,0.000000000000000000e+00
9.952174751428003851e-04,9.411764705882352811e-01,0.000000000000000000e+00
9.952194751427438212e-04,8.627450980392157298e-01,1.176470588235294101e-01
9.952214751426872574e-04,9.019607843137255054e-01,-1.960784313725490169e-01
9.952234751426306935e-04,9.019607843137255054e-01,1.568627450980392135e-01
9.952254751425741296e-04,9.411764705882352811e-01,0.000000000000000000e+00
9.952274751425175658e-04,8.627450980392157298e-01,-3.921568627450980338e-02
9.952294751424610019e-04,9.019607843137255054e-01,1.176470588235294101e-01
9.952314751424044380e-04,9.019607843137255054e-01,-1.568627450980392135e-01
9.952334751423478742e-04,9.411764705882352811e-01,7.843137254901960675e-02
9.952354751422913103e-04,8.235294117647058432e-01,0.000000000000000000e+00
9.952374751422347465e-04,9.019607843137255054e-01,0.000000000000000000e+00
9.952394751421781826e-04,8.627450980392157298e-01,1.176470588235294101e-01
9.952414751421216187e-04,9.803921568627450567e-01,-7.843137254901960675e-02
9.952434751420650549e-04,8.627450980392157298e-01,7.843137254901960675e-02
9.952454751420084910e-04,9.019607843137255054e-01,0.000000000000000000e+00
9.952474751419519271e-04,9.019607843137255054e-01,3.921568627450980338e-02
9.952494751418953633e-04,9.411764705882352811e-01,3.921568627450980338e-02
9.952514751418387994e-04,9.019607843137255054e-01,-7.843137254901960675e-02
9.952534751417822356e-04,9.019607843137255054e-01,1.176470588235294101e-01
9.952554751417256717e-04,9.019607843137255054e-01,0.000000000000000000e+00
9.952574751416691078e-04,9.411764705882352811e-01,0.000000000000000000e+00
9.952594751416125440e-04,8.627450980392157298e-01,1.176470588235294101e-01
9.952614751415559801e-04,9.019607843137255054e-01,-1.960784313725490169e-01
9.952634751414994162e-04,9.019607843137255054e-01,1.568627450980392135e-01
9.952654751414428524e-04,9.411764705882352811e-01,-7.843137254901960675e-02
9.952674751413862885e-04,9.019607843137255054e-01,0.000000000000000000e+00
9.952694751413297247e-04,8.627450980392157298e-01,7.843137254901960675e-02
9.952714751412731608e-04,9.019607843137255054e-01,-1.568627450980392135e-01
9.952734751412165969e-04,9.411764705882352811e-01,1.176470588235294101e-01
9.952754751411600331e-04,8.235294117647058432e-01,0.000000000000000000e+00
9.952774751411034692e-04,9.019607843137255054e-01,0.000000000000000000e+00
9.952794751410469053e-04,9.019607843137255054e-01,1.568627450980392135e-01
9.952814751409903415e-04,9.411764705882352811e-01,-7.843137254901960675e-02
9.952834751409337776e-04,8.627450980392157298e-01,1.176470588235294101e-01
9.952854751408772137e-04,9.019607843137255054e-01,0.000000000000000000e+00
9.952874751408206499e-04,9.019607843137255054e-01,3.921568627450980338e-02
9.952894751407640860e-04,9.411764705882352811e-01,3.921568627450980338e-02
9.952914751407075222e-04,8.627450980392157298e-01,-7.843137254901960675e-02
9.952934751406509583e-04,9.019607843137255054e-01,7.843137254901960675e-02
9.952954751405943944e-04,8.627450980392157298e-01,0.000000000000000000e+00
9.952974751405378306e-04,9.411764705882352811e-01,-3.921568627450980338e-02
9.952994751404812667e-04,8.235294117647058432e-01,7.843137254901960675e-02
9.953014751404247028e-04,9.019607843137255054e-01,-1.960784313725490169e-01
9.953034751403681390e-04,9.019607843137255054e-01,1.568627450980392135e-01
9.953054751403115751e-04,9.411764705882352811e-01,0.000000000000000000e+00
9.953074751402550113e-04,8.627450980392157298e-01,0.000000000000000000e+00
9.953094751401984474e-04,8.627450980392157298e-01,7.843137254901960675e-02
9.953114751401418835e-04,9.019607843137255054e-01,-1.568627450980392135e-01
9.953134751400853197e-04,9.411764705882352811e-01,7.843137254901960675e-02
9.953154751400287558e-04,8.235294117647058432e-01,0.000000000000000000e+00
9.953174751399721919e-04,9.019607843137255054e-01,0.000000000000000000e+00
9.953194751399156281e-04,9.019607843137255054e-01,1.176470588235294101e-01
9.953214751398590642e-04,9.411764705882352811e-01,-1.568627450980392135e-01
9.953234751398025004e-04,8.627450980392157298e-01,7.843137254901960675e-02
9.953254751397459365e-04,8.627450980392157298e-01,0.000000000000000000e+00
9.953274751396893726e-04,9.019607843137255054e-01,3.921568627450980338e-02
9.953294751396328088e-04,9.019607843137255054e-01,7.843137254901960675e-02
9.953314751395762449e-04,8.627450980392157298e-01,-7.843137254901960675e-02
9.953334751395196810e-04,8.235294117647058432e-01,7.843137254901960675e-02
9.953354751394631172e-04,8.627450980392157298e-01,-3.921568627450980338e-02
9.953374751394065533e-04,9.411764705882352811e-01,-7.843137254901960675e-02
9.953394751393499894e-04,8.627450980392157298e-01,7.843137254901960675e-02
9.953414751392934256e-04,9.019607843137255054e-01,-1.960784313725490169e-01
9.953434751392368617e-04,8.627450980392157298e-01,1.176470588235294101e-01
9.953454751391802979e-04,9.411764705882352811e-01,0.000000000000000000e+00
9.953474751391237340e-04,8.627450980392157298e-01,-3.921568627450980338e-02
9.953494751390671701e-04,8.235294117647058432e-01,1.176470588235294101e-01
9.953514751390106063e-04,9.019607843137255054e-01,-1.568627450980392135e-01
9.953534751389540424e-04,9.411764705882352811e-01,1.176470588235294101e-01
9.953554751388974785e-04,8.627450980392157298e-01,0.000000000000000000e+00
9.953574751388409147e-04,8.235294117647058432e-01,0.000000000000000000e+00
9.953594751387843508e-04,8.627450980392157298e-01,1.176470588235294101e-01
9.953614751387277870e-04,9.411764705882352811e-01,-7.843137254901960675e-02
9.953634751386712231e-04,8.627450980392157298e-01,7.843137254901960675e-02
9.953654751386146592e-04,8.627450980392157298e-01,0.000000000000000000e+00
9.953674751385580954e-04,9.019607843137255054e-01,3.921568627450980338e-02
9.953694751385015315e-04,9.411764705882352811e-01,7.843137254901960675e-02
9.953714751384449676e-04,8.627450980392157298e-01,-7.843137254901960675e-02
9.953734751383884038e-04,9.019607843137255054e-01,1.568627450980392135e-01
9.953754751383318399e-04,9.019607843137255054e-01,-3.921568627450980338e-02
9.953774751382752761e-04,9.411764705882352811e-01,-3.921568627450980338e-02
9.953794751382187122e-04,8.235294117647058432e-01,7.843137254901960675e-02
9.953814751381621483e-04,9.019607843137255054e-01,-1.960784313725490169e-01
9.953834751381055845e-04,9.019607843137255054e-01,1.568627450980392135e-01
9.953854751380490206e-04,9.411764705882352811e-01,-3.921568627450980338e-02
9.953874751379924567e-04,8.627450980392157298e-01,-3.921568627450980338e-02
9.953894751379358929e-04,8.235294117647058432e-01,7.843137254901960675e-02
9.953914751378793290e-04,9.411764705882352811e-01,-7.843137254901960675e-02
9.953934751378227652e-04,9.411764705882352811e-01,1.568627450980392135e-01
9.953954751377662013e-04,8.627450980392157298e-01,0.000000000000000000e+00
9.953974751377096374e-04,9.411764705882352811e-01,0.000000000000000000e+00
9.953994751376530736e-04,8.627450980392157298e-01,1.176470588235294101e-01
9.954014751375965097e-04,9.411764705882352811e-01,-7.843137254901960675e-02
9.954034751375399458e-04,8.627450980392157298e-01,7.843137254901960675e-02
9.954054751374833820e-04,9.019607843137255054e-01,-1.568627450980392135e-01
9.954074751374268181e-04,9.019607843137255054e-01,3.921568627450980338e-02
9.954094751373702542e-04,9.411764705882352811e-01,7.843137254901960675e-02
9.954114751373136904e-04,9.019607843137255054e-01,-7.843137254901960675e-02
9.954134751372571265e-04,8.627450980392157298e-01,1.176470588235294101e-01
9.954154751372005627e-04,9.019607843137255054e-01,-3.921568627450980338e-02
9.954174751371439988e-04,9.411764705882352811e-01,0.000000000000000000e+00
9.954194751370874349e-04,8.627450980392157298e-01,1.176470588235294101e-01
9.954214751370308711e-04,9.019607843137255054e-01,-1.960784313725490169e-01
9.954234751369743072e-04,9.019607843137255054e-01,1.568627450980392135e-01
9.954254751369177433e-04,9.411764705882352811e-01,-3.921568627450980338e-02
9.954274751368611795e-04,8.627450980392157298e-01,-3.921568627450980338e-02
9.954294751368046156e-04,9.019607843137255054e-01,7.843137254901960675e-02
9.954314751367480518e-04,9.411764705882352811e-01,-1.568627450980392135e-01
9.954334751366914879e-04,9.019607843137255054e-01,1.176470588235294101e-01
9.954354751366349240e-04,8.235294117647058432e-01,0.000000000000000000e+00
9.954374751365783602e-04,9.019607843137255054e-01,0.000000000000000000e+00
9.954394751365217963e-04,8.627450980392157298e-01,1.176470588235294101e-01
9.954414751364652324e-04,9.411764705882352811e-01,-1.568627450980392135e-01
9.954434751364086686e-04,8.627450980392157298e-01,7.843137254901960675e-02
9.954454751363521047e-04,9.019607843137255054e-01,0.000000000000000000e+00
9.954474751362955409e-04,9.019607843137255054e-01,3.921568627450980338e-02
9.954494751362389770e-04,9.411764705882352811e-01,7.843137254901960675e-02
9.954514751361824131e-04,8.627450980392157298e-01,-7.843137254901960675e-02
9.954534751361258493e-04,8.627450980392157298e-01,1.568627450980392135e-01
9.954554751360692854e-04,8.627450980392157298e-01,-3.921568627450980338e-02
9.954574751360127215e-04,9.411764705882352811e-01,-3.921568627450980338e-02
9.954594751359561577e-04,8.235294117647058432e-01,1.568627450980392135e-01
9.954614751358995938e-04,9.019607843137255054e-01,-1.568627450980392135e-01
9.954634751358430299e-04,9.019607843137255054e-01,1.568627450980392135e-01
9.954654751357864661e-04,9.411764705882352811e-01,-3.921568627450980338e-02
9.954674751357299022e-04,8.235294117647058432e-01,-3.921568627450980338e-02
9.954694751356733384e-04,8.235294117647058432e-01,7.843137254901960675e-02
9.954714751356167745e-04,9.019607843137255054e-01,-1.568627450980392135e-01
9.954734751355602106e-04,9.411764705882352811e-01,7.843137254901960675e-02
9.954754751355036468e-04,8.235294117647058432e-01,0.000000000000000000e+00
9.954774751354470829e-04,9.411764705882352811e-01,0.000000000000000000e+00
9.954794751353905190e-04,9.019607843137255054e-01,1.176470588235294101e-01
9.954814751353339552e-04,9.411764705882352811e-01,-1.568627450980392135e-01
9.954834751352773913e-04,8.235294117647058432e-01,7.843137254901960675e-02
9.954854751352208275e-04,9.019607843137255054e-01,0.000000000000000000e+00
9.954874751351642636e-04,9.019607843137255054e-01,7.843137254901960675e-02
9.954894751351076997e-04,9.411764705882352811e-01,7.843137254901960675e-02
9.954914751350511359e-04,8.627450980392157298e-01,-7.843137254901960675e-02
9.954934751349945720e-04,9.019607843137255054e-01,1.176470588235294101e-01
9.954954751349380081e-04,9.019607843137255054e-01,-7.843137254901960675e-02
9.954974751348814443e-04,9.411764705882352811e-01,-7.843137254901960675e-02
9.954994751348248804e-04,8.235294117647058432e-01,7.843137254901960675e-02
9.955014751347683166e-04,9.019607843137255054e-01,-1.960784313725490169e-01
9.955034751347117527e-04,9.019607843137255054e-01,1.176470588235294101e-01
9.955054751346551888e-04,9.411764705882352811e-01,0.000000000000000000e+00
9.955074751345986250e-04,8.627450980392157298e-01,0.000000000000000000e+00
9.955094751345420611e-04,8.235294117647058432e-01,7.843137254901960675e-02
9.955114751344854972e-04,9.411764705882352811e-01,-1.568627450980392135e-01
9.955134751344289334e-04,9.411764705882352811e-01,7.843137254901960675e-02
9.955154751343723695e-04,8.627450980392157298e-01,0.000000000000000000e+00
9.955174751343158056e-04,8.627450980392157298e-01,0.000000000000000000e+00
9.955194751342592418e-04,9.411764705882352811e-01,7.843137254901960675e-02
9.955214751342026779e-04,9.411764705882352811e-01,-1.568627450980392135e-01
9.955234751341461141e-04,8.627450980392157298e-01,7.843137254901960675e-02
9.955254751340895502e-04,8.627450980392157298e-01,0.000000000000000000e+00
9.955274751340329863e-04,9.019607843137255054e-01,7.843137254901960675e-02
9.955294751339764225e-04,9.411764705882352811e-01,7.843137254901960675e-02
9.955314751339198586e-04,8.627450980392157298e-01,-7.843137254901960675e-02
9.955334751338632947e-04,8.627450980392157298e-01,1.176470588235294101e-01
9.955354751338067309e-04,9.019607843137255054e-01,-3.921568627450980338e-02
9.955374751337501670e-04,9.411764705882352811e-01,0.000000000000000000e+00
9.955394751336936032e-04,8.235294117647058432e-01,1.176470588235294101e-01
9.955414751336370393e-04,9.019607843137255054e-01,-1.568627450980392135e-01
9.955434751335804754e-04,9.019607843137255054e-01,1.568627450980392135e-01
9.955454751335239116e-04,9.019607843137255054e-01,-3.921568627450980338e-02
9.955474751334673477e-04,8.235294117647058432e-01,0.000000000000000000e+00
9.955494751334107838e-04,8.627450980392157298e-01,1.176470588235294101e-01
9.955514751333542200e-04,9.019607843137255054e-01,-1.568627450980392135e-01
9.955534751332976561e-04,9.019607843137255054e-01,7.843137254901960675e-02
9.955554751332410923e-04,8.627450980392157298e-01,0.000000000000000000e+00
9.955574751331845284e-04,8.627450980392157298e-01,0.000000000000000000e+00
9.955594751331279645e-04,9.019607843137255054e-01,7.843137254901960675e-02
9.955614751330714007e-04,9.411764705882352811e-01,-1.568627450980392135e-01
9.955634751330148368e-04,8.235294117647058432e-01,7.843137254901960675e-02
9.955654751329582729e-04,9.019607843137255054e-01,0.000000000000000000e+00
9.955674751329017091e-04,8.627450980392157298e-01,7.843137254901960675e-02
9.955694751328451452e-04,9.019607843137255054e-01,7.843137254901960675e-02
9.955714751327885813e-04,8.627450980392157298e-01,-1.568627450980392135e-01
9.955734751327320175e-04,9.019607843137255054e-01,1.176470588235294101e-01
9.955754751326754536e-04,9.411764705882352811e-01,-3.921568627450980338e-02
9.955774751326188898e-04,9.411764705882352811e-01,-7.843137254901960675e-02
9.955794751325623259e-04,8.235294117647058432e-01,1.176470588235294101e-01
9.955814751325057620e-04,9.019607843137255054e-01,-1.568627450980392135e-01
9.955834751324491982e-04,8.627450980392157298e-01,1.176470588235294101e-01
9.955854751323926343e-04,9.411764705882352811e-01,-3.921568627450980338e-02
9.955874751323360704e-04,8.627450980392157298e-01,-7.843137254901960675e-02
9.955894751322795066e-04,8.627450980392157298e-01,7.843137254901960675e-02
9.955914751322229427e-04,9.019607843137255054e-01,-3.921568627450980338e-02
9.955934751321663789e-04,9.411764705882352811e-01,7.843137254901960675e-02
9.955954751321098150e-04,8.627450980392157298e-01,0.000000000000000000e+00
9.955974751320532511e-04,9.019607843137255054e-01,0.000000000000000000e+00
9.955994751319966873e-04,9.019607843137255054e-01,1.176470588235294101e-01
9.956014751319401234e-04,9.411764705882352811e-01,-7.843137254901960675e-02
9.956034751318835595e-04,8.235294117647058432e-01,3.921568627450980338e-02
9.956054751318269957e-04,8.235294117647058432e-01,0.000000000000000000e+00
9.956074751317704318e-04,9.019607843137255054e-01,3.921568627450980338e-02
9.956094751317138680e-04,9.411764705882352811e-01,3.921568627450980338e-02
9.956114751316573041e-04,8.627450980392157298e-01,-7.843137254901960675e-02
9.956134751316007402e-04,8.235294117647058432e-01,7.843137254901960675e-02
9.956154751315441764e-04,9.019607843137255054e-01,-3.921568627450980338e-02
9.956174751314876125e-04,9.411764705882352811e-01,-3.921568627450980338e-02
9.956194751314310486e-04,8.235294117647058432e-01,1.176470588235294101e-01
9.956214751313744848e-04,9.019607843137255054e-01,-1.960784313725490169e-01
9.956234751313179209e-04,9.019607843137255054e-01,1.568627450980392135e-01
9.956254751312613571e-04,9.411764705882352811e-01,-3.921568627450980338e-02
9.956274751312047932e-04,8.627450980392157298e-01,-3.921568627450980338e-02
9.956294751311482293e-04,8.627450980392157298e-01,7.843137254901960675e-02
9.956314751310916655e-04,9.019607843137255054e-01,-1.568627450980392135e-01
9.956334751310351016e-04,9.411764705882352811e-01,7.843137254901960675e-02
9.956354751309785377e-04,8.235294117647058432e-01,0.000000000000000000e+00
9.956374751309219739e-04,9.019607843137255054e-01,3.921568627450980338e-02
9.956394751308654100e-04,9.019607843137255054e-01,1.176470588235294101e-01
9.956414751308088461e-04,9.411764705882352811e-01,-7.843137254901960675e-02
9.956434751307522823e-04,8.627450980392157298e-01,7.843137254901960675e-02
9.956454751306957184e-04,8.627450980392157298e-01,3.921568627450980338e-02
9.956474751306391546e-04,9.411764705882352811e-01,3.921568627450980338e-02
9.956494751305825907e-04,9.411764705882352811e-01,3.921568627450980338e-02
9.956514751305260268e-04,9.019607843137255054e-01,-7.843137254901960675e-02
9.956534751304694630e-04,8.627450980392157298e-01,7.843137254901960675e-02
9.956554751304128991e-04,9.019607843137255054e-01,0.000000000000000000e+00
9.956574751303563352e-04,9.411764705882352811e-01,-3.921568627450980338e-02
9.956594751302997714e-04,8.235294117647058432e-01,7.843137254901960675e-02
9.956614751302432075e-04,9.019607843137255054e-01,-1.960784313725490169e-01
9.956634751301866437e-04,9.019607843137255054e-01,1.568627450980392135e-01
9.956654751301300798e-04,9.411764705882352811e-01,-3.921568627450980338e-02
9.956674751300735159e-04,9.019607843137255054e-01,-7.843137254901960675e-02
9.956694751300169521e-04,8.627450980392157298e-01,7.843137254901960675e-02
9.956714751299603882e-04,9.019607843137255054e-01,-1.568627450980392135e-01
9.956734751299038243e-04,9.411764705882352811e-01,7.843137254901960675e-02
9.956754751298472605e-04,8.627450980392157298e-01,0.000000000000000000e+00
9.956774751297906966e-04,8.627450980392157298e-01,3.921568627450980338e-02
9.956794751297341328e-04,9.019607843137255054e-01,1.176470588235294101e-01
9.956814751296775689e-04,9.411764705882352811e-01,-7.843137254901960675e-02
9.956834751296210050e-04,8.235294117647058432e-01,1.568627450980392135e-01
9.956854751295644412e-04,9.019607843137255054e-01,0.000000000000000000e+00
9.956874751295078773e-04,9.019607843137255054e-01,7.843137254901960675e-02
9.956894751294513134e-04,9.411764705882352811e-01,7.843137254901960675e-02
9.956914751293947496e-04,8.627450980392157298e-01,-7.843137254901960675e-02
9.956934751293381857e-04,8.627450980392157298e-01,7.843137254901960675e-02
9.956954751292816218e-04,9.019607843137255054e-01,0.000000000000000000e+00
9.956974751292250580e-04,9.803921568627450567e-01,-3.921568627450980338e-02
9.956994751291684941e-04,8.627450980392157298e-01,1.176470588235294101e-01
9.957014751291119303e-04,8.627450980392157298e-01,-1.960784313725490169e-01
9.957034751290553664e-04,9.019607843137255054e-01,1.568627450980392135e-01
9.957054751289988025e-04,9.411764705882352811e-01,-3.921568627450980338e-02
9.957074751289422387e-04,8.627450980392157298e-01,-3.921568627450980338e-02
9.957094751288856748e-04,8.627450980392157298e-01,7.843137254901960675e-02
9.957114751288291109e-04,9.019607843137255054e-01,-3.921568627450980338e-02
9.957134751287725471e-04,9.019607843137255054e-01,1.176470588235294101e-01
9.957154751287159832e-04,8.627450980392157298e-01,0.000000000000000000e+00
9.957174751286594194e-04,8.627450980392157298e-01,0.000000000000000000e+00
9.957194751286028555e-04,9.019607843137255054e-01,1.176470588235294101e-01
9.957214751285462916e-04,9.411764705882352811e-01,-7.843137254901960675e-02
9.957234751284897278e-04,8.235294117647058432e-01,7.843137254901960675e-02
9.957254751284331639e-04,8.627450980392157298e-01,0.000000000000000000e+00
9.957274751283766000e-04,9.019607843137255054e-01,7.843137254901960675e-02
9.957294751283200362e-04,9.411764705882352811e-01,1.176470588235294101e-01
9.957314751282634723e-04,8.627450980392157298e-01,-7.843137254901960675e-02
9.957334751282069085e-04,9.019607843137255054e-01,1.176470588235294101e-01
9.957354751281503446e-04,9.019607843137255054e-01,0.000000000000000000e+00
9.957374751280937807e-04,9.411764705882352811e-01,-7.843137254901960675e-02
9.957394751280372169e-04,8.627450980392157298e-01,7.843137254901960675e-02
9.957414751279806530e-04,9.019607843137255054e-01,-1.960784313725490169e-01
9.957434751279240891e-04,9.019607843137255054e-01,1.568627450980392135e-01
9.957454751278675253e-04,9.411764705882352811e-01,-3.921568627450980338e-02
9.957474751278109614e-04,8.627450980392157298e-01,-3.921568627450980338e-02
9.957494751277543975e-04,8.235294117647058432e-01,7.843137254901960675e-02
9.957514751276978337e-04,9.019607843137255054e-01,-1.568627450980392135e-01
9.957534751276412698e-04,9.019607843137255054e-01,1.176470588235294101e-01
9.957554751275847060e-04,8.235294117647058432e-01,0.000000000000000000e+00
9.957574751275281421e-04,8.627450980392157298e-01,0.000000000000000000e+00
9.957594751274715782e-04,9.019607843137255054e-01,1.176470588235294101e-01
9.957614751274150144e-04,9.411764705882352811e-01,-7.843137254901960675e-02
9.957634751273584505e-04,8.235294117647058432e-01,7.843137254901960675e-02
9.957654751273018866e-04,8.627450980392157298e-01,0.000000000000000000e+00
9.957674751272453228e-04,9.019607843137255054e-01,3.921568627450980338e-02
9.957694751271887589e-04,9.411764705882352811e-01,7.843137254901960675e-02
9.957714751271321951e-04,8.627450980392157298e-01,-1.568627450980392135e-01
9.957734751270756312e-04,8.627450980392157298e-01,1.176470588235294101e-01
9.957754751270190673e-04,9.019607843137255054e-01,0.000000000000000000e+00
9.957774751269625035e-04,9.019607843137255054e-01,-3.921568627450980338e-02
9.957794751269059396e-04,8.627450980392157298e-01,7.843137254901960675e-02
9.957814751268493757e-04,9.019607843137255054e-01,-1.960784313725490169e-01
9.957834751267928119e-04,8.627450980392157298e-01,1.568627450980392135e-01
9.957854751267362480e-04,9.411764705882352811e-01,0.000000000000000000e+00
9.957874751266796842e-04,8.627450980392157298e-01,-3.921568627450980338e-02
9.957894751266231203e-04,8.627450980392157298e-01,7.843137254901960675e-02
9.957914751265665564e-04,9.019607843137255054e-01,-1.568627450980392135e-01
9.957934751265099926e-04,9.411764705882352811e-01,1.176470588235294101e-01
9.957954751264534287e-04,9.019607843137255054e-01,0.000000000000000000e+00
9.957974751263968648e-04,9.411764705882352811e-01,0.000000000000000000e+00
9.957994751263403010e-04,9.019607843137255054e-01,1.176470588235294101e-01
9.958014751262837371e-04,9.411764705882352811e-01,-7.843137254901960675e-02
9.958034751262271733e-04,8.235294117647058432e-01,7.843137254901960675e-02
9.958054751261706094e-04,8.627450980392157298e-01,0.000000000000000000e+00
9.958074751261140455e-04,9.019607843137255054e-01,7.843137254901960675e-02
9.958094751260574817e-04,9.411764705882352811e-01,7.843137254901960675e-02
9.958114751260009178e-04,8.627450980392157298e-01,-7.843137254901960675e-02
9.958134751259443539e-04,8.627450980392157298e-01,1.176470588235294101e-01
9.958154751258877901e-04,9.019607843137255054e-01,0.000000000000000000e+00
9.958174751258312262e-04,9.411764705882352811e-01,-3.921568627450980338e-02
9.958194751257746623e-04,8.627450980392157298e-01,7.843137254901960675e-02
9.958214751257180985e-04,8.627450980392157298e-01,-1.960784313725490169e-01
9.958234751256615346e-04,8.627450980392157298e-01,1.568627450980392135e-01
9.958254751256049708e-04,9.411764705882352811e-01,-3.921568627450980338e-02
9.958274751255484069e-04,8.627450980392157298e-01,-3.921568627450980338e-02
9.958294751254918430e-04,8.627450980392157298e-01,3.921568627450980338e-02
9.958314751254352792e-04,9.411764705882352811e-01,-1.568627450980392135e-01
9.958334751253787153e-04,9.019607843137255054e-01,1.176470588235294101e-01
9.958354751253221514e-04,8.627450980392157298e-01,0.000000000000000000e+00
9.958374751252655876e-04,8.627450980392157298e-01,0.000000000000000000e+00
9.958394751252090237e-04,8.627450980392157298e-01,1.176470588235294101e-01
9.958414751251524599e-04,9.411764705882352811e-01,-7.843137254901960675e-02
9.958434751250958960e-04,8.627450980392157298e-01,7.843137254901960675e-02
9.958454751250393321e-04,8.627450980392157298e-01,-7.843137254901960675e-02
9.958474751249827683e-04,9.019607843137255054e-01,7.843137254901960675e-02
9.958494751249262044e-04,9.411764705882352811e-01,3.921568627450980338e-02
9.958514751248696405e-04,8.235294117647058432e-01,-7.843137254901960675e-02
9.958534751248130767e-04,8.627450980392157298e-01,1.176470588235294101e-01
9.958554751247565128e-04,8.627450980392157298e-01,-3.921568627450980338e-02
9.958574751246999490e-04,9.411764705882352811e-01,0.000000000000000000e+00
9.958594751246433851e-04,8.235294117647058432e-01,1.176470588235294101e-01
9.958614751245868212e-04,9.019607843137255054e-01,-1.960784313725490169e-01
9.958634751245302574e-04,9.019607843137255054e-01,1.568627450980392135e-01
9.958654751244736935e-04,9.411764705882352811e-01,-3.921568627450980338e-02
9.958674751244171296e-04,8.627450980392157298e-01,-7.843137254901960675e-02
9.958694751243605658e-04,8.627450980392157298e-01,7.843137254901960675e-02
9.958714751243040019e-04,8.627450980392157298e-01,-1.568627450980392135e-01
9.958734751242474380e-04,9.019607843137255054e-01,7.843137254901960675e-02
9.958754751241908742e-04,8.235294117647058432e-01,0.000000000000000000e+00
9.958774751241343103e-04,9.019607843137255054e-01,0.000000000000000000e+00
9.958794751240777465e-04,9.019607843137255054e-01,1.176470588235294101e-01
9.958814751240211826e-04,9.411764705882352811e-01,-7.843137254901960675e-02
9.958834751239646187e-04,8.627450980392157298e-01,7.843137254901960675e-02
9.958854751239080549e-04,9.019607843137255054e-01,0.000000000000000000e+00
9.958874751238514910e-04,9.019607843137255054e-01,7.843137254901960675e-02
9.958894751237949271e-04,9.019607843137255054e-01,7.843137254901960675e-02
9.958914751237383633e-04,8.627450980392157298e-01,-7.843137254901960675e-02
9.958934751236817994e-04,9.019607843137255054e-01,7.843137254901960675e-02
9.958954751236252356e-04,9.411764705882352811e-01,-3.921568627450980338e-02
9.958974751235686717e-04,9.411764705882352811e-01,-3.921568627450980338e-02
9.958994751235121078e-04,8.627450980392157298e-01,1.568627450980392135e-01
9.959014751234555440e-04,9.019607843137255054e-01,-1.568627450980392135e-01
9.959034751233989801e-04,8.627450980392157298e-01,1.568627450980392135e-01
9.959054751233424162e-04,9.411764705882352811e-01,-7.843137254901960675e-02
9.959074751232858524e-04,8.627450980392157298e-01,-3.921568627450980338e-02
9.959094751232292885e-04,8.627450980392157298e-01,7.843137254901960675e-02
9.959114751231727247e-04,9.019607843137255054e-01,-1.568627450980392135e-01
9.959134751231161608e-04,9.019607843137255054e-01,1.176470588235294101e-01
9.959154751230595969e-04,8.627450980392157298e-01,0.000000000000000000e+00
9.959174751230030331e-04,9.019607843137255054e-01,0.000000000000000000e+00
9.959194751229464692e-04,9.411764705882352811e-01,1.568627450980392135e-01
9.959214751228899053e-04,9.411764705882352811e-01,-7.843137254901960675e-02
9.959234751228333415e-04,8.235294117647058432e-01,7.843137254901960675e-02
9.959254751227767776e-04,8.627450980392157298e-01,-7.843137254901960675e-02
9.959274751227202137e-04,9.411764705882352811e-01,3.921568627450980338e-02
9.959294751226636499e-04,9.411764705882352811e-01,7.843137254901960675e-02
9.959314751226070860e-04,8.627450980392157298e-01,-7.843137254901960675e-02
9.959334751225505222e-04,8.627450980392157298e-01,1.176470588235294101e-01
9.959354751224939583e-04,9.019607843137255054e-01,0.000000000000000000e+00
9.959374751224373944e-04,9.411764705882352811e-01,-7.843137254901960675e-02
9.959394751223808306e-04,8.627450980392157298e-01,1.568627450980392135e-01
9.959414751223242667e-04,9.411764705882352811e-01,-1.960784313725490169e-01
9.959434751222677028e-04,9.019607843137255054e-01,1.568627450980392135e-01
9.959454751222111390e-04,9.411764705882352811e-01,0.000000000000000000e+00
9.959474751221545751e-04,8.627450980392157298e-01,-3.921568627450980338e-02
9.959494751220980113e-04,8.627450980392157298e-01,7.843137254901960675e-02
9.959514751220414474e-04,9.411764705882352811e-01,-1.568627450980392135e-01
9.959534751219848835e-04,9.411764705882352811e-01,7.843137254901960675e-02
9.959554751219283197e-04,8.627450980392157298e-01,0.000000000000000000e+00
9.959574751218717558e-04,9.411764705882352811e-01,3.921568627450980338e-02
9.959594751218151919e-04,8.627450980392157298e-01,1.176470588235294101e-01
9.959614751217586281e-04,9.411764705882352811e-01,-7.843137254901960675e-02
9.959634751217020642e-04,8.627450980392157298e-01,7.843137254901960675e-02
9.959654751216455004e-04,8.627450980392157298e-01,0.000000000000000000e+00
9.959674751215889365e-04,9.019607843137255054e-01,3.921568627450980338e-02
9.959694751215323726e-04,9.411764705882352811e-01,3.921568627450980338e-02
9.959714751214758088e-04,8.627450980392157298e-01,-7.843137254901960675e-02
9.959734751214192449e-04,9.019607843137255054e-01,1.176470588235294101e-01
9.959754751213626810e-04,9.019607843137255054e-01,0.000000000000000000e+00
9.959774751213061172e-04,9.019607843137255054e-01,-3.921568627450980338e-02
9.959794751212495533e-04,8.627450980392157298e-01,7.843137254901960675e-02
9.959814751211929894e-04,9.019607843137255054e-01,-1.960784313725490169e-01
9.959834751211364256e-04,9.019607843137255054e-01,1.568627450980392135e-01
9.959854751210798617e-04,9.411764705882352811e-01,-3.921568627450980338e-02
9.959874751210232979e-04,8.235294117647058432e-01,0.000000000000000000e+00
9.959894751209667340e-04,8.627450980392157298e-01,7.843137254901960675e-02
9.959914751209101701e-04,9.411764705882352811e-01,-1.568627450980392135e-01
9.959934751208536063e-04,9.019607843137255054e-01,7.843137254901960675e-02
9.959954751207970424e-04,8.627450980392157298e-01,0.000000000000000000e+00
9.959974751207404785e-04,9.019607843137255054e-01,3.921568627450980338e-02
9.959994751206839147e-04,9.019607843137255054e-01,1.176470588235294101e-01
9.960014751206273508e-04,9.411764705882352811e-01,-1.568627450980392135e-01
9.960034751205707870e-04,8.627450980392157298e-01,7.843137254901960675e-02
9.960054751205142231e-04,9.019607843137255054e-01,0.000000000000000000e+00
9.960074751204576592e-04,9.019607843137255054e-01,0.000000000000000000e+00
9.960094751204010954e-04,9.411764705882352811e-01,3.921568627450980338e-02
9.960114751203445315e-04,8.627450980392157298e-01,-1.568627450980392135e-01
9.960134751202879676e-04,8.627450980392157298e-01,3.921568627450980338e-02
9.960154751202314038e-04,9.019607843137255054e-01,-3.921568627450980338e-02
9.960174751201748399e-04,9.411764705882352811e-01,-3.921568627450980338e-02
9.960194751201182761e-04,8.627450980392157298e-01,7.843137254901960675e-02
9.960214751200617122e-04,9.019607843137255054e-01,-1.960784313725490169e-01
9.960234751200051483e-04,8.627450980392157298e-01,7.843137254901960675e-02
9.960254751199485845e-04,9.411764705882352811e-01,0.000000000000000000e+00
9.960274751198920206e-04,8.235294117647058432e-01,-3.921568627450980338e-02
9.960294751198354567e-04,8.627450980392157298e-01,7.843137254901960675e-02
9.960314751197788929e-04,9.411764705882352811e-01,-7.843137254901960675e-02
9.960334751197223290e-04,9.411764705882352811e-01,7.843137254901960675e-02
9.960354751196657652e-04,8.235294117647058432e-01,0.000000000000000000e+00
9.960374751196092013e-04,9.019607843137255054e-01,3.921568627450980338e-02
9.960394751195526374e-04,8.627450980392157298e-01,1.176470588235294101e-01
9.960414751194960736e-04,9.411764705882352811e-01,-7.843137254901960675e-02
9.960434751194395097e-04,8.627450980392157298e-01,7.843137254901960675e-02
9.960454751193829458e-04,8.627450980392157298e-01,0.000000000000000000e+00
9.960474751193263820e-04,9.019607843137255054e-01,0.000000000000000000e+00
9.960494751192698181e-04,9.019607843137255054e-01,7.843137254901960675e-02
9.960514751192132542e-04,8.627450980392157298e-01,-1.568627450980392135e-01
9.960534751191566904e-04,8.627450980392157298e-01,3.921568627450980338e-02
9.960554751191001265e-04,9.019607843137255054e-01,0.000000000000000000e+00
9.960574751190435627e-04,9.411764705882352811e-01,-7.843137254901960675e-02
9.960594751189869988e-04,8.235294117647058432e-01,7.843137254901960675e-02
9.960614751189304349e-04,9.019607843137255054e-01,-1.960784313725490169e-01
9.960634751188738711e-04,8.627450980392157298e-01,1.568627450980392135e-01
9.960654751188173072e-04,9.411764705882352811e-01,0.000000000000000000e+00
9.960674751187607433e-04,8.627450980392157298e-01,-3.921568627450980338e-02
9.960694751187041795e-04,8.627450980392157298e-01,7.843137254901960675e-02
9.960714751186476156e-04,9.411764705882352811e-01,-1.568627450980392135e-01
9.960734751185910518e-04,9.411764705882352811e-01,7.843137254901960675e-02
9.960754751185344879e-04,8.627450980392157298e-01,0.000000000000000000e+00
9.960774751184779240e-04,9.411764705882352811e-01,0.000000000000000000e+00
9.960794751184213602e-04,9.019607843137255054e-01,1.176470588235294101e-01
9.960814751183647963e-04,9.411764705882352811e-01,-7.843137254901960675e-02
9.960834751183082324e-04,8.235294117647058432e-01,7.843137254901960675e-02
9.960854751182516686e-04,9.019607843137255054e-01,0.000000000000000000e+00
9.960874751181951047e-04,9.411764705882352811e-01,3.921568627450980338e-02
9.960894751181385409e-04,9.411764705882352811e-01,7.843137254901960675e-02
9.960914751180819770e-04,8.627450980392157298e-01,-7.843137254901960675e-02
9.960934751180254131e-04,8.627450980392157298e-01,1.176470588235294101e-01
9.960954751179688493e-04,9.019607843137255054e-01,-3.921568627450980338e-02
9.960974751179122854e-04,9.411764705882352811e-01,0.000000000000000000e+00
9.960994751178557215e-04,8.235294117647058432e-01,1.568627450980392135e-01
9.961014751177991577e-04,9.019607843137255054e-01,-1.960784313725490169e-01
9.961034751177425938e-04,9.019607843137255054e-01,1.568627450980392135e-01
9.961054751176860299e-04,9.411764705882352811e-01,-3.921568627450980338e-02
9.961074751176294661e-04,8.627450980392157298e-01,-7.843137254901960675e-02
9.961094751175729022e-04,8.627450980392157298e-01,7.843137254901960675e-02
9.961114751175163384e-04,9.019607843137255054e-01,-1.568627450980392135e-01
9.961134751174597745e-04,9.411764705882352811e-01,7.843137254901960675e-02
9.961154751174032106e-04,8.627450980392157298e-01,0.000000000000000000e+00
9.961174751173466468e-04,9.019607843137255054e-01,0.000000000000000000e+00
9.961194751172900829e-04,9.019607843137255054e-01,1.176470588235294101e-01
9.961214751172335190e-04,9.411764705882352811e-01,-7.843137254901960675e-02
9.961234751171769552e-04,8.235294117647058432e-01,7.843137254901960675e-02
9.961254751171203913e-04,9.019607843137255054e-01,0.000000000000000000e+00
9.961274751170638275e-04,9.019607843137255054e-01,3.921568627450980338e-02
9.961294751170072636e-04,9.411764705882352811e-01,7.843137254901960675e-02
9.961314751169506997e-04,8.627450980392157298e-01,-7.843137254901960675e-02
9.961334751168941359e-04,8.627450980392157298e-01,7.843137254901960675e-02
9.961354751168375720e-04,9.019607843137255054e-01,-3.921568627450980338e-02
9.961374751167810081e-04,9.019607843137255054e-01,0.000000000000000000e+00
9.961394751167244443e-04,8.235294117647058432e-01,7.843137254901960675e-02
9.961414751166678804e-04,9.019607843137255054e-01,-1.960784313725490169e-01
9.961434751166113166e-04,8.627450980392157298e-01,1.568627450980392135e-01
9.961454751165547527e-04,9.411764705882352811e-01,0.000000000000000000e+00
9.961474751164981888e-04,8.627450980392157298e-01,-3.921568627450980338e-02
9.961494751164416250e-04,9.019607843137255054e-01,3.921568627450980338e-02
9.961514751163850611e-04,9.019607843137255054e-01,-3.921568627450980338e-02
9.961534751163284972e-04,9.411764705882352811e-01,7.843137254901960675e-02
9.961554751162719334e-04,8.627450980392157298e-01,0.000000000000000000e+00
9.961574751162153695e-04,8.627450980392157298e-01,3.921568627450980338e-02
9.961594751161588056e-04,8.627450980392157298e-01,1.176470588235294101e-01
9.961614751161022418e-04,9.411764705882352811e-01,-7.843137254901960675e-02
9.961634751160456779e-04,8.627450980392157298e-01,3.921568627450980338e-02
9.961654751159891141e-04,9.411764705882352811e-01,-7.843137254901960675e-02
9.961674751159325502e-04,9.019607843137255054e-01,3.921568627450980338e-02
9.961694751158759863e-04,9.411764705882352811e-01,7.843137254901960675e-02
9.961714751158194225e-04,8.627450980392157298e-01,-7.843137254901960675e-02
9.961734751157628586e-04,8.235294117647058432e-01,1.176470588235294101e-01
9.961754751157062947e-04,9.411764705882352811e-01,-3.921568627450980338e-02
9.961774751156497309e-04,9.411764705882352811e-01,-7.843137254901960675e-02
9.961794751155931670e-04,8.235294117647058432e-01,1.568627450980392135e-01
9.961814751155366032e-04,9.019607843137255054e-01,-1.568627450980392135e-01
9.961834751154800393e-04,9.019607843137255054e-01,1.960784313725490446e-01
9.961854751154234754e-04,9.411764705882352811e-01,-3.921568627450980338e-02
9.961874751153669116e-04,8.627450980392157298e-01,-3.921568627450980338e-02
9.961894751153103477e-04,9.019607843137255054e-01,1.176470588235294101e-01
9.961914751152537838e-04,9.411764705882352811e-01,-1.568627450980392135e-01
9.961934751151972200e-04,9.411764705882352811e-01,1.568627450980392135e-01
9.961954751151406561e-04,8.235294117647058432e-01,0.000000000000000000e+00
9.961974751150840923e-04,9.019607843137255054e-01,0.000000000000000000e+00
9.961994751150275284e-04,8.627450980392157298e-01,1.568627450980392135e-01
9.962014751149709645e-04,9.411764705882352811e-01,-7.843137254901960675e-02
9.962034751149144007e-04,8.627450980392157298e-01,7.843137254901960675e-02
9.962054751148578368e-04,8.627450980392157298e-01,0.000000000000000000e+00
9.962074751148012729e-04,9.019607843137255054e-01,3.921568627450980338e-02
9.962094751147447091e-04,9.411764705882352811e-01,3.921568627450980338e-02
9.962114751146881452e-04,8.627450980392157298e-01,-7.843137254901960675e-02
9.962134751146315814e-04,9.019607843137255054e-01,1.176470588235294101e-01
9.962154751145750175e-04,9.019607843137255054e-01,-3.921568627450980338e-02
9.962174751145184536e-04,9.411764705882352811e-01,-3.921568627450980338e-02
9.962194751144618898e-04,8.235294117647058432e-01,7.843137254901960675e-02
9.962214751144053259e-04,9.411764705882352811e-01,-1.960784313725490169e-01
9.962234751143487620e-04,9.019607843137255054e-01,1.568627450980392135e-01
9.962254751142921982e-04,9.411764705882352811e-01,-7.843137254901960675e-02
9.962274751142356343e-04,8.627450980392157298e-01,0.000000000000000000e+00
9.962294751141790704e-04,8.627450980392157298e-01,7.843137254901960675e-02
9.962314751141225066e-04,9.019607843137255054e-01,-7.843137254901960675e-02
9.962334751140659427e-04,9.411764705882352811e-01,1.176470588235294101e-01
9.962354751140093789e-04,8.627450980392157298e-01,0.000000000000000000e+00
9.962374751139528150e-04,9.019607843137255054e-01,0.000000000000000000e+00
9.962394751138962511e-04,9.019607843137255054e-01,1.176470588235294101e-01
9.962414751138396873e-04,9.411764705882352811e-01,-1.568627450980392135e-01
9.962434751137831234e-04,8.235294117647058432e-01,7.843137254901960675e-02
9.962454751137265595e-04,9.019607843137255054e-01,0.000000000000000000e+00
9.962474751136699957e-04,9.019607843137255054e-01,3.921568627450980338e-02
9.962494751136134318e-04,9.411764705882352811e-01,7.843137254901960675e-02
9.962514751135568680e-04,9.019607843137255054e-01,-1.568627450980392135e-01
9.962534751135003041e-04,9.019607843137255054e-01,7.843137254901960675e-02
9.962554751134437402e-04,9.019607843137255054e-01,0.000000000000000000e+00
9.962574751133871764e-04,9.411764705882352811e-01,-3.921568627450980338e-02
9.962594751133306125e-04,8.627450980392157298e-01,1.176470588235294101e-01
9.962614751132740486e-04,9.019607843137255054e-01,-1.568627450980392135e-01
9.962634751132174848e-04,9.019607843137255054e-01,1.176470588235294101e-01
9.962654751131609209e-04,9.411764705882352811e-01,0.000000000000000000e+00
9.962674751131043571e-04,8.627450980392157298e-01,-7.843137254901960675e-02
9.962694751130477932e-04,9.019607843137255054e-01,1.176470588235294101e-01
9.962714751129912293e-04,9.411764705882352811e-01,-7.843137254901960675e-02
9.962734751129346655e-04,9.411764705882352811e-01,7.843137254901960675e-02
9.962754751128781016e-04,8.627450980392157298e-01,0.000000000000000000e+00
9.962774751128215377e-04,9.019607843137255054e-01,0.000000000000000000e+00
9.962794751127649739e-04,9.019607843137255054e-01,7.843137254901960675e-02
9.962814751127084100e-04,9.411764705882352811e-01,-7.843137254901960675e-02
9.962834751126518461e-04,8.627450980392157298e-01,7.843137254901960675e-02
9.962854751125952823e-04,8.627450980392157298e-01,0.000000000000000000e+00
9.962874751125387184e-04,9.019607843137255054e-01,0.000000000000000000e+00
9.962894751124821546e-04,9.019607843137255054e-01,7.843137254901960675e-02
9.962914751124255907e-04,8.627450980392157298e-01,-7.843137254901960675e-02
9.962934751123690268e-04,9.411764705882352811e-01,1.176470588235294101e-01
9.962954751123124630e-04,9.411764705882352811e-01,0.000000000000000000e+00
9.962974751122558991e-04,9.411764705882352811e-01,-7.843137254901960675e-02
9.962994751121993352e-04,8.235294117647058432e-01,7.843137254901960675e-02
9.963014751121427714e-04,9.411764705882352811e-01,-1.960784313725490169e-01
9.963034751120862075e-04,9.019607843137255054e-01,1.568627450980392135e-01
9.963054751120296437e-04,9.411764705882352811e-01,-3.921568627450980338e-02
9.963074751119730798e-04,8.235294117647058432e-01,-3.921568627450980338e-02
9.963094751119165159e-04,9.019607843137255054e-01,7.843137254901960675e-02
9.963114751118599521e-04,9.019607843137255054e-01,-7.843137254901960675e-02
9.963134751118033882e-04,9.411764705882352811e-01,1.176470588235294101e-01
9.963154751117468243e-04,8.627450980392157298e-01,0.000000000000000000e+00
9.963174751116902605e-04,9.411764705882352811e-01,0.000000000000000000e+00
9.963194751116336966e-04,9.019607843137255054e-01,1.176470588235294101e-01
9.963214751115771328e-04,9.411764705882352811e-01,-1.568627450980392135e-01
9.963234751115205689e-04,8.627450980392157298e-01,7.843137254901960675e-02
9.963254751114640050e-04,8.627450980392157298e-01,0.000000000000000000e+00
9.963274751114074412e-04,9.019607843137255054e-01,3.921568627450980338e-02
9.963294751113508773e-04,9.411764705882352811e-01,7.843137254901960675e-02
9.963314751112943134e-04,8.627450980392157298e-01,-7.843137254901960675e-02
9.963334751112377496e-04,9.019607843137255054e-01,1.176470588235294101e-01
9.963354751111811857e-04,9.019607843137255054e-01,-3.921568627450980338e-02
9.963374751111246218e-04,9.411764705882352811e-01,0.000000000000000000e+00
9.963394751110680580e-04,8.627450980392157298e-01,1.568627450980392135e-01
9.963414751110114941e-04,9.019607843137255054e-01,-1.960784313725490169e-01
9.963434751109549303e-04,9.019607843137255054e-01,1.568627450980392135e-01
9.963454751108983664e-04,9.411764705882352811e-01,0.000000000000000000e+00
9.963474751108418025e-04,8.627450980392157298e-01,0.000000000000000000e+00
9.963494751107852387e-04,8.627450980392157298e-01,7.843137254901960675e-02
9.963514751107286748e-04,9.019607843137255054e-01,-7.843137254901960675e-02
9.963534751106721109e-04,9.411764705882352811e-01,7.843137254901960675e-02
9.963554751106155471e-04,8.627450980392157298e-01,0.000000000000000000e+00
9.963574751105589832e-04,9.411764705882352811e-01,0.000000000000000000e+00
9.963594751105024194e-04,9.019607843137255054e-01,1.176470588235294101e-01
9.963614751104458555e-04,9.411764705882352811e-01,-7.843137254901960675e-02
9.963634751103892916e-04,8.235294117647058432e-01,7.843137254901960675e-02
9.963654751103327278e-04,8.235294117647058432e-01,0.000000000000000000e+00
9.963674751102761639e-04,9.019607843137255054e-01,0.000000000000000000e+00
9.963694751102196000e-04,9.411764705882352811e-01,7.843137254901960675e-02
9.963714751101630362e-04,9.019607843137255054e-01,-3.921568627450980338e-02
9.963734751101064723e-04,8.627450980392157298e-01,1.176470588235294101e-01
9.963754751100499085e-04,9.019607843137255054e-01,-3.921568627450980338e-02
9.963774751099933446e-04,9.411764705882352811e-01,-3.921568627450980338e-02
9.963794751099367807e-04,8.627450980392157298e-01,1.568627450980392135e-01
9.963814751098802169e-04,9.019607843137255054e-01,-1.568627450980392135e-01
9.963834751098236530e-04,9.019607843137255054e-01,1.176470588235294101e-01
9.963854751097670891e-04,9.019607843137255054e-01,0.000000000000000000e+00
9.963874751097105253e-04,8.627450980392157298e-01,-7.843137254901960675e-02
9.963894751096539614e-04,9.019607843137255054e-01,1.176470588235294101e-01
9.963914751095973975e-04,9.411764705882352811e-01,-7.843137254901960675e-02
9.963934751095408337e-04,9.411764705882352811e-01,7.843137254901960675e-02
9.963954751094842698e-04,8.627450980392157298e-01,0.000000000000000000e+00
9.963974751094277060e-04,9.019607843137255054e-01,0.000000000000000000e+00
9.963994751093711421e-04,9.019607843137255054e-01,1.176470588235294101e-01
9.964014751093145782e-04,9.411764705882352811e-01,-1.568627450980392135e-01
9.964034751092580144e-04,9.019607843137255054e-01,7.843137254901960675e-02
9.964054751092014505e-04,8.627450980392157298e-01,0.000000000000000000e+00
9.964074751091448866e-04,9.019607843137255054e-01,3.921568627450980338e-02
9.964094751090883228e-04,9.019607843137255054e-01,7.843137254901960675e-02
9.964114751090317589e-04,8.627450980392157298e-01,-7.843137254901960675e-02
9.964134751089751951e-04,8.627450980392157298e-01,7.843137254901960675e-02
9.964154751089186312e-04,9.019607843137255054e-01,-3.921568627450980338e-02
9.964174751088620673e-04,9.411764705882352811e-01,-3.921568627450980338e-02
9.964194751088055035e-04,8.235294117647058432e-01,1.568627450980392135e-01
9.964214751087489396e-04,9.019607843137255054e-01,-1.568627450980392135e-01
9.964234751086923757e-04,9.019607843137255054e-01,1.568627450980392135e-01
9.964254751086358119e-04,9.803921568627450567e-01,-3.921568627450980338e-02
9.964274751085792480e-04,8.235294117647058432e-01,-7.843137254901960675e-02
9.964294751085226842e-04,9.019607843137255054e-01,7.843137254901960675e-02
9.964314751084661203e-04,9.411764705882352811e-01,-1.568627450980392135e-01
9.964334751084095564e-04,9.411764705882352811e-01,1.176470588235294101e-01
9.964354751083529926e-04,8.235294117647058432e-01,0.000000000000000000e+00
9.964374751082964287e-04,9.019607843137255054e-01,0.000000000000000000e+00
9.964394751082398648e-04,9.019607843137255054e-01,1.176470588235294101e-01
9.964414751081833010e-04,9.411764705882352811e-01,-7.843137254901960675e-02
9.964434751081267371e-04,8.627450980392157298e-01,3.921568627450980338e-02
9.964454751080701733e-04,9.019607843137255054e-01,-7.843137254901960675e-02
9.964474751080136094e-04,9.019607843137255054e-01,3.921568627450980338e-02
9.964494751079570455e-04,9.411764705882352811e-01,7.843137254901960675e-02
9.964514751079004817e-04,8.627450980392157298e-01,-7.843137254901960675e-02
9.964534751078439178e-04,9.019607843137255054e-01,7.843137254901960675e-02
9.964554751077873539e-04,9.019607843137255054e-01,-3.921568627450980338e-02
9.964574751077307901e-04,9.411764705882352811e-01,-7.843137254901960675e-02
9.964594751076742262e-04,8.627450980392157298e-01,1.568627450980392135e-01
9.964614751076176623e-04,9.019607843137255054e-01,-1.568627450980392135e-01
9.964634751075610985e-04,9.019607843137255054e-01,1.176470588235294101e-01
9.964654751075045346e-04,9.411764705882352811e-01,0.000000000000000000e+00
9.964674751074479708e-04,8.235294117647058432e-01,-3.921568627450980338e-02
9.964694751073914069e-04,9.019607843137255054e-01,7.843137254901960675e-02
9.964714751073348430e-04,9.411764705882352811e-01,-1.568627450980392135e-01
9.964734751072782792e-04,9.411764705882352811e-01,7.843137254901960675e-02
9.964754751072217153e-04,8.627450980392157298e-01,0.000000000000000000e+00
9.964774751071651514e-04,8.627450980392157298e-01,0.000000000000000000e+00
9.964794751071085876e-04,9.411764705882352811e-01,1.568627450980392135e-01
9.964814751070520237e-04,9.411764705882352811e-01,-1.568627450980392135e-01
9.964834751069954599e-04,8.235294117647058432e-01,7.843137254901960675e-02
9.964854751069388960e-04,9.019607843137255054e-01,-7.843137254901960675e-02
9.964874751068823321e-04,9.019607843137255054e-01,3.921568627450980338e-02
9.964894751068257683e-04,9.411764705882352811e-01,7.843137254901960675e-02
9.964914751067692044e-04,8.627450980392157298e-01,-1.568627450980392135e-01
9.964934751067126405e-04,9.019607843137255054e-01,1.568627450980392135e-01
9.964954751066560767e-04,9.019607843137255054e-01,0.000000000000000000e+00
9.964974751065995128e-04,9.411764705882352811e-01,-3.921568627450980338e-02
9.964994751065429490e-04,8.627450980392157298e-01,7.843137254901960675e-02
9.965014751064863851e-04,9.019607843137255054e-01,-1.960784313725490169e-01
9.965034751064298212e-04,8.627450980392157298e-01,1.568627450980392135e-01
9.965054751063732574e-04,9.411764705882352811e-01,-3.921568627450980338e-02
9.965074751063166935e-04,8.235294117647058432e-01,-3.921568627450980338e-02
9.965094751062601296e-04,9.019607843137255054e-01,7.843137254901960675e-02
9.965114751062035658e-04,9.019607843137255054e-01,-7.843137254901960675e-02
9.965134751061470019e-04,9.019607843137255054e-01,7.843137254901960675e-02
9.965154751060904380e-04,8.235294117647058432e-01,0.000000000000000000e+00
9.965174751060338742e-04,8.627450980392157298e-01,0.000000000000000000e+00
9.965194751059773103e-04,9.019607843137255054e-01,1.176470588235294101e-01
9.965214751059207465e-04,9.411764705882352811e-01,-7.843137254901960675e-02
9.965234751058641826e-04,8.235294117647058432e-01,7.843137254901960675e-02
9.965254751058076187e-04,8.627450980392157298e-01,0.000000000000000000e+00
9.965274751057510549e-04,9.019607843137255054e-01,3.921568627450980338e-02
9.965294751056944910e-04,9.411764705882352811e-01,7.843137254901960675e-02
9.965314751056379271e-04,8.627450980392157298e-01,-7.843137254901960675e-02
9.965334751055813633e-04,8.627450980392157298e-01,1.176470588235294101e-01
9.965354751055247994e-04,9.019607843137255054e-01,0.000000000000000000e+00
9.965374751054682356e-04,9.411764705882352811e-01,-3.921568627450980338e-02
9.965394751054116717e-04,8.627450980392157298e-01,1.176470588235294101e-01
9.965414751053551078e-04,9.019607843137255054e-01,-1.960784313725490169e-01
9.965434751052985440e-04,9.019607843137255054e-01,1.568627450980392135e-01
9.965454751052419801e-04,9.411764705882352811e-01,-3.921568627450980338e-02
9.965474751051854162e-04,8.627450980392157298e-01,-3.921568627450980338e-02
9.965494751051288524e-04,8.627450980392157298e-01,7.843137254901960675e-02
9.965514751050722885e-04,9.019607843137255054e-01,-1.568627450980392135e-01
9.965534751050157247e-04,9.019607843137255054e-01,7.843137254901960675e-02
9.965554751049591608e-04,8.627450980392157298e-01,0.000000000000000000e+00
9.965574751049025969e-04,9.411764705882352811e-01,0.000000000000000000e+00
9.965594751048460331e-04,9.019607843137255054e-01,1.176470588235294101e-01
9.965614751047894692e-04,9.411764705882352811e-01,-1.568627450980392135e-01
9.965634751047329053e-04,8.627450980392157298e-01,7.843137254901960675e-02
9.965654751046763415e-04,8.627450980392157298e-01,0.000000000000000000e+00
9.965674751046197776e-04,9.019607843137255054e-01,3.921568627450980338e-02
9.965694751045632137e-04,9.411764705882352811e-01,7.843137254901960675e-02
9.965714751045066499e-04,8.627450980392157298e-01,-7.843137254901960675e-02
9.965734751044500860e-04,9.019607843137255054e-01,1.176470588235294101e-01
9.965754751043935222e-04,9.019607843137255054e-01,0.000000000000000000e+00
9.965774751043369583e-04,9.019607843137255054e-01,-3.921568627450980338e-02
9.965794751042803944e-04,8.235294117647058432e-01,1.176470588235294101e-01
9.965814751042238306e-04,9.019607843137255054e-01,-1.568627450980392135e-01
9.965834751041672667e-04,9.019607843137255054e-01,1.176470588235294101e-01
9.965854751041107028e-04,9.411764705882352811e-01,-3.921568627450980338e-02
9.965874751040541390e-04,8.627450980392157298e-01,-3.921568627450980338e-02
9.965894751039975751e-04,9.019607843137255054e-01,7.843137254901960675e-02
9.965914751039410113e-04,9.411764705882352811e-01,-1.568627450980392135e-01
9.965934751038844474e-04,9.019607843137255054e-01,7.843137254901960675e-02
9.965954751038278835e-04,8.627450980392157298e-01,0.000000000000000000e+00
9.965974751037713197e-04,9.019607843137255054e-01,0.000000000000000000e+00
9.965994751037147558e-04,9.411764705882352811e-01,1.176470588235294101e-01
9.966014751036581919e-04,9.411764705882352811e-01,-1.568627450980392135e-01
9.966034751036016281e-04,8.627450980392157298e-01,7.843137254901960675e-02
9.966054751035450642e-04,9.019607843137255054e-01,0.000000000000000000e+00
9.966074751034885004e-04,9.019607843137255054e-01,7.843137254901960675e-02
9.966094751034319365e-04,9.411764705882352811e-01,7.843137254901960675e-02
9.966114751033753726e-04,8.235294117647058432e-01,-1.568627450980392135e-01
9.966134751033188088e-04,8.627450980392157298e-01,7.843137254901960675e-02
9.966154751032622449e-04,9.019607843137255054e-01,-3.921568627450980338e-02
9.966174751032056810e-04,9.411764705882352811e-01,-3.921568627450980338e-02
9.966194751031491172e-04,8.627450980392157298e-01,1.568627450980392135e-01
9.966214751030925533e-04,9.019607843137255054e-01,-1.568627450980392135e-01
9.966234751030359895e-04,8.627450980392157298e-01,1.568627450980392135e-01
9.966254751029794256e-04,9.411764705882352811e-01,-3.921568627450980338e-02
9.966274751029228617e-04,8.235294117647058432e-01,-3.921568627450980338e-02
9.966294751028662979e-04,8.627450980392157298e-01,7.843137254901960675e-02
9.966314751028097340e-04,9.019607843137255054e-01,-1.568627450980392135e-01
9.966334751027531701e-04,9.411764705882352811e-01,7.843137254901960675e-02
9.966354751026966063e-04,8.627450980392157298e-01,0.000000000000000000e+00
9.966374751026400424e-04,9.411764705882352811e-01,0.000000000000000000e+00
9.966394751025834785e-04,8.627450980392157298e-01,1.176470588235294101e-01
9.966414751025269147e-04,9.411764705882352811e-01,-7.843137254901960675e-02
9.966434751024703508e-04,8.235294117647058432e-01,3.921568627450980338e-02
9.966454751024137870e-04,9.019607843137255054e-01,0.000000000000000000e+00
9.966474751023572231e-04,8.627450980392157298e-01,0.000000000000000000e+00
9.966494751023006592e-04,9.019607843137255054e-01,7.843137254901960675e-02
9.966514751022440954e-04,8.627450980392157298e-01,-1.568627450980392135e-01
9.966534751021875315e-04,8.627450980392157298e-01,7.843137254901960675e-02
9.966554751021309676e-04,9.019607843137255054e-01,0.000000000000000000e+00
9.966574751020744038e-04,9.411764705882352811e-01,-3.921568627450980338e-02
9.966594751020178399e-04,8.235294117647058432e-01,1.568627450980392135e-01
9.966614751019612761e-04,9.411764705882352811e-01,-1.960784313725490169e-01
9.966634751019047122e-04,9.019607843137255054e-01,1.568627450980392135e-01
9.966654751018481483e-04,9.411764705882352811e-01,0.000000000000000000e+00
9.966674751017915845e-04,8.627450980392157298e-01,-3.921568627450980338e-02
9.966694751017350206e-04,9.019607843137255054e-01,7.843137254901960675e-02
9.966714751016784567e-04,9.411764705882352811e-01,-3.921568627450980338e-02
9.966734751016218929e-04,9.411764705882352811e-01,1.176470588235294101e-01
9.966754751015653290e-04,8.627450980392157298e-01,0.000000000000000000e+00
9.966774751015087652e-04,8.627450980392157298e-01,3.921568627450980338e-02
9.966794751014522013e-04,8.627450980392157298e-01,1.176470588235294101e-01
9.966814751013956374e-04,9.411764705882352811e-01,-7.843137254901960675e-02
9.966834751013390736e-04,8.627450980392157298e-01,3.921568627450980338e-02
9.966854751012825097e-04,8.627450980392157298e-01,0.000000000000000000e+00
9.966874751012259458e-04,9.411764705882352811e-01,3.921568627450980338e-02
9.966894751011693820e-04,9.019607843137255054e-01,7.843137254901960675e-02
9.966914751011128181e-04,8.627450980392157298e-01,-7.843137254901960675e-02
9.966934751010562542e-04,9.019607843137255054e-01,1.176470588235294101e-01
9.966954751009996904e-04,9.019607843137255054e-01,0.000000000000000000e+00
9.966974751009431265e-04,9.411764705882352811e-01,-3.921568627450980338e-02
9.966994751008865627e-04,9.019607843137255054e-01,1.568627450980392135e-01
9.967014751008299988e-04,9.019607843137255054e-01,-1.960784313725490169e-01
9.967034751007734349e-04,9.019607843137255054e-01,1.568627450980392135e-01
9.967054751007168711e-04,9.411764705882352811e-01,-3.921568627450980338e-02
9.967074751006603072e-04,8.627450980392157298e-01,-3.921568627450980338e-02
9.967094751006037433e-04,8.627450980392157298e-01,7.843137254901960675e-02
9.967114751005471795e-04,9.411764705882352811e-01,-7.843137254901960675e-02
9.967134751004906156e-04,9.411764705882352811e-01,1.176470588235294101e-01
9.967154751004340518e-04,8.627450980392157298e-01,0.000000000000000000e+00
9.967174751003774879e-04,9.019607843137255054e-01,3.921568627450980338e-02
9.967194751003209240e-04,8.627450980392157298e-01,1.176470588235294101e-01
9.967214751002643602e-04,9.411764705882352811e-01,-7.843137254901960675e-02
9.967234751002077963e-04,8.235294117647058432e-01,3.921568627450980338e-02
9.967254751001512324e-04,9.019607843137255054e-01,0.000000000000000000e+00
9.967274751000946686e-04,8.627450980392157298e-01,7.843137254901960675e-02
9.967294751000381047e-04,9.411764705882352811e-01,7.843137254901960675e-02
9.967314750999815409e-04,8.627450980392157298e-01,-7.843137254901960675e-02
9.967334750999249770e-04,9.019607843137255054e-01,1.176470588235294101e-01
9.967354750998684131e-04,9.019607843137255054e-01,-3.921568627450980338e-02
9.967374750998118493e-04,9.803921568627450567e-01,0.000000000000000000e+00
9.967394750997552854e-04,8.627450980392157298e-01,1.176470588235294101e-01
9.967414750996987215e-04,9.019607843137255054e-01,-1.568627450980392135e-01
9.967434750996421577e-04,9.019607843137255054e-01,1.568627450980392135e-01
9.967454750995855938e-04,9.411764705882352811e-01,-7.843137254901960675e-02
9.967474750995290299e-04,8.235294117647058432e-01,-3.921568627450980338e-02
9.967494750994724661e-04,9.019607843137255054e-01,7.843137254901960675e-02
9.967514750994159022e-04,9.411764705882352811e-01,-1.568627450980392135e-01
9.967534750993593384e-04,9.411764705882352811e-01,7.843137254901960675e-02
9.967554750993027745e-04,8.627450980392157298e-01,0.000000000000000000e+00
9.967574750992462106e-04,9.019607843137255054e-01,0.000000000000000000e+00
9.967594750991896468e-04,8.627450980392157298e-01,1.176470588235294101e-01
9.967614750991330829e-04,9.411764705882352811e-01,-7.843137254901960675e-02
9.967634750990765190e-04,8.627450980392157298e-01,7.843137254901960675e-02
9.967654750990199552e-04,9.019607843137255054e-01,0.000000000000000000e+00
9.967674750989633913e-04,9.019607843137255054e-01,3.921568627450980338e-02
9.967694750989068275e-04,9.411764705882352811e-01,7.843137254901960675e-02
9.967714750988502636e-04,8.627450980392157298e-01,-7.843137254901960675e-02
9.967734750987936997e-04,8.627450980392157298e-01,1.176470588235294101e-01
9.967754750987371359e-04,9.019607843137255054e-01,0.000000000000000000e+00
9.967774750986805720e-04,9.411764705882352811e-01,-7.843137254901960675e-02
9.967794750986240081e-04,8.627450980392157298e-01,1.176470588235294101e-01
9.967814750985674443e-04,9.411764705882352811e-01,-1.568627450980392135e-01
9.967834750985108804e-04,9.019607843137255054e-01,1.568627450980392135e-01
9.967854750984543166e-04,9.411764705882352811e-01,-3.921568627450980338e-02
9.967874750983977527e-04,8.235294117647058432e-01,-3.921568627450980338e-02
9.967894750983411888e-04,8.627450980392157298e-01,7.843137254901960675e-02
9.967914750982846250e-04,9.019607843137255054e-01,-3.921568627450980338e-02
9.967934750982280611e-04,9.411764705882352811e-01,7.843137254901960675e-02
9.967954750981714972e-04,8.235294117647058432e-01,0.000000000000000000e+00
9.967974750981149334e-04,9.019607843137255054e-01,0.000000000000000000e+00
9.967994750980583695e-04,9.019607843137255054e-01,1.176470588235294101e-01
9.968014750980018056e-04,9.411764705882352811e-01,-1.568627450980392135e-01
9.968034750979452418e-04,8.235294117647058432e-01,7.843137254901960675e-02
9.968054750978886779e-04,8.627450980392157298e-01,0.000000000000000000e+00
9.968074750978321141e-04,9.411764705882352811e-01,3.921568627450980338e-02
9.968094750977755502e-04,9.411764705882352811e-01,7.843137254901960675e-02
9.968114750977189863e-04,8.627450980392157298e-01,-7.843137254901960675e-02
9.968134750976624225e-04,8.627450980392157298e-01,1.176470588235294101e-01
9.968154750976058586e-04,9.019607843137255054e-01,0.000000000000000000e+00
9.968174750975492947e-04,9.411764705882352811e-01,-3.921568627450980338e-02
9.968194750974927309e-04,8.235294117647058432e-01,7.843137254901960675e-02
9.968214750974361670e-04,9.019607843137255054e-01,-1.568627450980392135e-01
9.968234750973796032e-04,9.019607843137255054e-01,1.568627450980392135e-01
9.968254750973230393e-04,9.411764705882352811e-01,-3.921568627450980338e-02
9.968274750972664754e-04,8.627450980392157298e-01,0.000000000000000000e+00
9.968294750972099116e-04,8.627450980392157298e-01,7.843137254901960675e-02
9.968314750971533477e-04,9.019607843137255054e-01,-1.568627450980392135e-01
9.968334750970967838e-04,9.411764705882352811e-01,7.843137254901960675e-02
9.968354750970402200e-04,8.627450980392157298e-01,0.000000000000000000e+00
9.968374750969836561e-04,8.627450980392157298e-01,0.000000000000000000e+00
9.968394750969270923e-04,8.627450980392157298e-01,1.176470588235294101e-01
9.968414750968705284e-04,9.411764705882352811e-01,-1.568627450980392135e-01
9.968434750968139645e-04,8.235294117647058432e-01,7.843137254901960675e-02
9.968454750967574007e-04,9.019607843137255054e-01,-1.568627450980392135e-01
9.968474750967008368e-04,9.019607843137255054e-01,3.921568627450980338e-02
9.968494750966442729e-04,9.411764705882352811e-01,7.843137254901960675e-02
9.968514750965877091e-04,8.627450980392157298e-01,-7.843137254901960675e-02
9.968534750965311452e-04,9.019607843137255054e-01,1.176470588235294101e-01
9.968554750964745814e-04,9.411764705882352811e-01,-3.921568627450980338e-02
9.968574750964180175e-04,9.411764705882352811e-01,-3.921568627450980338e-02
9.968594750963614536e-04,8.235294117647058432e-01,7.843137254901960675e-02
9.968614750963048898e-04,9.411764705882352811e-01,-1.568627450980392135e-01
9.968634750962483259e-04,9.019607843137255054e-01,1.568627450980392135e-01
9.968654750961917620e-04,9.411764705882352811e-01,0.000000000000000000e+00
9.968674750961351982e-04,8.235294117647058432e-01,-7.843137254901960675e-02
9.968694750960786343e-04,8.627450980392157298e-01,1.176470588235294101e-01
9.968714750960220704e-04,9.411764705882352811e-01,-7.843137254901960675e-02
9.968734750959655066e-04,9.411764705882352811e-01,7.843137254901960675e-02
9.968754750959089427e-04,8.235294117647058432e-01,0.000000000000000000e+00
9.968774750958523789e-04,9.019607843137255054e-01,0.000000000000000000e+00
9.968794750957958150e-04,9.019607843137255054e-01,1.176470588235294101e-01
9.968814750957392511e-04,9.411764705882352811e-01,-1.568627450980392135e-01
9.968834750956826873e-04,8.235294117647058432e-01,7.843137254901960675e-02
9.968854750956261234e-04,9.411764705882352811e-01,0.000000000000000000e+00
9.968874750955695595e-04,9.019607843137255054e-01,3.921568627450980338e-02
9.968894750955129957e-04,9.411764705882352811e-01,7.843137254901960675e-02
9.968914750954564318e-04,8.627450980392157298e-01,-7.843137254901960675e-02
9.968934750953998680e-04,8.627450980392157298e-01,1.176470588235294101e-01
9.968954750953433041e-04,9.019607843137255054e-01,-3.921568627450980338e-02
9.968974750952867402e-04,9.019607843137255054e-01,-3.921568627450980338e-02
9.968994750952301764e-04,8.235294117647058432e-01,1.176470588235294101e-01
9.969014750951736125e-04,9.411764705882352811e-01,-1.568627450980392135e-01
9.969034750951170486e-04,9.019607843137255054e-01,1.568627450980392135e-01
9.969054750950604848e-04,9.411764705882352811e-01,-3.921568627450980338e-02
9.969074750950039209e-04,8.627450980392157298e-01,-3.921568627450980338e-02
9.969094750949473571e-04,9.019607843137255054e-01,1.176470588235294101e-01
9.969114750948907932e-04,9.019607843137255054e-01,-7.843137254901960675e-02
9.969134750948342293e-04,9.411764705882352811e-01,1.176470588235294101e-01
9.969154750947776655e-04,8.235294117647058432e-01,0.000000000000000000e+00
9.969174750947211016e-04,9.019607843137255054e-01,0.000000000000000000e+00
9.969194750946645377e-04,9.019607843137255054e-01,1.176470588235294101e-01
9.969214750946079739e-04,9.411764705882352811e-01,-7.843137254901960675e-02
9.969234750945514100e-04,8.627450980392157298e-01,7.843137254901960675e-02
9.969254750944948461e-04,9.019607843137255054e-01,0.000000000000000000e+00
9.969274750944382823e-04,9.019607843137255054e-01,7.843137254901960675e-02
9.969294750943817184e-04,9.411764705882352811e-01,7.843137254901960675e-02
9.969314750943251546e-04,8.627450980392157298e-01,-7.843137254901960675e-02
9.969334750942685907e-04,8.235294117647058432e-01,7.843137254901960675e-02
9.969354750942120268e-04,9.019607843137255054e-01,-3.921568627450980338e-02
9.969374750941554630e-04,9.411764705882352811e-01,-7.843137254901960675e-02
9.969394750940988991e-04,9.019607843137255054e-01,1.568627450980392135e-01
9.969414750940423352e-04,9.019607843137255054e-01,-1.960784313725490169e-01
9.969434750939857714e-04,9.019607843137255054e-01,1.568627450980392135e-01
9.969454750939292075e-04,9.411764705882352811e-01,-3.921568627450980338e-02
9.969474750938726437e-04,8.627450980392157298e-01,-3.921568627450980338e-02
9.969494750938160798e-04,8.627450980392157298e-01,7.843137254901960675e-02
9.969514750937595159e-04,9.019607843137255054e-01,-1.568627450980392135e-01
9.969534750937029521e-04,9.411764705882352811e-01,1.176470588235294101e-01
9.969554750936463882e-04,8.627450980392157298e-01,0.000000000000000000e+00
9.969574750935898243e-04,9.019607843137255054e-01,3.921568627450980338e-02
9.969594750935332605e-04,9.019607843137255054e-01,1.176470588235294101e-01
9.969614750934766966e-04,9.411764705882352811e-01,-7.843137254901960675e-02
9.969634750934201328e-04,8.627450980392157298e-01,7.843137254901960675e-02
9.969654750933635689e-04,9.019607843137255054e-01,-3.921568627450980338e-02
9.969674750933070050e-04,9.019607843137255054e-01,0.000000000000000000e+00
9.969694750932504412e-04,9.411764705882352811e-01,7.843137254901960675e-02
9.969714750931938773e-04,9.019607843137255054e-01,-7.843137254901960675e-02
9.969734750931373134e-04,9.019607843137255054e-01,1.176470588235294101e-01
9.969754750930807496e-04,9.019607843137255054e-01,0.000000000000000000e+00
9.969774750930241857e-04,9.411764705882352811e-01,-7.843137254901960675e-02
9.969794750929676218e-04,8.627450980392157298e-01,1.568627450980392135e-01
9.969814750929110580e-04,8.627450980392157298e-01,-1.568627450980392135e-01
9.969834750928544941e-04,8.627450980392157298e-01,1.568627450980392135e-01
9.969854750927979303e-04,9.411764705882352811e-01,-7.843137254901960675e-02
9.969874750927413664e-04,8.627450980392157298e-01,-3.921568627450980338e-02
9.969894750926848025e-04,9.019607843137255054e-01,7.843137254901960675e-02
9.969914750926282387e-04,9.411764705882352811e-01,-1.568627450980392135e-01
9.969934750925716748e-04,9.411764705882352811e-01,1.176470588235294101e-01
9.969954750925151109e-04,8.235294117647058432e-01,0.000000000000000000e+00
9.969974750924585471e-04,9.019607843137255054e-01,3.921568627450980338e-02
9.969994750924019832e-04,9.019607843137255054e-01,1.176470588235294101e-01
9.970014750923454194e-04,9.411764705882352811e-01,-1.568627450980392135e-01
9.970034750922888555e-04,8.627450980392157298e-01,7.843137254901960675e-02
9.970054750922322916e-04,9.019607843137255054e-01,0.000000000000000000e+00
9.970074750921757278e-04,9.019607843137255054e-01,0.000000000000000000e+00
9.970094750921191639e-04,9.411764705882352811e-01,7.843137254901960675e-02
9.970114750920626000e-04,8.627450980392157298e-01,-7.843137254901960675e-02
9.970134750920060362e-04,8.627450980392157298e-01,7.843137254901960675e-02
9.970154750919494723e-04,8.627450980392157298e-01,0.000000000000000000e+00
9.970174750918929085e-04,9.411764705882352811e-01,-3.921568627450980338e-02
9.970194750918363446e-04,8.235294117647058432e-01,1.568627450980392135e-01
9.970214750917797807e-04,9.019607843137255054e-01,-1.960784313725490169e-01
9.970234750917232169e-04,9.019607843137255054e-01,1.568627450980392135e-01
9.970254750916666530e-04,9.411764705882352811e-01,0.000000000000000000e+00
9.970274750916100891e-04,8.627450980392157298e-01,0.000000000000000000e+00
9.970294750915535253e-04,8.235294117647058432e-01,7.843137254901960675e-02
9.970314750914969614e-04,9.019607843137255054e-01,-1.568627450980392135e-01
9.970334750914403976e-04,9.411764705882352811e-01,1.176470588235294101e-01
9.970354750913838337e-04,8.235294117647058432e-01,0.000000000000000000e+00
9.970374750913272698e-04,9.019607843137255054e-01,3.921568627450980338e-02
9.970394750912707060e-04,9.019607843137255054e-01,7.843137254901960675e-02
9.970414750912141421e-04,9.411764705882352811e-01,-1.568627450980392135e-01
9.970434750911575782e-04,8.627450980392157298e-01,3.921568627450980338e-02
9.970454750911010144e-04,9.019607843137255054e-01,0.000000000000000000e+00
9.970474750910444505e-04,9.019607843137255054e-01,0.000000000000000000e+00
9.970494750909878866e-04,9.019607843137255054e-01,7.843137254901960675e-02
9.970514750909313228e-04,8.235294117647058432e-01,-7.843137254901960675e-02
9.970534750908747589e-04,9.019607843137255054e-01,1.568627450980392135e-01
9.970554750908181951e-04,9.411764705882352811e-01,-3.921568627450980338e-02
9.970574750907616312e-04,9.411764705882352811e-01,-7.843137254901960675e-02
9.970594750907050673e-04,8.235294117647058432e-01,7.843137254901960675e-02
9.970614750906485035e-04,9.019607843137255054e-01,-1.568627450980392135e-01
9.970634750905919396e-04,9.019607843137255054e-01,1.176470588235294101e-01
9.970654750905353757e-04,9.411764705882352811e-01,0.000000000000000000e+00
9.970674750904788119e-04,8.627450980392157298e-01,-3.921568627450980338e-02
9.970694750904222480e-04,8.627450980392157298e-01,1.176470588235294101e-01
9.970714750903656842e-04,9.411764705882352811e-01,-1.568627450980392135e-01
9.970734750903091203e-04,9.411764705882352811e-01,7.843137254901960675e-02
9.970754750902525564e-04,8.627450980392157298e-01,0.000000000000000000e+00
9.970774750901959926e-04,9.019607843137255054e-01,0.000000000000000000e+00
9.970794750901394287e-04,8.627450980392157298e-01,1.176470588235294101e-01
9.970814750900828648e-04,9.411764705882352811e-01,-7.843137254901960675e-02
9.970834750900263010e-04,8.235294117647058432e-01,7.843137254901960675e-02
9.970854750899697371e-04,8.235294117647058432e-01,0.000000000000000000e+00
9.970874750899131733e-04,9.019607843137255054e-01,0.000000000000000000e+00
9.970894750898566094e-04,9.411764705882352811e-01,1.176470588235294101e-01
9.970914750898000455e-04,8.627450980392157298e-01,-7.843137254901960675e-02
9.970934750897434817e-04,9.019607843137255054e-01,7.843137254901960675e-02
9.970954750896869178e-04,9.019607843137255054e-01,-3.921568627450980338e-02
9.970974750896303539e-04,9.411764705882352811e-01,-7.843137254901960675e-02
9.970994750895737901e-04,8.235294117647058432e-01,1.176470588235294101e-01
9.971014750895172262e-04,9.411764705882352811e-01,-1.568627450980392135e-01
9.971034750894606623e-04,9.019607843137255054e-01,1.960784313725490446e-01
9.971054750894040985e-04,9.411764705882352811e-01,-7.843137254901960675e-02
9.971074750893475346e-04,8.627450980392157298e-01,-7.843137254901960675e-02
9.971094750892909708e-04,8.627450980392157298e-01,7.843137254901960675e-02
9.971114750892344069e-04,9.411764705882352811e-01,-1.568627450980392135e-01
9.971134750891778430e-04,9.411764705882352811e-01,7.843137254901960675e-02
9.971154750891212792e-04,8.627450980392157298e-01,0.000000000000000000e+00
9.971174750890647153e-04,9.019607843137255054e-01,0.000000000000000000e+00
9.971194750890081514e-04,9.019607843137255054e-01,1.176470588235294101e-01
9.971214750889515876e-04,9.411764705882352811e-01,-7.843137254901960675e-02
9.971234750888950237e-04,8.627450980392157298e-01,3.921568627450980338e-02
9.971254750888384599e-04,8.627450980392157298e-01,0.000000000000000000e+00
9.971274750887818960e-04,9.019607843137255054e-01,3.921568627450980338e-02
9.971294750887253321e-04,9.411764705882352811e-01,7.843137254901960675e-02
9.971314750886687683e-04,8.627450980392157298e-01,-7.843137254901960675e-02
9.971334750886122044e-04,8.627450980392157298e-01,7.843137254901960675e-02
9.971354750885556405e-04,9.019607843137255054e-01,-7.843137254901960675e-02
9.971374750884990767e-04,9.411764705882352811e-01,-7.843137254901960675e-02
9.971394750884425128e-04,8.627450980392157298e-01,1.568627450980392135e-01
9.971414750883859490e-04,9.411764705882352811e-01,-1.568627450980392135e-01
9.971434750883293851e-04,9.019607843137255054e-01,1.568627450980392135e-01
9.971454750882728212e-04,9.411764705882352811e-01,0.000000000000000000e+00
9.971474750882162574e-04,8.235294117647058432e-01,-3.921568627450980338e-02
9.971494750881596935e-04,9.019607843137255054e-01,1.176470588235294101e-01
9.971514750881031296e-04,9.019607843137255054e-01,-3.921568627450980338e-02
9.971534750880465658e-04,9.411764705882352811e-01,1.568627450980392135e-01
9.971554750879900019e-04,8.235294117647058432e-01,0.000000000000000000e+00
9.971574750879334380e-04,9.019607843137255054e-01,0.000000000000000000e+00
9.971594750878768742e-04,9.019607843137255054e-01,1.176470588235294101e-01
9.971614750878203103e-04,9.411764705882352811e-01,-7.843137254901960675e-02
9.971634750877637465e-04,8.235294117647058432e-01,7.843137254901960675e-02
9.971654750877071826e-04,8.627450980392157298e-01,0.000000000000000000e+00
9.971674750876506187e-04,9.019607843137255054e-01,3.921568627450980338e-02
9.971694750875940549e-04,9.019607843137255054e-01,7.843137254901960675e-02
9.971714750875374910e-04,8.627450980392157298e-01,-7.843137254901960675e-02
9.971734750874809271e-04,8.627450980392157298e-01,1.176470588235294101e-01
9.971754750874243633e-04,9.411764705882352811e-01,0.000000000000000000e+00
9.971774750873677994e-04,9.019607843137255054e-01,-7.843137254901960675e-02
9.971794750873112356e-04,8.627450980392157298e-01,1.568627450980392135e-01
9.971814750872546717e-04,8.235294117647058432e-01,-1.568627450980392135e-01
9.971834750871981078e-04,9.019607843137255054e-01,1.176470588235294101e-01
9.971854750871415440e-04,9.411764705882352811e-01,-3.921568627450980338e-02
9.971874750870849801e-04,8.627450980392157298e-01,-3.921568627450980338e-02
9.971894750870284162e-04,8.235294117647058432e-01,7.843137254901960675e-02
9.971914750869718524e-04,9.019607843137255054e-01,-1.568627450980392135e-01
9.971934750869152885e-04,9.411764705882352811e-01,1.568627450980392135e-01
9.971954750868587247e-04,8.627450980392157298e-01,0.000000000000000000e+00
9.971974750868021608e-04,9.019607843137255054e-01,0.000000000000000000e+00
9.971994750867455969e-04,9.019607843137255054e-01,1.176470588235294101e-01
9.972014750866890331e-04,9.411764705882352811e-01,-7.843137254901960675e-02
9.972034750866324692e-04,8.235294117647058432e-01,7.843137254901960675e-02
9.972054750865759053e-04,9.019607843137255054e-01,0.000000000000000000e+00
9.972074750865193415e-04,9.019607843137255054e-01,3.921568627450980338e-02
9.972094750864627776e-04,9.411764705882352811e-01,7.843137254901960675e-02
9.972114750864062137e-04,8.235294117647058432e-01,-1.568627450980392135e-01
9.972134750863496499e-04,8.627450980392157298e-01,7.843137254901960675e-02
9.972154750862930860e-04,9.411764705882352811e-01,0.000000000000000000e+00
9.972174750862365222e-04,9.411764705882352811e-01,-3.921568627450980338e-02
9.972194750861799583e-04,8.627450980392157298e-01,1.568627450980392135e-01
9.972214750861233944e-04,9.019607843137255054e-01,-1.568627450980392135e-01
9.972234750860668306e-04,9.019607843137255054e-01,1.568627450980392135e-01
9.972254750860102667e-04,9.411764705882352811e-01,0.000000000000000000e+00
9.972274750859537028e-04,8.627450980392157298e-01,-7.843137254901960675e-02
9.972294750858971390e-04,8.627450980392157298e-01,7.843137254901960675e-02
9.972314750858405751e-04,9.019607843137255054e-01,-1.568627450980392135e-01
9.972334750857840113e-04,9.411764705882352811e-01,7.843137254901960675e-02
9.972354750857274474e-04,8.235294117647058432e-01,0.000000000000000000e+00
9.972374750856708835e-04,8.627450980392157298e-01,0.000000000000000000e+00
9.972394750856143197e-04,8.627450980392157298e-01,1.176470588235294101e-01
9.972414750855577558e-04,9.411764705882352811e-01,-7.843137254901960675e-02
9.972434750855011919e-04,8.235294117647058432e-01,7.843137254901960675e-02
9.972454750854446281e-04,8.627450980392157298e-01,0.000000000000000000e+00
9.972474750853880642e-04,9.019607843137255054e-01,3.921568627450980338e-02
9.972494750853315004e-04,9.019607843137255054e-01,7.843137254901960675e-02
9.972514750852749365e-04,8.235294117647058432e-01,-7.843137254901960675e-02
9.972534750852183726e-04,8.627450980392157298e-01,7.843137254901960675e-02
9.972554750851618088e-04,9.411764705882352811e-01,3.921568627450980338e-02
9.972574750851052449e-04,9.803921568627450567e-01,-7.843137254901960675e-02
9.972594750850486810e-04,8.627450980392157298e-01,7.843137254901960675e-02
9.972614750849921172e-04,9.019607843137255054e-01,-1.568627450980392135e-01
9.972634750849355533e-04,9.411764705882352811e-01,1.568627450980392135e-01
9.972654750848789895e-04,9.019607843137255054e-01,-3.921568627450980338e-02
9.972674750848224256e-04,8.627450980392157298e-01,-7.843137254901960675e-02
9.972694750847658617e-04,8.235294117647058432e-01,7.843137254901960675e-02
9.972714750847092979e-04,9.019607843137255054e-01,-1.568627450980392135e-01
9.972734750846527340e-04,9.411764705882352811e-01,1.176470588235294101e-01
9.972754750845961701e-04,8.627450980392157298e-01,0.000000000000000000e+00
9.972774750845396063e-04,9.019607843137255054e-01,0.000000000000000000e+00
9.972794750844830424e-04,9.019607843137255054e-01,1.176470588235294101e-01
9.972814750844264785e-04,9.411764705882352811e-01,-7.843137254901960675e-02
9.972834750843699147e-04,8.627450980392157298e-01,7.843137254901960675e-02
9.972854750843133508e-04,8.627450980392157298e-01,0.000000000000000000e+00
9.972874750842567870e-04,9.019607843137255054e-01,3.921568627450980338e-02
9.972894750842002231e-04,9.019607843137255054e-01,1.176470588235294101e-01
9.972914750841436592e-04,8.235294117647058432e-01,-7.843137254901960675e-02
9.972934750840870954e-04,9.019607843137255054e-01,1.176470588235294101e-01
9.972954750840305315e-04,9.019607843137255054e-01,0.000000000000000000e+00
9.972974750839739676e-04,9.411764705882352811e-01,-3.921568627450980338e-02
9.972994750839174038e-04,8.235294117647058432e-01,1.176470588235294101e-01
9.973014750838608399e-04,8.627450980392157298e-01,-1.960784313725490169e-01
9.973034750838042761e-04,9.019607843137255054e-01,1.568627450980392135e-01
9.973054750837477122e-04,9.019607843137255054e-01,-3.921568627450980338e-02
9.973074750836911483e-04,8.235294117647058432e-01,-7.843137254901960675e-02
9.973094750836345845e-04,8.235294117647058432e-01,7.843137254901960675e-02
9.973114750835780206e-04,9.411764705882352811e-01,-1.568627450980392135e-01
9.973134750835214567e-04,9.411764705882352811e-01,7.843137254901960675e-02
9.973154750834648929e-04,8.627450980392157298e-01,0.000000000000000000e+00
9.973174750834083290e-04,8.627450980392157298e-01,0.000000000000000000e+00
9.973194750833517652e-04,9.019607843137255054e-01,1.176470588235294101e-01
9.973214750832952013e-04,9.411764705882352811e-01,-7.843137254901960675e-02
9.973234750832386374e-04,8.235294117647058432e-01,7.843137254901960675e-02
9.973254750831820736e-04,8.627450980392157298e-01,0.000000000000000000e+00
9.973274750831255097e-04,8.627450980392157298e-01,3.921568627450980338e-02
9.973294750830689458e-04,9.411764705882352811e-01,7.843137254901960675e-02
9.973314750830123820e-04,8.627450980392157298e-01,-7.843137254901960675e-02
9.973334750829558181e-04,9.019607843137255054e-01,7.843137254901960675e-02
9.973354750828992542e-04,8.627450980392157298e-01,0.000000000000000000e+00
9.973374750828426904e-04,9.019607843137255054e-01,-3.921568627450980338e-02
9.973394750827861265e-04,8.627450980392157298e-01,1.176470588235294101e-01
9.973414750827295627e-04,8.627450980392157298e-01,-1.568627450980392135e-01
9.973434750826729988e-04,9.019607843137255054e-01,1.568627450980392135e-01
9.973454750826164349e-04,9.411764705882352811e-01,-3.921568627450980338e-02
9.973474750825598711e-04,8.235294117647058432e-01,-3.921568627450980338e-02
9.973494750825033072e-04,8.235294117647058432e-01,7.843137254901960675e-02
9.973514750824467433e-04,9.019607843137255054e-01,-7.843137254901960675e-02
9.973534750823901795e-04,9.411764705882352811e-01,7.843137254901960675e-02
9.973554750823336156e-04,8.627450980392157298e-01,0.000000000000000000e+00
9.973574750822770518e-04,8.627450980392157298e-01,0.000000000000000000e+00
9.973594750822204879e-04,9.019607843137255054e-01,1.176470588235294101e-01
9.973614750821639240e-04,9.411764705882352811e-01,-7.843137254901960675e-02
9.973634750821073602e-04,8.235294117647058432e-01,7.843137254901960675e-02
9.973654750820507963e-04,8.627450980392157298e-01,0.000000000000000000e+00
9.973674750819942324e-04,9.019607843137255054e-01,3.921568627450980338e-02
9.973694750819376686e-04,9.019607843137255054e-01,7.843137254901960675e-02
9.973714750818811047e-04,8.627450980392157298e-01,-7.843137254901960675e-02
9.973734750818245409e-04,8.235294117647058432e-01,1.176470588235294101e-01
9.973754750817679770e-04,9.019607843137255054e-01,-3.921568627450980338e-02
9.973774750817114131e-04,9.411764705882352811e-01,-7.843137254901960675e-02
9.973794750816548493e-04,8.235294117647058432e-01,1.176470588235294101e-01
9.973814750815982854e-04,9.019607843137255054e-01,-1.960784313725490169e-01
9.973834750815417215e-04,8.627450980392157298e-01,1.176470588235294101e-01
9.973854750814851577e-04,9.411764705882352811e-01,0.000000000000000000e+00
9.973874750814285938e-04,8.627450980392157298e-01,-3.921568627450980338e-02
9.973894750813720299e-04,9.019607843137255054e-01,7.843137254901960675e-02
9.973914750813154661e-04,9.019607843137255054e-01,-7.843137254901960675e-02
9.973934750812589022e-04,9.411764705882352811e-01,7.843137254901960675e-02
9.973954750812023384e-04,8.235294117647058432e-01,0.000000000000000000e+00
9.973974750811457745e-04,8.627450980392157298e-01,0.000000000000000000e+00
9.973994750810892106e-04,9.019607843137255054e-01,1.176470588235294101e-01
9.974014750810326468e-04,9.411764705882352811e-01,-7.843137254901960675e-02
9.974034750809760829e-04,8.627450980392157298e-01,3.921568627450980338e-02
9.974054750809195190e-04,9.019607843137255054e-01,0.000000000000000000e+00
9.974074750808629552e-04,9.019607843137255054e-01,3.921568627450980338e-02
9.974094750808063913e-04,9.411764705882352811e-01,7.843137254901960675e-02
9.974114750807498275e-04,9.019607843137255054e-01,-7.843137254901960675e-02
9.974134750806932636e-04,9.019607843137255054e-01,1.176470588235294101e-01
9.974154750806366997e-04,9.019607843137255054e-01,0.000000000000000000e+00
9.974174750805801359e-04,9.411764705882352811e-01,-3.921568627450980338e-02
9.974194750805235720e-04,8.235294117647058432e-01,1.568627450980392135e-01
9.974214750804670081e-04,9.019607843137255054e-01,-1.568627450980392135e-01
9.974234750804104443e-04,8.627450980392157298e-01,1.568627450980392135e-01
9.974254750803538804e-04,9.411764705882352811e-01,0.000000000000000000e+00
9.974274750802973166e-04,8.627450980392157298e-01,-3.921568627450980338e-02
9.974294750802407527e-04,8.235294117647058432e-01,1.176470588235294101e-01
9.974314750801841888e-04,9.019607843137255054e-01,-7.843137254901960675e-02
9.974334750801276250e-04,9.411764705882352811e-01,1.176470588235294101e-01
9.974354750800710611e-04,8.627450980392157298e-01,0.000000000000000000e+00
9.974374750800144972e-04,9.019607843137255054e-01,3.921568627450980338e-02
9.974394750799579334e-04,9.019607843137255054e-01,1.568627450980392135e-01
9.974414750799013695e-04,9.411764705882352811e-01,-7.843137254901960675e-02
9.974434750798448057e-04,8.235294117647058432e-01,7.843137254901960675e-02
9.974454750797882418e-04,9.019607843137255054e-01,0.000000000000000000e+00
9.974474750797316779e-04,9.019607843137255054e-01,3.921568627450980338e-02
9.974494750796751141e-04,9.411764705882352811e-01,7.843137254901960675e-02
9.974514750796185502e-04,8.627450980392157298e-01,-7.843137254901960675e-02
9.974534750795619863e-04,8.627450980392157298e-01,7.843137254901960675e-02
9.974554750795054225e-04,8.627450980392157298e-01,-3.921568627450980338e-02
9.974574750794488586e-04,9.411764705882352811e-01,-3.921568627450980338e-02
9.974594750793922947e-04,8.235294117647058432e-01,1.568627450980392135e-01
9.974614750793357309e-04,8.627450980392157298e-01,-1.960784313725490169e-01
9.974634750792791670e-04,8.627450980392157298e-01,1.960784313725490446e-01
9.974654750792226032e-04,9.411764705882352811e-01,-3.921568627450980338e-02
9.974674750791660393e-04,8.627450980392157298e-01,-7.843137254901960675e-02
9.974694750791094754e-04,8.235294117647058432e-01,7.843137254901960675e-02
9.974714750790529116e-04,9.019607843137255054e-01,-1.568627450980392135e-01
9.974734750789963477e-04,9.411764705882352811e-01,7.843137254901960675e-02
9.974754750789397838e-04,8.627450980392157298e-01,0.000000000000000000e+00
9.974774750788832200e-04,8.627450980392157298e-01,0.000000000000000000e+00
9.974794750788266561e-04,8.627450980392157298e-01,1.176470588235294101e-01
9.974814750787700923e-04,9.411764705882352811e-01,-7.843137254901960675e-02
9.974834750787135284e-04,8.627450980392157298e-01,7.843137254901960675e-02
9.974854750786569645e-04,8.627450980392157298e-01,0.000000000000000000e+00
9.974874750786004007e-04,9.019607843137255054e-01,7.843137254901960675e-02
9.974894750785438368e-04,9.411764705882352811e-01,7.843137254901960675e-02
9.974914750784872729e-04,8.627450980392157298e-01,-7.843137254901960675e-02
9.974934750784307091e-04,8.627450980392157298e-01,1.176470588235294101e-01
9.974954750783741452e-04,9.019607843137255054e-01,-3.921568627450980338e-02
9.974974750783175814e-04,9.411764705882352811e-01,-7.843137254901960675e-02
9.974994750782610175e-04,8.627450980392157298e-01,1.176470588235294101e-01
9.975014750782044536e-04,9.411764705882352811e-01,-1.960784313725490169e-01
9.975034750781478898e-04,9.019607843137255054e-01,1.568627450980392135e-01
9.975054750780913259e-04,9.411764705882352811e-01,0.000000000000000000e+00
9.975074750780347620e-04,8.627450980392157298e-01,-7.843137254901960675e-02
9.975094750779781982e-04,9.019607843137255054e-01,7.843137254901960675e-02
9.975114750779216343e-04,9.019607843137255054e-01,-1.568627450980392135e-01
9.975134750778650704e-04,9.019607843137255054e-01,7.843137254901960675e-02
9.975154750778085066e-04,8.235294117647058432e-01,0.000000000000000000e+00
9.975174750777519427e-04,8.627450980392157298e-01,0.000000000000000000e+00
9.975194750776953789e-04,8.627450980392157298e-01,1.176470588235294101e-01
9.975214750776388150e-04,9.019607843137255054e-01,-7.843137254901960675e-02
9.975234750775822511e-04,8.235294117647058432e-01,7.843137254901960675e-02
9.975254750775256873e-04,8.627450980392157298e-01,0.000000000000000000e+00
9.975274750774691234e-04,9.019607843137255054e-01,0.000000000000000000e+00
9.975294750774125595e-04,9.019607843137255054e-01,7.843137254901960675e-02
9.975314750773559957e-04,8.235294117647058432e-01,-1.568627450980392135e-01
9.975334750772994318e-04,9.019607843137255054e-01,1.176470588235294101e-01
9.975354750772428680e-04,9.019607843137255054e-01,0.000000000000000000e+00
9.975374750771863041e-04,9.411764705882352811e-01,-3.921568627450980338e-02
9.975394750771297402e-04,8.627450980392157298e-01,1.568627450980392135e-01
9.975414750770731764e-04,9.019607843137255054e-01,-1.960784313725490169e-01
9.975434750770166125e-04,9.019607843137255054e-01,1.568627450980392135e-01
9.975454750769600486e-04,9.411764705882352811e-01,-3.921568627450980338e-02
9.975474750769034848e-04,8.627450980392157298e-01,-3.921568627450980338e-02
9.975494750768469209e-04,8.235294117647058432e-01,7.843137254901960675e-02
9.975514750767903571e-04,9.019607843137255054e-01,-7.843137254901960675e-02
9.975534750767337932e-04,9.411764705882352811e-01,7.843137254901960675e-02
9.975554750766772293e-04,8.627450980392157298e-01,0.000000000000000000e+00
9.975574750766206655e-04,8.627450980392157298e-01,0.000000000000000000e+00
9.975594750765641016e-04,9.019607843137255054e-01,1.176470588235294101e-01
9.975614750765075377e-04,9.411764705882352811e-01,-7.843137254901960675e-02
9.975634750764509739e-04,8.235294117647058432e-01,3.921568627450980338e-02
9.975654750763944100e-04,9.019607843137255054e-01,0.000000000000000000e+00
9.975674750763378461e-04,9.411764705882352811e-01,3.921568627450980338e-02
9.975694750762812823e-04,9.411764705882352811e-01,7.843137254901960675e-02
9.975714750762247184e-04,8.627450980392157298e-01,-7.843137254901960675e-02
9.975734750761681546e-04,8.627450980392157298e-01,1.176470588235294101e-01
9.975754750761115907e-04,9.019607843137255054e-01,0.000000000000000000e+00
9.975774750760550268e-04,9.411764705882352811e-01,-3.921568627450980338e-02
9.975794750759984630e-04,8.627450980392157298e-01,7.843137254901960675e-02
9.975814750759418991e-04,8.627450980392157298e-01,-1.960784313725490169e-01
9.975834750758853352e-04,8.627450980392157298e-01,1.568627450980392135e-01
9.975854750758287714e-04,9.411764705882352811e-01,0.000000000000000000e+00
9.975874750757722075e-04,8.627450980392157298e-01,-3.921568627450980338e-02
9.975894750757156437e-04,8.627450980392157298e-01,7.843137254901960675e-02
9.975914750756590798e-04,9.411764705882352811e-01,-7.843137254901960675e-02
9.975934750756025159e-04,9.411764705882352811e-01,1.176470588235294101e-01
9.975954750755459521e-04,8.235294117647058432e-01,0.000000000000000000e+00
9.975974750754893882e-04,8.627450980392157298e-01,0.000000000000000000e+00
9.975994750754328243e-04,8.627450980392157298e-01,1.176470588235294101e-01
9.976014750753762605e-04,9.411764705882352811e-01,-7.843137254901960675e-02
9.976034750753196966e-04,8.235294117647058432e-01,7.843137254901960675e-02
9.976054750752631328e-04,9.019607843137255054e-01,0.000000000000000000e+00
9.976074750752065689e-04,9.019607843137255054e-01,3.921568627450980338e-02
9.976094750751500050e-04,9.019607843137255054e-01,7.843137254901960675e-02
9.976114750750934412e-04,8.627450980392157298e-01,-1.568627450980392135e-01
9.976134750750368773e-04,8.627450980392157298e-01,1.568627450980392135e-01
9.976154750749803134e-04,9.019607843137255054e-01,-3.921568627450980338e-02
9.976174750749237496e-04,9.019607843137255054e-01,-3.921568627450980338e-02
9.976194750748671857e-04,8.235294117647058432e-01,7.843137254901960675e-02
9.976214750748106218e-04,9.019607843137255054e-01,-1.960784313725490169e-01
9.976234750747540580e-04,9.019607843137255054e-01,1.176470588235294101e-01
9.976254750746974941e-04,9.019607843137255054e-01,-3.921568627450980338e-02
9.976274750746409303e-04,8.235294117647058432e-01,-3.921568627450980338e-02
9.976294750745843664e-04,9.019607843137255054e-01,7.843137254901960675e-02
9.976314750745278025e-04,9.411764705882352811e-01,-1.568627450980392135e-01
9.976334750744712387e-04,9.411764705882352811e-01,7.843137254901960675e-02
9.976354750744146748e-04,8.235294117647058432e-01,0.000000000000000000e+00
9.976374750743581109e-04,9.019607843137255054e-01,0.000000000000000000e+00
9.976394750743015471e-04,9.019607843137255054e-01,1.176470588235294101e-01
9.976414750742449832e-04,9.411764705882352811e-01,-7.843137254901960675e-02
9.976434750741884194e-04,8.235294117647058432e-01,3.921568627450980338e-02
9.976454750741318555e-04,8.235294117647058432e-01,-7.843137254901960675e-02
9.976474750740752916e-04,9.019607843137255054e-01,0.000000000000000000e+00
9.976494750740187278e-04,9.019607843137255054e-01,7.843137254901960675e-02
9.976514750739621639e-04,8.627450980392157298e-01,-7.843137254901960675e-02
9.976534750739056000e-04,8.627450980392157298e-01,1.176470588235294101e-01
9.976554750738490362e-04,8.627450980392157298e-01,-3.921568627450980338e-02
9.976574750737924723e-04,9.411764705882352811e-01,0.000000000000000000e+00
9.976594750737359085e-04,8.235294117647058432e-01,1.568627450980392135e-01
9.976614750736793446e-04,9.411764705882352811e-01,-1.568627450980392135e-01
9.976634750736227807e-04,9.019607843137255054e-01,1.568627450980392135e-01
9.976654750735662169e-04,9.411764705882352811e-01,-3.921568627450980338e-02
9.976674750735096530e-04,8.235294117647058432e-01,-7.843137254901960675e-02
9.976694750734530891e-04,9.019607843137255054e-01,7.843137254901960675e-02
9.976714750733965253e-04,9.411764705882352811e-01,-1.568627450980392135e-01
9.976734750733399614e-04,9.411764705882352811e-01,7.843137254901960675e-02
9.976754750732833976e-04,8.627450980392157298e-01,0.000000000000000000e+00
9.976774750732268337e-04,9.019607843137255054e-01,0.000000000000000000e+00
9.976794750731702698e-04,9.019607843137255054e-01,1.176470588235294101e-01
9.976814750731137060e-04,9.411764705882352811e-01,-1.568627450980392135e-01
9.976834750730571421e-04,8.627450980392157298e-01,7.843137254901960675e-02
9.976854750730005782e-04,9.019607843137255054e-01,0.000000000000000000e+00
9.976874750729440144e-04,9.019607843137255054e-01,7.843137254901960675e-02
9.976894750728874505e-04,9.411764705882352811e-01,7.843137254901960675e-02
9.976914750728308866e-04,8.627450980392157298e-01,-7.843137254901960675e-02
9.976934750727743228e-04,9.019607843137255054e-01,1.176470588235294101e-01
9.976954750727177589e-04,9.019607843137255054e-01,0.000000000000000000e+00
9.976974750726611951e-04,9.411764705882352811e-01,-3.921568627450980338e-02
9.976994750726046312e-04,8.627450980392157298e-01,1.176470588235294101e-01
9.977014750725480673e-04,9.019607843137255054e-01,-1.960784313725490169e-01
9.977034750724915035e-04,9.411764705882352811e-01,1.568627450980392135e-01
9.977054750724349396e-04,9.411764705882352811e-01,0.000000000000000000e+00
9.977074750723783757e-04,8.235294117647058432e-01,-7.843137254901960675e-02
9.977094750723218119e-04,8.627450980392157298e-01,1.176470588235294101e-01
9.977114750722652480e-04,9.411764705882352811e-01,-7.843137254901960675e-02
9.977134750722086842e-04,9.411764705882352811e-01,7.843137254901960675e-02
9.977154750721521203e-04,8.235294117647058432e-01,0.000000000000000000e+00
9.977174750720955564e-04,9.019607843137255054e-01,0.000000000000000000e+00
9.977194750720389926e-04,9.019607843137255054e-01,1.176470588235294101e-01
9.977214750719824287e-04,9.411764705882352811e-01,-7.843137254901960675e-02
9.977234750719258648e-04,8.235294117647058432e-01,7.843137254901960675e-02
9.977254750718693010e-04,8.627450980392157298e-01,0.000000000000000000e+00
9.977274750718127371e-04,9.411764705882352811e-01,0.000000000000000000e+00
9.977294750717561733e-04,9.411764705882352811e-01,7.843137254901960675e-02
9.977314750716996094e-04,8.627450980392157298e-01,-7.843137254901960675e-02
9.977334750716430455e-04,8.627450980392157298e-01,1.176470588235294101e-01
9.977354750715864817e-04,8.627450980392157298e-01,0.000000000000000000e+00
9.977374750715299178e-04,9.411764705882352811e-01,0.000000000000000000e+00
9.977394750714733539e-04,8.235294117647058432e-01,1.568627450980392135e-01
9.977414750714167901e-04,9.019607843137255054e-01,-1.568627450980392135e-01
9.977434750713602262e-04,9.019607843137255054e-01,1.568627450980392135e-01
9.977454750713036623e-04,9.411764705882352811e-01,0.000000000000000000e+00
9.977474750712470985e-04,8.627450980392157298e-01,-3.921568627450980338e-02
9.977494750711905346e-04,9.019607843137255054e-01,7.843137254901960675e-02
9.977514750711339708e-04,9.411764705882352811e-01,-7.843137254901960675e-02
9.977534750710774069e-04,9.803921568627450567e-01,7.843137254901960675e-02
9.977554750710208430e-04,8.235294117647058432e-01,0.000000000000000000e+00
9.977574750709642792e-04,9.019607843137255054e-01,0.000000000000000000e+00
9.977594750709077153e-04,9.019607843137255054e-01,1.176470588235294101e-01
9.977614750708511514e-04,9.411764705882352811e-01,-7.843137254901960675e-02
9.977634750707945876e-04,8.235294117647058432e-01,7.843137254901960675e-02
9.977654750707380237e-04,9.019607843137255054e-01,0.000000000000000000e+00
9.977674750706814599e-04,9.019607843137255054e-01,3.921568627450980338e-02
9.977694750706248960e-04,9.411764705882352811e-01,7.843137254901960675e-02
9.977714750705683321e-04,8.627450980392157298e-01,-7.843137254901960675e-02
9.977734750705117683e-04,8.627450980392157298e-01,1.176470588235294101e-01
9.977754750704552044e-04,9.019607843137255054e-01,0.000000000000000000e+00
9.977774750703986405e-04,9.411764705882352811e-01,0.000000000000000000e+00
9.977794750703420767e-04,8.235294117647058432e-01,1.568627450980392135e-01
9.977814750702855128e-04,9.019607843137255054e-01,-1.960784313725490169e-01
9.977834750702289490e-04,9.019607843137255054e-01,1.568627450980392135e-01
9.977854750701723851e-04,9.411764705882352811e-01,-3.921568627450980338e-02
9.977874750701158212e-04,8.627450980392157298e-01,-7.843137254901960675e-02
9.977894750700592574e-04,8.627450980392157298e-01,7.843137254901960675e-02
9.977914750700026935e-04,9.411764705882352811e-01,-1.568627450980392135e-01
9.977934750699461296e-04,9.411764705882352811e-01,7.843137254901960675e-02
9.977954750698895658e-04,8.235294117647058432e-01,0.000000000000000000e+00
9.977974750698330019e-04,8.627450980392157298e-01,0.000000000000000000e+00
9.977994750697764380e-04,9.019607843137255054e-01,1.176470588235294101e-01
9.978014750697198742e-04,9.411764705882352811e-01,-7.843137254901960675e-02
9.978034750696633103e-04,8.235294117647058432e-01,3.921568627450980338e-02
9.978054750696067465e-04,8.627450980392157298e-01,0.000000000000000000e+00
9.978074750695501826e-04,9.019607843137255054e-01,3.921568627450980338e-02
9.978094750694936187e-04,9.411764705882352811e-01,7.843137254901960675e-02
9.978114750694370549e-04,9.019607843137255054e-01,-1.568627450980392135e-01
9.978134750693804910e-04,9.019607843137255054e-01,1.568627450980392135e-01
9.978154750693239271e-04,9.019607843137255054e-01,0.000000000000000000e+00
9.978174750692673633e-04,9.411764705882352811e-01,-3.921568627450980338e-02
9.978194750692107994e-04,8.627450980392157298e-01,1.568627450980392135e-01
9.978214750691542356e-04,9.019607843137255054e-01,-1.568627450980392135e-01
9.978234750690976717e-04,9.019607843137255054e-01,1.568627450980392135e-01
9.978254750690411078e-04,9.411764705882352811e-01,-3.921568627450980338e-02
9.978274750689845440e-04,8.235294117647058432e-01,-7.843137254901960675e-02
9.978294750689279801e-04,9.019607843137255054e-01,7.843137254901960675e-02
9.978314750688714162e-04,9.019607843137255054e-01,-1.568627450980392135e-01
9.978334750688148524e-04,9.411764705882352811e-01,7.843137254901960675e-02
9.978354750687582885e-04,8.235294117647058432e-01,0.000000000000000000e+00
9.978374750687017247e-04,9.411764705882352811e-01,0.000000000000000000e+00
9.978394750686451608e-04,9.411764705882352811e-01,1.176470588235294101e-01
9.978414750685885969e-04,9.411764705882352811e-01,-7.843137254901960675e-02
9.978434750685320331e-04,8.627450980392157298e-01,3.921568627450980338e-02
9.978454750684754692e-04,9.019607843137255054e-01,0.000000000000000000e+00
9.978474750684189053e-04,9.411764705882352811e-01,3.921568627450980338e-02
9.978494750683623415e-04,9.411764705882352811e-01,1.176470588235294101e-01
9.978514750683057776e-04,8.235294117647058432e-01,-7.843137254901960675e-02
9.978534750682492138e-04,8.627450980392157298e-01,1.176470588235294101e-01
9.978554750681926499e-04,8.627450980392157298e-01,0.000000000000000000e+00
9.978574750681360860e-04,9.411764705882352811e-01,-7.843137254901960675e-02
9.978594750680795222e-04,8.235294117647058432e-01,1.176470588235294101e-01
9.978614750680229583e-04,9.411764705882352811e-01,-1.960784313725490169e-01
9.978634750679663944e-04,8.627450980392157298e-01,1.176470588235294101e-01
9.978654750679098306e-04,9.411764705882352811e-01,-3.921568627450980338e-02
9.978674750678532667e-04,8.627450980392157298e-01,-7.843137254901960675e-02
9.978694750677967028e-04,8.627450980392157298e-01,7.843137254901960675e-02
9.978714750677401390e-04,9.019607843137255054e-01,-1.568627450980392135e-01
9.978734750676835751e-04,9.411764705882352811e-01,7.843137254901960675e-02
9.978754750676270113e-04,8.627450980392157298e-01,0.000000000000000000e+00
9.978774750675704474e-04,9.019607843137255054e-01,0.000000000000000000e+00
9.978794750675138835e-04,9.019607843137255054e-01,1.568627450980392135e-01
9.978814750674573197e-04,9.411764705882352811e-01,-7.843137254901960675e-02
9.978834750674007558e-04,8.627450980392157298e-01,7.843137254901960675e-02
9.978854750673441919e-04,8.627450980392157298e-01,0.000000000000000000e+00
9.978874750672876281e-04,9.411764705882352811e-01,3.921568627450980338e-02
9.978894750672310642e-04,9.411764705882352811e-01,7.843137254901960675e-02
9.978914750671745004e-04,8.235294117647058432e-01,-7.843137254901960675e-02
9.978934750671179365e-04,8.235294117647058432e-01,1.176470588235294101e-01
9.978954750670613726e-04,9.019607843137255054e-01,0.000000000000000000e+00
9.978974750670048088e-04,9.019607843137255054e-01,-7.843137254901960675e-02
9.978994750669482449e-04,8.627450980392157298e-01,7.843137254901960675e-02
9.979014750668916810e-04,9.019607843137255054e-01,-1.568627450980392135e-01
9.979034750668351172e-04,8.627450980392157298e-01,1.568627450980392135e-01
9.979054750667785533e-04,9.411764705882352811e-01,-3.921568627450980338e-02
9.979074750667219895e-04,8.627450980392157298e-01,-7.843137254901960675e-02
9.979094750666654256e-04,8.627450980392157298e-01,7.843137254901960675e-02
9.979114750666088617e-04,9.019607843137255054e-01,-7.843137254901960675e-02
9.979134750665522979e-04,9.411764705882352811e-01,7.843137254901960675e-02
9.979154750664957340e-04,8.627450980392157298e-01,0.000000000000000000e+00
9.979174750664391701e-04,9.019607843137255054e-01,0.000000000000000000e+00
9.979194750663826063e-04,8.627450980392157298e-01,1.176470588235294101e-01
9.979214750663260424e-04,9.411764705882352811e-01,-7.843137254901960675e-02
9.979234750662694785e-04,8.235294117647058432e-01,7.843137254901960675e-02
9.979254750662129147e-04,9.019607843137255054e-01,0.000000000000000000e+00
9.979274750661563508e-04,9.019607843137255054e-01,0.000000000000000000e+00
9.979294750660997870e-04,9.411764705882352811e-01,7.843137254901960675e-02
9.979314750660432231e-04,8.627450980392157298e-01,-7.843137254901960675e-02
9.979334750659866592e-04,8.235294117647058432e-01,1.176470588235294101e-01
9.979354750659300954e-04,9.019607843137255054e-01,0.000000000000000000e+00
9.979374750658735315e-04,9.411764705882352811e-01,-3.921568627450980338e-02
9.979394750658169676e-04,8.235294117647058432e-01,1.568627450980392135e-01
9.979414750657604038e-04,9.411764705882352811e-01,-1.568627450980392135e-01
9.979434750657038399e-04,9.019607843137255054e-01,1.568627450980392135e-01
9.979454750656472761e-04,9.411764705882352811e-01,0.000000000000000000e+00
9.979474750655907122e-04,8.627450980392157298e-01,-7.843137254901960675e-02
9.979494750655341483e-04,8.627450980392157298e-01,7.843137254901960675e-02
9.979514750654775845e-04,9.019607843137255054e-01,-7.843137254901960675e-02
9.979534750654210206e-04,9.411764705882352811e-01,1.176470588235294101e-01
9.979554750653644567e-04,8.235294117647058432e-01,0.000000000000000000e+00
9.979574750653078929e-04,9.411764705882352811e-01,0.000000000000000000e+00
9.979594750652513290e-04,9.019607843137255054e-01,1.568627450980392135e-01
9.979614750651947652e-04,9.411764705882352811e-01,-7.843137254901960675e-02
9.979634750651382013e-04,8.627450980392157298e-01,7.843137254901960675e-02
9.979654750650816374e-04,9.019607843137255054e-01,0.000000000000000000e+00
9.979674750650250736e-04,9.019607843137255054e-01,7.843137254901960675e-02
9.979694750649685097e-04,9.411764705882352811e-01,7.843137254901960675e-02
9.979714750649119458e-04,8.627450980392157298e-01,-7.843137254901960675e-02
9.979734750648553820e-04,8.627450980392157298e-01,1.176470588235294101e-01
9.979754750647988181e-04,9.019607843137255054e-01,-3.921568627450980338e-02
9.979774750647422542e-04,9.411764705882352811e-01,-3.921568627450980338e-02
9.979794750646856904e-04,8.627450980392157298e-01,1.568627450980392135e-01
9.979814750646291265e-04,9.019607843137255054e-01,-1.568627450980392135e-01
9.979834750645725627e-04,9.019607843137255054e-01,1.568627450980392135e-01
9.979854750645159988e-04,9.411764705882352811e-01,0.000000000000000000e+00
9.979874750644594349e-04,8.627450980392157298e-01,-7.843137254901960675e-02
9.979894750644028711e-04,8.235294117647058432e-01,7.843137254901960675e-02
9.979914750643463072e-04,9.019607843137255054e-01,-1.568627450980392135e-01
9.979934750642897433e-04,9.019607843137255054e-01,7.843137254901960675e-02
9.979954750642331795e-04,8.627450980392157298e-01,0.000000000000000000e+00
9.979974750641766156e-04,8.627450980392157298e-01,0.000000000000000000e+00
9.979994750641200518e-04,9.019607843137255054e-01,1.176470588235294101e-01
9.980014750640634879e-04,9.411764705882352811e-01,-7.843137254901960675e-02
9.980034750640069240e-04,8.627450980392157298e-01,7.843137254901960675e-02
9.980054750639503602e-04,8.627450980392157298e-01,0.000000000000000000e+00
9.980074750638937963e-04,9.019607843137255054e-01,3.921568627450980338e-02
9.980094750638372324e-04,9.019607843137255054e-01,7.843137254901960675e-02
9.980114750637806686e-04,8.627450980392157298e-01,-7.843137254901960675e-02
9.980134750637241047e-04,8.235294117647058432e-01,7.843137254901960675e-02
9.980154750636675409e-04,9.019607843137255054e-01,-3.921568627450980338e-02
9.980174750636109770e-04,9.411764705882352811e-01,-3.921568627450980338e-02
9.980194750635544131e-04,8.627450980392157298e-01,1.568627450980392135e-01
9.980214750634978493e-04,8.627450980392157298e-01,-1.960784313725490169e-01
9.980234750634412854e-04,9.019607843137255054e-01,1.568627450980392135e-01
9.980254750633847215e-04,9.411764705882352811e-01,-3.921568627450980338e-02
9.980274750633281577e-04,9.019607843137255054e-01,-7.843137254901960675e-02
9.980294750632715938e-04,9.019607843137255054e-01,7.843137254901960675e-02
9.980314750632150299e-04,9.019607843137255054e-01,-1.568627450980392135e-01
9.980334750631584661e-04,9.411764705882352811e-01,7.843137254901960675e-02
9.980354750631019022e-04,8.627450980392157298e-01,0.000000000000000000e+00
9.980374750630453384e-04,9.019607843137255054e-01,0.000000000000000000e+00
9.980394750629887745e-04,8.627450980392157298e-01,1.176470588235294101e-01
9.980414750629322106e-04,9.411764705882352811e-01,-7.843137254901960675e-02
9.980434750628756468e-04,8.627450980392157298e-01,3.921568627450980338e-02
9.980454750628190829e-04,8.627450980392157298e-01,0.000000000000000000e+00
9.980474750627625190e-04,9.019607843137255054e-01,3.921568627450980338e-02
9.980494750627059552e-04,9.411764705882352811e-01,1.176470588235294101e-01
9.980514750626493913e-04,8.627450980392157298e-01,-7.843137254901960675e-02
9.980534750625928275e-04,9.019607843137255054e-01,1.176470588235294101e-01
9.980554750625362636e-04,8.627450980392157298e-01,0.000000000000000000e+00
9.980574750624796997e-04,9.411764705882352811e-01,-7.843137254901960675e-02
9.980594750624231359e-04,8.627450980392157298e-01,1.176470588235294101e-01
9.980614750623665720e-04,9.019607843137255054e-01,-1.960784313725490169e-01
9.980634750623100081e-04,9.019607843137255054e-01,1.568627450980392135e-01
9.980654750622534443e-04,9.411764705882352811e-01,0.000000000000000000e+00
9.980674750621968804e-04,8.627450980392157298e-01,-7.843137254901960675e-02
9.980694750621403166e-04,8.235294117647058432e-01,7.843137254901960675e-02
9.980714750620837527e-04,8.627450980392157298e-01,-7.843137254901960675e-02
9.980734750620271888e-04,9.411764705882352811e-01,7.843137254901960675e-02
9.980754750619706250e-04,8.235294117647058432e-01,0.000000000000000000e+00
9.980774750619140611e-04,8.627450980392157298e-01,0.000000000000000000e+00
9.980794750618574972e-04,9.019607843137255054e-01,1.568627450980392135e-01
9.980814750618009334e-04,9.411764705882352811e-01,-7.843137254901960675e-02
9.980834750617443695e-04,8.235294117647058432e-01,3.921568627450980338e-02
9.980854750616878057e-04,9.019607843137255054e-01,0.000000000000000000e+00
9.980874750616312418e-04,9.411764705882352811e-01,0.000000000000000000e+00
9.980894750615746779e-04,9.411764705882352811e-01,7.843137254901960675e-02
9.980914750615181141e-04,8.627450980392157298e-01,-7.843137254901960675e-02
9.980934750614615502e-04,9.019607843137255054e-01,7.843137254901960675e-02
9.980954750614049863e-04,9.019607843137255054e-01,0.000000000000000000e+00
9.980974750613484225e-04,9.411764705882352811e-01,-3.921568627450980338e-02
9.980994750612918586e-04,8.627450980392157298e-01,1.176470588235294101e-01
9.981014750612352947e-04,9.019607843137255054e-01,-1.960784313725490169e-01
9.981034750611787309e-04,9.411764705882352811e-01,1.568627450980392135e-01
9.981054750611221670e-04,9.411764705882352811e-01,-3.921568627450980338e-02
9.981074750610656032e-04,8.627450980392157298e-01,-7.843137254901960675e-02
9.981094750610090393e-04,8.627450980392157298e-01,7.843137254901960675e-02
9.981114750609524754e-04,9.019607843137255054e-01,-1.568627450980392135e-01
9.981134750608959116e-04,9.411764705882352811e-01,7.843137254901960675e-02
9.981154750608393477e-04,8.627450980392157298e-01,0.000000000000000000e+00
9.981174750607827838e-04,8.627450980392157298e-01,0.000000000000000000e+00
9.981194750607262200e-04,9.019607843137255054e-01,1.176470588235294101e-01
9.981214750606696561e-04,9.411764705882352811e-01,-7.843137254901960675e-02
9.981234750606130923e-04,8.627450980392157298e-01,7.843137254901960675e-02
9.981254750605565284e-04,8.627450980392157298e-01,0.000000000000000000e+00
9.981274750604999645e-04,9.019607843137255054e-01,3.921568627450980338e-02
9.981294750604434007e-04,9.411764705882352811e-01,7.843137254901960675e-02
9.981314750603868368e-04,8.627450980392157298e-01,-1.568627450980392135e-01
9.981334750603302729e-04,8.235294117647058432e-01,1.176470588235294101e-01
9.981354750602737091e-04,9.411764705882352811e-01,0.000000000000000000e+00
9.981374750602171452e-04,9.411764705882352811e-01,-7.843137254901960675e-02
9.981394750601605814e-04,8.235294117647058432e-01,1.176470588235294101e-01
9.981414750601040175e-04,9.019607843137255054e-01,-1.568627450980392135e-01
9.981434750600474536e-04,9.019607843137255054e-01,1.176470588235294101e-01
9.981454750599908898e-04,9.411764705882352811e-01,0.000000000000000000e+00
9.981474750599343259e-04,8.627450980392157298e-01,-7.843137254901960675e-02
9.981494750598777620e-04,8.235294117647058432e-01,7.843137254901960675e-02
9.981514750598211982e-04,9.019607843137255054e-01,-7.843137254901960675e-02
9.981534750597646343e-04,9.411764705882352811e-01,7.843137254901960675e-02
9.981554750597080704e-04,8.627450980392157298e-01,0.000000000000000000e+00
9.981574750596515066e-04,8.235294117647058432e-01,0.000000000000000000e+00
9.981594750595949427e-04,9.019607843137255054e-01,1.176470588235294101e-01
9.981614750595383789e-04,9.411764705882352811e-01,-7.843137254901960675e-02
9.981634750594818150e-04,8.235294117647058432e-01,7.843137254901960675e-02
9.981654750594252511e-04,8.627450980392157298e-01,0.000000000000000000e+00
9.981674750593686873e-04,9.411764705882352811e-01,3.921568627450980338e-02
9.981694750593121234e-04,9.411764705882352811e-01,7.843137254901960675e-02
9.981714750592555595e-04,8.627450980392157298e-01,-1.568627450980392135e-01
9.981734750591989957e-04,8.235294117647058432e-01,7.843137254901960675e-02
9.981754750591424318e-04,8.627450980392157298e-01,0.000000000000000000e+00
9.981774750590858680e-04,9.803921568627450567e-01,-3.921568627450980338e-02
9.981794750590293041e-04,8.235294117647058432e-01,7.843137254901960675e-02
9.981814750589727402e-04,9.019607843137255054e-01,-1.568627450980392135e-01
9.981834750589161764e-04,9.019607843137255054e-01,1.568627450980392135e-01
9.981854750588596125e-04,9.411764705882352811e-01,-3.921568627450980338e-02
9.981874750588030486e-04,8.627450980392157298e-01,-7.843137254901960675e-02
9.981894750587464848e-04,9.019607843137255054e-01,1.176470588235294101e-01
9.981914750586899209e-04,9.019607843137255054e-01,-1.568627450980392135e-01
9.981934750586333571e-04,9.411764705882352811e-01,7.843137254901960675e-02
9.981954750585767932e-04,8.627450980392157298e-01,3.921568627450980338e-02
9.981974750585202293e-04,9.019607843137255054e-01,0.000000000000000000e+00
9.981994750584636655e-04,9.019607843137255054e-01,1.176470588235294101e-01
9.982014750584071016e-04,9.803921568627450567e-01,-7.843137254901960675e-02
9.982034750583505377e-04,8.235294117647058432e-01,3.921568627450980338e-02
9.982054750582939739e-04,8.627450980392157298e-01,0.000000000000000000e+00
9.982074750582374100e-04,8.627450980392157298e-01,0.000000000000000000e+00
9.982094750581808461e-04,9.411764705882352811e-01,7.843137254901960675e-02
9.982114750581242823e-04,8.235294117647058432e-01,-7.843137254901960675e-02
9.982134750580677184e-04,8.627450980392157298e-01,1.176470588235294101e-01
9.982154750580111546e-04,9.019607843137255054e-01,0.000000000000000000e+00
9.982174750579545907e-04,9.411764705882352811e-01,-7.843137254901960675e-02
9.982194750578980268e-04,8.627450980392157298e-01,1.176470588235294101e-01
9.982214750578414630e-04,9.019607843137255054e-01,-1.568627450980392135e-01
9.982234750577848991e-04,9.019607843137255054e-01,1.568627450980392135e-01
9.982254750577283352e-04,9.411764705882352811e-01,-3.921568627450980338e-02
9.982274750576717714e-04,8.627450980392157298e-01,-3.921568627450980338e-02
9.982294750576152075e-04,8.627450980392157298e-01,1.176470588235294101e-01
9.982314750575586437e-04,9.411764705882352811e-01,-1.568627450980392135e-01
9.982334750575020798e-04,9.411764705882352811e-01,7.843137254901960675e-02
9.982354750574455159e-04,8.627450980392157298e-01,0.000000000000000000e+00
9.982374750573889521e-04,9.411764705882352811e-01,0.000000000000000000e+00
9.982394750573323882e-04,8.627450980392157298e-01,7.843137254901960675e-02
9.982414750572758243e-04,9.411764705882352811e-01,-7.843137254901960675e-02
9.982434750572192605e-04,8.235294117647058432e-01,7.843137254901960675e-02
9.982454750571626966e-04,8.627450980392157298e-01,0.000000000000000000e+00
9.982474750571061328e-04,9.019607843137255054e-01,0.000000000000000000e+00
9.982494750570495689e-04,9.411764705882352811e-01,3.921568627450980338e-02
9.982514750569930050e-04,8.627450980392157298e-01,-7.843137254901960675e-02
9.982534750569364412e-04,8.627450980392157298e-01,7.843137254901960675e-02
9.982554750568798773e-04,9.019607843137255054e-01,0.000000000000000000e+00
9.982574750568233134e-04,9.411764705882352811e-01,-7.843137254901960675e-02
9.982594750567667496e-04,8.627450980392157298e-01,1.176470588235294101e-01
9.982614750567101857e-04,9.019607843137255054e-01,-1.568627450980392135e-01
9.982634750566536219e-04,9.019607843137255054e-01,1.568627450980392135e-01
9.982654750565970580e-04,9.411764705882352811e-01,-3.921568627450980338e-02
9.982674750565404941e-04,8.235294117647058432e-01,-7.843137254901960675e-02
9.982694750564839303e-04,8.627450980392157298e-01,7.843137254901960675e-02
9.982714750564273664e-04,9.411764705882352811e-01,-7.843137254901960675e-02
9.982734750563708025e-04,9.411764705882352811e-01,7.843137254901960675e-02
9.982754750563142387e-04,8.627450980392157298e-01,0.000000000000000000e+00
9.982774750562576748e-04,9.411764705882352811e-01,0.000000000000000000e+00
9.982794750562011109e-04,8.627450980392157298e-01,1.176470588235294101e-01
9.982814750561445471e-04,9.411764705882352811e-01,-7.843137254901960675e-02
9.982834750560879832e-04,8.235294117647058432e-01,7.843137254901960675e-02
9.982854750560314194e-04,8.627450980392157298e-01,0.000000000000000000e+00
9.982874750559748555e-04,9.019607843137255054e-01,3.921568627450980338e-02
9.982894750559182916e-04,9.411764705882352811e-01,7.843137254901960675e-02
9.982914750558617278e-04,8.627450980392157298e-01,-7.843137254901960675e-02
9.982934750558051639e-04,8.627450980392157298e-01,3.921568627450980338e-02
9.982954750557486000e-04,9.019607843137255054e-01,0.000000000000000000e+00
9.982974750556920362e-04,9.411764705882352811e-01,-7.843137254901960675e-02
9.982994750556354723e-04,8.627450980392157298e-01,1.568627450980392135e-01
9.983014750555789085e-04,9.019607843137255054e-01,-1.568627450980392135e-01
9.983034750555223446e-04,9.019607843137255054e-01,1.568627450980392135e-01
9.983054750554657807e-04,9.411764705882352811e-01,-3.921568627450980338e-02
9.983074750554092169e-04,8.627450980392157298e-01,-3.921568627450980338e-02
9.983094750553526530e-04,8.627450980392157298e-01,7.843137254901960675e-02
9.983114750552960891e-04,9.411764705882352811e-01,-3.921568627450980338e-02
9.983134750552395253e-04,9.019607843137255054e-01,7.843137254901960675e-02
9.983154750551829614e-04,8.627450980392157298e-01,0.000000000000000000e+00
9.983174750551263976e-04,9.019607843137255054e-01,0.000000000000000000e+00
9.983194750550698337e-04,9.019607843137255054e-01,1.176470588235294101e-01
9.983214750550132698e-04,9.411764705882352811e-01,-7.843137254901960675e-02
9.983234750549567060e-04,8.627450980392157298e-01,7.843137254901960675e-02
9.983254750549001421e-04,9.411764705882352811e-01,0.000000000000000000e+00
9.983274750548435782e-04,9.019607843137255054e-01,3.921568627450980338e-02
9.983294750547870144e-04,9.411764705882352811e-01,7.843137254901960675e-02
9.983314750547304505e-04,8.627450980392157298e-01,-1.568627450980392135e-01
9.983334750546738866e-04,8.627450980392157298e-01,1.176470588235294101e-01
9.983354750546173228e-04,9.019607843137255054e-01,0.000000000000000000e+00
9.983374750545607589e-04,9.411764705882352811e-01,-3.921568627450980338e-02
9.983394750545041951e-04,8.627450980392157298e-01,1.176470588235294101e-01
9.983414750544476312e-04,9.019607843137255054e-01,-1.960784313725490169e-01
9.983434750543910673e-04,9.019607843137255054e-01,1.568627450980392135e-01
9.983454750543345035e-04,9.411764705882352811e-01,0.000000000000000000e+00
9.983474750542779396e-04,8.627450980392157298e-01,-7.843137254901960675e-02
9.983494750542213757e-04,9.019607843137255054e-01,7.843137254901960675e-02
9.983514750541648119e-04,9.411764705882352811e-01,-7.843137254901960675e-02
9.983534750541082480e-04,9.411764705882352811e-01,7.843137254901960675e-02
9.983554750540516842e-04,8.235294117647058432e-01,0.000000000000000000e+00
9.983574750539951203e-04,9.411764705882352811e-01,0.000000000000000000e+00
9.983594750539385564e-04,9.019607843137255054e-01,1.176470588235294101e-01
9.983614750538819926e-04,9.411764705882352811e-01,-7.843137254901960675e-02
9.983634750538254287e-04,8.627450980392157298e-01,7.843137254901960675e-02
9.983654750537688648e-04,8.627450980392157298e-01,0.000000000000000000e+00
9.983674750537123010e-04,9.411764705882352811e-01,3.921568627450980338e-02
9.983694750536557371e-04,9.411764705882352811e-01,7.843137254901960675e-02
9.983714750535991733e-04,8.627450980392157298e-01,-7.843137254901960675e-02
9.983734750535426094e-04,9.019607843137255054e-01,1.176470588235294101e-01
9.983754750534860455e-04,9.019607843137255054e-01,0.000000000000000000e+00
9.983774750534294817e-04,9.411764705882352811e-01,-3.921568627450980338e-02
9.983794750533729178e-04,8.235294117647058432e-01,1.568627450980392135e-01
9.983814750533163539e-04,9.411764705882352811e-01,-1.960784313725490169e-01
9.983834750532597901e-04,9.019607843137255054e-01,1.568627450980392135e-01
9.983854750532032262e-04,9.411764705882352811e-01,0.000000000000000000e+00
9.983874750531466623e-04,8.627450980392157298e-01,-3.921568627450980338e-02
9.983894750530900985e-04,9.019607843137255054e-01,7.843137254901960675e-02
9.983914750530335346e-04,9.411764705882352811e-01,-1.568627450980392135e-01
9.983934750529769708e-04,9.411764705882352811e-01,7.843137254901960675e-02
9.983954750529204069e-04,8.627450980392157298e-01,0.000000000000000000e+00
9.983974750528638430e-04,9.019607843137255054e-01,0.000000000000000000e+00
9.983994750528072792e-04,9.019607843137255054e-01,1.568627450980392135e-01
9.984014750527507153e-04,9.411764705882352811e-01,-7.843137254901960675e-02
9.984034750526941514e-04,8.627450980392157298e-01,7.843137254901960675e-02
9.984054750526375876e-04,9.019607843137255054e-01,3.921568627450980338e-02
9.984074750525810237e-04,9.019607843137255054e-01,0.000000000000000000e+00
9.984094750525244599e-04,9.411764705882352811e-01,7.843137254901960675e-02
9.984114750524678960e-04,8.235294117647058432e-01,-1.568627450980392135e-01
9.984134750524113321e-04,8.627450980392157298e-01,7.843137254901960675e-02
9.984154750523547683e-04,9.019607843137255054e-01,0.000000000000000000e+00
9.984174750522982044e-04,9.411764705882352811e-01,-7.843137254901960675e-02
9.984194750522416405e-04,8.627450980392157298e-01,1.568627450980392135e-01
9.984214750521850767e-04,8.627450980392157298e-01,-1.568627450980392135e-01
9.984234750521285128e-04,8.627450980392157298e-01,1.568627450980392135e-01
9.984254750520719490e-04,9.411764705882352811e-01,0.000000000000000000e+00
9.984274750520153851e-04,8.627450980392157298e-01,-7.843137254901960675e-02
9.984294750519588212e-04,9.019607843137255054e-01,7.843137254901960675e-02
9.984314750519022574e-04,9.019607843137255054e-01,-1.568627450980392135e-01
9.984334750518456935e-04,9.411764705882352811e-01,7.843137254901960675e-02
9.984354750517891296e-04,8.235294117647058432e-01,0.000000000000000000e+00
9.984374750517325658e-04,9.411764705882352811e-01,0.000000000000000000e+00
9.984394750516760019e-04,9.019607843137255054e-01,1.568627450980392135e-01
9.984414750516194380e-04,9.411764705882352811e-01,-7.843137254901960675e-02
9.984434750515628742e-04,8.627450980392157298e-01,7.843137254901960675e-02
9.984454750515063103e-04,8.235294117647058432e-01,0.000000000000000000e+00
9.984474750514497465e-04,9.019607843137255054e-01,0.000000000000000000e+00
9.984494750513931826e-04,9.411764705882352811e-01,1.176470588235294101e-01
9.984514750513366187e-04,8.627450980392157298e-01,-7.843137254901960675e-02
9.984534750512800549e-04,8.235294117647058432e-01,7.843137254901960675e-02
9.984554750512234910e-04,9.411764705882352811e-01,3.921568627450980338e-02
9.984574750511669271e-04,9.411764705882352811e-01,-3.921568627450980338e-02
9.984594750511103633e-04,8.235294117647058432e-01,1.568627450980392135e-01
9.984614750510537994e-04,9.019607843137255054e-01,-1.568627450980392135e-01
9.984634750509972356e-04,9.019607843137255054e-01,1.568627450980392135e-01
9.984654750509406717e-04,9.411764705882352811e-01,0.000000000000000000e+00
9.984674750508841078e-04,9.019607843137255054e-01,-7.843137254901960675e-02
9.984694750508275440e-04,9.019607843137255054e-01,1.176470588235294101e-01
9.984714750507709801e-04,9.019607843137255054e-01,-1.568627450980392135e-01
9.984734750507144162e-04,9.411764705882352811e-01,7.843137254901960675e-02
9.984754750506578524e-04,8.627450980392157298e-01,0.000000000000000000e+00
9.984774750506012885e-04,9.411764705882352811e-01,0.000000000000000000e+00
9.984794750505447247e-04,9.411764705882352811e-01,1.176470588235294101e-01
9.984814750504881608e-04,9.803921568627450567e-01,-7.843137254901960675e-02
9.984834750504315969e-04,8.627450980392157298e-01,7.843137254901960675e-02
9.984854750503750331e-04,8.627450980392157298e-01,0.000000000000000000e+00
9.984874750503184692e-04,9.019607843137255054e-01,0.000000000000000000e+00
9.984894750502619053e-04,9.411764705882352811e-01,7.843137254901960675e-02
9.984914750502053415e-04,8.235294117647058432e-01,-7.843137254901960675e-02
9.984934750501487776e-04,9.019607843137255054e-01,1.176470588235294101e-01
9.984954750500922138e-04,9.411764705882352811e-01,0.000000000000000000e+00
9.984974750500356499e-04,9.803921568627450567e-01,-3.921568627450980338e-02
9.984994750499790860e-04,8.235294117647058432e-01,1.568627450980392135e-01
9.985014750499225222e-04,9.019607843137255054e-01,-1.960784313725490169e-01
9.985034750498659583e-04,9.019607843137255054e-01,1.568627450980392135e-01
9.985054750498093944e-04,9.411764705882352811e-01,-3.921568627450980338e-02
9.985074750497528306e-04,9.019607843137255054e-01,-7.843137254901960675e-02
9.985094750496962667e-04,8.627450980392157298e-01,1.176470588235294101e-01
9.985114750496397028e-04,9.019607843137255054e-01,-1.568627450980392135e-01
9.985134750495831390e-04,9.019607843137255054e-01,7.843137254901960675e-02
9.985154750495265751e-04,8.627450980392157298e-01,0.000000000000000000e+00
9.985174750494700113e-04,9.019607843137255054e-01,0.000000000000000000e+00
9.985194750494134474e-04,9.019607843137255054e-01,1.176470588235294101e-01
9.985214750493568835e-04,9.411764705882352811e-01,-7.843137254901960675e-02
9.985234750493003197e-04,8.235294117647058432e-01,3.921568627450980338e-02
9.985254750492437558e-04,8.627450980392157298e-01,3.921568627450980338e-02
9.985274750491871919e-04,9.411764705882352811e-01,0.000000000000000000e+00
9.985294750491306281e-04,9.411764705882352811e-01,7.843137254901960675e-02
9.985314750490740642e-04,8.235294117647058432e-01,-7.843137254901960675e-02
9.985334750490175004e-04,8.627450980392157298e-01,7.843137254901960675e-02
9.985354750489609365e-04,9.019607843137255054e-01,0.000000000000000000e+00
9.985374750489043726e-04,9.019607843137255054e-01,-7.843137254901960675e-02
9.985394750488478088e-04,8.235294117647058432e-01,1.176470588235294101e-01
9.985414750487912449e-04,9.019607843137255054e-01,-1.568627450980392135e-01
9.985434750487346810e-04,9.019607843137255054e-01,1.568627450980392135e-01
9.985454750486781172e-04,9.019607843137255054e-01,0.000000000000000000e+00
9.985474750486215533e-04,8.627450980392157298e-01,-7.843137254901960675e-02
9.985494750485649895e-04,8.235294117647058432e-01,7.843137254901960675e-02
9.985514750485084256e-04,9.019607843137255054e-01,-3.921568627450980338e-02
9.985534750484518617e-04,9.411764705882352811e-01,1.176470588235294101e-01
9.985554750483952979e-04,8.627450980392157298e-01,0.000000000000000000e+00
9.985574750483387340e-04,8.627450980392157298e-01,0.000000000000000000e+00
9.985594750482821701e-04,9.019607843137255054e-01,1.176470588235294101e-01
9.985614750482256063e-04,9.803921568627450567e-01,-7.843137254901960675e-02
9.985634750481690424e-04,8.235294117647058432e-01,3.921568627450980338e-02
9.985654750481124785e-04,9.019607843137255054e-01,0.000000000000000000e+00
9.985674750480559147e-04,9.019607843137255054e-01,0.000000000000000000e+00
9.985694750479993508e-04,9.411764705882352811e-01,1.176470588235294101e-01
9.985714750479427870e-04,8.235294117647058432e-01,-7.843137254901960675e-02
9.985734750478862231e-04,8.627450980392157298e-01,1.176470588235294101e-01
9.985754750478296592e-04,9.411764705882352811e-01,0.000000000000000000e+00
9.985774750477730954e-04,9.411764705882352811e-01,-7.843137254901960675e-02
9.985794750477165315e-04,8.235294117647058432e-01,1.176470588235294101e-01
9.985814750476599676e-04,9.019607843137255054e-01,-1.568627450980392135e-01
9.985834750476034038e-04,9.019607843137255054e-01,1.568627450980392135e-01
9.985854750475468399e-04,9.411764705882352811e-01,0.000000000000000000e+00
9.985874750474902761e-04,9.019607843137255054e-01,-3.921568627450980338e-02
9.985894750474337122e-04,9.019607843137255054e-01,1.176470588235294101e-01
9.985914750473771483e-04,9.019607843137255054e-01,-7.843137254901960675e-02
9.985934750473205845e-04,9.411764705882352811e-01,7.843137254901960675e-02
9.985954750472640206e-04,8.627450980392157298e-01,0.000000000000000000e+00
9.985974750472074567e-04,9.019607843137255054e-01,0.000000000000000000e+00
9.985994750471508929e-04,9.411764705882352811e-01,1.176470588235294101e-01
9.986014750470943290e-04,9.411764705882352811e-01,-7.843137254901960675e-02
9.986034750470377652e-04,8.627450980392157298e-01,7.843137254901960675e-02
9.986054750469812013e-04,9.019607843137255054e-01,3.921568627450980338e-02
9.986074750469246374e-04,9.411764705882352811e-01,0.000000000000000000e+00
9.986094750468680736e-04,9.411764705882352811e-01,7.843137254901960675e-02
9.986114750468115097e-04,8.627450980392157298e-01,-7.843137254901960675e-02
9.986134750467549458e-04,9.019607843137255054e-01,7.843137254901960675e-02
9.986154750466983820e-04,9.019607843137255054e-01,0.000000000000000000e+00
9.986174750466418181e-04,9.411764705882352811e-01,-3.921568627450980338e-02
9.986194750465852542e-04,8.235294117647058432e-01,7.843137254901960675e-02
9.986214750465286904e-04,8.627450980392157298e-01,-1.568627450980392135e-01
9.986234750464721265e-04,9.019607843137255054e-01,1.568627450980392135e-01
9.986254750464155627e-04,9.019607843137255054e-01,-3.921568627450980338e-02
9.986274750463589988e-04,8.627450980392157298e-01,-7.843137254901960675e-02
9.986294750463024349e-04,8.235294117647058432e-01,1.176470588235294101e-01
9.986314750462458711e-04,9.019607843137255054e-01,-3.921568627450980338e-02
9.986334750461893072e-04,9.411764705882352811e-01,7.843137254901960675e-02
9.986354750461327433e-04,8.235294117647058432e-01,0.000000000000000000e+00
9.986374750460761795e-04,9.019607843137255054e-01,-3.921568627450980338e-02
9.986394750460196156e-04,9.019607843137255054e-01,1.568627450980392135e-01
9.986414750459630518e-04,9.411764705882352811e-01,-1.568627450980392135e-01
9.986434750459064879e-04,8.235294117647058432e-01,7.843137254901960675e-02
9.986454750458499240e-04,9.019607843137255054e-01,0.000000000000000000e+00
9.986474750457933602e-04,9.019607843137255054e-01,0.000000000000000000e+00
9.986494750457367963e-04,9.411764705882352811e-01,1.176470588235294101e-01
9.986514750456802324e-04,8.627450980392157298e-01,-7.843137254901960675e-02
9.986534750456236686e-04,8.627450980392157298e-01,7.843137254901960675e-02
9.986554750455671047e-04,9.019607843137255054e-01,-3.921568627450980338e-02
9.986574750455105409e-04,9.411764705882352811e-01,-7.843137254901960675e-02
9.986594750454539770e-04,8.235294117647058432e-01,7.843137254901960675e-02
9.986614750453974131e-04,8.627450980392157298e-01,-1.568627450980392135e-01
9.986634750453408493e-04,9.019607843137255054e-01,1.568627450980392135e-01
9.986654750452842854e-04,9.411764705882352811e-01,0.000000000000000000e+00
9.986674750452277215e-04,8.627450980392157298e-01,-7.843137254901960675e-02
9.986694750451711577e-04,9.019607843137255054e-01,1.176470588235294101e-01
9.986714750451145938e-04,9.019607843137255054e-01,-1.568627450980392135e-01
9.986734750450580300e-04,9.411764705882352811e-01,7.843137254901960675e-02
9.986754750450014661e-04,8.627450980392157298e-01,0.000000000000000000e+00
9.986774750449449022e-04,9.019607843137255054e-01,0.000000000000000000e+00
9.986794750448883384e-04,9.019607843137255054e-01,7.843137254901960675e-02
9.986814750448317745e-04,9.803921568627450567e-01,-7.843137254901960675e-02
9.986834750447752106e-04,8.235294117647058432e-01,3.921568627450980338e-02
9.986854750447186468e-04,8.627450980392157298e-01,0.000000000000000000e+00
9.986874750446620829e-04,9.019607843137255054e-01,3.921568627450980338e-02
9.986894750446055190e-04,9.411764705882352811e-01,1.176470588235294101e-01
9.986914750445489552e-04,8.627450980392157298e-01,-7.843137254901960675e-02
9.986934750444923913e-04,8.627450980392157298e-01,7.843137254901960675e-02
9.986954750444358275e-04,9.019607843137255054e-01,0.000000000000000000e+00
9.986974750443792636e-04,9.411764705882352811e-01,-3.921568627450980338e-02
9.986994750443226997e-04,8.627450980392157298e-01,1.568627450980392135e-01
9.987014750442661359e-04,9.019607843137255054e-01,-1.568627450980392135e-01
9.987034750442095720e-04,9.019607843137255054e-01,1.568627450980392135e-01
9.987054750441530081e-04,9.411764705882352811e-01,0.000000000000000000e+00
9.987074750440964443e-04,8.627450980392157298e-01,-7.843137254901960675e-02
9.987094750440398804e-04,8.627450980392157298e-01,7.843137254901960675e-02
9.987114750439833166e-04,9.019607843137255054e-01,-7.843137254901960675e-02
9.987134750439267527e-04,9.411764705882352811e-01,1.176470588235294101e-01
9.987154750438701888e-04,8.627450980392157298e-01,3.921568627450980338e-02
9.987174750438136250e-04,9.019607843137255054e-01,0.000000000000000000e+00
9.987194750437570611e-04,9.019607843137255054e-01,1.176470588235294101e-01
9.987214750437004972e-04,9.411764705882352811e-01,-7.843137254901960675e-02
9.987234750436439334e-04,8.235294117647058432e-01,7.843137254901960675e-02
9.987254750435873695e-04,8.627450980392157298e-01,0.000000000000000000e+00
9.987274750435308057e-04,9.019607843137255054e-01,0.000000000000000000e+00
9.987294750434742418e-04,9.019607843137255054e-01,7.843137254901960675e-02
9.987314750434176779e-04,8.627450980392157298e-01,-7.843137254901960675e-02
9.987334750433611141e-04,8.627450980392157298e-01,7.843137254901960675e-02
9.987354750433045502e-04,9.019607843137255054e-01,0.000000000000000000e+00
9.987374750432479863e-04,9.411764705882352811e-01,-7.843137254901960675e-02
9.987394750431914225e-04,8.627450980392157298e-01,1.568627450980392135e-01
9.987414750431348586e-04,9.019607843137255054e-01,-1.960784313725490169e-01
9.987434750430782947e-04,9.019607843137255054e-01,1.568627450980392135e-01
9.987454750430217309e-04,9.411764705882352811e-01,0.000000000000000000e+00
9.987474750429651670e-04,8.627450980392157298e-01,-7.843137254901960675e-02
9.987494750429086032e-04,8.627450980392157298e-01,7.843137254901960675e-02
9.987514750428520393e-04,9.019607843137255054e-01,-7.843137254901960675e-02
9.987534750427954754e-04,9.411764705882352811e-01,7.843137254901960675e-02
9.987554750427389116e-04,9.019607843137255054e-01,0.000000000000000000e+00
9.987574750426823477e-04,9.019607843137255054e-01,0.000000000000000000e+00
9.987594750426257838e-04,9.019607843137255054e-01,1.176470588235294101e-01
9.987614750425692200e-04,9.411764705882352811e-01,-7.843137254901960675e-02
9.987634750425126561e-04,8.235294117647058432e-01,3.921568627450980338e-02
9.987654750424560923e-04,9.019607843137255054e-01,0.000000000000000000e+00
9.987674750423995284e-04,9.019607843137255054e-01,3.921568627450980338e-02
9.987694750423429645e-04,9.411764705882352811e-01,7.843137254901960675e-02
9.987714750422864007e-04,8.627450980392157298e-01,-7.843137254901960675e-02
9.987734750422298368e-04,9.019607843137255054e-01,7.843137254901960675e-02
9.987754750421732729e-04,9.411764705882352811e-01,0.000000000000000000e+00
9.987774750421167091e-04,9.411764705882352811e-01,-7.843137254901960675e-02
9.987794750420601452e-04,8.627450980392157298e-01,1.176470588235294101e-01
9.987814750420035814e-04,9.411764705882352811e-01,-1.960784313725490169e-01
9.987834750419470175e-04,9.019607843137255054e-01,1.568627450980392135e-01
9.987854750418904536e-04,9.411764705882352811e-01,0.000000000000000000e+00
9.987874750418338898e-04,8.627450980392157298e-01,-7.843137254901960675e-02
9.987894750417773259e-04,8.627450980392157298e-01,7.843137254901960675e-02
9.987914750417207620e-04,9.019607843137255054e-01,-1.568627450980392135e-01
9.987934750416641982e-04,9.411764705882352811e-01,7.843137254901960675e-02
9.987954750416076343e-04,8.627450980392157298e-01,0.000000000000000000e+00
9.987974750415510704e-04,9.411764705882352811e-01,0.000000000000000000e+00
9.987994750414945066e-04,8.627450980392157298e-01,1.568627450980392135e-01
9.988014750414379427e-04,9.411764705882352811e-01,-7.843137254901960675e-02
9.988034750413813789e-04,8.627450980392157298e-01,3.921568627450980338e-02
9.988054750413248150e-04,9.019607843137255054e-01,0.000000000000000000e+00
9.988074750412682511e-04,9.411764705882352811e-01,0.000000000000000000e+00
9.988094750412116873e-04,9.411764705882352811e-01,7.843137254901960675e-02
9.988114750411551234e-04,8.627450980392157298e-01,-7.843137254901960675e-02
9.988134750410985595e-04,8.627450980392157298e-01,7.843137254901960675e-02
9.988154750410419957e-04,9.019607843137255054e-01,0.000000000000000000e+00
9.988174750409854318e-04,9.411764705882352811e-01,-7.843137254901960675e-02
9.988194750409288680e-04,8.235294117647058432e-01,1.568627450980392135e-01
9.988214750408723041e-04,8.627450980392157298e-01,-1.960784313725490169e-01
9.988234750408157402e-04,9.019607843137255054e-01,1.176470588235294101e-01
9.988254750407591764e-04,9.411764705882352811e-01,0.000000000000000000e+00
9.988274750407026125e-04,8.627450980392157298e-01,-7.843137254901960675e-02
9.988294750406460486e-04,8.627450980392157298e-01,7.843137254901960675e-02
9.988314750405894848e-04,9.411764705882352811e-01,-7.843137254901960675e-02
9.988334750405329209e-04,9.411764705882352811e-01,7.843137254901960675e-02
9.988354750404763571e-04,8.627450980392157298e-01,0.000000000000000000e+00
9.988374750404197932e-04,9.019607843137255054e-01,0.000000000000000000e+00
9.988394750403632293e-04,9.019607843137255054e-01,1.176470588235294101e-01
9.988414750403066655e-04,9.411764705882352811e-01,-1.568627450980392135e-01
9.988434750402501016e-04,8.235294117647058432e-01,3.921568627450980338e-02
9.988454750401935377e-04,9.019607843137255054e-01,0.000000000000000000e+00
9.988474750401369739e-04,8.627450980392157298e-01,3.921568627450980338e-02
9.988494750400804100e-04,9.411764705882352811e-01,7.843137254901960675e-02
9.988514750400238461e-04,8.627450980392157298e-01,-1.568627450980392135e-01
9.988534750399672823e-04,9.019607843137255054e-01,7.843137254901960675e-02
9.988554750399107184e-04,9.019607843137255054e-01,0.000000000000000000e+00
9.988574750398541546e-04,9.019607843137255054e-01,-7.843137254901960675e-02
9.988594750397975907e-04,8.627450980392157298e-01,1.176470588235294101e-01
9.988614750397410268e-04,9.019607843137255054e-01,-1.568627450980392135e-01
9.988634750396844630e-04,9.019607843137255054e-01,1.960784313725490446e-01
9.988654750396278991e-04,9.411764705882352811e-01,0.000000000000000000e+00
9.988674750395713352e-04,8.235294117647058432e-01,-3.921568627450980338e-02
9.988694750395147714e-04,9.019607843137255054e-01,1.176470588235294101e-01
9.988714750394582075e-04,9.411764705882352811e-01,-1.568627450980392135e-01
9.988734750394016437e-04,9.411764705882352811e-01,7.843137254901960675e-02
9.988754750393450798e-04,8.627450980392157298e-01,0.000000000000000000e+00
9.988774750392885159e-04,9.411764705882352811e-01,0.000000000000000000e+00
9.988794750392319521e-04,9.019607843137255054e-01,1.176470588235294101e-01
9.988814750391753882e-04,9.411764705882352811e-01,-1.568627450980392135e-01
9.988834750391188243e-04,8.627450980392157298e-01,3.921568627450980338e-02
9.988854750390622605e-04,8.627450980392157298e-01,0.000000000000000000e+00
9.988874750390056966e-04,9.019607843137255054e-01,0.000000000000000000e+00
9.988894750389491328e-04,9.019607843137255054e-01,7.843137254901960675e-02
9.988914750388925689e-04,8.627450980392157298e-01,-7.843137254901960675e-02
9.988934750388360050e-04,8.627450980392157298e-01,1.176470588235294101e-01
9.988954750387794412e-04,9.019607843137255054e-01,0.000000000000000000e+00
9.988974750387228773e-04,9.411764705882352811e-01,-7.843137254901960675e-02
9.988994750386663134e-04,8.235294117647058432e-01,1.176470588235294101e-01
9.989014750386097496e-04,9.019607843137255054e-01,-1.568627450980392135e-01
9.989034750385531857e-04,8.627450980392157298e-01,1.176470588235294101e-01
9.989054750384966219e-04,9.411764705882352811e-01,0.000000000000000000e+00
9.989074750384400580e-04,8.235294117647058432e-01,-7.843137254901960675e-02
9.989094750383834941e-04,8.235294117647058432e-01,1.176470588235294101e-01
9.989114750383269303e-04,9.411764705882352811e-01,-3.921568627450980338e-02
9.989134750382703664e-04,9.019607843137255054e-01,1.176470588235294101e-01
9.989154750382138025e-04,8.235294117647058432e-01,0.000000000000000000e+00
9.989174750381572387e-04,8.627450980392157298e-01,0.000000000000000000e+00
9.989194750381006748e-04,9.019607843137255054e-01,1.568627450980392135e-01
9.989214750380441109e-04,9.019607843137255054e-01,-1.568627450980392135e-01
9.989234750379875471e-04,8.627450980392157298e-01,7.843137254901960675e-02
9.989254750379309832e-04,8.235294117647058432e-01,0.000000000000000000e+00
9.989274750378744194e-04,9.411764705882352811e-01,0.000000000000000000e+00
9.989294750378178555e-04,9.411764705882352811e-01,7.843137254901960675e-02
9.989314750377612916e-04,8.627450980392157298e-01,-7.843137254901960675e-02
9.989334750377047278e-04,9.019607843137255054e-01,7.843137254901960675e-02
9.989354750376481639e-04,9.019607843137255054e-01,0.000000000000000000e+00
9.989374750375916000e-04,9.411764705882352811e-01,-3.921568627450980338e-02
9.989394750375350362e-04,8.235294117647058432e-01,1.568627450980392135e-01
9.989414750374784723e-04,8.627450980392157298e-01,-1.568627450980392135e-01
9.989434750374219085e-04,9.019607843137255054e-01,1.176470588235294101e-01
9.989454750373653446e-04,9.411764705882352811e-01,-3.921568627450980338e-02
9.989474750373087807e-04,8.627450980392157298e-01,-3.921568627450980338e-02
9.989494750372522169e-04,8.627450980392157298e-01,7.843137254901960675e-02
9.989514750371956530e-04,9.019607843137255054e-01,-7.843137254901960675e-02
9.989534750371390891e-04,9.411764705882352811e-01,7.843137254901960675e-02
9.989554750370825253e-04,8.235294117647058432e-01,0.000000000000000000e+00
9.989574750370259614e-04,8.627450980392157298e-01,0.000000000000000000e+00
9.989594750369693976e-04,9.411764705882352811e-01,1.176470588235294101e-01
9.989614750369128337e-04,9.411764705882352811e-01,-7.843137254901960675e-02
9.989634750368562698e-04,8.235294117647058432e-01,7.843137254901960675e-02
9.989654750367997060e-04,9.019607843137255054e-01,0.000000000000000000e+00
9.989674750367431421e-04,9.019607843137255054e-01,3.921568627450980338e-02
9.989694750366865782e-04,9.411764705882352811e-01,7.843137254901960675e-02
9.989714750366300144e-04,8.627450980392157298e-01,-7.843137254901960675e-02
9.989734750365734505e-04,8.627450980392157298e-01,1.176470588235294101e-01
9.989754750365168866e-04,9.019607843137255054e-01,0.000000000000000000e+00
9.989774750364603228e-04,9.019607843137255054e-01,-7.843137254901960675e-02
9.989794750364037589e-04,8.235294117647058432e-01,1.568627450980392135e-01
9.989814750363471951e-04,9.019607843137255054e-01,-1.568627450980392135e-01
9.989834750362906312e-04,9.019607843137255054e-01,1.568627450980392135e-01
9.989854750362340673e-04,9.411764705882352811e-01,0.000000000000000000e+00
9.989874750361775035e-04,8.627450980392157298e-01,-3.921568627450980338e-02
9.989894750361209396e-04,8.627450980392157298e-01,7.843137254901960675e-02
9.989914750360643757e-04,9.019607843137255054e-01,-1.568627450980392135e-01
9.989934750360078119e-04,9.019607843137255054e-01,1.176470588235294101e-01
9.989954750359512480e-04,8.235294117647058432e-01,0.000000000000000000e+00
9.989974750358946842e-04,9.019607843137255054e-01,0.000000000000000000e+00
9.989994750358381203e-04,9.411764705882352811e-01,1.176470588235294101e-01
9.990014750357815564e-04,9.411764705882352811e-01,-7.843137254901960675e-02
9.990034750357249926e-04,8.235294117647058432e-01,3.921568627450980338e-02
9.990054750356684287e-04,8.627450980392157298e-01,0.000000000000000000e+00
9.990074750356118648e-04,8.627450980392157298e-01,3.921568627450980338e-02
9.990094750355553010e-04,9.411764705882352811e-01,7.843137254901960675e-02
9.990114750354987371e-04,8.627450980392157298e-01,-1.568627450980392135e-01
9.990134750354421733e-04,8.627450980392157298e-01,7.843137254901960675e-02
9.990154750353856094e-04,9.019607843137255054e-01,0.000000000000000000e+00
9.990174750353290455e-04,9.411764705882352811e-01,-7.843137254901960675e-02
9.990194750352724817e-04,8.627450980392157298e-01,1.568627450980392135e-01
9.990214750352159178e-04,9.019607843137255054e-01,-1.568627450980392135e-01
9.990234750351593539e-04,8.627450980392157298e-01,1.568627450980392135e-01
9.990254750351027901e-04,9.411764705882352811e-01,-3.921568627450980338e-02
9.990274750350462262e-04,8.627450980392157298e-01,-7.843137254901960675e-02
9.990294750349896623e-04,8.627450980392157298e-01,7.843137254901960675e-02
9.990314750349330985e-04,9.019607843137255054e-01,-1.568627450980392135e-01
9.990334750348765346e-04,9.411764705882352811e-01,1.176470588235294101e-01
9.990354750348199708e-04,8.235294117647058432e-01,3.921568627450980338e-02
9.990374750347634069e-04,9.019607843137255054e-01,0.000000000000000000e+00
9.990394750347068430e-04,9.019607843137255054e-01,1.176470588235294101e-01
9.990414750346502792e-04,9.411764705882352811e-01,-7.843137254901960675e-02
9.990434750345937153e-04,8.235294117647058432e-01,7.843137254901960675e-02
9.990454750345371514e-04,9.019607843137255054e-01,0.000000000000000000e+00
9.990474750344805876e-04,9.019607843137255054e-01,0.000000000000000000e+00
9.990494750344240237e-04,9.019607843137255054e-01,7.843137254901960675e-02
9.990514750343674599e-04,8.627450980392157298e-01,-7.843137254901960675e-02
9.990534750343108960e-04,9.019607843137255054e-01,1.176470588235294101e-01
9.990554750342543321e-04,9.411764705882352811e-01,0.000000000000000000e+00
9.990574750341977683e-04,9.411764705882352811e-01,-7.843137254901960675e-02
9.990594750341412044e-04,8.235294117647058432e-01,1.568627450980392135e-01
9.990614750340846405e-04,9.019607843137255054e-01,-1.568627450980392135e-01
9.990634750340280767e-04,8.627450980392157298e-01,1.568627450980392135e-01
9.990654750339715128e-04,9.411764705882352811e-01,0.000000000000000000e+00
9.990674750339149490e-04,8.627450980392157298e-01,-3.921568627450980338e-02
9.990694750338583851e-04,8.235294117647058432e-01,7.843137254901960675e-02
9.990714750338018212e-04,9.019607843137255054e-01,-1.568627450980392135e-01
9.990734750337452574e-04,9.411764705882352811e-01,7.843137254901960675e-02
9.990754750336886935e-04,8.235294117647058432e-01,0.000000000000000000e+00
9.990774750336321296e-04,9.019607843137255054e-01,0.000000000000000000e+00
9.990794750335755658e-04,9.019607843137255054e-01,1.176470588235294101e-01
9.990814750335190019e-04,9.411764705882352811e-01,-7.843137254901960675e-02
9.990834750334624381e-04,8.627450980392157298e-01,3.921568627450980338e-02
9.990854750334058742e-04,9.019607843137255054e-01,0.000000000000000000e+00
9.990874750333493103e-04,9.019607843137255054e-01,0.000000000000000000e+00
9.990894750332927465e-04,9.411764705882352811e-01,7.843137254901960675e-02
9.990914750332361826e-04,8.235294117647058432e-01,-7.843137254901960675e-02
9.990934750331796187e-04,9.019607843137255054e-01,1.176470588235294101e-01
9.990954750331230549e-04,9.019607843137255054e-01,0.000000000000000000e+00
9.990974750330664910e-04,9.411764705882352811e-01,-3.921568627450980338e-02
9.990994750330099271e-04,8.235294117647058432e-01,7.843137254901960675e-02
9.991014750329533633e-04,9.019607843137255054e-01,-1.568627450980392135e-01
9.991034750328967994e-04,9.019607843137255054e-01,1.568627450980392135e-01
9.991054750328402356e-04,9.411764705882352811e-01,0.000000000000000000e+00
9.991074750327836717e-04,8.627450980392157298e-01,-3.921568627450980338e-02
9.991094750327271078e-04,8.627450980392157298e-01,7.843137254901960675e-02
9.991114750326705440e-04,9.019607843137255054e-01,-7.843137254901960675e-02
9.991134750326139801e-04,9.411764705882352811e-01,7.843137254901960675e-02
9.991154750325574162e-04,8.627450980392157298e-01,0.000000000000000000e+00
9.991174750325008524e-04,9.019607843137255054e-01,0.000000000000000000e+00
9.991194750324442885e-04,9.019607843137255054e-01,1.568627450980392135e-01
9.991214750323877247e-04,9.411764705882352811e-01,-7.843137254901960675e-02
9.991234750323311608e-04,8.627450980392157298e-01,3.921568627450980338e-02
9.991254750322745969e-04,8.627450980392157298e-01,0.000000000000000000e+00
9.991274750322180331e-04,9.019607843137255054e-01,0.000000000000000000e+00
9.991294750321614692e-04,9.411764705882352811e-01,7.843137254901960675e-02
9.991314750321049053e-04,8.627450980392157298e-01,-1.568627450980392135e-01
9.991334750320483415e-04,8.627450980392157298e-01,1.176470588235294101e-01
9.991354750319917776e-04,9.019607843137255054e-01,0.000000000000000000e+00
9.991374750319352138e-04,9.411764705882352811e-01,-3.921568627450980338e-02
9.991394750318786499e-04,8.627450980392157298e-01,7.843137254901960675e-02
9.991414750318220860e-04,9.019607843137255054e-01,-1.568627450980392135e-01
9.991434750317655222e-04,9.019607843137255054e-01,1.568627450980392135e-01
9.991454750317089583e-04,9.411764705882352811e-01,0.000000000000000000e+00
9.991474750316523944e-04,8.627450980392157298e-01,-7.843137254901960675e-02
9.991494750315958306e-04,8.627450980392157298e-01,1.176470588235294101e-01
9.991514750315392667e-04,9.411764705882352811e-01,-1.568627450980392135e-01
9.991534750314827028e-04,9.411764705882352811e-01,7.843137254901960675e-02
9.991554750314261390e-04,8.235294117647058432e-01,0.000000000000000000e+00
9.991574750313695751e-04,9.019607843137255054e-01,0.000000000000000000e+00
9.991594750313130113e-04,9.019607843137255054e-01,1.176470588235294101e-01
9.991614750312564474e-04,9.019607843137255054e-01,-7.843137254901960675e-02
9.991634750311998835e-04,8.627450980392157298e-01,3.921568627450980338e-02
9.991654750311433197e-04,8.627450980392157298e-01,0.000000000000000000e+00
9.991674750310867558e-04,9.019607843137255054e-01,0.000000000000000000e+00
9.991694750310301919e-04,9.411764705882352811e-01,7.843137254901960675e-02
9.991714750309736281e-04,9.019607843137255054e-01,-7.843137254901960675e-02
9.991734750309170642e-04,9.019607843137255054e-01,1.176470588235294101e-01
9.991754750308605004e-04,9.019607843137255054e-01,0.000000000000000000e+00
9.991774750308039365e-04,9.411764705882352811e-01,-7.843137254901960675e-02
9.991794750307473726e-04,8.235294117647058432e-01,1.568627450980392135e-01
9.991814750306908088e-04,9.411764705882352811e-01,-1.960784313725490169e-01
9.991834750306342449e-04,9.411764705882352811e-01,1.568627450980392135e-01
9.991854750305776810e-04,9.411764705882352811e-01,0.000000000000000000e+00
9.991874750305211172e-04,8.235294117647058432e-01,-7.843137254901960675e-02
9.991894750304645533e-04,9.019607843137255054e-01,7.843137254901960675e-02
9.991914750304079895e-04,9.411764705882352811e-01,-1.568627450980392135e-01
9.991934750303514256e-04,9.411764705882352811e-01,7.843137254901960675e-02
9.991954750302948617e-04,8.627450980392157298e-01,0.000000000000000000e+00
9.991974750302382979e-04,8.627450980392157298e-01,0.000000000000000000e+00
9.991994750301817340e-04,8.627450980392157298e-01,1.176470588235294101e-01
9.992014750301251701e-04,9.411764705882352811e-01,-7.843137254901960675e-02
9.992034750300686063e-04,8.627450980392157298e-01,3.921568627450980338e-02
9.992054750300120424e-04,9.019607843137255054e-01,0.000000000000000000e+00
9.992074750299554785e-04,9.019607843137255054e-01,0.000000000000000000e+00
9.992094750298989147e-04,9.019607843137255054e-01,7.843137254901960675e-02
9.992114750298423508e-04,8.627450980392157298e-01,-7.843137254901960675e-02
9.992134750297857870e-04,9.019607843137255054e-01,7.843137254901960675e-02
9.992154750297292231e-04,9.019607843137255054e-01,0.000000000000000000e+00
9.992174750296726592e-04,9.411764705882352811e-01,-3.921568627450980338e-02
9.992194750296160954e-04,8.627450980392157298e-01,1.568627450980392135e-01
9.992214750295595315e-04,8.627450980392157298e-01,-1.960784313725490169e-01
9.992234750295029676e-04,9.019607843137255054e-01,1.176470588235294101e-01
9.992254750294464038e-04,9.411764705882352811e-01,0.000000000000000000e+00
9.992274750293898399e-04,9.019607843137255054e-01,-7.843137254901960675e-02
9.992294750293332761e-04,8.627450980392157298e-01,7.843137254901960675e-02
9.992314750292767122e-04,9.019607843137255054e-01,-7.843137254901960675e-02
9.992334750292201483e-04,9.411764705882352811e-01,7.843137254901960675e-02
9.992354750291635845e-04,8.235294117647058432e-01,0.000000000000000000e+00
9.992374750291070206e-04,9.019607843137255054e-01,0.000000000000000000e+00
9.992394750290504567e-04,9.019607843137255054e-01,1.176470588235294101e-01
9.992414750289938929e-04,9.411764705882352811e-01,-7.843137254901960675e-02
9.992434750289373290e-04,8.627450980392157298e-01,3.921568627450980338e-02
9.992454750288807652e-04,8.627450980392157298e-01,0.000000000000000000e+00
9.992474750288242013e-04,9.019607843137255054e-01,0.000000000000000000e+00
9.992494750287676374e-04,9.019607843137255054e-01,7.843137254901960675e-02
9.992514750287110736e-04,8.627450980392157298e-01,-7.843137254901960675e-02
9.992534750286545097e-04,8.627450980392157298e-01,1.176470588235294101e-01
9.992554750285979458e-04,9.019607843137255054e-01,3.921568627450980338e-02
9.992574750285413820e-04,9.019607843137255054e-01,-7.843137254901960675e-02
9.992594750284848181e-04,8.235294117647058432e-01,1.568627450980392135e-01
9.992614750284282542e-04,8.627450980392157298e-01,-1.960784313725490169e-01
9.992634750283716904e-04,9.019607843137255054e-01,1.176470588235294101e-01
9.992654750283151265e-04,9.411764705882352811e-01,0.000000000000000000e+00
9.992674750282585627e-04,8.627450980392157298e-01,-3.921568627450980338e-02
9.992694750282019988e-04,8.627450980392157298e-01,1.176470588235294101e-01
9.992714750281454349e-04,9.019607843137255054e-01,-7.843137254901960675e-02
9.992734750280888711e-04,9.411764705882352811e-01,1.176470588235294101e-01
9.992754750280323072e-04,8.627450980392157298e-01,0.000000000000000000e+00
9.992774750279757433e-04,8.627450980392157298e-01,0.000000000000000000e+00
9.992794750279191795e-04,8.627450980392157298e-01,1.176470588235294101e-01
9.992814750278626156e-04,9.411764705882352811e-01,-7.843137254901960675e-02
9.992834750278060518e-04,8.627450980392157298e-01,3.921568627450980338e-02
9.992854750277494879e-04,8.627450980392157298e-01,0.000000000000000000e+00
9.992874750276929240e-04,9.019607843137255054e-01,0.000000000000000000e+00
9.992894750276363602e-04,9.019607843137255054e-01,7.843137254901960675e-02
9.992914750275797963e-04,9.019607843137255054e-01,-7.843137254901960675e-02
9.992934750275232324e-04,9.019607843137255054e-01,7.843137254901960675e-02
9.992954750274666686e-04,8.627450980392157298e-01,0.000000000000000000e+00
9.992974750274101047e-04,9.411764705882352811e-01,-3.921568627450980338e-02
9.992994750273535409e-04,8.235294117647058432e-01,1.568627450980392135e-01
9.993014750272969770e-04,9.019607843137255054e-01,-1.568627450980392135e-01
9.993034750272404131e-04,9.019607843137255054e-01,1.568627450980392135e-01
9.993054750271838493e-04,9.411764705882352811e-01,-3.921568627450980338e-02
9.993074750271272854e-04,8.627450980392157298e-01,-3.921568627450980338e-02
9.993094750270707215e-04,8.235294117647058432e-01,1.176470588235294101e-01
9.993114750270141577e-04,9.019607843137255054e-01,-3.921568627450980338e-02
9.993134750269575938e-04,9.019607843137255054e-01,7.843137254901960675e-02
9.993154750269010300e-04,8.627450980392157298e-01,0.000000000000000000e+00
9.993174750268444661e-04,9.019607843137255054e-01,0.000000000000000000e+00
9.993194750267879022e-04,9.019607843137255054e-01,1.176470588235294101e-01
9.993214750267313384e-04,9.019607843137255054e-01,-7.843137254901960675e-02
9.993234750266747745e-04,8.627450980392157298e-01,7.843137254901960675e-02
9.993254750266182106e-04,8.235294117647058432e-01,0.000000000000000000e+00
9.993274750265616468e-04,9.019607843137255054e-01,3.921568627450980338e-02
9.993294750265050829e-04,9.019607843137255054e-01,1.176470588235294101e-01
9.993314750264485190e-04,8.627450980392157298e-01,-1.568627450980392135e-01
9.993334750263919552e-04,8.235294117647058432e-01,1.176470588235294101e-01
9.993354750263353913e-04,8.627450980392157298e-01,0.000000000000000000e+00
9.993374750262788275e-04,9.411764705882352811e-01,-1.568627450980392135e-01
9.993394750262222636e-04,8.235294117647058432e-01,7.843137254901960675e-02
9.993414750261656997e-04,8.627450980392157298e-01,-1.960784313725490169e-01
9.993434750261091359e-04,9.019607843137255054e-01,1.568627450980392135e-01
9.993454750260525720e-04,9.411764705882352811e-01,-3.921568627450980338e-02
9.993474750259960081e-04,9.019607843137255054e-01,-3.921568627450980338e-02
9.993494750259394443e-04,8.627450980392157298e-01,7.843137254901960675e-02
9.993514750258828804e-04,9.411764705882352811e-01,-7.843137254901960675e-02
9.993534750258263166e-04,9.019607843137255054e-01,7.843137254901960675e-02
9.993554750257697527e-04,8.627450980392157298e-01,0.000000000000000000e+00
9.993574750257131888e-04,9.019607843137255054e-01,0.000000000000000000e+00
9.993594750256566250e-04,9.019607843137255054e-01,1.568627450980392135e-01
9.993614750256000611e-04,9.019607843137255054e-01,-7.843137254901960675e-02
9.993634750255434972e-04,8.627450980392157298e-01,3.921568627450980338e-02
9.993654750254869334e-04,8.627450980392157298e-01,0.000000000000000000e+00
9.993674750254303695e-04,9.019607843137255054e-01,0.000000000000000000e+00
9.993694750253738057e-04,9.019607843137255054e-01,3.921568627450980338e-02
9.993714750253172418e-04,8.627450980392157298e-01,-7.843137254901960675e-02
9.993734750252606779e-04,9.019607843137255054e-01,1.176470588235294101e-01
9.993754750252041141e-04,9.019607843137255054e-01,-3.921568627450980338e-02
9.993774750251475502e-04,9.411764705882352811e-01,-3.921568627450980338e-02
9.993794750250909863e-04,9.019607843137255054e-01,1.176470588235294101e-01
9.993814750250344225e-04,9.019607843137255054e-01,-1.960784313725490169e-01
9.993834750249778586e-04,9.411764705882352811e-01,1.568627450980392135e-01
9.993854750249212947e-04,9.411764705882352811e-01,0.000000000000000000e+00
9.993874750248647309e-04,8.235294117647058432e-01,-7.843137254901960675e-02
9.993894750248081670e-04,8.235294117647058432e-01,7.843137254901960675e-02
9.993914750247516032e-04,9.019607843137255054e-01,-7.843137254901960675e-02
9.993934750246950393e-04,9.019607843137255054e-01,7.843137254901960675e-02
9.993954750246384754e-04,8.235294117647058432e-01,0.000000000000000000e+00
9.993974750245819116e-04,8.627450980392157298e-01,-7.843137254901960675e-02
9.993994750245253477e-04,9.019607843137255054e-01,1.176470588235294101e-01
9.994014750244687838e-04,9.411764705882352811e-01,-7.843137254901960675e-02
9.994034750244122200e-04,8.627450980392157298e-01,3.921568627450980338e-02
9.994054750243556561e-04,8.627450980392157298e-01,0.000000000000000000e+00
9.994074750242990923e-04,9.019607843137255054e-01,0.000000000000000000e+00
9.994094750242425284e-04,9.411764705882352811e-01,7.843137254901960675e-02
9.994114750241859645e-04,9.019607843137255054e-01,-7.843137254901960675e-02
9.994134750241294007e-04,9.019607843137255054e-01,7.843137254901960675e-02
9.994154750240728368e-04,9.019607843137255054e-01,0.000000000000000000e+00
9.994174750240162729e-04,9.411764705882352811e-01,-3.921568627450980338e-02
9.994194750239597091e-04,8.235294117647058432e-01,1.176470588235294101e-01
9.994214750239031452e-04,9.019607843137255054e-01,-1.568627450980392135e-01
9.994234750238465814e-04,8.627450980392157298e-01,1.176470588235294101e-01
9.994254750237900175e-04,9.411764705882352811e-01,0.000000000000000000e+00
9.994274750237334536e-04,8.235294117647058432e-01,-7.843137254901960675e-02
9.994294750236768898e-04,9.019607843137255054e-01,7.843137254901960675e-02
9.994314750236203259e-04,9.019607843137255054e-01,-1.568627450980392135e-01
9.994334750235637620e-04,9.019607843137255054e-01,7.843137254901960675e-02
9.994354750235071982e-04,8.235294117647058432e-01,0.000000000000000000e+00
9.994374750234506343e-04,9.019607843137255054e-01,0.000000000000000000e+00
9.994394750233940704e-04,9.019607843137255054e-01,1.568627450980392135e-01
9.994414750233375066e-04,9.411764705882352811e-01,-7.843137254901960675e-02
9.994434750232809427e-04,8.627450980392157298e-01,3.921568627450980338e-02
9.994454750232243789e-04,9.019607843137255054e-01,-7.843137254901960675e-02
9.994474750231678150e-04,9.019607843137255054e-01,0.000000000000000000e+00
9.994494750231112511e-04,9.019607843137255054e-01,7.843137254901960675e-02
9.994514750230546873e-04,8.627450980392157298e-01,-7.843137254901960675e-02
9.994534750229981234e-04,9.019607843137255054e-01,7.843137254901960675e-02
9.994554750229415595e-04,8.627450980392157298e-01,0.000000000000000000e+00
9.994574750228849957e-04,9.411764705882352811e-01,-7.843137254901960675e-02
9.994594750228284318e-04,8.235294117647058432e-01,1.568627450980392135e-01
9.994614750227718680e-04,9.019607843137255054e-01,-1.960784313725490169e-01
9.994634750227153041e-04,9.019607843137255054e-01,1.568627450980392135e-01
9.994654750226587402e-04,9.411764705882352811e-01,0.000000000000000000e+00
9.994674750226021764e-04,9.019607843137255054e-01,-7.843137254901960675e-02
9.994694750225456125e-04,8.627450980392157298e-01,7.843137254901960675e-02
9.994714750224890486e-04,9.019607843137255054e-01,-1.568627450980392135e-01
9.994734750224324848e-04,9.411764705882352811e-01,7.843137254901960675e-02
9.994754750223759209e-04,8.627450980392157298e-01,0.000000000000000000e+00
9.994774750223193571e-04,9.019607843137255054e-01,0.000000000000000000e+00
9.994794750222627932e-04,8.627450980392157298e-01,1.568627450980392135e-01
9.994814750222062293e-04,9.411764705882352811e-01,-7.843137254901960675e-02
9.994834750221496655e-04,8.235294117647058432e-01,3.921568627450980338e-02
9.994854750220931016e-04,8.627450980392157298e-01,0.000000000000000000e+00
9.994874750220365377e-04,9.411764705882352811e-01,0.000000000000000000e+00
9.994894750219799739e-04,9.019607843137255054e-01,7.843137254901960675e-02
9.994914750219234100e-04,8.627450980392157298e-01,-7.843137254901960675e-02
9.994934750218668462e-04,9.411764705882352811e-01,1.176470588235294101e-01
9.994954750218102823e-04,9.019607843137255054e-01,0.000000000000000000e+00
9.994974750217537184e-04,9.411764705882352811e-01,-7.843137254901960675e-02
9.994994750216971546e-04,8.627450980392157298e-01,7.843137254901960675e-02
9.995014750216405907e-04,9.019607843137255054e-01,-1.568627450980392135e-01
9.995034750215840268e-04,9.411764705882352811e-01,1.176470588235294101e-01
9.995054750215274630e-04,9.411764705882352811e-01,0.000000000000000000e+00
9.995074750214708991e-04,8.627450980392157298e-01,-7.843137254901960675e-02
9.995094750214143352e-04,8.627450980392157298e-01,1.176470588235294101e-01
9.995114750213577714e-04,9.019607843137255054e-01,-3.921568627450980338e-02
9.995134750213012075e-04,9.411764705882352811e-01,7.843137254901960675e-02
9.995154750212446437e-04,8.627450980392157298e-01,0.000000000000000000e+00
9.995174750211880798e-04,9.019607843137255054e-01,0.000000000000000000e+00
9.995194750211315159e-04,8.627450980392157298e-01,1.176470588235294101e-01
9.995214750210749521e-04,9.411764705882352811e-01,-7.843137254901960675e-02
9.995234750210183882e-04,8.235294117647058432e-01,3.921568627450980338e-02
9.995254750209618243e-04,9.019607843137255054e-01,0.000000000000000000e+00
9.995274750209052605e-04,9.019607843137255054e-01,3.921568627450980338e-02
9.995294750208486966e-04,9.411764705882352811e-01,7.843137254901960675e-02
9.995314750207921328e-04,8.627450980392157298e-01,-7.843137254901960675e-02
9.995334750207355689e-04,9.019607843137255054e-01,1.176470588235294101e-01
9.995354750206790050e-04,9.019607843137255054e-01,3.921568627450980338e-02
9.995374750206224412e-04,9.411764705882352811e-01,-3.921568627450980338e-02
9.995394750205658773e-04,8.235294117647058432e-01,1.568627450980392135e-01
9.995414750205093134e-04,9.019607843137255054e-01,-1.568627450980392135e-01
9.995434750204527496e-04,8.627450980392157298e-01,1.568627450980392135e-01
9.995454750203961857e-04,9.019607843137255054e-01,0.000000000000000000e+00
9.995474750203396219e-04,8.627450980392157298e-01,-7.843137254901960675e-02
9.995494750202830580e-04,8.627450980392157298e-01,1.176470588235294101e-01
9.995514750202264941e-04,9.019607843137255054e-01,-1.568627450980392135e-01
9.995534750201699303e-04,9.411764705882352811e-01,7.843137254901960675e-02
9.995554750201133664e-04,8.235294117647058432e-01,0.000000000000000000e+00
9.995574750200568025e-04,9.019607843137255054e-01,0.000000000000000000e+00
9.995594750200002387e-04,8.627450980392157298e-01,1.176470588235294101e-01
9.995614750199436748e-04,9.411764705882352811e-01,-7.843137254901960675e-02
9.995634750198871109e-04,8.235294117647058432e-01,3.921568627450980338e-02
9.995654750198305471e-04,8.235294117647058432e-01,0.000000000000000000e+00
9.995674750197739832e-04,9.019607843137255054e-01,0.000000000000000000e+00
9.995694750197174194e-04,9.411764705882352811e-01,7.843137254901960675e-02
9.995714750196608555e-04,8.627450980392157298e-01,-1.568627450980392135e-01
9.995734750196042916e-04,8.235294117647058432e-01,7.843137254901960675e-02
9.995754750195477278e-04,9.019607843137255054e-01,0.000000000000000000e+00
9.995774750194911639e-04,9.411764705882352811e-01,-3.921568627450980338e-02
9.995794750194346000e-04,8.235294117647058432e-01,1.568627450980392135e-01
9.995814750193780362e-04,8.235294117647058432e-01,-1.568627450980392135e-01
9.995834750193214723e-04,9.019607843137255054e-01,1.176470588235294101e-01
9.995854750192649085e-04,9.411764705882352811e-01,0.000000000000000000e+00
9.995874750192083446e-04,8.627450980392157298e-01,-3.921568627450980338e-02
9.995894750191517807e-04,8.627450980392157298e-01,1.176470588235294101e-01
9.995914750190952169e-04,9.411764705882352811e-01,-7.843137254901960675e-02
9.995934750190386530e-04,9.411764705882352811e-01,7.843137254901960675e-02
9.995954750189820891e-04,8.235294117647058432e-01,0.000000000000000000e+00
9.995974750189255253e-04,8.627450980392157298e-01,0.000000000000000000e+00
9.995994750188689614e-04,9.019607843137255054e-01,1.568627450980392135e-01
9.996014750188123976e-04,9.411764705882352811e-01,-7.843137254901960675e-02
9.996034750187558337e-04,8.627450980392157298e-01,7.843137254901960675e-02
9.996054750186992698e-04,9.019607843137255054e-01,0.000000000000000000e+00
9.996074750186427060e-04,8.627450980392157298e-01,0.000000000000000000e+00
9.996094750185861421e-04,9.411764705882352811e-01,7.843137254901960675e-02
9.996114750185295782e-04,8.235294117647058432e-01,-1.568627450980392135e-01
9.996134750184730144e-04,9.019607843137255054e-01,1.176470588235294101e-01
9.996154750184164505e-04,9.019607843137255054e-01,0.000000000000000000e+00
9.996174750183598866e-04,9.411764705882352811e-01,-7.843137254901960675e-02
9.996194750183033228e-04,8.627450980392157298e-01,1.568627450980392135e-01
9.996214750182467589e-04,9.019607843137255054e-01,-1.960784313725490169e-01
9.996234750181901951e-04,9.019607843137255054e-01,1.568627450980392135e-01
9.996254750181336312e-04,9.411764705882352811e-01,-3.921568627450980338e-02
9.996274750180770673e-04,8.235294117647058432e-01,-7.843137254901960675e-02
9.996294750180205035e-04,8.627450980392157298e-01,7.843137254901960675e-02
9.996314750179639396e-04,9.411764705882352811e-01,-1.568627450980392135e-01
9.996334750179073757e-04,9.411764705882352811e-01,7.843137254901960675e-02
9.996354750178508119e-04,8.235294117647058432e-01,0.000000000000000000e+00
9.996374750177942480e-04,9.019607843137255054e-01,0.000000000000000000e+00
9.996394750177376842e-04,9.019607843137255054e-01,1.568627450980392135e-01
9.996414750176811203e-04,9.411764705882352811e-01,-7.843137254901960675e-02
9.996434750176245564e-04,8.627450980392157298e-01,7.843137254901960675e-02
9.996454750175679926e-04,9.019607843137255054e-01,3.921568627450980338e-02
9.996474750175114287e-04,9.411764705882352811e-01,0.000000000000000000e+00
9.996494750174548648e-04,9.019607843137255054e-01,7.843137254901960675e-02
9.996514750173983010e-04,8.627450980392157298e-01,-7.843137254901960675e-02
9.996534750173417371e-04,8.627450980392157298e-01,7.843137254901960675e-02
9.996554750172851733e-04,9.019607843137255054e-01,0.000000000000000000e+00
9.996574750172286094e-04,9.411764705882352811e-01,-3.921568627450980338e-02
9.996594750171720455e-04,8.627450980392157298e-01,1.568627450980392135e-01
9.996614750171154817e-04,8.627450980392157298e-01,-1.568627450980392135e-01
9.996634750170589178e-04,9.019607843137255054e-01,1.176470588235294101e-01
9.996654750170023539e-04,9.019607843137255054e-01,3.921568627450980338e-02
9.996674750169457901e-04,8.235294117647058432e-01,-7.843137254901960675e-02
9.996694750168892262e-04,8.235294117647058432e-01,7.843137254901960675e-02
9.996714750168326623e-04,9.411764705882352811e-01,-7.843137254901960675e-02
9.996734750167760985e-04,9.019607843137255054e-01,7.843137254901960675e-02
9.996754750167195346e-04,8.627450980392157298e-01,0.000000000000000000e+00
9.996774750166629708e-04,8.627450980392157298e-01,0.000000000000000000e+00
9.996794750166064069e-04,9.019607843137255054e-01,1.568627450980392135e-01
9.996814750165498430e-04,9.411764705882352811e-01,-1.568627450980392135e-01
9.996834750164932792e-04,8.235294117647058432e-01,7.843137254901960675e-02
9.996854750164367153e-04,8.235294117647058432e-01,0.000000000000000000e+00
9.996874750163801514e-04,9.411764705882352811e-01,0.000000000000000000e+00
9.996894750163235876e-04,9.019607843137255054e-01,1.176470588235294101e-01
9.996914750162670237e-04,8.627450980392157298e-01,-7.843137254901960675e-02
9.996934750162104599e-04,8.627450980392157298e-01,1.176470588235294101e-01
9.996954750161538960e-04,9.019607843137255054e-01,0.000000000000000000e+00
9.996974750160973321e-04,9.019607843137255054e-01,-7.843137254901960675e-02
9.996994750160407683e-04,8.627450980392157298e-01,1.176470588235294101e-01
9.997014750159842044e-04,8.627450980392157298e-01,-1.960784313725490169e-01
9.997034750159276405e-04,8.627450980392157298e-01,1.568627450980392135e-01
9.997054750158710767e-04,9.411764705882352811e-01,0.000000000000000000e+00
9.997074750158145128e-04,8.235294117647058432e-01,-7.843137254901960675e-02
9.997094750157579490e-04,8.235294117647058432e-01,7.843137254901960675e-02
9.997114750157013851e-04,9.019607843137255054e-01,-3.921568627450980338e-02
9.997134750156448212e-04,9.411764705882352811e-01,7.843137254901960675e-02
9.997154750155882574e-04,8.627450980392157298e-01,0.000000000000000000e+00
9.997174750155316935e-04,9.019607843137255054e-01,0.000000000000000000e+00
9.997194750154751296e-04,8.627450980392157298e-01,1.176470588235294101e-01
9.997214750154185658e-04,9.411764705882352811e-01,-7.843137254901960675e-02
9.997234750153620019e-04,8.235294117647058432e-01,7.843137254901960675e-02
9.997254750153054381e-04,8.235294117647058432e-01,0.000000000000000000e+00
9.997274750152488742e-04,9.019607843137255054e-01,3.921568627450980338e-02
9.997294750151923103e-04,9.411764705882352811e-01,7.843137254901960675e-02
9.997314750151357465e-04,8.235294117647058432e-01,-1.568627450980392135e-01
9.997334750150791826e-04,8.627450980392157298e-01,7.843137254901960675e-02
9.997354750150226187e-04,8.627450980392157298e-01,3.921568627450980338e-02
9.997374750149660549e-04,9.411764705882352811e-01,-7.843137254901960675e-02
9.997394750149094910e-04,8.235294117647058432e-01,1.176470588235294101e-01
9.997414750148529271e-04,8.627450980392157298e-01,-1.568627450980392135e-01
9.997434750147963633e-04,9.019607843137255054e-01,1.568627450980392135e-01
9.997454750147397994e-04,9.411764705882352811e-01,3.921568627450980338e-02
9.997474750146832356e-04,8.627450980392157298e-01,-3.921568627450980338e-02
9.997494750146266717e-04,8.627450980392157298e-01,7.843137254901960675e-02
9.997514750145701078e-04,9.019607843137255054e-01,-1.568627450980392135e-01
9.997534750145135440e-04,9.411764705882352811e-01,1.176470588235294101e-01
9.997554750144569801e-04,8.235294117647058432e-01,0.000000000000000000e+00
9.997574750144004162e-04,8.627450980392157298e-01,0.000000000000000000e+00
9.997594750143438524e-04,9.019607843137255054e-01,1.176470588235294101e-01
9.997614750142872885e-04,9.411764705882352811e-01,-7.843137254901960675e-02
9.997634750142307247e-04,8.235294117647058432e-01,3.921568627450980338e-02
9.997654750141741608e-04,9.019607843137255054e-01,0.000000000000000000e+00
9.997674750141175969e-04,9.019607843137255054e-01,0.000000000000000000e+00
9.997694750140610331e-04,9.019607843137255054e-01,7.843137254901960675e-02
9.997714750140044692e-04,8.235294117647058432e-01,-1.568627450980392135e-01
9.997734750139479053e-04,8.627450980392157298e-01,1.176470588235294101e-01
9.997754750138913415e-04,8.627450980392157298e-01,0.000000000000000000e+00
9.997774750138347776e-04,9.411764705882352811e-01,-7.843137254901960675e-02
9.997794750137782138e-04,8.235294117647058432e-01,1.568627450980392135e-01
9.997814750137216499e-04,8.235294117647058432e-01,-1.568627450980392135e-01
9.997834750136650860e-04,9.019607843137255054e-01,1.568627450980392135e-01
9.997854750136085222e-04,9.411764705882352811e-01,0.000000000000000000e+00
9.997874750135519583e-04,8.627450980392157298e-01,-7.843137254901960675e-02
9.997894750134953944e-04,8.627450980392157298e-01,3.921568627450980338e-02
9.997914750134388306e-04,8.627450980392157298e-01,-1.568627450980392135e-01
9.997934750133822667e-04,9.019607843137255054e-01,7.843137254901960675e-02
9.997954750133257028e-04,8.235294117647058432e-01,0.000000000000000000e+00
9.997974750132691390e-04,8.627450980392157298e-01,0.000000000000000000e+00
9.997994750132125751e-04,9.019607843137255054e-01,1.176470588235294101e-01
9.998014750131560113e-04,9.411764705882352811e-01,-7.843137254901960675e-02
9.998034750130994474e-04,8.627450980392157298e-01,3.921568627450980338e-02
9.998054750130428835e-04,9.019607843137255054e-01,3.921568627450980338e-02
9.998074750129863197e-04,9.019607843137255054e-01,0.000000000000000000e+00
9.998094750129297558e-04,9.411764705882352811e-01,7.843137254901960675e-02
9.998114750128731919e-04,8.627450980392157298e-01,-7.843137254901960675e-02
9.998134750128166281e-04,9.019607843137255054e-01,7.843137254901960675e-02
9.998154750127600642e-04,9.019607843137255054e-01,0.000000000000000000e+00
9.998174750127035004e-04,9.411764705882352811e-01,-7.843137254901960675e-02
9.998194750126469365e-04,8.235294117647058432e-01,1.568627450980392135e-01
9.998214750125903726e-04,9.019607843137255054e-01,-1.568627450980392135e-01
9.998234750125338088e-04,9.019607843137255054e-01,1.568627450980392135e-01
9.998254750124772449e-04,9.411764705882352811e-01,0.000000000000000000e+00
9.998274750124206810e-04,8.627450980392157298e-01,-7.843137254901960675e-02
9.998294750123641172e-04,8.235294117647058432e-01,7.843137254901960675e-02
9.998314750123075533e-04,9.019607843137255054e-01,-1.568627450980392135e-01
9.998334750122509895e-04,9.411764705882352811e-01,7.843137254901960675e-02
9.998354750121944256e-04,8.627450980392157298e-01,0.000000000000000000e+00
9.998374750121378617e-04,8.627450980392157298e-01,0.000000000000000000e+00
9.998394750120812979e-04,8.627450980392157298e-01,1.568627450980392135e-01
9.998414750120247340e-04,9.411764705882352811e-01,-7.843137254901960675e-02
9.998434750119681701e-04,8.235294117647058432e-01,3.921568627450980338e-02
9.998454750119116063e-04,8.627450980392157298e-01,0.000000000000000000e+00
9.998474750118550424e-04,9.019607843137255054e-01,0.000000000000000000e+00
9.998494750117984785e-04,9.019607843137255054e-01,1.176470588235294101e-01
9.998514750117419147e-04,8.627450980392157298e-01,-1.568627450980392135e-01
9.998534750116853508e-04,9.019607843137255054e-01,7.843137254901960675e-02
9.998554750116287870e-04,9.019607843137255054e-01,0.000000000000000000e+00
9.998574750115722231e-04,9.411764705882352811e-01,-7.843137254901960675e-02
9.998594750115156592e-04,8.627450980392157298e-01,1.568627450980392135e-01
9.998614750114590954e-04,9.019607843137255054e-01,-1.960784313725490169e-01
9.998634750114025315e-04,9.019607843137255054e-01,1.176470588235294101e-01
9.998654750113459676e-04,9.019607843137255054e-01,0.000000000000000000e+00
9.998674750112894038e-04,8.627450980392157298e-01,-7.843137254901960675e-02
9.998694750112328399e-04,9.019607843137255054e-01,7.843137254901960675e-02
9.998714750111762761e-04,9.019607843137255054e-01,-1.568627450980392135e-01
9.998734750111197122e-04,9.019607843137255054e-01,7.843137254901960675e-02
9.998754750110631483e-04,8.627450980392157298e-01,3.921568627450980338e-02
9.998774750110065845e-04,8.235294117647058432e-01,1.176470588235294101e-01
9.998794750109500206e-04,8.627450980392157298e-01,1.607843137254902022e+00
9.998814750108934567e-04,9.019607843137255054e-01,2.901960784313725394e+00
9.998834750108368929e-04,8.235294117647058432e-01,3.999999999999999556e+00
9.998854750107803290e-04,8.235294117647058432e-01,4.156862745098039547e+00
9.998874750107237652e-04,8.627450980392157298e-01,3.764705882352941124e+00
9.998894750106672013e-04,9.019607843137255054e-01,3.333333333333333037e+00
9.998914750106106374e-04,8.627450980392157298e-01,2.862745098039215286e+00
9.998934750105540736e-04,9.019607843137255054e-01,3.215686274509803599e+00
9.998954750104975097e-04,8.627450980392157298e-01,3.254901960784313708e+00
9.998974750104409458e-04,9.411764705882352811e-01,3.098039215686274161e+00
9.998994750103843820e-04,9.019607843137255054e-01,3.411764705882352811e+00
9.999014750103278181e-04,9.019607843137255054e-01,3.176470588235293935e+00
9.999034750102712543e-04,9.019607843137255054e-01,3.294117647058823373e+00
9.999054750102146904e-04,9.411764705882352811e-01,3.333333333333333037e+00
9.999074750101581265e-04,8.627450980392157298e-01,3.294117647058823373e+00
9.999094750101015627e-04,8.627450980392157298e-01,3.254901960784313708e+00
9.999114750100449988e-04,9.019607843137255054e-01,3.137254901960784270e+00
9.999134750099884349e-04,9.411764705882352811e-01,3.333333333333333037e+00
9.999154750099318711e-04,8.235294117647058432e-01,3.333333333333333037e+00
9.999174750098753072e-04,9.019607843137255054e-01,3.176470588235293935e+00
9.999194750098187433e-04,9.019607843137255054e-01,3.450980392156862475e+00
9.999214750097621795e-04,9.411764705882352811e-01,3.215686274509803599e+00
9.999234750097056156e-04,8.627450980392157298e-01,3.333333333333333037e+00
9.999254750096490518e-04,9.019607843137255054e-01,3.215686274509803599e+00
9.999274750095924879e-04,9.019607843137255054e-01,3.254901960784313708e+00
9.999294750095359240e-04,9.411764705882352811e-01,3.333333333333333037e+00
9.999314750094793602e-04,8.627450980392157298e-01,3.176470588235293935e+00
9.999334750094227963e-04,8.627450980392157298e-01,3.294117647058823373e+00
9.999354750093662324e-04,8.627450980392157298e-01,3.254901960784313708e+00
9.999374750093096686e-04,9.019607843137255054e-01,3.137254901960784270e+00
9.999394750092531047e-04,8.627450980392157298e-01,3.372549019607843146e+00
9.999414750091965409e-04,8.627450980392157298e-01,3.137254901960784270e+00
9.999434750091399770e-04,8.627450980392157298e-01,3.333333333333333037e+00
9.999454750090834131e-04,9.411764705882352811e-01,3.215686274509803599e+00
9.999474750090268493e-04,8.627450980392157298e-01,3.215686274509803599e+00
9.999494750089702854e-04,8.627450980392157298e-01,3.333333333333333037e+00
9.999514750089137215e-04,9.019607843137255054e-01,3.137254901960784270e+00
9.999534750088571577e-04,9.411764705882352811e-01,2.627450980392156854e+00
9.999554750088005938e-04,8.627450980392157298e-01,7.843137254901961786e-01
9.999574750087440300e-04,9.019607843137255054e-01,-3.137254901960784270e-01
9.999594750086874661e-04,8.627450980392157298e-01,-8.235294117647058432e-01
9.999614750086309022e-04,9.803921568627450567e-01,-7.450980392156862919e-01
9.999634750085743384e-04,8.627450980392157298e-01,-2.352941176470588203e-01
9.999654750085177745e-04,8.235294117647058432e-01,3.137254901960784270e-01
9.999674750084612106e-04,9.019607843137255054e-01,3.921568627450980338e-02
9.999694750084046468e-04,9.019607843137255054e-01,7.843137254901960675e-02
9.999714750083480829e-04,8.235294117647058432e-01,-7.843137254901960675e-02
9.999734750082915190e-04,8.235294117647058432e-01,7.843137254901960675e-02
9.999754750082349552e-04,8.627450980392157298e-01,-1.568627450980392135e-01
9.999774750081783913e-04,9.411764705882352811e-01,-3.921568627450980338e-02
9.999794750081218275e-04,8.235294117647058432e-01,7.843137254901960675e-02
9.999814750080652636e-04,8.627450980392157298e-01,-2.352941176470588203e-01
9.999834750080086997e-04,9.019607843137255054e-01,1.568627450980392135e-01
9.999854750079521359e-04,9.411764705882352811e-01,7.843137254901960675e-02
9.999874750078955720e-04,8.627450980392157298e-01,-3.921568627450980338e-02
9.999894750078390081e-04,8.627450980392157298e-01,7.843137254901960675e-02
9.999914750077824443e-04,9.411764705882352811e-01,-1.568627450980392135e-01
9.999934750077258804e-04,9.411764705882352811e-01,7.843137254901960675e-02
9.999954750076693166e-04,8.235294117647058432e-01,0.000000000000000000e+00
9.999974750076127527e-04,8.627450980392157298e-01,0.000000000000000000e+00
9.999994750075561888e-04,9.019607843137255054e-01,1.568627450980392135e-01
1.000001475007499625e-03,9.411764705882352811e-01,-1.960784313725490169e-01
1.000003475007443061e-03,8.627450980392157298e-01,0.000000000000000000e+00
1.000005475007386497e-03,8.627450980392157298e-01,3.921568627450980338e-02
1.000007475007329933e-03,8.627450980392157298e-01,0.000000000000000000e+00
1.000009475007273370e-03,9.411764705882352811e-01,1.176470588235294101e-01
1.000011475007216806e-03,8.627450980392157298e-01,-7.843137254901960675e-02
1.000013475007160242e-03,9.019607843137255054e-01,7.843137254901960675e-02
1.000015475007103678e-03,9.019607843137255054e-01,0.000000000000000000e+00
1.000017475007047114e-03,9.411764705882352811e-01,-7.843137254901960675e-02
1.000019475006990550e-03,8.627450980392157298e-01,1.568627450980392135e-01
1.000021475006933986e-03,8.627450980392157298e-01,-1.960784313725490169e-01
1.000023475006877422e-03,9.019607843137255054e-01,1.568627450980392135e-01
1.000025475006820859e-03,9.411764705882352811e-01,0.000000000000000000e+00
1.000027475006764295e-03,8.235294117647058432e-01,-3.921568627450980338e-02
1.000029475006707731e-03,8.627450980392157298e-01,7.843137254901960675e-02
1.000031475006651167e-03,9.019607843137255054e-01,-1.568627450980392135e-01
1.000033475006594603e-03,9.411764705882352811e-01,7.843137254901960675e-02
1.000035475006538039e-03,8.235294117647058432e-01,0.000000000000000000e+00
1.000037475006481475e-03,8.627450980392157298e-01,0.000000000000000000e+00
1.000039475006424912e-03,8.627450980392157298e-01,1.568627450980392135e-01
1.000041475006368348e-03,9.411764705882352811e-01,-7.843137254901960675e-02
1.000043475006311784e-03,8.235294117647058432e-01,7.843137254901960675e-02
1.000045475006255220e-03,8.627450980392157298e-01,0.000000000000000000e+00
1.000047475006198656e-03,9.019607843137255054e-01,0.000000000000000000e+00
1.000049475006142092e-03,9.411764705882352811e-01,7.843137254901960675e-02
1.000051475006085528e-03,8.627450980392157298e-01,-1.568627450980392135e-01
1.000053475006028965e-03,8.627450980392157298e-01,7.843137254901960675e-02
1.000055475005972401e-03,9.019607843137255054e-01,0.000000000000000000e+00
1.000057475005915837e-03,9.411764705882352811e-01,-7.843137254901960675e-02
1.000059475005859273e-03,8.235294117647058432e-01,1.176470588235294101e-01
1.000061475005802709e-03,8.627450980392157298e-01,-1.568627450980392135e-01
1.000063475005746145e-03,8.627450980392157298e-01,1.568627450980392135e-01
1.000065475005689581e-03,9.411764705882352811e-01,0.000000000000000000e+00
1.000067475005633017e-03,9.019607843137255054e-01,-7.843137254901960675e-02
1.000069475005576454e-03,8.235294117647058432e-01,7.843137254901960675e-02
1.000071475005519890e-03,9.019607843137255054e-01,-7.843137254901960675e-02
1.000073475005463326e-03,9.411764705882352811e-01,7.843137254901960675e-02
1.000075475005406762e-03,8.235294117647058432e-01,0.000000000000000000e+00
1.000077475005350198e-03,8.627450980392157298e-01,0.000000000000000000e+00
1.000079475005293634e-03,9.019607843137255054e-01,1.176470588235294101e-01
1.000081475005237070e-03,9.411764705882352811e-01,-1.568627450980392135e-01
1.000083475005180507e-03,8.235294117647058432e-01,3.921568627450980338e-02
1.000085475005123943e-03,8.627450980392157298e-01,0.000000000000000000e+00
1.000087475005067379e-03,9.411764705882352811e-01,0.000000000000000000e+00
1.000089475005010815e-03,9.019607843137255054e-01,7.843137254901960675e-02
1.000091475004954251e-03,8.627450980392157298e-01,-7.843137254901960675e-02
1.000093475004897687e-03,8.627450980392157298e-01,7.843137254901960675e-02
1.000095475004841123e-03,9.019607843137255054e-01,0.000000000000000000e+00
1.000097475004784560e-03,9.411764705882352811e-01,-7.843137254901960675e-02
1.000099475004727996e-03,8.627450980392157298e-01,1.176470588235294101e-01
1.000101475004671432e-03,8.627450980392157298e-01,-1.568627450980392135e-01
1.000103475004614868e-03,9.019607843137255054e-01,1.568627450980392135e-01
1.000105475004558304e-03,9.411764705882352811e-01,0.000000000000000000e+00
1.000107475004501740e-03,8.627450980392157298e-01,-7.843137254901960675e-02
1.000109475004445176e-03,8.627450980392157298e-01,1.176470588235294101e-01
1.000111475004388613e-03,8.627450980392157298e-01,-7.843137254901960675e-02
1.000113475004332049e-03,9.411764705882352811e-01,7.843137254901960675e-02
1.000115475004275485e-03,8.235294117647058432e-01,3.921568627450980338e-02
1.000117475004218921e-03,9.019607843137255054e-01,0.000000000000000000e+00
1.000119475004162357e-03,8.627450980392157298e-01,1.176470588235294101e-01
1.000121475004105793e-03,9.019607843137255054e-01,-7.843137254901960675e-02
1.000123475004049229e-03,8.235294117647058432e-01,3.921568627450980338e-02
1.000125475003992665e-03,8.627450980392157298e-01,3.921568627450980338e-02
1.000127475003936102e-03,9.019607843137255054e-01,3.921568627450980338e-02
1.000129475003879538e-03,9.411764705882352811e-01,1.176470588235294101e-01
1.000131475003822974e-03,8.235294117647058432e-01,-1.568627450980392135e-01
1.000133475003766410e-03,8.627450980392157298e-01,7.843137254901960675e-02
1.000135475003709846e-03,9.019607843137255054e-01,0.000000000000000000e+00
1.000137475003653282e-03,9.411764705882352811e-01,-7.843137254901960675e-02
1.000139475003596718e-03,8.627450980392157298e-01,1.568627450980392135e-01
1.000141475003540155e-03,9.411764705882352811e-01,-1.568627450980392135e-01
1.000143475003483591e-03,9.019607843137255054e-01,1.176470588235294101e-01
1.000145475003427027e-03,9.411764705882352811e-01,0.000000000000000000e+00
1.000147475003370463e-03,8.627450980392157298e-01,-7.843137254901960675e-02
1.000149475003313899e-03,8.627450980392157298e-01,7.843137254901960675e-02
1.000151475003257335e-03,9.019607843137255054e-01,-7.843137254901960675e-02
1.000153475003200771e-03,9.411764705882352811e-01,7.843137254901960675e-02
1.000155475003144208e-03,8.627450980392157298e-01,0.000000000000000000e+00
1.000157475003087644e-03,8.627450980392157298e-01,0.000000000000000000e+00
1.000159475003031080e-03,9.019607843137255054e-01,1.568627450980392135e-01
1.000161475002974516e-03,9.411764705882352811e-01,-7.843137254901960675e-02
1.000163475002917952e-03,8.235294117647058432e-01,3.921568627450980338e-02
1.000165475002861388e-03,9.019607843137255054e-01,0.000000000000000000e+00
1.000167475002804824e-03,9.019607843137255054e-01,0.000000000000000000e+00
1.000169475002748260e-03,9.411764705882352811e-01,1.176470588235294101e-01
1.000171475002691697e-03,8.627450980392157298e-01,-7.843137254901960675e-02
1.000173475002635133e-03,8.627450980392157298e-01,1.176470588235294101e-01
1.000175475002578569e-03,9.019607843137255054e-01,0.000000000000000000e+00
1.000177475002522005e-03,9.411764705882352811e-01,-7.843137254901960675e-02
1.000179475002465441e-03,8.235294117647058432e-01,1.568627450980392135e-01
1.000181475002408877e-03,8.627450980392157298e-01,-1.568627450980392135e-01
1.000183475002352313e-03,9.019607843137255054e-01,1.176470588235294101e-01
1.000185475002295750e-03,9.411764705882352811e-01,0.000000000000000000e+00
1.000187475002239186e-03,8.627450980392157298e-01,-7.843137254901960675e-02
1.000189475002182622e-03,8.627450980392157298e-01,1.176470588235294101e-01
1.000191475002126058e-03,9.019607843137255054e-01,-7.843137254901960675e-02
1.000193475002069494e-03,8.235294117647058432e-01,3.921568627450980338e-02
1.000195475002012930e-03,8.627450980392157298e-01,0.000000000000000000e+00
1.000197475001956366e-03,8.235294117647058432e-01,0.000000000000000000e+00
1.000199475001899803e-03,9.019607843137255054e-01,1.568627450980392135e-01
1.000201475001843239e-03,9.411764705882352811e-01,-7.843137254901960675e-02
1.000203475001786675e-03,8.627450980392157298e-01,3.921568627450980338e-02
1.000205475001730111e-03,8.627450980392157298e-01,0.000000000000000000e+00
1.000207475001673547e-03,9.019607843137255054e-01,0.000000000000000000e+00
1.000209475001616983e-03,9.019607843137255054e-01,3.921568627450980338e-02
1.000211475001560419e-03,8.627450980392157298e-01,-7.843137254901960675e-02
1.000213475001503855e-03,9.019607843137255054e-01,7.843137254901960675e-02
1.000215475001447292e-03,9.019607843137255054e-01,0.000000000000000000e+00
1.000217475001390728e-03,9.411764705882352811e-01,-3.921568627450980338e-02
1.000219475001334164e-03,8.235294117647058432e-01,1.568627450980392135e-01
1.000221475001277600e-03,9.019607843137255054e-01,-1.568627450980392135e-01
1.000223475001221036e-03,9.019607843137255054e-01,1.568627450980392135e-01
1.000225475001164472e-03,9.411764705882352811e-01,0.000000000000000000e+00
1.000227475001107908e-03,9.019607843137255054e-01,-7.843137254901960675e-02
1.000229475001051345e-03,8.627450980392157298e-01,1.176470588235294101e-01
1.000231475000994781e-03,9.019607843137255054e-01,-7.843137254901960675e-02
1.000233475000938217e-03,9.411764705882352811e-01,7.843137254901960675e-02
1.000235475000881653e-03,8.627450980392157298e-01,0.000000000000000000e+00
1.000237475000825089e-03,9.411764705882352811e-01,-1.568627450980392135e-01
1.000239475000768525e-03,9.019607843137255054e-01,1.176470588235294101e-01
1.000241475000711961e-03,9.411764705882352811e-01,-7.843137254901960675e-02
1.000243475000655398e-03,8.627450980392157298e-01,7.843137254901960675e-02
1.000245475000598834e-03,9.019607843137255054e-01,3.921568627450980338e-02
1.000247475000542270e-03,9.411764705882352811e-01,0.000000000000000000e+00
1.000249475000485706e-03,9.411764705882352811e-01,7.843137254901960675e-02
1.000251475000429142e-03,8.627450980392157298e-01,-7.843137254901960675e-02
1.000253475000372578e-03,8.627450980392157298e-01,3.921568627450980338e-02
1.000255475000316014e-03,8.627450980392157298e-01,0.000000000000000000e+00
1.000257475000259451e-03,9.019607843137255054e-01,-7.843137254901960675e-02
1.000259475000202887e-03,8.235294117647058432e-01,1.568627450980392135e-01
1.000261475000146323e-03,8.235294117647058432e-01,-1.960784313725490169e-01
1.000263475000089759e-03,9.019607843137255054e-01,1.176470588235294101e-01
1.000265475000033195e-03,9.411764705882352811e-01,0.000000000000000000e+00
1.000267474999976631e-03,8.627450980392157298e-01,-7.843137254901960675e-02
1.000269474999920067e-03,8.235294117647058432e-01,1.176470588235294101e-01
1.000271474999863503e-03,8.627450980392157298e-01,-7.843137254901960675e-02
1.000273474999806940e-03,9.411764705882352811e-01,7.843137254901960675e-02
1.000275474999750376e-03,8.627450980392157298e-01,0.000000000000000000e+00
1.000277474999693812e-03,9.019607843137255054e-01,0.000000000000000000e+00
1.000279474999637248e-03,8.627450980392157298e-01,1.568627450980392135e-01
1.000281474999580684e-03,9.411764705882352811e-01,-7.843137254901960675e-02
1.000283474999524120e-03,8.235294117647058432e-01,3.921568627450980338e-02
1.000285474999467556e-03,9.019607843137255054e-01,0.000000000000000000e+00
1.000287474999410993e-03,9.019607843137255054e-01,0.000000000000000000e+00
1.000289474999354429e-03,9.019607843137255054e-01,1.176470588235294101e-01
1.000291474999297865e-03,8.627450980392157298e-01,-7.843137254901960675e-02
1.000293474999241301e-03,8.627450980392157298e-01,7.843137254901960675e-02
1.000295474999184737e-03,8.627450980392157298e-01,3.921568627450980338e-02
1.000297474999128173e-03,9.411764705882352811e-01,-7.843137254901960675e-02
1.000299474999071609e-03,8.235294117647058432e-01,1.568627450980392135e-01
1.000301474999015046e-03,9.019607843137255054e-01,-1.568627450980392135e-01
1.000303474998958482e-03,8.627450980392157298e-01,1.176470588235294101e-01
1.000305474998901918e-03,9.411764705882352811e-01,-3.921568627450980338e-02
1.000307474998845354e-03,8.627450980392157298e-01,-7.843137254901960675e-02
1.000309474998788790e-03,8.627450980392157298e-01,1.176470588235294101e-01
1.000311474998732226e-03,9.411764705882352811e-01,-7.843137254901960675e-02
1.000313474998675662e-03,9.411764705882352811e-01,1.176470588235294101e-01
1.000315474998619098e-03,8.627450980392157298e-01,0.000000000000000000e+00
1.000317474998562535e-03,9.019607843137255054e-01,0.000000000000000000e+00
1.000319474998505971e-03,8.627450980392157298e-01,1.568627450980392135e-01
1.000321474998449407e-03,9.411764705882352811e-01,-7.843137254901960675e-02
1.000323474998392843e-03,8.235294117647058432e-01,3.921568627450980338e-02
1.000325474998336279e-03,8.627450980392157298e-01,0.000000000000000000e+00
1.000327474998279715e-03,9.019607843137255054e-01,0.000000000000000000e+00
1.000329474998223151e-03,9.411764705882352811e-01,7.843137254901960675e-02
1.000331474998166588e-03,8.627450980392157298e-01,-7.843137254901960675e-02
1.000333474998110024e-03,9.019607843137255054e-01,7.843137254901960675e-02
1.000335474998053460e-03,9.019607843137255054e-01,0.000000000000000000e+00
1.000337474997996896e-03,9.411764705882352811e-01,-7.843137254901960675e-02
1.000339474997940332e-03,8.235294117647058432e-01,7.843137254901960675e-02
1.000341474997883768e-03,9.019607843137255054e-01,-1.568627450980392135e-01
1.000343474997827204e-03,9.019607843137255054e-01,1.568627450980392135e-01
1.000345474997770641e-03,9.411764705882352811e-01,0.000000000000000000e+00
1.000347474997714077e-03,8.627450980392157298e-01,-3.921568627450980338e-02
1.000349474997657513e-03,8.627450980392157298e-01,7.843137254901960675e-02
1.000351474997600949e-03,9.411764705882352811e-01,-7.843137254901960675e-02
1.000353474997544385e-03,9.411764705882352811e-01,7.843137254901960675e-02
1.000355474997487821e-03,8.627450980392157298e-01,0.000000000000000000e+00
1.000357474997431257e-03,8.627450980392157298e-01,0.000000000000000000e+00
1.000359474997374694e-03,8.627450980392157298e-01,1.568627450980392135e-01
1.000361474997318130e-03,9.411764705882352811e-01,-7.843137254901960675e-02
1.000363474997261566e-03,8.627450980392157298e-01,3.921568627450980338e-02
1.000365474997205002e-03,8.627450980392157298e-01,0.000000000000000000e+00
1.000367474997148438e-03,9.019607843137255054e-01,3.921568627450980338e-02
1.000369474997091874e-03,9.411764705882352811e-01,7.843137254901960675e-02
1.000371474997035310e-03,8.627450980392157298e-01,-7.843137254901960675e-02
1.000373474996978746e-03,8.235294117647058432e-01,7.843137254901960675e-02
1.000375474996922183e-03,9.019607843137255054e-01,0.000000000000000000e+00
1.000377474996865619e-03,9.411764705882352811e-01,-7.843137254901960675e-02
1.000379474996809055e-03,8.235294117647058432e-01,7.843137254901960675e-02
1.000381474996752491e-03,9.019607843137255054e-01,-1.568627450980392135e-01
1.000383474996695927e-03,8.627450980392157298e-01,1.568627450980392135e-01
1.000385474996639363e-03,9.411764705882352811e-01,0.000000000000000000e+00
1.000387474996582799e-03,8.627450980392157298e-01,-7.843137254901960675e-02
1.000389474996526236e-03,9.019607843137255054e-01,7.843137254901960675e-02
1.000391474996469672e-03,9.019607843137255054e-01,-1.568627450980392135e-01
1.000393474996413108e-03,9.411764705882352811e-01,7.843137254901960675e-02
1.000395474996356544e-03,8.627450980392157298e-01,0.000000000000000000e+00
1.000397474996299980e-03,8.627450980392157298e-01,0.000000000000000000e+00
1.000399474996243416e-03,9.019607843137255054e-01,1.568627450980392135e-01
1.000401474996186852e-03,9.411764705882352811e-01,-7.843137254901960675e-02
1.000403474996130289e-03,8.627450980392157298e-01,3.921568627450980338e-02
1.000405474996073725e-03,8.235294117647058432e-01,0.000000000000000000e+00
1.000407474996017161e-03,8.627450980392157298e-01,0.000000000000000000e+00
1.000409474995960597e-03,9.019607843137255054e-01,1.176470588235294101e-01
1.000411474995904033e-03,9.019607843137255054e-01,-7.843137254901960675e-02
1.000413474995847469e-03,8.627450980392157298e-01,7.843137254901960675e-02
1.000415474995790905e-03,9.019607843137255054e-01,0.000000000000000000e+00
1.000417474995734341e-03,9.411764705882352811e-01,-7.843137254901960675e-02
1.000419474995677778e-03,8.235294117647058432e-01,1.176470588235294101e-01
1.000421474995621214e-03,9.019607843137255054e-01,-1.568627450980392135e-01
1.000423474995564650e-03,9.019607843137255054e-01,1.568627450980392135e-01
1.000425474995508086e-03,9.411764705882352811e-01,0.000000000000000000e+00
1.000427474995451522e-03,8.627450980392157298e-01,-7.843137254901960675e-02
1.000429474995394958e-03,8.627450980392157298e-01,1.176470588235294101e-01
1.000431474995338394e-03,9.019607843137255054e-01,-7.843137254901960675e-02
1.000433474995281831e-03,9.411764705882352811e-01,7.843137254901960675e-02
1.000435474995225267e-03,8.627450980392157298e-01,3.921568627450980338e-02
1.000437474995168703e-03,8.627450980392157298e-01,0.000000000000000000e+00
1.000439474995112139e-03,9.019607843137255054e-01,1.568627450980392135e-01
1.000441474995055575e-03,9.411764705882352811e-01,-7.843137254901960675e-02
1.000443474994999011e-03,8.235294117647058432e-01,3.921568627450980338e-02
1.000445474994942447e-03,9.019607843137255054e-01,0.000000000000000000e+00
1.000447474994885884e-03,9.411764705882352811e-01,0.000000000000000000e+00
1.000449474994829320e-03,9.411764705882352811e-01,7.843137254901960675e-02
1.000451474994772756e-03,8.627450980392157298e-01,-7.843137254901960675e-02
1.000453474994716192e-03,8.627450980392157298e-01,7.843137254901960675e-02
1.000455474994659628e-03,9.019607843137255054e-01,0.000000000000000000e+00
1.000457474994603064e-03,9.411764705882352811e-01,-7.843137254901960675e-02
1.000459474994546500e-03,8.235294117647058432e-01,1.568627450980392135e-01
1.000461474994489936e-03,9.019607843137255054e-01,-1.568627450980392135e-01
1.000463474994433373e-03,9.019607843137255054e-01,1.568627450980392135e-01
1.000465474994376809e-03,9.411764705882352811e-01,-3.921568627450980338e-02
1.000467474994320245e-03,8.627450980392157298e-01,-7.843137254901960675e-02
1.000469474994263681e-03,8.627450980392157298e-01,7.843137254901960675e-02
1.000471474994207117e-03,9.019607843137255054e-01,-7.843137254901960675e-02
1.000473474994150553e-03,9.411764705882352811e-01,7.843137254901960675e-02
1.000475474994093989e-03,8.627450980392157298e-01,3.921568627450980338e-02
1.000477474994037426e-03,8.235294117647058432e-01,0.000000000000000000e+00
1.000479474993980862e-03,8.627450980392157298e-01,1.176470588235294101e-01
1.000481474993924298e-03,9.411764705882352811e-01,-7.843137254901960675e-02
1.000483474993867734e-03,8.235294117647058432e-01,3.921568627450980338e-02
1.000485474993811170e-03,8.627450980392157298e-01,0.000000000000000000e+00
1.000487474993754606e-03,9.019607843137255054e-01,3.921568627450980338e-02
1.000489474993698042e-03,9.411764705882352811e-01,7.843137254901960675e-02
1.000491474993641479e-03,8.627450980392157298e-01,-7.843137254901960675e-02
1.000493474993584915e-03,9.019607843137255054e-01,7.843137254901960675e-02
1.000495474993528351e-03,9.019607843137255054e-01,3.921568627450980338e-02
1.000497474993471787e-03,9.411764705882352811e-01,-7.843137254901960675e-02
1.000499474993415223e-03,8.627450980392157298e-01,7.843137254901960675e-02
1.000501474993358659e-03,9.411764705882352811e-01,-1.568627450980392135e-01
1.000503474993302095e-03,9.019607843137255054e-01,1.568627450980392135e-01
1.000505474993245532e-03,9.411764705882352811e-01,0.000000000000000000e+00
1.000507474993188968e-03,8.235294117647058432e-01,-3.921568627450980338e-02
1.000509474993132404e-03,8.235294117647058432e-01,7.843137254901960675e-02
1.000511474993075840e-03,9.019607843137255054e-01,-1.568627450980392135e-01
1.000513474993019276e-03,9.411764705882352811e-01,3.921568627450980338e-02
1.000515474992962712e-03,8.235294117647058432e-01,0.000000000000000000e+00
1.000517474992906148e-03,9.019607843137255054e-01,0.000000000000000000e+00
1.000519474992849584e-03,8.627450980392157298e-01,1.176470588235294101e-01
1.000521474992793021e-03,9.411764705882352811e-01,-7.843137254901960675e-02
1.000523474992736457e-03,8.235294117647058432e-01,0.000000000000000000e+00
1.000525474992679893e-03,9.019607843137255054e-01,0.000000000000000000e+00
1.000527474992623329e-03,9.019607843137255054e-01,3.921568627450980338e-02
1.000529474992566765e-03,9.411764705882352811e-01,1.176470588235294101e-01
1.000531474992510201e-03,8.627450980392157298e-01,-7.843137254901960675e-02
1.000533474992453637e-03,9.019607843137255054e-01,7.843137254901960675e-02
1.000535474992397074e-03,9.019607843137255054e-01,0.000000000000000000e+00
1.000537474992340510e-03,9.411764705882352811e-01,-7.843137254901960675e-02
1.000539474992283946e-03,8.627450980392157298e-01,1.176470588235294101e-01
1.000541474992227382e-03,9.019607843137255054e-01,-1.568627450980392135e-01
1.000543474992170818e-03,9.019607843137255054e-01,1.176470588235294101e-01
1.000545474992114254e-03,9.411764705882352811e-01,0.000000000000000000e+00
1.000547474992057690e-03,8.627450980392157298e-01,-7.843137254901960675e-02
1.000549474992001127e-03,8.627450980392157298e-01,1.176470588235294101e-01
1.000551474991944563e-03,9.411764705882352811e-01,-1.568627450980392135e-01
1.000553474991887999e-03,9.411764705882352811e-01,7.843137254901960675e-02
1.000555474991831435e-03,8.235294117647058432e-01,3.921568627450980338e-02
1.000557474991774871e-03,9.019607843137255054e-01,-1.568627450980392135e-01
1.000559474991718307e-03,8.627450980392157298e-01,1.176470588235294101e-01
1.000561474991661743e-03,9.411764705882352811e-01,-7.843137254901960675e-02
1.000563474991605179e-03,8.627450980392157298e-01,3.921568627450980338e-02
1.000565474991548616e-03,9.019607843137255054e-01,3.921568627450980338e-02
1.000567474991492052e-03,9.411764705882352811e-01,0.000000000000000000e+00
1.000569474991435488e-03,9.411764705882352811e-01,7.843137254901960675e-02
1.000571474991378924e-03,8.627450980392157298e-01,-7.843137254901960675e-02
1.000573474991322360e-03,8.627450980392157298e-01,7.843137254901960675e-02
1.000575474991265796e-03,9.019607843137255054e-01,0.000000000000000000e+00
1.000577474991209232e-03,9.411764705882352811e-01,-7.843137254901960675e-02
1.000579474991152669e-03,8.627450980392157298e-01,1.568627450980392135e-01
1.000581474991096105e-03,9.019607843137255054e-01,-1.960784313725490169e-01
1.000583474991039541e-03,9.019607843137255054e-01,1.176470588235294101e-01
1.000585474990982977e-03,9.019607843137255054e-01,-3.921568627450980338e-02
1.000587474990926413e-03,8.235294117647058432e-01,-7.843137254901960675e-02
1.000589474990869849e-03,8.627450980392157298e-01,1.176470588235294101e-01
1.000591474990813285e-03,9.019607843137255054e-01,-7.843137254901960675e-02
1.000593474990756722e-03,9.411764705882352811e-01,7.843137254901960675e-02
1.000595474990700158e-03,8.235294117647058432e-01,0.000000000000000000e+00
1.000597474990643594e-03,8.627450980392157298e-01,0.000000000000000000e+00
1.000599474990587030e-03,9.019607843137255054e-01,1.568627450980392135e-01
1.000601474990530466e-03,9.411764705882352811e-01,-7.843137254901960675e-02
1.000603474990473902e-03,8.235294117647058432e-01,3.921568627450980338e-02
1.000605474990417338e-03,9.019607843137255054e-01,0.000000000000000000e+00
1.000607474990360774e-03,9.019607843137255054e-01,0.000000000000000000e+00
1.000609474990304211e-03,9.411764705882352811e-01,1.176470588235294101e-01
1.000611474990247647e-03,8.627450980392157298e-01,-7.843137254901960675e-02
1.000613474990191083e-03,8.627450980392157298e-01,7.843137254901960675e-02
1.000615474990134519e-03,9.019607843137255054e-01,0.000000000000000000e+00
1.000617474990077955e-03,9.411764705882352811e-01,-7.843137254901960675e-02
1.000619474990021391e-03,8.627450980392157298e-01,1.568627450980392135e-01
1.000621474989964827e-03,9.019607843137255054e-01,-1.568627450980392135e-01
1.000623474989908264e-03,9.019607843137255054e-01,1.176470588235294101e-01
1.000625474989851700e-03,9.411764705882352811e-01,0.000000000000000000e+00
1.000627474989795136e-03,8.627450980392157298e-01,-7.843137254901960675e-02
1.000629474989738572e-03,8.235294117647058432e-01,7.843137254901960675e-02
1.000631474989682008e-03,9.019607843137255054e-01,-7.843137254901960675e-02
1.000633474989625444e-03,9.019607843137255054e-01,7.843137254901960675e-02
1.000635474989568880e-03,8.235294117647058432e-01,0.000000000000000000e+00
1.000637474989512317e-03,8.627450980392157298e-01,0.000000000000000000e+00
1.000639474989455753e-03,9.019607843137255054e-01,1.176470588235294101e-01
1.000641474989399189e-03,9.411764705882352811e-01,-7.843137254901960675e-02
1.000643474989342625e-03,8.235294117647058432e-01,3.921568627450980338e-02
1.000645474989286061e-03,8.627450980392157298e-01,0.000000000000000000e+00
1.000647474989229497e-03,9.411764705882352811e-01,0.000000000000000000e+00
1.000649474989172933e-03,9.411764705882352811e-01,7.843137254901960675e-02
1.000651474989116370e-03,8.235294117647058432e-01,-7.843137254901960675e-02
1.000653474989059806e-03,9.019607843137255054e-01,7.843137254901960675e-02
1.000655474989003242e-03,9.019607843137255054e-01,0.000000000000000000e+00
1.000657474988946678e-03,9.411764705882352811e-01,-7.843137254901960675e-02
1.000659474988890114e-03,8.627450980392157298e-01,1.568627450980392135e-01
1.000661474988833550e-03,9.019607843137255054e-01,-1.568627450980392135e-01
1.000663474988776986e-03,8.627450980392157298e-01,1.176470588235294101e-01
1.000665474988720422e-03,9.411764705882352811e-01,3.921568627450980338e-02
1.000667474988663859e-03,8.627450980392157298e-01,-7.843137254901960675e-02
1.000669474988607295e-03,8.627450980392157298e-01,7.843137254901960675e-02
1.000671474988550731e-03,9.411764705882352811e-01,-7.843137254901960675e-02
1.000673474988494167e-03,9.019607843137255054e-01,7.843137254901960675e-02
1.000675474988437603e-03,8.627450980392157298e-01,0.000000000000000000e+00
1.000677474988381039e-03,9.019607843137255054e-01,0.000000000000000000e+00
1.000679474988324475e-03,9.019607843137255054e-01,1.176470588235294101e-01
1.000681474988267912e-03,9.411764705882352811e-01,-7.843137254901960675e-02
1.000683474988211348e-03,8.627450980392157298e-01,7.843137254901960675e-02
1.000685474988154784e-03,9.019607843137255054e-01,0.000000000000000000e+00
1.000687474988098220e-03,9.411764705882352811e-01,0.000000000000000000e+00
1.000689474988041656e-03,9.411764705882352811e-01,1.176470588235294101e-01
1.000691474987985092e-03,8.627450980392157298e-01,-1.568627450980392135e-01
1.000693474987928528e-03,9.019607843137255054e-01,7.843137254901960675e-02
1.000695474987871965e-03,9.019607843137255054e-01,3.921568627450980338e-02
1.000697474987815401e-03,9.411764705882352811e-01,-7.843137254901960675e-02
1.000699474987758837e-03,8.235294117647058432e-01,1.568627450980392135e-01
1.000701474987702273e-03,9.019607843137255054e-01,-1.568627450980392135e-01
1.000703474987645709e-03,9.019607843137255054e-01,1.176470588235294101e-01
1.000705474987589145e-03,9.019607843137255054e-01,0.000000000000000000e+00
1.000707474987532581e-03,8.235294117647058432e-01,-7.843137254901960675e-02
1.000709474987476017e-03,8.627450980392157298e-01,7.843137254901960675e-02
1.000711474987419454e-03,9.411764705882352811e-01,-3.921568627450980338e-02
1.000713474987362890e-03,9.411764705882352811e-01,7.843137254901960675e-02
1.000715474987306326e-03,8.627450980392157298e-01,0.000000000000000000e+00
1.000717474987249762e-03,9.019607843137255054e-01,-7.843137254901960675e-02
1.000719474987193198e-03,9.019607843137255054e-01,1.176470588235294101e-01
1.000721474987136634e-03,9.411764705882352811e-01,-7.843137254901960675e-02
1.000723474987080070e-03,8.235294117647058432e-01,7.843137254901960675e-02
1.000725474987023507e-03,8.627450980392157298e-01,0.000000000000000000e+00
1.000727474986966943e-03,9.411764705882352811e-01,-3.921568627450980338e-02
1.000729474986910379e-03,9.411764705882352811e-01,7.843137254901960675e-02
1.000731474986853815e-03,8.627450980392157298e-01,-7.843137254901960675e-02
1.000733474986797251e-03,8.627450980392157298e-01,7.843137254901960675e-02
1.000735474986740687e-03,9.019607843137255054e-01,0.000000000000000000e+00
1.000737474986684123e-03,9.411764705882352811e-01,-7.843137254901960675e-02
1.000739474986627560e-03,8.235294117647058432e-01,7.843137254901960675e-02
1.000741474986570996e-03,8.627450980392157298e-01,-1.568627450980392135e-01
1.000743474986514432e-03,9.411764705882352811e-01,1.176470588235294101e-01
1.000745474986457868e-03,9.019607843137255054e-01,3.921568627450980338e-02
1.000747474986401304e-03,8.627450980392157298e-01,-7.843137254901960675e-02
1.000749474986344740e-03,9.019607843137255054e-01,1.176470588235294101e-01
1.000751474986288176e-03,9.411764705882352811e-01,-7.843137254901960675e-02
1.000753474986231613e-03,9.411764705882352811e-01,7.843137254901960675e-02
1.000755474986175049e-03,7.843137254901960675e-01,3.921568627450980338e-02
1.000757474986118485e-03,8.627450980392157298e-01,0.000000000000000000e+00
1.000759474986061921e-03,9.019607843137255054e-01,1.176470588235294101e-01
1.000761474986005357e-03,9.411764705882352811e-01,-7.843137254901960675e-02
1.000763474985948793e-03,8.235294117647058432e-01,7.843137254901960675e-02
1.000765474985892229e-03,8.627450980392157298e-01,3.921568627450980338e-02
1.000767474985835665e-03,9.019607843137255054e-01,0.000000000000000000e+00
1.000769474985779102e-03,9.411764705882352811e-01,7.843137254901960675e-02
1.000771474985722538e-03,8.627450980392157298e-01,-7.843137254901960675e-02
1.000773474985665974e-03,9.019607843137255054e-01,7.843137254901960675e-02
1.000775474985609410e-03,9.019607843137255054e-01,3.921568627450980338e-02
1.000777474985552846e-03,9.411764705882352811e-01,-7.843137254901960675e-02
1.000779474985496282e-03,8.235294117647058432e-01,1.176470588235294101e-01
1.000781474985439718e-03,9.019607843137255054e-01,-1.568627450980392135e-01
1.000783474985383155e-03,9.411764705882352811e-01,1.568627450980392135e-01
1.000785474985326591e-03,9.411764705882352811e-01,0.000000000000000000e+00
1.000787474985270027e-03,8.627450980392157298e-01,-7.843137254901960675e-02
1.000789474985213463e-03,9.019607843137255054e-01,1.176470588235294101e-01
1.000791474985156899e-03,9.019607843137255054e-01,-7.843137254901960675e-02
1.000793474985100335e-03,9.411764705882352811e-01,7.843137254901960675e-02
1.000795474985043771e-03,8.235294117647058432e-01,3.921568627450980338e-02
1.000797474984987208e-03,8.627450980392157298e-01,0.000000000000000000e+00
1.000799474984930644e-03,8.627450980392157298e-01,1.176470588235294101e-01
1.000801474984874080e-03,9.411764705882352811e-01,-7.843137254901960675e-02
1.000803474984817516e-03,8.627450980392157298e-01,3.921568627450980338e-02
1.000805474984760952e-03,9.019607843137255054e-01,3.921568627450980338e-02
1.000807474984704388e-03,9.019607843137255054e-01,3.921568627450980338e-02
1.000809474984647824e-03,9.019607843137255054e-01,1.568627450980392135e-01
1.000811474984591260e-03,8.627450980392157298e-01,-1.568627450980392135e-01
1.000813474984534697e-03,9.019607843137255054e-01,7.843137254901960675e-02
1.000815474984478133e-03,9.019607843137255054e-01,0.000000000000000000e+00
1.000817474984421569e-03,9.411764705882352811e-01,-7.843137254901960675e-02
1.000819474984365005e-03,8.235294117647058432e-01,1.568627450980392135e-01
1.000821474984308441e-03,8.627450980392157298e-01,-1.960784313725490169e-01
1.000823474984251877e-03,9.019607843137255054e-01,1.176470588235294101e-01
1.000825474984195313e-03,9.411764705882352811e-01,0.000000000000000000e+00
1.000827474984138750e-03,8.627450980392157298e-01,-7.843137254901960675e-02
1.000829474984082186e-03,8.627450980392157298e-01,1.176470588235294101e-01
1.000831474984025622e-03,9.019607843137255054e-01,-7.843137254901960675e-02
1.000833474983969058e-03,9.411764705882352811e-01,7.843137254901960675e-02
1.000835474983912494e-03,8.627450980392157298e-01,3.921568627450980338e-02
1.000837474983855930e-03,9.411764705882352811e-01,0.000000000000000000e+00
1.000839474983799366e-03,9.411764705882352811e-01,1.568627450980392135e-01
1.000841474983742803e-03,9.411764705882352811e-01,-7.843137254901960675e-02
1.000843474983686239e-03,8.627450980392157298e-01,3.921568627450980338e-02
1.000845474983629675e-03,8.235294117647058432e-01,3.921568627450980338e-02
1.000847474983573111e-03,9.019607843137255054e-01,0.000000000000000000e+00
1.000849474983516547e-03,9.411764705882352811e-01,1.568627450980392135e-01
1.000851474983459983e-03,8.627450980392157298e-01,-7.843137254901960675e-02
1.000853474983403419e-03,8.627450980392157298e-01,7.843137254901960675e-02
1.000855474983346855e-03,9.019607843137255054e-01,0.000000000000000000e+00
1.000857474983290292e-03,9.411764705882352811e-01,-7.843137254901960675e-02
1.000859474983233728e-03,8.235294117647058432e-01,1.568627450980392135e-01
1.000861474983177164e-03,8.627450980392157298e-01,-1.568627450980392135e-01
1.000863474983120600e-03,8.627450980392157298e-01,1.568627450980392135e-01
1.000865474983064036e-03,9.411764705882352811e-01,0.000000000000000000e+00
1.000867474983007472e-03,8.627450980392157298e-01,-7.843137254901960675e-02
1.000869474982950908e-03,8.235294117647058432e-01,1.176470588235294101e-01
1.000871474982894345e-03,9.019607843137255054e-01,-7.843137254901960675e-02
1.000873474982837781e-03,9.411764705882352811e-01,7.843137254901960675e-02
1.000875474982781217e-03,8.627450980392157298e-01,3.921568627450980338e-02
1.000877474982724653e-03,8.627450980392157298e-01,-7.843137254901960675e-02
1.000879474982668089e-03,8.627450980392157298e-01,1.176470588235294101e-01
1.000881474982611525e-03,9.411764705882352811e-01,-7.843137254901960675e-02
1.000883474982554961e-03,8.627450980392157298e-01,3.921568627450980338e-02
1.000885474982498398e-03,9.019607843137255054e-01,3.921568627450980338e-02
1.000887474982441834e-03,9.019607843137255054e-01,0.000000000000000000e+00
1.000889474982385270e-03,9.411764705882352811e-01,7.843137254901960675e-02
1.000891474982328706e-03,8.627450980392157298e-01,-7.843137254901960675e-02
1.000893474982272142e-03,8.627450980392157298e-01,7.843137254901960675e-02
1.000895474982215578e-03,9.019607843137255054e-01,0.000000000000000000e+00
1.000897474982159014e-03,9.411764705882352811e-01,-7.843137254901960675e-02
1.000899474982102451e-03,8.235294117647058432e-01,1.568627450980392135e-01
1.000901474982045887e-03,9.019607843137255054e-01,-1.568627450980392135e-01
1.000903474981989323e-03,9.019607843137255054e-01,1.568627450980392135e-01
1.000905474981932759e-03,9.019607843137255054e-01,0.000000000000000000e+00
1.000907474981876195e-03,8.627450980392157298e-01,-7.843137254901960675e-02
1.000909474981819631e-03,9.019607843137255054e-01,1.176470588235294101e-01
1.000911474981763067e-03,9.411764705882352811e-01,-7.843137254901960675e-02
1.000913474981706503e-03,9.411764705882352811e-01,7.843137254901960675e-02
1.000915474981649940e-03,8.235294117647058432e-01,3.921568627450980338e-02
1.000917474981593376e-03,8.627450980392157298e-01,0.000000000000000000e+00
1.000919474981536812e-03,9.019607843137255054e-01,1.568627450980392135e-01
1.000921474981480248e-03,9.411764705882352811e-01,-7.843137254901960675e-02
1.000923474981423684e-03,8.235294117647058432e-01,3.921568627450980338e-02
1.000925474981367120e-03,8.235294117647058432e-01,0.000000000000000000e+00
1.000927474981310556e-03,9.019607843137255054e-01,0.000000000000000000e+00
1.000929474981253993e-03,9.411764705882352811e-01,7.843137254901960675e-02
1.000931474981197429e-03,8.627450980392157298e-01,-7.843137254901960675e-02
1.000933474981140865e-03,8.235294117647058432e-01,7.843137254901960675e-02
1.000935474981084301e-03,8.627450980392157298e-01,0.000000000000000000e+00
1.000937474981027737e-03,9.411764705882352811e-01,-7.843137254901960675e-02
1.000939474980971173e-03,8.235294117647058432e-01,1.176470588235294101e-01
1.000941474980914609e-03,9.019607843137255054e-01,-1.568627450980392135e-01
1.000943474980858046e-03,9.019607843137255054e-01,1.568627450980392135e-01
1.000945474980801482e-03,9.411764705882352811e-01,0.000000000000000000e+00
1.000947474980744918e-03,8.627450980392157298e-01,-7.843137254901960675e-02
1.000949474980688354e-03,8.235294117647058432e-01,1.176470588235294101e-01
1.000951474980631790e-03,9.019607843137255054e-01,-1.568627450980392135e-01
1.000953474980575226e-03,9.411764705882352811e-01,7.843137254901960675e-02
1.000955474980518662e-03,8.235294117647058432e-01,0.000000000000000000e+00
1.000957474980462098e-03,9.019607843137255054e-01,0.000000000000000000e+00
1.000959474980405535e-03,8.627450980392157298e-01,1.176470588235294101e-01
1.000961474980348971e-03,9.411764705882352811e-01,-7.843137254901960675e-02
1.000963474980292407e-03,8.627450980392157298e-01,3.921568627450980338e-02
1.000965474980235843e-03,8.627450980392157298e-01,0.000000000000000000e+00
1.000967474980179279e-03,9.019607843137255054e-01,3.921568627450980338e-02
1.000969474980122715e-03,9.411764705882352811e-01,7.843137254901960675e-02
1.000971474980066151e-03,8.627450980392157298e-01,-7.843137254901960675e-02
1.000973474980009588e-03,8.627450980392157298e-01,7.843137254901960675e-02
1.000975474979953024e-03,9.019607843137255054e-01,0.000000000000000000e+00
1.000977474979896460e-03,9.803921568627450567e-01,-7.843137254901960675e-02
1.000979474979839896e-03,8.235294117647058432e-01,1.568627450980392135e-01
1.000981474979783332e-03,9.019607843137255054e-01,-1.568627450980392135e-01
1.000983474979726768e-03,9.019607843137255054e-01,1.568627450980392135e-01
1.000985474979670204e-03,9.411764705882352811e-01,0.000000000000000000e+00
1.000987474979613641e-03,8.627450980392157298e-01,-7.843137254901960675e-02
1.000989474979557077e-03,9.019607843137255054e-01,1.176470588235294101e-01
1.000991474979500513e-03,9.019607843137255054e-01,-1.568627450980392135e-01
1.000993474979443949e-03,9.411764705882352811e-01,1.176470588235294101e-01
1.000995474979387385e-03,8.627450980392157298e-01,3.921568627450980338e-02
1.000997474979330821e-03,9.019607843137255054e-01,0.000000000000000000e+00
1.000999474979274257e-03,9.019607843137255054e-01,1.568627450980392135e-01
1.001001474979217694e-03,9.411764705882352811e-01,-7.843137254901960675e-02
1.001003474979161130e-03,8.627450980392157298e-01,3.921568627450980338e-02
1.001005474979104566e-03,9.019607843137255054e-01,3.921568627450980338e-02
1.001007474979048002e-03,9.019607843137255054e-01,0.000000000000000000e+00
1.001009474978991438e-03,9.411764705882352811e-01,7.843137254901960675e-02
1.001011474978934874e-03,8.627450980392157298e-01,-7.843137254901960675e-02
1.001013474978878310e-03,8.627450980392157298e-01,7.843137254901960675e-02
1.001015474978821746e-03,9.019607843137255054e-01,0.000000000000000000e+00
1.001017474978765183e-03,9.411764705882352811e-01,-7.843137254901960675e-02
1.001019474978708619e-03,8.235294117647058432e-01,1.568627450980392135e-01
1.001021474978652055e-03,9.019607843137255054e-01,-1.568627450980392135e-01
1.001023474978595491e-03,9.019607843137255054e-01,1.176470588235294101e-01
1.001025474978538927e-03,9.411764705882352811e-01,0.000000000000000000e+00
1.001027474978482363e-03,8.627450980392157298e-01,-7.843137254901960675e-02
1.001029474978425799e-03,8.627450980392157298e-01,1.176470588235294101e-01
1.001031474978369236e-03,9.019607843137255054e-01,-1.568627450980392135e-01
1.001033474978312672e-03,9.019607843137255054e-01,7.843137254901960675e-02
1.001035474978256108e-03,8.627450980392157298e-01,3.921568627450980338e-02
1.001037474978199544e-03,9.019607843137255054e-01,0.000000000000000000e+00
1.001039474978142980e-03,8.627450980392157298e-01,1.176470588235294101e-01
1.001041474978086416e-03,9.411764705882352811e-01,-3.921568627450980338e-02
1.001043474978029852e-03,8.627450980392157298e-01,3.921568627450980338e-02
1.001045474977973289e-03,8.627450980392157298e-01,0.000000000000000000e+00
1.001047474977916725e-03,9.019607843137255054e-01,0.000000000000000000e+00
1.001049474977860161e-03,9.019607843137255054e-01,1.176470588235294101e-01
1.001051474977803597e-03,8.627450980392157298e-01,-7.843137254901960675e-02
1.001053474977747033e-03,8.235294117647058432e-01,7.843137254901960675e-02
1.001055474977690469e-03,9.019607843137255054e-01,3.921568627450980338e-02
1.001057474977633905e-03,9.411764705882352811e-01,-7.843137254901960675e-02
1.001059474977577341e-03,8.235294117647058432e-01,1.568627450980392135e-01
1.001061474977520778e-03,9.019607843137255054e-01,-1.568627450980392135e-01
1.001063474977464214e-03,9.019607843137255054e-01,1.568627450980392135e-01
1.001065474977407650e-03,9.019607843137255054e-01,0.000000000000000000e+00
1.001067474977351086e-03,8.627450980392157298e-01,-7.843137254901960675e-02
1.001069474977294522e-03,8.235294117647058432e-01,1.176470588235294101e-01
1.001071474977237958e-03,9.019607843137255054e-01,-7.843137254901960675e-02
1.001073474977181394e-03,9.411764705882352811e-01,7.843137254901960675e-02
1.001075474977124831e-03,8.235294117647058432e-01,3.921568627450980338e-02
1.001077474977068267e-03,8.627450980392157298e-01,0.000000000000000000e+00
1.001079474977011703e-03,9.019607843137255054e-01,1.176470588235294101e-01
1.001081474976955139e-03,9.411764705882352811e-01,-7.843137254901960675e-02
1.001083474976898575e-03,8.627450980392157298e-01,7.843137254901960675e-02
1.001085474976842011e-03,9.019607843137255054e-01,3.921568627450980338e-02
1.001087474976785447e-03,9.019607843137255054e-01,0.000000000000000000e+00
1.001089474976728884e-03,9.019607843137255054e-01,1.176470588235294101e-01
1.001091474976672320e-03,8.627450980392157298e-01,-7.843137254901960675e-02
1.001093474976615756e-03,9.019607843137255054e-01,7.843137254901960675e-02
1.001095474976559192e-03,8.627450980392157298e-01,0.000000000000000000e+00
1.001097474976502628e-03,9.411764705882352811e-01,-7.843137254901960675e-02
1.001099474976446064e-03,8.627450980392157298e-01,1.568627450980392135e-01
1.001101474976389500e-03,8.235294117647058432e-01,-1.568627450980392135e-01
1.001103474976332936e-03,9.411764705882352811e-01,1.568627450980392135e-01
1.001105474976276373e-03,9.411764705882352811e-01,0.000000000000000000e+00
1.001107474976219809e-03,8.627450980392157298e-01,-7.843137254901960675e-02
1.001109474976163245e-03,8.627450980392157298e-01,7.843137254901960675e-02
1.001111474976106681e-03,9.411764705882352811e-01,-1.568627450980392135e-01
1.001113474976050117e-03,9.411764705882352811e-01,7.843137254901960675e-02
1.001115474975993553e-03,8.627450980392157298e-01,0.000000000000000000e+00
1.001117474975936989e-03,9.019607843137255054e-01,0.000000000000000000e+00
1.001119474975880426e-03,9.019607843137255054e-01,1.568627450980392135e-01
1.001121474975823862e-03,9.411764705882352811e-01,-7.843137254901960675e-02
1.001123474975767298e-03,8.627450980392157298e-01,7.843137254901960675e-02
1.001125474975710734e-03,8.235294117647058432e-01,3.921568627450980338e-02
1.001127474975654170e-03,9.019607843137255054e-01,0.000000000000000000e+00
1.001129474975597606e-03,9.411764705882352811e-01,1.176470588235294101e-01
1.001131474975541042e-03,8.627450980392157298e-01,-7.843137254901960675e-02
1.001133474975484479e-03,8.627450980392157298e-01,7.843137254901960675e-02
1.001135474975427915e-03,9.411764705882352811e-01,0.000000000000000000e+00
1.001137474975371351e-03,9.411764705882352811e-01,-7.843137254901960675e-02
1.001139474975314787e-03,8.235294117647058432e-01,1.568627450980392135e-01
1.001141474975258223e-03,9.411764705882352811e-01,-1.568627450980392135e-01
1.001143474975201659e-03,9.019607843137255054e-01,1.176470588235294101e-01
1.001145474975145095e-03,9.411764705882352811e-01,0.000000000000000000e+00
1.001147474975088532e-03,9.019607843137255054e-01,-1.568627450980392135e-01
1.001149474975031968e-03,8.627450980392157298e-01,7.843137254901960675e-02
1.001151474974975404e-03,9.411764705882352811e-01,-1.568627450980392135e-01
1.001153474974918840e-03,9.411764705882352811e-01,7.843137254901960675e-02
1.001155474974862276e-03,8.627450980392157298e-01,3.921568627450980338e-02
1.001157474974805712e-03,9.019607843137255054e-01,-7.843137254901960675e-02
1.001159474974749148e-03,9.411764705882352811e-01,1.568627450980392135e-01
1.001161474974692584e-03,9.411764705882352811e-01,-7.843137254901960675e-02
1.001163474974636021e-03,8.627450980392157298e-01,3.921568627450980338e-02
1.001165474974579457e-03,8.627450980392157298e-01,0.000000000000000000e+00
1.001167474974522893e-03,9.019607843137255054e-01,0.000000000000000000e+00
1.001169474974466329e-03,9.019607843137255054e-01,1.176470588235294101e-01
1.001171474974409765e-03,8.235294117647058432e-01,-1.568627450980392135e-01
1.001173474974353201e-03,9.019607843137255054e-01,7.843137254901960675e-02
1.001175474974296637e-03,9.019607843137255054e-01,3.921568627450980338e-02
1.001177474974240074e-03,9.411764705882352811e-01,-3.921568627450980338e-02
1.001179474974183510e-03,8.627450980392157298e-01,1.176470588235294101e-01
1.001181474974126946e-03,9.019607843137255054e-01,-1.568627450980392135e-01
1.001183474974070382e-03,9.019607843137255054e-01,1.176470588235294101e-01
1.001185474974013818e-03,9.411764705882352811e-01,0.000000000000000000e+00
1.001187474973957254e-03,8.235294117647058432e-01,-7.843137254901960675e-02
1.001189474973900690e-03,8.627450980392157298e-01,7.843137254901960675e-02
1.001191474973844127e-03,9.019607843137255054e-01,-3.921568627450980338e-02
1.001193474973787563e-03,9.411764705882352811e-01,7.843137254901960675e-02
1.001195474973730999e-03,8.627450980392157298e-01,3.921568627450980338e-02
1.001197474973674435e-03,8.627450980392157298e-01,0.000000000000000000e+00
1.001199474973617871e-03,9.019607843137255054e-01,1.568627450980392135e-01
1.001201474973561307e-03,9.411764705882352811e-01,-7.843137254901960675e-02
1.001203474973504743e-03,8.627450980392157298e-01,3.921568627450980338e-02
1.001205474973448179e-03,8.627450980392157298e-01,0.000000000000000000e+00
1.001207474973391616e-03,9.019607843137255054e-01,0.000000000000000000e+00
1.001209474973335052e-03,9.411764705882352811e-01,7.843137254901960675e-02
1.001211474973278488e-03,9.019607843137255054e-01,-7.843137254901960675e-02
1.001213474973221924e-03,9.019607843137255054e-01,7.843137254901960675e-02
1.001215474973165360e-03,9.019607843137255054e-01,3.921568627450980338e-02
1.001217474973108796e-03,9.411764705882352811e-01,-7.843137254901960675e-02
1.001219474973052232e-03,8.235294117647058432e-01,1.568627450980392135e-01
1.001221474972995669e-03,8.627450980392157298e-01,-1.960784313725490169e-01
1.001223474972939105e-03,8.627450980392157298e-01,1.176470588235294101e-01
1.001225474972882541e-03,8.235294117647058432e-01,0.000000000000000000e+00
1.001227474972825977e-03,8.627450980392157298e-01,-7.843137254901960675e-02
1.001229474972769413e-03,8.235294117647058432e-01,1.176470588235294101e-01
1.001231474972712849e-03,9.019607843137255054e-01,-7.843137254901960675e-02
1.001233474972656285e-03,9.411764705882352811e-01,7.843137254901960675e-02
1.001235474972599722e-03,8.235294117647058432e-01,3.921568627450980338e-02
1.001237474972543158e-03,9.019607843137255054e-01,0.000000000000000000e+00
1.001239474972486594e-03,9.019607843137255054e-01,1.176470588235294101e-01
1.001241474972430030e-03,9.411764705882352811e-01,-7.843137254901960675e-02
1.001243474972373466e-03,8.627450980392157298e-01,3.921568627450980338e-02
1.001245474972316902e-03,8.627450980392157298e-01,0.000000000000000000e+00
1.001247474972260338e-03,9.019607843137255054e-01,0.000000000000000000e+00
1.001249474972203775e-03,9.411764705882352811e-01,7.843137254901960675e-02
1.001251474972147211e-03,8.627450980392157298e-01,-7.843137254901960675e-02
1.001253474972090647e-03,8.235294117647058432e-01,7.843137254901960675e-02
1.001255474972034083e-03,8.627450980392157298e-01,0.000000000000000000e+00
1.001257474971977519e-03,9.411764705882352811e-01,-7.843137254901960675e-02
1.001259474971920955e-03,8.235294117647058432e-01,1.568627450980392135e-01
1.001261474971864391e-03,9.019607843137255054e-01,-1.568627450980392135e-01
1.001263474971807827e-03,9.019607843137255054e-01,1.568627450980392135e-01
1.001265474971751264e-03,9.411764705882352811e-01,0.000000000000000000e+00
1.001267474971694700e-03,8.627450980392157298e-01,-7.843137254901960675e-02
1.001269474971638136e-03,8.627450980392157298e-01,7.843137254901960675e-02
1.001271474971581572e-03,9.411764705882352811e-01,-7.843137254901960675e-02
1.001273474971525008e-03,9.411764705882352811e-01,7.843137254901960675e-02
1.001275474971468444e-03,8.627450980392157298e-01,0.000000000000000000e+00
1.001277474971411880e-03,8.627450980392157298e-01,-7.843137254901960675e-02
1.001279474971355317e-03,9.019607843137255054e-01,1.568627450980392135e-01
1.001281474971298753e-03,9.411764705882352811e-01,-7.843137254901960675e-02
1.001283474971242189e-03,8.235294117647058432e-01,3.921568627450980338e-02
1.001285474971185625e-03,8.627450980392157298e-01,0.000000000000000000e+00
1.001287474971129061e-03,9.019607843137255054e-01,0.000000000000000000e+00
1.001289474971072497e-03,9.411764705882352811e-01,7.843137254901960675e-02
1.001291474971015933e-03,8.627450980392157298e-01,-7.843137254901960675e-02
1.001293474970959370e-03,8.627450980392157298e-01,7.843137254901960675e-02
1.001295474970902806e-03,8.627450980392157298e-01,3.921568627450980338e-02
1.001297474970846242e-03,9.411764705882352811e-01,-7.843137254901960675e-02
1.001299474970789678e-03,8.627450980392157298e-01,1.176470588235294101e-01
1.001301474970733114e-03,8.627450980392157298e-01,-1.568627450980392135e-01
1.001303474970676550e-03,9.019607843137255054e-01,1.176470588235294101e-01
1.001305474970619986e-03,9.411764705882352811e-01,0.000000000000000000e+00
1.001307474970563422e-03,8.235294117647058432e-01,-3.921568627450980338e-02
1.001309474970506859e-03,8.627450980392157298e-01,1.176470588235294101e-01
1.001311474970450295e-03,9.019607843137255054e-01,-7.843137254901960675e-02
1.001313474970393731e-03,9.411764705882352811e-01,7.843137254901960675e-02
1.001315474970337167e-03,8.235294117647058432e-01,3.921568627450980338e-02
1.001317474970280603e-03,9.019607843137255054e-01,0.000000000000000000e+00
1.001319474970224039e-03,8.627450980392157298e-01,1.176470588235294101e-01
1.001321474970167475e-03,9.411764705882352811e-01,-7.843137254901960675e-02
1.001323474970110912e-03,8.627450980392157298e-01,0.000000000000000000e+00
1.001325474970054348e-03,8.627450980392157298e-01,0.000000000000000000e+00
1.001327474969997784e-03,9.019607843137255054e-01,0.000000000000000000e+00
1.001329474969941220e-03,9.019607843137255054e-01,7.843137254901960675e-02
1.001331474969884656e-03,8.627450980392157298e-01,-7.843137254901960675e-02
1.001333474969828092e-03,9.019607843137255054e-01,7.843137254901960675e-02
1.001335474969771528e-03,9.019607843137255054e-01,3.921568627450980338e-02
1.001337474969714965e-03,9.411764705882352811e-01,-1.568627450980392135e-01
1.001339474969658401e-03,8.627450980392157298e-01,1.176470588235294101e-01
1.001341474969601837e-03,9.019607843137255054e-01,-1.568627450980392135e-01
1.001343474969545273e-03,9.019607843137255054e-01,1.176470588235294101e-01
1.001345474969488709e-03,9.019607843137255054e-01,-3.921568627450980338e-02
1.001347474969432145e-03,8.235294117647058432e-01,-7.843137254901960675e-02
1.001349474969375581e-03,8.235294117647058432e-01,1.176470588235294101e-01
1.001351474969319017e-03,9.411764705882352811e-01,-1.568627450980392135e-01
1.001353474969262454e-03,9.411764705882352811e-01,7.843137254901960675e-02
1.001355474969205890e-03,8.235294117647058432e-01,3.921568627450980338e-02
1.001357474969149326e-03,9.019607843137255054e-01,0.000000000000000000e+00
1.001359474969092762e-03,9.019607843137255054e-01,1.568627450980392135e-01
1.001361474969036198e-03,9.411764705882352811e-01,-7.843137254901960675e-02
1.001363474968979634e-03,8.627450980392157298e-01,3.921568627450980338e-02
1.001365474968923070e-03,8.627450980392157298e-01,3.921568627450980338e-02
1.001367474968866507e-03,9.019607843137255054e-01,0.000000000000000000e+00
1.001369474968809943e-03,9.411764705882352811e-01,1.568627450980392135e-01
1.001371474968753379e-03,8.627450980392157298e-01,-7.843137254901960675e-02
1.001373474968696815e-03,9.019607843137255054e-01,7.843137254901960675e-02
1.001375474968640251e-03,9.019607843137255054e-01,0.000000000000000000e+00
1.001377474968583687e-03,9.411764705882352811e-01,-7.843137254901960675e-02
1.001379474968527123e-03,8.627450980392157298e-01,7.843137254901960675e-02
1.001381474968470560e-03,9.019607843137255054e-01,-1.960784313725490169e-01
1.001383474968413996e-03,9.411764705882352811e-01,1.176470588235294101e-01
1.001385474968357432e-03,9.411764705882352811e-01,0.000000000000000000e+00
1.001387474968300868e-03,8.235294117647058432e-01,-7.843137254901960675e-02
1.001389474968244304e-03,8.627450980392157298e-01,7.843137254901960675e-02
1.001391474968187740e-03,8.627450980392157298e-01,-1.568627450980392135e-01
1.001393474968131176e-03,9.411764705882352811e-01,7.843137254901960675e-02
1.001395474968074613e-03,8.627450980392157298e-01,3.921568627450980338e-02
1.001397474968018049e-03,9.019607843137255054e-01,0.000000000000000000e+00
1.001399474967961485e-03,8.627450980392157298e-01,1.568627450980392135e-01
1.001401474967904921e-03,9.411764705882352811e-01,-1.568627450980392135e-01
1.001403474967848357e-03,8.627450980392157298e-01,7.843137254901960675e-02
1.001405474967791793e-03,8.235294117647058432e-01,3.921568627450980338e-02
1.001407474967735229e-03,9.019607843137255054e-01,0.000000000000000000e+00
1.001409474967678665e-03,9.411764705882352811e-01,7.843137254901960675e-02
1.001411474967622102e-03,8.627450980392157298e-01,-1.568627450980392135e-01
1.001413474967565538e-03,9.019607843137255054e-01,1.176470588235294101e-01
1.001415474967508974e-03,9.019607843137255054e-01,0.000000000000000000e+00
1.001417474967452410e-03,9.803921568627450567e-01,-7.843137254901960675e-02
1.001419474967395846e-03,8.235294117647058432e-01,1.568627450980392135e-01
1.001421474967339282e-03,9.019607843137255054e-01,-1.568627450980392135e-01
1.001423474967282718e-03,9.019607843137255054e-01,1.568627450980392135e-01
1.001425474967226155e-03,9.411764705882352811e-01,0.000000000000000000e+00
1.001427474967169591e-03,8.627450980392157298e-01,-7.843137254901960675e-02
1.001429474967113027e-03,8.235294117647058432e-01,1.176470588235294101e-01
1.001431474967056463e-03,9.019607843137255054e-01,-7.843137254901960675e-02
1.001433474966999899e-03,9.019607843137255054e-01,7.843137254901960675e-02
1.001435474966943335e-03,8.627450980392157298e-01,3.921568627450980338e-02
1.001437474966886771e-03,9.019607843137255054e-01,-1.568627450980392135e-01
1.001439474966830208e-03,9.019607843137255054e-01,1.568627450980392135e-01
1.001441474966773644e-03,9.019607843137255054e-01,-7.843137254901960675e-02
1.001443474966717080e-03,8.627450980392157298e-01,3.921568627450980338e-02
1.001445474966660516e-03,8.627450980392157298e-01,0.000000000000000000e+00
1.001447474966603952e-03,9.019607843137255054e-01,0.000000000000000000e+00
1.001449474966547388e-03,9.411764705882352811e-01,7.843137254901960675e-02
1.001451474966490824e-03,9.019607843137255054e-01,-7.843137254901960675e-02
1.001453474966434260e-03,8.627450980392157298e-01,7.843137254901960675e-02
1.001455474966377697e-03,9.019607843137255054e-01,0.000000000000000000e+00
1.001457474966321133e-03,9.411764705882352811e-01,-7.843137254901960675e-02
1.001459474966264569e-03,8.627450980392157298e-01,1.568627450980392135e-01
1.001461474966208005e-03,9.019607843137255054e-01,-1.568627450980392135e-01
1.001463474966151441e-03,9.019607843137255054e-01,1.568627450980392135e-01
1.001465474966094877e-03,9.019607843137255054e-01,0.000000000000000000e+00
1.001467474966038313e-03,8.627450980392157298e-01,-7.843137254901960675e-02
1.001469474965981750e-03,8.235294117647058432e-01,1.176470588235294101e-01
1.001471474965925186e-03,9.019607843137255054e-01,-7.843137254901960675e-02
1.001473474965868622e-03,9.411764705882352811e-01,3.921568627450980338e-02
1.001475474965812058e-03,8.627450980392157298e-01,3.921568627450980338e-02
1.001477474965755494e-03,8.627450980392157298e-01,0.000000000000000000e+00
1.001479474965698930e-03,8.627450980392157298e-01,1.568627450980392135e-01
1.001481474965642366e-03,9.411764705882352811e-01,-7.843137254901960675e-02
1.001483474965585803e-03,8.627450980392157298e-01,3.921568627450980338e-02
1.001485474965529239e-03,8.627450980392157298e-01,0.000000000000000000e+00
1.001487474965472675e-03,9.019607843137255054e-01,0.000000000000000000e+00
1.001489474965416111e-03,9.411764705882352811e-01,1.176470588235294101e-01
1.001491474965359547e-03,8.627450980392157298e-01,-7.843137254901960675e-02
1.001493474965302983e-03,8.627450980392157298e-01,7.843137254901960675e-02
1.001495474965246419e-03,8.627450980392157298e-01,3.921568627450980338e-02
1.001497474965189855e-03,9.411764705882352811e-01,-3.921568627450980338e-02
1.001499474965133292e-03,8.235294117647058432e-01,1.568627450980392135e-01
1.001501474965076728e-03,9.019607843137255054e-01,-1.568627450980392135e-01
1.001503474965020164e-03,9.019607843137255054e-01,1.176470588235294101e-01
1.001505474964963600e-03,9.411764705882352811e-01,0.000000000000000000e+00
1.001507474964907036e-03,8.627450980392157298e-01,-3.921568627450980338e-02
1.001509474964850472e-03,8.627450980392157298e-01,1.568627450980392135e-01
1.001511474964793908e-03,9.411764705882352811e-01,-1.568627450980392135e-01
1.001513474964737345e-03,9.411764705882352811e-01,7.843137254901960675e-02
1.001515474964680781e-03,8.627450980392157298e-01,0.000000000000000000e+00
1.001517474964624217e-03,9.411764705882352811e-01,-7.843137254901960675e-02
1.001519474964567653e-03,9.019607843137255054e-01,7.843137254901960675e-02
1.001521474964511089e-03,9.411764705882352811e-01,-7.843137254901960675e-02
1.001523474964454525e-03,8.627450980392157298e-01,3.921568627450980338e-02
1.001525474964397961e-03,8.627450980392157298e-01,0.000000000000000000e+00
1.001527474964341398e-03,9.019607843137255054e-01,0.000000000000000000e+00
1.001529474964284834e-03,9.019607843137255054e-01,7.843137254901960675e-02
1.001531474964228270e-03,8.235294117647058432e-01,-7.843137254901960675e-02
1.001533474964171706e-03,9.019607843137255054e-01,7.843137254901960675e-02
1.001535474964115142e-03,9.019607843137255054e-01,0.000000000000000000e+00
1.001537474964058578e-03,9.411764705882352811e-01,-7.843137254901960675e-02
1.001539474964002014e-03,8.235294117647058432e-01,7.843137254901960675e-02
1.001541474963945451e-03,9.019607843137255054e-01,-1.960784313725490169e-01
1.001543474963888887e-03,9.019607843137255054e-01,1.568627450980392135e-01
1.001545474963832323e-03,9.411764705882352811e-01,-3.921568627450980338e-02
1.001547474963775759e-03,8.235294117647058432e-01,-7.843137254901960675e-02
1.001549474963719195e-03,8.627450980392157298e-01,1.176470588235294101e-01
1.001551474963662631e-03,9.019607843137255054e-01,-1.568627450980392135e-01
1.001553474963606067e-03,9.411764705882352811e-01,7.843137254901960675e-02
1.001555474963549503e-03,8.627450980392157298e-01,3.921568627450980338e-02
1.001557474963492940e-03,8.627450980392157298e-01,0.000000000000000000e+00
1.001559474963436376e-03,8.627450980392157298e-01,1.568627450980392135e-01
1.001561474963379812e-03,9.411764705882352811e-01,-7.843137254901960675e-02
1.001563474963323248e-03,8.235294117647058432e-01,0.000000000000000000e+00
1.001565474963266684e-03,8.235294117647058432e-01,0.000000000000000000e+00
1.001567474963210120e-03,9.019607843137255054e-01,0.000000000000000000e+00
1.001569474963153556e-03,9.019607843137255054e-01,1.176470588235294101e-01
1.001571474963096993e-03,8.627450980392157298e-01,-3.921568627450980338e-02
1.001573474963040429e-03,8.627450980392157298e-01,1.176470588235294101e-01
1.001575474962983865e-03,9.019607843137255054e-01,0.000000000000000000e+00
1.001577474962927301e-03,9.411764705882352811e-01,-7.843137254901960675e-02
1.001579474962870737e-03,8.235294117647058432e-01,1.176470588235294101e-01
1.001581474962814173e-03,9.019607843137255054e-01,-1.568627450980392135e-01
1.001583474962757609e-03,9.411764705882352811e-01,1.176470588235294101e-01
1.001585474962701046e-03,9.411764705882352811e-01,0.000000000000000000e+00
1.001587474962644482e-03,8.627450980392157298e-01,-7.843137254901960675e-02
1.001589474962587918e-03,8.235294117647058432e-01,7.843137254901960675e-02
1.001591474962531354e-03,9.019607843137255054e-01,-7.843137254901960675e-02
1.001593474962474790e-03,9.411764705882352811e-01,7.843137254901960675e-02
1.001595474962418226e-03,8.235294117647058432e-01,3.921568627450980338e-02
1.001597474962361662e-03,9.019607843137255054e-01,-3.921568627450980338e-02
1.001599474962305098e-03,9.019607843137255054e-01,1.176470588235294101e-01
1.001601474962248535e-03,9.411764705882352811e-01,-7.843137254901960675e-02
1.001603474962191971e-03,8.627450980392157298e-01,3.921568627450980338e-02
1.001605474962135407e-03,8.627450980392157298e-01,0.000000000000000000e+00
1.001607474962078843e-03,9.019607843137255054e-01,3.921568627450980338e-02
1.001609474962022279e-03,9.019607843137255054e-01,7.843137254901960675e-02
1.001611474961965715e-03,8.627450980392157298e-01,-1.568627450980392135e-01
1.001613474961909151e-03,9.019607843137255054e-01,7.843137254901960675e-02
1.001615474961852588e-03,8.627450980392157298e-01,-3.921568627450980338e-02
1.001617474961796024e-03,9.411764705882352811e-01,-7.843137254901960675e-02
1.001619474961739460e-03,8.235294117647058432e-01,1.568627450980392135e-01
1.001621474961682896e-03,8.627450980392157298e-01,-1.568627450980392135e-01
1.001623474961626332e-03,9.019607843137255054e-01,1.568627450980392135e-01
1.001625474961569768e-03,9.411764705882352811e-01,0.000000000000000000e+00
1.001627474961513204e-03,8.235294117647058432e-01,-7.843137254901960675e-02
1.001629474961456641e-03,9.019607843137255054e-01,1.176470588235294101e-01
1.001631474961400077e-03,9.411764705882352811e-01,-1.568627450980392135e-01
1.001633474961343513e-03,9.411764705882352811e-01,3.921568627450980338e-02
1.001635474961286949e-03,8.627450980392157298e-01,3.921568627450980338e-02
1.001637474961230385e-03,9.019607843137255054e-01,0.000000000000000000e+00
1.001639474961173821e-03,8.627450980392157298e-01,1.568627450980392135e-01
1.001641474961117257e-03,9.411764705882352811e-01,-7.843137254901960675e-02
1.001643474961060694e-03,8.627450980392157298e-01,3.921568627450980338e-02
1.001645474961004130e-03,8.235294117647058432e-01,0.000000000000000000e+00
1.001647474960947566e-03,9.019607843137255054e-01,-3.921568627450980338e-02
1.001649474960891002e-03,9.019607843137255054e-01,1.176470588235294101e-01
1.001651474960834438e-03,8.627450980392157298e-01,-7.843137254901960675e-02
1.001653474960777874e-03,9.019607843137255054e-01,7.843137254901960675e-02
1.001655474960721310e-03,8.627450980392157298e-01,0.000000000000000000e+00
1.001657474960664746e-03,9.411764705882352811e-01,-7.843137254901960675e-02
1.001659474960608183e-03,8.627450980392157298e-01,1.176470588235294101e-01
1.001661474960551619e-03,8.627450980392157298e-01,-1.568627450980392135e-01
1.001663474960495055e-03,9.019607843137255054e-01,1.176470588235294101e-01
1.001665474960438491e-03,9.411764705882352811e-01,0.000000000000000000e+00
1.001667474960381927e-03,8.627450980392157298e-01,-3.921568627450980338e-02
1.001669474960325363e-03,8.235294117647058432e-01,7.843137254901960675e-02
1.001671474960268799e-03,9.019607843137255054e-01,-7.843137254901960675e-02
1.001673474960212236e-03,9.411764705882352811e-01,7.843137254901960675e-02
1.001675474960155672e-03,8.235294117647058432e-01,3.921568627450980338e-02
1.001677474960099108e-03,8.627450980392157298e-01,-1.568627450980392135e-01
1.001679474960042544e-03,9.019607843137255054e-01,1.568627450980392135e-01
1.001681474959985980e-03,9.411764705882352811e-01,-7.843137254901960675e-02
1.001683474959929416e-03,8.627450980392157298e-01,7.843137254901960675e-02
1.001685474959872852e-03,8.627450980392157298e-01,0.000000000000000000e+00
1.001687474959816289e-03,9.411764705882352811e-01,0.000000000000000000e+00
1.001689474959759725e-03,9.411764705882352811e-01,7.843137254901960675e-02
1.001691474959703161e-03,8.627450980392157298e-01,-3.921568627450980338e-02
1.001693474959646597e-03,9.019607843137255054e-01,7.843137254901960675e-02
1.001695474959590033e-03,8.627450980392157298e-01,0.000000000000000000e+00
1.001697474959533469e-03,9.411764705882352811e-01,-7.843137254901960675e-02
1.001699474959476905e-03,8.627450980392157298e-01,1.568627450980392135e-01
1.001701474959420341e-03,9.411764705882352811e-01,-1.568627450980392135e-01
1.001703474959363778e-03,9.019607843137255054e-01,1.176470588235294101e-01
1.001705474959307214e-03,9.411764705882352811e-01,0.000000000000000000e+00
1.001707474959250650e-03,8.627450980392157298e-01,-7.843137254901960675e-02
1.001709474959194086e-03,8.235294117647058432e-01,7.843137254901960675e-02
1.001711474959137522e-03,9.019607843137255054e-01,-1.568627450980392135e-01
1.001713474959080958e-03,9.411764705882352811e-01,3.921568627450980338e-02
1.001715474959024394e-03,8.627450980392157298e-01,3.921568627450980338e-02
1.001717474958967831e-03,9.019607843137255054e-01,0.000000000000000000e+00
1.001719474958911267e-03,9.019607843137255054e-01,1.568627450980392135e-01
1.001721474958854703e-03,9.411764705882352811e-01,-7.843137254901960675e-02
1.001723474958798139e-03,8.235294117647058432e-01,3.921568627450980338e-02
1.001725474958741575e-03,8.627450980392157298e-01,3.921568627450980338e-02
1.001727474958685011e-03,9.019607843137255054e-01,0.000000000000000000e+00
1.001729474958628447e-03,9.019607843137255054e-01,7.843137254901960675e-02
1.001731474958571884e-03,8.235294117647058432e-01,-7.843137254901960675e-02
1.001733474958515320e-03,8.627450980392157298e-01,7.843137254901960675e-02
1.001735474958458756e-03,9.019607843137255054e-01,0.000000000000000000e+00
1.001737474958402192e-03,9.411764705882352811e-01,-7.843137254901960675e-02
1.001739474958345628e-03,8.627450980392157298e-01,1.568627450980392135e-01
1.001741474958289064e-03,9.019607843137255054e-01,-1.568627450980392135e-01
1.001743474958232500e-03,9.019607843137255054e-01,1.176470588235294101e-01
1.001745474958175936e-03,9.411764705882352811e-01,3.921568627450980338e-02
1.001747474958119373e-03,8.627450980392157298e-01,-7.843137254901960675e-02
1.001749474958062809e-03,9.019607843137255054e-01,1.176470588235294101e-01
1.001751474958006245e-03,9.019607843137255054e-01,-1.568627450980392135e-01
1.001753474957949681e-03,9.411764705882352811e-01,7.843137254901960675e-02
1.001755474957893117e-03,8.627450980392157298e-01,3.921568627450980338e-02
1.001757474957836553e-03,9.019607843137255054e-01,-1.568627450980392135e-01
1.001759474957779989e-03,8.627450980392157298e-01,1.568627450980392135e-01
1.001761474957723426e-03,9.411764705882352811e-01,-7.843137254901960675e-02
1.001763474957666862e-03,8.627450980392157298e-01,3.921568627450980338e-02
1.001765474957610298e-03,8.627450980392157298e-01,0.000000000000000000e+00
1.001767474957553734e-03,9.019607843137255054e-01,0.000000000000000000e+00
1.001769474957497170e-03,9.019607843137255054e-01,7.843137254901960675e-02
1.001771474957440606e-03,8.627450980392157298e-01,-7.843137254901960675e-02
1.001773474957384042e-03,9.019607843137255054e-01,1.176470588235294101e-01
1.001775474957327479e-03,9.019607843137255054e-01,3.921568627450980338e-02
1.001777474957270915e-03,9.803921568627450567e-01,-7.843137254901960675e-02
1.001779474957214351e-03,8.235294117647058432e-01,1.568627450980392135e-01
1.001781474957157787e-03,9.019607843137255054e-01,-1.568627450980392135e-01
1.001783474957101223e-03,9.411764705882352811e-01,1.176470588235294101e-01
1.001785474957044659e-03,9.411764705882352811e-01,0.000000000000000000e+00
1.001787474956988095e-03,8.627450980392157298e-01,-7.843137254901960675e-02
1.001789474956931532e-03,8.627450980392157298e-01,1.176470588235294101e-01
1.001791474956874968e-03,9.019607843137255054e-01,-1.568627450980392135e-01
1.001793474956818404e-03,9.411764705882352811e-01,7.843137254901960675e-02
1.001795474956761840e-03,8.235294117647058432e-01,3.921568627450980338e-02
1.001797474956705276e-03,9.019607843137255054e-01,0.000000000000000000e+00
1.001799474956648712e-03,8.627450980392157298e-01,1.568627450980392135e-01
1.001801474956592148e-03,9.411764705882352811e-01,-7.843137254901960675e-02
1.001803474956535584e-03,8.627450980392157298e-01,3.921568627450980338e-02
1.001805474956479021e-03,8.627450980392157298e-01,0.000000000000000000e+00
1.001807474956422457e-03,9.411764705882352811e-01,0.000000000000000000e+00
1.001809474956365893e-03,9.411764705882352811e-01,7.843137254901960675e-02
1.001811474956309329e-03,8.627450980392157298e-01,-7.843137254901960675e-02
1.001813474956252765e-03,8.627450980392157298e-01,7.843137254901960675e-02
1.001815474956196201e-03,8.627450980392157298e-01,0.000000000000000000e+00
1.001817474956139637e-03,9.411764705882352811e-01,-7.843137254901960675e-02
1.001819474956083074e-03,8.235294117647058432e-01,1.568627450980392135e-01
1.001821474956026510e-03,9.019607843137255054e-01,-1.568627450980392135e-01
1.001823474955969946e-03,8.627450980392157298e-01,1.568627450980392135e-01
1.001825474955913382e-03,9.411764705882352811e-01,0.000000000000000000e+00
1.001827474955856818e-03,8.627450980392157298e-01,-7.843137254901960675e-02
1.001829474955800254e-03,9.019607843137255054e-01,1.176470588235294101e-01
1.001831474955743690e-03,9.019607843137255054e-01,-1.568627450980392135e-01
1.001833474955687127e-03,9.411764705882352811e-01,7.843137254901960675e-02
1.001835474955630563e-03,8.627450980392157298e-01,0.000000000000000000e+00
1.001837474955573999e-03,9.411764705882352811e-01,0.000000000000000000e+00
1.001839474955517435e-03,9.019607843137255054e-01,1.568627450980392135e-01
1.001841474955460871e-03,9.411764705882352811e-01,-7.843137254901960675e-02
1.001843474955404307e-03,8.235294117647058432e-01,3.921568627450980338e-02
1.001845474955347743e-03,8.627450980392157298e-01,3.921568627450980338e-02
1.001847474955291179e-03,9.019607843137255054e-01,0.000000000000000000e+00
1.001849474955234616e-03,9.411764705882352811e-01,7.843137254901960675e-02
1.001851474955178052e-03,8.627450980392157298e-01,-7.843137254901960675e-02
1.001853474955121488e-03,9.019607843137255054e-01,1.176470588235294101e-01
1.001855474955064924e-03,8.627450980392157298e-01,0.000000000000000000e+00
1.001857474955008360e-03,9.411764705882352811e-01,-7.843137254901960675e-02
1.001859474954951796e-03,8.627450980392157298e-01,1.568627450980392135e-01
1.001861474954895232e-03,9.019607843137255054e-01,-1.568627450980392135e-01
1.001863474954838669e-03,9.019607843137255054e-01,1.568627450980392135e-01
1.001865474954782105e-03,9.411764705882352811e-01,0.000000000000000000e+00
1.001867474954725541e-03,8.627450980392157298e-01,-7.843137254901960675e-02
1.001869474954668977e-03,8.627450980392157298e-01,7.843137254901960675e-02
1.001871474954612413e-03,9.411764705882352811e-01,-7.843137254901960675e-02
1.001873474954555849e-03,9.411764705882352811e-01,7.843137254901960675e-02
1.001875474954499285e-03,9.019607843137255054e-01,0.000000000000000000e+00
1.001877474954442722e-03,9.019607843137255054e-01,0.000000000000000000e+00
1.001879474954386158e-03,9.019607843137255054e-01,1.176470588235294101e-01
1.001881474954329594e-03,9.411764705882352811e-01,-7.843137254901960675e-02
1.001883474954273030e-03,8.627450980392157298e-01,3.921568627450980338e-02
1.001885474954216466e-03,9.019607843137255054e-01,0.000000000000000000e+00
1.001887474954159902e-03,9.019607843137255054e-01,0.000000000000000000e+00
1.001889474954103338e-03,9.411764705882352811e-01,7.843137254901960675e-02
1.001891474954046775e-03,8.627450980392157298e-01,-7.843137254901960675e-02
1.001893474953990211e-03,9.019607843137255054e-01,7.843137254901960675e-02
1.001895474953933647e-03,9.019607843137255054e-01,3.921568627450980338e-02
1.001897474953877083e-03,9.411764705882352811e-01,-7.843137254901960675e-02
1.001899474953820519e-03,8.235294117647058432e-01,1.568627450980392135e-01
1.001901474953763955e-03,9.019607843137255054e-01,-1.568627450980392135e-01
1.001903474953707391e-03,9.019607843137255054e-01,1.176470588235294101e-01
1.001905474953650827e-03,9.411764705882352811e-01,0.000000000000000000e+00
1.001907474953594264e-03,8.235294117647058432e-01,-7.843137254901960675e-02
1.001909474953537700e-03,8.235294117647058432e-01,7.843137254901960675e-02
1.001911474953481136e-03,9.019607843137255054e-01,-7.843137254901960675e-02
1.001913474953424572e-03,9.411764705882352811e-01,7.843137254901960675e-02
1.001915474953368008e-03,8.627450980392157298e-01,3.921568627450980338e-02
1.001917474953311444e-03,9.019607843137255054e-01,0.000000000000000000e+00
1.001919474953254880e-03,8.627450980392157298e-01,1.176470588235294101e-01
1.001921474953198317e-03,9.411764705882352811e-01,-7.843137254901960675e-02
1.001923474953141753e-03,8.627450980392157298e-01,3.921568627450980338e-02
1.001925474953085189e-03,8.627450980392157298e-01,3.921568627450980338e-02
1.001927474953028625e-03,9.019607843137255054e-01,0.000000000000000000e+00
1.001929474952972061e-03,9.411764705882352811e-01,7.843137254901960675e-02
1.001931474952915497e-03,8.627450980392157298e-01,-7.843137254901960675e-02
1.001933474952858933e-03,8.235294117647058432e-01,7.843137254901960675e-02
1.001935474952802370e-03,9.019607843137255054e-01,0.000000000000000000e+00
1.001937474952745806e-03,9.411764705882352811e-01,-7.843137254901960675e-02
1.001939474952689242e-03,8.235294117647058432e-01,1.176470588235294101e-01
1.001941474952632678e-03,9.019607843137255054e-01,-1.568627450980392135e-01
1.001943474952576114e-03,9.019607843137255054e-01,1.176470588235294101e-01
1.001945474952519550e-03,9.411764705882352811e-01,3.921568627450980338e-02
1.001947474952462986e-03,8.627450980392157298e-01,-3.921568627450980338e-02
1.001949474952406422e-03,8.627450980392157298e-01,1.176470588235294101e-01
1.001951474952349859e-03,9.411764705882352811e-01,-3.921568627450980338e-02
1.001953474952293295e-03,9.411764705882352811e-01,7.843137254901960675e-02
1.001955474952236731e-03,8.235294117647058432e-01,0.000000000000000000e+00
1.001957474952180167e-03,8.627450980392157298e-01,0.000000000000000000e+00
1.001959474952123603e-03,9.019607843137255054e-01,1.568627450980392135e-01
1.001961474952067039e-03,9.411764705882352811e-01,-7.843137254901960675e-02
1.001963474952010475e-03,8.627450980392157298e-01,3.921568627450980338e-02
1.001965474951953912e-03,9.019607843137255054e-01,3.921568627450980338e-02
1.001967474951897348e-03,9.019607843137255054e-01,0.000000000000000000e+00
1.001969474951840784e-03,9.411764705882352811e-01,1.176470588235294101e-01
1.001971474951784220e-03,8.627450980392157298e-01,-7.843137254901960675e-02
1.001973474951727656e-03,8.627450980392157298e-01,7.843137254901960675e-02
1.001975474951671092e-03,9.019607843137255054e-01,0.000000000000000000e+00
1.001977474951614528e-03,9.803921568627450567e-01,-7.843137254901960675e-02
1.001979474951557965e-03,8.627450980392157298e-01,7.843137254901960675e-02
1.001981474951501401e-03,9.019607843137255054e-01,-7.843137254901960675e-02
1.001983474951444837e-03,9.019607843137255054e-01,1.568627450980392135e-01
1.001985474951388273e-03,9.411764705882352811e-01,0.000000000000000000e+00
1.001987474951331709e-03,8.235294117647058432e-01,-7.843137254901960675e-02
1.001989474951275145e-03,8.235294117647058432e-01,1.176470588235294101e-01
1.001991474951218581e-03,9.019607843137255054e-01,-7.843137254901960675e-02
1.001993474951162017e-03,9.411764705882352811e-01,7.843137254901960675e-02
1.001995474951105454e-03,8.235294117647058432e-01,3.921568627450980338e-02
1.001997474951048890e-03,8.627450980392157298e-01,0.000000000000000000e+00
1.001999474950992326e-03,8.627450980392157298e-01,1.568627450980392135e-01
1.002001474950935762e-03,9.411764705882352811e-01,-7.843137254901960675e-02
1.002003474950879198e-03,8.627450980392157298e-01,7.843137254901960675e-02
1.002005474950822634e-03,9.019607843137255054e-01,0.000000000000000000e+00
1.002007474950766070e-03,9.019607843137255054e-01,0.000000000000000000e+00
1.002009474950709507e-03,9.411764705882352811e-01,7.843137254901960675e-02
1.002011474950652943e-03,8.627450980392157298e-01,-1.568627450980392135e-01
1.002013474950596379e-03,9.019607843137255054e-01,7.843137254901960675e-02
1.002015474950539815e-03,9.019607843137255054e-01,0.000000000000000000e+00
1.002017474950483251e-03,9.411764705882352811e-01,-7.843137254901960675e-02
1.002019474950426687e-03,8.627450980392157298e-01,1.568627450980392135e-01
1.002021474950370123e-03,8.627450980392157298e-01,-1.960784313725490169e-01
1.002023474950313560e-03,8.627450980392157298e-01,1.176470588235294101e-01
1.002025474950256996e-03,9.411764705882352811e-01,0.000000000000000000e+00
1.002027474950200432e-03,8.627450980392157298e-01,-7.843137254901960675e-02
1.002029474950143868e-03,8.627450980392157298e-01,1.176470588235294101e-01
1.002031474950087304e-03,9.019607843137255054e-01,-1.568627450980392135e-01
1.002033474950030740e-03,9.411764705882352811e-01,3.921568627450980338e-02
1.002035474949974176e-03,8.235294117647058432e-01,0.000000000000000000e+00
1.002037474949917613e-03,8.627450980392157298e-01,0.000000000000000000e+00
1.002039474949861049e-03,9.019607843137255054e-01,1.568627450980392135e-01
1.002041474949804485e-03,9.411764705882352811e-01,-7.843137254901960675e-02
1.002043474949747921e-03,8.627450980392157298e-01,3.921568627450980338e-02
1.002045474949691357e-03,8.627450980392157298e-01,0.000000000000000000e+00
1.002047474949634793e-03,9.019607843137255054e-01,0.000000000000000000e+00
1.002049474949578229e-03,9.411764705882352811e-01,1.176470588235294101e-01
1.002051474949521665e-03,8.235294117647058432e-01,-7.843137254901960675e-02
1.002053474949465102e-03,8.627450980392157298e-01,7.843137254901960675e-02
1.002055474949408538e-03,9.019607843137255054e-01,3.921568627450980338e-02
1.002057474949351974e-03,9.411764705882352811e-01,-7.843137254901960675e-02
1.002059474949295410e-03,8.235294117647058432e-01,1.568627450980392135e-01
1.002061474949238846e-03,9.411764705882352811e-01,-1.568627450980392135e-01
1.002063474949182282e-03,9.019607843137255054e-01,1.176470588235294101e-01
1.002065474949125718e-03,9.411764705882352811e-01,0.000000000000000000e+00
1.002067474949069155e-03,8.627450980392157298e-01,-7.843137254901960675e-02
1.002069474949012591e-03,8.627450980392157298e-01,1.176470588235294101e-01
1.002071474948956027e-03,9.019607843137255054e-01,-3.921568627450980338e-02
1.002073474948899463e-03,9.411764705882352811e-01,1.176470588235294101e-01
1.002075474948842899e-03,8.627450980392157298e-01,3.921568627450980338e-02
1.002077474948786335e-03,9.019607843137255054e-01,-1.568627450980392135e-01
1.002079474948729771e-03,8.627450980392157298e-01,1.176470588235294101e-01
1.002081474948673208e-03,9.411764705882352811e-01,-7.843137254901960675e-02
1.002083474948616644e-03,8.235294117647058432e-01,0.000000000000000000e+00
1.002085474948560080e-03,8.627450980392157298e-01,3.921568627450980338e-02
1.002087474948503516e-03,9.019607843137255054e-01,0.000000000000000000e+00
1.002089474948446952e-03,9.411764705882352811e-01,1.176470588235294101e-01
1.002091474948390388e-03,8.627450980392157298e-01,-7.843137254901960675e-02
1.002093474948333824e-03,8.627450980392157298e-01,7.843137254901960675e-02
1.002095474948277260e-03,9.019607843137255054e-01,0.000000000000000000e+00
1.002097474948220697e-03,9.411764705882352811e-01,-7.843137254901960675e-02
1.002099474948164133e-03,8.627450980392157298e-01,1.568627450980392135e-01
1.002101474948107569e-03,9.019607843137255054e-01,-1.960784313725490169e-01
1.002103474948051005e-03,9.019607843137255054e-01,1.176470588235294101e-01
1.002105474947994441e-03,9.411764705882352811e-01,0.000000000000000000e+00
1.002107474947937877e-03,8.627450980392157298e-01,-7.843137254901960675e-02
1.002109474947881313e-03,8.235294117647058432e-01,7.843137254901960675e-02
1.002111474947824750e-03,9.411764705882352811e-01,-7.843137254901960675e-02
1.002113474947768186e-03,9.411764705882352811e-01,7.843137254901960675e-02
1.002115474947711622e-03,8.235294117647058432e-01,3.921568627450980338e-02
1.002117474947655058e-03,9.411764705882352811e-01,0.000000000000000000e+00
1.002119474947598494e-03,8.627450980392157298e-01,1.568627450980392135e-01
1.002121474947541930e-03,9.019607843137255054e-01,-7.843137254901960675e-02
1.002123474947485366e-03,8.235294117647058432e-01,0.000000000000000000e+00
1.002125474947428803e-03,8.627450980392157298e-01,3.921568627450980338e-02
1.002127474947372239e-03,9.411764705882352811e-01,0.000000000000000000e+00
1.002129474947315675e-03,9.411764705882352811e-01,7.843137254901960675e-02
1.002131474947259111e-03,8.627450980392157298e-01,-1.568627450980392135e-01
1.002133474947202547e-03,8.235294117647058432e-01,7.843137254901960675e-02
1.002135474947145983e-03,9.019607843137255054e-01,0.000000000000000000e+00
1.002137474947089419e-03,9.411764705882352811e-01,-7.843137254901960675e-02
1.002139474947032855e-03,8.627450980392157298e-01,1.568627450980392135e-01
1.002141474946976292e-03,9.019607843137255054e-01,-1.568627450980392135e-01
1.002143474946919728e-03,8.627450980392157298e-01,1.176470588235294101e-01
1.002145474946863164e-03,9.019607843137255054e-01,0.000000000000000000e+00
1.002147474946806600e-03,8.627450980392157298e-01,-7.843137254901960675e-02
1.002149474946750036e-03,8.627450980392157298e-01,7.843137254901960675e-02
1.002151474946693472e-03,9.019607843137255054e-01,-1.568627450980392135e-01
1.002153474946636908e-03,9.411764705882352811e-01,3.921568627450980338e-02
1.002155474946580345e-03,8.627450980392157298e-01,0.000000000000000000e+00
1.002157474946523781e-03,9.019607843137255054e-01,-7.843137254901960675e-02
1.002159474946467217e-03,8.627450980392157298e-01,1.176470588235294101e-01
1.002161474946410653e-03,9.411764705882352811e-01,-7.843137254901960675e-02
1.002163474946354089e-03,8.235294117647058432e-01,3.921568627450980338e-02
1.002165474946297525e-03,9.019607843137255054e-01,3.921568627450980338e-02
1.002167474946240961e-03,9.019607843137255054e-01,-3.921568627450980338e-02
1.002169474946184398e-03,9.411764705882352811e-01,1.176470588235294101e-01
1.002171474946127834e-03,8.627450980392157298e-01,-7.843137254901960675e-02
1.002173474946071270e-03,9.019607843137255054e-01,7.843137254901960675e-02
1.002175474946014706e-03,9.019607843137255054e-01,0.000000000000000000e+00
1.002177474945958142e-03,9.411764705882352811e-01,-7.843137254901960675e-02
1.002179474945901578e-03,8.235294117647058432e-01,1.176470588235294101e-01
1.002181474945845014e-03,8.627450980392157298e-01,-1.960784313725490169e-01
1.002183474945788451e-03,9.019607843137255054e-01,1.176470588235294101e-01
1.002185474945731887e-03,9.411764705882352811e-01,3.921568627450980338e-02
1.002187474945675323e-03,9.019607843137255054e-01,-7.843137254901960675e-02
1.002189474945618759e-03,8.627450980392157298e-01,7.843137254901960675e-02
1.002191474945562195e-03,9.019607843137255054e-01,-3.921568627450980338e-02
1.002193474945505631e-03,9.411764705882352811e-01,3.921568627450980338e-02
1.002195474945449067e-03,8.627450980392157298e-01,3.921568627450980338e-02
1.002197474945392503e-03,9.019607843137255054e-01,-1.960784313725490169e-01
1.002199474945335940e-03,8.627450980392157298e-01,1.176470588235294101e-01
1.002201474945279376e-03,9.411764705882352811e-01,-7.843137254901960675e-02
1.002203474945222812e-03,8.235294117647058432e-01,3.921568627450980338e-02
1.002205474945166248e-03,8.627450980392157298e-01,0.000000000000000000e+00
1.002207474945109684e-03,9.019607843137255054e-01,0.000000000000000000e+00
1.002209474945053120e-03,9.411764705882352811e-01,1.176470588235294101e-01
1.002211474944996556e-03,8.627450980392157298e-01,-7.843137254901960675e-02
1.002213474944939993e-03,9.019607843137255054e-01,7.843137254901960675e-02
1.002215474944883429e-03,9.019607843137255054e-01,0.000000000000000000e+00
1.002217474944826865e-03,9.411764705882352811e-01,-7.843137254901960675e-02
1.002219474944770301e-03,8.627450980392157298e-01,1.568627450980392135e-01
1.002221474944713737e-03,9.019607843137255054e-01,-1.568627450980392135e-01
1.002223474944657173e-03,9.019607843137255054e-01,7.843137254901960675e-02
1.002225474944600609e-03,9.411764705882352811e-01,0.000000000000000000e+00
1.002227474944544046e-03,9.019607843137255054e-01,-3.921568627450980338e-02
1.002229474944487482e-03,8.627450980392157298e-01,1.176470588235294101e-01
1.002231474944430918e-03,9.019607843137255054e-01,-1.568627450980392135e-01
1.002233474944374354e-03,9.019607843137255054e-01,3.921568627450980338e-02
1.002235474944317790e-03,8.627450980392157298e-01,3.921568627450980338e-02
1.002237474944261226e-03,9.411764705882352811e-01,-1.568627450980392135e-01
1.002239474944204662e-03,8.627450980392157298e-01,1.568627450980392135e-01
1.002241474944148098e-03,9.411764705882352811e-01,-7.843137254901960675e-02
1.002243474944091535e-03,8.627450980392157298e-01,3.921568627450980338e-02
1.002245474944034971e-03,9.019607843137255054e-01,0.000000000000000000e+00
1.002247474943978407e-03,9.411764705882352811e-01,0.000000000000000000e+00
1.002249474943921843e-03,9.411764705882352811e-01,7.843137254901960675e-02
1.002251474943865279e-03,8.627450980392157298e-01,-7.843137254901960675e-02
1.002253474943808715e-03,8.627450980392157298e-01,3.921568627450980338e-02
1.002255474943752151e-03,9.019607843137255054e-01,0.000000000000000000e+00
1.002257474943695588e-03,9.411764705882352811e-01,-7.843137254901960675e-02
1.002259474943639024e-03,8.235294117647058432e-01,1.176470588235294101e-01
1.002261474943582460e-03,9.019607843137255054e-01,-1.568627450980392135e-01
1.002263474943525896e-03,9.019607843137255054e-01,1.176470588235294101e-01
1.002265474943469332e-03,9.411764705882352811e-01,0.000000000000000000e+00
1.002267474943412768e-03,8.627450980392157298e-01,-7.843137254901960675e-02
1.002269474943356204e-03,8.235294117647058432e-01,7.843137254901960675e-02
1.002271474943299641e-03,8.627450980392157298e-01,-1.568627450980392135e-01
1.002273474943243077e-03,9.411764705882352811e-01,7.843137254901960675e-02
1.002275474943186513e-03,8.627450980392157298e-01,3.921568627450980338e-02
1.002277474943129949e-03,9.411764705882352811e-01,-1.568627450980392135e-01
1.002279474943073385e-03,9.019607843137255054e-01,1.568627450980392135e-01
1.002281474943016821e-03,9.411764705882352811e-01,-7.843137254901960675e-02
1.002283474942960257e-03,8.627450980392157298e-01,0.000000000000000000e+00
1.002285474942903694e-03,9.019607843137255054e-01,3.921568627450980338e-02
1.002287474942847130e-03,9.019607843137255054e-01,0.000000000000000000e+00
1.002289474942790566e-03,9.019607843137255054e-01,7.843137254901960675e-02
1.002291474942734002e-03,8.627450980392157298e-01,-7.843137254901960675e-02
1.002293474942677438e-03,9.019607843137255054e-01,7.843137254901960675e-02
1.002295474942620874e-03,9.019607843137255054e-01,0.000000000000000000e+00
1.002297474942564310e-03,9.411764705882352811e-01,-3.921568627450980338e-02
1.002299474942507746e-03,8.627450980392157298e-01,1.568627450980392135e-01
1.002301474942451183e-03,9.019607843137255054e-01,-1.568627450980392135e-01
1.002303474942394619e-03,9.019607843137255054e-01,1.176470588235294101e-01
1.002305474942338055e-03,9.411764705882352811e-01,0.000000000000000000e+00
1.002307474942281491e-03,8.235294117647058432e-01,-1.568627450980392135e-01
1.002309474942224927e-03,9.019607843137255054e-01,1.176470588235294101e-01
1.002311474942168363e-03,9.411764705882352811e-01,-7.843137254901960675e-02
1.002313474942111799e-03,9.411764705882352811e-01,3.921568627450980338e-02
1.002315474942055236e-03,8.627450980392157298e-01,3.921568627450980338e-02
1.002317474941998672e-03,9.019607843137255054e-01,0.000000000000000000e+00
1.002319474941942108e-03,8.627450980392157298e-01,1.568627450980392135e-01
1.002321474941885544e-03,9.411764705882352811e-01,-7.843137254901960675e-02
1.002323474941828980e-03,8.627450980392157298e-01,0.000000000000000000e+00
1.002325474941772416e-03,8.235294117647058432e-01,0.000000000000000000e+00
1.002327474941715852e-03,9.019607843137255054e-01,0.000000000000000000e+00
1.002329474941659289e-03,9.019607843137255054e-01,7.843137254901960675e-02
1.002331474941602725e-03,8.627450980392157298e-01,-7.843137254901960675e-02
1.002333474941546161e-03,8.627450980392157298e-01,7.843137254901960675e-02
1.002335474941489597e-03,8.627450980392157298e-01,0.000000000000000000e+00
1.002337474941433033e-03,9.411764705882352811e-01,-7.843137254901960675e-02
1.002339474941376469e-03,8.235294117647058432e-01,1.568627450980392135e-01
1.002341474941319905e-03,8.627450980392157298e-01,-1.568627450980392135e-01
1.002343474941263341e-03,9.019607843137255054e-01,1.176470588235294101e-01
1.002345474941206778e-03,9.411764705882352811e-01,0.000000000000000000e+00
1.002347474941150214e-03,8.627450980392157298e-01,-7.843137254901960675e-02
1.002349474941093650e-03,8.627450980392157298e-01,1.176470588235294101e-01
1.002351474941037086e-03,9.019607843137255054e-01,-7.843137254901960675e-02
1.002353474940980522e-03,9.411764705882352811e-01,7.843137254901960675e-02
1.002355474940923958e-03,8.235294117647058432e-01,3.921568627450980338e-02
1.002357474940867394e-03,8.627450980392157298e-01,-1.568627450980392135e-01
1.002359474940810831e-03,8.627450980392157298e-01,1.176470588235294101e-01
1.002361474940754267e-03,9.411764705882352811e-01,-7.843137254901960675e-02
1.002363474940697703e-03,8.627450980392157298e-01,3.921568627450980338e-02
1.002365474940641139e-03,8.627450980392157298e-01,3.921568627450980338e-02
1.002367474940584575e-03,9.411764705882352811e-01,0.000000000000000000e+00
1.002369474940528011e-03,9.411764705882352811e-01,1.568627450980392135e-01
1.002371474940471447e-03,8.627450980392157298e-01,-7.843137254901960675e-02
1.002373474940414884e-03,9.019607843137255054e-01,1.176470588235294101e-01
1.002375474940358320e-03,9.019607843137255054e-01,0.000000000000000000e+00
1.002377474940301756e-03,9.411764705882352811e-01,-7.843137254901960675e-02
1.002379474940245192e-03,8.627450980392157298e-01,1.568627450980392135e-01
1.002381474940188628e-03,8.627450980392157298e-01,-1.960784313725490169e-01
1.002383474940132064e-03,9.019607843137255054e-01,1.568627450980392135e-01
1.002385474940075500e-03,9.411764705882352811e-01,0.000000000000000000e+00
1.002387474940018936e-03,8.627450980392157298e-01,-7.843137254901960675e-02
1.002389474939962373e-03,8.235294117647058432e-01,7.843137254901960675e-02
1.002391474939905809e-03,9.019607843137255054e-01,-1.568627450980392135e-01
1.002393474939849245e-03,9.411764705882352811e-01,3.921568627450980338e-02
1.002395474939792681e-03,8.627450980392157298e-01,0.000000000000000000e+00
1.002397474939736117e-03,9.019607843137255054e-01,0.000000000000000000e+00
1.002399474939679553e-03,8.627450980392157298e-01,1.568627450980392135e-01
1.002401474939622989e-03,9.411764705882352811e-01,-7.843137254901960675e-02
1.002403474939566426e-03,8.627450980392157298e-01,0.000000000000000000e+00
1.002405474939509862e-03,8.627450980392157298e-01,3.921568627450980338e-02
1.002407474939453298e-03,9.019607843137255054e-01,0.000000000000000000e+00
1.002409474939396734e-03,9.411764705882352811e-01,7.843137254901960675e-02
1.002411474939340170e-03,8.235294117647058432e-01,-1.568627450980392135e-01
1.002413474939283606e-03,8.627450980392157298e-01,7.843137254901960675e-02
1.002415474939227042e-03,9.019607843137255054e-01,0.000000000000000000e+00
1.002417474939170479e-03,9.411764705882352811e-01,-7.843137254901960675e-02
1.002419474939113915e-03,8.627450980392157298e-01,1.568627450980392135e-01
1.002421474939057351e-03,9.411764705882352811e-01,-1.568627450980392135e-01
1.002423474939000787e-03,9.019607843137255054e-01,1.176470588235294101e-01
1.002425474938944223e-03,9.411764705882352811e-01,0.000000000000000000e+00
1.002427474938887659e-03,8.627450980392157298e-01,-7.843137254901960675e-02
1.002429474938831095e-03,9.019607843137255054e-01,1.176470588235294101e-01
1.002431474938774532e-03,9.411764705882352811e-01,-1.568627450980392135e-01
1.002433474938717968e-03,9.411764705882352811e-01,7.843137254901960675e-02
1.002435474938661404e-03,8.627450980392157298e-01,3.921568627450980338e-02
1.002437474938604840e-03,8.627450980392157298e-01,-1.568627450980392135e-01
1.002439474938548276e-03,9.019607843137255054e-01,1.568627450980392135e-01
1.002441474938491712e-03,9.411764705882352811e-01,-7.843137254901960675e-02
1.002443474938435148e-03,8.627450980392157298e-01,3.921568627450980338e-02
1.002445474938378584e-03,9.019607843137255054e-01,0.000000000000000000e+00
1.002447474938322021e-03,9.019607843137255054e-01,-3.921568627450980338e-02
1.002449474938265457e-03,9.411764705882352811e-01,1.176470588235294101e-01
1.002451474938208893e-03,9.019607843137255054e-01,-7.843137254901960675e-02
1.002453474938152329e-03,8.627450980392157298e-01,7.843137254901960675e-02
1.002455474938095765e-03,9.019607843137255054e-01,3.921568627450980338e-02
1.002457474938039201e-03,9.411764705882352811e-01,-7.843137254901960675e-02
1.002459474937982637e-03,8.627450980392157298e-01,7.843137254901960675e-02
1.002461474937926074e-03,9.019607843137255054e-01,-1.568627450980392135e-01
1.002463474937869510e-03,9.019607843137255054e-01,1.176470588235294101e-01
1.002465474937812946e-03,9.411764705882352811e-01,0.000000000000000000e+00
1.002467474937756382e-03,8.235294117647058432e-01,-7.843137254901960675e-02
1.002469474937699818e-03,9.019607843137255054e-01,1.176470588235294101e-01
1.002471474937643254e-03,9.019607843137255054e-01,-1.568627450980392135e-01
1.002473474937586690e-03,9.411764705882352811e-01,3.921568627450980338e-02
1.002475474937530127e-03,8.627450980392157298e-01,3.921568627450980338e-02
1.002477474937473563e-03,9.019607843137255054e-01,0.000000000000000000e+00
1.002479474937416999e-03,9.019607843137255054e-01,1.568627450980392135e-01
1.002481474937360435e-03,9.411764705882352811e-01,-7.843137254901960675e-02
1.002483474937303871e-03,8.627450980392157298e-01,3.921568627450980338e-02
1.002485474937247307e-03,9.019607843137255054e-01,3.921568627450980338e-02
1.002487474937190743e-03,9.019607843137255054e-01,0.000000000000000000e+00
1.002489474937134179e-03,9.019607843137255054e-01,7.843137254901960675e-02
1.002491474937077616e-03,8.627450980392157298e-01,-7.843137254901960675e-02
1.002493474937021052e-03,9.019607843137255054e-01,7.843137254901960675e-02
1.002495474936964488e-03,9.019607843137255054e-01,3.921568627450980338e-02
1.002497474936907924e-03,9.803921568627450567e-01,-7.843137254901960675e-02
1.002499474936851360e-03,8.235294117647058432e-01,7.843137254901960675e-02
1.002501474936794796e-03,9.019607843137255054e-01,-1.568627450980392135e-01
1.002503474936738232e-03,9.019607843137255054e-01,1.176470588235294101e-01
1.002505474936681669e-03,9.411764705882352811e-01,0.000000000000000000e+00
1.002507474936625105e-03,8.627450980392157298e-01,-7.843137254901960675e-02
1.002509474936568541e-03,8.235294117647058432e-01,1.176470588235294101e-01
1.002511474936511977e-03,9.019607843137255054e-01,-7.843137254901960675e-02
1.002513474936455413e-03,9.411764705882352811e-01,3.921568627450980338e-02
1.002515474936398849e-03,8.627450980392157298e-01,3.921568627450980338e-02
1.002517474936342285e-03,9.411764705882352811e-01,-1.568627450980392135e-01
1.002519474936285722e-03,9.019607843137255054e-01,1.568627450980392135e-01
1.002521474936229158e-03,9.411764705882352811e-01,-7.843137254901960675e-02
1.002523474936172594e-03,8.627450980392157298e-01,3.921568627450980338e-02
1.002525474936116030e-03,8.627450980392157298e-01,3.921568627450980338e-02
1.002527474936059466e-03,9.019607843137255054e-01,0.000000000000000000e+00
1.002529474936002902e-03,9.411764705882352811e-01,7.843137254901960675e-02
1.002531474935946338e-03,9.019607843137255054e-01,-7.843137254901960675e-02
1.002533474935889775e-03,9.019607843137255054e-01,7.843137254901960675e-02
1.002535474935833211e-03,9.019607843137255054e-01,0.000000000000000000e+00
1.002537474935776647e-03,9.411764705882352811e-01,-7.843137254901960675e-02
1.002539474935720083e-03,8.627450980392157298e-01,1.568627450980392135e-01
1.002541474935663519e-03,8.627450980392157298e-01,-1.568627450980392135e-01
1.002543474935606955e-03,9.019607843137255054e-01,1.176470588235294101e-01
1.002545474935550391e-03,9.411764705882352811e-01,0.000000000000000000e+00
1.002547474935493827e-03,8.627450980392157298e-01,-7.843137254901960675e-02
1.002549474935437264e-03,8.235294117647058432e-01,1.176470588235294101e-01
1.002551474935380700e-03,9.019607843137255054e-01,-1.568627450980392135e-01
1.002553474935324136e-03,9.411764705882352811e-01,7.843137254901960675e-02
1.002555474935267572e-03,8.627450980392157298e-01,0.000000000000000000e+00
1.002557474935211008e-03,9.019607843137255054e-01,-1.568627450980392135e-01
1.002559474935154444e-03,8.627450980392157298e-01,1.176470588235294101e-01
1.002561474935097880e-03,9.411764705882352811e-01,-7.843137254901960675e-02
1.002563474935041317e-03,8.627450980392157298e-01,3.921568627450980338e-02
1.002565474934984753e-03,8.627450980392157298e-01,0.000000000000000000e+00
1.002567474934928189e-03,9.019607843137255054e-01,0.000000000000000000e+00
1.002569474934871625e-03,9.019607843137255054e-01,1.176470588235294101e-01
1.002571474934815061e-03,8.627450980392157298e-01,-7.843137254901960675e-02
1.002573474934758497e-03,8.235294117647058432e-01,7.843137254901960675e-02
1.002575474934701933e-03,8.627450980392157298e-01,3.921568627450980338e-02
1.002577474934645370e-03,9.411764705882352811e-01,-1.568627450980392135e-01
1.002579474934588806e-03,8.235294117647058432e-01,1.176470588235294101e-01
1.002581474934532242e-03,9.019607843137255054e-01,-1.568627450980392135e-01
1.002583474934475678e-03,9.019607843137255054e-01,1.176470588235294101e-01
1.002585474934419114e-03,9.019607843137255054e-01,0.000000000000000000e+00
1.002587474934362550e-03,8.627450980392157298e-01,-1.568627450980392135e-01
1.002589474934305986e-03,8.627450980392157298e-01,1.176470588235294101e-01
1.002591474934249422e-03,9.019607843137255054e-01,-1.568627450980392135e-01
1.002593474934192859e-03,9.411764705882352811e-01,3.921568627450980338e-02
1.002595474934136295e-03,8.235294117647058432e-01,3.921568627450980338e-02
1.002597474934079731e-03,9.019607843137255054e-01,-3.921568627450980338e-02
1.002599474934023167e-03,9.019607843137255054e-01,1.568627450980392135e-01
1.002601474933966603e-03,9.411764705882352811e-01,-7.843137254901960675e-02
1.002603474933910039e-03,8.627450980392157298e-01,0.000000000000000000e+00
1.002605474933853475e-03,8.235294117647058432e-01,3.921568627450980338e-02
1.002607474933796912e-03,9.019607843137255054e-01,-3.921568627450980338e-02
1.002609474933740348e-03,9.411764705882352811e-01,7.843137254901960675e-02
1.002611474933683784e-03,8.627450980392157298e-01,-7.843137254901960675e-02
1.002613474933627220e-03,9.019607843137255054e-01,7.843137254901960675e-02
1.002615474933570656e-03,9.019607843137255054e-01,3.921568627450980338e-02
1.002617474933514092e-03,9.411764705882352811e-01,-7.843137254901960675e-02
1.002619474933457528e-03,8.627450980392157298e-01,1.568627450980392135e-01
1.002621474933400965e-03,8.627450980392157298e-01,-1.568627450980392135e-01
1.002623474933344401e-03,9.019607843137255054e-01,1.176470588235294101e-01
1.002625474933287837e-03,9.411764705882352811e-01,0.000000000000000000e+00
1.002627474933231273e-03,8.627450980392157298e-01,-7.843137254901960675e-02
1.002629474933174709e-03,9.019607843137255054e-01,1.176470588235294101e-01
1.002631474933118145e-03,9.019607843137255054e-01,-1.568627450980392135e-01
1.002633474933061581e-03,9.411764705882352811e-01,7.843137254901960675e-02
1.002635474933005017e-03,8.235294117647058432e-01,3.921568627450980338e-02
1.002637474932948454e-03,9.411764705882352811e-01,-1.568627450980392135e-01
1.002639474932891890e-03,9.019607843137255054e-01,1.176470588235294101e-01
1.002641474932835326e-03,9.411764705882352811e-01,-7.843137254901960675e-02
1.002643474932778762e-03,8.627450980392157298e-01,3.921568627450980338e-02
1.002645474932722198e-03,9.019607843137255054e-01,3.921568627450980338e-02
1.002647474932665634e-03,9.411764705882352811e-01,-3.921568627450980338e-02
1.002649474932609070e-03,9.411764705882352811e-01,1.176470588235294101e-01
1.002651474932552507e-03,8.627450980392157298e-01,-7.843137254901960675e-02
1.002653474932495943e-03,9.019607843137255054e-01,1.176470588235294101e-01
1.002655474932439379e-03,8.627450980392157298e-01,3.921568627450980338e-02
1.002657474932382815e-03,9.411764705882352811e-01,-7.843137254901960675e-02
1.002659474932326251e-03,8.627450980392157298e-01,1.568627450980392135e-01
1.002661474932269687e-03,9.019607843137255054e-01,-1.568627450980392135e-01
1.002663474932213123e-03,9.019607843137255054e-01,1.176470588235294101e-01
1.002665474932156560e-03,9.411764705882352811e-01,3.921568627450980338e-02
1.002667474932099996e-03,9.019607843137255054e-01,-7.843137254901960675e-02
1.002669474932043432e-03,8.627450980392157298e-01,1.568627450980392135e-01
1.002671474931986868e-03,9.019607843137255054e-01,-1.568627450980392135e-01
1.002673474931930304e-03,9.411764705882352811e-01,3.921568627450980338e-02
1.002675474931873740e-03,8.627450980392157298e-01,7.843137254901960675e-02
1.002677474931817176e-03,9.411764705882352811e-01,-7.843137254901960675e-02
1.002679474931760613e-03,9.019607843137255054e-01,1.568627450980392135e-01
1.002681474931704049e-03,9.411764705882352811e-01,-7.843137254901960675e-02
1.002683474931647485e-03,8.627450980392157298e-01,3.921568627450980338e-02
1.002685474931590921e-03,9.019607843137255054e-01,0.000000000000000000e+00
1.002687474931534357e-03,9.019607843137255054e-01,0.000000000000000000e+00
1.002689474931477793e-03,9.411764705882352811e-01,7.843137254901960675e-02
1.002691474931421229e-03,8.627450980392157298e-01,-7.843137254901960675e-02
1.002693474931364665e-03,8.627450980392157298e-01,7.843137254901960675e-02
1.002695474931308102e-03,8.627450980392157298e-01,0.000000000000000000e+00
1.002697474931251538e-03,9.411764705882352811e-01,-7.843137254901960675e-02
1.002699474931194974e-03,8.627450980392157298e-01,1.568627450980392135e-01
1.002701474931138410e-03,9.019607843137255054e-01,-1.960784313725490169e-01
1.002703474931081846e-03,9.019607843137255054e-01,1.176470588235294101e-01
1.002705474931025282e-03,9.411764705882352811e-01,0.000000000000000000e+00
1.002707474930968718e-03,8.627450980392157298e-01,-7.843137254901960675e-02
1.002709474930912155e-03,8.627450980392157298e-01,1.176470588235294101e-01
1.002711474930855591e-03,9.019607843137255054e-01,-1.568627450980392135e-01
1.002713474930799027e-03,9.411764705882352811e-01,7.843137254901960675e-02
1.002715474930742463e-03,8.627450980392157298e-01,3.921568627450980338e-02
1.002717474930685899e-03,9.019607843137255054e-01,-1.568627450980392135e-01
1.002719474930629335e-03,9.019607843137255054e-01,1.176470588235294101e-01
1.002721474930572771e-03,9.411764705882352811e-01,-7.843137254901960675e-02
1.002723474930516208e-03,8.627450980392157298e-01,3.921568627450980338e-02
1.002725474930459644e-03,9.019607843137255054e-01,3.921568627450980338e-02
1.002727474930403080e-03,9.411764705882352811e-01,0.000000000000000000e+00
1.002729474930346516e-03,9.019607843137255054e-01,1.176470588235294101e-01
1.002731474930289952e-03,8.235294117647058432e-01,-7.843137254901960675e-02
1.002733474930233388e-03,9.019607843137255054e-01,7.843137254901960675e-02
1.002735474930176824e-03,8.627450980392157298e-01,0.000000000000000000e+00
1.002737474930120260e-03,9.411764705882352811e-01,-7.843137254901960675e-02
1.002739474930063697e-03,8.627450980392157298e-01,1.568627450980392135e-01
1.002741474930007133e-03,9.019607843137255054e-01,-1.960784313725490169e-01
1.002743474929950569e-03,9.019607843137255054e-01,7.843137254901960675e-02
1.002745474929894005e-03,9.411764705882352811e-01,0.000000000000000000e+00
1.002747474929837441e-03,8.627450980392157298e-01,-7.843137254901960675e-02
1.002749474929780877e-03,9.019607843137255054e-01,1.176470588235294101e-01
1.002751474929724313e-03,9.411764705882352811e-01,-1.568627450980392135e-01
1.002753474929667750e-03,9.411764705882352811e-01,3.921568627450980338e-02
1.002755474929611186e-03,8.235294117647058432e-01,0.000000000000000000e+00
1.002757474929554622e-03,9.019607843137255054e-01,0.000000000000000000e+00
1.002759474929498058e-03,9.019607843137255054e-01,1.568627450980392135e-01
1.002761474929441494e-03,9.411764705882352811e-01,-7.843137254901960675e-02
1.002763474929384930e-03,8.627450980392157298e-01,3.921568627450980338e-02
1.002765474929328366e-03,8.627450980392157298e-01,0.000000000000000000e+00
1.002767474929271803e-03,9.019607843137255054e-01,-3.921568627450980338e-02
1.002769474929215239e-03,9.411764705882352811e-01,1.176470588235294101e-01
1.002771474929158675e-03,8.235294117647058432e-01,-7.843137254901960675e-02
1.002773474929102111e-03,9.019607843137255054e-01,7.843137254901960675e-02
1.002775474929045547e-03,9.019607843137255054e-01,3.921568627450980338e-02
1.002777474928988983e-03,9.411764705882352811e-01,-7.843137254901960675e-02
1.002779474928932419e-03,8.627450980392157298e-01,1.568627450980392135e-01
1.002781474928875855e-03,9.019607843137255054e-01,-1.568627450980392135e-01
1.002783474928819292e-03,9.019607843137255054e-01,1.176470588235294101e-01
1.002785474928762728e-03,9.411764705882352811e-01,0.000000000000000000e+00
1.002787474928706164e-03,8.627450980392157298e-01,-7.843137254901960675e-02
1.002789474928649600e-03,9.019607843137255054e-01,1.176470588235294101e-01
1.002791474928593036e-03,9.019607843137255054e-01,-1.568627450980392135e-01
1.002793474928536472e-03,9.411764705882352811e-01,7.843137254901960675e-02
1.002795474928479908e-03,8.235294117647058432e-01,7.843137254901960675e-02
1.002797474928423345e-03,8.627450980392157298e-01,-1.568627450980392135e-01
1.002799474928366781e-03,9.019607843137255054e-01,1.568627450980392135e-01
1.002801474928310217e-03,9.411764705882352811e-01,-7.843137254901960675e-02
1.002803474928253653e-03,8.627450980392157298e-01,3.921568627450980338e-02
1.002805474928197089e-03,8.627450980392157298e-01,3.921568627450980338e-02
1.002807474928140525e-03,9.411764705882352811e-01,-3.921568627450980338e-02
1.002809474928083961e-03,9.411764705882352811e-01,7.843137254901960675e-02
1.002811474928027398e-03,8.627450980392157298e-01,-7.843137254901960675e-02
1.002813474927970834e-03,8.627450980392157298e-01,7.843137254901960675e-02
1.002815474927914270e-03,8.627450980392157298e-01,7.843137254901960675e-02
1.002817474927857706e-03,9.411764705882352811e-01,-7.843137254901960675e-02
1.002819474927801142e-03,8.235294117647058432e-01,7.843137254901960675e-02
1.002821474927744578e-03,9.019607843137255054e-01,-1.960784313725490169e-01
1.002823474927688014e-03,9.019607843137255054e-01,1.176470588235294101e-01
1.002825474927631451e-03,9.411764705882352811e-01,0.000000000000000000e+00
1.002827474927574887e-03,8.627450980392157298e-01,-7.843137254901960675e-02
1.002829474927518323e-03,9.019607843137255054e-01,1.176470588235294101e-01
1.002831474927461759e-03,9.019607843137255054e-01,-1.568627450980392135e-01
1.002833474927405195e-03,9.411764705882352811e-01,7.843137254901960675e-02
1.002835474927348631e-03,8.627450980392157298e-01,7.843137254901960675e-02
1.002837474927292067e-03,9.019607843137255054e-01,0.000000000000000000e+00
1.002839474927235503e-03,9.019607843137255054e-01,1.568627450980392135e-01
1.002841474927178940e-03,9.803921568627450567e-01,-3.921568627450980338e-02
1.002843474927122376e-03,8.235294117647058432e-01,0.000000000000000000e+00
1.002845474927065812e-03,8.627450980392157298e-01,0.000000000000000000e+00
1.002847474927009248e-03,9.019607843137255054e-01,0.000000000000000000e+00
1.002849474926952684e-03,9.019607843137255054e-01,7.843137254901960675e-02
1.002851474926896120e-03,8.627450980392157298e-01,-7.843137254901960675e-02
1.002853474926839556e-03,8.235294117647058432e-01,7.843137254901960675e-02
1.002855474926782993e-03,9.019607843137255054e-01,3.921568627450980338e-02
1.002857474926726429e-03,9.411764705882352811e-01,-1.568627450980392135e-01
1.002859474926669865e-03,8.627450980392157298e-01,1.176470588235294101e-01
1.002861474926613301e-03,9.019607843137255054e-01,-1.568627450980392135e-01
1.002863474926556737e-03,9.019607843137255054e-01,1.568627450980392135e-01
1.002865474926500173e-03,9.411764705882352811e-01,0.000000000000000000e+00
1.002867474926443609e-03,8.627450980392157298e-01,-7.843137254901960675e-02
1.002869474926387046e-03,9.019607843137255054e-01,1.568627450980392135e-01
1.002871474926330482e-03,9.019607843137255054e-01,-7.843137254901960675e-02
1.002873474926273918e-03,9.019607843137255054e-01,7.843137254901960675e-02
1.002875474926217354e-03,8.627450980392157298e-01,3.921568627450980338e-02
1.002877474926160790e-03,9.019607843137255054e-01,0.000000000000000000e+00
1.002879474926104226e-03,9.019607843137255054e-01,1.176470588235294101e-01
1.002881474926047662e-03,9.411764705882352811e-01,-7.843137254901960675e-02
1.002883474925991098e-03,8.627450980392157298e-01,0.000000000000000000e+00
1.002885474925934535e-03,8.627450980392157298e-01,3.921568627450980338e-02
1.002887474925877971e-03,9.411764705882352811e-01,0.000000000000000000e+00
1.002889474925821407e-03,9.019607843137255054e-01,7.843137254901960675e-02
1.002891474925764843e-03,8.627450980392157298e-01,-7.843137254901960675e-02
1.002893474925708279e-03,9.019607843137255054e-01,7.843137254901960675e-02
1.002895474925651715e-03,9.411764705882352811e-01,0.000000000000000000e+00
1.002897474925595151e-03,9.411764705882352811e-01,-7.843137254901960675e-02
1.002899474925538588e-03,8.235294117647058432e-01,1.568627450980392135e-01
1.002901474925482024e-03,9.019607843137255054e-01,-1.568627450980392135e-01
1.002903474925425460e-03,9.019607843137255054e-01,1.568627450980392135e-01
1.002905474925368896e-03,9.411764705882352811e-01,0.000000000000000000e+00
1.002907474925312332e-03,8.627450980392157298e-01,-7.843137254901960675e-02
1.002909474925255768e-03,8.627450980392157298e-01,1.176470588235294101e-01
1.002911474925199204e-03,9.411764705882352811e-01,-7.843137254901960675e-02
1.002913474925142641e-03,9.019607843137255054e-01,3.921568627450980338e-02
1.002915474925086077e-03,8.627450980392157298e-01,3.921568627450980338e-02
1.002917474925029513e-03,9.019607843137255054e-01,-3.921568627450980338e-02
1.002919474924972949e-03,9.019607843137255054e-01,1.176470588235294101e-01
1.002921474924916385e-03,9.411764705882352811e-01,-7.843137254901960675e-02
1.002923474924859821e-03,8.235294117647058432e-01,3.921568627450980338e-02
1.002925474924803257e-03,8.235294117647058432e-01,3.921568627450980338e-02
1.002927474924746694e-03,9.019607843137255054e-01,0.000000000000000000e+00
1.002929474924690130e-03,9.411764705882352811e-01,1.176470588235294101e-01
1.002931474924633566e-03,8.627450980392157298e-01,-7.843137254901960675e-02
1.002933474924577002e-03,9.019607843137255054e-01,7.843137254901960675e-02
1.002935474924520438e-03,9.019607843137255054e-01,3.921568627450980338e-02
1.002937474924463874e-03,9.411764705882352811e-01,-7.843137254901960675e-02
1.002939474924407310e-03,8.235294117647058432e-01,1.568627450980392135e-01
1.002941474924350746e-03,9.019607843137255054e-01,-1.568627450980392135e-01
1.002943474924294183e-03,9.019607843137255054e-01,1.176470588235294101e-01
1.002945474924237619e-03,9.411764705882352811e-01,0.000000000000000000e+00
1.002947474924181055e-03,8.235294117647058432e-01,-7.843137254901960675e-02
1.002949474924124491e-03,8.235294117647058432e-01,1.176470588235294101e-01
1.002951474924067927e-03,9.411764705882352811e-01,-7.843137254901960675e-02
1.002953474924011363e-03,9.411764705882352811e-01,3.921568627450980338e-02
1.002955474923954799e-03,8.627450980392157298e-01,3.921568627450980338e-02
1.002957474923898236e-03,8.627450980392157298e-01,-1.568627450980392135e-01
1.002959474923841672e-03,8.627450980392157298e-01,1.568627450980392135e-01
1.002961474923785108e-03,9.019607843137255054e-01,-7.843137254901960675e-02
1.002963474923728544e-03,8.627450980392157298e-01,3.921568627450980338e-02
1.002965474923671980e-03,9.019607843137255054e-01,3.921568627450980338e-02
1.002967474923615416e-03,9.019607843137255054e-01,0.000000000000000000e+00
1.002969474923558852e-03,9.411764705882352811e-01,1.176470588235294101e-01
1.002971474923502289e-03,8.627450980392157298e-01,-7.843137254901960675e-02
1.002973474923445725e-03,9.019607843137255054e-01,7.843137254901960675e-02
1.002975474923389161e-03,9.019607843137255054e-01,3.921568627450980338e-02
1.002977474923332597e-03,9.411764705882352811e-01,-7.843137254901960675e-02
1.002979474923276033e-03,8.627450980392157298e-01,1.568627450980392135e-01
1.002981474923219469e-03,9.019607843137255054e-01,-1.568627450980392135e-01
1.002983474923162905e-03,9.019607843137255054e-01,1.176470588235294101e-01
1.002985474923106341e-03,9.411764705882352811e-01,0.000000000000000000e+00
1.002987474923049778e-03,7.843137254901960675e-01,-7.843137254901960675e-02
1.002989474922993214e-03,8.235294117647058432e-01,1.176470588235294101e-01
1.002991474922936650e-03,9.411764705882352811e-01,-3.921568627450980338e-02
1.002993474922880086e-03,9.411764705882352811e-01,3.921568627450980338e-02
1.002995474922823522e-03,8.235294117647058432e-01,0.000000000000000000e+00
1.002997474922766958e-03,9.019607843137255054e-01,-1.568627450980392135e-01
1.002999474922710394e-03,9.019607843137255054e-01,1.568627450980392135e-01
1.003001474922653831e-03,9.411764705882352811e-01,-7.843137254901960675e-02
1.003003474922597267e-03,8.627450980392157298e-01,3.921568627450980338e-02
1.003005474922540703e-03,8.627450980392157298e-01,0.000000000000000000e+00
1.003007474922484139e-03,9.019607843137255054e-01,0.000000000000000000e+00
1.003009474922427575e-03,9.411764705882352811e-01,1.176470588235294101e-01
1.003011474922371011e-03,8.627450980392157298e-01,-7.843137254901960675e-02
1.003013474922314447e-03,9.019607843137255054e-01,7.843137254901960675e-02
1.003015474922257884e-03,9.019607843137255054e-01,0.000000000000000000e+00
1.003017474922201320e-03,9.411764705882352811e-01,-7.843137254901960675e-02
1.003019474922144756e-03,8.235294117647058432e-01,1.176470588235294101e-01
1.003021474922088192e-03,8.627450980392157298e-01,-1.568627450980392135e-01
1.003023474922031628e-03,9.019607843137255054e-01,1.176470588235294101e-01
1.003025474921975064e-03,9.411764705882352811e-01,0.000000000000000000e+00
1.003027474921918500e-03,8.627450980392157298e-01,-3.921568627450980338e-02
1.003029474921861936e-03,9.019607843137255054e-01,1.176470588235294101e-01
1.003031474921805373e-03,9.019607843137255054e-01,-7.843137254901960675e-02
1.003033474921748809e-03,9.411764705882352811e-01,7.843137254901960675e-02
1.003035474921692245e-03,8.235294117647058432e-01,0.000000000000000000e+00
1.003037474921635681e-03,9.019607843137255054e-01,-1.568627450980392135e-01
1.003039474921579117e-03,9.411764705882352811e-01,1.568627450980392135e-01
1.003041474921522553e-03,9.411764705882352811e-01,-7.843137254901960675e-02
1.003043474921465989e-03,8.627450980392157298e-01,0.000000000000000000e+00
1.003045474921409426e-03,8.627450980392157298e-01,0.000000000000000000e+00
1.003047474921352862e-03,9.019607843137255054e-01,0.000000000000000000e+00
1.003049474921296298e-03,9.411764705882352811e-01,7.843137254901960675e-02
1.003051474921239734e-03,8.627450980392157298e-01,-7.843137254901960675e-02
1.003053474921183170e-03,9.019607843137255054e-01,7.843137254901960675e-02
1.003055474921126606e-03,9.019607843137255054e-01,0.000000000000000000e+00
1.003057474921070042e-03,9.411764705882352811e-01,-7.843137254901960675e-02
1.003059474921013479e-03,8.627450980392157298e-01,1.568627450980392135e-01
1.003061474920956915e-03,9.019607843137255054e-01,-1.568627450980392135e-01
1.003063474920900351e-03,8.627450980392157298e-01,1.176470588235294101e-01
1.003065474920843787e-03,9.411764705882352811e-01,-3.921568627450980338e-02
1.003067474920787223e-03,8.627450980392157298e-01,-7.843137254901960675e-02
1.003069474920730659e-03,8.627450980392157298e-01,1.176470588235294101e-01
1.003071474920674095e-03,9.019607843137255054e-01,-1.568627450980392135e-01
1.003073474920617532e-03,9.019607843137255054e-01,7.843137254901960675e-02
1.003075474920560968e-03,8.235294117647058432e-01,3.921568627450980338e-02
1.003077474920504404e-03,9.019607843137255054e-01,0.000000000000000000e+00
1.003079474920447840e-03,9.019607843137255054e-01,1.568627450980392135e-01
1.003081474920391276e-03,9.411764705882352811e-01,-7.843137254901960675e-02
1.003083474920334712e-03,8.627450980392157298e-01,0.000000000000000000e+00
1.003085474920278148e-03,9.019607843137255054e-01,3.921568627450980338e-02
1.003087474920221584e-03,9.019607843137255054e-01,0.000000000000000000e+00
1.003089474920165021e-03,9.411764705882352811e-01,1.176470588235294101e-01
1.003091474920108457e-03,8.627450980392157298e-01,-7.843137254901960675e-02
1.003093474920051893e-03,8.627450980392157298e-01,7.843137254901960675e-02
1.003095474919995329e-03,8.627450980392157298e-01,0.000000000000000000e+00
1.003097474919938765e-03,9.411764705882352811e-01,-7.843137254901960675e-02
1.003099474919882201e-03,8.235294117647058432e-01,1.568627450980392135e-01
1.003101474919825637e-03,9.019607843137255054e-01,-1.568627450980392135e-01
1.003103474919769074e-03,9.019607843137255054e-01,1.176470588235294101e-01
1.003105474919712510e-03,9.411764705882352811e-01,0.000000000000000000e+00
1.003107474919655946e-03,8.627450980392157298e-01,-1.568627450980392135e-01
1.003109474919599382e-03,8.627450980392157298e-01,1.176470588235294101e-01
1.003111474919542818e-03,9.019607843137255054e-01,-1.568627450980392135e-01
1.003113474919486254e-03,9.411764705882352811e-01,7.843137254901960675e-02
1.003115474919429690e-03,8.627450980392157298e-01,3.921568627450980338e-02
1.003117474919373127e-03,9.411764705882352811e-01,0.000000000000000000e+00
1.003119474919316563e-03,8.627450980392157298e-01,1.568627450980392135e-01
1.003121474919259999e-03,9.411764705882352811e-01,-7.843137254901960675e-02
1.003123474919203435e-03,8.627450980392157298e-01,3.921568627450980338e-02
1.003125474919146871e-03,9.019607843137255054e-01,3.921568627450980338e-02
1.003127474919090307e-03,9.411764705882352811e-01,0.000000000000000000e+00
1.003129474919033743e-03,9.411764705882352811e-01,1.176470588235294101e-01
1.003131474918977179e-03,8.627450980392157298e-01,-7.843137254901960675e-02
1.003133474918920616e-03,8.627450980392157298e-01,1.176470588235294101e-01
1.003135474918864052e-03,9.019607843137255054e-01,3.921568627450980338e-02
1.003137474918807488e-03,9.803921568627450567e-01,-7.843137254901960675e-02
1.003139474918750924e-03,8.627450980392157298e-01,1.568627450980392135e-01
1.003141474918694360e-03,9.019607843137255054e-01,-1.568627450980392135e-01
1.003143474918637796e-03,9.019607843137255054e-01,1.176470588235294101e-01
1.003145474918581232e-03,9.411764705882352811e-01,0.000000000000000000e+00
1.003147474918524669e-03,8.627450980392157298e-01,-7.843137254901960675e-02
1.003149474918468105e-03,8.627450980392157298e-01,1.176470588235294101e-01
1.003151474918411541e-03,9.019607843137255054e-01,-3.921568627450980338e-02
1.003153474918354977e-03,9.411764705882352811e-01,7.843137254901960675e-02
1.003155474918298413e-03,8.627450980392157298e-01,3.921568627450980338e-02
1.003157474918241849e-03,9.019607843137255054e-01,0.000000000000000000e+00
1.003159474918185285e-03,9.019607843137255054e-01,1.568627450980392135e-01
1.003161474918128722e-03,9.411764705882352811e-01,-7.843137254901960675e-02
1.003163474918072158e-03,8.235294117647058432e-01,3.921568627450980338e-02
1.003165474918015594e-03,9.019607843137255054e-01,3.921568627450980338e-02
1.003167474917959030e-03,9.019607843137255054e-01,0.000000000000000000e+00
1.003169474917902466e-03,9.411764705882352811e-01,7.843137254901960675e-02
1.003171474917845902e-03,8.235294117647058432e-01,-7.843137254901960675e-02
1.003173474917789338e-03,9.019607843137255054e-01,7.843137254901960675e-02
1.003175474917732775e-03,9.019607843137255054e-01,0.000000000000000000e+00
1.003177474917676211e-03,9.411764705882352811e-01,-7.843137254901960675e-02
1.003179474917619647e-03,8.627450980392157298e-01,1.568627450980392135e-01
1.003181474917563083e-03,8.627450980392157298e-01,-1.568627450980392135e-01
1.003183474917506519e-03,9.019607843137255054e-01,1.176470588235294101e-01
1.003185474917449955e-03,9.411764705882352811e-01,0.000000000000000000e+00
1.003187474917393391e-03,8.627450980392157298e-01,-7.843137254901960675e-02
1.003189474917336827e-03,9.019607843137255054e-01,1.176470588235294101e-01
1.003191474917280264e-03,9.019607843137255054e-01,-7.843137254901960675e-02
1.003193474917223700e-03,9.411764705882352811e-01,7.843137254901960675e-02
1.003195474917167136e-03,8.627450980392157298e-01,3.921568627450980338e-02
1.003197474917110572e-03,9.019607843137255054e-01,0.000000000000000000e+00
1.003199474917054008e-03,9.019607843137255054e-01,1.568627450980392135e-01
1.003201474916997444e-03,9.411764705882352811e-01,-7.843137254901960675e-02
1.003203474916940880e-03,8.627450980392157298e-01,3.921568627450980338e-02
1.003205474916884317e-03,8.627450980392157298e-01,3.921568627450980338e-02
1.003207474916827753e-03,9.019607843137255054e-01,-3.921568627450980338e-02
1.003209474916771189e-03,9.019607843137255054e-01,1.176470588235294101e-01
1.003211474916714625e-03,8.627450980392157298e-01,-7.843137254901960675e-02
1.003213474916658061e-03,9.019607843137255054e-01,7.843137254901960675e-02
1.003215474916601497e-03,9.019607843137255054e-01,3.921568627450980338e-02
1.003217474916544933e-03,9.411764705882352811e-01,-7.843137254901960675e-02
1.003219474916488370e-03,8.627450980392157298e-01,7.843137254901960675e-02
1.003221474916431806e-03,9.019607843137255054e-01,-1.568627450980392135e-01
1.003223474916375242e-03,9.019607843137255054e-01,1.176470588235294101e-01
1.003225474916318678e-03,9.803921568627450567e-01,3.921568627450980338e-02
1.003227474916262114e-03,8.627450980392157298e-01,-1.568627450980392135e-01
1.003229474916205550e-03,8.235294117647058432e-01,1.176470588235294101e-01
1.003231474916148986e-03,9.019607843137255054e-01,-3.921568627450980338e-02
1.003233474916092422e-03,9.411764705882352811e-01,7.843137254901960675e-02
1.003235474916035859e-03,8.627450980392157298e-01,3.921568627450980338e-02
1.003237474915979295e-03,8.627450980392157298e-01,-7.843137254901960675e-02
1.003239474915922731e-03,9.019607843137255054e-01,1.568627450980392135e-01
1.003241474915866167e-03,9.411764705882352811e-01,-7.843137254901960675e-02
1.003243474915809603e-03,8.627450980392157298e-01,3.921568627450980338e-02
1.003245474915753039e-03,8.235294117647058432e-01,3.921568627450980338e-02
1.003247474915696475e-03,9.411764705882352811e-01,0.000000000000000000e+00
1.003249474915639912e-03,9.019607843137255054e-01,7.843137254901960675e-02
1.003251474915583348e-03,8.235294117647058432e-01,-7.843137254901960675e-02
1.003253474915526784e-03,9.019607843137255054e-01,7.843137254901960675e-02
1.003255474915470220e-03,9.019607843137255054e-01,0.000000000000000000e+00
1.003257474915413656e-03,9.411764705882352811e-01,-7.843137254901960675e-02
1.003259474915357092e-03,8.627450980392157298e-01,1.568627450980392135e-01
1.003261474915300528e-03,9.019607843137255054e-01,-1.568627450980392135e-01
1.003263474915243965e-03,9.411764705882352811e-01,1.176470588235294101e-01
1.003265474915187401e-03,9.411764705882352811e-01,0.000000000000000000e+00
1.003267474915130837e-03,8.627450980392157298e-01,-1.568627450980392135e-01
1.003269474915074273e-03,8.627450980392157298e-01,1.176470588235294101e-01
1.003271474915017709e-03,9.019607843137255054e-01,-7.843137254901960675e-02
1.003273474914961145e-03,9.411764705882352811e-01,7.843137254901960675e-02
1.003275474914904581e-03,8.627450980392157298e-01,3.921568627450980338e-02
1.003277474914848017e-03,8.627450980392157298e-01,-7.843137254901960675e-02
1.003279474914791454e-03,9.019607843137255054e-01,1.568627450980392135e-01
1.003281474914734890e-03,9.411764705882352811e-01,-7.843137254901960675e-02
1.003283474914678326e-03,8.235294117647058432e-01,0.000000000000000000e+00
1.003285474914621762e-03,8.235294117647058432e-01,3.921568627450980338e-02
1.003287474914565198e-03,9.019607843137255054e-01,0.000000000000000000e+00
1.003289474914508634e-03,9.411764705882352811e-01,7.843137254901960675e-02
1.003291474914452070e-03,8.627450980392157298e-01,-7.843137254901960675e-02
1.003293474914395507e-03,8.627450980392157298e-01,7.843137254901960675e-02
1.003295474914338943e-03,9.019607843137255054e-01,3.921568627450980338e-02
1.003297474914282379e-03,9.411764705882352811e-01,-7.843137254901960675e-02
1.003299474914225815e-03,8.235294117647058432e-01,1.568627450980392135e-01
1.003301474914169251e-03,9.019607843137255054e-01,-7.843137254901960675e-02
1.003303474914112687e-03,9.019607843137255054e-01,1.176470588235294101e-01
1.003305474914056123e-03,9.411764705882352811e-01,0.000000000000000000e+00
1.003307474913999560e-03,8.627450980392157298e-01,-7.843137254901960675e-02
1.003309474913942996e-03,8.627450980392157298e-01,1.176470588235294101e-01
1.003311474913886432e-03,8.627450980392157298e-01,-1.568627450980392135e-01
1.003313474913829868e-03,9.019607843137255054e-01,7.843137254901960675e-02
1.003315474913773304e-03,8.235294117647058432e-01,7.843137254901960675e-02
1.003317474913716740e-03,9.019607843137255054e-01,-3.921568627450980338e-02
1.003319474913660176e-03,8.627450980392157298e-01,1.568627450980392135e-01
1.003321474913603613e-03,9.411764705882352811e-01,-7.843137254901960675e-02
1.003323474913547049e-03,8.627450980392157298e-01,0.000000000000000000e+00
1.003325474913490485e-03,8.627450980392157298e-01,3.921568627450980338e-02
1.003327474913433921e-03,9.019607843137255054e-01,0.000000000000000000e+00
1.003329474913377357e-03,9.411764705882352811e-01,7.843137254901960675e-02
1.003331474913320793e-03,8.627450980392157298e-01,-7.843137254901960675e-02
1.003333474913264229e-03,9.019607843137255054e-01,7.843137254901960675e-02
1.003335474913207665e-03,9.019607843137255054e-01,3.921568627450980338e-02
1.003337474913151102e-03,9.411764705882352811e-01,-7.843137254901960675e-02
1.003339474913094538e-03,8.627450980392157298e-01,7.843137254901960675e-02
1.003341474913037974e-03,8.627450980392157298e-01,-1.568627450980392135e-01
1.003343474912981410e-03,9.019607843137255054e-01,1.176470588235294101e-01
1.003345474912924846e-03,9.411764705882352811e-01,0.000000000000000000e+00
1.003347474912868282e-03,8.627450980392157298e-01,-7.843137254901960675e-02
1.003349474912811718e-03,8.627450980392157298e-01,1.176470588235294101e-01
1.003351474912755155e-03,9.019607843137255054e-01,-1.568627450980392135e-01
1.003353474912698591e-03,9.411764705882352811e-01,7.843137254901960675e-02
1.003355474912642027e-03,8.627450980392157298e-01,0.000000000000000000e+00
1.003357474912585463e-03,9.019607843137255054e-01,-7.843137254901960675e-02
1.003359474912528899e-03,8.627450980392157298e-01,1.176470588235294101e-01
1.003361474912472335e-03,9.411764705882352811e-01,-7.843137254901960675e-02
1.003363474912415771e-03,8.235294117647058432e-01,0.000000000000000000e+00
1.003365474912359208e-03,8.627450980392157298e-01,3.921568627450980338e-02
1.003367474912302644e-03,9.019607843137255054e-01,0.000000000000000000e+00
1.003369474912246080e-03,9.411764705882352811e-01,1.176470588235294101e-01
1.003371474912189516e-03,8.627450980392157298e-01,-7.843137254901960675e-02
1.003373474912132952e-03,8.627450980392157298e-01,7.843137254901960675e-02
1.003375474912076388e-03,9.019607843137255054e-01,0.000000000000000000e+00
1.003377474912019824e-03,9.019607843137255054e-01,-7.843137254901960675e-02
1.003379474911963260e-03,8.235294117647058432e-01,1.568627450980392135e-01
1.003381474911906697e-03,9.019607843137255054e-01,-1.568627450980392135e-01
1.003383474911850133e-03,9.019607843137255054e-01,1.176470588235294101e-01
1.003385474911793569e-03,9.411764705882352811e-01,0.000000000000000000e+00
1.003387474911737005e-03,8.627450980392157298e-01,-1.568627450980392135e-01
1.003389474911680441e-03,8.627450980392157298e-01,1.176470588235294101e-01
1.003391474911623877e-03,9.411764705882352811e-01,-7.843137254901960675e-02
1.003393474911567313e-03,9.411764705882352811e-01,7.843137254901960675e-02
1.003395474911510750e-03,8.235294117647058432e-01,3.921568627450980338e-02
1.003397474911454186e-03,9.019607843137255054e-01,0.000000000000000000e+00
1.003399474911397622e-03,8.627450980392157298e-01,1.568627450980392135e-01
1.003401474911341058e-03,9.411764705882352811e-01,-7.843137254901960675e-02
1.003403474911284494e-03,8.235294117647058432e-01,0.000000000000000000e+00
1.003405474911227930e-03,8.627450980392157298e-01,3.921568627450980338e-02
1.003407474911171366e-03,9.019607843137255054e-01,-3.921568627450980338e-02
1.003409474911114803e-03,9.411764705882352811e-01,7.843137254901960675e-02
1.003411474911058239e-03,8.627450980392157298e-01,-7.843137254901960675e-02
1.003413474911001675e-03,8.627450980392157298e-01,3.921568627450980338e-02
1.003415474910945111e-03,8.627450980392157298e-01,3.921568627450980338e-02
1.003417474910888547e-03,9.411764705882352811e-01,-7.843137254901960675e-02
1.003419474910831983e-03,8.627450980392157298e-01,1.568627450980392135e-01
1.003421474910775419e-03,9.019607843137255054e-01,-1.568627450980392135e-01
1.003423474910718855e-03,8.627450980392157298e-01,1.176470588235294101e-01
1.003425474910662292e-03,9.411764705882352811e-01,0.000000000000000000e+00
1.003427474910605728e-03,8.235294117647058432e-01,-7.843137254901960675e-02
1.003429474910549164e-03,8.627450980392157298e-01,7.843137254901960675e-02
1.003431474910492600e-03,9.019607843137255054e-01,-7.843137254901960675e-02
1.003433474910436036e-03,9.411764705882352811e-01,7.843137254901960675e-02
1.003435474910379472e-03,8.235294117647058432e-01,3.921568627450980338e-02
1.003437474910322908e-03,9.019607843137255054e-01,-7.843137254901960675e-02
1.003439474910266345e-03,8.627450980392157298e-01,1.568627450980392135e-01
1.003441474910209781e-03,9.411764705882352811e-01,-7.843137254901960675e-02
1.003443474910153217e-03,8.627450980392157298e-01,0.000000000000000000e+00
1.003445474910096653e-03,9.019607843137255054e-01,3.921568627450980338e-02
1.003447474910040089e-03,9.411764705882352811e-01,0.000000000000000000e+00
1.003449474909983525e-03,9.411764705882352811e-01,7.843137254901960675e-02
1.003451474909926961e-03,8.627450980392157298e-01,-7.843137254901960675e-02
1.003453474909870398e-03,9.019607843137255054e-01,7.843137254901960675e-02
1.003455474909813834e-03,9.019607843137255054e-01,3.921568627450980338e-02
1.003457474909757270e-03,9.411764705882352811e-01,-7.843137254901960675e-02
1.003459474909700706e-03,8.235294117647058432e-01,1.568627450980392135e-01
1.003461474909644142e-03,9.019607843137255054e-01,-1.568627450980392135e-01
1.003463474909587578e-03,8.627450980392157298e-01,7.843137254901960675e-02
1.003465474909531014e-03,9.411764705882352811e-01,3.921568627450980338e-02
1.003467474909474451e-03,8.627450980392157298e-01,-1.568627450980392135e-01
1.003469474909417887e-03,8.627450980392157298e-01,1.176470588235294101e-01
1.003471474909361323e-03,9.019607843137255054e-01,-7.843137254901960675e-02
1.003473474909304759e-03,9.411764705882352811e-01,0.000000000000000000e+00
1.003475474909248195e-03,8.235294117647058432e-01,3.921568627450980338e-02
1.003477474909191631e-03,9.019607843137255054e-01,-3.921568627450980338e-02
1.003479474909135067e-03,9.019607843137255054e-01,1.568627450980392135e-01
1.003481474909078503e-03,9.411764705882352811e-01,-7.843137254901960675e-02
1.003483474909021940e-03,8.235294117647058432e-01,3.921568627450980338e-02
1.003485474908965376e-03,9.019607843137255054e-01,3.921568627450980338e-02
1.003487474908908812e-03,9.019607843137255054e-01,0.000000000000000000e+00
1.003489474908852248e-03,9.411764705882352811e-01,7.843137254901960675e-02
1.003491474908795684e-03,8.627450980392157298e-01,-1.568627450980392135e-01
1.003493474908739120e-03,8.235294117647058432e-01,7.843137254901960675e-02
1.003495474908682556e-03,9.019607843137255054e-01,3.921568627450980338e-02
1.003497474908625993e-03,9.411764705882352811e-01,-7.843137254901960675e-02
1.003499474908569429e-03,8.235294117647058432e-01,1.176470588235294101e-01
1.003501474908512865e-03,8.627450980392157298e-01,-1.568627450980392135e-01
1.003503474908456301e-03,9.019607843137255054e-01,1.176470588235294101e-01
1.003505474908399737e-03,9.411764705882352811e-01,0.000000000000000000e+00
1.003507474908343173e-03,8.627450980392157298e-01,-7.843137254901960675e-02
1.003509474908286609e-03,8.235294117647058432e-01,7.843137254901960675e-02
1.003511474908230046e-03,9.019607843137255054e-01,-7.843137254901960675e-02
1.003513474908173482e-03,9.411764705882352811e-01,7.843137254901960675e-02
1.003515474908116918e-03,8.235294117647058432e-01,3.921568627450980338e-02
1.003517474908060354e-03,8.627450980392157298e-01,-1.568627450980392135e-01
1.003519474908003790e-03,9.019607843137255054e-01,1.568627450980392135e-01
1.003521474907947226e-03,9.411764705882352811e-01,-7.843137254901960675e-02
1.003523474907890662e-03,8.627450980392157298e-01,3.921568627450980338e-02
1.003525474907834098e-03,9.019607843137255054e-01,0.000000000000000000e+00
1.003527474907777535e-03,9.019607843137255054e-01,0.000000000000000000e+00
1.003529474907720971e-03,9.019607843137255054e-01,7.843137254901960675e-02
1.003531474907664407e-03,8.627450980392157298e-01,-7.843137254901960675e-02
1.003533474907607843e-03,9.019607843137255054e-01,7.843137254901960675e-02
1.003535474907551279e-03,9.019607843137255054e-01,3.921568627450980338e-02
1.003537474907494715e-03,9.411764705882352811e-01,-1.568627450980392135e-01
1.003539474907438151e-03,8.627450980392157298e-01,1.176470588235294101e-01
1.003541474907381588e-03,9.019607843137255054e-01,-1.568627450980392135e-01
1.003543474907325024e-03,9.019607843137255054e-01,1.176470588235294101e-01
1.003545474907268460e-03,9.411764705882352811e-01,3.921568627450980338e-02
1.003547474907211896e-03,8.235294117647058432e-01,-7.843137254901960675e-02
1.003549474907155332e-03,8.627450980392157298e-01,1.176470588235294101e-01
1.003551474907098768e-03,9.019607843137255054e-01,-7.843137254901960675e-02
1.003553474907042204e-03,9.411764705882352811e-01,7.843137254901960675e-02
1.003555474906985641e-03,8.235294117647058432e-01,3.921568627450980338e-02
1.003557474906929077e-03,8.235294117647058432e-01,0.000000000000000000e+00
1.003559474906872513e-03,9.019607843137255054e-01,1.568627450980392135e-01
1.003561474906815949e-03,9.411764705882352811e-01,-7.843137254901960675e-02
1.003563474906759385e-03,8.627450980392157298e-01,0.000000000000000000e+00
1.003565474906702821e-03,8.627450980392157298e-01,0.000000000000000000e+00
1.003567474906646257e-03,9.019607843137255054e-01,-3.921568627450980338e-02
1.003569474906589694e-03,9.411764705882352811e-01,1.176470588235294101e-01
1.003571474906533130e-03,8.627450980392157298e-01,-7.843137254901960675e-02
1.003573474906476566e-03,9.019607843137255054e-01,7.843137254901960675e-02
1.003575474906420002e-03,9.019607843137255054e-01,0.000000000000000000e+00
1.003577474906363438e-03,9.411764705882352811e-01,-7.843137254901960675e-02
1.003579474906306874e-03,8.627450980392157298e-01,1.176470588235294101e-01
1.003581474906250310e-03,8.627450980392157298e-01,-1.568627450980392135e-01
1.003583474906193746e-03,9.019607843137255054e-01,1.176470588235294101e-01
1.003585474906137183e-03,9.019607843137255054e-01,0.000000000000000000e+00
1.003587474906080619e-03,8.627450980392157298e-01,-7.843137254901960675e-02
1.003589474906024055e-03,8.627450980392157298e-01,1.176470588235294101e-01
1.003591474905967491e-03,9.019607843137255054e-01,-7.843137254901960675e-02
1.003593474905910927e-03,9.019607843137255054e-01,7.843137254901960675e-02
1.003595474905854363e-03,8.235294117647058432e-01,3.921568627450980338e-02
1.003597474905797799e-03,8.627450980392157298e-01,-3.921568627450980338e-02
1.003599474905741236e-03,9.019607843137255054e-01,1.568627450980392135e-01
1.003601474905684672e-03,9.411764705882352811e-01,-7.843137254901960675e-02
1.003603474905628108e-03,8.627450980392157298e-01,0.000000000000000000e+00
1.003605474905571544e-03,9.019607843137255054e-01,3.921568627450980338e-02
1.003607474905514980e-03,9.019607843137255054e-01,0.000000000000000000e+00
1.003609474905458416e-03,9.411764705882352811e-01,1.176470588235294101e-01
1.003611474905401852e-03,8.627450980392157298e-01,-3.921568627450980338e-02
1.003613474905345289e-03,8.627450980392157298e-01,7.843137254901960675e-02
1.003615474905288725e-03,9.019607843137255054e-01,0.000000000000000000e+00
1.003617474905232161e-03,9.411764705882352811e-01,-7.843137254901960675e-02
1.003619474905175597e-03,8.627450980392157298e-01,1.568627450980392135e-01
1.003621474905119033e-03,9.019607843137255054e-01,-1.568627450980392135e-01
1.003623474905062469e-03,9.019607843137255054e-01,1.568627450980392135e-01
1.003625474905005905e-03,9.411764705882352811e-01,0.000000000000000000e+00
1.003627474904949341e-03,9.019607843137255054e-01,-7.843137254901960675e-02
1.003629474904892778e-03,8.627450980392157298e-01,1.176470588235294101e-01
1.003631474904836214e-03,9.019607843137255054e-01,-1.568627450980392135e-01
1.003633474904779650e-03,9.411764705882352811e-01,7.843137254901960675e-02
1.003635474904723086e-03,8.627450980392157298e-01,3.921568627450980338e-02
1.003637474904666522e-03,9.019607843137255054e-01,-7.843137254901960675e-02
1.003639474904609958e-03,8.627450980392157298e-01,1.568627450980392135e-01
1.003641474904553394e-03,9.411764705882352811e-01,-7.843137254901960675e-02
1.003643474904496831e-03,8.235294117647058432e-01,0.000000000000000000e+00
1.003645474904440267e-03,8.627450980392157298e-01,0.000000000000000000e+00
1.003647474904383703e-03,9.411764705882352811e-01,0.000000000000000000e+00
1.003649474904327139e-03,9.019607843137255054e-01,1.176470588235294101e-01
1.003651474904270575e-03,8.627450980392157298e-01,-7.843137254901960675e-02
1.003653474904214011e-03,9.019607843137255054e-01,3.921568627450980338e-02
1.003655474904157447e-03,9.019607843137255054e-01,3.921568627450980338e-02
1.003657474904100884e-03,9.411764705882352811e-01,-7.843137254901960675e-02
1.003659474904044320e-03,8.627450980392157298e-01,1.176470588235294101e-01
1.003661474903987756e-03,9.019607843137255054e-01,-1.568627450980392135e-01
1.003663474903931192e-03,9.019607843137255054e-01,1.176470588235294101e-01
1.003665474903874628e-03,9.411764705882352811e-01,0.000000000000000000e+00
1.003667474903818064e-03,8.627450980392157298e-01,-7.843137254901960675e-02
1.003669474903761500e-03,8.627450980392157298e-01,7.843137254901960675e-02
1.003671474903704936e-03,8.627450980392157298e-01,-7.843137254901960675e-02
1.003673474903648373e-03,9.411764705882352811e-01,3.921568627450980338e-02
1.003675474903591809e-03,8.627450980392157298e-01,3.921568627450980338e-02
1.003677474903535245e-03,9.019607843137255054e-01,-7.843137254901960675e-02
1.003679474903478681e-03,8.627450980392157298e-01,1.568627450980392135e-01
1.003681474903422117e-03,9.411764705882352811e-01,-7.843137254901960675e-02
1.003683474903365553e-03,8.627450980392157298e-01,0.000000000000000000e+00
1.003685474903308989e-03,8.627450980392157298e-01,0.000000000000000000e+00
1.003687474903252426e-03,9.019607843137255054e-01,0.000000000000000000e+00
1.003689474903195862e-03,9.411764705882352811e-01,7.843137254901960675e-02
1.003691474903139298e-03,8.627450980392157298e-01,-1.568627450980392135e-01
1.003693474903082734e-03,9.019607843137255054e-01,7.843137254901960675e-02
1.003695474903026170e-03,8.627450980392157298e-01,0.000000000000000000e+00
1.003697474902969606e-03,9.411764705882352811e-01,-7.843137254901960675e-02
1.003699474902913042e-03,8.235294117647058432e-01,1.568627450980392135e-01
1.003701474902856479e-03,9.411764705882352811e-01,-1.568627450980392135e-01
1.003703474902799915e-03,9.019607843137255054e-01,1.176470588235294101e-01
1.003705474902743351e-03,9.411764705882352811e-01,3.921568627450980338e-02
1.003707474902686787e-03,9.019607843137255054e-01,-7.843137254901960675e-02
1.003709474902630223e-03,8.235294117647058432e-01,7.843137254901960675e-02
1.003711474902573659e-03,9.019607843137255054e-01,-7.843137254901960675e-02
1.003713474902517095e-03,9.019607843137255054e-01,3.921568627450980338e-02
1.003715474902460532e-03,8.627450980392157298e-01,3.921568627450980338e-02
1.003717474902403968e-03,9.019607843137255054e-01,-1.960784313725490169e-01
1.003719474902347404e-03,8.627450980392157298e-01,1.176470588235294101e-01
1.003721474902290840e-03,9.019607843137255054e-01,-7.843137254901960675e-02
1.003723474902234276e-03,8.627450980392157298e-01,0.000000000000000000e+00
1.003725474902177712e-03,9.019607843137255054e-01,3.921568627450980338e-02
1.003727474902121148e-03,9.019607843137255054e-01,-3.921568627450980338e-02
1.003729474902064584e-03,9.411764705882352811e-01,1.176470588235294101e-01
1.003731474902008021e-03,8.627450980392157298e-01,-7.843137254901960675e-02
1.003733474901951457e-03,9.019607843137255054e-01,7.843137254901960675e-02
1.003735474901894893e-03,9.019607843137255054e-01,0.000000000000000000e+00
1.003737474901838329e-03,9.411764705882352811e-01,-7.843137254901960675e-02
1.003739474901781765e-03,8.627450980392157298e-01,1.568627450980392135e-01
1.003741474901725201e-03,9.411764705882352811e-01,-1.568627450980392135e-01
1.003743474901668637e-03,9.019607843137255054e-01,1.176470588235294101e-01
1.003745474901612074e-03,9.411764705882352811e-01,3.921568627450980338e-02
1.003747474901555510e-03,8.627450980392157298e-01,-7.843137254901960675e-02
1.003749474901498946e-03,8.235294117647058432e-01,1.176470588235294101e-01
1.003751474901442382e-03,8.627450980392157298e-01,-3.921568627450980338e-02
1.003753474901385818e-03,9.803921568627450567e-01,0.000000000000000000e+00
1.003755474901329254e-03,8.235294117647058432e-01,3.921568627450980338e-02
1.003757474901272690e-03,9.019607843137255054e-01,-1.568627450980392135e-01
1.003759474901216127e-03,9.019607843137255054e-01,1.568627450980392135e-01
1.003761474901159563e-03,9.411764705882352811e-01,-7.843137254901960675e-02
1.003763474901102999e-03,8.627450980392157298e-01,0.000000000000000000e+00
1.003765474901046435e-03,8.627450980392157298e-01,3.921568627450980338e-02
1.003767474900989871e-03,9.019607843137255054e-01,-3.921568627450980338e-02
1.003769474900933307e-03,9.411764705882352811e-01,1.176470588235294101e-01
1.003771474900876743e-03,8.627450980392157298e-01,-3.921568627450980338e-02
1.003773474900820179e-03,9.019607843137255054e-01,7.843137254901960675e-02
1.003775474900763616e-03,9.411764705882352811e-01,0.000000000000000000e+00
1.003777474900707052e-03,9.411764705882352811e-01,-7.843137254901960675e-02
1.003779474900650488e-03,8.627450980392157298e-01,1.176470588235294101e-01
1.003781474900593924e-03,8.627450980392157298e-01,-1.568627450980392135e-01
1.003783474900537360e-03,9.019607843137255054e-01,1.176470588235294101e-01
1.003785474900480796e-03,9.411764705882352811e-01,0.000000000000000000e+00
1.003787474900424232e-03,8.235294117647058432e-01,-7.843137254901960675e-02
1.003789474900367669e-03,8.235294117647058432e-01,1.176470588235294101e-01
1.003791474900311105e-03,9.019607843137255054e-01,-1.568627450980392135e-01
1.003793474900254541e-03,9.411764705882352811e-01,3.921568627450980338e-02
1.003795474900197977e-03,8.235294117647058432e-01,0.000000000000000000e+00
1.003797474900141413e-03,8.627450980392157298e-01,-1.568627450980392135e-01
1.003799474900084849e-03,9.019607843137255054e-01,1.568627450980392135e-01
1.003801474900028285e-03,9.411764705882352811e-01,-7.843137254901960675e-02
1.003803474899971722e-03,8.627450980392157298e-01,3.921568627450980338e-02
1.003805474899915158e-03,9.019607843137255054e-01,3.921568627450980338e-02
1.003807474899858594e-03,9.411764705882352811e-01,-3.921568627450980338e-02
1.003809474899802030e-03,9.019607843137255054e-01,1.176470588235294101e-01
1.003811474899745466e-03,8.627450980392157298e-01,-3.921568627450980338e-02
1.003813474899688902e-03,9.019607843137255054e-01,7.843137254901960675e-02
1.003815474899632338e-03,9.411764705882352811e-01,0.000000000000000000e+00
1.003817474899575775e-03,9.411764705882352811e-01,-1.568627450980392135e-01
1.003819474899519211e-03,8.235294117647058432e-01,1.568627450980392135e-01
1.003821474899462647e-03,9.019607843137255054e-01,-3.921568627450980338e-02
1.003823474899406083e-03,8.627450980392157298e-01,1.176470588235294101e-01
1.003825474899349519e-03,9.411764705882352811e-01,0.000000000000000000e+00
1.003827474899292955e-03,8.627450980392157298e-01,-7.843137254901960675e-02
1.003829474899236391e-03,8.627450980392157298e-01,1.176470588235294101e-01
1.003831474899179827e-03,9.411764705882352811e-01,-3.921568627450980338e-02
1.003833474899123264e-03,9.411764705882352811e-01,3.921568627450980338e-02
1.003835474899066700e-03,8.627450980392157298e-01,0.000000000000000000e+00
1.003837474899010136e-03,8.627450980392157298e-01,-1.568627450980392135e-01
1.003839474898953572e-03,9.019607843137255054e-01,1.568627450980392135e-01
1.003841474898897008e-03,9.411764705882352811e-01,-7.843137254901960675e-02
1.003843474898840444e-03,8.235294117647058432e-01,3.921568627450980338e-02
1.003845474898783880e-03,8.627450980392157298e-01,0.000000000000000000e+00
1.003847474898727317e-03,9.019607843137255054e-01,-3.921568627450980338e-02
1.003849474898670753e-03,9.411764705882352811e-01,7.843137254901960675e-02
1.003851474898614189e-03,8.627450980392157298e-01,-3.921568627450980338e-02
1.003853474898557625e-03,9.019607843137255054e-01,3.921568627450980338e-02
1.003855474898501061e-03,8.627450980392157298e-01,0.000000000000000000e+00
1.003857474898444497e-03,9.411764705882352811e-01,-7.843137254901960675e-02
1.003859474898387933e-03,8.235294117647058432e-01,1.568627450980392135e-01
1.003861474898331370e-03,9.019607843137255054e-01,-1.568627450980392135e-01
1.003863474898274806e-03,9.019607843137255054e-01,1.176470588235294101e-01
1.003865474898218242e-03,9.411764705882352811e-01,0.000000000000000000e+00
1.003867474898161678e-03,8.235294117647058432e-01,-7.843137254901960675e-02
1.003869474898105114e-03,9.019607843137255054e-01,1.176470588235294101e-01
1.003871474898048550e-03,9.019607843137255054e-01,-3.921568627450980338e-02
1.003873474897991986e-03,9.411764705882352811e-01,7.843137254901960675e-02
1.003875474897935422e-03,8.235294117647058432e-01,7.843137254901960675e-02
1.003877474897878859e-03,9.019607843137255054e-01,-1.568627450980392135e-01
1.003879474897822295e-03,9.019607843137255054e-01,1.568627450980392135e-01
1.003881474897765731e-03,9.411764705882352811e-01,-7.843137254901960675e-02
1.003883474897709167e-03,8.627450980392157298e-01,3.921568627450980338e-02
1.003885474897652603e-03,9.019607843137255054e-01,3.921568627450980338e-02
1.003887474897596039e-03,9.411764705882352811e-01,0.000000000000000000e+00
1.003889474897539475e-03,9.019607843137255054e-01,7.843137254901960675e-02
1.003891474897482912e-03,8.627450980392157298e-01,-3.921568627450980338e-02
1.003893474897426348e-03,9.019607843137255054e-01,7.843137254901960675e-02
1.003895474897369784e-03,9.019607843137255054e-01,0.000000000000000000e+00
1.003897474897313220e-03,9.411764705882352811e-01,-7.843137254901960675e-02
1.003899474897256656e-03,8.235294117647058432e-01,1.568627450980392135e-01
1.003901474897200092e-03,9.019607843137255054e-01,-7.843137254901960675e-02
1.003903474897143528e-03,9.019607843137255054e-01,1.176470588235294101e-01
1.003905474897086965e-03,9.411764705882352811e-01,0.000000000000000000e+00
1.003907474897030401e-03,8.627450980392157298e-01,-1.568627450980392135e-01
1.003909474896973837e-03,9.019607843137255054e-01,1.176470588235294101e-01
1.003911474896917273e-03,9.019607843137255054e-01,-7.843137254901960675e-02
1.003913474896860709e-03,9.411764705882352811e-01,3.921568627450980338e-02
1.003915474896804145e-03,8.627450980392157298e-01,3.921568627450980338e-02
1.003917474896747581e-03,8.627450980392157298e-01,-3.921568627450980338e-02
1.003919474896691017e-03,8.627450980392157298e-01,1.568627450980392135e-01
1.003921474896634454e-03,9.411764705882352811e-01,-7.843137254901960675e-02
1.003923474896577890e-03,8.235294117647058432e-01,0.000000000000000000e+00
1.003925474896521326e-03,9.019607843137255054e-01,3.921568627450980338e-02
1.003927474896464762e-03,8.627450980392157298e-01,-3.921568627450980338e-02
1.003929474896408198e-03,9.019607843137255054e-01,1.176470588235294101e-01
1.003931474896351634e-03,8.627450980392157298e-01,-1.568627450980392135e-01
1.003933474896295070e-03,9.019607843137255054e-01,7.843137254901960675e-02
1.003935474896238507e-03,8.627450980392157298e-01,3.921568627450980338e-02
1.003937474896181943e-03,9.411764705882352811e-01,-7.843137254901960675e-02
1.003939474896125379e-03,8.627450980392157298e-01,1.568627450980392135e-01
1.003941474896068815e-03,9.411764705882352811e-01,-1.568627450980392135e-01
1.003943474896012251e-03,9.019607843137255054e-01,1.176470588235294101e-01
1.003945474895955687e-03,9.411764705882352811e-01,0.000000000000000000e+00
1.003947474895899123e-03,8.627450980392157298e-01,-7.843137254901960675e-02
1.003949474895842560e-03,8.235294117647058432e-01,1.176470588235294101e-01
1.003951474895785996e-03,8.627450980392157298e-01,-3.921568627450980338e-02
1.003953474895729432e-03,9.411764705882352811e-01,7.843137254901960675e-02
1.003955474895672868e-03,8.235294117647058432e-01,0.000000000000000000e+00
1.003957474895616304e-03,9.019607843137255054e-01,-1.568627450980392135e-01
1.003959474895559740e-03,8.627450980392157298e-01,1.568627450980392135e-01
1.003961474895503176e-03,9.411764705882352811e-01,-7.843137254901960675e-02
1.003963474895446613e-03,8.235294117647058432e-01,3.921568627450980338e-02
1.003965474895390049e-03,8.627450980392157298e-01,3.921568627450980338e-02
1.003967474895333485e-03,9.019607843137255054e-01,0.000000000000000000e+00
1.003969474895276921e-03,9.019607843137255054e-01,7.843137254901960675e-02
1.003971474895220357e-03,8.627450980392157298e-01,-7.843137254901960675e-02
1.003973474895163793e-03,9.019607843137255054e-01,7.843137254901960675e-02
1.003975474895107229e-03,9.019607843137255054e-01,0.000000000000000000e+00
1.003977474895050665e-03,9.411764705882352811e-01,-7.843137254901960675e-02
1.003979474894994102e-03,8.627450980392157298e-01,1.176470588235294101e-01
1.003981474894937538e-03,9.019607843137255054e-01,-1.568627450980392135e-01
1.003983474894880974e-03,9.019607843137255054e-01,7.843137254901960675e-02
1.003985474894824410e-03,9.411764705882352811e-01,0.000000000000000000e+00
1.003987474894767846e-03,8.235294117647058432e-01,-1.568627450980392135e-01
1.003989474894711282e-03,8.627450980392157298e-01,1.176470588235294101e-01
1.003991474894654718e-03,9.019607843137255054e-01,-7.843137254901960675e-02
1.003993474894598155e-03,9.411764705882352811e-01,7.843137254901960675e-02
1.003995474894541591e-03,8.627450980392157298e-01,7.843137254901960675e-02
1.003997474894485027e-03,9.019607843137255054e-01,-7.843137254901960675e-02
1.003999474894428463e-03,9.019607843137255054e-01,1.176470588235294101e-01
1.004001474894371899e-03,9.411764705882352811e-01,-7.843137254901960675e-02
1.004003474894315335e-03,8.627450980392157298e-01,0.000000000000000000e+00
1.004005474894258771e-03,8.627450980392157298e-01,3.921568627450980338e-02
1.004007474894202208e-03,9.411764705882352811e-01,0.000000000000000000e+00
1.004009474894145644e-03,9.411764705882352811e-01,7.843137254901960675e-02
1.004011474894089080e-03,8.627450980392157298e-01,-7.843137254901960675e-02
1.004013474894032516e-03,9.019607843137255054e-01,7.843137254901960675e-02
1.004015474893975952e-03,9.019607843137255054e-01,3.921568627450980338e-02
1.004017474893919388e-03,9.411764705882352811e-01,-7.843137254901960675e-02
1.004019474893862824e-03,8.627450980392157298e-01,1.568627450980392135e-01
1.004021474893806260e-03,8.627450980392157298e-01,-1.568627450980392135e-01
1.004023474893749697e-03,9.019607843137255054e-01,1.176470588235294101e-01
1.004025474893693133e-03,9.411764705882352811e-01,3.921568627450980338e-02
1.004027474893636569e-03,8.627450980392157298e-01,-1.568627450980392135e-01
1.004029474893580005e-03,8.627450980392157298e-01,1.176470588235294101e-01
1.004031474893523441e-03,9.019607843137255054e-01,-3.921568627450980338e-02
1.004033474893466877e-03,9.411764705882352811e-01,7.843137254901960675e-02
1.004035474893410313e-03,8.627450980392157298e-01,0.000000000000000000e+00
1.004037474893353750e-03,9.019607843137255054e-01,0.000000000000000000e+00
1.004039474893297186e-03,8.627450980392157298e-01,1.568627450980392135e-01
1.004041474893240622e-03,9.411764705882352811e-01,-7.843137254901960675e-02
1.004043474893184058e-03,8.235294117647058432e-01,0.000000000000000000e+00
1.004045474893127494e-03,8.627450980392157298e-01,3.921568627450980338e-02
1.004047474893070930e-03,9.019607843137255054e-01,-3.921568627450980338e-02
1.004049474893014366e-03,9.411764705882352811e-01,1.176470588235294101e-01
1.004051474892957803e-03,8.627450980392157298e-01,-7.843137254901960675e-02
1.004053474892901239e-03,9.019607843137255054e-01,7.843137254901960675e-02
1.004055474892844675e-03,9.019607843137255054e-01,0.000000000000000000e+00
1.004057474892788111e-03,9.411764705882352811e-01,-7.843137254901960675e-02
1.004059474892731547e-03,8.235294117647058432e-01,1.176470588235294101e-01
1.004061474892674983e-03,9.019607843137255054e-01,-1.568627450980392135e-01
1.004063474892618419e-03,9.019607843137255054e-01,1.176470588235294101e-01
1.004065474892561855e-03,9.411764705882352811e-01,0.000000000000000000e+00
1.004067474892505292e-03,8.627450980392157298e-01,-1.568627450980392135e-01
1.004069474892448728e-03,9.019607843137255054e-01,1.176470588235294101e-01
1.004071474892392164e-03,9.411764705882352811e-01,-7.843137254901960675e-02
1.004073474892335600e-03,9.411764705882352811e-01,7.843137254901960675e-02
1.004075474892279036e-03,8.235294117647058432e-01,3.921568627450980338e-02
1.004077474892222472e-03,8.627450980392157298e-01,-7.843137254901960675e-02
1.004079474892165908e-03,8.627450980392157298e-01,1.568627450980392135e-01
1.004081474892109345e-03,9.411764705882352811e-01,-7.843137254901960675e-02
1.004083474892052781e-03,8.627450980392157298e-01,3.921568627450980338e-02
1.004085474891996217e-03,8.627450980392157298e-01,3.921568627450980338e-02
1.004087474891939653e-03,9.019607843137255054e-01,-3.921568627450980338e-02
1.004089474891883089e-03,9.411764705882352811e-01,7.843137254901960675e-02
1.004091474891826525e-03,8.627450980392157298e-01,-7.843137254901960675e-02
1.004093474891769961e-03,8.627450980392157298e-01,7.843137254901960675e-02
1.004095474891713398e-03,9.019607843137255054e-01,0.000000000000000000e+00
1.004097474891656834e-03,9.411764705882352811e-01,-1.568627450980392135e-01
1.004099474891600270e-03,8.235294117647058432e-01,1.568627450980392135e-01
1.004101474891543706e-03,9.019607843137255054e-01,-1.568627450980392135e-01
1.004103474891487142e-03,9.019607843137255054e-01,1.176470588235294101e-01
1.004105474891430578e-03,9.411764705882352811e-01,3.921568627450980338e-02
1.004107474891374014e-03,8.627450980392157298e-01,-1.568627450980392135e-01
1.004109474891317451e-03,8.627450980392157298e-01,7.843137254901960675e-02
1.004111474891260887e-03,9.019607843137255054e-01,-1.568627450980392135e-01
1.004113474891204323e-03,9.411764705882352811e-01,7.843137254901960675e-02
1.004115474891147759e-03,8.235294117647058432e-01,3.921568627450980338e-02
1.004117474891091195e-03,9.019607843137255054e-01,-3.921568627450980338e-02
1.004119474891034631e-03,9.019607843137255054e-01,1.568627450980392135e-01
1.004121474890978067e-03,9.411764705882352811e-01,-7.843137254901960675e-02
1.004123474890921503e-03,8.627450980392157298e-01,0.000000000000000000e+00
1.004125474890864940e-03,8.627450980392157298e-01,3.921568627450980338e-02
1.004127474890808376e-03,9.019607843137255054e-01,0.000000000000000000e+00
1.004129474890751812e-03,9.411764705882352811e-01,7.843137254901960675e-02
1.004131474890695248e-03,8.627450980392157298e-01,-7.843137254901960675e-02
1.004133474890638684e-03,9.019607843137255054e-01,7.843137254901960675e-02
1.004135474890582120e-03,8.627450980392157298e-01,3.921568627450980338e-02
1.004137474890525556e-03,9.411764705882352811e-01,-7.843137254901960675e-02
1.004139474890468993e-03,8.627450980392157298e-01,1.176470588235294101e-01
1.004141474890412429e-03,8.627450980392157298e-01,-1.568627450980392135e-01
1.004143474890355865e-03,9.019607843137255054e-01,1.176470588235294101e-01
1.004145474890299301e-03,9.411764705882352811e-01,0.000000000000000000e+00
1.004147474890242737e-03,9.019607843137255054e-01,-1.568627450980392135e-01
1.004149474890186173e-03,8.235294117647058432e-01,1.176470588235294101e-01
1.004151474890129609e-03,9.019607843137255054e-01,-7.843137254901960675e-02
1.004153474890073046e-03,9.411764705882352811e-01,3.921568627450980338e-02
1.004155474890016482e-03,8.627450980392157298e-01,3.921568627450980338e-02
1.004157474889959918e-03,8.627450980392157298e-01,0.000000000000000000e+00
1.004159474889903354e-03,9.019607843137255054e-01,1.568627450980392135e-01
1.004161474889846790e-03,9.411764705882352811e-01,-3.921568627450980338e-02
1.004163474889790226e-03,8.235294117647058432e-01,3.921568627450980338e-02
1.004165474889733662e-03,8.627450980392157298e-01,3.921568627450980338e-02
1.004167474889677098e-03,9.411764705882352811e-01,-3.921568627450980338e-02
1.004169474889620535e-03,9.411764705882352811e-01,1.176470588235294101e-01
1.004171474889563971e-03,8.627450980392157298e-01,-7.843137254901960675e-02
1.004173474889507407e-03,9.019607843137255054e-01,7.843137254901960675e-02
1.004175474889450843e-03,9.019607843137255054e-01,0.000000000000000000e+00
1.004177474889394279e-03,9.411764705882352811e-01,-1.568627450980392135e-01
1.004179474889337715e-03,8.627450980392157298e-01,1.568627450980392135e-01
1.004181474889281151e-03,9.019607843137255054e-01,-1.568627450980392135e-01
1.004183474889224588e-03,9.411764705882352811e-01,1.176470588235294101e-01
1.004185474889168024e-03,9.411764705882352811e-01,0.000000000000000000e+00
1.004187474889111460e-03,9.019607843137255054e-01,-7.843137254901960675e-02
1.004189474889054896e-03,8.235294117647058432e-01,7.843137254901960675e-02
1.004191474888998332e-03,9.019607843137255054e-01,-3.921568627450980338e-02
1.004193474888941768e-03,9.411764705882352811e-01,7.843137254901960675e-02
1.004195474888885204e-03,8.235294117647058432e-01,3.921568627450980338e-02
1.004197474888828641e-03,8.627450980392157298e-01,-1.568627450980392135e-01
1.004199474888772077e-03,9.019607843137255054e-01,1.568627450980392135e-01
1.004201474888715513e-03,9.411764705882352811e-01,-7.843137254901960675e-02
1.004203474888658949e-03,8.235294117647058432e-01,0.000000000000000000e+00
1.004205474888602385e-03,8.627450980392157298e-01,3.921568627450980338e-02
1.004207474888545821e-03,9.411764705882352811e-01,-3.921568627450980338e-02
1.004209474888489257e-03,9.411764705882352811e-01,1.176470588235294101e-01
1.004211474888432694e-03,8.627450980392157298e-01,-3.921568627450980338e-02
1.004213474888376130e-03,8.627450980392157298e-01,7.843137254901960675e-02
1.004215474888319566e-03,9.019607843137255054e-01,0.000000000000000000e+00
1.004217474888263002e-03,9.411764705882352811e-01,-7.843137254901960675e-02
1.004219474888206438e-03,8.235294117647058432e-01,1.568627450980392135e-01
1.004221474888149874e-03,9.411764705882352811e-01,-1.568627450980392135e-01
1.004223474888093310e-03,9.019607843137255054e-01,1.176470588235294101e-01
1.004225474888036746e-03,9.411764705882352811e-01,3.921568627450980338e-02
1.004227474887980183e-03,8.627450980392157298e-01,-7.843137254901960675e-02
1.004229474887923619e-03,8.627450980392157298e-01,7.843137254901960675e-02
1.004231474887867055e-03,9.019607843137255054e-01,-7.843137254901960675e-02
1.004233474887810491e-03,9.411764705882352811e-01,3.921568627450980338e-02
1.004235474887753927e-03,8.235294117647058432e-01,7.843137254901960675e-02
1.004237474887697363e-03,9.019607843137255054e-01,-3.921568627450980338e-02
1.004239474887640799e-03,9.019607843137255054e-01,1.568627450980392135e-01
1.004241474887584236e-03,9.411764705882352811e-01,-3.921568627450980338e-02
1.004243474887527672e-03,8.627450980392157298e-01,0.000000000000000000e+00
1.004245474887471108e-03,9.019607843137255054e-01,3.921568627450980338e-02
1.004247474887414544e-03,9.019607843137255054e-01,0.000000000000000000e+00
1.004249474887357980e-03,9.411764705882352811e-01,7.843137254901960675e-02
1.004251474887301416e-03,8.627450980392157298e-01,-3.921568627450980338e-02
1.004253474887244852e-03,9.019607843137255054e-01,7.843137254901960675e-02
1.004255474887188289e-03,9.019607843137255054e-01,0.000000000000000000e+00
1.004257474887131725e-03,9.411764705882352811e-01,-7.843137254901960675e-02
1.004259474887075161e-03,8.235294117647058432e-01,1.568627450980392135e-01
1.004261474887018597e-03,9.019607843137255054e-01,-7.843137254901960675e-02
1.004263474886962033e-03,9.019607843137255054e-01,1.176470588235294101e-01
1.004265474886905469e-03,9.411764705882352811e-01,0.000000000000000000e+00
1.004267474886848905e-03,8.627450980392157298e-01,-7.843137254901960675e-02
1.004269474886792341e-03,8.627450980392157298e-01,1.568627450980392135e-01
1.004271474886735778e-03,9.019607843137255054e-01,-1.568627450980392135e-01
1.004273474886679214e-03,9.411764705882352811e-01,3.921568627450980338e-02
1.004275474886622650e-03,8.235294117647058432e-01,7.843137254901960675e-02
1.004277474886566086e-03,8.627450980392157298e-01,-1.960784313725490169e-01
1.004279474886509522e-03,9.019607843137255054e-01,1.176470588235294101e-01
1.004281474886452958e-03,9.411764705882352811e-01,-7.843137254901960675e-02
1.004283474886396394e-03,8.627450980392157298e-01,0.000000000000000000e+00
1.004285474886339831e-03,8.627450980392157298e-01,0.000000000000000000e+00
1.004287474886283267e-03,9.019607843137255054e-01,-3.921568627450980338e-02
1.004289474886226703e-03,9.411764705882352811e-01,7.843137254901960675e-02
1.004291474886170139e-03,8.627450980392157298e-01,-3.921568627450980338e-02
1.004293474886113575e-03,8.627450980392157298e-01,7.843137254901960675e-02
1.004295474886057011e-03,8.627450980392157298e-01,3.921568627450980338e-02
1.004297474886000447e-03,9.411764705882352811e-01,-7.843137254901960675e-02
1.004299474885943884e-03,8.627450980392157298e-01,7.843137254901960675e-02
1.004301474885887320e-03,9.019607843137255054e-01,-1.568627450980392135e-01
1.004303474885830756e-03,8.627450980392157298e-01,1.176470588235294101e-01
1.004305474885774192e-03,9.411764705882352811e-01,0.000000000000000000e+00
1.004307474885717628e-03,8.627450980392157298e-01,-7.843137254901960675e-02
1.004309474885661064e-03,8.627450980392157298e-01,1.176470588235294101e-01
1.004311474885604500e-03,9.019607843137255054e-01,-1.568627450980392135e-01
1.004313474885547936e-03,9.411764705882352811e-01,3.921568627450980338e-02
1.004315474885491373e-03,8.627450980392157298e-01,3.921568627450980338e-02
1.004317474885434809e-03,9.019607843137255054e-01,-1.568627450980392135e-01
1.004319474885378245e-03,8.627450980392157298e-01,1.176470588235294101e-01
1.004321474885321681e-03,9.411764705882352811e-01,-3.921568627450980338e-02
1.004323474885265117e-03,8.627450980392157298e-01,0.000000000000000000e+00
1.004325474885208553e-03,9.019607843137255054e-01,3.921568627450980338e-02
1.004327474885151989e-03,9.019607843137255054e-01,0.000000000000000000e+00
1.004329474885095426e-03,9.411764705882352811e-01,1.176470588235294101e-01
1.004331474885038862e-03,8.235294117647058432e-01,-3.921568627450980338e-02
1.004333474884982298e-03,8.235294117647058432e-01,7.843137254901960675e-02
1.004335474884925734e-03,9.019607843137255054e-01,3.921568627450980338e-02
1.004337474884869170e-03,9.411764705882352811e-01,-7.843137254901960675e-02
1.004339474884812606e-03,8.627450980392157298e-01,1.176470588235294101e-01
1.004341474884756042e-03,9.019607843137255054e-01,-1.568627450980392135e-01
1.004343474884699479e-03,9.019607843137255054e-01,7.843137254901960675e-02
1.004345474884642915e-03,9.411764705882352811e-01,0.000000000000000000e+00
1.004347474884586351e-03,8.627450980392157298e-01,-7.843137254901960675e-02
1.004349474884529787e-03,8.627450980392157298e-01,1.176470588235294101e-01
1.004351474884473223e-03,9.019607843137255054e-01,-7.843137254901960675e-02
1.004353474884416659e-03,9.411764705882352811e-01,3.921568627450980338e-02
1.004355474884360095e-03,8.235294117647058432e-01,3.921568627450980338e-02
1.004357474884303532e-03,9.019607843137255054e-01,-1.568627450980392135e-01
1.004359474884246968e-03,9.019607843137255054e-01,1.568627450980392135e-01
1.004361474884190404e-03,9.411764705882352811e-01,-7.843137254901960675e-02
1.004363474884133840e-03,8.627450980392157298e-01,0.000000000000000000e+00
1.004365474884077276e-03,9.019607843137255054e-01,3.921568627450980338e-02
1.004367474884020712e-03,9.019607843137255054e-01,-3.921568627450980338e-02
1.004369474883964148e-03,9.019607843137255054e-01,1.568627450980392135e-01
1.004371474883907584e-03,8.235294117647058432e-01,-7.843137254901960675e-02
1.004373474883851021e-03,8.235294117647058432e-01,7.843137254901960675e-02
1.004375474883794457e-03,8.627450980392157298e-01,0.000000000000000000e+00
1.004377474883737893e-03,9.411764705882352811e-01,-7.843137254901960675e-02
1.004379474883681329e-03,8.235294117647058432e-01,1.568627450980392135e-01
1.004381474883624765e-03,9.019607843137255054e-01,-1.568627450980392135e-01
1.004383474883568201e-03,9.019607843137255054e-01,1.176470588235294101e-01
1.004385474883511637e-03,9.411764705882352811e-01,0.000000000000000000e+00
1.004387474883455074e-03,8.627450980392157298e-01,-7.843137254901960675e-02
1.004389474883398510e-03,8.627450980392157298e-01,7.843137254901960675e-02
1.004391474883341946e-03,9.019607843137255054e-01,-7.843137254901960675e-02
1.004393474883285382e-03,9.411764705882352811e-01,3.921568627450980338e-02
1.004395474883228818e-03,8.627450980392157298e-01,3.921568627450980338e-02
1.004397474883172254e-03,9.019607843137255054e-01,-1.568627450980392135e-01
1.004399474883115690e-03,9.019607843137255054e-01,1.568627450980392135e-01
1.004401474883059127e-03,9.411764705882352811e-01,-3.921568627450980338e-02
1.004403474883002563e-03,8.235294117647058432e-01,3.921568627450980338e-02
1.004405474882945999e-03,8.627450980392157298e-01,7.843137254901960675e-02
1.004407474882889435e-03,9.019607843137255054e-01,-3.921568627450980338e-02
1.004409474882832871e-03,9.411764705882352811e-01,7.843137254901960675e-02
1.004411474882776307e-03,9.019607843137255054e-01,-3.921568627450980338e-02
1.004413474882719743e-03,9.019607843137255054e-01,7.843137254901960675e-02
1.004415474882663179e-03,9.019607843137255054e-01,3.921568627450980338e-02
1.004417474882606616e-03,9.803921568627450567e-01,-7.843137254901960675e-02
1.004419474882550052e-03,8.627450980392157298e-01,1.568627450980392135e-01
1.004421474882493488e-03,9.019607843137255054e-01,-1.568627450980392135e-01
1.004423474882436924e-03,9.411764705882352811e-01,1.176470588235294101e-01
1.004425474882380360e-03,9.411764705882352811e-01,0.000000000000000000e+00
1.004427474882323796e-03,8.627450980392157298e-01,-7.843137254901960675e-02
1.004429474882267232e-03,8.627450980392157298e-01,1.176470588235294101e-01
1.004431474882210669e-03,9.019607843137255054e-01,-3.921568627450980338e-02
1.004433474882154105e-03,9.411764705882352811e-01,0.000000000000000000e+00
1.004435474882097541e-03,8.627450980392157298e-01,7.843137254901960675e-02
1.004437474882040977e-03,8.627450980392157298e-01,-1.568627450980392135e-01
1.004439474881984413e-03,9.019607843137255054e-01,1.568627450980392135e-01
1.004441474881927849e-03,9.411764705882352811e-01,-3.921568627450980338e-02
1.004443474881871285e-03,8.627450980392157298e-01,0.000000000000000000e+00
1.004445474881814722e-03,9.019607843137255054e-01,3.921568627450980338e-02
1.004447474881758158e-03,9.411764705882352811e-01,-3.921568627450980338e-02
1.004449474881701594e-03,9.019607843137255054e-01,1.176470588235294101e-01
1.004451474881645030e-03,8.235294117647058432e-01,-7.843137254901960675e-02
1.004453474881588466e-03,9.019607843137255054e-01,7.843137254901960675e-02
1.004455474881531902e-03,8.627450980392157298e-01,3.921568627450980338e-02
1.004457474881475338e-03,9.803921568627450567e-01,-7.843137254901960675e-02
1.004459474881418775e-03,8.235294117647058432e-01,7.843137254901960675e-02
1.004461474881362211e-03,9.019607843137255054e-01,-1.568627450980392135e-01
1.004463474881305647e-03,9.411764705882352811e-01,1.176470588235294101e-01
1.004465474881249083e-03,9.411764705882352811e-01,0.000000000000000000e+00
1.004467474881192519e-03,8.627450980392157298e-01,-7.843137254901960675e-02
1.004469474881135955e-03,8.627450980392157298e-01,1.176470588235294101e-01
1.004471474881079391e-03,8.627450980392157298e-01,-1.568627450980392135e-01
1.004473474881022827e-03,9.411764705882352811e-01,3.921568627450980338e-02
1.004475474880966264e-03,8.627450980392157298e-01,7.843137254901960675e-02
1.004477474880909700e-03,9.019607843137255054e-01,-1.568627450980392135e-01
1.004479474880853136e-03,9.019607843137255054e-01,1.568627450980392135e-01
1.004481474880796572e-03,9.411764705882352811e-01,-7.843137254901960675e-02
1.004483474880740008e-03,8.235294117647058432e-01,0.000000000000000000e+00
1.004485474880683444e-03,8.627450980392157298e-01,3.921568627450980338e-02
1.004487474880626880e-03,9.019607843137255054e-01,-3.921568627450980338e-02
1.004489474880570317e-03,9.411764705882352811e-01,1.176470588235294101e-01
1.004491474880513753e-03,8.627450980392157298e-01,-3.921568627450980338e-02
1.004493474880457189e-03,9.019607843137255054e-01,7.843137254901960675e-02
1.004495474880400625e-03,8.627450980392157298e-01,0.000000000000000000e+00
1.004497474880344061e-03,9.411764705882352811e-01,-7.843137254901960675e-02
1.004499474880287497e-03,8.235294117647058432e-01,1.568627450980392135e-01
1.004501474880230933e-03,9.019607843137255054e-01,-1.568627450980392135e-01
1.004503474880174370e-03,9.411764705882352811e-01,7.843137254901960675e-02
1.004505474880117806e-03,9.411764705882352811e-01,0.000000000000000000e+00
1.004507474880061242e-03,8.235294117647058432e-01,-7.843137254901960675e-02
1.004509474880004678e-03,8.627450980392157298e-01,1.176470588235294101e-01
1.004511474879948114e-03,9.019607843137255054e-01,-7.843137254901960675e-02
1.004513474879891550e-03,9.411764705882352811e-01,3.921568627450980338e-02
1.004515474879834986e-03,8.235294117647058432e-01,3.921568627450980338e-02
1.004517474879778422e-03,8.627450980392157298e-01,-1.960784313725490169e-01
1.004519474879721859e-03,9.019607843137255054e-01,1.176470588235294101e-01
1.004521474879665295e-03,9.411764705882352811e-01,-7.843137254901960675e-02
1.004523474879608731e-03,8.627450980392157298e-01,0.000000000000000000e+00
1.004525474879552167e-03,8.627450980392157298e-01,3.921568627450980338e-02
1.004527474879495603e-03,9.019607843137255054e-01,0.000000000000000000e+00
1.004529474879439039e-03,9.411764705882352811e-01,1.176470588235294101e-01
1.004531474879382475e-03,8.627450980392157298e-01,-3.921568627450980338e-02
1.004533474879325912e-03,8.627450980392157298e-01,7.843137254901960675e-02
1.004535474879269348e-03,8.627450980392157298e-01,3.921568627450980338e-02
1.004537474879212784e-03,9.411764705882352811e-01,-7.843137254901960675e-02
1.004539474879156220e-03,8.235294117647058432e-01,1.568627450980392135e-01
1.004541474879099656e-03,9.019607843137255054e-01,-1.568627450980392135e-01
1.004543474879043092e-03,9.019607843137255054e-01,7.843137254901960675e-02
1.004545474878986528e-03,9.411764705882352811e-01,0.000000000000000000e+00
1.004547474878929965e-03,8.627450980392157298e-01,-7.843137254901960675e-02
1.004549474878873401e-03,8.627450980392157298e-01,7.843137254901960675e-02
1.004551474878816837e-03,9.019607843137255054e-01,-3.921568627450980338e-02
1.004553474878760273e-03,9.411764705882352811e-01,7.843137254901960675e-02
1.004555474878703709e-03,8.235294117647058432e-01,3.921568627450980338e-02
1.004557474878647145e-03,9.019607843137255054e-01,-1.568627450980392135e-01
1.004559474878590581e-03,9.019607843137255054e-01,1.568627450980392135e-01
1.004561474878534017e-03,9.411764705882352811e-01,-7.843137254901960675e-02
1.004563474878477454e-03,8.627450980392157298e-01,0.000000000000000000e+00
1.004565474878420890e-03,8.627450980392157298e-01,0.000000000000000000e+00
1.004567474878364326e-03,9.019607843137255054e-01,-3.921568627450980338e-02
1.004569474878307762e-03,9.019607843137255054e-01,1.176470588235294101e-01
1.004571474878251198e-03,8.627450980392157298e-01,-7.843137254901960675e-02
1.004573474878194634e-03,9.019607843137255054e-01,3.921568627450980338e-02
1.004575474878138070e-03,9.019607843137255054e-01,3.921568627450980338e-02
1.004577474878081507e-03,9.411764705882352811e-01,-7.843137254901960675e-02
1.004579474878024943e-03,8.627450980392157298e-01,7.843137254901960675e-02
1.004581474877968379e-03,9.019607843137255054e-01,-1.568627450980392135e-01
1.004583474877911815e-03,9.411764705882352811e-01,7.843137254901960675e-02
1.004585474877855251e-03,9.411764705882352811e-01,3.921568627450980338e-02
1.004587474877798687e-03,8.627450980392157298e-01,-7.843137254901960675e-02
1.004589474877742123e-03,8.627450980392157298e-01,7.843137254901960675e-02
1.004591474877685560e-03,9.411764705882352811e-01,-1.568627450980392135e-01
1.004593474877628996e-03,9.411764705882352811e-01,7.843137254901960675e-02
1.004595474877572432e-03,8.235294117647058432e-01,3.921568627450980338e-02
1.004597474877515868e-03,9.411764705882352811e-01,0.000000000000000000e+00
1.004599474877459304e-03,9.019607843137255054e-01,1.568627450980392135e-01
1.004601474877402740e-03,9.411764705882352811e-01,-7.843137254901960675e-02
1.004603474877346176e-03,8.627450980392157298e-01,0.000000000000000000e+00
1.004605474877289613e-03,9.019607843137255054e-01,3.921568627450980338e-02
1.004607474877233049e-03,9.411764705882352811e-01,-3.921568627450980338e-02
1.004609474877176485e-03,9.411764705882352811e-01,7.843137254901960675e-02
1.004611474877119921e-03,8.627450980392157298e-01,-7.843137254901960675e-02
1.004613474877063357e-03,8.627450980392157298e-01,3.921568627450980338e-02
1.004615474877006793e-03,9.019607843137255054e-01,3.921568627450980338e-02
1.004617474876950229e-03,9.411764705882352811e-01,-7.843137254901960675e-02
1.004619474876893665e-03,8.235294117647058432e-01,1.568627450980392135e-01
1.004621474876837102e-03,9.019607843137255054e-01,-1.568627450980392135e-01
1.004623474876780538e-03,9.019607843137255054e-01,1.176470588235294101e-01
1.004625474876723974e-03,9.411764705882352811e-01,3.921568627450980338e-02
1.004627474876667410e-03,8.627450980392157298e-01,-1.568627450980392135e-01
1.004629474876610846e-03,8.627450980392157298e-01,7.843137254901960675e-02
1.004631474876554282e-03,9.019607843137255054e-01,-1.568627450980392135e-01
1.004633474876497718e-03,9.411764705882352811e-01,3.921568627450980338e-02
1.004635474876441155e-03,8.235294117647058432e-01,3.921568627450980338e-02
1.004637474876384591e-03,8.627450980392157298e-01,-1.568627450980392135e-01
1.004639474876328027e-03,9.019607843137255054e-01,1.568627450980392135e-01
1.004641474876271463e-03,9.411764705882352811e-01,-7.843137254901960675e-02
1.004643474876214899e-03,8.235294117647058432e-01,0.000000000000000000e+00
1.004645474876158335e-03,8.627450980392157298e-01,3.921568627450980338e-02
1.004647474876101771e-03,9.019607843137255054e-01,-3.921568627450980338e-02
1.004649474876045208e-03,9.019607843137255054e-01,7.843137254901960675e-02
1.004651474875988644e-03,8.627450980392157298e-01,-7.843137254901960675e-02
1.004653474875932080e-03,8.627450980392157298e-01,7.843137254901960675e-02
1.004655474875875516e-03,9.019607843137255054e-01,0.000000000000000000e+00
1.004657474875818952e-03,9.411764705882352811e-01,-7.843137254901960675e-02
1.004659474875762388e-03,8.235294117647058432e-01,1.568627450980392135e-01
1.004661474875705824e-03,9.019607843137255054e-01,-7.843137254901960675e-02
1.004663474875649260e-03,9.019607843137255054e-01,1.176470588235294101e-01
1.004665474875592697e-03,9.411764705882352811e-01,0.000000000000000000e+00
1.004667474875536133e-03,8.627450980392157298e-01,-1.568627450980392135e-01
1.004669474875479569e-03,8.627450980392157298e-01,1.176470588235294101e-01
1.004671474875423005e-03,9.019607843137255054e-01,-7.843137254901960675e-02
1.004673474875366441e-03,9.411764705882352811e-01,0.000000000000000000e+00
1.004675474875309877e-03,8.627450980392157298e-01,3.921568627450980338e-02
1.004677474875253313e-03,9.019607843137255054e-01,-1.568627450980392135e-01
1.004679474875196750e-03,9.019607843137255054e-01,1.568627450980392135e-01
1.004681474875140186e-03,9.411764705882352811e-01,-3.921568627450980338e-02
1.004683474875083622e-03,8.235294117647058432e-01,0.000000000000000000e+00
1.004685474875027058e-03,8.627450980392157298e-01,7.843137254901960675e-02
1.004687474874970494e-03,9.019607843137255054e-01,0.000000000000000000e+00
1.004689474874913930e-03,9.411764705882352811e-01,1.176470588235294101e-01
1.004691474874857366e-03,8.627450980392157298e-01,-7.843137254901960675e-02
1.004693474874800803e-03,9.019607843137255054e-01,7.843137254901960675e-02
1.004695474874744239e-03,9.019607843137255054e-01,3.921568627450980338e-02
1.004697474874687675e-03,9.411764705882352811e-01,-7.843137254901960675e-02
1.004699474874631111e-03,8.627450980392157298e-01,1.176470588235294101e-01
1.004701474874574547e-03,9.019607843137255054e-01,-1.568627450980392135e-01
1.004703474874517983e-03,9.019607843137255054e-01,1.176470588235294101e-01
1.004705474874461419e-03,9.411764705882352811e-01,0.000000000000000000e+00
1.004707474874404855e-03,8.627450980392157298e-01,-7.843137254901960675e-02
1.004709474874348292e-03,8.627450980392157298e-01,1.176470588235294101e-01
1.004711474874291728e-03,9.019607843137255054e-01,-1.568627450980392135e-01
1.004713474874235164e-03,9.411764705882352811e-01,3.921568627450980338e-02
1.004715474874178600e-03,8.627450980392157298e-01,7.843137254901960675e-02
1.004717474874122036e-03,8.627450980392157298e-01,-1.568627450980392135e-01
1.004719474874065472e-03,9.019607843137255054e-01,1.176470588235294101e-01
1.004721474874008908e-03,9.411764705882352811e-01,-7.843137254901960675e-02
1.004723474873952345e-03,8.627450980392157298e-01,0.000000000000000000e+00
1.004725474873895781e-03,8.627450980392157298e-01,3.921568627450980338e-02
1.004727474873839217e-03,9.019607843137255054e-01,-3.921568627450980338e-02
1.004729474873782653e-03,9.411764705882352811e-01,1.176470588235294101e-01
1.004731474873726089e-03,8.235294117647058432e-01,-7.843137254901960675e-02
1.004733474873669525e-03,9.019607843137255054e-01,7.843137254901960675e-02
1.004735474873612961e-03,9.411764705882352811e-01,7.843137254901960675e-02
1.004737474873556398e-03,9.411764705882352811e-01,-7.843137254901960675e-02
1.004739474873499834e-03,8.627450980392157298e-01,7.843137254901960675e-02
1.004741474873443270e-03,9.019607843137255054e-01,-1.568627450980392135e-01
1.004743474873386706e-03,9.019607843137255054e-01,1.176470588235294101e-01
1.004745474873330142e-03,9.411764705882352811e-01,0.000000000000000000e+00
1.004747474873273578e-03,8.235294117647058432e-01,-7.843137254901960675e-02
1.004749474873217014e-03,8.235294117647058432e-01,1.176470588235294101e-01
1.004751474873160451e-03,9.019607843137255054e-01,-3.921568627450980338e-02
1.004753474873103887e-03,9.411764705882352811e-01,3.921568627450980338e-02
1.004755474873047323e-03,8.627450980392157298e-01,3.921568627450980338e-02
1.004757474872990759e-03,9.019607843137255054e-01,-1.568627450980392135e-01
1.004759474872934195e-03,8.627450980392157298e-01,1.568627450980392135e-01
1.004761474872877631e-03,9.411764705882352811e-01,-7.843137254901960675e-02
1.004763474872821067e-03,8.627450980392157298e-01,0.000000000000000000e+00
1.004765474872764503e-03,8.627450980392157298e-01,3.921568627450980338e-02
1.004767474872707940e-03,9.019607843137255054e-01,0.000000000000000000e+00
1.004769474872651376e-03,9.411764705882352811e-01,1.176470588235294101e-01
1.004771474872594812e-03,8.627450980392157298e-01,-3.921568627450980338e-02
1.004773474872538248e-03,9.019607843137255054e-01,7.843137254901960675e-02
1.004775474872481684e-03,9.019607843137255054e-01,3.921568627450980338e-02
1.004777474872425120e-03,9.411764705882352811e-01,-1.568627450980392135e-01
1.004779474872368556e-03,8.235294117647058432e-01,7.843137254901960675e-02
1.004781474872311993e-03,8.627450980392157298e-01,-7.843137254901960675e-02
1.004783474872255429e-03,9.019607843137255054e-01,1.176470588235294101e-01
1.004785474872198865e-03,9.411764705882352811e-01,0.000000000000000000e+00
1.004787474872142301e-03,9.019607843137255054e-01,-7.843137254901960675e-02
1.004789474872085737e-03,8.235294117647058432e-01,1.176470588235294101e-01
1.004791474872029173e-03,9.019607843137255054e-01,-3.921568627450980338e-02
1.004793474871972609e-03,9.411764705882352811e-01,0.000000000000000000e+00
1.004795474871916046e-03,8.235294117647058432e-01,7.843137254901960675e-02
1.004797474871859482e-03,9.019607843137255054e-01,-1.568627450980392135e-01
1.004799474871802918e-03,9.019607843137255054e-01,1.568627450980392135e-01
1.004801474871746354e-03,9.411764705882352811e-01,-7.843137254901960675e-02
1.004803474871689790e-03,8.627450980392157298e-01,0.000000000000000000e+00
1.004805474871633226e-03,8.627450980392157298e-01,3.921568627450980338e-02
1.004807474871576662e-03,9.411764705882352811e-01,-3.921568627450980338e-02
1.004809474871520098e-03,9.411764705882352811e-01,7.843137254901960675e-02
1.004811474871463535e-03,8.627450980392157298e-01,-7.843137254901960675e-02
1.004813474871406971e-03,9.019607843137255054e-01,7.843137254901960675e-02
1.004815474871350407e-03,9.019607843137255054e-01,0.000000000000000000e+00
1.004817474871293843e-03,9.411764705882352811e-01,-7.843137254901960675e-02
1.004819474871237279e-03,8.235294117647058432e-01,1.568627450980392135e-01
1.004821474871180715e-03,8.235294117647058432e-01,-1.568627450980392135e-01
1.004823474871124151e-03,9.019607843137255054e-01,1.176470588235294101e-01
1.004825474871067588e-03,9.411764705882352811e-01,0.000000000000000000e+00
1.004827474871011024e-03,8.627450980392157298e-01,-7.843137254901960675e-02
1.004829474870954460e-03,8.627450980392157298e-01,7.843137254901960675e-02
1.004831474870897896e-03,8.627450980392157298e-01,-1.568627450980392135e-01
1.004833474870841332e-03,9.411764705882352811e-01,3.921568627450980338e-02
1.004835474870784768e-03,8.627450980392157298e-01,3.921568627450980338e-02
1.004837474870728204e-03,9.411764705882352811e-01,-1.960784313725490169e-01
1.004839474870671641e-03,9.019607843137255054e-01,1.568627450980392135e-01
1.004841474870615077e-03,9.411764705882352811e-01,-7.843137254901960675e-02
1.004843474870558513e-03,8.627450980392157298e-01,0.000000000000000000e+00
1.004845474870501949e-03,8.627450980392157298e-01,3.921568627450980338e-02
1.004847474870445385e-03,9.411764705882352811e-01,-3.921568627450980338e-02
1.004849474870388821e-03,9.411764705882352811e-01,7.843137254901960675e-02
1.004851474870332257e-03,8.627450980392157298e-01,0.000000000000000000e+00
1.004853474870275694e-03,9.019607843137255054e-01,3.921568627450980338e-02
1.004855474870219130e-03,9.019607843137255054e-01,3.921568627450980338e-02
1.004857474870162566e-03,9.411764705882352811e-01,-7.843137254901960675e-02
1.004859474870106002e-03,8.627450980392157298e-01,1.568627450980392135e-01
1.004861474870049438e-03,9.019607843137255054e-01,-1.568627450980392135e-01
1.004863474869992874e-03,9.019607843137255054e-01,1.176470588235294101e-01
1.004865474869936310e-03,9.411764705882352811e-01,3.921568627450980338e-02
1.004867474869879746e-03,8.627450980392157298e-01,-7.843137254901960675e-02
1.004869474869823183e-03,8.627450980392157298e-01,1.176470588235294101e-01
1.004871474869766619e-03,9.019607843137255054e-01,-1.568627450980392135e-01
1.004873474869710055e-03,9.411764705882352811e-01,0.000000000000000000e+00
1.004875474869653491e-03,8.627450980392157298e-01,3.921568627450980338e-02
1.004877474869596927e-03,9.019607843137255054e-01,-1.960784313725490169e-01
1.004879474869540363e-03,9.019607843137255054e-01,1.568627450980392135e-01
1.004881474869483799e-03,9.411764705882352811e-01,-7.843137254901960675e-02
1.004883474869427236e-03,8.627450980392157298e-01,0.000000000000000000e+00
1.004885474869370672e-03,9.019607843137255054e-01,3.921568627450980338e-02
1.004887474869314108e-03,9.019607843137255054e-01,-3.921568627450980338e-02
1.004889474869257544e-03,9.411764705882352811e-01,1.176470588235294101e-01
1.004891474869200980e-03,8.627450980392157298e-01,-7.843137254901960675e-02
1.004893474869144416e-03,8.627450980392157298e-01,7.843137254901960675e-02
1.004895474869087852e-03,9.411764705882352811e-01,7.843137254901960675e-02
1.004897474869031289e-03,9.411764705882352811e-01,-7.843137254901960675e-02
1.004899474868974725e-03,8.235294117647058432e-01,1.568627450980392135e-01
1.004901474868918161e-03,8.627450980392157298e-01,-1.568627450980392135e-01
1.004903474868861597e-03,9.019607843137255054e-01,1.176470588235294101e-01
1.004905474868805033e-03,9.411764705882352811e-01,3.921568627450980338e-02
1.004907474868748469e-03,8.627450980392157298e-01,-3.921568627450980338e-02
1.004909474868691905e-03,8.627450980392157298e-01,1.176470588235294101e-01
1.004911474868635341e-03,9.019607843137255054e-01,-7.843137254901960675e-02
1.004913474868578778e-03,9.411764705882352811e-01,3.921568627450980338e-02
1.004915474868522214e-03,8.627450980392157298e-01,7.843137254901960675e-02
1.004917474868465650e-03,8.627450980392157298e-01,-1.960784313725490169e-01
1.004919474868409086e-03,8.627450980392157298e-01,1.176470588235294101e-01
1.004921474868352522e-03,9.411764705882352811e-01,-7.843137254901960675e-02
1.004923474868295958e-03,8.627450980392157298e-01,0.000000000000000000e+00
1.004925474868239394e-03,9.019607843137255054e-01,3.921568627450980338e-02
1.004927474868182831e-03,9.411764705882352811e-01,-3.921568627450980338e-02
1.004929474868126267e-03,9.019607843137255054e-01,1.176470588235294101e-01
1.004931474868069703e-03,8.627450980392157298e-01,-7.843137254901960675e-02
1.004933474868013139e-03,9.019607843137255054e-01,7.843137254901960675e-02
1.004935474867956575e-03,8.627450980392157298e-01,3.921568627450980338e-02
1.004937474867900011e-03,9.411764705882352811e-01,-7.843137254901960675e-02
1.004939474867843447e-03,8.235294117647058432e-01,1.568627450980392135e-01
1.004941474867786884e-03,9.019607843137255054e-01,-7.843137254901960675e-02
1.004943474867730320e-03,9.019607843137255054e-01,1.568627450980392135e-01
1.004945474867673756e-03,9.411764705882352811e-01,0.000000000000000000e+00
1.004947474867617192e-03,8.627450980392157298e-01,-7.843137254901960675e-02
1.004949474867560628e-03,8.627450980392157298e-01,7.843137254901960675e-02
1.004951474867504064e-03,9.019607843137255054e-01,-7.843137254901960675e-02
1.004953474867447500e-03,9.411764705882352811e-01,7.843137254901960675e-02
1.004955474867390936e-03,8.235294117647058432e-01,3.921568627450980338e-02
1.004957474867334373e-03,8.627450980392157298e-01,-1.960784313725490169e-01
1.004959474867277809e-03,9.019607843137255054e-01,1.568627450980392135e-01
1.004961474867221245e-03,9.411764705882352811e-01,-7.843137254901960675e-02
1.004963474867164681e-03,8.235294117647058432e-01,0.000000000000000000e+00
1.004965474867108117e-03,8.235294117647058432e-01,3.921568627450980338e-02
1.004967474867051553e-03,9.019607843137255054e-01,1.176470588235294101e-01
1.004969474866994989e-03,9.411764705882352811e-01,1.411764705882353033e+00
1.004971474866938426e-03,8.235294117647058432e-01,2.823529411764705621e+00
1.004973474866881862e-03,9.019607843137255054e-01,3.843137254901960453e+00
1.004975474866825298e-03,8.627450980392157298e-01,4.235294117647058876e+00
1.004977474866768734e-03,9.019607843137255054e-01,3.764705882352941124e+00
1.004979474866712170e-03,8.235294117647058432e-01,3.450980392156862475e+00
1.004981474866655606e-03,9.803921568627450567e-01,2.862745098039215286e+00
1.004983474866599042e-03,9.411764705882352811e-01,3.215686274509803599e+00
1.004985474866542479e-03,9.411764705882352811e-01,3.333333333333333037e+00
1.004987474866485915e-03,9.019607843137255054e-01,3.098039215686274161e+00
1.004989474866429351e-03,9.019607843137255054e-01,3.333333333333333037e+00
1.004991474866372787e-03,9.019607843137255054e-01,3.215686274509803599e+00
1.004993474866316223e-03,9.411764705882352811e-01,3.215686274509803599e+00
1.004995474866259659e-03,8.627450980392157298e-01,3.372549019607843146e+00
1.004997474866203095e-03,9.411764705882352811e-01,3.215686274509803599e+00
1.004999474866146532e-03,9.411764705882352811e-01,3.294117647058823373e+00
1.005001474866089968e-03,9.411764705882352811e-01,3.058823529411764497e+00
1.005003474866033404e-03,8.627450980392157298e-01,3.294117647058823373e+00
1.005005474865976840e-03,8.627450980392157298e-01,3.294117647058823373e+00
1.005007474865920276e-03,9.019607843137255054e-01,3.176470588235293935e+00
1.005009474865863712e-03,9.411764705882352811e-01,3.372549019607843146e+00
1.005011474865807148e-03,8.627450980392157298e-01,3.215686274509803599e+00
1.005013474865750584e-03,8.627450980392157298e-01,3.294117647058823373e+00
1.005015474865694021e-03,9.411764705882352811e-01,3.294117647058823373e+00
1.005017474865637457e-03,9.411764705882352811e-01,3.137254901960784270e+00
1.005019474865580893e-03,8.627450980392157298e-01,3.372549019607843146e+00
1.005021474865524329e-03,9.019607843137255054e-01,3.137254901960784270e+00
1.005023474865467765e-03,9.411764705882352811e-01,3.294117647058823373e+00
1.005025474865411201e-03,9.411764705882352811e-01,3.254901960784313708e+00
1.005027474865354637e-03,8.627450980392157298e-01,3.137254901960784270e+00
1.005029474865298074e-03,8.627450980392157298e-01,3.294117647058823373e+00
1.005031474865241510e-03,8.627450980392157298e-01,3.137254901960784270e+00
1.005033474865184946e-03,9.019607843137255054e-01,3.254901960784313708e+00
1.005035474865128382e-03,8.627450980392157298e-01,3.333333333333333037e+00
1.005037474865071818e-03,9.019607843137255054e-01,3.137254901960784270e+00
1.005039474865015254e-03,9.411764705882352811e-01,3.372549019607843146e+00
1.005041474864958690e-03,9.411764705882352811e-01,3.137254901960784270e+00
1.005043474864902127e-03,8.627450980392157298e-01,3.294117647058823373e+00
1.005045474864845563e-03,9.411764705882352811e-01,3.215686274509803599e+00
1.005047474864788999e-03,9.019607843137255054e-01,3.176470588235293935e+00
1.005049474864732435e-03,9.411764705882352811e-01,3.372549019607843146e+00
1.005051474864675871e-03,8.235294117647058432e-01,3.176470588235293935e+00
1.005053474864619307e-03,9.019607843137255054e-01,3.294117647058823373e+00
1.005055474864562743e-03,9.019607843137255054e-01,3.294117647058823373e+00
1.005057474864506179e-03,9.411764705882352811e-01,3.137254901960784270e+00
1.005059474864449616e-03,8.235294117647058432e-01,3.333333333333333037e+00
1.005061474864393052e-03,9.019607843137255054e-01,3.098039215686274161e+00
1.005063474864336488e-03,9.019607843137255054e-01,3.254901960784313708e+00
1.005065474864279924e-03,9.411764705882352811e-01,3.215686274509803599e+00
1.005067474864223360e-03,8.627450980392157298e-01,3.176470588235293935e+00
1.005069474864166796e-03,8.627450980392157298e-01,3.333333333333333037e+00
1.005071474864110232e-03,9.019607843137255054e-01,3.137254901960784270e+00
1.005073474864053669e-03,9.411764705882352811e-01,3.254901960784313708e+00
1.005075474863997105e-03,8.235294117647058432e-01,3.333333333333333037e+00
1.005077474863940541e-03,9.411764705882352811e-01,3.137254901960784270e+00
1.005079474863883977e-03,9.019607843137255054e-01,3.333333333333333037e+00
1.005081474863827413e-03,9.411764705882352811e-01,3.176470588235293935e+00
1.005083474863770849e-03,8.627450980392157298e-01,3.294117647058823373e+00
1.005085474863714285e-03,9.019607843137255054e-01,3.254901960784313708e+00
1.005087474863657722e-03,9.411764705882352811e-01,3.137254901960784270e+00
1.005089474863601158e-03,9.411764705882352811e-01,3.333333333333333037e+00
1.005091474863544594e-03,8.627450980392157298e-01,3.137254901960784270e+00
1.005093474863488030e-03,9.019607843137255054e-01,3.254901960784313708e+00
1.005095474863431466e-03,9.019607843137255054e-01,3.294117647058823373e+00
1.005097474863374902e-03,9.411764705882352811e-01,3.098039215686274161e+00
1.005099474863318338e-03,8.627450980392157298e-01,3.372549019607843146e+00
1.005101474863261775e-03,8.627450980392157298e-01,3.137254901960784270e+00
1.005103474863205211e-03,9.019607843137255054e-01,2.627450980392156854e+00
1.005105474863148647e-03,9.411764705882352811e-01,9.019607843137253944e-01
1.005107474863092083e-03,9.019607843137255054e-01,-1.960784313725490169e-01
1.005109474863035519e-03,8.627450980392157298e-01,-9.019607843137253944e-01
1.005111474862978955e-03,9.019607843137255054e-01,-7.843137254901959565e-01
1.005113474862922391e-03,9.411764705882352811e-01,-3.529411764705882582e-01
1.005115474862865827e-03,8.627450980392157298e-01,3.137254901960784270e-01
1.005117474862809264e-03,8.235294117647058432e-01,7.843137254901960675e-02
1.005119474862752700e-03,9.019607843137255054e-01,1.176470588235294101e-01
1.005121474862696136e-03,9.411764705882352811e-01,-3.921568627450980338e-02
1.005123474862639572e-03,8.235294117647058432e-01,7.843137254901960675e-02
1.005125474862583008e-03,8.627450980392157298e-01,-1.568627450980392135e-01
1.005127474862526444e-03,9.019607843137255054e-01,-7.843137254901960675e-02
1.005129474862469880e-03,9.411764705882352811e-01,7.843137254901960675e-02
1.005131474862413317e-03,8.235294117647058432e-01,-1.568627450980392135e-01
1.005133474862356753e-03,9.019607843137255054e-01,5.490196078431373028e-01
1.005135474862300189e-03,9.019607843137255054e-01,2.352941176470587870e+00
1.005137474862243625e-03,8.627450980392157298e-01,3.254901960784313708e+00
1.005139474862187061e-03,8.627450980392157298e-01,4.235294117647058876e+00
1.005141474862130497e-03,9.019607843137255054e-01,3.960784313725489891e+00
1.005143474862073933e-03,8.627450980392157298e-01,3.607843137254901578e+00
1.005145474862017370e-03,9.411764705882352811e-01,3.058823529411764497e+00
1.005147474861960806e-03,9.019607843137255054e-01,2.901960784313725394e+00
1.005149474861904242e-03,9.019607843137255054e-01,3.333333333333333037e+00
1.005151474861847678e-03,8.627450980392157298e-01,3.137254901960784270e+00
1.005153474861791114e-03,9.803921568627450567e-01,3.176470588235293935e+00
1.005155474861734550e-03,8.627450980392157298e-01,3.372549019607843146e+00
1.005157474861677986e-03,9.019607843137255054e-01,3.137254901960784270e+00
1.005159474861621422e-03,9.411764705882352811e-01,3.372549019607843146e+00
1.005161474861564859e-03,9.411764705882352811e-01,3.254901960784313708e+00
1.005163474861508295e-03,8.627450980392157298e-01,3.294117647058823373e+00
1.005165474861451731e-03,9.019607843137255054e-01,3.137254901960784270e+00
1.005167474861395167e-03,9.411764705882352811e-01,3.176470588235293935e+00
1.005169474861338603e-03,9.411764705882352811e-01,3.372549019607843146e+00
1.005171474861282039e-03,8.627450980392157298e-01,3.176470588235293935e+00
1.005173474861225475e-03,9.019607843137255054e-01,3.294117647058823373e+00
1.005175474861168912e-03,9.019607843137255054e-01,3.294117647058823373e+00
1.005177474861112348e-03,9.411764705882352811e-01,3.137254901960784270e+00
1.005179474861055784e-03,8.627450980392157298e-01,3.333333333333333037e+00
1.005181474860999220e-03,8.627450980392157298e-01,3.137254901960784270e+00
1.005183474860942656e-03,9.019607843137255054e-01,3.294117647058823373e+00
1.005185474860886092e-03,9.411764705882352811e-01,3.254901960784313708e+00
1.005187474860829528e-03,8.627450980392157298e-01,3.176470588235293935e+00
1.005189474860772965e-03,8.627450980392157298e-01,3.333333333333333037e+00
1.005191474860716401e-03,8.627450980392157298e-01,3.176470588235293935e+00
1.005193474860659837e-03,9.411764705882352811e-01,3.215686274509803599e+00
1.005195474860603273e-03,8.627450980392157298e-01,3.333333333333333037e+00
1.005197474860546709e-03,9.019607843137255054e-01,3.098039215686274161e+00
1.005199474860490145e-03,9.019607843137255054e-01,3.372549019607843146e+00
1.005201474860433581e-03,9.019607843137255054e-01,3.176470588235293935e+00
1.005203474860377017e-03,8.627450980392157298e-01,3.294117647058823373e+00
1.005205474860320454e-03,8.627450980392157298e-01,3.254901960784313708e+00
1.005207474860263890e-03,9.019607843137255054e-01,3.137254901960784270e+00
1.005209474860207326e-03,9.411764705882352811e-01,3.372549019607843146e+00
1.005211474860150762e-03,8.235294117647058432e-01,3.137254901960784270e+00
1.005213474860094198e-03,8.627450980392157298e-01,3.294117647058823373e+00
1.005215474860037634e-03,9.019607843137255054e-01,3.254901960784313708e+00
1.005217474859981070e-03,9.411764705882352811e-01,3.137254901960784270e+00
1.005219474859924507e-03,8.627450980392157298e-01,3.333333333333333037e+00
1.005221474859867943e-03,9.019607843137255054e-01,3.098039215686274161e+00
1.005223474859811379e-03,9.019607843137255054e-01,3.254901960784313708e+00
1.005225474859754815e-03,9.411764705882352811e-01,3.254901960784313708e+00
1.005227474859698251e-03,8.627450980392157298e-01,3.137254901960784270e+00
1.005229474859641687e-03,8.627450980392157298e-01,3.333333333333333037e+00
1.005231474859585123e-03,9.411764705882352811e-01,3.176470588235293935e+00
1.005233474859528560e-03,9.411764705882352811e-01,3.215686274509803599e+00
1.005235474859471996e-03,8.627450980392157298e-01,3.294117647058823373e+00
1.005237474859415432e-03,8.627450980392157298e-01,3.137254901960784270e+00
1.005239474859358868e-03,9.019607843137255054e-01,3.372549019607843146e+00
1.005241474859302304e-03,9.411764705882352811e-01,3.176470588235293935e+00
1.005243474859245740e-03,8.627450980392157298e-01,3.294117647058823373e+00
1.005245474859189176e-03,9.019607843137255054e-01,3.254901960784313708e+00
1.005247474859132613e-03,9.411764705882352811e-01,3.176470588235293935e+00
1.005249474859076049e-03,9.019607843137255054e-01,3.372549019607843146e+00
1.005251474859019485e-03,8.627450980392157298e-01,3.137254901960784270e+00
1.005253474858962921e-03,8.627450980392157298e-01,3.254901960784313708e+00
1.005255474858906357e-03,9.019607843137255054e-01,3.294117647058823373e+00
1.005257474858849793e-03,9.411764705882352811e-01,3.137254901960784270e+00
1.005259474858793229e-03,8.235294117647058432e-01,3.333333333333333037e+00
1.005261474858736665e-03,9.411764705882352811e-01,3.137254901960784270e+00
1.005263474858680102e-03,9.411764705882352811e-01,3.254901960784313708e+00
1.005265474858623538e-03,9.411764705882352811e-01,3.294117647058823373e+00
1.005267474858566974e-03,8.235294117647058432e-01,3.176470588235293935e+00
1.005269474858510410e-03,8.627450980392157298e-01,3.333333333333333037e+00
1.005271474858453846e-03,9.019607843137255054e-01,3.137254901960784270e+00
1.005273474858397282e-03,9.411764705882352811e-01,2.705882352941176183e+00
1.005275474858340718e-03,8.627450980392157298e-01,1.019607843137255054e+00
1.005277474858284155e-03,9.411764705882352811e-01,-2.352941176470588203e-01
1.005279474858227591e-03,8.627450980392157298e-01,-7.843137254901959565e-01
1.005281474858171027e-03,9.803921568627450567e-01,-7.450980392156862919e-01
1.005283474858114463e-03,8.627450980392157298e-01,-3.529411764705882582e-01
1.005285474858057899e-03,8.235294117647058432e-01,2.745098039215685959e-01
1.005287474858001335e-03,9.019607843137255054e-01,3.921568627450980338e-02
1.005289474857944771e-03,9.019607843137255054e-01,7.843137254901960675e-02
1.005291474857888208e-03,8.627450980392157298e-01,0.000000000000000000e+00
1.005293474857831644e-03,8.627450980392157298e-01,7.843137254901960675e-02
1.005295474857775080e-03,8.627450980392157298e-01,-7.843137254901960675e-02
1.005297474857718516e-03,9.411764705882352811e-01,-7.843137254901960675e-02
1.005299474857661952e-03,8.235294117647058432e-01,1.176470588235294101e-01
1.005301474857605388e-03,9.019607843137255054e-01,-1.960784313725490169e-01
1.005303474857548824e-03,9.019607843137255054e-01,7.843137254901960675e-02
1.005305474857492260e-03,9.411764705882352811e-01,1.176470588235294101e-01
1.005307474857435697e-03,8.627450980392157298e-01,-3.921568627450980338e-02
1.005309474857379133e-03,8.235294117647058432e-01,7.843137254901960675e-02
1.005311474857322569e-03,9.411764705882352811e-01,-1.568627450980392135e-01
1.005313474857266005e-03,9.411764705882352811e-01,-3.921568627450980338e-02
1.005315474857209441e-03,8.627450980392157298e-01,0.000000000000000000e+00
1.005317474857152877e-03,9.019607843137255054e-01,-1.568627450980392135e-01
1.005319474857096313e-03,9.019607843137255054e-01,1.568627450980392135e-01
1.005321474857039750e-03,9.411764705882352811e-01,-7.843137254901960675e-02
1.005323474856983186e-03,8.627450980392157298e-01,0.000000000000000000e+00
1.005325474856926622e-03,8.235294117647058432e-01,3.921568627450980338e-02
1.005327474856870058e-03,9.019607843137255054e-01,-3.921568627450980338e-02
1.005329474856813494e-03,9.019607843137255054e-01,7.843137254901960675e-02
1.005331474856756930e-03,8.627450980392157298e-01,-7.843137254901960675e-02
1.005333474856700366e-03,9.019607843137255054e-01,7.843137254901960675e-02
1.005335474856643803e-03,9.019607843137255054e-01,3.921568627450980338e-02
1.005337474856587239e-03,9.411764705882352811e-01,-7.843137254901960675e-02
1.005339474856530675e-03,8.235294117647058432e-01,7.843137254901960675e-02
1.005341474856474111e-03,9.019607843137255054e-01,-1.568627450980392135e-01
1.005343474856417547e-03,9.411764705882352811e-01,1.176470588235294101e-01
1.005345474856360983e-03,9.411764705882352811e-01,0.000000000000000000e+00
1.005347474856304419e-03,8.627450980392157298e-01,-1.568627450980392135e-01
1.005349474856247856e-03,8.235294117647058432e-01,1.568627450980392135e-01
1.005351474856191292e-03,9.019607843137255054e-01,-7.843137254901960675e-02
1.005353474856134728e-03,9.411764705882352811e-01,7.843137254901960675e-02
1.005355474856078164e-03,8.235294117647058432e-01,7.843137254901960675e-02
1.005357474856021600e-03,8.627450980392157298e-01,-1.568627450980392135e-01
1.005359474855965036e-03,9.019607843137255054e-01,1.568627450980392135e-01
1.005361474855908472e-03,9.411764705882352811e-01,-7.843137254901960675e-02
1.005363474855851908e-03,8.627450980392157298e-01,3.921568627450980338e-02
1.005365474855795345e-03,8.627450980392157298e-01,3.921568627450980338e-02
1.005367474855738781e-03,9.019607843137255054e-01,-3.921568627450980338e-02
1.005369474855682217e-03,9.411764705882352811e-01,7.843137254901960675e-02
1.005371474855625653e-03,8.627450980392157298e-01,-7.843137254901960675e-02
1.005373474855569089e-03,8.627450980392157298e-01,3.921568627450980338e-02
1.005375474855512525e-03,8.627450980392157298e-01,0.000000000000000000e+00
1.005377474855455961e-03,9.411764705882352811e-01,-1.568627450980392135e-01
1.005379474855399398e-03,8.235294117647058432e-01,1.176470588235294101e-01
1.005381474855342834e-03,9.019607843137255054e-01,-1.568627450980392135e-01
1.005383474855286270e-03,9.019607843137255054e-01,1.176470588235294101e-01
1.005385474855229706e-03,9.411764705882352811e-01,0.000000000000000000e+00
1.005387474855173142e-03,8.627450980392157298e-01,-7.843137254901960675e-02
1.005389474855116578e-03,8.627450980392157298e-01,1.176470588235294101e-01
1.005391474855060014e-03,9.019607843137255054e-01,-7.843137254901960675e-02
1.005393474855003451e-03,9.803921568627450567e-01,3.921568627450980338e-02
1.005395474854946887e-03,8.627450980392157298e-01,3.921568627450980338e-02
1.005397474854890323e-03,9.019607843137255054e-01,-1.568627450980392135e-01
1.005399474854833759e-03,8.627450980392157298e-01,1.568627450980392135e-01
1.005401474854777195e-03,9.411764705882352811e-01,-3.921568627450980338e-02
1.005403474854720631e-03,8.235294117647058432e-01,0.000000000000000000e+00
1.005405474854664067e-03,8.627450980392157298e-01,3.921568627450980338e-02
1.005407474854607503e-03,9.019607843137255054e-01,-3.921568627450980338e-02
1.005409474854550940e-03,9.411764705882352811e-01,7.843137254901960675e-02
1.005411474854494376e-03,8.235294117647058432e-01,-3.921568627450980338e-02
1.005413474854437812e-03,8.627450980392157298e-01,3.921568627450980338e-02
1.005415474854381248e-03,9.019607843137255054e-01,0.000000000000000000e+00
1.005417474854324684e-03,9.411764705882352811e-01,-1.568627450980392135e-01
1.005419474854268120e-03,8.627450980392157298e-01,7.843137254901960675e-02
1.005421474854211556e-03,8.627450980392157298e-01,-1.568627450980392135e-01
1.005423474854154993e-03,9.019607843137255054e-01,7.843137254901960675e-02
1.005425474854098429e-03,9.019607843137255054e-01,0.000000000000000000e+00
1.005427474854041865e-03,8.627450980392157298e-01,-7.843137254901960675e-02
1.005429474853985301e-03,8.627450980392157298e-01,7.843137254901960675e-02
1.005431474853928737e-03,9.019607843137255054e-01,-7.843137254901960675e-02
1.005433474853872173e-03,9.411764705882352811e-01,3.921568627450980338e-02
1.005435474853815609e-03,8.235294117647058432e-01,7.843137254901960675e-02
1.005437474853759046e-03,9.019607843137255054e-01,-1.568627450980392135e-01
1.005439474853702482e-03,9.019607843137255054e-01,1.568627450980392135e-01
1.005441474853645918e-03,9.411764705882352811e-01,-3.921568627450980338e-02
1.005443474853589354e-03,8.627450980392157298e-01,0.000000000000000000e+00
1.005445474853532790e-03,8.235294117647058432e-01,7.843137254901960675e-02
1.005447474853476226e-03,9.411764705882352811e-01,0.000000000000000000e+00
1.005449474853419662e-03,9.411764705882352811e-01,1.176470588235294101e-01
1.005451474853363098e-03,8.627450980392157298e-01,-3.921568627450980338e-02
1.005453474853306535e-03,8.627450980392157298e-01,7.843137254901960675e-02
1.005455474853249971e-03,9.019607843137255054e-01,3.921568627450980338e-02
1.005457474853193407e-03,9.411764705882352811e-01,-7.843137254901960675e-02
1.005459474853136843e-03,8.235294117647058432e-01,1.176470588235294101e-01
1.005461474853080279e-03,9.019607843137255054e-01,-1.568627450980392135e-01
1.005463474853023715e-03,9.019607843137255054e-01,7.843137254901960675e-02
1.005465474852967151e-03,9.411764705882352811e-01,3.921568627450980338e-02
1.005467474852910588e-03,8.627450980392157298e-01,-7.843137254901960675e-02
1.005469474852854024e-03,9.019607843137255054e-01,1.176470588235294101e-01
1.005471474852797460e-03,9.019607843137255054e-01,-1.568627450980392135e-01
1.005473474852740896e-03,9.411764705882352811e-01,3.921568627450980338e-02
1.005475474852684332e-03,8.627450980392157298e-01,7.843137254901960675e-02
1.005477474852627768e-03,9.019607843137255054e-01,-1.568627450980392135e-01
1.005479474852571204e-03,9.019607843137255054e-01,1.568627450980392135e-01
1.005481474852514641e-03,9.411764705882352811e-01,-3.921568627450980338e-02
1.005483474852458077e-03,8.235294117647058432e-01,0.000000000000000000e+00
1.005485474852401513e-03,8.627450980392157298e-01,0.000000000000000000e+00
1.005487474852344949e-03,9.411764705882352811e-01,-3.921568627450980338e-02
1.005489474852288385e-03,9.411764705882352811e-01,1.176470588235294101e-01
1.005491474852231821e-03,8.235294117647058432e-01,-7.843137254901960675e-02
1.005493474852175257e-03,9.019607843137255054e-01,3.921568627450980338e-02
1.005495474852118694e-03,9.411764705882352811e-01,0.000000000000000000e+00
1.005497474852062130e-03,9.411764705882352811e-01,-7.843137254901960675e-02
1.005499474852005566e-03,8.627450980392157298e-01,7.843137254901960675e-02
1.005501474851949002e-03,9.019607843137255054e-01,-1.568627450980392135e-01
1.005503474851892438e-03,9.019607843137255054e-01,1.176470588235294101e-01
1.005505474851835874e-03,9.411764705882352811e-01,3.921568627450980338e-02
1.005507474851779310e-03,9.019607843137255054e-01,-7.843137254901960675e-02
1.005509474851722746e-03,8.235294117647058432e-01,1.176470588235294101e-01
1.005511474851666183e-03,9.019607843137255054e-01,-7.843137254901960675e-02
1.005513474851609619e-03,9.411764705882352811e-01,3.921568627450980338e-02
1.005515474851553055e-03,8.627450980392157298e-01,7.843137254901960675e-02
1.005517474851496491e-03,8.627450980392157298e-01,-1.960784313725490169e-01
1.005519474851439927e-03,9.019607843137255054e-01,1.568627450980392135e-01
1.005521474851383363e-03,9.411764705882352811e-01,-3.921568627450980338e-02
1.005523474851326799e-03,8.235294117647058432e-01,0.000000000000000000e+00
1.005525474851270236e-03,8.627450980392157298e-01,3.921568627450980338e-02
1.005527474851213672e-03,9.019607843137255054e-01,0.000000000000000000e+00
1.005529474851157108e-03,9.411764705882352811e-01,7.843137254901960675e-02
1.005531474851100544e-03,9.019607843137255054e-01,-7.843137254901960675e-02
1.005533474851043980e-03,8.627450980392157298e-01,7.843137254901960675e-02
1.005535474850987416e-03,9.019607843137255054e-01,7.843137254901960675e-02
1.005537474850930852e-03,9.411764705882352811e-01,-7.843137254901960675e-02
1.005539474850874289e-03,8.627450980392157298e-01,7.843137254901960675e-02
1.005541474850817725e-03,9.019607843137255054e-01,-1.568627450980392135e-01
1.005543474850761161e-03,9.019607843137255054e-01,7.843137254901960675e-02
1.005545474850704597e-03,9.019607843137255054e-01,3.921568627450980338e-02
1.005547474850648033e-03,8.627450980392157298e-01,-7.843137254901960675e-02
1.005549474850591469e-03,8.235294117647058432e-01,1.176470588235294101e-01
1.005551474850534905e-03,9.019607843137255054e-01,-1.568627450980392135e-01
1.005553474850478341e-03,9.411764705882352811e-01,0.000000000000000000e+00
1.005555474850421778e-03,8.627450980392157298e-01,3.921568627450980338e-02
1.005557474850365214e-03,9.019607843137255054e-01,-1.960784313725490169e-01
1.005559474850308650e-03,8.627450980392157298e-01,1.176470588235294101e-01
1.005561474850252086e-03,9.411764705882352811e-01,-7.843137254901960675e-02
1.005563474850195522e-03,8.627450980392157298e-01,0.000000000000000000e+00
1.005565474850138958e-03,8.627450980392157298e-01,3.921568627450980338e-02
1.005567474850082394e-03,9.411764705882352811e-01,0.000000000000000000e+00
1.005569474850025831e-03,9.019607843137255054e-01,7.843137254901960675e-02
1.005571474849969267e-03,8.627450980392157298e-01,-3.921568627450980338e-02
1.005573474849912703e-03,8.627450980392157298e-01,7.843137254901960675e-02
1.005575474849856139e-03,8.627450980392157298e-01,7.843137254901960675e-02
1.005577474849799575e-03,9.411764705882352811e-01,-7.843137254901960675e-02
1.005579474849743011e-03,8.235294117647058432e-01,7.843137254901960675e-02
1.005581474849686447e-03,9.411764705882352811e-01,-1.568627450980392135e-01
1.005583474849629884e-03,9.019607843137255054e-01,7.843137254901960675e-02
1.005585474849573320e-03,9.411764705882352811e-01,3.921568627450980338e-02
1.005587474849516756e-03,9.019607843137255054e-01,-1.568627450980392135e-01
1.005589474849460192e-03,9.019607843137255054e-01,1.176470588235294101e-01
1.005591474849403628e-03,9.019607843137255054e-01,-3.921568627450980338e-02
1.005593474849347064e-03,9.019607843137255054e-01,3.921568627450980338e-02
1.005595474849290500e-03,8.627450980392157298e-01,7.843137254901960675e-02
1.005597474849233936e-03,9.019607843137255054e-01,-1.568627450980392135e-01
1.005599474849177373e-03,9.019607843137255054e-01,1.568627450980392135e-01
1.005601474849120809e-03,9.411764705882352811e-01,-7.843137254901960675e-02
1.005603474849064245e-03,8.627450980392157298e-01,0.000000000000000000e+00
1.005605474849007681e-03,8.627450980392157298e-01,3.921568627450980338e-02
1.005607474848951117e-03,9.411764705882352811e-01,-3.921568627450980338e-02
1.005609474848894553e-03,9.411764705882352811e-01,1.176470588235294101e-01
1.005611474848837989e-03,8.627450980392157298e-01,-3.921568627450980338e-02
1.005613474848781426e-03,9.019607843137255054e-01,3.921568627450980338e-02
1.005615474848724862e-03,9.019607843137255054e-01,0.000000000000000000e+00
1.005617474848668298e-03,9.411764705882352811e-01,-1.568627450980392135e-01
1.005619474848611734e-03,8.627450980392157298e-01,1.176470588235294101e-01
1.005621474848555170e-03,8.627450980392157298e-01,-1.568627450980392135e-01
1.005623474848498606e-03,9.019607843137255054e-01,1.176470588235294101e-01
1.005625474848442042e-03,9.411764705882352811e-01,3.921568627450980338e-02
1.005627474848385479e-03,8.627450980392157298e-01,-7.843137254901960675e-02
1.005629474848328915e-03,8.627450980392157298e-01,1.176470588235294101e-01
1.005631474848272351e-03,9.019607843137255054e-01,-7.843137254901960675e-02
1.005633474848215787e-03,9.411764705882352811e-01,3.921568627450980338e-02
1.005635474848159223e-03,8.627450980392157298e-01,3.921568627450980338e-02
1.005637474848102659e-03,9.411764705882352811e-01,-1.960784313725490169e-01
1.005639474848046095e-03,9.019607843137255054e-01,1.176470588235294101e-01
1.005641474847989532e-03,9.411764705882352811e-01,-7.843137254901960675e-02
1.005643474847932968e-03,8.235294117647058432e-01,3.921568627450980338e-02
1.005645474847876404e-03,9.019607843137255054e-01,3.921568627450980338e-02
1.005647474847819840e-03,9.411764705882352811e-01,-3.921568627450980338e-02
1.005649474847763276e-03,9.411764705882352811e-01,1.176470588235294101e-01
1.005651474847706712e-03,8.235294117647058432e-01,-7.843137254901960675e-02
1.005653474847650148e-03,8.627450980392157298e-01,3.921568627450980338e-02
1.005655474847593584e-03,9.019607843137255054e-01,0.000000000000000000e+00
1.005657474847537021e-03,9.411764705882352811e-01,-7.843137254901960675e-02
1.005659474847480457e-03,8.235294117647058432e-01,1.568627450980392135e-01
1.005661474847423893e-03,8.627450980392157298e-01,-1.568627450980392135e-01
1.005663474847367329e-03,9.019607843137255054e-01,1.176470588235294101e-01
1.005665474847310765e-03,9.411764705882352811e-01,0.000000000000000000e+00
1.005667474847254201e-03,8.627450980392157298e-01,-7.843137254901960675e-02
1.005669474847197637e-03,8.627450980392157298e-01,7.843137254901960675e-02
1.005671474847141074e-03,9.411764705882352811e-01,-7.843137254901960675e-02
1.005673474847084510e-03,9.019607843137255054e-01,3.921568627450980338e-02
1.005675474847027946e-03,8.627450980392157298e-01,3.921568627450980338e-02
1.005677474846971382e-03,9.019607843137255054e-01,-1.568627450980392135e-01
1.005679474846914818e-03,8.627450980392157298e-01,1.568627450980392135e-01
1.005681474846858254e-03,9.411764705882352811e-01,-7.843137254901960675e-02
1.005683474846801690e-03,8.235294117647058432e-01,0.000000000000000000e+00
1.005685474846745127e-03,9.019607843137255054e-01,7.843137254901960675e-02
1.005687474846688563e-03,9.019607843137255054e-01,-3.921568627450980338e-02
1.005689474846631999e-03,9.019607843137255054e-01,1.176470588235294101e-01
1.005691474846575435e-03,8.627450980392157298e-01,-7.843137254901960675e-02
1.005693474846518871e-03,9.019607843137255054e-01,3.921568627450980338e-02
1.005695474846462307e-03,8.627450980392157298e-01,3.921568627450980338e-02
1.005697474846405743e-03,9.411764705882352811e-01,-1.568627450980392135e-01
1.005699474846349179e-03,8.627450980392157298e-01,1.176470588235294101e-01
1.005701474846292616e-03,9.019607843137255054e-01,-1.568627450980392135e-01
1.005703474846236052e-03,9.411764705882352811e-01,1.176470588235294101e-01
1.005705474846179488e-03,9.411764705882352811e-01,3.921568627450980338e-02
1.005707474846122924e-03,8.235294117647058432e-01,-7.843137254901960675e-02
1.005709474846066360e-03,8.235294117647058432e-01,7.843137254901960675e-02
1.005711474846009796e-03,9.019607843137255054e-01,-7.843137254901960675e-02
1.005713474845953232e-03,9.411764705882352811e-01,3.921568627450980338e-02
1.005715474845896669e-03,8.627450980392157298e-01,0.000000000000000000e+00
1.005717474845840105e-03,9.411764705882352811e-01,-1.960784313725490169e-01
1.005719474845783541e-03,9.019607843137255054e-01,1.176470588235294101e-01
1.005721474845726977e-03,9.803921568627450567e-01,7.843137254901960675e-02
1.005723474845670413e-03,9.019607843137255054e-01,1.568627450980392135e-01
1.005725474845613849e-03,8.235294117647058432e-01,1.176470588235294101e-01
1.005727474845557285e-03,9.019607843137255054e-01,-7.843137254901960675e-02
1.005729474845500722e-03,9.411764705882352811e-01,-7.843137254901960675e-02
1.005731474845444158e-03,8.627450980392157298e-01,-2.745098039215686514e-01
1.005733474845387594e-03,8.627450980392157298e-01,3.921568627450980338e-02
1.005735474845331030e-03,8.627450980392157298e-01,7.843137254901960675e-02
1.005737474845274466e-03,9.411764705882352811e-01,-3.921568627450980338e-02
1.005739474845217902e-03,8.235294117647058432e-01,1.568627450980392135e-01
1.005741474845161338e-03,9.019607843137255054e-01,-1.960784313725490169e-01
1.005743474845104775e-03,9.019607843137255054e-01,3.921568627450980338e-02
1.005745474845048211e-03,9.411764705882352811e-01,7.843137254901960675e-02
1.005747474844991647e-03,8.627450980392157298e-01,-3.921568627450980338e-02
1.005749474844935083e-03,9.019607843137255054e-01,1.176470588235294101e-01
1.005751474844878519e-03,9.019607843137255054e-01,-3.921568627450980338e-02
1.005753474844821955e-03,9.411764705882352811e-01,0.000000000000000000e+00
1.005755474844765391e-03,8.627450980392157298e-01,0.000000000000000000e+00
1.005757474844708827e-03,8.627450980392157298e-01,-1.960784313725490169e-01
1.005759474844652264e-03,9.019607843137255054e-01,1.568627450980392135e-01
1.005761474844595700e-03,9.411764705882352811e-01,-7.843137254901960675e-02
1.005763474844539136e-03,8.627450980392157298e-01,0.000000000000000000e+00
1.005765474844482572e-03,8.235294117647058432e-01,3.921568627450980338e-02
1.005767474844426008e-03,8.627450980392157298e-01,-3.921568627450980338e-02
1.005769474844369444e-03,9.019607843137255054e-01,1.176470588235294101e-01
1.005771474844312880e-03,8.627450980392157298e-01,-7.843137254901960675e-02
1.005773474844256317e-03,9.019607843137255054e-01,3.921568627450980338e-02
1.005775474844199753e-03,9.019607843137255054e-01,7.843137254901960675e-02
1.005777474844143189e-03,9.411764705882352811e-01,-7.843137254901960675e-02
1.005779474844086625e-03,8.627450980392157298e-01,7.843137254901960675e-02
1.005781474844030061e-03,9.019607843137255054e-01,-1.568627450980392135e-01
1.005783474843973497e-03,8.627450980392157298e-01,1.176470588235294101e-01
1.005785474843916933e-03,9.019607843137255054e-01,0.000000000000000000e+00
1.005787474843860370e-03,8.627450980392157298e-01,-7.843137254901960675e-02
1.005789474843803806e-03,8.627450980392157298e-01,1.568627450980392135e-01
1.005791474843747242e-03,9.019607843137255054e-01,-3.921568627450980338e-02
1.005793474843690678e-03,9.411764705882352811e-01,3.921568627450980338e-02
1.005795474843634114e-03,8.235294117647058432e-01,7.843137254901960675e-02
1.005797474843577550e-03,9.019607843137255054e-01,-1.568627450980392135e-01
1.005799474843520986e-03,9.019607843137255054e-01,1.568627450980392135e-01
1.005801474843464422e-03,9.411764705882352811e-01,-7.843137254901960675e-02
1.005803474843407859e-03,8.627450980392157298e-01,0.000000000000000000e+00
1.005805474843351295e-03,8.627450980392157298e-01,3.921568627450980338e-02
1.005807474843294731e-03,9.019607843137255054e-01,-3.921568627450980338e-02
1.005809474843238167e-03,9.019607843137255054e-01,7.843137254901960675e-02
1.005811474843181603e-03,9.019607843137255054e-01,-7.843137254901960675e-02
1.005813474843125039e-03,9.019607843137255054e-01,3.921568627450980338e-02
1.005815474843068475e-03,9.019607843137255054e-01,3.921568627450980338e-02
1.005817474843011912e-03,9.411764705882352811e-01,-7.843137254901960675e-02
1.005819474842955348e-03,8.235294117647058432e-01,1.176470588235294101e-01
1.005821474842898784e-03,9.019607843137255054e-01,-1.568627450980392135e-01
1.005823474842842220e-03,9.019607843137255054e-01,7.843137254901960675e-02
1.005825474842785656e-03,9.411764705882352811e-01,3.921568627450980338e-02
1.005827474842729092e-03,8.627450980392157298e-01,-7.843137254901960675e-02
1.005829474842672528e-03,9.019607843137255054e-01,1.176470588235294101e-01
1.005831474842615965e-03,9.019607843137255054e-01,-1.568627450980392135e-01
1.005833474842559401e-03,9.411764705882352811e-01,3.921568627450980338e-02
1.005835474842502837e-03,8.627450980392157298e-01,7.843137254901960675e-02
1.005837474842446273e-03,9.019607843137255054e-01,-1.960784313725490169e-01
1.005839474842389709e-03,9.019607843137255054e-01,1.568627450980392135e-01
1.005841474842333145e-03,9.019607843137255054e-01,-7.843137254901960675e-02
1.005843474842276581e-03,8.627450980392157298e-01,0.000000000000000000e+00
1.005845474842220017e-03,8.235294117647058432e-01,3.921568627450980338e-02
1.005847474842163454e-03,9.019607843137255054e-01,0.000000000000000000e+00
1.005849474842106890e-03,9.019607843137255054e-01,1.176470588235294101e-01
1.005851474842050326e-03,8.627450980392157298e-01,-7.843137254901960675e-02
1.005853474841993762e-03,9.019607843137255054e-01,3.921568627450980338e-02
1.005855474841937198e-03,8.627450980392157298e-01,3.921568627450980338e-02
1.005857474841880634e-03,9.411764705882352811e-01,-7.843137254901960675e-02
1.005859474841824070e-03,8.235294117647058432e-01,1.568627450980392135e-01
1.005861474841767507e-03,9.019607843137255054e-01,-1.568627450980392135e-01
1.005863474841710943e-03,9.019607843137255054e-01,1.176470588235294101e-01
1.005865474841654379e-03,9.411764705882352811e-01,3.921568627450980338e-02
1.005867474841597815e-03,9.019607843137255054e-01,-1.568627450980392135e-01
1.005869474841541251e-03,8.627450980392157298e-01,1.176470588235294101e-01
1.005871474841484687e-03,9.411764705882352811e-01,-1.568627450980392135e-01
1.005873474841428123e-03,9.411764705882352811e-01,3.921568627450980338e-02
1.005875474841371560e-03,8.627450980392157298e-01,3.921568627450980338e-02
1.005877474841314996e-03,9.019607843137255054e-01,-1.960784313725490169e-01
1.005879474841258432e-03,9.019607843137255054e-01,1.568627450980392135e-01
1.005881474841201868e-03,9.411764705882352811e-01,-7.843137254901960675e-02
1.005883474841145304e-03,8.627450980392157298e-01,0.000000000000000000e+00
1.005885474841088740e-03,8.627450980392157298e-01,3.921568627450980338e-02
1.005887474841032176e-03,9.019607843137255054e-01,0.000000000000000000e+00
1.005889474840975613e-03,9.019607843137255054e-01,7.843137254901960675e-02
1.005891474840919049e-03,8.627450980392157298e-01,-7.843137254901960675e-02
1.005893474840862485e-03,8.627450980392157298e-01,3.921568627450980338e-02
1.005895474840805921e-03,9.019607843137255054e-01,7.843137254901960675e-02
1.005897474840749357e-03,9.411764705882352811e-01,-3.921568627450980338e-02
1.005899474840692793e-03,8.627450980392157298e-01,1.568627450980392135e-01
1.005901474840636229e-03,9.019607843137255054e-01,-7.843137254901960675e-02
1.005903474840579665e-03,9.019607843137255054e-01,7.843137254901960675e-02
1.005905474840523102e-03,9.411764705882352811e-01,0.000000000000000000e+00
1.005907474840466538e-03,8.627450980392157298e-01,-7.843137254901960675e-02
1.005909474840409974e-03,8.627450980392157298e-01,1.176470588235294101e-01
1.005911474840353410e-03,9.019607843137255054e-01,-1.568627450980392135e-01
1.005913474840296846e-03,9.411764705882352811e-01,0.000000000000000000e+00
1.005915474840240282e-03,8.235294117647058432e-01,3.921568627450980338e-02
1.005917474840183718e-03,9.019607843137255054e-01,-1.960784313725490169e-01
1.005919474840127155e-03,9.019607843137255054e-01,1.176470588235294101e-01
1.005921474840070591e-03,9.411764705882352811e-01,-7.843137254901960675e-02
1.005923474840014027e-03,8.627450980392157298e-01,0.000000000000000000e+00
1.005925474839957463e-03,8.627450980392157298e-01,3.921568627450980338e-02
1.005927474839900899e-03,9.019607843137255054e-01,-3.921568627450980338e-02
1.005929474839844335e-03,9.411764705882352811e-01,1.176470588235294101e-01
1.005931474839787771e-03,8.627450980392157298e-01,-3.921568627450980338e-02
1.005933474839731208e-03,9.019607843137255054e-01,7.843137254901960675e-02
1.005935474839674644e-03,9.019607843137255054e-01,7.843137254901960675e-02
1.005937474839618080e-03,9.411764705882352811e-01,-7.843137254901960675e-02
1.005939474839561516e-03,8.627450980392157298e-01,7.843137254901960675e-02
1.005941474839504952e-03,9.019607843137255054e-01,-1.568627450980392135e-01
1.005943474839448388e-03,9.019607843137255054e-01,7.843137254901960675e-02
1.005945474839391824e-03,9.411764705882352811e-01,0.000000000000000000e+00
1.005947474839335260e-03,8.627450980392157298e-01,-7.843137254901960675e-02
1.005949474839278697e-03,8.235294117647058432e-01,1.176470588235294101e-01
1.005951474839222133e-03,9.019607843137255054e-01,-3.921568627450980338e-02
1.005953474839165569e-03,9.411764705882352811e-01,7.843137254901960675e-02
1.005955474839109005e-03,8.627450980392157298e-01,7.843137254901960675e-02
1.005957474839052441e-03,9.411764705882352811e-01,-1.568627450980392135e-01
1.005959474838995877e-03,8.627450980392157298e-01,1.568627450980392135e-01
1.005961474838939313e-03,9.411764705882352811e-01,-7.843137254901960675e-02
1.005963474838882750e-03,8.627450980392157298e-01,0.000000000000000000e+00
1.005965474838826186e-03,9.019607843137255054e-01,7.843137254901960675e-02
1.005967474838769622e-03,9.019607843137255054e-01,-3.921568627450980338e-02
1.005969474838713058e-03,9.411764705882352811e-01,1.176470588235294101e-01
1.005971474838656494e-03,8.235294117647058432e-01,-3.921568627450980338e-02
1.005973474838599930e-03,9.019607843137255054e-01,3.921568627450980338e-02
1.005975474838543366e-03,9.019607843137255054e-01,3.921568627450980338e-02
1.005977474838486803e-03,9.803921568627450567e-01,-7.843137254901960675e-02
1.005979474838430239e-03,8.235294117647058432e-01,1.568627450980392135e-01
1.005981474838373675e-03,8.627450980392157298e-01,-1.568627450980392135e-01
1.005983474838317111e-03,9.019607843137255054e-01,7.843137254901960675e-02
1.005985474838260547e-03,9.411764705882352811e-01,3.921568627450980338e-02
1.005987474838203983e-03,8.627450980392157298e-01,-7.843137254901960675e-02
1.005989474838147419e-03,8.627450980392157298e-01,1.176470588235294101e-01
1.005991474838090856e-03,9.019607843137255054e-01,-7.843137254901960675e-02
1.005993474838034292e-03,9.411764705882352811e-01,3.921568627450980338e-02
1.005995474837977728e-03,8.627450980392157298e-01,7.843137254901960675e-02
1.005997474837921164e-03,9.019607843137255054e-01,-7.843137254901960675e-02
1.005999474837864600e-03,9.019607843137255054e-01,1.568627450980392135e-01
1.006001474837808036e-03,9.411764705882352811e-01,-3.921568627450980338e-02
1.006003474837751472e-03,8.627450980392157298e-01,0.000000000000000000e+00
1.006005474837694908e-03,8.627450980392157298e-01,3.921568627450980338e-02
1.006007474837638345e-03,9.019607843137255054e-01,-3.921568627450980338e-02
1.006009474837581781e-03,9.411764705882352811e-01,7.843137254901960675e-02
1.006011474837525217e-03,8.627450980392157298e-01,-7.843137254901960675e-02
1.006013474837468653e-03,9.019607843137255054e-01,7.843137254901960675e-02
1.006015474837412089e-03,9.019607843137255054e-01,0.000000000000000000e+00
1.006017474837355525e-03,9.411764705882352811e-01,-7.843137254901960675e-02
1.006019474837298961e-03,8.627450980392157298e-01,1.568627450980392135e-01
1.006021474837242398e-03,8.627450980392157298e-01,-1.568627450980392135e-01
1.006023474837185834e-03,9.019607843137255054e-01,1.176470588235294101e-01
1.006025474837129270e-03,9.411764705882352811e-01,3.921568627450980338e-02
1.006027474837072706e-03,9.019607843137255054e-01,-7.843137254901960675e-02
1.006029474837016142e-03,8.627450980392157298e-01,1.176470588235294101e-01
1.006031474836959578e-03,9.019607843137255054e-01,-7.843137254901960675e-02
1.006033474836903014e-03,9.411764705882352811e-01,3.921568627450980338e-02
1.006035474836846451e-03,8.627450980392157298e-01,3.921568627450980338e-02
1.006037474836789887e-03,9.019607843137255054e-01,-1.568627450980392135e-01
1.006039474836733323e-03,9.019607843137255054e-01,1.568627450980392135e-01
1.006041474836676759e-03,9.411764705882352811e-01,-7.843137254901960675e-02
1.006043474836620195e-03,8.627450980392157298e-01,0.000000000000000000e+00
1.006045474836563631e-03,8.627450980392157298e-01,3.921568627450980338e-02
1.006047474836507067e-03,9.411764705882352811e-01,-3.921568627450980338e-02
1.006049474836450503e-03,9.411764705882352811e-01,7.843137254901960675e-02
1.006051474836393940e-03,9.019607843137255054e-01,-7.843137254901960675e-02
1.006053474836337376e-03,9.019607843137255054e-01,7.843137254901960675e-02
1.006055474836280812e-03,9.411764705882352811e-01,3.921568627450980338e-02
1.006057474836224248e-03,9.803921568627450567e-01,-7.843137254901960675e-02
1.006059474836167684e-03,8.627450980392157298e-01,1.176470588235294101e-01
1.006061474836111120e-03,8.627450980392157298e-01,-1.568627450980392135e-01
1.006063474836054556e-03,8.627450980392157298e-01,7.843137254901960675e-02
1.006065474835997993e-03,9.411764705882352811e-01,0.000000000000000000e+00
1.006067474835941429e-03,8.627450980392157298e-01,-1.568627450980392135e-01
1.006069474835884865e-03,8.627450980392157298e-01,1.176470588235294101e-01
1.006071474835828301e-03,9.019607843137255054e-01,-3.921568627450980338e-02
1.006073474835771737e-03,9.803921568627450567e-01,3.921568627450980338e-02
1.006075474835715173e-03,8.627450980392157298e-01,7.843137254901960675e-02
1.006077474835658609e-03,9.019607843137255054e-01,-1.568627450980392135e-01
1.006079474835602046e-03,9.411764705882352811e-01,1.176470588235294101e-01
1.006081474835545482e-03,9.411764705882352811e-01,-7.843137254901960675e-02
1.006083474835488918e-03,8.627450980392157298e-01,0.000000000000000000e+00
1.006085474835432354e-03,8.627450980392157298e-01,7.843137254901960675e-02
1.006087474835375790e-03,9.411764705882352811e-01,0.000000000000000000e+00
1.006089474835319226e-03,9.411764705882352811e-01,1.176470588235294101e-01
1.006091474835262662e-03,8.627450980392157298e-01,-3.921568627450980338e-02
1.006093474835206098e-03,9.019607843137255054e-01,7.843137254901960675e-02
1.006095474835149535e-03,9.019607843137255054e-01,7.843137254901960675e-02
1.006097474835092971e-03,9.411764705882352811e-01,-1.568627450980392135e-01
1.006099474835036407e-03,8.235294117647058432e-01,1.568627450980392135e-01
1.006101474834979843e-03,9.019607843137255054e-01,-1.568627450980392135e-01
1.006103474834923279e-03,9.019607843137255054e-01,7.843137254901960675e-02
1.006105474834866715e-03,9.411764705882352811e-01,3.921568627450980338e-02
1.006107474834810151e-03,8.627450980392157298e-01,-7.843137254901960675e-02
1.006109474834753588e-03,8.627450980392157298e-01,1.176470588235294101e-01
1.006111474834697024e-03,9.411764705882352811e-01,-3.921568627450980338e-02
1.006113474834640460e-03,9.411764705882352811e-01,3.921568627450980338e-02
1.006115474834583896e-03,8.627450980392157298e-01,7.843137254901960675e-02
1.006117474834527332e-03,9.411764705882352811e-01,-1.960784313725490169e-01
1.006119474834470768e-03,9.411764705882352811e-01,1.176470588235294101e-01
1.006121474834414204e-03,9.411764705882352811e-01,-7.843137254901960675e-02
1.006123474834357641e-03,8.627450980392157298e-01,0.000000000000000000e+00
1.006125474834301077e-03,9.019607843137255054e-01,3.921568627450980338e-02
1.006127474834244513e-03,9.019607843137255054e-01,-3.921568627450980338e-02
1.006129474834187949e-03,9.411764705882352811e-01,7.843137254901960675e-02
1.006131474834131385e-03,8.627450980392157298e-01,-3.921568627450980338e-02
1.006133474834074821e-03,9.019607843137255054e-01,3.921568627450980338e-02
1.006135474834018257e-03,8.627450980392157298e-01,0.000000000000000000e+00
1.006137474833961694e-03,9.411764705882352811e-01,-1.568627450980392135e-01
1.006139474833905130e-03,8.627450980392157298e-01,7.843137254901960675e-02
1.006141474833848566e-03,9.019607843137255054e-01,-1.568627450980392135e-01
1.006143474833792002e-03,8.627450980392157298e-01,1.176470588235294101e-01
1.006145474833735438e-03,9.411764705882352811e-01,3.921568627450980338e-02
1.006147474833678874e-03,8.627450980392157298e-01,-7.843137254901960675e-02
1.006149474833622310e-03,9.019607843137255054e-01,1.176470588235294101e-01
1.006151474833565746e-03,9.019607843137255054e-01,-1.568627450980392135e-01
1.006153474833509183e-03,9.411764705882352811e-01,3.921568627450980338e-02
1.006155474833452619e-03,8.627450980392157298e-01,3.921568627450980338e-02
1.006157474833396055e-03,9.019607843137255054e-01,-1.568627450980392135e-01
1.006159474833339491e-03,9.411764705882352811e-01,1.176470588235294101e-01
1.006161474833282927e-03,9.411764705882352811e-01,-7.843137254901960675e-02
1.006163474833226363e-03,8.235294117647058432e-01,0.000000000000000000e+00
1.006165474833169799e-03,9.019607843137255054e-01,3.921568627450980338e-02
1.006167474833113236e-03,9.019607843137255054e-01,-3.921568627450980338e-02
1.006169474833056672e-03,9.019607843137255054e-01,1.176470588235294101e-01
1.006171474833000108e-03,8.627450980392157298e-01,-3.921568627450980338e-02
1.006173474832943544e-03,8.627450980392157298e-01,3.921568627450980338e-02
1.006175474832886980e-03,9.019607843137255054e-01,3.921568627450980338e-02
1.006177474832830416e-03,9.411764705882352811e-01,-7.843137254901960675e-02
1.006179474832773852e-03,8.235294117647058432e-01,1.568627450980392135e-01
1.006181474832717289e-03,9.019607843137255054e-01,-7.843137254901960675e-02
1.006183474832660725e-03,9.019607843137255054e-01,1.176470588235294101e-01
1.006185474832604161e-03,9.411764705882352811e-01,3.921568627450980338e-02
1.006187474832547597e-03,8.627450980392157298e-01,-7.843137254901960675e-02
1.006189474832491033e-03,8.627450980392157298e-01,1.176470588235294101e-01
1.006191474832434469e-03,9.411764705882352811e-01,-3.921568627450980338e-02
1.006193474832377905e-03,9.019607843137255054e-01,3.921568627450980338e-02
1.006195474832321341e-03,8.235294117647058432e-01,3.921568627450980338e-02
1.006197474832264778e-03,8.627450980392157298e-01,-1.568627450980392135e-01
1.006199474832208214e-03,9.019607843137255054e-01,1.568627450980392135e-01
1.006201474832151650e-03,9.411764705882352811e-01,-7.843137254901960675e-02
1.006203474832095086e-03,8.627450980392157298e-01,0.000000000000000000e+00
1.006205474832038522e-03,8.627450980392157298e-01,3.921568627450980338e-02
1.006207474831981958e-03,9.019607843137255054e-01,0.000000000000000000e+00
1.006209474831925394e-03,9.411764705882352811e-01,7.843137254901960675e-02
1.006211474831868831e-03,8.627450980392157298e-01,-3.921568627450980338e-02
1.006213474831812267e-03,9.019607843137255054e-01,3.921568627450980338e-02
1.006215474831755703e-03,9.019607843137255054e-01,0.000000000000000000e+00
1.006217474831699139e-03,9.803921568627450567e-01,-7.843137254901960675e-02
1.006219474831642575e-03,8.627450980392157298e-01,1.568627450980392135e-01
1.006221474831586011e-03,8.627450980392157298e-01,-7.843137254901960675e-02
1.006223474831529447e-03,9.411764705882352811e-01,1.176470588235294101e-01
1.006225474831472884e-03,9.411764705882352811e-01,0.000000000000000000e+00
1.006227474831416320e-03,8.235294117647058432e-01,-7.843137254901960675e-02
1.006229474831359756e-03,8.627450980392157298e-01,1.176470588235294101e-01
1.006231474831303192e-03,9.019607843137255054e-01,-7.843137254901960675e-02
1.006233474831246628e-03,9.411764705882352811e-01,0.000000000000000000e+00
1.006235474831190064e-03,8.627450980392157298e-01,3.921568627450980338e-02
1.006237474831133500e-03,9.411764705882352811e-01,-1.568627450980392135e-01
1.006239474831076936e-03,9.019607843137255054e-01,1.568627450980392135e-01
1.006241474831020373e-03,9.411764705882352811e-01,-7.843137254901960675e-02
1.006243474830963809e-03,8.627450980392157298e-01,0.000000000000000000e+00
1.006245474830907245e-03,9.411764705882352811e-01,7.843137254901960675e-02
1.006247474830850681e-03,9.019607843137255054e-01,-3.921568627450980338e-02
1.006249474830794117e-03,9.411764705882352811e-01,1.176470588235294101e-01
1.006251474830737553e-03,8.627450980392157298e-01,-7.843137254901960675e-02
1.006253474830680989e-03,8.627450980392157298e-01,3.921568627450980338e-02
1.006255474830624426e-03,9.019607843137255054e-01,3.921568627450980338e-02
1.006257474830567862e-03,9.411764705882352811e-01,-7.843137254901960675e-02
1.006259474830511298e-03,8.627450980392157298e-01,7.843137254901960675e-02
1.006261474830454734e-03,9.019607843137255054e-01,-1.568627450980392135e-01
1.006263474830398170e-03,9.019607843137255054e-01,7.843137254901960675e-02
1.006265474830341606e-03,9.411764705882352811e-01,3.921568627450980338e-02
1.006267474830285042e-03,8.627450980392157298e-01,-7.843137254901960675e-02
1.006269474830228479e-03,8.627450980392157298e-01,1.176470588235294101e-01
1.006271474830171915e-03,9.411764705882352811e-01,-3.921568627450980338e-02
1.006273474830115351e-03,9.411764705882352811e-01,3.921568627450980338e-02
1.006275474830058787e-03,8.627450980392157298e-01,7.843137254901960675e-02
1.006277474830002223e-03,8.627450980392157298e-01,-1.568627450980392135e-01
1.006279474829945659e-03,9.019607843137255054e-01,1.568627450980392135e-01
1.006281474829889095e-03,9.411764705882352811e-01,-7.843137254901960675e-02
1.006283474829832532e-03,8.627450980392157298e-01,3.921568627450980338e-02
1.006285474829775968e-03,9.019607843137255054e-01,3.921568627450980338e-02
1.006287474829719404e-03,9.019607843137255054e-01,-3.921568627450980338e-02
1.006289474829662840e-03,9.411764705882352811e-01,7.843137254901960675e-02
1.006291474829606276e-03,8.627450980392157298e-01,-3.921568627450980338e-02
1.006293474829549712e-03,9.019607843137255054e-01,3.921568627450980338e-02
1.006295474829493148e-03,9.019607843137255054e-01,3.921568627450980338e-02
1.006297474829436584e-03,9.411764705882352811e-01,-7.843137254901960675e-02
1.006299474829380021e-03,8.235294117647058432e-01,1.176470588235294101e-01
1.006301474829323457e-03,9.019607843137255054e-01,-7.843137254901960675e-02
1.006303474829266893e-03,9.411764705882352811e-01,1.176470588235294101e-01
1.006305474829210329e-03,9.411764705882352811e-01,3.921568627450980338e-02
1.006307474829153765e-03,8.627450980392157298e-01,-7.843137254901960675e-02
1.006309474829097201e-03,8.627450980392157298e-01,1.176470588235294101e-01
1.006311474829040637e-03,9.411764705882352811e-01,-7.843137254901960675e-02
1.006313474828984074e-03,9.411764705882352811e-01,3.921568627450980338e-02
1.006315474828927510e-03,8.235294117647058432e-01,7.843137254901960675e-02
1.006317474828870946e-03,9.411764705882352811e-01,-1.568627450980392135e-01
1.006319474828814382e-03,8.627450980392157298e-01,1.568627450980392135e-01
1.006321474828757818e-03,9.411764705882352811e-01,-3.921568627450980338e-02
1.006323474828701254e-03,8.627450980392157298e-01,0.000000000000000000e+00
1.006325474828644690e-03,8.627450980392157298e-01,3.921568627450980338e-02
1.006327474828588127e-03,9.411764705882352811e-01,-3.921568627450980338e-02
1.006329474828531563e-03,9.411764705882352811e-01,7.843137254901960675e-02
1.006331474828474999e-03,9.019607843137255054e-01,0.000000000000000000e+00
1.006333474828418435e-03,9.019607843137255054e-01,7.843137254901960675e-02
1.006335474828361871e-03,9.411764705882352811e-01,0.000000000000000000e+00
1.006337474828305307e-03,9.411764705882352811e-01,-7.843137254901960675e-02
1.006339474828248743e-03,8.235294117647058432e-01,1.176470588235294101e-01
1.006341474828192179e-03,9.411764705882352811e-01,-1.568627450980392135e-01
1.006343474828135616e-03,9.019607843137255054e-01,1.176470588235294101e-01
1.006345474828079052e-03,9.411764705882352811e-01,3.921568627450980338e-02
1.006347474828022488e-03,9.019607843137255054e-01,-7.843137254901960675e-02
1.006349474827965924e-03,9.019607843137255054e-01,1.176470588235294101e-01
1.006351474827909360e-03,9.019607843137255054e-01,-1.568627450980392135e-01
1.006353474827852796e-03,9.411764705882352811e-01,3.921568627450980338e-02
1.006355474827796232e-03,8.627450980392157298e-01,3.921568627450980338e-02
1.006357474827739669e-03,9.019607843137255054e-01,-1.568627450980392135e-01
1.006359474827683105e-03,9.019607843137255054e-01,1.568627450980392135e-01
1.006361474827626541e-03,9.411764705882352811e-01,-7.843137254901960675e-02
1.006363474827569977e-03,8.627450980392157298e-01,0.000000000000000000e+00
1.006365474827513413e-03,8.627450980392157298e-01,3.921568627450980338e-02
1.006367474827456849e-03,9.019607843137255054e-01,-7.843137254901960675e-02
1.006369474827400285e-03,9.411764705882352811e-01,1.568627450980392135e-01
1.006371474827343722e-03,9.019607843137255054e-01,-7.843137254901960675e-02
1.006373474827287158e-03,8.627450980392157298e-01,7.843137254901960675e-02
1.006375474827230594e-03,8.627450980392157298e-01,7.843137254901960675e-02
1.006377474827174030e-03,9.411764705882352811e-01,-1.568627450980392135e-01
1.006379474827117466e-03,8.235294117647058432e-01,1.176470588235294101e-01
1.006381474827060902e-03,8.627450980392157298e-01,-7.843137254901960675e-02
1.006383474827004338e-03,9.411764705882352811e-01,1.176470588235294101e-01
1.006385474826947775e-03,9.411764705882352811e-01,3.921568627450980338e-02
1.006387474826891211e-03,8.627450980392157298e-01,-7.843137254901960675e-02
1.006389474826834647e-03,8.235294117647058432e-01,1.176470588235294101e-01
1.006391474826778083e-03,9.019607843137255054e-01,-7.843137254901960675e-02
1.006393474826721519e-03,9.411764705882352811e-01,3.921568627450980338e-02
1.006395474826664955e-03,8.235294117647058432e-01,3.921568627450980338e-02
1.006397474826608391e-03,9.019607843137255054e-01,-1.960784313725490169e-01
1.006399474826551827e-03,9.019607843137255054e-01,1.176470588235294101e-01
1.006401474826495264e-03,9.411764705882352811e-01,-7.843137254901960675e-02
1.006403474826438700e-03,8.627450980392157298e-01,0.000000000000000000e+00
1.006405474826382136e-03,8.627450980392157298e-01,3.921568627450980338e-02
1.006407474826325572e-03,9.411764705882352811e-01,-3.921568627450980338e-02
1.006409474826269008e-03,9.411764705882352811e-01,1.176470588235294101e-01
1.006411474826212444e-03,8.627450980392157298e-01,-3.921568627450980338e-02
1.006413474826155880e-03,8.627450980392157298e-01,7.843137254901960675e-02
1.006415474826099317e-03,9.019607843137255054e-01,3.921568627450980338e-02
1.006417474826042753e-03,9.803921568627450567e-01,-7.843137254901960675e-02
1.006419474825986189e-03,8.627450980392157298e-01,1.568627450980392135e-01
1.006421474825929625e-03,9.019607843137255054e-01,-1.568627450980392135e-01
1.006423474825873061e-03,9.411764705882352811e-01,1.176470588235294101e-01
1.006425474825816497e-03,9.411764705882352811e-01,0.000000000000000000e+00
1.006427474825759933e-03,8.627450980392157298e-01,-7.843137254901960675e-02
1.006429474825703370e-03,8.627450980392157298e-01,1.176470588235294101e-01
1.006431474825646806e-03,9.019607843137255054e-01,-1.568627450980392135e-01
1.006433474825590242e-03,9.411764705882352811e-01,3.921568627450980338e-02
1.006435474825533678e-03,8.627450980392157298e-01,3.921568627450980338e-02
1.006437474825477114e-03,9.019607843137255054e-01,-1.960784313725490169e-01
1.006439474825420550e-03,9.019607843137255054e-01,1.176470588235294101e-01
1.006441474825363986e-03,9.411764705882352811e-01,-7.843137254901960675e-02
1.006443474825307422e-03,8.627450980392157298e-01,0.000000000000000000e+00
1.006445474825250859e-03,9.411764705882352811e-01,3.921568627450980338e-02
1.006447474825194295e-03,9.411764705882352811e-01,-3.921568627450980338e-02
1.006449474825137731e-03,9.411764705882352811e-01,7.843137254901960675e-02
1.006451474825081167e-03,8.235294117647058432e-01,-3.921568627450980338e-02
1.006453474825024603e-03,9.019607843137255054e-01,3.921568627450980338e-02
1.006455474824968039e-03,9.019607843137255054e-01,3.921568627450980338e-02
1.006457474824911475e-03,9.411764705882352811e-01,-1.568627450980392135e-01
1.006459474824854912e-03,8.235294117647058432e-01,1.568627450980392135e-01
1.006461474824798348e-03,8.627450980392157298e-01,-1.568627450980392135e-01
1.006463474824741784e-03,9.019607843137255054e-01,1.176470588235294101e-01
1.006465474824685220e-03,9.411764705882352811e-01,3.921568627450980338e-02
1.006467474824628656e-03,8.627450980392157298e-01,-7.843137254901960675e-02
1.006469474824572092e-03,8.627450980392157298e-01,1.176470588235294101e-01
1.006471474824515528e-03,9.019607843137255054e-01,-3.921568627450980338e-02
1.006473474824458965e-03,9.411764705882352811e-01,0.000000000000000000e+00
1.006475474824402401e-03,8.627450980392157298e-01,7.843137254901960675e-02
1.006477474824345837e-03,8.627450980392157298e-01,-1.960784313725490169e-01
1.006479474824289273e-03,9.019607843137255054e-01,1.176470588235294101e-01
1.006481474824232709e-03,9.411764705882352811e-01,-3.921568627450980338e-02
1.006483474824176145e-03,8.627450980392157298e-01,0.000000000000000000e+00
1.006485474824119581e-03,8.627450980392157298e-01,3.921568627450980338e-02
1.006487474824063017e-03,9.019607843137255054e-01,-3.921568627450980338e-02
1.006489474824006454e-03,9.411764705882352811e-01,1.568627450980392135e-01
1.006491474823949890e-03,8.627450980392157298e-01,-3.921568627450980338e-02
1.006493474823893326e-03,9.019607843137255054e-01,7.843137254901960675e-02
1.006495474823836762e-03,9.019607843137255054e-01,7.843137254901960675e-02
1.006497474823780198e-03,9.411764705882352811e-01,-7.843137254901960675e-02
1.006499474823723634e-03,8.627450980392157298e-01,1.568627450980392135e-01
1.006501474823667070e-03,9.019607843137255054e-01,-7.843137254901960675e-02
1.006503474823610507e-03,9.019607843137255054e-01,1.176470588235294101e-01
1.006505474823553943e-03,9.411764705882352811e-01,0.000000000000000000e+00
1.006507474823497379e-03,8.627450980392157298e-01,-7.843137254901960675e-02
1.006509474823440815e-03,8.627450980392157298e-01,7.843137254901960675e-02
1.006511474823384251e-03,9.019607843137255054e-01,-7.843137254901960675e-02
1.006513474823327687e-03,9.411764705882352811e-01,3.921568627450980338e-02
1.006515474823271123e-03,8.627450980392157298e-01,3.921568627450980338e-02
1.006517474823214560e-03,9.019607843137255054e-01,-1.960784313725490169e-01
1.006519474823157996e-03,9.019607843137255054e-01,1.568627450980392135e-01
1.006521474823101432e-03,9.019607843137255054e-01,-7.843137254901960675e-02
1.006523474823044868e-03,8.627450980392157298e-01,0.000000000000000000e+00
1.006525474822988304e-03,9.019607843137255054e-01,3.921568627450980338e-02
1.006527474822931740e-03,9.019607843137255054e-01,-3.921568627450980338e-02
1.006529474822875176e-03,9.411764705882352811e-01,7.843137254901960675e-02
1.006531474822818613e-03,8.627450980392157298e-01,-7.843137254901960675e-02
1.006533474822762049e-03,8.627450980392157298e-01,7.843137254901960675e-02
1.006535474822705485e-03,9.019607843137255054e-01,7.843137254901960675e-02
1.006537474822648921e-03,9.411764705882352811e-01,-7.843137254901960675e-02
1.006539474822592357e-03,8.627450980392157298e-01,1.568627450980392135e-01
1.006541474822535793e-03,9.019607843137255054e-01,-1.568627450980392135e-01
1.006543474822479229e-03,9.019607843137255054e-01,7.843137254901960675e-02
1.006545474822422665e-03,9.411764705882352811e-01,7.843137254901960675e-02
1.006547474822366102e-03,8.627450980392157298e-01,-7.843137254901960675e-02
1.006549474822309538e-03,8.627450980392157298e-01,1.176470588235294101e-01
1.006551474822252974e-03,9.411764705882352811e-01,-3.921568627450980338e-02
1.006553474822196410e-03,9.411764705882352811e-01,0.000000000000000000e+00
1.006555474822139846e-03,8.235294117647058432e-01,7.843137254901960675e-02
1.006557474822083282e-03,8.235294117647058432e-01,-1.960784313725490169e-01
1.006559474822026718e-03,9.019607843137255054e-01,1.568627450980392135e-01
1.006561474821970155e-03,9.411764705882352811e-01,-7.843137254901960675e-02
1.006563474821913591e-03,8.627450980392157298e-01,0.000000000000000000e+00
1.006565474821857027e-03,9.019607843137255054e-01,7.843137254901960675e-02
1.006567474821800463e-03,9.411764705882352811e-01,0.000000000000000000e+00
1.006569474821743899e-03,9.411764705882352811e-01,7.843137254901960675e-02
1.006571474821687335e-03,8.627450980392157298e-01,-3.921568627450980338e-02
1.006573474821630771e-03,9.019607843137255054e-01,3.921568627450980338e-02
1.006575474821574208e-03,9.019607843137255054e-01,7.843137254901960675e-02
1.006577474821517644e-03,9.411764705882352811e-01,-1.568627450980392135e-01
1.006579474821461080e-03,8.627450980392157298e-01,7.843137254901960675e-02
1.006581474821404516e-03,8.627450980392157298e-01,-7.843137254901960675e-02
1.006583474821347952e-03,9.019607843137255054e-01,1.176470588235294101e-01
1.006585474821291388e-03,9.411764705882352811e-01,3.921568627450980338e-02
1.006587474821234824e-03,8.235294117647058432e-01,-7.843137254901960675e-02
1.006589474821178260e-03,8.627450980392157298e-01,1.568627450980392135e-01
1.006591474821121697e-03,9.019607843137255054e-01,-7.843137254901960675e-02
1.006593474821065133e-03,9.411764705882352811e-01,3.921568627450980338e-02
1.006595474821008569e-03,8.235294117647058432e-01,7.843137254901960675e-02
1.006597474820952005e-03,9.019607843137255054e-01,-1.568627450980392135e-01
1.006599474820895441e-03,9.019607843137255054e-01,1.568627450980392135e-01
1.006601474820838877e-03,9.411764705882352811e-01,-3.921568627450980338e-02
1.006603474820782313e-03,8.627450980392157298e-01,3.921568627450980338e-02
1.006605474820725750e-03,9.019607843137255054e-01,3.921568627450980338e-02
1.006607474820669186e-03,9.019607843137255054e-01,-3.921568627450980338e-02
1.006609474820612622e-03,9.411764705882352811e-01,7.843137254901960675e-02
1.006611474820556058e-03,8.627450980392157298e-01,-3.921568627450980338e-02
1.006613474820499494e-03,8.627450980392157298e-01,3.921568627450980338e-02
1.006615474820442930e-03,9.019607843137255054e-01,3.921568627450980338e-02
1.006617474820386366e-03,9.411764705882352811e-01,-7.843137254901960675e-02
1.006619474820329803e-03,8.627450980392157298e-01,1.176470588235294101e-01
1.006621474820273239e-03,9.019607843137255054e-01,-7.843137254901960675e-02
1.006623474820216675e-03,9.019607843137255054e-01,1.176470588235294101e-01
1.006625474820160111e-03,9.411764705882352811e-01,3.921568627450980338e-02
1.006627474820103547e-03,8.627450980392157298e-01,-7.843137254901960675e-02
1.006629474820046983e-03,9.019607843137255054e-01,1.176470588235294101e-01
1.006631474819990419e-03,9.411764705882352811e-01,-7.843137254901960675e-02
1.006633474819933856e-03,9.411764705882352811e-01,3.921568627450980338e-02
1.006635474819877292e-03,8.627450980392157298e-01,7.843137254901960675e-02
1.006637474819820728e-03,9.019607843137255054e-01,-1.568627450980392135e-01
1.006639474819764164e-03,9.019607843137255054e-01,1.568627450980392135e-01
1.006641474819707600e-03,9.411764705882352811e-01,-3.921568627450980338e-02
1.006643474819651036e-03,8.235294117647058432e-01,0.000000000000000000e+00
1.006645474819594472e-03,8.627450980392157298e-01,3.921568627450980338e-02
1.006647474819537908e-03,9.411764705882352811e-01,-3.921568627450980338e-02
1.006649474819481345e-03,9.019607843137255054e-01,7.843137254901960675e-02
1.006651474819424781e-03,8.627450980392157298e-01,-3.921568627450980338e-02
1.006653474819368217e-03,9.019607843137255054e-01,3.921568627450980338e-02
1.006655474819311653e-03,9.019607843137255054e-01,3.921568627450980338e-02
1.006657474819255089e-03,9.411764705882352811e-01,-7.843137254901960675e-02
1.006659474819198525e-03,8.627450980392157298e-01,1.568627450980392135e-01
1.006661474819141961e-03,8.627450980392157298e-01,-7.843137254901960675e-02
1.006663474819085398e-03,9.019607843137255054e-01,1.176470588235294101e-01
1.006665474819028834e-03,9.411764705882352811e-01,3.921568627450980338e-02
1.006667474818972270e-03,8.627450980392157298e-01,-7.843137254901960675e-02
1.006669474818915706e-03,9.019607843137255054e-01,1.176470588235294101e-01
1.006671474818859142e-03,9.411764705882352811e-01,-1.568627450980392135e-01
1.006673474818802578e-03,9.411764705882352811e-01,3.921568627450980338e-02
1.006675474818746014e-03,8.235294117647058432e-01,3.921568627450980338e-02
1.006677474818689451e-03,8.627450980392157298e-01,-1.960784313725490169e-01
1.006679474818632887e-03,8.627450980392157298e-01,1.176470588235294101e-01
1.006681474818576323e-03,9.411764705882352811e-01,-3.921568627450980338e-02
1.006683474818519759e-03,8.627450980392157298e-01,0.000000000000000000e+00
1.006685474818463195e-03,8.235294117647058432e-01,7.843137254901960675e-02
1.006687474818406631e-03,9.411764705882352811e-01,-3.921568627450980338e-02
1.006689474818350067e-03,9.411764705882352811e-01,7.843137254901960675e-02
1.006691474818293503e-03,8.235294117647058432e-01,-3.921568627450980338e-02
1.006693474818236940e-03,9.019607843137255054e-01,3.921568627450980338e-02
1.006695474818180376e-03,9.019607843137255054e-01,7.843137254901960675e-02
1.006697474818123812e-03,9.411764705882352811e-01,-7.843137254901960675e-02
1.006699474818067248e-03,8.627450980392157298e-01,1.568627450980392135e-01
1.006701474818010684e-03,8.627450980392157298e-01,-1.568627450980392135e-01
1.006703474817954120e-03,9.019607843137255054e-01,1.176470588235294101e-01
1.006705474817897556e-03,9.411764705882352811e-01,0.000000000000000000e+00
1.006707474817840993e-03,8.235294117647058432e-01,-1.568627450980392135e-01
1.006709474817784429e-03,9.019607843137255054e-01,7.843137254901960675e-02
1.006711474817727865e-03,9.411764705882352811e-01,-3.921568627450980338e-02
1.006713474817671301e-03,9.411764705882352811e-01,0.000000000000000000e+00
1.006715474817614737e-03,8.235294117647058432e-01,7.843137254901960675e-02
1.006717474817558173e-03,9.019607843137255054e-01,-1.960784313725490169e-01
1.006719474817501609e-03,8.627450980392157298e-01,1.568627450980392135e-01
1.006721474817445046e-03,9.803921568627450567e-01,-3.921568627450980338e-02
1.006723474817388482e-03,8.235294117647058432e-01,0.000000000000000000e+00
1.006725474817331918e-03,8.235294117647058432e-01,7.843137254901960675e-02
1.006727474817275354e-03,8.627450980392157298e-01,-3.921568627450980338e-02
1.006729474817218790e-03,9.411764705882352811e-01,7.843137254901960675e-02
1.006731474817162226e-03,8.627450980392157298e-01,-3.921568627450980338e-02
1.006733474817105662e-03,9.019607843137255054e-01,7.843137254901960675e-02
1.006735474817049098e-03,9.019607843137255054e-01,3.921568627450980338e-02
1.006737474816992535e-03,9.411764705882352811e-01,-7.843137254901960675e-02
1.006739474816935971e-03,8.627450980392157298e-01,1.568627450980392135e-01
1.006741474816879407e-03,8.235294117647058432e-01,-1.568627450980392135e-01
1.006743474816822843e-03,9.019607843137255054e-01,7.843137254901960675e-02
1.006745474816766279e-03,9.411764705882352811e-01,7.843137254901960675e-02
1.006747474816709715e-03,8.627450980392157298e-01,-7.843137254901960675e-02
1.006749474816653151e-03,8.627450980392157298e-01,1.176470588235294101e-01
1.006751474816596588e-03,9.019607843137255054e-01,-7.843137254901960675e-02
1.006753474816540024e-03,9.411764705882352811e-01,0.000000000000000000e+00
1.006755474816483460e-03,8.627450980392157298e-01,7.843137254901960675e-02
1.006757474816426896e-03,9.019607843137255054e-01,-1.568627450980392135e-01
1.006759474816370332e-03,9.019607843137255054e-01,1.568627450980392135e-01
1.006761474816313768e-03,9.019607843137255054e-01,-3.921568627450980338e-02
1.006763474816257204e-03,8.627450980392157298e-01,0.000000000000000000e+00
1.006765474816200641e-03,8.627450980392157298e-01,7.843137254901960675e-02
1.006767474816144077e-03,9.019607843137255054e-01,-3.921568627450980338e-02
1.006769474816087513e-03,9.411764705882352811e-01,7.843137254901960675e-02
1.006771474816030949e-03,8.627450980392157298e-01,-3.921568627450980338e-02
1.006773474815974385e-03,8.235294117647058432e-01,7.843137254901960675e-02
1.006775474815917821e-03,9.019607843137255054e-01,7.843137254901960675e-02
1.006777474815861257e-03,9.411764705882352811e-01,-7.843137254901960675e-02
1.006779474815804694e-03,8.627450980392157298e-01,1.176470588235294101e-01
1.006781474815748130e-03,9.019607843137255054e-01,-1.568627450980392135e-01
1.006783474815691566e-03,8.627450980392157298e-01,7.843137254901960675e-02
1.006785474815635002e-03,9.019607843137255054e-01,3.921568627450980338e-02
1.006787474815578438e-03,8.627450980392157298e-01,-7.843137254901960675e-02
1.006789474815521874e-03,8.627450980392157298e-01,1.568627450980392135e-01
1.006791474815465310e-03,9.019607843137255054e-01,-3.921568627450980338e-02
1.006793474815408746e-03,9.411764705882352811e-01,3.921568627450980338e-02
1.006795474815352183e-03,8.627450980392157298e-01,7.843137254901960675e-02
1.006797474815295619e-03,9.019607843137255054e-01,-1.568627450980392135e-01
1.006799474815239055e-03,9.019607843137255054e-01,1.568627450980392135e-01
1.006801474815182491e-03,9.411764705882352811e-01,-3.921568627450980338e-02
1.006803474815125927e-03,8.627450980392157298e-01,0.000000000000000000e+00
1.006805474815069363e-03,9.019607843137255054e-01,3.921568627450980338e-02
1.006807474815012799e-03,9.019607843137255054e-01,-3.921568627450980338e-02
1.006809474814956236e-03,9.019607843137255054e-01,7.843137254901960675e-02
1.006811474814899672e-03,9.019607843137255054e-01,-3.921568627450980338e-02
1.006813474814843108e-03,9.411764705882352811e-01,3.921568627450980338e-02
1.006815474814786544e-03,9.411764705882352811e-01,7.843137254901960675e-02
1.006817474814729980e-03,9.411764705882352811e-01,-1.960784313725490169e-01
1.006819474814673416e-03,8.235294117647058432e-01,1.568627450980392135e-01
1.006821474814616852e-03,8.627450980392157298e-01,-1.568627450980392135e-01
1.006823474814560289e-03,9.019607843137255054e-01,7.843137254901960675e-02
1.006825474814503725e-03,9.411764705882352811e-01,0.000000000000000000e+00
1.006827474814447161e-03,8.627450980392157298e-01,-7.843137254901960675e-02
1.006829474814390597e-03,8.627450980392157298e-01,1.176470588235294101e-01
1.006831474814334033e-03,9.019607843137255054e-01,-7.843137254901960675e-02
1.006833474814277469e-03,9.411764705882352811e-01,3.921568627450980338e-02
1.006835474814220905e-03,8.627450980392157298e-01,7.843137254901960675e-02
1.006837474814164341e-03,9.411764705882352811e-01,-1.960784313725490169e-01
1.006839474814107778e-03,9.019607843137255054e-01,1.176470588235294101e-01
1.006841474814051214e-03,9.411764705882352811e-01,-7.843137254901960675e-02
1.006843474813994650e-03,8.627450980392157298e-01,0.000000000000000000e+00
1.006845474813938086e-03,8.235294117647058432e-01,3.921568627450980338e-02
1.006847474813881522e-03,9.411764705882352811e-01,-3.921568627450980338e-02
1.006849474813824958e-03,9.019607843137255054e-01,7.843137254901960675e-02
1.006851474813768394e-03,8.627450980392157298e-01,-3.921568627450980338e-02
1.006853474813711831e-03,9.019607843137255054e-01,3.921568627450980338e-02
1.006855474813655267e-03,8.627450980392157298e-01,3.921568627450980338e-02
1.006857474813598703e-03,9.411764705882352811e-01,-7.843137254901960675e-02
1.006859474813542139e-03,8.235294117647058432e-01,1.568627450980392135e-01
1.006861474813485575e-03,9.019607843137255054e-01,-7.843137254901960675e-02
1.006863474813429011e-03,9.019607843137255054e-01,1.176470588235294101e-01
1.006865474813372447e-03,9.411764705882352811e-01,3.921568627450980338e-02
1.006867474813315884e-03,8.627450980392157298e-01,-1.568627450980392135e-01
1.006869474813259320e-03,8.627450980392157298e-01,1.176470588235294101e-01
1.006871474813202756e-03,9.019607843137255054e-01,-7.843137254901960675e-02
1.006873474813146192e-03,9.411764705882352811e-01,3.921568627450980338e-02
1.006875474813089628e-03,8.627450980392157298e-01,3.921568627450980338e-02
1.006877474813033064e-03,9.019607843137255054e-01,-1.568627450980392135e-01
1.006879474812976500e-03,8.627450980392157298e-01,1.176470588235294101e-01
1.006881474812919936e-03,9.411764705882352811e-01,-7.843137254901960675e-02
1.006883474812863373e-03,8.627450980392157298e-01,0.000000000000000000e+00
1.006885474812806809e-03,8.627450980392157298e-01,7.843137254901960675e-02
1.006887474812750245e-03,9.019607843137255054e-01,0.000000000000000000e+00
1.006889474812693681e-03,9.411764705882352811e-01,7.843137254901960675e-02
1.006891474812637117e-03,8.627450980392157298e-01,-3.921568627450980338e-02
1.006893474812580553e-03,9.019607843137255054e-01,3.921568627450980338e-02
1.006895474812523989e-03,8.627450980392157298e-01,3.921568627450980338e-02
1.006897474812467426e-03,9.411764705882352811e-01,-7.843137254901960675e-02
1.006899474812410862e-03,8.627450980392157298e-01,1.568627450980392135e-01
1.006901474812354298e-03,9.019607843137255054e-01,-1.568627450980392135e-01
1.006903474812297734e-03,9.019607843137255054e-01,1.176470588235294101e-01
1.006905474812241170e-03,9.019607843137255054e-01,3.921568627450980338e-02
1.006907474812184606e-03,9.019607843137255054e-01,-7.843137254901960675e-02
1.006909474812128042e-03,8.627450980392157298e-01,1.176470588235294101e-01
1.006911474812071479e-03,9.019607843137255054e-01,-7.843137254901960675e-02
1.006913474812014915e-03,9.411764705882352811e-01,3.921568627450980338e-02
1.006915474811958351e-03,8.235294117647058432e-01,7.843137254901960675e-02
1.006917474811901787e-03,9.411764705882352811e-01,-1.568627450980392135e-01
1.006919474811845223e-03,9.411764705882352811e-01,1.568627450980392135e-01
1.006921474811788659e-03,9.411764705882352811e-01,-3.921568627450980338e-02
1.006923474811732095e-03,8.627450980392157298e-01,0.000000000000000000e+00
1.006925474811675532e-03,9.019607843137255054e-01,7.843137254901960675e-02
1.006927474811618968e-03,9.411764705882352811e-01,-3.921568627450980338e-02
1.006929474811562404e-03,9.411764705882352811e-01,7.843137254901960675e-02
1.006931474811505840e-03,8.627450980392157298e-01,-3.921568627450980338e-02
1.006933474811449276e-03,8.627450980392157298e-01,7.843137254901960675e-02
1.006935474811392712e-03,9.019607843137255054e-01,7.843137254901960675e-02
1.006937474811336148e-03,9.411764705882352811e-01,-7.843137254901960675e-02
1.006939474811279584e-03,8.627450980392157298e-01,1.568627450980392135e-01
1.006941474811223021e-03,9.019607843137255054e-01,-1.568627450980392135e-01
1.006943474811166457e-03,9.019607843137255054e-01,7.843137254901960675e-02
1.006945474811109893e-03,9.019607843137255054e-01,0.000000000000000000e+00
1.006947474811053329e-03,8.627450980392157298e-01,-7.843137254901960675e-02
1.006949474810996765e-03,8.627450980392157298e-01,1.176470588235294101e-01
1.006951474810940201e-03,8.627450980392157298e-01,-3.921568627450980338e-02
1.006953474810883637e-03,9.411764705882352811e-01,7.843137254901960675e-02
1.006955474810827074e-03,8.627450980392157298e-01,3.921568627450980338e-02
1.006957474810770510e-03,9.411764705882352811e-01,-1.568627450980392135e-01
1.006959474810713946e-03,9.019607843137255054e-01,1.568627450980392135e-01
1.006961474810657382e-03,9.411764705882352811e-01,-7.843137254901960675e-02
1.006963474810600818e-03,8.627450980392157298e-01,0.000000000000000000e+00
1.006965474810544254e-03,8.627450980392157298e-01,3.921568627450980338e-02
1.006967474810487690e-03,9.411764705882352811e-01,-3.921568627450980338e-02
1.006969474810431127e-03,9.019607843137255054e-01,7.843137254901960675e-02
1.006971474810374563e-03,8.627450980392157298e-01,-3.921568627450980338e-02
1.006973474810317999e-03,8.627450980392157298e-01,3.921568627450980338e-02
1.006975474810261435e-03,9.019607843137255054e-01,3.921568627450980338e-02
1.006977474810204871e-03,9.411764705882352811e-01,-1.568627450980392135e-01
1.006979474810148307e-03,8.627450980392157298e-01,1.568627450980392135e-01
1.006981474810091743e-03,8.627450980392157298e-01,-1.568627450980392135e-01
1.006983474810035179e-03,9.019607843137255054e-01,7.843137254901960675e-02
1.006985474809978616e-03,9.019607843137255054e-01,3.921568627450980338e-02
1.006987474809922052e-03,8.627450980392157298e-01,-1.568627450980392135e-01
1.006989474809865488e-03,9.019607843137255054e-01,1.176470588235294101e-01
1.006991474809808924e-03,9.019607843137255054e-01,-3.921568627450980338e-02
1.006993474809752360e-03,9.411764705882352811e-01,3.921568627450980338e-02
1.006995474809695796e-03,8.627450980392157298e-01,7.843137254901960675e-02
1.006997474809639232e-03,9.019607843137255054e-01,-7.843137254901960675e-02
1.006999474809582669e-03,8.627450980392157298e-01,1.568627450980392135e-01
1.007001474809526105e-03,9.411764705882352811e-01,-3.921568627450980338e-02
1.007003474809469541e-03,8.235294117647058432e-01,0.000000000000000000e+00
1.007005474809412977e-03,8.235294117647058432e-01,7.843137254901960675e-02
1.007007474809356413e-03,9.019607843137255054e-01,-3.921568627450980338e-02
1.007009474809299849e-03,9.411764705882352811e-01,7.843137254901960675e-02
1.007011474809243285e-03,8.627450980392157298e-01,-7.843137254901960675e-02
1.007013474809186722e-03,9.411764705882352811e-01,3.921568627450980338e-02
1.007015474809130158e-03,9.019607843137255054e-01,7.843137254901960675e-02
1.007017474809073594e-03,9.411764705882352811e-01,-7.843137254901960675e-02
1.007019474809017030e-03,8.627450980392157298e-01,1.568627450980392135e-01
1.007021474808960466e-03,9.019607843137255054e-01,-1.568627450980392135e-01
1.007023474808903902e-03,9.019607843137255054e-01,7.843137254901960675e-02
1.007025474808847338e-03,9.411764705882352811e-01,3.921568627450980338e-02
1.007027474808790775e-03,8.627450980392157298e-01,-7.843137254901960675e-02
1.007029474808734211e-03,8.627450980392157298e-01,1.176470588235294101e-01
1.007031474808677647e-03,9.019607843137255054e-01,-7.843137254901960675e-02
1.007033474808621083e-03,9.411764705882352811e-01,3.921568627450980338e-02
1.007035474808564519e-03,8.235294117647058432e-01,7.843137254901960675e-02
1.007037474808507955e-03,8.235294117647058432e-01,-1.960784313725490169e-01
1.007039474808451391e-03,9.019607843137255054e-01,1.568627450980392135e-01
1.007041474808394827e-03,9.411764705882352811e-01,-7.843137254901960675e-02
1.007043474808338264e-03,8.627450980392157298e-01,0.000000000000000000e+00
1.007045474808281700e-03,9.019607843137255054e-01,3.921568627450980338e-02
1.007047474808225136e-03,9.019607843137255054e-01,0.000000000000000000e+00
1.007049474808168572e-03,9.019607843137255054e-01,7.843137254901960675e-02
1.007051474808112008e-03,8.627450980392157298e-01,-7.843137254901960675e-02
1.007053474808055444e-03,9.019607843137255054e-01,3.921568627450980338e-02
1.007055474807998880e-03,9.019607843137255054e-01,7.843137254901960675e-02
1.007057474807942317e-03,9.411764705882352811e-01,-7.843137254901960675e-02
1.007059474807885753e-03,8.235294117647058432e-01,1.176470588235294101e-01
1.007061474807829189e-03,9.019607843137255054e-01,-7.843137254901960675e-02
1.007063474807772625e-03,8.627450980392157298e-01,7.843137254901960675e-02
1.007065474807716061e-03,9.019607843137255054e-01,0.000000000000000000e+00
1.007067474807659497e-03,8.627450980392157298e-01,-1.568627450980392135e-01
1.007069474807602933e-03,9.019607843137255054e-01,1.176470588235294101e-01
1.007071474807546370e-03,9.411764705882352811e-01,-1.568627450980392135e-01
1.007073474807489806e-03,9.411764705882352811e-01,3.921568627450980338e-02
1.007075474807433242e-03,8.627450980392157298e-01,7.843137254901960675e-02
1.007077474807376678e-03,9.019607843137255054e-01,-1.568627450980392135e-01
1.007079474807320114e-03,9.019607843137255054e-01,1.568627450980392135e-01
1.007081474807263550e-03,9.411764705882352811e-01,-3.921568627450980338e-02
1.007083474807206986e-03,8.627450980392157298e-01,0.000000000000000000e+00
1.007085474807150422e-03,8.235294117647058432e-01,3.921568627450980338e-02
1.007087474807093859e-03,8.627450980392157298e-01,-3.921568627450980338e-02
1.007089474807037295e-03,9.019607843137255054e-01,7.843137254901960675e-02
1.007091474806980731e-03,9.019607843137255054e-01,-7.843137254901960675e-02
1.007093474806924167e-03,8.627450980392157298e-01,3.921568627450980338e-02
1.007095474806867603e-03,8.627450980392157298e-01,3.921568627450980338e-02
1.007097474806811039e-03,9.803921568627450567e-01,-1.568627450980392135e-01
1.007099474806754475e-03,8.235294117647058432e-01,7.843137254901960675e-02
1.007101474806697912e-03,8.627450980392157298e-01,0.000000000000000000e+00
1.007103474806641348e-03,9.019607843137255054e-01,7.843137254901960675e-02
1.007105474806584784e-03,9.411764705882352811e-01,0.000000000000000000e+00
1.007107474806528220e-03,8.235294117647058432e-01,-1.568627450980392135e-01
1.007109474806471656e-03,9.019607843137255054e-01,1.176470588235294101e-01
1.007111474806415092e-03,9.411764705882352811e-01,-7.843137254901960675e-02
1.007113474806358528e-03,9.411764705882352811e-01,3.921568627450980338e-02
1.007115474806301965e-03,8.627450980392157298e-01,3.921568627450980338e-02
1.007117474806245401e-03,9.019607843137255054e-01,-1.568627450980392135e-01
1.007119474806188837e-03,9.019607843137255054e-01,1.568627450980392135e-01
1.007121474806132273e-03,9.411764705882352811e-01,-3.921568627450980338e-02
1.007123474806075709e-03,8.235294117647058432e-01,0.000000000000000000e+00
1.007125474806019145e-03,8.627450980392157298e-01,3.921568627450980338e-02
1.007127474805962581e-03,9.411764705882352811e-01,-3.921568627450980338e-02
1.007129474805906017e-03,9.019607843137255054e-01,1.176470588235294101e-01
1.007131474805849454e-03,8.627450980392157298e-01,-3.921568627450980338e-02
1.007133474805792890e-03,8.627450980392157298e-01,7.843137254901960675e-02
1.007135474805736326e-03,8.627450980392157298e-01,3.921568627450980338e-02
1.007137474805679762e-03,9.411764705882352811e-01,-7.843137254901960675e-02
1.007139474805623198e-03,8.627450980392157298e-01,1.176470588235294101e-01
1.007141474805566634e-03,8.627450980392157298e-01,-1.568627450980392135e-01
1.007143474805510070e-03,9.019607843137255054e-01,7.843137254901960675e-02
1.007145474805453507e-03,9.411764705882352811e-01,0.000000000000000000e+00
1.007147474805396943e-03,8.627450980392157298e-01,-7.843137254901960675e-02
1.007149474805340379e-03,8.235294117647058432e-01,1.176470588235294101e-01
1.007151474805283815e-03,9.019607843137255054e-01,-7.843137254901960675e-02
1.007153474805227251e-03,9.411764705882352811e-01,0.000000000000000000e+00
1.007155474805170687e-03,8.235294117647058432e-01,3.921568627450980338e-02
1.007157474805114123e-03,9.019607843137255054e-01,-1.960784313725490169e-01
1.007159474805057560e-03,9.019607843137255054e-01,1.568627450980392135e-01
1.007161474805000996e-03,9.411764705882352811e-01,-3.921568627450980338e-02
1.007163474804944432e-03,8.627450980392157298e-01,0.000000000000000000e+00
1.007165474804887868e-03,8.235294117647058432e-01,7.843137254901960675e-02
1.007167474804831304e-03,9.019607843137255054e-01,-3.921568627450980338e-02
1.007169474804774740e-03,9.411764705882352811e-01,7.843137254901960675e-02
1.007171474804718176e-03,8.627450980392157298e-01,-7.843137254901960675e-02
1.007173474804661613e-03,9.019607843137255054e-01,3.921568627450980338e-02
1.007175474804605049e-03,9.019607843137255054e-01,3.921568627450980338e-02
1.007177474804548485e-03,9.411764705882352811e-01,-1.568627450980392135e-01
1.007179474804491921e-03,8.627450980392157298e-01,1.568627450980392135e-01
1.007181474804435357e-03,9.019607843137255054e-01,-1.568627450980392135e-01
1.007183474804378793e-03,8.627450980392157298e-01,7.843137254901960675e-02
1.007185474804322229e-03,9.411764705882352811e-01,0.000000000000000000e+00
1.007187474804265665e-03,8.627450980392157298e-01,-7.843137254901960675e-02
1.007189474804209102e-03,9.019607843137255054e-01,1.176470588235294101e-01
1.007191474804152538e-03,9.019607843137255054e-01,-7.843137254901960675e-02
1.007193474804095974e-03,9.411764705882352811e-01,3.921568627450980338e-02
1.007195474804039410e-03,8.627450980392157298e-01,7.843137254901960675e-02
1.007197474803982846e-03,9.019607843137255054e-01,-1.960784313725490169e-01
1.007199474803926282e-03,9.019607843137255054e-01,1.568627450980392135e-01
1.007201474803869718e-03,9.411764705882352811e-01,-3.921568627450980338e-02
1.007203474803813155e-03,8.627450980392157298e-01,0.000000000000000000e+00
1.007205474803756591e-03,8.627450980392157298e-01,7.843137254901960675e-02
1.007207474803700027e-03,9.411764705882352811e-01,-3.921568627450980338e-02
1.007209474803643463e-03,9.411764705882352811e-01,7.843137254901960675e-02
1.007211474803586899e-03,8.627450980392157298e-01,-3.921568627450980338e-02
1.007213474803530335e-03,9.019607843137255054e-01,3.921568627450980338e-02
1.007215474803473771e-03,9.019607843137255054e-01,7.843137254901960675e-02
1.007217474803417208e-03,9.411764705882352811e-01,-7.843137254901960675e-02
1.007219474803360644e-03,8.235294117647058432e-01,1.568627450980392135e-01
1.007221474803304080e-03,8.627450980392157298e-01,-1.568627450980392135e-01
1.007223474803247516e-03,9.019607843137255054e-01,1.176470588235294101e-01
1.007225474803190952e-03,9.411764705882352811e-01,3.921568627450980338e-02
1.007227474803134388e-03,8.627450980392157298e-01,-7.843137254901960675e-02
1.007229474803077824e-03,8.235294117647058432e-01,1.176470588235294101e-01
1.007231474803021260e-03,9.019607843137255054e-01,-3.921568627450980338e-02
1.007233474802964697e-03,9.411764705882352811e-01,0.000000000000000000e+00
1.007235474802908133e-03,8.627450980392157298e-01,7.843137254901960675e-02
1.007237474802851569e-03,9.019607843137255054e-01,-1.960784313725490169e-01
1.007239474802795005e-03,9.019607843137255054e-01,1.568627450980392135e-01
1.007241474802738441e-03,9.019607843137255054e-01,-3.921568627450980338e-02
1.007243474802681877e-03,8.235294117647058432e-01,0.000000000000000000e+00
1.007245474802625313e-03,8.627450980392157298e-01,3.921568627450980338e-02
1.007247474802568750e-03,9.019607843137255054e-01,-3.921568627450980338e-02
1.007249474802512186e-03,9.411764705882352811e-01,7.843137254901960675e-02
1.007251474802455622e-03,8.627450980392157298e-01,-3.921568627450980338e-02
1.007253474802399058e-03,9.019607843137255054e-01,3.921568627450980338e-02
1.007255474802342494e-03,9.019607843137255054e-01,3.921568627450980338e-02
1.007257474802285930e-03,9.411764705882352811e-01,-7.843137254901960675e-02
1.007259474802229366e-03,8.235294117647058432e-01,1.176470588235294101e-01
1.007261474802172803e-03,8.627450980392157298e-01,-7.843137254901960675e-02
1.007263474802116239e-03,9.019607843137255054e-01,1.176470588235294101e-01
1.007265474802059675e-03,9.411764705882352811e-01,3.921568627450980338e-02
1.007267474802003111e-03,8.627450980392157298e-01,-1.568627450980392135e-01
1.007269474801946547e-03,8.627450980392157298e-01,7.843137254901960675e-02
1.007271474801889983e-03,9.411764705882352811e-01,-7.843137254901960675e-02
1.007273474801833419e-03,9.411764705882352811e-01,3.921568627450980338e-02
1.007275474801776856e-03,8.627450980392157298e-01,7.843137254901960675e-02
1.007277474801720292e-03,8.627450980392157298e-01,-1.960784313725490169e-01
1.007279474801663728e-03,9.411764705882352811e-01,1.568627450980392135e-01
1.007281474801607164e-03,9.411764705882352811e-01,-3.921568627450980338e-02
1.007283474801550600e-03,8.627450980392157298e-01,0.000000000000000000e+00
1.007285474801494036e-03,8.627450980392157298e-01,7.843137254901960675e-02
1.007287474801437472e-03,9.019607843137255054e-01,0.000000000000000000e+00
1.007289474801380908e-03,9.411764705882352811e-01,7.843137254901960675e-02
1.007291474801324345e-03,8.627450980392157298e-01,-3.921568627450980338e-02
1.007293474801267781e-03,9.019607843137255054e-01,3.921568627450980338e-02
1.007295474801211217e-03,8.627450980392157298e-01,3.921568627450980338e-02
1.007297474801154653e-03,9.411764705882352811e-01,-7.843137254901960675e-02
1.007299474801098089e-03,8.627450980392157298e-01,1.568627450980392135e-01
1.007301474801041525e-03,8.627450980392157298e-01,-1.568627450980392135e-01
1.007303474800984961e-03,9.019607843137255054e-01,7.843137254901960675e-02
1.007305474800928398e-03,9.411764705882352811e-01,3.921568627450980338e-02
1.007307474800871834e-03,8.627450980392157298e-01,-7.843137254901960675e-02
1.007309474800815270e-03,8.627450980392157298e-01,1.176470588235294101e-01
1.007311474800758706e-03,9.019607843137255054e-01,-3.921568627450980338e-02
1.007313474800702142e-03,9.411764705882352811e-01,0.000000000000000000e+00
1.007315474800645578e-03,8.627450980392157298e-01,7.843137254901960675e-02
1.007317474800589014e-03,9.411764705882352811e-01,-1.960784313725490169e-01
1.007319474800532451e-03,9.019607843137255054e-01,1.176470588235294101e-01
1.007321474800475887e-03,9.411764705882352811e-01,-3.921568627450980338e-02
1.007323474800419323e-03,8.627450980392157298e-01,0.000000000000000000e+00
1.007325474800362759e-03,9.019607843137255054e-01,3.921568627450980338e-02
1.007327474800306195e-03,9.019607843137255054e-01,-3.921568627450980338e-02
1.007329474800249631e-03,9.411764705882352811e-01,7.843137254901960675e-02
1.007331474800193067e-03,8.627450980392157298e-01,-7.843137254901960675e-02
1.007333474800136503e-03,8.627450980392157298e-01,3.921568627450980338e-02
1.007335474800079940e-03,9.019607843137255054e-01,7.843137254901960675e-02
1.007337474800023376e-03,9.411764705882352811e-01,-7.843137254901960675e-02
1.007339474799966812e-03,8.235294117647058432e-01,1.176470588235294101e-01
1.007341474799910248e-03,9.019607843137255054e-01,0.000000000000000000e+00
1.007343474799853684e-03,8.627450980392157298e-01,7.843137254901960675e-02
1.007345474799797120e-03,9.411764705882352811e-01,3.921568627450980338e-02
1.007347474799740556e-03,8.627450980392157298e-01,-1.568627450980392135e-01
1.007349474799683993e-03,8.627450980392157298e-01,7.843137254901960675e-02
1.007351474799627429e-03,9.411764705882352811e-01,-1.568627450980392135e-01
1.007353474799570865e-03,9.411764705882352811e-01,3.921568627450980338e-02
1.007355474799514301e-03,8.627450980392157298e-01,7.843137254901960675e-02
1.007357474799457737e-03,9.019607843137255054e-01,-1.960784313725490169e-01
1.007359474799401173e-03,9.019607843137255054e-01,1.568627450980392135e-01
1.007361474799344609e-03,9.411764705882352811e-01,-3.921568627450980338e-02
1.007363474799288046e-03,8.627450980392157298e-01,-3.921568627450980338e-02
1.007365474799231482e-03,8.627450980392157298e-01,3.921568627450980338e-02
1.007367474799174918e-03,9.019607843137255054e-01,0.000000000000000000e+00
1.007369474799118354e-03,9.019607843137255054e-01,1.176470588235294101e-01
1.007371474799061790e-03,9.019607843137255054e-01,0.000000000000000000e+00
1.007373474799005226e-03,8.627450980392157298e-01,7.843137254901960675e-02
1.007375474798948662e-03,9.019607843137255054e-01,3.921568627450980338e-02
1.007377474798892098e-03,9.411764705882352811e-01,-7.843137254901960675e-02
1.007379474798835535e-03,8.235294117647058432e-01,7.843137254901960675e-02
1.007381474798778971e-03,9.019607843137255054e-01,-7.843137254901960675e-02
1.007383474798722407e-03,9.019607843137255054e-01,7.843137254901960675e-02
1.007385474798665843e-03,9.411764705882352811e-01,7.843137254901960675e-02
1.007387474798609279e-03,8.627450980392157298e-01,-7.843137254901960675e-02
1.007389474798552715e-03,9.019607843137255054e-01,1.176470588235294101e-01
1.007391474798496151e-03,9.019607843137255054e-01,-3.921568627450980338e-02
1.007393474798439588e-03,9.411764705882352811e-01,0.000000000000000000e+00
1.007395474798383024e-03,8.235294117647058432e-01,7.843137254901960675e-02
1.007397474798326460e-03,9.019607843137255054e-01,-1.568627450980392135e-01
1.007399474798269896e-03,9.019607843137255054e-01,1.960784313725490446e-01
1.007401474798213332e-03,9.019607843137255054e-01,-7.843137254901960675e-02
1.007403474798156768e-03,8.627450980392157298e-01,0.000000000000000000e+00
1.007405474798100204e-03,8.627450980392157298e-01,3.921568627450980338e-02
1.007407474798043641e-03,9.019607843137255054e-01,-3.921568627450980338e-02
1.007409474797987077e-03,9.019607843137255054e-01,1.568627450980392135e-01
1.007411474797930513e-03,8.627450980392157298e-01,-7.843137254901960675e-02
1.007413474797873949e-03,9.019607843137255054e-01,3.921568627450980338e-02
1.007415474797817385e-03,8.627450980392157298e-01,7.843137254901960675e-02
1.007417474797760821e-03,9.411764705882352811e-01,-7.843137254901960675e-02
1.007419474797704257e-03,8.627450980392157298e-01,1.568627450980392135e-01
1.007421474797647694e-03,8.627450980392157298e-01,-1.568627450980392135e-01
1.007423474797591130e-03,9.019607843137255054e-01,1.176470588235294101e-01
1.007425474797534566e-03,9.411764705882352811e-01,3.921568627450980338e-02
1.007427474797478002e-03,8.627450980392157298e-01,-7.843137254901960675e-02
1.007429474797421438e-03,8.235294117647058432e-01,1.176470588235294101e-01
1.007431474797364874e-03,9.019607843137255054e-01,-1.568627450980392135e-01
1.007433474797308310e-03,9.411764705882352811e-01,3.921568627450980338e-02
1.007435474797251746e-03,8.627450980392157298e-01,3.921568627450980338e-02
1.007437474797195183e-03,9.019607843137255054e-01,-1.960784313725490169e-01
1.007439474797138619e-03,9.019607843137255054e-01,1.568627450980392135e-01
1.007441474797082055e-03,9.411764705882352811e-01,0.000000000000000000e+00
1.007443474797025491e-03,8.627450980392157298e-01,0.000000000000000000e+00
1.007445474796968927e-03,8.627450980392157298e-01,3.921568627450980338e-02
1.007447474796912363e-03,9.019607843137255054e-01,-3.921568627450980338e-02
1.007449474796855799e-03,9.411764705882352811e-01,1.568627450980392135e-01
1.007451474796799236e-03,8.627450980392157298e-01,-3.921568627450980338e-02
1.007453474796742672e-03,9.019607843137255054e-01,7.843137254901960675e-02
1.007455474796686108e-03,9.019607843137255054e-01,7.843137254901960675e-02
1.007457474796629544e-03,9.411764705882352811e-01,-1.568627450980392135e-01
1.007459474796572980e-03,8.627450980392157298e-01,1.568627450980392135e-01
1.007461474796516416e-03,9.019607843137255054e-01,-7.843137254901960675e-02
1.007463474796459852e-03,9.019607843137255054e-01,7.843137254901960675e-02
1.007465474796403289e-03,9.411764705882352811e-01,0.000000000000000000e+00
1.007467474796346725e-03,8.627450980392157298e-01,-7.843137254901960675e-02
1.007469474796290161e-03,8.627450980392157298e-01,1.176470588235294101e-01
1.007471474796233597e-03,9.411764705882352811e-01,-7.843137254901960675e-02
1.007473474796177033e-03,9.411764705882352811e-01,0.000000000000000000e+00
1.007475474796120469e-03,8.627450980392157298e-01,3.921568627450980338e-02
1.007477474796063905e-03,9.019607843137255054e-01,-1.960784313725490169e-01
1.007479474796007341e-03,9.019607843137255054e-01,1.568627450980392135e-01
1.007481474795950778e-03,9.411764705882352811e-01,-7.843137254901960675e-02
1.007483474795894214e-03,8.627450980392157298e-01,0.000000000000000000e+00
1.007485474795837650e-03,9.019607843137255054e-01,7.843137254901960675e-02
1.007487474795781086e-03,9.019607843137255054e-01,-3.921568627450980338e-02
1.007489474795724522e-03,9.411764705882352811e-01,7.843137254901960675e-02
1.007491474795667958e-03,8.627450980392157298e-01,-3.921568627450980338e-02
1.007493474795611394e-03,9.019607843137255054e-01,3.921568627450980338e-02
1.007495474795554831e-03,9.411764705882352811e-01,3.921568627450980338e-02
1.007497474795498267e-03,9.019607843137255054e-01,-7.843137254901960675e-02
1.007499474795441703e-03,8.235294117647058432e-01,7.843137254901960675e-02
1.007501474795385139e-03,9.019607843137255054e-01,-1.568627450980392135e-01
1.007503474795328575e-03,9.019607843137255054e-01,1.176470588235294101e-01
1.007505474795272011e-03,9.411764705882352811e-01,7.843137254901960675e-02
1.007507474795215447e-03,8.627450980392157298e-01,-7.843137254901960675e-02
1.007509474795158884e-03,9.019607843137255054e-01,7.843137254901960675e-02
1.007511474795102320e-03,9.019607843137255054e-01,-3.921568627450980338e-02
1.007513474795045756e-03,9.411764705882352811e-01,0.000000000000000000e+00
1.007515474794989192e-03,8.235294117647058432e-01,7.843137254901960675e-02
1.007517474794932628e-03,9.019607843137255054e-01,-1.960784313725490169e-01
1.007519474794876064e-03,9.411764705882352811e-01,1.568627450980392135e-01
1.007521474794819500e-03,9.411764705882352811e-01,-7.843137254901960675e-02
1.007523474794762936e-03,8.627450980392157298e-01,0.000000000000000000e+00
1.007525474794706373e-03,9.019607843137255054e-01,7.843137254901960675e-02
1.007527474794649809e-03,9.019607843137255054e-01,-3.921568627450980338e-02
1.007529474794593245e-03,9.411764705882352811e-01,7.843137254901960675e-02
1.007531474794536681e-03,8.235294117647058432e-01,-3.921568627450980338e-02
1.007533474794480117e-03,8.627450980392157298e-01,3.921568627450980338e-02
1.007535474794423553e-03,9.019607843137255054e-01,0.000000000000000000e+00
1.007537474794366989e-03,9.411764705882352811e-01,-7.843137254901960675e-02
1.007539474794310426e-03,8.235294117647058432e-01,7.843137254901960675e-02
1.007541474794253862e-03,9.411764705882352811e-01,-7.843137254901960675e-02
1.007543474794197298e-03,9.019607843137255054e-01,7.843137254901960675e-02
1.007545474794140734e-03,9.803921568627450567e-01,7.843137254901960675e-02
1.007547474794084170e-03,8.627450980392157298e-01,-7.843137254901960675e-02
1.007549474794027606e-03,8.627450980392157298e-01,1.176470588235294101e-01
1.007551474793971042e-03,9.019607843137255054e-01,-1.568627450980392135e-01
1.007553474793914479e-03,9.411764705882352811e-01,3.921568627450980338e-02
1.007555474793857915e-03,8.235294117647058432e-01,7.843137254901960675e-02
1.007557474793801351e-03,9.019607843137255054e-01,-1.568627450980392135e-01
1.007559474793744787e-03,8.627450980392157298e-01,1.568627450980392135e-01
1.007561474793688223e-03,9.411764705882352811e-01,-3.921568627450980338e-02
1.007563474793631659e-03,8.627450980392157298e-01,0.000000000000000000e+00
1.007565474793575095e-03,8.235294117647058432e-01,7.843137254901960675e-02
1.007567474793518532e-03,9.411764705882352811e-01,0.000000000000000000e+00
1.007569474793461968e-03,9.411764705882352811e-01,7.843137254901960675e-02
1.007571474793405404e-03,8.627450980392157298e-01,-3.921568627450980338e-02
1.007573474793348840e-03,8.627450980392157298e-01,3.921568627450980338e-02
1.007575474793292276e-03,9.019607843137255054e-01,3.921568627450980338e-02
1.007577474793235712e-03,9.411764705882352811e-01,-7.843137254901960675e-02
1.007579474793179148e-03,8.235294117647058432e-01,7.843137254901960675e-02
1.007581474793122584e-03,8.627450980392157298e-01,-1.568627450980392135e-01
1.007583474793066021e-03,8.627450980392157298e-01,1.176470588235294101e-01
1.007585474793009457e-03,9.411764705882352811e-01,3.921568627450980338e-02
1.007587474792952893e-03,8.627450980392157298e-01,-7.843137254901960675e-02
1.007589474792896329e-03,8.235294117647058432e-01,1.568627450980392135e-01
1.007591474792839765e-03,9.019607843137255054e-01,-7.843137254901960675e-02
1.007593474792783201e-03,9.411764705882352811e-01,3.921568627450980338e-02
1.007595474792726637e-03,8.235294117647058432e-01,7.843137254901960675e-02
1.007597474792670074e-03,9.411764705882352811e-01,-1.568627450980392135e-01
1.007599474792613510e-03,9.019607843137255054e-01,1.568627450980392135e-01
1.007601474792556946e-03,9.411764705882352811e-01,-3.921568627450980338e-02
1.007603474792500382e-03,8.627450980392157298e-01,0.000000000000000000e+00
1.007605474792443818e-03,8.627450980392157298e-01,3.921568627450980338e-02
1.007607474792387254e-03,9.019607843137255054e-01,0.000000000000000000e+00
1.007609474792330690e-03,9.411764705882352811e-01,7.843137254901960675e-02
1.007611474792274127e-03,8.627450980392157298e-01,-3.921568627450980338e-02
1.007613474792217563e-03,9.019607843137255054e-01,3.921568627450980338e-02
1.007615474792160999e-03,9.019607843137255054e-01,7.843137254901960675e-02
1.007617474792104435e-03,9.411764705882352811e-01,-1.568627450980392135e-01
1.007619474792047871e-03,8.235294117647058432e-01,1.176470588235294101e-01
1.007621474791991307e-03,8.627450980392157298e-01,-1.568627450980392135e-01
1.007623474791934743e-03,9.019607843137255054e-01,1.176470588235294101e-01
1.007625474791878179e-03,9.411764705882352811e-01,3.921568627450980338e-02
1.007627474791821616e-03,8.235294117647058432e-01,-7.843137254901960675e-02
1.007629474791765052e-03,8.235294117647058432e-01,1.176470588235294101e-01
1.007631474791708488e-03,9.019607843137255054e-01,-7.843137254901960675e-02
1.007633474791651924e-03,9.411764705882352811e-01,3.921568627450980338e-02
1.007635474791595360e-03,9.019607843137255054e-01,7.843137254901960675e-02
1.007637474791538796e-03,9.019607843137255054e-01,-1.960784313725490169e-01
1.007639474791482232e-03,9.019607843137255054e-01,1.568627450980392135e-01
1.007641474791425669e-03,9.411764705882352811e-01,-3.921568627450980338e-02
1.007643474791369105e-03,8.627450980392157298e-01,0.000000000000000000e+00
1.007645474791312541e-03,8.235294117647058432e-01,3.921568627450980338e-02
1.007647474791255977e-03,8.627450980392157298e-01,-3.921568627450980338e-02
1.007649474791199413e-03,9.411764705882352811e-01,1.176470588235294101e-01
1.007651474791142849e-03,8.627450980392157298e-01,-3.921568627450980338e-02
1.007653474791086285e-03,8.627450980392157298e-01,3.921568627450980338e-02
1.007655474791029722e-03,8.627450980392157298e-01,3.921568627450980338e-02
1.007657474790973158e-03,9.411764705882352811e-01,-7.843137254901960675e-02
1.007659474790916594e-03,8.235294117647058432e-01,1.568627450980392135e-01
1.007661474790860030e-03,9.019607843137255054e-01,-1.568627450980392135e-01
1.007663474790803466e-03,9.019607843137255054e-01,3.921568627450980338e-02
1.007665474790746902e-03,9.411764705882352811e-01,3.921568627450980338e-02
1.007667474790690338e-03,8.627450980392157298e-01,-7.843137254901960675e-02
1.007669474790633775e-03,8.235294117647058432e-01,1.176470588235294101e-01
1.007671474790577211e-03,9.411764705882352811e-01,-3.921568627450980338e-02
1.007673474790520647e-03,9.411764705882352811e-01,0.000000000000000000e+00
1.007675474790464083e-03,8.627450980392157298e-01,3.921568627450980338e-02
1.007677474790407519e-03,9.019607843137255054e-01,-1.960784313725490169e-01
1.007679474790350955e-03,8.627450980392157298e-01,1.176470588235294101e-01
1.007681474790294391e-03,9.411764705882352811e-01,-7.843137254901960675e-02
1.007683474790237827e-03,8.627450980392157298e-01,0.000000000000000000e+00
1.007685474790181264e-03,9.019607843137255054e-01,7.843137254901960675e-02
1.007687474790124700e-03,9.411764705882352811e-01,-7.843137254901960675e-02
1.007689474790068136e-03,9.019607843137255054e-01,7.843137254901960675e-02
1.007691474790011572e-03,8.627450980392157298e-01,-3.921568627450980338e-02
1.007693474789955008e-03,8.627450980392157298e-01,3.921568627450980338e-02
1.007695474789898444e-03,8.627450980392157298e-01,3.921568627450980338e-02
1.007697474789841880e-03,9.411764705882352811e-01,-7.843137254901960675e-02
1.007699474789785317e-03,8.627450980392157298e-01,1.176470588235294101e-01
1.007701474789728753e-03,8.235294117647058432e-01,0.000000000000000000e+00
1.007703474789672189e-03,9.019607843137255054e-01,1.176470588235294101e-01
1.007705474789615625e-03,9.019607843137255054e-01,3.921568627450980338e-02
1.007707474789559061e-03,8.235294117647058432e-01,-7.843137254901960675e-02
1.007709474789502497e-03,8.627450980392157298e-01,7.843137254901960675e-02
1.007711474789445933e-03,9.019607843137255054e-01,-7.843137254901960675e-02
1.007713474789389370e-03,9.411764705882352811e-01,3.921568627450980338e-02
1.007715474789332806e-03,8.235294117647058432e-01,3.921568627450980338e-02
1.007717474789276242e-03,8.627450980392157298e-01,-1.568627450980392135e-01
1.007719474789219678e-03,9.019607843137255054e-01,1.176470588235294101e-01
1.007721474789163114e-03,9.411764705882352811e-01,-7.843137254901960675e-02
1.007723474789106550e-03,8.235294117647058432e-01,0.000000000000000000e+00
1.007725474789049986e-03,8.235294117647058432e-01,7.843137254901960675e-02
1.007727474788993422e-03,9.019607843137255054e-01,-3.921568627450980338e-02
1.007729474788936859e-03,9.411764705882352811e-01,7.843137254901960675e-02
1.007731474788880295e-03,8.235294117647058432e-01,-7.843137254901960675e-02
1.007733474788823731e-03,9.019607843137255054e-01,3.921568627450980338e-02
1.007735474788767167e-03,8.627450980392157298e-01,3.921568627450980338e-02
1.007737474788710603e-03,9.411764705882352811e-01,-7.843137254901960675e-02
1.007739474788654039e-03,8.235294117647058432e-01,1.176470588235294101e-01
1.007741474788597475e-03,9.019607843137255054e-01,-7.843137254901960675e-02
1.007743474788540912e-03,9.411764705882352811e-01,7.843137254901960675e-02
1.007745474788484348e-03,9.411764705882352811e-01,3.921568627450980338e-02
1.007747474788427784e-03,8.627450980392157298e-01,-7.843137254901960675e-02
1.007749474788371220e-03,8.627450980392157298e-01,7.843137254901960675e-02
1.007751474788314656e-03,9.411764705882352811e-01,-3.921568627450980338e-02
1.007753474788258092e-03,9.411764705882352811e-01,3.921568627450980338e-02
1.007755474788201528e-03,8.627450980392157298e-01,3.921568627450980338e-02
1.007757474788144965e-03,9.019607843137255054e-01,-1.960784313725490169e-01
1.007759474788088401e-03,9.019607843137255054e-01,1.176470588235294101e-01
1.007761474788031837e-03,9.411764705882352811e-01,-3.921568627450980338e-02
1.007763474787975273e-03,8.627450980392157298e-01,0.000000000000000000e+00
1.007765474787918709e-03,8.627450980392157298e-01,3.921568627450980338e-02
1.007767474787862145e-03,9.019607843137255054e-01,-3.921568627450980338e-02
1.007769474787805581e-03,9.411764705882352811e-01,1.176470588235294101e-01
1.007771474787749017e-03,8.627450980392157298e-01,-7.843137254901960675e-02
1.007773474787692454e-03,9.019607843137255054e-01,7.843137254901960675e-02
1.007775474787635890e-03,9.019607843137255054e-01,3.921568627450980338e-02
1.007777474787579326e-03,9.411764705882352811e-01,-7.843137254901960675e-02
1.007779474787522762e-03,8.235294117647058432e-01,1.568627450980392135e-01
1.007781474787466198e-03,9.019607843137255054e-01,-7.843137254901960675e-02
1.007783474787409634e-03,9.019607843137255054e-01,1.176470588235294101e-01
1.007785474787353070e-03,9.411764705882352811e-01,3.921568627450980338e-02
1.007787474787296507e-03,8.627450980392157298e-01,-7.843137254901960675e-02
1.007789474787239943e-03,8.627450980392157298e-01,7.843137254901960675e-02
1.007791474787183379e-03,9.411764705882352811e-01,-3.921568627450980338e-02
1.007793474787126815e-03,9.411764705882352811e-01,-3.921568627450980338e-02
1.007795474787070251e-03,8.235294117647058432e-01,7.843137254901960675e-02
1.007797474787013687e-03,9.019607843137255054e-01,-1.960784313725490169e-01
1.007799474786957123e-03,9.019607843137255054e-01,1.568627450980392135e-01
1.007801474786900560e-03,9.411764705882352811e-01,-7.843137254901960675e-02
1.007803474786843996e-03,9.019607843137255054e-01,0.000000000000000000e+00
1.007805474786787432e-03,8.627450980392157298e-01,3.921568627450980338e-02
1.007807474786730868e-03,9.019607843137255054e-01,-3.921568627450980338e-02
1.007809474786674304e-03,9.019607843137255054e-01,1.176470588235294101e-01
1.007811474786617740e-03,8.627450980392157298e-01,-7.843137254901960675e-02
1.007813474786561176e-03,9.019607843137255054e-01,3.921568627450980338e-02
1.007815474786504613e-03,9.019607843137255054e-01,0.000000000000000000e+00
1.007817474786448049e-03,9.411764705882352811e-01,-7.843137254901960675e-02
1.007819474786391485e-03,8.627450980392157298e-01,1.568627450980392135e-01
1.007821474786334921e-03,9.019607843137255054e-01,-7.843137254901960675e-02
1.007823474786278357e-03,9.019607843137255054e-01,7.843137254901960675e-02
1.007825474786221793e-03,9.411764705882352811e-01,3.921568627450980338e-02
1.007827474786165229e-03,8.235294117647058432e-01,-7.843137254901960675e-02
1.007829474786108665e-03,8.627450980392157298e-01,1.176470588235294101e-01
1.007831474786052102e-03,9.019607843137255054e-01,-1.568627450980392135e-01
1.007833474785995538e-03,9.411764705882352811e-01,0.000000000000000000e+00
1.007835474785938974e-03,8.235294117647058432e-01,7.843137254901960675e-02
1.007837474785882410e-03,8.627450980392157298e-01,-1.960784313725490169e-01
1.007839474785825846e-03,9.411764705882352811e-01,1.568627450980392135e-01
1.007841474785769282e-03,9.411764705882352811e-01,-3.921568627450980338e-02
1.007843474785712718e-03,8.627450980392157298e-01,0.000000000000000000e+00
1.007845474785656155e-03,8.627450980392157298e-01,7.843137254901960675e-02
1.007847474785599591e-03,9.019607843137255054e-01,-3.921568627450980338e-02
1.007849474785543027e-03,9.019607843137255054e-01,1.568627450980392135e-01
1.007851474785486463e-03,8.627450980392157298e-01,-3.921568627450980338e-02
1.007853474785429899e-03,8.627450980392157298e-01,3.921568627450980338e-02
1.007855474785373335e-03,9.019607843137255054e-01,3.921568627450980338e-02
1.007857474785316771e-03,9.411764705882352811e-01,-7.843137254901960675e-02
1.007859474785260208e-03,8.627450980392157298e-01,1.176470588235294101e-01
1.007861474785203644e-03,9.019607843137255054e-01,-7.843137254901960675e-02
1.007863474785147080e-03,9.019607843137255054e-01,7.843137254901960675e-02
1.007865474785090516e-03,9.411764705882352811e-01,3.921568627450980338e-02
1.007867474785033952e-03,8.627450980392157298e-01,-1.568627450980392135e-01
1.007869474784977388e-03,8.627450980392157298e-01,1.176470588235294101e-01
1.007871474784920824e-03,9.019607843137255054e-01,-7.843137254901960675e-02
1.007873474784864260e-03,9.411764705882352811e-01,3.921568627450980338e-02
1.007875474784807697e-03,8.235294117647058432e-01,7.843137254901960675e-02
1.007877474784751133e-03,9.019607843137255054e-01,-1.960784313725490169e-01
1.007879474784694569e-03,9.019607843137255054e-01,1.568627450980392135e-01
1.007881474784638005e-03,9.411764705882352811e-01,-3.921568627450980338e-02
1.007883474784581441e-03,8.235294117647058432e-01,0.000000000000000000e+00
1.007885474784524877e-03,8.627450980392157298e-01,7.843137254901960675e-02
1.007887474784468313e-03,9.019607843137255054e-01,-3.921568627450980338e-02
1.007889474784411750e-03,9.411764705882352811e-01,7.843137254901960675e-02
1.007891474784355186e-03,8.627450980392157298e-01,-7.843137254901960675e-02
1.007893474784298622e-03,9.019607843137255054e-01,3.921568627450980338e-02
1.007895474784242058e-03,8.627450980392157298e-01,7.843137254901960675e-02
1.007897474784185494e-03,9.411764705882352811e-01,-7.843137254901960675e-02
1.007899474784128930e-03,8.235294117647058432e-01,1.568627450980392135e-01
1.007901474784072366e-03,8.235294117647058432e-01,-7.843137254901960675e-02
1.007903474784015803e-03,9.019607843137255054e-01,1.176470588235294101e-01
1.007905474783959239e-03,9.411764705882352811e-01,0.000000000000000000e+00
1.007907474783902675e-03,8.235294117647058432e-01,-1.568627450980392135e-01
1.007909474783846111e-03,9.019607843137255054e-01,1.176470588235294101e-01
1.007911474783789547e-03,9.411764705882352811e-01,-3.921568627450980338e-02
1.007913474783732983e-03,9.411764705882352811e-01,3.921568627450980338e-02
1.007915474783676419e-03,8.627450980392157298e-01,7.843137254901960675e-02
1.007917474783619856e-03,8.627450980392157298e-01,-1.568627450980392135e-01
1.007919474783563292e-03,8.627450980392157298e-01,1.568627450980392135e-01
1.007921474783506728e-03,9.019607843137255054e-01,0.000000000000000000e+00
1.007923474783450164e-03,8.627450980392157298e-01,0.000000000000000000e+00
1.007925474783393600e-03,8.235294117647058432e-01,3.921568627450980338e-02
1.007927474783337036e-03,8.627450980392157298e-01,-3.921568627450980338e-02
1.007929474783280472e-03,9.411764705882352811e-01,7.843137254901960675e-02
1.007931474783223908e-03,8.627450980392157298e-01,-3.921568627450980338e-02
1.007933474783167345e-03,8.627450980392157298e-01,3.921568627450980338e-02
1.007935474783110781e-03,8.627450980392157298e-01,3.921568627450980338e-02
1.007937474783054217e-03,9.411764705882352811e-01,-7.843137254901960675e-02
1.007939474782997653e-03,8.627450980392157298e-01,1.568627450980392135e-01
1.007941474782941089e-03,9.411764705882352811e-01,-1.568627450980392135e-01
1.007943474782884525e-03,9.411764705882352811e-01,7.843137254901960675e-02
1.007945474782827961e-03,9.411764705882352811e-01,0.000000000000000000e+00
1.007947474782771398e-03,8.235294117647058432e-01,-7.843137254901960675e-02
1.007949474782714834e-03,8.235294117647058432e-01,1.176470588235294101e-01
1.007951474782658270e-03,9.019607843137255054e-01,-3.921568627450980338e-02
1.007953474782601706e-03,9.411764705882352811e-01,3.921568627450980338e-02
1.007955474782545142e-03,8.235294117647058432e-01,7.843137254901960675e-02
1.007957474782488578e-03,9.019607843137255054e-01,-1.568627450980392135e-01
1.007959474782432014e-03,9.019607843137255054e-01,1.568627450980392135e-01
1.007961474782375451e-03,9.411764705882352811e-01,0.000000000000000000e+00
1.007963474782318887e-03,8.627450980392157298e-01,0.000000000000000000e+00
1.007965474782262323e-03,8.627450980392157298e-01,7.843137254901960675e-02
1.007967474782205759e-03,9.019607843137255054e-01,-3.921568627450980338e-02
1.007969474782149195e-03,9.019607843137255054e-01,7.843137254901960675e-02
1.007971474782092631e-03,8.627450980392157298e-01,-3.921568627450980338e-02
1.007973474782036067e-03,9.019607843137255054e-01,3.921568627450980338e-02
1.007975474781979503e-03,8.627450980392157298e-01,3.921568627450980338e-02
1.007977474781922940e-03,9.411764705882352811e-01,-7.843137254901960675e-02
1.007979474781866376e-03,8.235294117647058432e-01,1.568627450980392135e-01
1.007981474781809812e-03,9.019607843137255054e-01,-7.843137254901960675e-02
1.007983474781753248e-03,9.019607843137255054e-01,7.843137254901960675e-02
1.007985474781696684e-03,9.411764705882352811e-01,0.000000000000000000e+00
1.007987474781640120e-03,8.627450980392157298e-01,-7.843137254901960675e-02
1.007989474781583556e-03,9.019607843137255054e-01,1.176470588235294101e-01
1.007991474781526993e-03,9.411764705882352811e-01,-3.921568627450980338e-02
1.007993474781470429e-03,9.411764705882352811e-01,0.000000000000000000e+00
1.007995474781413865e-03,8.627450980392157298e-01,7.843137254901960675e-02
1.007997474781357301e-03,9.019607843137255054e-01,-1.568627450980392135e-01
1.007999474781300737e-03,9.019607843137255054e-01,1.568627450980392135e-01
1.008001474781244173e-03,9.411764705882352811e-01,-3.921568627450980338e-02
1.008003474781187609e-03,8.627450980392157298e-01,0.000000000000000000e+00
1.008005474781131046e-03,8.235294117647058432e-01,7.843137254901960675e-02
1.008007474781074482e-03,9.019607843137255054e-01,0.000000000000000000e+00
1.008009474781017918e-03,9.411764705882352811e-01,7.843137254901960675e-02
1.008011474780961354e-03,8.235294117647058432e-01,-3.921568627450980338e-02
1.008013474780904790e-03,8.627450980392157298e-01,7.843137254901960675e-02
1.008015474780848226e-03,9.019607843137255054e-01,3.921568627450980338e-02
1.008017474780791662e-03,9.411764705882352811e-01,-7.843137254901960675e-02
1.008019474780735098e-03,8.235294117647058432e-01,1.568627450980392135e-01
1.008021474780678535e-03,8.627450980392157298e-01,-1.568627450980392135e-01
1.008023474780621971e-03,9.019607843137255054e-01,1.176470588235294101e-01
1.008025474780565407e-03,9.411764705882352811e-01,0.000000000000000000e+00
1.008027474780508843e-03,8.235294117647058432e-01,-7.843137254901960675e-02
1.008029474780452279e-03,9.019607843137255054e-01,1.176470588235294101e-01
1.008031474780395715e-03,9.019607843137255054e-01,-7.843137254901960675e-02
1.008033474780339151e-03,9.411764705882352811e-01,3.921568627450980338e-02
1.008035474780282588e-03,8.627450980392157298e-01,7.843137254901960675e-02
1.008037474780226024e-03,9.019607843137255054e-01,-1.568627450980392135e-01
1.008039474780169460e-03,9.019607843137255054e-01,1.568627450980392135e-01
1.008041474780112896e-03,9.019607843137255054e-01,-3.921568627450980338e-02
1.008043474780056332e-03,8.627450980392157298e-01,0.000000000000000000e+00
1.008045474779999768e-03,8.627450980392157298e-01,3.921568627450980338e-02
1.008047474779943204e-03,9.019607843137255054e-01,-3.921568627450980338e-02
1.008049474779886641e-03,9.411764705882352811e-01,1.568627450980392135e-01
1.008051474779830077e-03,8.627450980392157298e-01,-7.843137254901960675e-02
1.008053474779773513e-03,8.627450980392157298e-01,3.921568627450980338e-02
1.008055474779716949e-03,8.627450980392157298e-01,3.921568627450980338e-02
1.008057474779660385e-03,9.411764705882352811e-01,-1.960784313725490169e-01
1.008059474779603821e-03,8.235294117647058432e-01,1.568627450980392135e-01
1.008061474779547257e-03,9.019607843137255054e-01,-3.921568627450980338e-02
1.008063474779490694e-03,9.019607843137255054e-01,7.843137254901960675e-02
1.008065474779434130e-03,9.411764705882352811e-01,7.843137254901960675e-02
1.008067474779377566e-03,8.627450980392157298e-01,-7.843137254901960675e-02
1.008069474779321002e-03,8.627450980392157298e-01,1.176470588235294101e-01
1.008071474779264438e-03,9.019607843137255054e-01,-3.921568627450980338e-02
1.008073474779207874e-03,9.411764705882352811e-01,3.921568627450980338e-02
1.008075474779151310e-03,8.235294117647058432e-01,7.843137254901960675e-02
1.008077474779094746e-03,8.235294117647058432e-01,-1.960784313725490169e-01
1.008079474779038183e-03,9.019607843137255054e-01,1.568627450980392135e-01
1.008081474778981619e-03,9.411764705882352811e-01,-3.921568627450980338e-02
1.008083474778925055e-03,8.627450980392157298e-01,0.000000000000000000e+00
1.008085474778868491e-03,8.627450980392157298e-01,3.921568627450980338e-02
1.008087474778811927e-03,9.019607843137255054e-01,-3.921568627450980338e-02
1.008089474778755363e-03,9.019607843137255054e-01,7.843137254901960675e-02
1.008091474778698799e-03,8.627450980392157298e-01,-3.921568627450980338e-02
1.008093474778642236e-03,8.627450980392157298e-01,3.921568627450980338e-02
1.008095474778585672e-03,8.627450980392157298e-01,7.843137254901960675e-02
1.008097474778529108e-03,9.411764705882352811e-01,-7.843137254901960675e-02
1.008099474778472544e-03,8.235294117647058432e-01,1.176470588235294101e-01
1.008101474778415980e-03,9.019607843137255054e-01,-1.568627450980392135e-01
1.008103474778359416e-03,9.019607843137255054e-01,7.843137254901960675e-02
1.008105474778302852e-03,9.411764705882352811e-01,3.921568627450980338e-02
1.008107474778246289e-03,8.627450980392157298e-01,-1.568627450980392135e-01
1.008109474778189725e-03,8.627450980392157298e-01,1.568627450980392135e-01
1.008111474778133161e-03,8.627450980392157298e-01,-7.843137254901960675e-02
1.008113474778076597e-03,9.411764705882352811e-01,0.000000000000000000e+00
1.008115474778020033e-03,8.627450980392157298e-01,3.921568627450980338e-02
1.008117474777963469e-03,8.627450980392157298e-01,-1.960784313725490169e-01
1.008119474777906905e-03,9.411764705882352811e-01,1.568627450980392135e-01
1.008121474777850341e-03,9.411764705882352811e-01,-7.843137254901960675e-02
1.008123474777793778e-03,8.627450980392157298e-01,0.000000000000000000e+00
1.008125474777737214e-03,9.019607843137255054e-01,3.921568627450980338e-02
1.008127474777680650e-03,9.411764705882352811e-01,0.000000000000000000e+00
1.008129474777624086e-03,9.019607843137255054e-01,7.843137254901960675e-02
1.008131474777567522e-03,8.627450980392157298e-01,-3.921568627450980338e-02
1.008133474777510958e-03,9.019607843137255054e-01,3.921568627450980338e-02
1.008135474777454394e-03,8.627450980392157298e-01,0.000000000000000000e+00
1.008137474777397831e-03,9.411764705882352811e-01,-7.843137254901960675e-02
1.008139474777341267e-03,8.235294117647058432e-01,1.568627450980392135e-01
1.008141474777284703e-03,8.627450980392157298e-01,-3.921568627450980338e-02
1.008143474777228139e-03,9.019607843137255054e-01,1.176470588235294101e-01
1.008145474777171575e-03,9.411764705882352811e-01,3.921568627450980338e-02
1.008147474777115011e-03,8.627450980392157298e-01,-7.843137254901960675e-02
1.008149474777058447e-03,8.627450980392157298e-01,7.843137254901960675e-02
1.008151474777001884e-03,9.411764705882352811e-01,-1.568627450980392135e-01
1.008153474776945320e-03,9.411764705882352811e-01,0.000000000000000000e+00
1.008155474776888756e-03,8.235294117647058432e-01,7.843137254901960675e-02
1.008157474776832192e-03,9.019607843137255054e-01,-1.568627450980392135e-01
1.008159474776775628e-03,9.019607843137255054e-01,1.568627450980392135e-01
1.008161474776719064e-03,9.411764705882352811e-01,-7.843137254901960675e-02
1.008163474776662500e-03,8.627450980392157298e-01,0.000000000000000000e+00
1.008165474776605936e-03,8.235294117647058432e-01,7.843137254901960675e-02
1.008167474776549373e-03,9.411764705882352811e-01,-3.921568627450980338e-02
1.008169474776492809e-03,9.411764705882352811e-01,1.176470588235294101e-01
1.008171474776436245e-03,8.235294117647058432e-01,-3.921568627450980338e-02
1.008173474776379681e-03,9.019607843137255054e-01,3.921568627450980338e-02
1.008175474776323117e-03,9.019607843137255054e-01,7.843137254901960675e-02
1.008177474776266553e-03,9.411764705882352811e-01,-7.843137254901960675e-02
1.008179474776209989e-03,8.627450980392157298e-01,1.176470588235294101e-01
1.008181474776153426e-03,8.627450980392157298e-01,0.000000000000000000e+00
1.008183474776096862e-03,9.019607843137255054e-01,1.176470588235294101e-01
1.008185474776040298e-03,9.411764705882352811e-01,7.843137254901960675e-02
1.008187474775983734e-03,8.235294117647058432e-01,-7.843137254901960675e-02
1.008189474775927170e-03,8.235294117647058432e-01,7.843137254901960675e-02
1.008191474775870606e-03,9.019607843137255054e-01,-7.843137254901960675e-02
1.008193474775814042e-03,9.411764705882352811e-01,3.921568627450980338e-02
1.008195474775757479e-03,8.235294117647058432e-01,7.843137254901960675e-02
1.008197474775700915e-03,9.019607843137255054e-01,-1.568627450980392135e-01
1.008199474775644351e-03,9.019607843137255054e-01,1.568627450980392135e-01
1.008201474775587787e-03,9.411764705882352811e-01,0.000000000000000000e+00
1.008203474775531223e-03,8.235294117647058432e-01,0.000000000000000000e+00
1.008205474775474659e-03,8.627450980392157298e-01,7.843137254901960675e-02
1.008207474775418095e-03,9.019607843137255054e-01,-3.921568627450980338e-02
1.008209474775361532e-03,9.411764705882352811e-01,7.843137254901960675e-02
1.008211474775304968e-03,8.627450980392157298e-01,-3.921568627450980338e-02
1.008213474775248404e-03,9.019607843137255054e-01,3.921568627450980338e-02
1.008215474775191840e-03,9.019607843137255054e-01,3.921568627450980338e-02
1.008217474775135276e-03,9.019607843137255054e-01,-7.843137254901960675e-02
1.008219474775078712e-03,8.235294117647058432e-01,1.176470588235294101e-01
1.008221474775022148e-03,9.019607843137255054e-01,-1.568627450980392135e-01
1.008223474774965584e-03,9.019607843137255054e-01,7.843137254901960675e-02
1.008225474774909021e-03,9.411764705882352811e-01,7.843137254901960675e-02
1.008227474774852457e-03,8.627450980392157298e-01,-7.843137254901960675e-02
1.008229474774795893e-03,8.627450980392157298e-01,1.176470588235294101e-01
1.008231474774739329e-03,9.019607843137255054e-01,-7.843137254901960675e-02
1.008233474774682765e-03,9.411764705882352811e-01,3.921568627450980338e-02
1.008235474774626201e-03,8.235294117647058432e-01,7.843137254901960675e-02
1.008237474774569637e-03,8.627450980392157298e-01,-1.568627450980392135e-01
1.008239474774513074e-03,9.019607843137255054e-01,1.568627450980392135e-01
1.008241474774456510e-03,9.411764705882352811e-01,-3.921568627450980338e-02
1.008243474774399946e-03,8.627450980392157298e-01,0.000000000000000000e+00
1.008245474774343382e-03,9.019607843137255054e-01,7.843137254901960675e-02
1.008247474774286818e-03,9.019607843137255054e-01,0.000000000000000000e+00
1.008249474774230254e-03,9.411764705882352811e-01,7.843137254901960675e-02
1.008251474774173690e-03,8.627450980392157298e-01,-3.921568627450980338e-02
1.008253474774117127e-03,8.627450980392157298e-01,3.921568627450980338e-02
1.008255474774060563e-03,9.019607843137255054e-01,3.921568627450980338e-02
1.008257474774003999e-03,9.411764705882352811e-01,-7.843137254901960675e-02
1.008259474773947435e-03,8.235294117647058432e-01,1.568627450980392135e-01
1.008261474773890871e-03,9.019607843137255054e-01,-1.568627450980392135e-01
1.008263474773834307e-03,8.627450980392157298e-01,1.176470588235294101e-01
1.008265474773777743e-03,9.019607843137255054e-01,3.921568627450980338e-02
1.008267474773721179e-03,9.019607843137255054e-01,-7.843137254901960675e-02
1.008269474773664616e-03,8.627450980392157298e-01,1.176470588235294101e-01
1.008271474773608052e-03,9.019607843137255054e-01,-7.843137254901960675e-02
1.008273474773551488e-03,9.411764705882352811e-01,3.921568627450980338e-02
1.008275474773494924e-03,8.235294117647058432e-01,3.921568627450980338e-02
1.008277474773438360e-03,9.019607843137255054e-01,-1.960784313725490169e-01
1.008279474773381796e-03,9.019607843137255054e-01,1.568627450980392135e-01
1.008281474773325232e-03,9.411764705882352811e-01,-3.921568627450980338e-02
1.008283474773268669e-03,8.235294117647058432e-01,0.000000000000000000e+00
1.008285474773212105e-03,8.627450980392157298e-01,3.921568627450980338e-02
1.008287474773155541e-03,9.411764705882352811e-01,-3.921568627450980338e-02
1.008289474773098977e-03,9.019607843137255054e-01,7.843137254901960675e-02
1.008291474773042413e-03,8.627450980392157298e-01,-7.843137254901960675e-02
1.008293474772985849e-03,9.411764705882352811e-01,3.921568627450980338e-02
1.008295474772929285e-03,9.019607843137255054e-01,3.921568627450980338e-02
1.008297474772872722e-03,9.411764705882352811e-01,-7.843137254901960675e-02
1.008299474772816158e-03,8.235294117647058432e-01,1.176470588235294101e-01
1.008301474772759594e-03,9.019607843137255054e-01,-1.568627450980392135e-01
1.008303474772703030e-03,9.411764705882352811e-01,7.843137254901960675e-02
1.008305474772646466e-03,9.411764705882352811e-01,3.921568627450980338e-02
1.008307474772589902e-03,9.019607843137255054e-01,-7.843137254901960675e-02
1.008309474772533338e-03,8.235294117647058432e-01,1.176470588235294101e-01
1.008311474772476775e-03,9.019607843137255054e-01,-3.921568627450980338e-02
1.008313474772420211e-03,9.411764705882352811e-01,3.921568627450980338e-02
1.008315474772363647e-03,8.627450980392157298e-01,1.176470588235294101e-01
1.008317474772307083e-03,9.411764705882352811e-01,-1.960784313725490169e-01
1.008319474772250519e-03,9.019607843137255054e-01,1.568627450980392135e-01
1.008321474772193955e-03,9.411764705882352811e-01,-7.843137254901960675e-02
1.008323474772137391e-03,8.627450980392157298e-01,0.000000000000000000e+00
1.008325474772080827e-03,8.235294117647058432e-01,3.921568627450980338e-02
1.008327474772024264e-03,9.019607843137255054e-01,-3.921568627450980338e-02
1.008329474771967700e-03,9.019607843137255054e-01,1.176470588235294101e-01
1.008331474771911136e-03,8.627450980392157298e-01,-3.921568627450980338e-02
1.008333474771854572e-03,9.411764705882352811e-01,3.921568627450980338e-02
1.008335474771798008e-03,9.411764705882352811e-01,3.921568627450980338e-02
1.008337474771741444e-03,9.803921568627450567e-01,-7.843137254901960675e-02
1.008339474771684880e-03,8.235294117647058432e-01,1.568627450980392135e-01
1.008341474771628317e-03,9.019607843137255054e-01,0.000000000000000000e+00
1.008343474771571753e-03,9.019607843137255054e-01,7.843137254901960675e-02
1.008345474771515189e-03,9.411764705882352811e-01,3.921568627450980338e-02
1.008347474771458625e-03,8.627450980392157298e-01,-7.843137254901960675e-02
1.008349474771402061e-03,8.627450980392157298e-01,1.176470588235294101e-01
1.008351474771345497e-03,9.019607843137255054e-01,-3.921568627450980338e-02
1.008353474771288933e-03,9.411764705882352811e-01,0.000000000000000000e+00
1.008355474771232370e-03,8.235294117647058432e-01,7.843137254901960675e-02
1.008357474771175806e-03,8.627450980392157298e-01,-1.960784313725490169e-01
1.008359474771119242e-03,9.019607843137255054e-01,1.568627450980392135e-01
1.008361474771062678e-03,9.411764705882352811e-01,-3.921568627450980338e-02
1.008363474771006114e-03,8.235294117647058432e-01,0.000000000000000000e+00
1.008365474770949550e-03,8.627450980392157298e-01,3.921568627450980338e-02
1.008367474770892986e-03,9.019607843137255054e-01,-3.921568627450980338e-02
1.008369474770836422e-03,9.019607843137255054e-01,7.843137254901960675e-02
1.008371474770779859e-03,8.627450980392157298e-01,-3.921568627450980338e-02
1.008373474770723295e-03,9.019607843137255054e-01,3.921568627450980338e-02
1.008375474770666731e-03,9.019607843137255054e-01,7.843137254901960675e-02
1.008377474770610167e-03,9.411764705882352811e-01,-7.843137254901960675e-02
1.008379474770553603e-03,8.627450980392157298e-01,1.176470588235294101e-01
1.008381474770497039e-03,9.019607843137255054e-01,-7.843137254901960675e-02
1.008383474770440475e-03,9.019607843137255054e-01,1.176470588235294101e-01
1.008385474770383912e-03,9.019607843137255054e-01,3.921568627450980338e-02
1.008387474770327348e-03,8.627450980392157298e-01,-7.843137254901960675e-02
1.008389474770270784e-03,9.019607843137255054e-01,1.176470588235294101e-01
1.008391474770214220e-03,9.019607843137255054e-01,-7.843137254901960675e-02
1.008393474770157656e-03,9.411764705882352811e-01,3.921568627450980338e-02
1.008395474770101092e-03,8.627450980392157298e-01,7.843137254901960675e-02
1.008397474770044528e-03,9.411764705882352811e-01,-1.568627450980392135e-01
1.008399474769987965e-03,8.627450980392157298e-01,1.568627450980392135e-01
1.008401474769931401e-03,9.411764705882352811e-01,-3.921568627450980338e-02
1.008403474769874837e-03,8.627450980392157298e-01,0.000000000000000000e+00
1.008405474769818273e-03,8.235294117647058432e-01,7.843137254901960675e-02
1.008407474769761709e-03,9.411764705882352811e-01,-3.921568627450980338e-02
1.008409474769705145e-03,9.411764705882352811e-01,7.843137254901960675e-02
1.008411474769648581e-03,8.627450980392157298e-01,-3.921568627450980338e-02
1.008413474769592017e-03,9.019607843137255054e-01,3.921568627450980338e-02
1.008415474769535454e-03,9.019607843137255054e-01,3.921568627450980338e-02
1.008417474769478890e-03,9.411764705882352811e-01,-1.568627450980392135e-01
1.008419474769422326e-03,8.627450980392157298e-01,1.568627450980392135e-01
1.008421474769365762e-03,8.627450980392157298e-01,-7.843137254901960675e-02
1.008423474769309198e-03,9.019607843137255054e-01,7.843137254901960675e-02
1.008425474769252634e-03,9.411764705882352811e-01,3.921568627450980338e-02
1.008427474769196070e-03,8.627450980392157298e-01,-7.843137254901960675e-02
1.008429474769139507e-03,8.627450980392157298e-01,1.176470588235294101e-01
1.008431474769082943e-03,9.411764705882352811e-01,-3.921568627450980338e-02
1.008433474769026379e-03,9.019607843137255054e-01,3.921568627450980338e-02
1.008435474768969815e-03,8.627450980392157298e-01,7.843137254901960675e-02
1.008437474768913251e-03,9.019607843137255054e-01,-1.960784313725490169e-01
1.008439474768856687e-03,9.411764705882352811e-01,1.176470588235294101e-01
1.008441474768800123e-03,9.411764705882352811e-01,0.000000000000000000e+00
1.008443474768743560e-03,8.235294117647058432e-01,0.000000000000000000e+00
1.008445474768686996e-03,8.627450980392157298e-01,3.921568627450980338e-02
1.008447474768630432e-03,9.019607843137255054e-01,-3.921568627450980338e-02
1.008449474768573868e-03,9.019607843137255054e-01,7.843137254901960675e-02
1.008451474768517304e-03,8.627450980392157298e-01,-7.843137254901960675e-02
1.008453474768460740e-03,9.019607843137255054e-01,0.000000000000000000e+00
1.008455474768404176e-03,9.019607843137255054e-01,3.921568627450980338e-02
1.008457474768347613e-03,9.411764705882352811e-01,-7.843137254901960675e-02
1.008459474768291049e-03,8.235294117647058432e-01,1.568627450980392135e-01
1.008461474768234485e-03,9.019607843137255054e-01,-1.568627450980392135e-01
1.008463474768177921e-03,9.411764705882352811e-01,7.843137254901960675e-02
1.008465474768121357e-03,9.411764705882352811e-01,3.921568627450980338e-02
1.008467474768064793e-03,8.235294117647058432e-01,-1.568627450980392135e-01
1.008469474768008229e-03,8.627450980392157298e-01,7.843137254901960675e-02
1.008471474767951665e-03,9.411764705882352811e-01,-7.843137254901960675e-02
1.008473474767895102e-03,9.411764705882352811e-01,0.000000000000000000e+00
1.008475474767838538e-03,8.627450980392157298e-01,3.921568627450980338e-02
1.008477474767781974e-03,9.019607843137255054e-01,-1.960784313725490169e-01
1.008479474767725410e-03,8.627450980392157298e-01,1.568627450980392135e-01
1.008481474767668846e-03,9.411764705882352811e-01,-3.921568627450980338e-02
1.008483474767612282e-03,8.627450980392157298e-01,0.000000000000000000e+00
1.008485474767555718e-03,9.019607843137255054e-01,7.843137254901960675e-02
1.008487474767499155e-03,9.019607843137255054e-01,-3.921568627450980338e-02
1.008489474767442591e-03,9.411764705882352811e-01,7.843137254901960675e-02
1.008491474767386027e-03,8.627450980392157298e-01,-3.921568627450980338e-02
1.008493474767329463e-03,9.019607843137255054e-01,3.921568627450980338e-02
1.008495474767272899e-03,9.019607843137255054e-01,7.843137254901960675e-02
1.008497474767216335e-03,9.411764705882352811e-01,-7.843137254901960675e-02
1.008499474767159771e-03,8.235294117647058432e-01,1.568627450980392135e-01
1.008501474767103208e-03,9.411764705882352811e-01,-7.843137254901960675e-02
1.008503474767046644e-03,9.019607843137255054e-01,7.843137254901960675e-02
1.008505474766990080e-03,9.411764705882352811e-01,3.921568627450980338e-02
1.008507474766933516e-03,8.627450980392157298e-01,-1.568627450980392135e-01
1.008509474766876952e-03,8.627450980392157298e-01,1.176470588235294101e-01
1.008511474766820388e-03,9.019607843137255054e-01,-3.921568627450980338e-02
1.008513474766763824e-03,9.411764705882352811e-01,0.000000000000000000e+00
1.008515474766707260e-03,8.235294117647058432e-01,7.843137254901960675e-02
1.008517474766650697e-03,9.411764705882352811e-01,-1.568627450980392135e-01
1.008519474766594133e-03,9.019607843137255054e-01,1.568627450980392135e-01
1.008521474766537569e-03,9.019607843137255054e-01,-3.921568627450980338e-02
1.008523474766481005e-03,8.235294117647058432e-01,0.000000000000000000e+00
1.008525474766424441e-03,9.019607843137255054e-01,7.843137254901960675e-02
1.008527474766367877e-03,9.019607843137255054e-01,-3.921568627450980338e-02
1.008529474766311313e-03,9.411764705882352811e-01,7.843137254901960675e-02
1.008531474766254750e-03,8.627450980392157298e-01,0.000000000000000000e+00
1.008533474766198186e-03,8.627450980392157298e-01,3.921568627450980338e-02
1.008535474766141622e-03,9.411764705882352811e-01,3.921568627450980338e-02
1.008537474766085058e-03,9.411764705882352811e-01,-7.843137254901960675e-02
1.008539474766028494e-03,8.627450980392157298e-01,7.843137254901960675e-02
1.008541474765971930e-03,9.019607843137255054e-01,0.000000000000000000e+00
1.008543474765915366e-03,9.411764705882352811e-01,7.843137254901960675e-02
1.008545474765858803e-03,9.411764705882352811e-01,3.921568627450980338e-02
1.008547474765802239e-03,8.627450980392157298e-01,-7.843137254901960675e-02
1.008549474765745675e-03,8.627450980392157298e-01,1.176470588235294101e-01
1.008551474765689111e-03,9.411764705882352811e-01,-3.921568627450980338e-02
1.008553474765632547e-03,9.411764705882352811e-01,0.000000000000000000e+00
1.008555474765575983e-03,8.627450980392157298e-01,1.176470588235294101e-01
1.008557474765519419e-03,9.019607843137255054e-01,-1.960784313725490169e-01
1.008559474765462856e-03,9.019607843137255054e-01,1.568627450980392135e-01
1.008561474765406292e-03,9.411764705882352811e-01,-3.921568627450980338e-02
1.008563474765349728e-03,8.627450980392157298e-01,0.000000000000000000e+00
1.008565474765293164e-03,8.627450980392157298e-01,7.843137254901960675e-02
1.008567474765236600e-03,9.411764705882352811e-01,-3.921568627450980338e-02
1.008569474765180036e-03,9.019607843137255054e-01,1.176470588235294101e-01
1.008571474765123472e-03,8.627450980392157298e-01,-3.921568627450980338e-02
1.008573474765066908e-03,9.019607843137255054e-01,7.843137254901960675e-02
1.008575474765010345e-03,9.411764705882352811e-01,7.843137254901960675e-02
1.008577474764953781e-03,9.411764705882352811e-01,-7.843137254901960675e-02
1.008579474764897217e-03,8.235294117647058432e-01,1.568627450980392135e-01
1.008581474764840653e-03,9.019607843137255054e-01,0.000000000000000000e+00
1.008583474764784089e-03,9.019607843137255054e-01,1.176470588235294101e-01
1.008585474764727525e-03,9.411764705882352811e-01,3.921568627450980338e-02
1.008587474764670961e-03,8.627450980392157298e-01,-1.568627450980392135e-01
1.008589474764614398e-03,8.627450980392157298e-01,7.843137254901960675e-02
1.008591474764557834e-03,9.411764705882352811e-01,-7.843137254901960675e-02
1.008593474764501270e-03,9.411764705882352811e-01,0.000000000000000000e+00
1.008595474764444706e-03,8.627450980392157298e-01,7.843137254901960675e-02
1.008597474764388142e-03,9.019607843137255054e-01,-1.960784313725490169e-01
1.008599474764331578e-03,9.019607843137255054e-01,1.176470588235294101e-01
1.008601474764275014e-03,9.411764705882352811e-01,-3.921568627450980338e-02
1.008603474764218451e-03,8.235294117647058432e-01,0.000000000000000000e+00
1.008605474764161887e-03,9.019607843137255054e-01,7.843137254901960675e-02
1.008607474764105323e-03,9.411764705882352811e-01,-3.921568627450980338e-02
1.008609474764048759e-03,9.411764705882352811e-01,7.843137254901960675e-02
1.008611474763992195e-03,9.019607843137255054e-01,-3.921568627450980338e-02
1.008613474763935631e-03,9.019607843137255054e-01,3.921568627450980338e-02
1.008615474763879067e-03,9.019607843137255054e-01,7.843137254901960675e-02
1.008617474763822503e-03,9.411764705882352811e-01,-7.843137254901960675e-02
1.008619474763765940e-03,8.235294117647058432e-01,1.176470588235294101e-01
1.008621474763709376e-03,9.019607843137255054e-01,-7.843137254901960675e-02
1.008623474763652812e-03,9.019607843137255054e-01,7.843137254901960675e-02
1.008625474763596248e-03,9.411764705882352811e-01,7.843137254901960675e-02
1.008627474763539684e-03,8.235294117647058432e-01,-7.843137254901960675e-02
1.008629474763483120e-03,9.019607843137255054e-01,7.843137254901960675e-02
1.008631474763426556e-03,9.411764705882352811e-01,-7.843137254901960675e-02
1.008633474763369993e-03,9.803921568627450567e-01,0.000000000000000000e+00
1.008635474763313429e-03,8.235294117647058432e-01,7.843137254901960675e-02
1.008637474763256865e-03,8.627450980392157298e-01,-1.568627450980392135e-01
1.008639474763200301e-03,9.019607843137255054e-01,1.176470588235294101e-01
1.008641474763143737e-03,9.803921568627450567e-01,-3.921568627450980338e-02
1.008643474763087173e-03,8.235294117647058432e-01,0.000000000000000000e+00
1.008645474763030609e-03,8.627450980392157298e-01,7.843137254901960675e-02
1.008647474762974046e-03,9.411764705882352811e-01,0.000000000000000000e+00
1.008649474762917482e-03,9.411764705882352811e-01,7.843137254901960675e-02
1.008651474762860918e-03,8.627450980392157298e-01,0.000000000000000000e+00
1.008653474762804354e-03,9.019607843137255054e-01,3.921568627450980338e-02
1.008655474762747790e-03,8.627450980392157298e-01,3.921568627450980338e-02
1.008657474762691226e-03,9.411764705882352811e-01,-7.843137254901960675e-02
1.008659474762634662e-03,8.627450980392157298e-01,7.843137254901960675e-02
1.008661474762578098e-03,9.019607843137255054e-01,-1.568627450980392135e-01
1.008663474762521535e-03,8.627450980392157298e-01,7.843137254901960675e-02
1.008665474762464971e-03,9.411764705882352811e-01,7.843137254901960675e-02
1.008667474762408407e-03,8.235294117647058432e-01,-7.843137254901960675e-02
1.008669474762351843e-03,8.627450980392157298e-01,1.176470588235294101e-01
1.008671474762295279e-03,9.411764705882352811e-01,-1.568627450980392135e-01
1.008673474762238715e-03,9.411764705882352811e-01,0.000000000000000000e+00
1.008675474762182151e-03,8.235294117647058432e-01,7.843137254901960675e-02
1.008677474762125588e-03,9.019607843137255054e-01,-1.960784313725490169e-01
1.008679474762069024e-03,9.019607843137255054e-01,1.568627450980392135e-01
1.008681474762012460e-03,9.803921568627450567e-01,-3.921568627450980338e-02
1.008683474761955896e-03,8.627450980392157298e-01,0.000000000000000000e+00
1.008685474761899332e-03,9.019607843137255054e-01,7.843137254901960675e-02
1.008687474761842768e-03,9.019607843137255054e-01,-7.843137254901960675e-02
1.008689474761786204e-03,9.411764705882352811e-01,7.843137254901960675e-02
1.008691474761729641e-03,8.627450980392157298e-01,-3.921568627450980338e-02
1.008693474761673077e-03,9.019607843137255054e-01,3.921568627450980338e-02
1.008695474761616513e-03,9.019607843137255054e-01,7.843137254901960675e-02
1.008697474761559949e-03,9.411764705882352811e-01,-7.843137254901960675e-02
1.008699474761503385e-03,8.627450980392157298e-01,1.176470588235294101e-01
1.008701474761446821e-03,8.627450980392157298e-01,-1.568627450980392135e-01
1.008703474761390257e-03,9.019607843137255054e-01,7.843137254901960675e-02
1.008705474761333694e-03,9.411764705882352811e-01,3.921568627450980338e-02
1.008707474761277130e-03,8.627450980392157298e-01,-1.568627450980392135e-01
1.008709474761220566e-03,9.019607843137255054e-01,1.568627450980392135e-01
1.008711474761164002e-03,9.411764705882352811e-01,-1.568627450980392135e-01
1.008713474761107438e-03,9.411764705882352811e-01,0.000000000000000000e+00
1.008715474761050874e-03,8.235294117647058432e-01,7.843137254901960675e-02
1.008717474760994310e-03,9.019607843137255054e-01,-1.568627450980392135e-01
1.008719474760937746e-03,8.627450980392157298e-01,1.568627450980392135e-01
1.008721474760881183e-03,9.411764705882352811e-01,-3.921568627450980338e-02
1.008723474760824619e-03,8.627450980392157298e-01,0.000000000000000000e+00
1.008725474760768055e-03,9.019607843137255054e-01,3.921568627450980338e-02
1.008727474760711491e-03,9.019607843137255054e-01,-3.921568627450980338e-02
1.008729474760654927e-03,9.411764705882352811e-01,7.843137254901960675e-02
1.008731474760598363e-03,8.627450980392157298e-01,-3.921568627450980338e-02
1.008733474760541799e-03,9.019607843137255054e-01,3.921568627450980338e-02
1.008735474760485236e-03,9.019607843137255054e-01,7.843137254901960675e-02
1.008737474760428672e-03,9.411764705882352811e-01,-7.843137254901960675e-02
1.008739474760372108e-03,8.627450980392157298e-01,1.568627450980392135e-01
1.008741474760315544e-03,9.019607843137255054e-01,-7.843137254901960675e-02
1.008743474760258980e-03,9.019607843137255054e-01,7.843137254901960675e-02
1.008745474760202416e-03,9.411764705882352811e-01,3.921568627450980338e-02
1.008747474760145852e-03,8.627450980392157298e-01,-7.843137254901960675e-02
1.008749474760089289e-03,9.019607843137255054e-01,7.843137254901960675e-02
1.008751474760032725e-03,9.019607843137255054e-01,-7.843137254901960675e-02
1.008753474759976161e-03,9.411764705882352811e-01,0.000000000000000000e+00
1.008755474759919597e-03,8.235294117647058432e-01,7.843137254901960675e-02
1.008757474759863033e-03,8.627450980392157298e-01,-1.960784313725490169e-01
1.008759474759806469e-03,9.019607843137255054e-01,1.568627450980392135e-01
1.008761474759749905e-03,9.411764705882352811e-01,0.000000000000000000e+00
1.008763474759693341e-03,8.627450980392157298e-01,0.000000000000000000e+00
1.008765474759636778e-03,8.627450980392157298e-01,7.843137254901960675e-02
1.008767474759580214e-03,9.019607843137255054e-01,-7.843137254901960675e-02
1.008769474759523650e-03,9.411764705882352811e-01,7.843137254901960675e-02
1.008771474759467086e-03,8.627450980392157298e-01,-3.921568627450980338e-02
1.008773474759410522e-03,9.019607843137255054e-01,3.921568627450980338e-02
1.008775474759353958e-03,9.411764705882352811e-01,3.921568627450980338e-02
1.008777474759297394e-03,9.411764705882352811e-01,-7.843137254901960675e-02
1.008779474759240831e-03,8.627450980392157298e-01,7.843137254901960675e-02
1.008781474759184267e-03,9.019607843137255054e-01,-7.843137254901960675e-02
1.008783474759127703e-03,9.019607843137255054e-01,7.843137254901960675e-02
1.008785474759071139e-03,9.411764705882352811e-01,3.921568627450980338e-02
1.008787474759014575e-03,8.627450980392157298e-01,-7.843137254901960675e-02
1.008789474758958011e-03,8.627450980392157298e-01,1.176470588235294101e-01
1.008791474758901447e-03,9.411764705882352811e-01,-3.921568627450980338e-02
1.008793474758844884e-03,9.411764705882352811e-01,0.000000000000000000e+00
1.008795474758788320e-03,8.627450980392157298e-01,7.843137254901960675e-02
1.008797474758731756e-03,9.019607843137255054e-01,-1.960784313725490169e-01
1.008799474758675192e-03,8.627450980392157298e-01,1.568627450980392135e-01
1.008801474758618628e-03,9.411764705882352811e-01,-3.921568627450980338e-02
1.008803474758562064e-03,8.627450980392157298e-01,0.000000000000000000e+00
1.008805474758505500e-03,8.627450980392157298e-01,7.843137254901960675e-02
1.008807474758448936e-03,9.411764705882352811e-01,-3.921568627450980338e-02
1.008809474758392373e-03,9.411764705882352811e-01,7.843137254901960675e-02
1.008811474758335809e-03,8.627450980392157298e-01,-7.843137254901960675e-02
1.008813474758279245e-03,9.019607843137255054e-01,3.921568627450980338e-02
1.008815474758222681e-03,9.019607843137255054e-01,7.843137254901960675e-02
1.008817474758166117e-03,9.411764705882352811e-01,-7.843137254901960675e-02
1.008819474758109553e-03,8.235294117647058432e-01,1.176470588235294101e-01
1.008821474758052989e-03,9.019607843137255054e-01,-7.843137254901960675e-02
1.008823474757996426e-03,9.019607843137255054e-01,7.843137254901960675e-02
1.008825474757939862e-03,9.411764705882352811e-01,3.921568627450980338e-02
1.008827474757883298e-03,8.627450980392157298e-01,-7.843137254901960675e-02
1.008829474757826734e-03,8.627450980392157298e-01,1.176470588235294101e-01
1.008831474757770170e-03,9.411764705882352811e-01,-1.568627450980392135e-01
1.008833474757713606e-03,9.411764705882352811e-01,0.000000000000000000e+00
1.008835474757657042e-03,8.627450980392157298e-01,7.843137254901960675e-02
1.008837474757600479e-03,9.019607843137255054e-01,-1.568627450980392135e-01
1.008839474757543915e-03,9.019607843137255054e-01,1.568627450980392135e-01
1.008841474757487351e-03,9.411764705882352811e-01,-3.921568627450980338e-02
1.008843474757430787e-03,8.627450980392157298e-01,0.000000000000000000e+00
1.008845474757374223e-03,9.019607843137255054e-01,7.843137254901960675e-02
1.008847474757317659e-03,9.019607843137255054e-01,-3.921568627450980338e-02
1.008849474757261095e-03,9.411764705882352811e-01,7.843137254901960675e-02
1.008851474757204532e-03,8.235294117647058432e-01,-3.921568627450980338e-02
1.008853474757147968e-03,9.019607843137255054e-01,7.843137254901960675e-02
1.008855474757091404e-03,9.411764705882352811e-01,7.843137254901960675e-02
1.008857474757034840e-03,9.411764705882352811e-01,-7.843137254901960675e-02
1.008859474756978276e-03,8.627450980392157298e-01,1.568627450980392135e-01
1.008861474756921712e-03,8.627450980392157298e-01,-7.843137254901960675e-02
1.008863474756865148e-03,8.627450980392157298e-01,7.843137254901960675e-02
1.008865474756808584e-03,9.411764705882352811e-01,3.921568627450980338e-02
1.008867474756752021e-03,8.627450980392157298e-01,-7.843137254901960675e-02
1.008869474756695457e-03,9.019607843137255054e-01,1.176470588235294101e-01
1.008871474756638893e-03,9.019607843137255054e-01,-3.921568627450980338e-02
1.008873474756582329e-03,9.411764705882352811e-01,0.000000000000000000e+00
1.008875474756525765e-03,8.627450980392157298e-01,7.843137254901960675e-02
1.008877474756469201e-03,9.019607843137255054e-01,-1.568627450980392135e-01
1.008879474756412637e-03,9.019607843137255054e-01,1.568627450980392135e-01
1.008881474756356074e-03,9.411764705882352811e-01,0.000000000000000000e+00
1.008883474756299510e-03,9.019607843137255054e-01,0.000000000000000000e+00
1.008885474756242946e-03,8.627450980392157298e-01,7.843137254901960675e-02
1.008887474756186382e-03,9.411764705882352811e-01,-3.921568627450980338e-02
1.008889474756129818e-03,9.411764705882352811e-01,7.843137254901960675e-02
1.008891474756073254e-03,8.627450980392157298e-01,-3.921568627450980338e-02
1.008893474756016690e-03,9.019607843137255054e-01,3.921568627450980338e-02
1.008895474755960127e-03,9.411764705882352811e-01,7.843137254901960675e-02
1.008897474755903563e-03,9.411764705882352811e-01,-7.843137254901960675e-02
1.008899474755846999e-03,8.235294117647058432e-01,1.568627450980392135e-01
1.008901474755790435e-03,9.019607843137255054e-01,0.000000000000000000e+00
1.008903474755733871e-03,9.411764705882352811e-01,7.843137254901960675e-02
1.008905474755677307e-03,9.411764705882352811e-01,3.921568627450980338e-02
1.008907474755620743e-03,9.019607843137255054e-01,-7.843137254901960675e-02
1.008909474755564179e-03,8.627450980392157298e-01,1.176470588235294101e-01
1.008911474755507616e-03,9.019607843137255054e-01,-7.843137254901960675e-02
1.008913474755451052e-03,9.411764705882352811e-01,3.921568627450980338e-02
1.008915474755394488e-03,8.627450980392157298e-01,7.843137254901960675e-02
1.008917474755337924e-03,9.019607843137255054e-01,-1.960784313725490169e-01
1.008919474755281360e-03,8.627450980392157298e-01,1.568627450980392135e-01
1.008921474755224796e-03,9.411764705882352811e-01,0.000000000000000000e+00
1.008923474755168232e-03,8.235294117647058432e-01,0.000000000000000000e+00
1.008925474755111669e-03,8.627450980392157298e-01,7.843137254901960675e-02
1.008927474755055105e-03,8.627450980392157298e-01,-3.921568627450980338e-02
1.008929474754998541e-03,9.019607843137255054e-01,7.843137254901960675e-02
1.008931474754941977e-03,8.627450980392157298e-01,0.000000000000000000e+00
1.008933474754885413e-03,9.019607843137255054e-01,3.921568627450980338e-02
1.008935474754828849e-03,9.019607843137255054e-01,3.921568627450980338e-02
1.008937474754772285e-03,9.411764705882352811e-01,-7.843137254901960675e-02
1.008939474754715722e-03,8.627450980392157298e-01,1.176470588235294101e-01
1.008941474754659158e-03,8.627450980392157298e-01,-1.568627450980392135e-01
1.008943474754602594e-03,9.019607843137255054e-01,7.843137254901960675e-02
1.008945474754546030e-03,9.411764705882352811e-01,3.921568627450980338e-02
1.008947474754489466e-03,8.627450980392157298e-01,-7.843137254901960675e-02
1.008949474754432902e-03,9.019607843137255054e-01,1.176470588235294101e-01
1.008951474754376338e-03,9.411764705882352811e-01,-3.921568627450980338e-02
1.008953474754319775e-03,9.803921568627450567e-01,3.921568627450980338e-02
1.008955474754263211e-03,8.627450980392157298e-01,7.843137254901960675e-02
1.008957474754206647e-03,9.019607843137255054e-01,-1.568627450980392135e-01
1.008959474754150083e-03,9.019607843137255054e-01,1.568627450980392135e-01
1.008961474754093519e-03,9.411764705882352811e-01,-3.921568627450980338e-02
1.008963474754036955e-03,8.627450980392157298e-01,0.000000000000000000e+00
1.008965474753980391e-03,9.019607843137255054e-01,7.843137254901960675e-02
1.008967474753923827e-03,9.411764705882352811e-01,-3.921568627450980338e-02
1.008969474753867264e-03,9.411764705882352811e-01,7.843137254901960675e-02
1.008971474753810700e-03,8.627450980392157298e-01,-3.921568627450980338e-02
1.008973474753754136e-03,9.019607843137255054e-01,3.921568627450980338e-02
1.008975474753697572e-03,8.627450980392157298e-01,1.176470588235294101e-01
1.008977474753641008e-03,9.019607843137255054e-01,-1.568627450980392135e-01
1.008979474753584444e-03,8.235294117647058432e-01,1.176470588235294101e-01
1.008981474753527880e-03,9.019607843137255054e-01,-1.568627450980392135e-01
1.008983474753471317e-03,9.411764705882352811e-01,7.843137254901960675e-02
1.008985474753414753e-03,9.411764705882352811e-01,7.843137254901960675e-02
1.008987474753358189e-03,8.627450980392157298e-01,-7.843137254901960675e-02
1.008989474753301625e-03,9.019607843137255054e-01,1.176470588235294101e-01
1.008991474753245061e-03,9.411764705882352811e-01,-7.843137254901960675e-02
1.008993474753188497e-03,9.803921568627450567e-01,0.000000000000000000e+00
1.008995474753131933e-03,8.235294117647058432e-01,7.843137254901960675e-02
1.008997474753075370e-03,8.627450980392157298e-01,-1.960784313725490169e-01
1.008999474753018806e-03,9.019607843137255054e-01,1.176470588235294101e-01
1.009001474752962242e-03,9.411764705882352811e-01,-3.921568627450980338e-02
1.009003474752905678e-03,8.627450980392157298e-01,0.000000000000000000e+00
1.009005474752849114e-03,9.019607843137255054e-01,7.843137254901960675e-02
1.009007474752792550e-03,9.411764705882352811e-01,-3.921568627450980338e-02
1.009009474752735986e-03,9.019607843137255054e-01,7.843137254901960675e-02
1.009011474752679422e-03,8.627450980392157298e-01,-7.843137254901960675e-02
1.009013474752622859e-03,9.019607843137255054e-01,3.921568627450980338e-02
1.009015474752566295e-03,9.019607843137255054e-01,3.921568627450980338e-02
1.009017474752509731e-03,9.411764705882352811e-01,-1.568627450980392135e-01
1.009019474752453167e-03,8.235294117647058432e-01,1.568627450980392135e-01
1.009021474752396603e-03,8.627450980392157298e-01,-1.568627450980392135e-01
1.009023474752340039e-03,9.411764705882352811e-01,7.843137254901960675e-02
1.009025474752283475e-03,9.411764705882352811e-01,3.921568627450980338e-02
1.009027474752226912e-03,8.627450980392157298e-01,-7.843137254901960675e-02
1.009029474752170348e-03,8.627450980392157298e-01,1.568627450980392135e-01
1.009031474752113784e-03,9.019607843137255054e-01,-1.568627450980392135e-01
1.009033474752057220e-03,9.411764705882352811e-01,3.921568627450980338e-02
1.009035474752000656e-03,8.235294117647058432e-01,7.843137254901960675e-02
1.009037474751944092e-03,9.411764705882352811e-01,-1.960784313725490169e-01
1.009039474751887528e-03,9.411764705882352811e-01,1.176470588235294101e-01
1.009041474751830965e-03,9.411764705882352811e-01,-3.921568627450980338e-02
1.009043474751774401e-03,8.235294117647058432e-01,0.000000000000000000e+00
1.009045474751717837e-03,9.019607843137255054e-01,7.843137254901960675e-02
1.009047474751661273e-03,9.019607843137255054e-01,-3.921568627450980338e-02
1.009049474751604709e-03,9.411764705882352811e-01,7.843137254901960675e-02
1.009051474751548145e-03,8.235294117647058432e-01,-3.921568627450980338e-02
1.009053474751491581e-03,9.019607843137255054e-01,3.921568627450980338e-02
1.009055474751435017e-03,9.019607843137255054e-01,7.843137254901960675e-02
1.009057474751378454e-03,9.411764705882352811e-01,-7.843137254901960675e-02
1.009059474751321890e-03,8.235294117647058432e-01,1.176470588235294101e-01
1.009061474751265326e-03,9.019607843137255054e-01,-7.843137254901960675e-02
1.009063474751208762e-03,9.019607843137255054e-01,1.176470588235294101e-01
1.009065474751152198e-03,9.411764705882352811e-01,3.921568627450980338e-02
1.009067474751095634e-03,8.627450980392157298e-01,-7.843137254901960675e-02
1.009069474751039070e-03,8.627450980392157298e-01,7.843137254901960675e-02
1.009071474750982507e-03,9.019607843137255054e-01,-1.568627450980392135e-01
1.009073474750925943e-03,9.411764705882352811e-01,0.000000000000000000e+00
1.009075474750869379e-03,8.627450980392157298e-01,7.843137254901960675e-02
1.009077474750812815e-03,9.019607843137255054e-01,-1.960784313725490169e-01
1.009079474750756251e-03,9.411764705882352811e-01,1.568627450980392135e-01
1.009081474750699687e-03,9.411764705882352811e-01,-3.921568627450980338e-02
1.009083474750643123e-03,8.627450980392157298e-01,-3.921568627450980338e-02
1.009085474750586560e-03,9.019607843137255054e-01,3.921568627450980338e-02
1.009087474750529996e-03,9.411764705882352811e-01,-3.921568627450980338e-02
1.009089474750473432e-03,9.411764705882352811e-01,7.843137254901960675e-02
1.009091474750416868e-03,8.627450980392157298e-01,0.000000000000000000e+00
1.009093474750360304e-03,9.019607843137255054e-01,7.843137254901960675e-02
1.009095474750303740e-03,9.019607843137255054e-01,7.843137254901960675e-02
1.009097474750247176e-03,9.411764705882352811e-01,-7.843137254901960675e-02
1.009099474750190613e-03,8.627450980392157298e-01,1.568627450980392135e-01
1.009101474750134049e-03,9.019607843137255054e-01,-3.921568627450980338e-02
1.009103474750077485e-03,9.019607843137255054e-01,7.843137254901960675e-02
1.009105474750020921e-03,9.411764705882352811e-01,3.921568627450980338e-02
1.009107474749964357e-03,9.019607843137255054e-01,-1.568627450980392135e-01
1.009109474749907793e-03,9.411764705882352811e-01,1.176470588235294101e-01
1.009111474749851229e-03,9.411764705882352811e-01,-7.843137254901960675e-02
1.009113474749794665e-03,9.411764705882352811e-01,0.000000000000000000e+00
1.009115474749738102e-03,8.627450980392157298e-01,1.176470588235294101e-01
1.009117474749681538e-03,9.019607843137255054e-01,-1.568627450980392135e-01
1.009119474749624974e-03,8.627450980392157298e-01,1.568627450980392135e-01
1.009121474749568410e-03,9.019607843137255054e-01,-7.843137254901960675e-02
1.009123474749511846e-03,9.019607843137255054e-01,0.000000000000000000e+00
1.009125474749455282e-03,8.627450980392157298e-01,3.921568627450980338e-02
1.009127474749398718e-03,9.019607843137255054e-01,-3.921568627450980338e-02
1.009129474749342155e-03,9.019607843137255054e-01,7.843137254901960675e-02
1.009131474749285591e-03,8.627450980392157298e-01,-3.921568627450980338e-02
1.009133474749229027e-03,9.019607843137255054e-01,3.921568627450980338e-02
1.009135474749172463e-03,9.019607843137255054e-01,7.843137254901960675e-02
1.009137474749115899e-03,9.411764705882352811e-01,-1.568627450980392135e-01
1.009139474749059335e-03,8.235294117647058432e-01,1.176470588235294101e-01
1.009141474749002771e-03,9.019607843137255054e-01,-7.843137254901960675e-02
1.009143474748946208e-03,9.019607843137255054e-01,3.921568627450980338e-02
1.009145474748889644e-03,9.019607843137255054e-01,7.843137254901960675e-02
1.009147474748833080e-03,8.627450980392157298e-01,-7.843137254901960675e-02
1.009149474748776516e-03,8.627450980392157298e-01,7.843137254901960675e-02
1.009151474748719952e-03,9.411764705882352811e-01,-3.921568627450980338e-02
1.009153474748663388e-03,9.411764705882352811e-01,0.000000000000000000e+00
1.009155474748606824e-03,8.235294117647058432e-01,7.843137254901960675e-02
1.009157474748550260e-03,8.627450980392157298e-01,-1.960784313725490169e-01
1.009159474748493697e-03,9.019607843137255054e-01,1.568627450980392135e-01
1.009161474748437133e-03,9.411764705882352811e-01,-3.921568627450980338e-02
1.009163474748380569e-03,9.019607843137255054e-01,0.000000000000000000e+00
1.009165474748324005e-03,8.235294117647058432e-01,7.843137254901960675e-02
1.009167474748267441e-03,9.019607843137255054e-01,-3.921568627450980338e-02
1.009169474748210877e-03,9.019607843137255054e-01,7.843137254901960675e-02
1.009171474748154313e-03,8.627450980392157298e-01,0.000000000000000000e+00
1.009173474748097750e-03,9.411764705882352811e-01,3.921568627450980338e-02
1.009175474748041186e-03,9.019607843137255054e-01,3.921568627450980338e-02
1.009177474747984622e-03,9.411764705882352811e-01,-7.843137254901960675e-02
1.009179474747928058e-03,8.627450980392157298e-01,7.843137254901960675e-02
1.009181474747871494e-03,9.019607843137255054e-01,-3.921568627450980338e-02
1.009183474747814930e-03,9.019607843137255054e-01,7.843137254901960675e-02
1.009185474747758366e-03,9.411764705882352811e-01,3.921568627450980338e-02
1.009187474747701803e-03,8.235294117647058432e-01,-7.843137254901960675e-02
1.009189474747645239e-03,8.627450980392157298e-01,1.568627450980392135e-01
1.009191474747588675e-03,9.019607843137255054e-01,-3.921568627450980338e-02
1.009193474747532111e-03,9.411764705882352811e-01,0.000000000000000000e+00
1.009195474747475547e-03,8.235294117647058432e-01,7.843137254901960675e-02
1.009197474747418983e-03,9.019607843137255054e-01,-1.568627450980392135e-01
1.009199474747362419e-03,9.019607843137255054e-01,1.568627450980392135e-01
1.009201474747305856e-03,9.411764705882352811e-01,-3.921568627450980338e-02
1.009203474747249292e-03,8.627450980392157298e-01,0.000000000000000000e+00
1.009205474747192728e-03,8.627450980392157298e-01,7.843137254901960675e-02
1.009207474747136164e-03,9.019607843137255054e-01,-3.921568627450980338e-02
1.009209474747079600e-03,9.411764705882352811e-01,7.843137254901960675e-02
1.009211474747023036e-03,8.627450980392157298e-01,-3.921568627450980338e-02
1.009213474746966472e-03,9.019607843137255054e-01,3.921568627450980338e-02
1.009215474746909908e-03,9.019607843137255054e-01,7.843137254901960675e-02
1.009217474746853345e-03,9.411764705882352811e-01,-7.843137254901960675e-02
1.009219474746796781e-03,8.627450980392157298e-01,1.568627450980392135e-01
1.009221474746740217e-03,8.627450980392157298e-01,-7.843137254901960675e-02
1.009223474746683653e-03,9.019607843137255054e-01,7.843137254901960675e-02
1.009225474746627089e-03,9.411764705882352811e-01,3.921568627450980338e-02
1.009227474746570525e-03,8.627450980392157298e-01,-7.843137254901960675e-02
1.009229474746513961e-03,8.627450980392157298e-01,1.176470588235294101e-01
1.009231474746457398e-03,9.019607843137255054e-01,-3.921568627450980338e-02
1.009233474746400834e-03,9.411764705882352811e-01,0.000000000000000000e+00
1.009235474746344270e-03,8.627450980392157298e-01,7.843137254901960675e-02
1.009237474746287706e-03,9.019607843137255054e-01,-1.568627450980392135e-01
1.009239474746231142e-03,9.019607843137255054e-01,1.568627450980392135e-01
1.009241474746174578e-03,9.411764705882352811e-01,-3.921568627450980338e-02
1.009243474746118014e-03,8.627450980392157298e-01,0.000000000000000000e+00
1.009245474746061451e-03,9.019607843137255054e-01,3.921568627450980338e-02
1.009247474746004887e-03,9.019607843137255054e-01,-3.921568627450980338e-02
1.009249474745948323e-03,9.411764705882352811e-01,7.843137254901960675e-02
1.009251474745891759e-03,8.627450980392157298e-01,-3.921568627450980338e-02
1.009253474745835195e-03,8.627450980392157298e-01,3.921568627450980338e-02
1.009255474745778631e-03,9.019607843137255054e-01,7.843137254901960675e-02
1.009257474745722067e-03,9.411764705882352811e-01,-7.843137254901960675e-02
1.009259474745665503e-03,8.627450980392157298e-01,7.843137254901960675e-02
1.009261474745608940e-03,9.019607843137255054e-01,-3.921568627450980338e-02
1.009263474745552376e-03,9.411764705882352811e-01,7.843137254901960675e-02
1.009265474745495812e-03,9.411764705882352811e-01,3.921568627450980338e-02
1.009267474745439248e-03,8.627450980392157298e-01,-7.843137254901960675e-02
1.009269474745382684e-03,9.019607843137255054e-01,7.843137254901960675e-02
1.009271474745326120e-03,9.019607843137255054e-01,-7.843137254901960675e-02
1.009273474745269556e-03,9.411764705882352811e-01,0.000000000000000000e+00
1.009275474745212993e-03,8.627450980392157298e-01,7.843137254901960675e-02
1.009277474745156429e-03,9.019607843137255054e-01,-1.960784313725490169e-01
1.009279474745099865e-03,9.019607843137255054e-01,1.568627450980392135e-01
1.009281474745043301e-03,9.411764705882352811e-01,-3.921568627450980338e-02
1.009283474744986737e-03,8.627450980392157298e-01,0.000000000000000000e+00
1.009285474744930173e-03,8.627450980392157298e-01,7.843137254901960675e-02
1.009287474744873609e-03,9.019607843137255054e-01,-3.921568627450980338e-02
1.009289474744817046e-03,9.411764705882352811e-01,1.176470588235294101e-01
1.009291474744760482e-03,9.019607843137255054e-01,-3.921568627450980338e-02
1.009293474744703918e-03,9.019607843137255054e-01,3.921568627450980338e-02
1.009295474744647354e-03,9.019607843137255054e-01,7.843137254901960675e-02
1.009297474744590790e-03,9.411764705882352811e-01,-1.568627450980392135e-01
1.009299474744534226e-03,8.235294117647058432e-01,1.568627450980392135e-01
1.009301474744477662e-03,9.019607843137255054e-01,-7.843137254901960675e-02
1.009303474744421098e-03,9.019607843137255054e-01,7.843137254901960675e-02
1.009305474744364535e-03,9.411764705882352811e-01,3.921568627450980338e-02
1.009307474744307971e-03,8.627450980392157298e-01,-7.843137254901960675e-02
1.009309474744251407e-03,8.627450980392157298e-01,1.176470588235294101e-01
1.009311474744194843e-03,9.019607843137255054e-01,-7.843137254901960675e-02
1.009313474744138279e-03,9.411764705882352811e-01,0.000000000000000000e+00
1.009315474744081715e-03,8.627450980392157298e-01,7.843137254901960675e-02
1.009317474744025151e-03,9.019607843137255054e-01,-1.960784313725490169e-01
1.009319474743968588e-03,9.019607843137255054e-01,1.568627450980392135e-01
1.009321474743912024e-03,9.411764705882352811e-01,0.000000000000000000e+00
1.009323474743855460e-03,8.627450980392157298e-01,-3.921568627450980338e-02
1.009325474743798896e-03,9.019607843137255054e-01,7.843137254901960675e-02
1.009327474743742332e-03,9.411764705882352811e-01,-3.921568627450980338e-02
1.009329474743685768e-03,9.411764705882352811e-01,7.843137254901960675e-02
1.009331474743629204e-03,8.627450980392157298e-01,0.000000000000000000e+00
1.009333474743572641e-03,8.627450980392157298e-01,3.921568627450980338e-02
1.009335474743516077e-03,8.627450980392157298e-01,3.921568627450980338e-02
1.009337474743459513e-03,9.411764705882352811e-01,-7.843137254901960675e-02
1.009339474743402949e-03,8.235294117647058432e-01,7.843137254901960675e-02
1.009341474743346385e-03,9.019607843137255054e-01,-7.843137254901960675e-02
1.009343474743289821e-03,9.019607843137255054e-01,7.843137254901960675e-02
1.009345474743233257e-03,9.411764705882352811e-01,3.921568627450980338e-02
1.009347474743176694e-03,8.627450980392157298e-01,-7.843137254901960675e-02
1.009349474743120130e-03,8.627450980392157298e-01,7.843137254901960675e-02
1.009351474743063566e-03,9.411764705882352811e-01,-3.921568627450980338e-02
1.009353474743007002e-03,9.411764705882352811e-01,3.921568627450980338e-02
1.009355474742950438e-03,8.627450980392157298e-01,7.843137254901960675e-02
1.009357474742893874e-03,9.019607843137255054e-01,-1.568627450980392135e-01
1.009359474742837310e-03,9.019607843137255054e-01,1.568627450980392135e-01
1.009361474742780746e-03,9.411764705882352811e-01,-7.843137254901960675e-02
1.009363474742724183e-03,8.627450980392157298e-01,0.000000000000000000e+00
1.009365474742667619e-03,8.627450980392157298e-01,3.921568627450980338e-02
1.009367474742611055e-03,9.411764705882352811e-01,-3.921568627450980338e-02
1.009369474742554491e-03,9.411764705882352811e-01,1.176470588235294101e-01
1.009371474742497927e-03,8.627450980392157298e-01,-3.921568627450980338e-02
1.009373474742441363e-03,9.019607843137255054e-01,3.921568627450980338e-02
1.009375474742384799e-03,9.019607843137255054e-01,3.921568627450980338e-02
1.009377474742328236e-03,9.803921568627450567e-01,-7.843137254901960675e-02
1.009379474742271672e-03,8.235294117647058432e-01,7.843137254901960675e-02
1.009381474742215108e-03,9.019607843137255054e-01,-7.843137254901960675e-02
1.009383474742158544e-03,9.019607843137255054e-01,3.921568627450980338e-02
1.009385474742101980e-03,9.411764705882352811e-01,3.921568627450980338e-02
1.009387474742045416e-03,8.627450980392157298e-01,-7.843137254901960675e-02
1.009389474741988852e-03,9.019607843137255054e-01,1.176470588235294101e-01
1.009391474741932289e-03,9.019607843137255054e-01,-3.921568627450980338e-02
1.009393474741875725e-03,9.803921568627450567e-01,0.000000000000000000e+00
1.009395474741819161e-03,8.627450980392157298e-01,7.843137254901960675e-02
1.009397474741762597e-03,9.019607843137255054e-01,-1.960784313725490169e-01
1.009399474741706033e-03,9.019607843137255054e-01,1.568627450980392135e-01
1.009401474741649469e-03,9.019607843137255054e-01,0.000000000000000000e+00
1.009403474741592905e-03,8.627450980392157298e-01,0.000000000000000000e+00
1.009405474741536341e-03,9.019607843137255054e-01,3.921568627450980338e-02
1.009407474741479778e-03,9.019607843137255054e-01,-3.921568627450980338e-02
1.009409474741423214e-03,9.411764705882352811e-01,7.843137254901960675e-02
1.009411474741366650e-03,8.627450980392157298e-01,0.000000000000000000e+00
1.009413474741310086e-03,8.627450980392157298e-01,3.921568627450980338e-02
1.009415474741253522e-03,9.019607843137255054e-01,3.921568627450980338e-02
1.009417474741196958e-03,9.411764705882352811e-01,-1.568627450980392135e-01
1.009419474741140394e-03,8.627450980392157298e-01,7.843137254901960675e-02
1.009421474741083831e-03,8.627450980392157298e-01,0.000000000000000000e+00
1.009423474741027267e-03,8.627450980392157298e-01,1.176470588235294101e-01
1.009425474740970703e-03,9.411764705882352811e-01,3.921568627450980338e-02
1.009427474740914139e-03,8.627450980392157298e-01,-7.843137254901960675e-02
1.009429474740857575e-03,9.019607843137255054e-01,7.843137254901960675e-02
1.009431474740801011e-03,9.019607843137255054e-01,-7.843137254901960675e-02
1.009433474740744447e-03,9.411764705882352811e-01,0.000000000000000000e+00
1.009435474740687884e-03,8.627450980392157298e-01,7.843137254901960675e-02
1.009437474740631320e-03,9.019607843137255054e-01,-1.960784313725490169e-01
1.009439474740574756e-03,9.019607843137255054e-01,1.176470588235294101e-01
1.009441474740518192e-03,9.411764705882352811e-01,-7.843137254901960675e-02
1.009443474740461628e-03,8.627450980392157298e-01,-3.921568627450980338e-02
1.009445474740405064e-03,9.019607843137255054e-01,3.921568627450980338e-02
1.009447474740348500e-03,9.411764705882352811e-01,-7.843137254901960675e-02
1.009449474740291937e-03,9.019607843137255054e-01,7.843137254901960675e-02
1.009451474740235373e-03,8.627450980392157298e-01,0.000000000000000000e+00
1.009453474740178809e-03,9.019607843137255054e-01,3.921568627450980338e-02
1.009455474740122245e-03,9.019607843137255054e-01,7.843137254901960675e-02
1.009457474740065681e-03,9.411764705882352811e-01,-7.843137254901960675e-02
1.009459474740009117e-03,8.235294117647058432e-01,1.568627450980392135e-01
1.009461474739952553e-03,9.019607843137255054e-01,-1.568627450980392135e-01
1.009463474739895989e-03,9.411764705882352811e-01,7.843137254901960675e-02
1.009465474739839426e-03,9.411764705882352811e-01,7.843137254901960675e-02
1.009467474739782862e-03,8.627450980392157298e-01,-1.568627450980392135e-01
1.009469474739726298e-03,8.627450980392157298e-01,1.176470588235294101e-01
1.009471474739669734e-03,9.411764705882352811e-01,-7.843137254901960675e-02
1.009473474739613170e-03,9.411764705882352811e-01,0.000000000000000000e+00
1.009475474739556606e-03,8.627450980392157298e-01,7.843137254901960675e-02
1.009477474739500042e-03,9.019607843137255054e-01,-1.568627450980392135e-01
1.009479474739443479e-03,9.019607843137255054e-01,1.568627450980392135e-01
1.009481474739386915e-03,9.019607843137255054e-01,-7.843137254901960675e-02
1.009483474739330351e-03,8.235294117647058432e-01,0.000000000000000000e+00
1.009485474739273787e-03,9.019607843137255054e-01,7.843137254901960675e-02
1.009487474739217223e-03,9.019607843137255054e-01,-3.921568627450980338e-02
1.009489474739160659e-03,9.411764705882352811e-01,7.843137254901960675e-02
1.009491474739104095e-03,8.627450980392157298e-01,-3.921568627450980338e-02
1.009493474739047532e-03,8.627450980392157298e-01,3.921568627450980338e-02
1.009495474738990968e-03,9.019607843137255054e-01,7.843137254901960675e-02
1.009497474738934404e-03,9.411764705882352811e-01,-7.843137254901960675e-02
1.009499474738877840e-03,8.235294117647058432e-01,7.843137254901960675e-02
1.009501474738821276e-03,8.627450980392157298e-01,-1.568627450980392135e-01
1.009503474738764712e-03,9.019607843137255054e-01,1.176470588235294101e-01
1.009505474738708148e-03,9.411764705882352811e-01,3.921568627450980338e-02
1.009507474738651584e-03,9.019607843137255054e-01,-1.568627450980392135e-01
1.009509474738595021e-03,9.019607843137255054e-01,1.176470588235294101e-01
1.009511474738538457e-03,9.411764705882352811e-01,-3.921568627450980338e-02
1.009513474738481893e-03,9.411764705882352811e-01,0.000000000000000000e+00
1.009515474738425329e-03,8.235294117647058432e-01,7.843137254901960675e-02
1.009517474738368765e-03,8.627450980392157298e-01,-1.960784313725490169e-01
1.009519474738312201e-03,9.019607843137255054e-01,1.176470588235294101e-01
1.009521474738255637e-03,9.411764705882352811e-01,-3.921568627450980338e-02
1.009523474738199074e-03,8.235294117647058432e-01,0.000000000000000000e+00
1.009525474738142510e-03,9.019607843137255054e-01,7.843137254901960675e-02
1.009527474738085946e-03,9.019607843137255054e-01,-3.921568627450980338e-02
1.009529474738029382e-03,9.019607843137255054e-01,7.843137254901960675e-02
1.009531474737972818e-03,9.019607843137255054e-01,-3.921568627450980338e-02
1.009533474737916254e-03,9.411764705882352811e-01,3.921568627450980338e-02
1.009535474737859690e-03,8.627450980392157298e-01,3.921568627450980338e-02
1.009537474737803127e-03,9.411764705882352811e-01,-7.843137254901960675e-02
1.009539474737746563e-03,8.235294117647058432e-01,7.843137254901960675e-02
1.009541474737689999e-03,9.019607843137255054e-01,0.000000000000000000e+00
1.009543474737633435e-03,9.019607843137255054e-01,1.176470588235294101e-01
1.009545474737576871e-03,9.411764705882352811e-01,3.921568627450980338e-02
1.009547474737520307e-03,8.627450980392157298e-01,-1.568627450980392135e-01
1.009549474737463743e-03,8.627450980392157298e-01,7.843137254901960675e-02
1.009551474737407179e-03,9.019607843137255054e-01,-3.921568627450980338e-02
1.009553474737350616e-03,9.411764705882352811e-01,0.000000000000000000e+00
1.009555474737294052e-03,8.235294117647058432e-01,7.843137254901960675e-02
1.009557474737237488e-03,9.019607843137255054e-01,-1.960784313725490169e-01
1.009559474737180924e-03,9.411764705882352811e-01,1.568627450980392135e-01
1.009561474737124360e-03,9.411764705882352811e-01,0.000000000000000000e+00
1.009563474737067796e-03,8.235294117647058432e-01,-3.921568627450980338e-02
1.009565474737011232e-03,8.627450980392157298e-01,7.843137254901960675e-02
1.009567474736954669e-03,9.411764705882352811e-01,-3.921568627450980338e-02
1.009569474736898105e-03,9.019607843137255054e-01,7.843137254901960675e-02
1.009571474736841541e-03,8.627450980392157298e-01,0.000000000000000000e+00
1.009573474736784977e-03,9.019607843137255054e-01,3.921568627450980338e-02
1.009575474736728413e-03,8.627450980392157298e-01,3.921568627450980338e-02
1.009577474736671849e-03,9.411764705882352811e-01,-7.843137254901960675e-02
1.009579474736615285e-03,8.235294117647058432e-01,1.568627450980392135e-01
1.009581474736558722e-03,9.019607843137255054e-01,-7.843137254901960675e-02
1.009583474736502158e-03,8.627450980392157298e-01,1.176470588235294101e-01
1.009585474736445594e-03,9.019607843137255054e-01,7.843137254901960675e-02
1.009587474736389030e-03,8.627450980392157298e-01,-1.568627450980392135e-01
1.009589474736332466e-03,8.235294117647058432e-01,1.176470588235294101e-01
1.009591474736275902e-03,9.019607843137255054e-01,-3.921568627450980338e-02
1.009593474736219338e-03,9.411764705882352811e-01,0.000000000000000000e+00
1.009595474736162775e-03,8.235294117647058432e-01,7.843137254901960675e-02
1.009597474736106211e-03,9.019607843137255054e-01,-1.568627450980392135e-01
1.009599474736049647e-03,8.627450980392157298e-01,1.960784313725490446e-01
1.009601474735993083e-03,9.411764705882352811e-01,-7.843137254901960675e-02
1.009603474735936519e-03,8.627450980392157298e-01,0.000000000000000000e+00
1.009605474735879955e-03,8.235294117647058432e-01,7.843137254901960675e-02
1.009607474735823391e-03,9.411764705882352811e-01,-3.921568627450980338e-02
1.009609474735766827e-03,9.411764705882352811e-01,7.843137254901960675e-02
1.009611474735710264e-03,8.627450980392157298e-01,-3.921568627450980338e-02
1.009613474735653700e-03,9.019607843137255054e-01,3.921568627450980338e-02
1.009615474735597136e-03,9.019607843137255054e-01,7.843137254901960675e-02
1.009617474735540572e-03,9.411764705882352811e-01,-7.843137254901960675e-02
1.009619474735484008e-03,8.627450980392157298e-01,7.843137254901960675e-02
1.009621474735427444e-03,8.627450980392157298e-01,-1.568627450980392135e-01
1.009623474735370880e-03,9.019607843137255054e-01,7.843137254901960675e-02
1.009625474735314317e-03,9.411764705882352811e-01,3.921568627450980338e-02
1.009627474735257753e-03,9.019607843137255054e-01,-7.843137254901960675e-02
1.009629474735201189e-03,9.019607843137255054e-01,1.568627450980392135e-01
1.009631474735144625e-03,9.019607843137255054e-01,-3.921568627450980338e-02
1.009633474735088061e-03,9.411764705882352811e-01,3.921568627450980338e-02
1.009635474735031497e-03,8.235294117647058432e-01,7.843137254901960675e-02
1.009637474734974933e-03,9.019607843137255054e-01,-1.960784313725490169e-01
1.009639474734918370e-03,9.019607843137255054e-01,1.568627450980392135e-01
1.009641474734861806e-03,9.411764705882352811e-01,0.000000000000000000e+00
1.009643474734805242e-03,8.627450980392157298e-01,0.000000000000000000e+00
1.009645474734748678e-03,8.627450980392157298e-01,7.843137254901960675e-02
1.009647474734692114e-03,9.019607843137255054e-01,-3.921568627450980338e-02
1.009649474734635550e-03,9.411764705882352811e-01,7.843137254901960675e-02
1.009651474734578986e-03,8.627450980392157298e-01,0.000000000000000000e+00
1.009653474734522422e-03,9.019607843137255054e-01,3.921568627450980338e-02
1.009655474734465859e-03,8.627450980392157298e-01,7.843137254901960675e-02
1.009657474734409295e-03,9.411764705882352811e-01,-1.568627450980392135e-01
1.009659474734352731e-03,8.627450980392157298e-01,7.843137254901960675e-02
1.009661474734296167e-03,8.627450980392157298e-01,-7.843137254901960675e-02
1.009663474734239603e-03,9.019607843137255054e-01,7.843137254901960675e-02
1.009665474734183039e-03,9.411764705882352811e-01,7.843137254901960675e-02
1.009667474734126475e-03,8.627450980392157298e-01,-1.568627450980392135e-01
1.009669474734069912e-03,9.019607843137255054e-01,1.176470588235294101e-01
1.009671474734013348e-03,8.627450980392157298e-01,-7.843137254901960675e-02
1.009673474733956784e-03,9.803921568627450567e-01,0.000000000000000000e+00
1.009675474733900220e-03,8.627450980392157298e-01,7.843137254901960675e-02
1.009677474733843656e-03,9.019607843137255054e-01,-1.568627450980392135e-01
1.009679474733787092e-03,9.019607843137255054e-01,1.568627450980392135e-01
1.009681474733730528e-03,9.411764705882352811e-01,-3.921568627450980338e-02
1.009683474733673965e-03,8.627450980392157298e-01,0.000000000000000000e+00
1.009685474733617401e-03,8.235294117647058432e-01,7.843137254901960675e-02
1.009687474733560837e-03,9.019607843137255054e-01,-7.843137254901960675e-02
1.009689474733504273e-03,9.411764705882352811e-01,7.843137254901960675e-02
1.009691474733447709e-03,8.235294117647058432e-01,0.000000000000000000e+00
1.009693474733391145e-03,9.019607843137255054e-01,3.921568627450980338e-02
1.009695474733334581e-03,9.411764705882352811e-01,7.843137254901960675e-02
1.009697474733278017e-03,9.411764705882352811e-01,-7.843137254901960675e-02
1.009699474733221454e-03,8.627450980392157298e-01,7.843137254901960675e-02
1.009701474733164890e-03,8.627450980392157298e-01,-1.568627450980392135e-01
1.009703474733108326e-03,9.411764705882352811e-01,7.843137254901960675e-02
1.009705474733051762e-03,9.411764705882352811e-01,3.921568627450980338e-02
1.009707474732995198e-03,8.235294117647058432e-01,-7.843137254901960675e-02
1.009709474732938634e-03,8.627450980392157298e-01,1.176470588235294101e-01
1.009711474732882070e-03,9.019607843137255054e-01,-7.843137254901960675e-02
1.009713474732825507e-03,9.411764705882352811e-01,3.921568627450980338e-02
1.009715474732768943e-03,8.627450980392157298e-01,7.843137254901960675e-02
1.009717474732712379e-03,9.019607843137255054e-01,-1.568627450980392135e-01
1.009719474732655815e-03,9.019607843137255054e-01,1.176470588235294101e-01
1.009721474732599251e-03,9.411764705882352811e-01,0.000000000000000000e+00
1.009723474732542687e-03,8.235294117647058432e-01,0.000000000000000000e+00
1.009725474732486123e-03,8.235294117647058432e-01,7.843137254901960675e-02
1.009727474732429560e-03,9.019607843137255054e-01,-3.921568627450980338e-02
1.009729474732372996e-03,9.411764705882352811e-01,7.843137254901960675e-02
1.009731474732316432e-03,8.235294117647058432e-01,0.000000000000000000e+00
1.009733474732259868e-03,8.627450980392157298e-01,7.843137254901960675e-02
1.009735474732203304e-03,9.019607843137255054e-01,1.568627450980392135e-01
1.009737474732146740e-03,9.411764705882352811e-01,-7.843137254901960675e-02
1.009739474732090176e-03,8.627450980392157298e-01,1.176470588235294101e-01
1.009741474732033613e-03,9.019607843137255054e-01,0.000000000000000000e+00
1.009743474731977049e-03,9.019607843137255054e-01,7.843137254901960675e-02
1.009745474731920485e-03,9.803921568627450567e-01,3.921568627450980338e-02
1.009747474731863921e-03,8.627450980392157298e-01,-7.843137254901960675e-02
1.009749474731807357e-03,8.627450980392157298e-01,1.176470588235294101e-01
1.009751474731750793e-03,9.019607843137255054e-01,-3.921568627450980338e-02
1.009753474731694229e-03,9.411764705882352811e-01,0.000000000000000000e+00
1.009755474731637665e-03,8.627450980392157298e-01,7.843137254901960675e-02
1.009757474731581102e-03,8.627450980392157298e-01,-1.960784313725490169e-01
1.009759474731524538e-03,8.627450980392157298e-01,1.176470588235294101e-01
1.009761474731467974e-03,9.411764705882352811e-01,0.000000000000000000e+00
1.009763474731411410e-03,8.235294117647058432e-01,0.000000000000000000e+00
1.009765474731354846e-03,9.019607843137255054e-01,7.843137254901960675e-02
1.009767474731298282e-03,9.019607843137255054e-01,-1.568627450980392135e-01
1.009769474731241718e-03,9.411764705882352811e-01,1.176470588235294101e-01
1.009771474731185155e-03,8.627450980392157298e-01,0.000000000000000000e+00
1.009773474731128591e-03,9.019607843137255054e-01,3.921568627450980338e-02
1.009775474731072027e-03,9.019607843137255054e-01,1.176470588235294101e-01
1.009777474731015463e-03,9.411764705882352811e-01,-1.568627450980392135e-01
1.009779474730958899e-03,8.627450980392157298e-01,1.176470588235294101e-01
1.009781474730902335e-03,9.411764705882352811e-01,0.000000000000000000e+00
1.009783474730845771e-03,9.019607843137255054e-01,1.176470588235294101e-01
1.009785474730789208e-03,9.019607843137255054e-01,3.921568627450980338e-02
1.009787474730732644e-03,8.627450980392157298e-01,-7.843137254901960675e-02
1.009789474730676080e-03,8.235294117647058432e-01,1.176470588235294101e-01
1.009791474730619516e-03,9.019607843137255054e-01,-3.921568627450980338e-02
1.009793474730562952e-03,9.411764705882352811e-01,0.000000000000000000e+00
1.009795474730506388e-03,8.627450980392157298e-01,7.843137254901960675e-02
1.009797474730449824e-03,9.019607843137255054e-01,-1.568627450980392135e-01
1.009799474730393260e-03,9.019607843137255054e-01,1.568627450980392135e-01
1.009801474730336697e-03,9.411764705882352811e-01,0.000000000000000000e+00
1.009803474730280133e-03,8.627450980392157298e-01,-3.921568627450980338e-02
1.009805474730223569e-03,9.019607843137255054e-01,1.176470588235294101e-01
1.009807474730167005e-03,9.411764705882352811e-01,-3.921568627450980338e-02
1.009809474730110441e-03,9.411764705882352811e-01,1.176470588235294101e-01
1.009811474730053877e-03,8.627450980392157298e-01,-7.843137254901960675e-02
1.009813474729997313e-03,9.019607843137255054e-01,3.921568627450980338e-02
1.009815474729940750e-03,9.019607843137255054e-01,7.843137254901960675e-02
1.009817474729884186e-03,9.411764705882352811e-01,-7.843137254901960675e-02
1.009819474729827622e-03,8.627450980392157298e-01,1.176470588235294101e-01
1.009821474729771058e-03,9.019607843137255054e-01,-7.843137254901960675e-02
1.009823474729714494e-03,9.019607843137255054e-01,7.843137254901960675e-02
1.009825474729657930e-03,9.411764705882352811e-01,3.921568627450980338e-02
1.009827474729601366e-03,8.627450980392157298e-01,-7.843137254901960675e-02
1.009829474729544803e-03,9.019607843137255054e-01,7.843137254901960675e-02
1.009831474729488239e-03,9.019607843137255054e-01,-3.921568627450980338e-02
1.009833474729431675e-03,9.019607843137255054e-01,0.000000000000000000e+00
1.009835474729375111e-03,8.627450980392157298e-01,7.843137254901960675e-02
1.009837474729318547e-03,9.411764705882352811e-01,-1.568627450980392135e-01
1.009839474729261983e-03,8.627450980392157298e-01,1.568627450980392135e-01
1.009841474729205419e-03,9.411764705882352811e-01,-7.843137254901960675e-02
1.009843474729148856e-03,8.235294117647058432e-01,0.000000000000000000e+00
1.009845474729092292e-03,8.627450980392157298e-01,7.843137254901960675e-02
1.009847474729035728e-03,9.411764705882352811e-01,-1.568627450980392135e-01
1.009849474728979164e-03,9.019607843137255054e-01,7.843137254901960675e-02
1.009851474728922600e-03,8.627450980392157298e-01,0.000000000000000000e+00
1.009853474728866036e-03,9.411764705882352811e-01,3.921568627450980338e-02
1.009855474728809472e-03,9.019607843137255054e-01,7.843137254901960675e-02
1.009857474728752908e-03,9.411764705882352811e-01,-7.843137254901960675e-02
1.009859474728696345e-03,8.627450980392157298e-01,1.568627450980392135e-01
1.009861474728639781e-03,9.411764705882352811e-01,0.000000000000000000e+00
1.009863474728583217e-03,9.019607843137255054e-01,7.843137254901960675e-02
1.009865474728526653e-03,9.411764705882352811e-01,7.843137254901960675e-02
1.009867474728470089e-03,8.627450980392157298e-01,-7.843137254901960675e-02
1.009869474728413525e-03,8.627450980392157298e-01,7.843137254901960675e-02
1.009871474728356961e-03,9.019607843137255054e-01,-3.921568627450980338e-02
1.009873474728300398e-03,9.411764705882352811e-01,0.000000000000000000e+00
1.009875474728243834e-03,8.627450980392157298e-01,7.843137254901960675e-02
1.009877474728187270e-03,8.627450980392157298e-01,-1.960784313725490169e-01
1.009879474728130706e-03,9.019607843137255054e-01,1.568627450980392135e-01
1.009881474728074142e-03,9.411764705882352811e-01,0.000000000000000000e+00
1.009883474728017578e-03,8.627450980392157298e-01,0.000000000000000000e+00
1.009885474727961014e-03,8.235294117647058432e-01,7.843137254901960675e-02
1.009887474727904451e-03,9.019607843137255054e-01,-3.921568627450980338e-02
1.009889474727847887e-03,9.411764705882352811e-01,7.843137254901960675e-02
1.009891474727791323e-03,8.627450980392157298e-01,0.000000000000000000e+00
1.009893474727734759e-03,9.411764705882352811e-01,3.921568627450980338e-02
1.009895474727678195e-03,9.019607843137255054e-01,7.843137254901960675e-02
1.009897474727621631e-03,9.411764705882352811e-01,-1.568627450980392135e-01
1.009899474727565067e-03,8.235294117647058432e-01,7.843137254901960675e-02
1.009901474727508503e-03,9.019607843137255054e-01,-1.568627450980392135e-01
1.009903474727451940e-03,9.019607843137255054e-01,7.843137254901960675e-02
1.009905474727395376e-03,9.411764705882352811e-01,7.843137254901960675e-02
1.009907474727338812e-03,9.019607843137255054e-01,-1.960784313725490169e-01
1.009909474727282248e-03,9.019607843137255054e-01,1.176470588235294101e-01
1.009911474727225684e-03,9.019607843137255054e-01,-3.921568627450980338e-02
1.009913474727169120e-03,9.411764705882352811e-01,0.000000000000000000e+00
1.009915474727112556e-03,8.235294117647058432e-01,7.843137254901960675e-02
1.009917474727055993e-03,8.627450980392157298e-01,-1.960784313725490169e-01
1.009919474726999429e-03,8.627450980392157298e-01,1.176470588235294101e-01
1.009921474726942865e-03,9.411764705882352811e-01,0.000000000000000000e+00
1.009923474726886301e-03,8.627450980392157298e-01,0.000000000000000000e+00
1.009925474726829737e-03,8.627450980392157298e-01,7.843137254901960675e-02
1.009927474726773173e-03,9.411764705882352811e-01,-7.843137254901960675e-02
1.009929474726716609e-03,9.019607843137255054e-01,7.843137254901960675e-02
1.009931474726660046e-03,8.627450980392157298e-01,-3.921568627450980338e-02
1.009933474726603482e-03,9.019607843137255054e-01,3.921568627450980338e-02
1.009935474726546918e-03,9.019607843137255054e-01,7.843137254901960675e-02
1.009937474726490354e-03,9.411764705882352811e-01,-7.843137254901960675e-02
1.009939474726433790e-03,8.627450980392157298e-01,7.843137254901960675e-02
1.009941474726377226e-03,9.019607843137255054e-01,-7.843137254901960675e-02
1.009943474726320662e-03,9.019607843137255054e-01,7.843137254901960675e-02
1.009945474726264098e-03,9.411764705882352811e-01,7.843137254901960675e-02
1.009947474726207535e-03,8.627450980392157298e-01,-1.568627450980392135e-01
1.009949474726150971e-03,8.627450980392157298e-01,1.568627450980392135e-01
1.009951474726094407e-03,8.627450980392157298e-01,-3.921568627450980338e-02
1.009953474726037843e-03,9.411764705882352811e-01,3.921568627450980338e-02
1.009955474725981279e-03,8.235294117647058432e-01,7.843137254901960675e-02
1.009957474725924715e-03,9.019607843137255054e-01,-1.568627450980392135e-01
1.009959474725868151e-03,9.019607843137255054e-01,1.568627450980392135e-01
1.009961474725811588e-03,9.411764705882352811e-01,-3.921568627450980338e-02
1.009963474725755024e-03,8.235294117647058432e-01,0.000000000000000000e+00
1.009965474725698460e-03,8.627450980392157298e-01,7.843137254901960675e-02
1.009967474725641896e-03,9.411764705882352811e-01,-3.921568627450980338e-02
1.009969474725585332e-03,9.411764705882352811e-01,7.843137254901960675e-02
1.009971474725528768e-03,8.627450980392157298e-01,0.000000000000000000e+00
1.009973474725472204e-03,9.019607843137255054e-01,3.921568627450980338e-02
1.009975474725415641e-03,8.627450980392157298e-01,3.921568627450980338e-02
1.009977474725359077e-03,9.411764705882352811e-01,-7.843137254901960675e-02
1.009979474725302513e-03,8.235294117647058432e-01,7.843137254901960675e-02
1.009981474725245949e-03,9.019607843137255054e-01,-1.568627450980392135e-01
1.009983474725189385e-03,9.019607843137255054e-01,7.843137254901960675e-02
1.009985474725132821e-03,9.019607843137255054e-01,7.843137254901960675e-02
1.009987474725076257e-03,8.627450980392157298e-01,-7.843137254901960675e-02
1.009989474725019694e-03,8.627450980392157298e-01,1.176470588235294101e-01
1.009991474724963130e-03,9.019607843137255054e-01,-7.843137254901960675e-02
1.009993474724906566e-03,9.411764705882352811e-01,3.921568627450980338e-02
1.009995474724850002e-03,8.235294117647058432e-01,7.843137254901960675e-02
1.009997474724793438e-03,9.411764705882352811e-01,-1.960784313725490169e-01
1.009999474724736874e-03,9.411764705882352811e-01,1.176470588235294101e-01
