time_s,CH1_V,CH2_V
9.900004845008734435e-04,9.411764705882352811e-01,0.000000000000000000e+00
9.900024845008168796e-04,8.235294117647058432e-01,7.843137254901960675e-02
9.900044845007603157e-04,9.019607843137255054e-01,-7.843137254901960675e-02
9.900064845007037519e-04,9.019607843137255054e-01,1.176470588235294101e-01
9.900084845006471880e-04,9.411764705882352811e-01,0.000000000000000000e+00
9.900104845005906241e-04,8.235294117647058432e-01,0.000000000000000000e+00
9.900124845005340603e-04,8.627450980392157298e-01,7.843137254901960675e-02
9.900144845004774964e-04,9.019607843137255054e-01,-3.921568627450980338e-02
9.900164845004209326e-04,9.019607843137255054e-01,7.843137254901960675e-02
9.900184845003643687e-04,8.235294117647058432e-01,0.000000000000000000e+00
9.900204845003078048e-04,8.627450980392157298e-01,0.000000000000000000e+00
9.900224845002512410e-04,9.019607843137255054e-01,7.843137254901960675e-02
9.900244845001946771e-04,9.411764705882352811e-01,-7.843137254901960675e-02
9.900264845001381132e-04,8.627450980392157298e-01,7.843137254901960675e-02
9.900284845000815494e-04,9.019607843137255054e-01,0.000000000000000000e+00
9.900304845000249855e-04,9.019607843137255054e-01,3.921568627450980338e-02
9.900324844999684216e-04,9.411764705882352811e-01,7.843137254901960675e-02
9.900344844999118578e-04,8.235294117647058432e-01,-3.921568627450980338e-02
9.900364844998552939e-04,8.627450980392157298e-01,7.843137254901960675e-02
9.900384844997987301e-04,9.019607843137255054e-01,0.000000000000000000e+00
9.900404844997421662e-04,9.411764705882352811e-01,0.000000000000000000e+00
9.900424844996856023e-04,8.235294117647058432e-01,7.843137254901960675e-02
9.900444844996290385e-04,8.235294117647058432e-01,-1.568627450980392135e-01
9.900464844995724746e-04,9.019607843137255054e-01,1.176470588235294101e-01
9.900484844995159107e-04,9.411764705882352811e-01,0.000000000000000000e+00
9.900504844994593469e-04,8.627450980392157298e-01,-3.921568627450980338e-02
9.900524844994027830e-04,8.627450980392157298e-01,7.843137254901960675e-02
9.900544844993462192e-04,9.411764705882352811e-01,-3.921568627450980338e-02
9.900564844992896553e-04,9.411764705882352811e-01,7.843137254901960675e-02
9.900584844992330914e-04,8.627450980392157298e-01,0.000000000000000000e+00
9.900604844991765276e-04,9.019607843137255054e-01,3.921568627450980338e-02
9.900624844991199637e-04,9.019607843137255054e-01,1.176470588235294101e-01
9.900644844990633998e-04,9.411764705882352811e-01,-1.568627450980392135e-01
9.900664844990068360e-04,8.627450980392157298e-01,-7.843137254901960675e-02
9.900684844989502721e-04,8.235294117647058432e-01,7.843137254901960675e-02
9.900704844988937083e-04,9.019607843137255054e-01,3.137254901960784270e-01
9.900724844988371444e-04,9.411764705882352811e-01,2.352941176470588203e-01
9.900744844987805805e-04,8.235294117647058432e-01,-7.843137254901960675e-02
9.900764844987240167e-04,8.627450980392157298e-01,-1.960784313725490169e-01
9.900784844986674528e-04,9.411764705882352811e-01,-3.529411764705882582e-01
9.900804844986108889e-04,9.411764705882352811e-01,-7.843137254901960675e-02
9.900824844985543251e-04,8.627450980392157298e-01,2.352941176470588203e-01
9.900844844984977612e-04,9.411764705882352811e-01,3.921568627450980338e-02
9.900864844984411973e-04,9.019607843137255054e-01,1.960784313725490446e-01
9.900884844983846335e-04,9.019607843137255054e-01,-7.843137254901960675e-02
9.900904844983280696e-04,8.627450980392157298e-01,-7.843137254901960675e-02
9.900924844982715058e-04,9.019607843137255054e-01,1.176470588235294101e-01
9.900944844982149419e-04,9.019607843137255054e-01,1.176470588235294101e-01
9.900964844981583780e-04,9.411764705882352811e-01,7.843137254901960675e-02
9.900984844981018142e-04,8.627450980392157298e-01,-3.921568627450980338e-02
9.901004844980452503e-04,8.627450980392157298e-01,-7.843137254901960675e-02
9.901024844979886864e-04,9.019607843137255054e-01,1.176470588235294101e-01
9.901044844979321226e-04,9.019607843137255054e-01,-7.843137254901960675e-02
9.901064844978755587e-04,8.235294117647058432e-01,7.843137254901960675e-02
9.901084844978189949e-04,9.019607843137255054e-01,0.000000000000000000e+00
9.901104844977624310e-04,9.019607843137255054e-01,0.000000000000000000e+00
9.901124844977058671e-04,9.411764705882352811e-01,7.843137254901960675e-02
9.901144844976493033e-04,8.627450980392157298e-01,-3.921568627450980338e-02
9.901164844975927394e-04,9.411764705882352811e-01,1.176470588235294101e-01
9.901184844975361755e-04,9.019607843137255054e-01,3.921568627450980338e-02
9.901204844974796117e-04,9.411764705882352811e-01,0.000000000000000000e+00
9.901224844974230478e-04,8.627450980392157298e-01,1.176470588235294101e-01
9.901244844973664840e-04,9.019607843137255054e-01,-1.568627450980392135e-01
9.901264844973099201e-04,9.411764705882352811e-01,1.568627450980392135e-01
9.901284844972533562e-04,9.411764705882352811e-01,-3.921568627450980338e-02
9.901304844971967924e-04,8.235294117647058432e-01,-3.921568627450980338e-02
9.901324844971402285e-04,9.019607843137255054e-01,7.843137254901960675e-02
9.901344844970836646e-04,9.019607843137255054e-01,-3.921568627450980338e-02
9.901364844970271008e-04,9.019607843137255054e-01,7.843137254901960675e-02
9.901384844969705369e-04,8.627450980392157298e-01,0.000000000000000000e+00
9.901404844969139731e-04,9.019607843137255054e-01,0.000000000000000000e+00
9.901424844968574092e-04,9.019607843137255054e-01,7.843137254901960675e-02
9.901444844968008453e-04,9.411764705882352811e-01,-3.921568627450980338e-02
9.901464844967442815e-04,8.627450980392157298e-01,7.843137254901960675e-02
9.901484844966877176e-04,9.411764705882352811e-01,3.921568627450980338e-02
9.901504844966311537e-04,8.627450980392157298e-01,3.921568627450980338e-02
9.901524844965745899e-04,9.411764705882352811e-01,3.921568627450980338e-02
9.901544844965180260e-04,8.627450980392157298e-01,-7.843137254901960675e-02
9.901564844964614621e-04,9.019607843137255054e-01,7.843137254901960675e-02
9.901584844964048983e-04,9.019607843137255054e-01,-3.921568627450980338e-02
9.901604844963483344e-04,9.411764705882352811e-01,0.000000000000000000e+00
9.901624844962917706e-04,8.235294117647058432e-01,7.843137254901960675e-02
9.901644844962352067e-04,9.019607843137255054e-01,-1.568627450980392135e-01
9.901664844961786428e-04,9.019607843137255054e-01,1.176470588235294101e-01
9.901684844961220790e-04,9.411764705882352811e-01,-3.921568627450980338e-02
9.901704844960655151e-04,8.627450980392157298e-01,-3.921568627450980338e-02
9.901724844960089512e-04,8.627450980392157298e-01,3.921568627450980338e-02
9.901744844959523874e-04,9.411764705882352811e-01,-3.921568627450980338e-02
9.901764844958958235e-04,9.411764705882352811e-01,3.921568627450980338e-02
9.901784844958392597e-04,8.627450980392157298e-01,0.000000000000000000e+00
9.901804844957826958e-04,9.019607843137255054e-01,3.921568627450980338e-02
9.901824844957261319e-04,9.019607843137255054e-01,3.921568627450980338e-02
9.901844844956695681e-04,9.411764705882352811e-01,-7.843137254901960675e-02
9.901864844956130042e-04,8.235294117647058432e-01,7.843137254901960675e-02
9.901884844955564403e-04,9.019607843137255054e-01,0.000000000000000000e+00
9.901904844954998765e-04,9.019607843137255054e-01,3.921568627450980338e-02
9.901924844954433126e-04,9.411764705882352811e-01,7.843137254901960675e-02
9.901944844953867488e-04,8.627450980392157298e-01,-3.921568627450980338e-02
9.901964844953301849e-04,8.627450980392157298e-01,7.843137254901960675e-02
9.901984844952736210e-04,9.019607843137255054e-01,-3.921568627450980338e-02
9.902004844952170572e-04,9.411764705882352811e-01,0.000000000000000000e+00
9.902024844951604933e-04,8.235294117647058432e-01,7.843137254901960675e-02
9.902044844951039294e-04,9.019607843137255054e-01,-1.568627450980392135e-01
9.902064844950473656e-04,9.019607843137255054e-01,1.568627450980392135e-01
9.902084844949908017e-04,9.411764705882352811e-01,-3.921568627450980338e-02
9.902104844949342378e-04,8.235294117647058432e-01,0.000000000000000000e+00
9.902124844948776740e-04,8.627450980392157298e-01,7.843137254901960675e-02
9.902144844948211101e-04,9.019607843137255054e-01,0.000000000000000000e+00
9.902164844947645463e-04,9.411764705882352811e-01,7.843137254901960675e-02
9.902184844947079824e-04,8.627450980392157298e-01,0.000000000000000000e+00
9.902204844946514185e-04,9.019607843137255054e-01,-7.843137254901960675e-02
9.902224844945948547e-04,9.019607843137255054e-01,7.843137254901960675e-02
9.902244844945382908e-04,9.411764705882352811e-01,-7.843137254901960675e-02
9.902264844944817269e-04,8.627450980392157298e-01,3.921568627450980338e-02
9.902284844944251631e-04,8.627450980392157298e-01,0.000000000000000000e+00
9.902304844943685992e-04,9.019607843137255054e-01,7.843137254901960675e-02
9.902324844943120354e-04,9.019607843137255054e-01,7.843137254901960675e-02
9.902344844942554715e-04,8.627450980392157298e-01,-7.843137254901960675e-02
9.902364844941989076e-04,8.627450980392157298e-01,7.843137254901960675e-02
9.902384844941423438e-04,9.019607843137255054e-01,-3.921568627450980338e-02
9.902404844940857799e-04,9.411764705882352811e-01,0.000000000000000000e+00
9.902424844940292160e-04,8.235294117647058432e-01,7.843137254901960675e-02
9.902444844939726522e-04,9.019607843137255054e-01,-1.568627450980392135e-01
9.902464844939160883e-04,9.019607843137255054e-01,7.843137254901960675e-02
9.902484844938595245e-04,9.411764705882352811e-01,0.000000000000000000e+00
9.902504844938029606e-04,8.235294117647058432e-01,-3.921568627450980338e-02
9.902524844937463967e-04,8.627450980392157298e-01,7.843137254901960675e-02
9.902544844936898329e-04,9.411764705882352811e-01,-3.921568627450980338e-02
9.902564844936332690e-04,9.411764705882352811e-01,3.921568627450980338e-02
9.902584844935767051e-04,8.627450980392157298e-01,0.000000000000000000e+00
9.902604844935201413e-04,8.627450980392157298e-01,3.921568627450980338e-02
9.902624844934635774e-04,9.019607843137255054e-01,1.176470588235294101e-01
9.902644844934070135e-04,9.411764705882352811e-01,-7.843137254901960675e-02
9.902664844933504497e-04,8.627450980392157298e-01,3.921568627450980338e-02
9.902684844932938858e-04,8.627450980392157298e-01,0.000000000000000000e+00
9.902704844932373220e-04,9.019607843137255054e-01,3.921568627450980338e-02
9.902724844931807581e-04,9.411764705882352811e-01,7.843137254901960675e-02
9.902744844931241942e-04,8.627450980392157298e-01,-7.843137254901960675e-02
9.902764844930676304e-04,8.627450980392157298e-01,1.176470588235294101e-01
9.902784844930110665e-04,9.019607843137255054e-01,-3.921568627450980338e-02
9.902804844929545026e-04,9.411764705882352811e-01,0.000000000000000000e+00
9.902824844928979388e-04,8.235294117647058432e-01,7.843137254901960675e-02
9.902844844928413749e-04,8.627450980392157298e-01,-1.568627450980392135e-01
9.902864844927848111e-04,9.019607843137255054e-01,1.568627450980392135e-01
9.902884844927282472e-04,9.411764705882352811e-01,0.000000000000000000e+00
9.902904844926716833e-04,8.627450980392157298e-01,0.000000000000000000e+00
9.902924844926151195e-04,8.627450980392157298e-01,7.843137254901960675e-02
9.902944844925585556e-04,9.019607843137255054e-01,0.000000000000000000e+00
9.902964844925019917e-04,9.411764705882352811e-01,3.921568627450980338e-02
9.902984844924454279e-04,8.235294117647058432e-01,0.000000000000000000e+00
9.903004844923888640e-04,8.627450980392157298e-01,0.000000000000000000e+00
9.903024844923323002e-04,9.019607843137255054e-01,7.843137254901960675e-02
9.903044844922757363e-04,9.411764705882352811e-01,-7.843137254901960675e-02
9.903064844922191724e-04,8.627450980392157298e-01,3.921568627450980338e-02
9.903084844921626086e-04,8.627450980392157298e-01,0.000000000000000000e+00
9.903104844921060447e-04,9.019607843137255054e-01,7.843137254901960675e-02
9.903124844920494808e-04,9.411764705882352811e-01,3.921568627450980338e-02
9.903144844919929170e-04,8.627450980392157298e-01,-7.843137254901960675e-02
9.903164844919363531e-04,8.627450980392157298e-01,7.843137254901960675e-02
9.903184844918797892e-04,9.019607843137255054e-01,-3.921568627450980338e-02
9.903204844918232254e-04,9.411764705882352811e-01,-3.921568627450980338e-02
9.903224844917666615e-04,8.627450980392157298e-01,7.843137254901960675e-02
9.903244844917100977e-04,9.019607843137255054e-01,-1.568627450980392135e-01
9.903264844916535338e-04,9.019607843137255054e-01,1.176470588235294101e-01
9.903284844915969699e-04,9.411764705882352811e-01,0.000000000000000000e+00
9.903304844915404061e-04,8.627450980392157298e-01,0.000000000000000000e+00
9.903324844914838422e-04,9.019607843137255054e-01,7.843137254901960675e-02
9.903344844914272783e-04,9.019607843137255054e-01,-7.843137254901960675e-02
9.903364844913707145e-04,9.411764705882352811e-01,7.843137254901960675e-02
9.903384844913141506e-04,8.627450980392157298e-01,0.000000000000000000e+00
9.903404844912575868e-04,9.019607843137255054e-01,0.000000000000000000e+00
9.903424844912010229e-04,8.627450980392157298e-01,7.843137254901960675e-02
9.903444844911444590e-04,9.411764705882352811e-01,-7.843137254901960675e-02
9.903464844910878952e-04,8.627450980392157298e-01,7.843137254901960675e-02
9.903484844910313313e-04,8.627450980392157298e-01,0.000000000000000000e+00
9.903504844909747674e-04,9.019607843137255054e-01,3.921568627450980338e-02
9.903524844909182036e-04,9.411764705882352811e-01,3.921568627450980338e-02
9.903544844908616397e-04,9.019607843137255054e-01,-3.921568627450980338e-02
9.903564844908050759e-04,9.019607843137255054e-01,7.843137254901960675e-02
9.903584844907485120e-04,9.411764705882352811e-01,0.000000000000000000e+00
9.903604844906919481e-04,9.411764705882352811e-01,0.000000000000000000e+00
9.903624844906353843e-04,8.627450980392157298e-01,7.843137254901960675e-02
9.903644844905788204e-04,9.019607843137255054e-01,-1.568627450980392135e-01
9.903664844905222565e-04,9.019607843137255054e-01,1.176470588235294101e-01
9.903684844904656927e-04,9.411764705882352811e-01,0.000000000000000000e+00
9.903704844904091288e-04,8.627450980392157298e-01,0.000000000000000000e+00
9.903724844903525650e-04,8.235294117647058432e-01,7.843137254901960675e-02
9.903744844902960011e-04,9.019607843137255054e-01,-3.921568627450980338e-02
9.903764844902394372e-04,9.411764705882352811e-01,3.921568627450980338e-02
9.903784844901828734e-04,8.627450980392157298e-01,0.000000000000000000e+00
9.903804844901263095e-04,9.019607843137255054e-01,3.921568627450980338e-02
9.903824844900697456e-04,9.411764705882352811e-01,7.843137254901960675e-02
9.903844844900131818e-04,9.411764705882352811e-01,-7.843137254901960675e-02
9.903864844899566179e-04,8.235294117647058432e-01,3.921568627450980338e-02
9.903884844899000540e-04,9.019607843137255054e-01,3.921568627450980338e-02
9.903904844898434902e-04,9.019607843137255054e-01,3.921568627450980338e-02
9.903924844897869263e-04,9.411764705882352811e-01,3.921568627450980338e-02
9.903944844897303625e-04,8.235294117647058432e-01,-7.843137254901960675e-02
9.903964844896737986e-04,9.019607843137255054e-01,7.843137254901960675e-02
9.903984844896172347e-04,9.019607843137255054e-01,0.000000000000000000e+00
9.904004844895606709e-04,9.411764705882352811e-01,0.000000000000000000e+00
9.904024844895041070e-04,8.627450980392157298e-01,7.843137254901960675e-02
9.904044844894475431e-04,9.019607843137255054e-01,-7.843137254901960675e-02
9.904064844893909793e-04,9.019607843137255054e-01,1.176470588235294101e-01
9.904084844893344154e-04,9.019607843137255054e-01,0.000000000000000000e+00
9.904104844892778516e-04,8.627450980392157298e-01,0.000000000000000000e+00
9.904124844892212877e-04,9.019607843137255054e-01,1.176470588235294101e-01
9.904144844891647238e-04,9.019607843137255054e-01,-3.921568627450980338e-02
9.904164844891081600e-04,9.411764705882352811e-01,7.843137254901960675e-02
9.904184844890515961e-04,8.627450980392157298e-01,0.000000000000000000e+00
9.904204844889950322e-04,8.627450980392157298e-01,0.000000000000000000e+00
9.904224844889384684e-04,9.019607843137255054e-01,7.843137254901960675e-02
9.904244844888819045e-04,9.411764705882352811e-01,-7.843137254901960675e-02
9.904264844888253407e-04,8.627450980392157298e-01,7.843137254901960675e-02
9.904284844887687768e-04,9.019607843137255054e-01,3.921568627450980338e-02
9.904304844887122129e-04,9.019607843137255054e-01,3.921568627450980338e-02
9.904324844886556491e-04,9.411764705882352811e-01,3.921568627450980338e-02
9.904344844885990852e-04,8.627450980392157298e-01,-7.843137254901960675e-02
9.904364844885425213e-04,9.019607843137255054e-01,3.921568627450980338e-02
9.904384844884859575e-04,9.019607843137255054e-01,-3.921568627450980338e-02
9.904404844884293936e-04,9.019607843137255054e-01,0.000000000000000000e+00
9.904424844883728297e-04,8.627450980392157298e-01,7.843137254901960675e-02
9.904444844883162659e-04,8.235294117647058432e-01,0.000000000000000000e+00
9.904464844882597020e-04,9.019607843137255054e-01,1.176470588235294101e-01
9.904484844882031382e-04,9.411764705882352811e-01,0.000000000000000000e+00
9.904504844881465743e-04,8.627450980392157298e-01,-3.921568627450980338e-02
9.904524844880900104e-04,8.627450980392157298e-01,7.843137254901960675e-02
9.904544844880334466e-04,9.411764705882352811e-01,-3.921568627450980338e-02
9.904564844879768827e-04,9.411764705882352811e-01,7.843137254901960675e-02
9.904584844879203188e-04,8.627450980392157298e-01,0.000000000000000000e+00
9.904604844878637550e-04,8.235294117647058432e-01,0.000000000000000000e+00
9.904624844878071911e-04,9.019607843137255054e-01,7.843137254901960675e-02
9.904644844877506273e-04,9.411764705882352811e-01,-7.843137254901960675e-02
9.904664844876940634e-04,8.627450980392157298e-01,7.843137254901960675e-02
9.904684844876374995e-04,9.019607843137255054e-01,0.000000000000000000e+00
9.904704844875809357e-04,8.627450980392157298e-01,3.921568627450980338e-02
9.904724844875243718e-04,9.019607843137255054e-01,3.921568627450980338e-02
9.904744844874678079e-04,8.627450980392157298e-01,-7.843137254901960675e-02
9.904764844874112441e-04,8.627450980392157298e-01,7.843137254901960675e-02
9.904784844873546802e-04,9.019607843137255054e-01,0.000000000000000000e+00
9.904804844872981164e-04,9.019607843137255054e-01,0.000000000000000000e+00
9.904824844872415525e-04,8.235294117647058432e-01,7.843137254901960675e-02
9.904844844871849886e-04,9.019607843137255054e-01,-1.568627450980392135e-01
9.904864844871284248e-04,9.019607843137255054e-01,1.568627450980392135e-01
9.904884844870718609e-04,9.411764705882352811e-01,-3.921568627450980338e-02
9.904904844870152970e-04,8.627450980392157298e-01,0.000000000000000000e+00
9.904924844869587332e-04,9.019607843137255054e-01,3.921568627450980338e-02
9.904944844869021693e-04,9.411764705882352811e-01,-3.921568627450980338e-02
9.904964844868456054e-04,9.411764705882352811e-01,3.921568627450980338e-02
9.904984844867890416e-04,8.627450980392157298e-01,0.000000000000000000e+00
9.905004844867324777e-04,9.411764705882352811e-01,3.921568627450980338e-02
9.905024844866759139e-04,9.019607843137255054e-01,3.921568627450980338e-02
9.905044844866193500e-04,9.411764705882352811e-01,-7.843137254901960675e-02
9.905064844865627861e-04,8.235294117647058432e-01,7.843137254901960675e-02
9.905084844865062223e-04,9.019607843137255054e-01,0.000000000000000000e+00
9.905104844864496584e-04,9.411764705882352811e-01,0.000000000000000000e+00
9.905124844863930945e-04,9.411764705882352811e-01,3.921568627450980338e-02
9.905144844863365307e-04,8.627450980392157298e-01,-7.843137254901960675e-02
9.905164844862799668e-04,8.627450980392157298e-01,3.921568627450980338e-02
9.905184844862234030e-04,9.019607843137255054e-01,0.000000000000000000e+00
9.905204844861668391e-04,9.411764705882352811e-01,-3.921568627450980338e-02
9.905224844861102752e-04,8.235294117647058432e-01,7.843137254901960675e-02
9.905244844860537114e-04,9.019607843137255054e-01,-1.568627450980392135e-01
9.905264844859971475e-04,9.019607843137255054e-01,1.176470588235294101e-01
9.905284844859405836e-04,9.411764705882352811e-01,0.000000000000000000e+00
9.905304844858840198e-04,8.235294117647058432e-01,0.000000000000000000e+00
9.905324844858274559e-04,9.411764705882352811e-01,7.843137254901960675e-02
9.905344844857708921e-04,9.019607843137255054e-01,-7.843137254901960675e-02
9.905364844857143282e-04,9.411764705882352811e-01,7.843137254901960675e-02
9.905384844856577643e-04,8.627450980392157298e-01,-3.921568627450980338e-02
9.905404844856012005e-04,8.627450980392157298e-01,0.000000000000000000e+00
9.905424844855446366e-04,9.019607843137255054e-01,7.843137254901960675e-02
9.905444844854880727e-04,9.411764705882352811e-01,-7.843137254901960675e-02
9.905464844854315089e-04,8.235294117647058432e-01,7.843137254901960675e-02
9.905484844853749450e-04,9.019607843137255054e-01,3.921568627450980338e-02
9.905504844853183812e-04,9.019607843137255054e-01,3.921568627450980338e-02
9.905524844852618173e-04,9.411764705882352811e-01,3.921568627450980338e-02
9.905544844852052534e-04,8.235294117647058432e-01,-7.843137254901960675e-02
9.905564844851486896e-04,8.235294117647058432e-01,3.921568627450980338e-02
9.905584844850921257e-04,8.627450980392157298e-01,-3.921568627450980338e-02
9.905604844850355618e-04,9.411764705882352811e-01,0.000000000000000000e+00
9.905624844849789980e-04,8.235294117647058432e-01,1.176470588235294101e-01
9.905644844849224341e-04,8.627450980392157298e-01,-1.568627450980392135e-01
9.905664844848658702e-04,9.019607843137255054e-01,7.843137254901960675e-02
9.905684844848093064e-04,9.411764705882352811e-01,0.000000000000000000e+00
9.905704844847527425e-04,8.627450980392157298e-01,-3.921568627450980338e-02
9.905724844846961787e-04,9.019607843137255054e-01,7.843137254901960675e-02
9.905744844846396148e-04,9.019607843137255054e-01,-3.921568627450980338e-02
9.905764844845830509e-04,9.411764705882352811e-01,3.921568627450980338e-02
9.905784844845264871e-04,8.627450980392157298e-01,0.000000000000000000e+00
9.905804844844699232e-04,8.627450980392157298e-01,0.000000000000000000e+00
9.905824844844133593e-04,9.019607843137255054e-01,3.921568627450980338e-02
9.905844844843567955e-04,9.803921568627450567e-01,-3.921568627450980338e-02
9.905864844843002316e-04,8.235294117647058432e-01,3.921568627450980338e-02
9.905884844842436678e-04,9.411764705882352811e-01,0.000000000000000000e+00
9.905904844841871039e-04,9.019607843137255054e-01,3.921568627450980338e-02
9.905924844841305400e-04,9.019607843137255054e-01,3.921568627450980338e-02
9.905944844840739762e-04,8.235294117647058432e-01,-3.921568627450980338e-02
9.905964844840174123e-04,8.627450980392157298e-01,7.843137254901960675e-02
9.905984844839608484e-04,9.019607843137255054e-01,0.000000000000000000e+00
9.906004844839042846e-04,9.411764705882352811e-01,0.000000000000000000e+00
9.906024844838477207e-04,8.627450980392157298e-01,7.843137254901960675e-02
9.906044844837911569e-04,9.019607843137255054e-01,-1.568627450980392135e-01
9.906064844837345930e-04,9.411764705882352811e-01,1.568627450980392135e-01
9.906084844836780291e-04,9.411764705882352811e-01,-3.921568627450980338e-02
9.906104844836214653e-04,8.627450980392157298e-01,0.000000000000000000e+00
9.906124844835649014e-04,8.627450980392157298e-01,7.843137254901960675e-02
9.906144844835083375e-04,9.019607843137255054e-01,-3.921568627450980338e-02
9.906164844834517737e-04,9.411764705882352811e-01,7.843137254901960675e-02
9.906184844833952098e-04,8.627450980392157298e-01,0.000000000000000000e+00
9.906204844833386459e-04,8.627450980392157298e-01,0.000000000000000000e+00
9.906224844832820821e-04,8.627450980392157298e-01,7.843137254901960675e-02
9.906244844832255182e-04,9.411764705882352811e-01,-7.843137254901960675e-02
9.906264844831689544e-04,8.627450980392157298e-01,3.921568627450980338e-02
9.906284844831123905e-04,9.019607843137255054e-01,0.000000000000000000e+00
9.906304844830558266e-04,9.019607843137255054e-01,3.921568627450980338e-02
9.906324844829992628e-04,9.411764705882352811e-01,0.000000000000000000e+00
9.906344844829426989e-04,8.627450980392157298e-01,-7.843137254901960675e-02
9.906364844828861350e-04,9.019607843137255054e-01,3.921568627450980338e-02
9.906384844828295712e-04,9.019607843137255054e-01,0.000000000000000000e+00
9.906404844827730073e-04,9.019607843137255054e-01,-3.921568627450980338e-02
9.906424844827164435e-04,8.627450980392157298e-01,7.843137254901960675e-02
9.906444844826598796e-04,9.019607843137255054e-01,-1.568627450980392135e-01
9.906464844826033157e-04,9.019607843137255054e-01,1.176470588235294101e-01
9.906484844825467519e-04,9.411764705882352811e-01,0.000000000000000000e+00
9.906504844824901880e-04,8.627450980392157298e-01,0.000000000000000000e+00
9.906524844824336241e-04,9.019607843137255054e-01,7.843137254901960675e-02
9.906544844823770603e-04,9.411764705882352811e-01,-7.843137254901960675e-02
9.906564844823204964e-04,9.411764705882352811e-01,3.921568627450980338e-02
9.906584844822639326e-04,8.627450980392157298e-01,0.000000000000000000e+00
9.906604844822073687e-04,9.019607843137255054e-01,3.921568627450980338e-02
9.906624844821508048e-04,9.019607843137255054e-01,7.843137254901960675e-02
9.906644844820942410e-04,9.411764705882352811e-01,-7.843137254901960675e-02
9.906664844820376771e-04,8.627450980392157298e-01,3.921568627450980338e-02
9.906684844819811132e-04,8.627450980392157298e-01,0.000000000000000000e+00
9.906704844819245494e-04,9.019607843137255054e-01,3.921568627450980338e-02
9.906724844818679855e-04,9.411764705882352811e-01,3.921568627450980338e-02
9.906744844818114216e-04,8.627450980392157298e-01,-7.843137254901960675e-02
9.906764844817548578e-04,8.627450980392157298e-01,7.843137254901960675e-02
9.906784844816982939e-04,9.019607843137255054e-01,-3.921568627450980338e-02
9.906804844816417301e-04,9.411764705882352811e-01,0.000000000000000000e+00
9.906824844815851662e-04,8.235294117647058432e-01,7.843137254901960675e-02
9.906844844815286023e-04,9.019607843137255054e-01,-1.568627450980392135e-01
9.906864844814720385e-04,9.019607843137255054e-01,7.843137254901960675e-02
9.906884844814154746e-04,9.411764705882352811e-01,3.921568627450980338e-02
9.906904844813589107e-04,8.235294117647058432e-01,0.000000000000000000e+00
9.906924844813023469e-04,8.627450980392157298e-01,1.176470588235294101e-01
9.906944844812457830e-04,9.019607843137255054e-01,-3.921568627450980338e-02
9.906964844811892192e-04,9.411764705882352811e-01,3.921568627450980338e-02
9.906984844811326553e-04,8.235294117647058432e-01,0.000000000000000000e+00
9.907004844810760914e-04,8.627450980392157298e-01,0.000000000000000000e+00
9.907024844810195276e-04,8.627450980392157298e-01,7.843137254901960675e-02
9.907044844809629637e-04,9.411764705882352811e-01,-7.843137254901960675e-02
9.907064844809063998e-04,8.235294117647058432e-01,7.843137254901960675e-02
9.907084844808498360e-04,9.019607843137255054e-01,0.000000000000000000e+00
9.907104844807932721e-04,9.019607843137255054e-01,3.921568627450980338e-02
9.907124844807367083e-04,9.411764705882352811e-01,7.843137254901960675e-02
9.907144844806801444e-04,8.627450980392157298e-01,-7.843137254901960675e-02
9.907164844806235805e-04,9.019607843137255054e-01,3.921568627450980338e-02
9.907184844805670167e-04,9.019607843137255054e-01,-3.921568627450980338e-02
9.907204844805104528e-04,9.411764705882352811e-01,-3.921568627450980338e-02
9.907224844804538889e-04,8.235294117647058432e-01,7.843137254901960675e-02
9.907244844803973251e-04,9.019607843137255054e-01,-7.843137254901960675e-02
9.907264844803407612e-04,9.019607843137255054e-01,7.843137254901960675e-02
9.907284844802841973e-04,9.411764705882352811e-01,0.000000000000000000e+00
9.907304844802276335e-04,8.235294117647058432e-01,-3.921568627450980338e-02
9.907324844801710696e-04,9.019607843137255054e-01,1.176470588235294101e-01
9.907344844801145058e-04,9.411764705882352811e-01,-3.921568627450980338e-02
9.907364844800579419e-04,9.411764705882352811e-01,7.843137254901960675e-02
9.907384844800013780e-04,8.627450980392157298e-01,0.000000000000000000e+00
9.907404844799448142e-04,9.411764705882352811e-01,0.000000000000000000e+00
9.907424844798882503e-04,9.019607843137255054e-01,7.843137254901960675e-02
9.907444844798316864e-04,9.411764705882352811e-01,-7.843137254901960675e-02
9.907464844797751226e-04,8.627450980392157298e-01,3.921568627450980338e-02
9.907484844797185587e-04,8.627450980392157298e-01,0.000000000000000000e+00
9.907504844796619949e-04,9.019607843137255054e-01,3.921568627450980338e-02
9.907524844796054310e-04,9.411764705882352811e-01,7.843137254901960675e-02
9.907544844795488671e-04,8.627450980392157298e-01,-3.921568627450980338e-02
9.907564844794923033e-04,8.627450980392157298e-01,1.176470588235294101e-01
9.907584844794357394e-04,9.019607843137255054e-01,0.000000000000000000e+00
9.907604844793791755e-04,9.411764705882352811e-01,0.000000000000000000e+00
9.907624844793226117e-04,8.235294117647058432e-01,7.843137254901960675e-02
9.907644844792660478e-04,9.019607843137255054e-01,-7.843137254901960675e-02
9.907664844792094840e-04,8.627450980392157298e-01,1.568627450980392135e-01
9.907684844791529201e-04,9.411764705882352811e-01,-3.921568627450980338e-02
9.907704844790963562e-04,8.235294117647058432e-01,0.000000000000000000e+00
9.907724844790397924e-04,9.019607843137255054e-01,7.843137254901960675e-02
9.907744844789832285e-04,9.019607843137255054e-01,-3.921568627450980338e-02
9.907764844789266646e-04,9.411764705882352811e-01,7.843137254901960675e-02
9.907784844788701008e-04,8.627450980392157298e-01,0.000000000000000000e+00
9.907804844788135369e-04,8.235294117647058432e-01,0.000000000000000000e+00
9.907824844787569731e-04,9.019607843137255054e-01,7.843137254901960675e-02
9.907844844787004092e-04,9.411764705882352811e-01,-7.843137254901960675e-02
9.907864844786438453e-04,8.235294117647058432e-01,3.921568627450980338e-02
9.907884844785872815e-04,8.627450980392157298e-01,0.000000000000000000e+00
9.907904844785307176e-04,9.019607843137255054e-01,3.921568627450980338e-02
9.907924844784741537e-04,9.411764705882352811e-01,7.843137254901960675e-02
9.907944844784175899e-04,8.627450980392157298e-01,-7.843137254901960675e-02
9.907964844783610260e-04,9.019607843137255054e-01,7.843137254901960675e-02
9.907984844783044621e-04,9.019607843137255054e-01,-3.921568627450980338e-02
9.908004844782478983e-04,9.411764705882352811e-01,0.000000000000000000e+00
9.908024844781913344e-04,8.235294117647058432e-01,7.843137254901960675e-02
9.908044844781347706e-04,9.019607843137255054e-01,-1.568627450980392135e-01
9.908064844780782067e-04,9.019607843137255054e-01,7.843137254901960675e-02
9.908084844780216428e-04,9.411764705882352811e-01,0.000000000000000000e+00
9.908104844779650790e-04,8.627450980392157298e-01,-3.921568627450980338e-02
9.908124844779085151e-04,8.627450980392157298e-01,1.176470588235294101e-01
9.908144844778519512e-04,9.019607843137255054e-01,-3.921568627450980338e-02
9.908164844777953874e-04,9.411764705882352811e-01,7.843137254901960675e-02
9.908184844777388235e-04,8.627450980392157298e-01,0.000000000000000000e+00
9.908204844776822597e-04,9.019607843137255054e-01,3.921568627450980338e-02
9.908224844776256958e-04,8.627450980392157298e-01,7.843137254901960675e-02
9.908244844775691319e-04,9.411764705882352811e-01,-7.843137254901960675e-02
9.908264844775125681e-04,8.235294117647058432e-01,7.843137254901960675e-02
9.908284844774560042e-04,8.627450980392157298e-01,0.000000000000000000e+00
9.908304844773994403e-04,9.019607843137255054e-01,7.843137254901960675e-02
9.908324844773428765e-04,9.411764705882352811e-01,7.843137254901960675e-02
9.908344844772863126e-04,8.627450980392157298e-01,-3.921568627450980338e-02
9.908364844772297488e-04,8.627450980392157298e-01,7.843137254901960675e-02
9.908384844771731849e-04,9.019607843137255054e-01,-3.921568627450980338e-02
9.908404844771166210e-04,9.411764705882352811e-01,-3.921568627450980338e-02
9.908424844770600572e-04,8.235294117647058432e-01,7.843137254901960675e-02
9.908444844770034933e-04,8.235294117647058432e-01,-1.568627450980392135e-01
9.908464844769469294e-04,9.019607843137255054e-01,1.568627450980392135e-01
9.908484844768903656e-04,9.411764705882352811e-01,-3.921568627450980338e-02
9.908504844768338017e-04,8.627450980392157298e-01,-3.921568627450980338e-02
9.908524844767772378e-04,8.627450980392157298e-01,7.843137254901960675e-02
9.908544844767206740e-04,9.019607843137255054e-01,-3.921568627450980338e-02
9.908564844766641101e-04,9.411764705882352811e-01,7.843137254901960675e-02
9.908584844766075463e-04,8.627450980392157298e-01,0.000000000000000000e+00
9.908604844765509824e-04,9.019607843137255054e-01,0.000000000000000000e+00
9.908624844764944185e-04,9.019607843137255054e-01,7.843137254901960675e-02
9.908644844764378547e-04,9.411764705882352811e-01,-7.843137254901960675e-02
9.908664844763812908e-04,8.627450980392157298e-01,0.000000000000000000e+00
9.908684844763247269e-04,9.019607843137255054e-01,0.000000000000000000e+00
9.908704844762681631e-04,9.019607843137255054e-01,3.921568627450980338e-02
9.908724844762115992e-04,9.411764705882352811e-01,3.921568627450980338e-02
9.908744844761550354e-04,8.627450980392157298e-01,-7.843137254901960675e-02
9.908764844760984715e-04,8.235294117647058432e-01,7.843137254901960675e-02
9.908784844760419076e-04,9.019607843137255054e-01,-3.921568627450980338e-02
9.908804844759853438e-04,9.411764705882352811e-01,-3.921568627450980338e-02
9.908824844759287799e-04,8.627450980392157298e-01,1.176470588235294101e-01
9.908844844758722160e-04,8.627450980392157298e-01,-1.568627450980392135e-01
9.908864844758156522e-04,9.019607843137255054e-01,1.568627450980392135e-01
9.908884844757590883e-04,9.411764705882352811e-01,-3.921568627450980338e-02
9.908904844757025245e-04,8.627450980392157298e-01,0.000000000000000000e+00
9.908924844756459606e-04,8.627450980392157298e-01,7.843137254901960675e-02
9.908944844755893967e-04,9.411764705882352811e-01,-3.921568627450980338e-02
9.908964844755328329e-04,9.411764705882352811e-01,7.843137254901960675e-02
9.908984844754762690e-04,8.627450980392157298e-01,0.000000000000000000e+00
9.909004844754197051e-04,8.627450980392157298e-01,3.921568627450980338e-02
9.909024844753631413e-04,9.019607843137255054e-01,7.843137254901960675e-02
9.909044844753065774e-04,9.411764705882352811e-01,-7.843137254901960675e-02
9.909064844752500135e-04,8.627450980392157298e-01,3.921568627450980338e-02
9.909084844751934497e-04,8.627450980392157298e-01,0.000000000000000000e+00
9.909104844751368858e-04,9.019607843137255054e-01,3.921568627450980338e-02
9.909124844750803220e-04,9.411764705882352811e-01,7.843137254901960675e-02
9.909144844750237581e-04,8.627450980392157298e-01,-3.921568627450980338e-02
9.909164844749671942e-04,8.627450980392157298e-01,3.921568627450980338e-02
9.909184844749106304e-04,9.019607843137255054e-01,0.000000000000000000e+00
9.909204844748540665e-04,9.411764705882352811e-01,0.000000000000000000e+00
9.909224844747975026e-04,8.235294117647058432e-01,7.843137254901960675e-02
9.909244844747409388e-04,8.627450980392157298e-01,-1.568627450980392135e-01
9.909264844746843749e-04,8.627450980392157298e-01,1.176470588235294101e-01
9.909284844746278111e-04,9.019607843137255054e-01,0.000000000000000000e+00
9.909304844745712472e-04,8.235294117647058432e-01,-3.921568627450980338e-02
9.909324844745146833e-04,8.627450980392157298e-01,7.843137254901960675e-02
9.909344844744581195e-04,9.019607843137255054e-01,-3.921568627450980338e-02
9.909364844744015556e-04,9.019607843137255054e-01,3.921568627450980338e-02
9.909384844743449917e-04,8.235294117647058432e-01,0.000000000000000000e+00
9.909404844742884279e-04,9.019607843137255054e-01,0.000000000000000000e+00
9.909424844742318640e-04,9.019607843137255054e-01,1.176470588235294101e-01
9.909444844741753002e-04,9.411764705882352811e-01,-7.843137254901960675e-02
9.909464844741187363e-04,8.627450980392157298e-01,3.921568627450980338e-02
9.909484844740621724e-04,9.019607843137255054e-01,0.000000000000000000e+00
9.909504844740056086e-04,9.019607843137255054e-01,3.921568627450980338e-02
9.909524844739490447e-04,9.411764705882352811e-01,7.843137254901960675e-02
9.909544844738924808e-04,8.627450980392157298e-01,-7.843137254901960675e-02
9.909564844738359170e-04,8.627450980392157298e-01,7.843137254901960675e-02
9.909584844737793531e-04,9.019607843137255054e-01,-3.921568627450980338e-02
9.909604844737227893e-04,9.411764705882352811e-01,0.000000000000000000e+00
9.909624844736662254e-04,8.627450980392157298e-01,7.843137254901960675e-02
9.909644844736096615e-04,8.627450980392157298e-01,-1.568627450980392135e-01
9.909664844735530977e-04,9.019607843137255054e-01,1.176470588235294101e-01
9.909684844734965338e-04,9.411764705882352811e-01,0.000000000000000000e+00
9.909704844734399699e-04,8.627450980392157298e-01,0.000000000000000000e+00
9.909724844733834061e-04,8.627450980392157298e-01,3.921568627450980338e-02
9.909744844733268422e-04,9.411764705882352811e-01,-3.921568627450980338e-02
9.909764844732702783e-04,9.411764705882352811e-01,7.843137254901960675e-02
9.909784844732137145e-04,8.627450980392157298e-01,0.000000000000000000e+00
9.909804844731571506e-04,8.627450980392157298e-01,-3.921568627450980338e-02
9.909824844731005868e-04,8.627450980392157298e-01,1.176470588235294101e-01
9.909844844730440229e-04,9.411764705882352811e-01,-7.843137254901960675e-02
9.909864844729874590e-04,8.627450980392157298e-01,3.921568627450980338e-02
9.909884844729308952e-04,9.019607843137255054e-01,-3.921568627450980338e-02
9.909904844728743313e-04,9.019607843137255054e-01,7.843137254901960675e-02
9.909924844728177674e-04,9.019607843137255054e-01,7.843137254901960675e-02
9.909944844727612036e-04,8.235294117647058432e-01,-7.843137254901960675e-02
9.909964844727046397e-04,8.627450980392157298e-01,7.843137254901960675e-02
9.909984844726480759e-04,9.019607843137255054e-01,0.000000000000000000e+00
9.910004844725915120e-04,9.411764705882352811e-01,0.000000000000000000e+00
9.910024844725349481e-04,8.627450980392157298e-01,3.921568627450980338e-02
9.910044844724783843e-04,9.019607843137255054e-01,-1.568627450980392135e-01
9.910064844724218204e-04,9.019607843137255054e-01,7.843137254901960675e-02
9.910084844723652565e-04,9.411764705882352811e-01,0.000000000000000000e+00
9.910104844723086927e-04,8.235294117647058432e-01,-3.921568627450980338e-02
9.910124844722521288e-04,9.019607843137255054e-01,7.843137254901960675e-02
9.910144844721955650e-04,9.019607843137255054e-01,-3.921568627450980338e-02
9.910164844721390011e-04,9.411764705882352811e-01,3.921568627450980338e-02
9.910184844720824372e-04,8.627450980392157298e-01,0.000000000000000000e+00
9.910204844720258734e-04,9.019607843137255054e-01,0.000000000000000000e+00
9.910224844719693095e-04,9.019607843137255054e-01,7.843137254901960675e-02
9.910244844719127456e-04,9.411764705882352811e-01,-7.843137254901960675e-02
9.910264844718561818e-04,8.627450980392157298e-01,7.843137254901960675e-02
9.910284844717996179e-04,8.627450980392157298e-01,0.000000000000000000e+00
9.910304844717430540e-04,9.019607843137255054e-01,3.921568627450980338e-02
9.910324844716864902e-04,9.411764705882352811e-01,7.843137254901960675e-02
9.910344844716299263e-04,8.627450980392157298e-01,-7.843137254901960675e-02
9.910364844715733625e-04,8.627450980392157298e-01,1.176470588235294101e-01
9.910384844715167986e-04,8.627450980392157298e-01,0.000000000000000000e+00
9.910404844714602347e-04,9.411764705882352811e-01,0.000000000000000000e+00
9.910424844714036709e-04,8.627450980392157298e-01,7.843137254901960675e-02
9.910444844713471070e-04,9.019607843137255054e-01,-7.843137254901960675e-02
9.910464844712905431e-04,9.019607843137255054e-01,1.568627450980392135e-01
9.910484844712339793e-04,9.411764705882352811e-01,0.000000000000000000e+00
9.910504844711774154e-04,8.627450980392157298e-01,0.000000000000000000e+00
9.910524844711208516e-04,9.019607843137255054e-01,7.843137254901960675e-02
9.910544844710642877e-04,9.019607843137255054e-01,-3.921568627450980338e-02
9.910564844710077238e-04,9.019607843137255054e-01,3.921568627450980338e-02
9.910584844709511600e-04,8.627450980392157298e-01,0.000000000000000000e+00
9.910604844708945961e-04,8.627450980392157298e-01,0.000000000000000000e+00
9.910624844708380322e-04,9.019607843137255054e-01,7.843137254901960675e-02
9.910644844707814684e-04,9.411764705882352811e-01,-7.843137254901960675e-02
9.910664844707249045e-04,8.627450980392157298e-01,3.921568627450980338e-02
9.910684844706683407e-04,9.019607843137255054e-01,0.000000000000000000e+00
9.910704844706117768e-04,9.019607843137255054e-01,7.843137254901960675e-02
9.910724844705552129e-04,9.411764705882352811e-01,3.921568627450980338e-02
9.910744844704986491e-04,8.627450980392157298e-01,-7.843137254901960675e-02
9.910764844704420852e-04,8.627450980392157298e-01,1.176470588235294101e-01
9.910784844703855213e-04,9.019607843137255054e-01,0.000000000000000000e+00
9.910804844703289575e-04,9.411764705882352811e-01,0.000000000000000000e+00
9.910824844702723936e-04,8.627450980392157298e-01,1.568627450980392135e-01
9.910844844702158297e-04,8.627450980392157298e-01,-1.568627450980392135e-01
9.910864844701592659e-04,9.019607843137255054e-01,7.843137254901960675e-02
9.910884844701027020e-04,9.411764705882352811e-01,0.000000000000000000e+00
9.910904844700461382e-04,9.019607843137255054e-01,0.000000000000000000e+00
9.910924844699895743e-04,8.627450980392157298e-01,7.843137254901960675e-02
9.910944844699330104e-04,9.411764705882352811e-01,-7.843137254901960675e-02
9.910964844698764466e-04,9.019607843137255054e-01,3.921568627450980338e-02
9.910984844698198827e-04,8.627450980392157298e-01,0.000000000000000000e+00
9.911004844697633188e-04,9.019607843137255054e-01,0.000000000000000000e+00
9.911024844697067550e-04,9.019607843137255054e-01,7.843137254901960675e-02
9.911044844696501911e-04,9.411764705882352811e-01,-7.843137254901960675e-02
9.911064844695936273e-04,8.235294117647058432e-01,7.843137254901960675e-02
9.911084844695370634e-04,8.627450980392157298e-01,3.921568627450980338e-02
9.911104844694804995e-04,9.019607843137255054e-01,3.921568627450980338e-02
9.911124844694239357e-04,9.411764705882352811e-01,0.000000000000000000e+00
9.911144844693673718e-04,8.627450980392157298e-01,-7.843137254901960675e-02
9.911164844693108079e-04,9.019607843137255054e-01,7.843137254901960675e-02
9.911184844692542441e-04,9.019607843137255054e-01,0.000000000000000000e+00
9.911204844691976802e-04,9.411764705882352811e-01,-3.921568627450980338e-02
9.911224844691411164e-04,8.627450980392157298e-01,3.921568627450980338e-02
9.911244844690845525e-04,9.019607843137255054e-01,-1.568627450980392135e-01
9.911264844690279886e-04,9.411764705882352811e-01,7.843137254901960675e-02
9.911284844689714248e-04,9.411764705882352811e-01,0.000000000000000000e+00
9.911304844689148609e-04,8.235294117647058432e-01,-3.921568627450980338e-02
9.911324844688582970e-04,9.019607843137255054e-01,7.843137254901960675e-02
9.911344844688017332e-04,8.627450980392157298e-01,-3.921568627450980338e-02
9.911364844687451693e-04,9.411764705882352811e-01,7.843137254901960675e-02
9.911384844686886054e-04,8.235294117647058432e-01,0.000000000000000000e+00
9.911404844686320416e-04,9.019607843137255054e-01,0.000000000000000000e+00
9.911424844685754777e-04,9.019607843137255054e-01,7.843137254901960675e-02
9.911444844685189139e-04,9.411764705882352811e-01,-7.843137254901960675e-02
9.911464844684623500e-04,8.235294117647058432e-01,7.843137254901960675e-02
9.911484844684057861e-04,9.019607843137255054e-01,0.000000000000000000e+00
9.911504844683492223e-04,9.019607843137255054e-01,3.921568627450980338e-02
9.911524844682926584e-04,9.019607843137255054e-01,3.921568627450980338e-02
9.911544844682360945e-04,8.627450980392157298e-01,-7.843137254901960675e-02
9.911564844681795307e-04,9.019607843137255054e-01,3.921568627450980338e-02
9.911584844681229668e-04,9.019607843137255054e-01,0.000000000000000000e+00
9.911604844680664030e-04,9.411764705882352811e-01,-3.921568627450980338e-02
9.911624844680098391e-04,8.235294117647058432e-01,7.843137254901960675e-02
9.911644844679532752e-04,8.627450980392157298e-01,-1.568627450980392135e-01
9.911664844678967114e-04,9.019607843137255054e-01,1.176470588235294101e-01
9.911684844678401475e-04,9.411764705882352811e-01,-3.921568627450980338e-02
9.911704844677835836e-04,8.235294117647058432e-01,-3.921568627450980338e-02
9.911724844677270198e-04,8.627450980392157298e-01,3.921568627450980338e-02
9.911744844676704559e-04,9.019607843137255054e-01,-3.921568627450980338e-02
9.911764844676138921e-04,9.019607843137255054e-01,3.921568627450980338e-02
9.911784844675573282e-04,8.627450980392157298e-01,0.000000000000000000e+00
9.911804844675007643e-04,9.019607843137255054e-01,3.921568627450980338e-02
9.911824844674442005e-04,9.019607843137255054e-01,1.176470588235294101e-01
9.911844844673876366e-04,9.411764705882352811e-01,-3.921568627450980338e-02
9.911864844673310727e-04,8.627450980392157298e-01,7.843137254901960675e-02
9.911884844672745089e-04,9.019607843137255054e-01,0.000000000000000000e+00
9.911904844672179450e-04,9.411764705882352811e-01,7.843137254901960675e-02
9.911924844671613812e-04,9.411764705882352811e-01,3.921568627450980338e-02
9.911944844671048173e-04,8.627450980392157298e-01,-7.843137254901960675e-02
9.911964844670482534e-04,8.627450980392157298e-01,3.921568627450980338e-02
9.911984844669916896e-04,9.019607843137255054e-01,-3.921568627450980338e-02
9.912004844669351257e-04,9.411764705882352811e-01,0.000000000000000000e+00
9.912024844668785618e-04,8.627450980392157298e-01,7.843137254901960675e-02
9.912044844668219980e-04,9.019607843137255054e-01,0.000000000000000000e+00
9.912064844667654341e-04,9.019607843137255054e-01,1.568627450980392135e-01
9.912084844667088702e-04,9.411764705882352811e-01,-3.921568627450980338e-02
9.912104844666523064e-04,8.627450980392157298e-01,-3.921568627450980338e-02
9.912124844665957425e-04,8.627450980392157298e-01,3.921568627450980338e-02
9.912144844665391787e-04,9.411764705882352811e-01,0.000000000000000000e+00
9.912164844664826148e-04,9.019607843137255054e-01,3.921568627450980338e-02
9.912184844664260509e-04,8.627450980392157298e-01,0.000000000000000000e+00
9.912204844663694871e-04,9.019607843137255054e-01,0.000000000000000000e+00
9.912224844663129232e-04,9.019607843137255054e-01,1.176470588235294101e-01
9.912244844662563593e-04,9.411764705882352811e-01,-7.843137254901960675e-02
9.912264844661997955e-04,8.235294117647058432e-01,7.843137254901960675e-02
9.912284844661432316e-04,9.019607843137255054e-01,0.000000000000000000e+00
9.912304844660866678e-04,9.019607843137255054e-01,3.921568627450980338e-02
9.912324844660301039e-04,9.019607843137255054e-01,3.921568627450980338e-02
9.912344844659735400e-04,8.235294117647058432e-01,-7.843137254901960675e-02
9.912364844659169762e-04,8.627450980392157298e-01,3.921568627450980338e-02
9.912384844658604123e-04,9.019607843137255054e-01,-3.921568627450980338e-02
9.912404844658038484e-04,9.411764705882352811e-01,-3.921568627450980338e-02
9.912424844657472846e-04,8.627450980392157298e-01,7.843137254901960675e-02
9.912444844656907207e-04,8.627450980392157298e-01,-1.568627450980392135e-01
9.912464844656341569e-04,8.627450980392157298e-01,7.843137254901960675e-02
9.912484844655775930e-04,9.411764705882352811e-01,-3.921568627450980338e-02
9.912504844655210291e-04,8.235294117647058432e-01,0.000000000000000000e+00
9.912524844654644653e-04,8.627450980392157298e-01,7.843137254901960675e-02
9.912544844654079014e-04,9.019607843137255054e-01,-3.921568627450980338e-02
9.912564844653513375e-04,9.411764705882352811e-01,3.921568627450980338e-02
9.912584844652947737e-04,8.235294117647058432e-01,0.000000000000000000e+00
9.912604844652382098e-04,9.019607843137255054e-01,0.000000000000000000e+00
9.912624844651816459e-04,9.019607843137255054e-01,7.843137254901960675e-02
9.912644844651250821e-04,9.411764705882352811e-01,-7.843137254901960675e-02
9.912664844650685182e-04,8.627450980392157298e-01,7.843137254901960675e-02
9.912684844650119544e-04,8.627450980392157298e-01,0.000000000000000000e+00
9.912704844649553905e-04,9.019607843137255054e-01,3.921568627450980338e-02
9.912724844648988266e-04,9.411764705882352811e-01,3.921568627450980338e-02
9.912744844648422628e-04,8.627450980392157298e-01,-3.921568627450980338e-02
9.912764844647856989e-04,8.235294117647058432e-01,3.921568627450980338e-02
9.912784844647291350e-04,9.019607843137255054e-01,0.000000000000000000e+00
9.912804844646725712e-04,9.411764705882352811e-01,-3.921568627450980338e-02
9.912824844646160073e-04,8.235294117647058432e-01,7.843137254901960675e-02
9.912844844645594435e-04,9.019607843137255054e-01,-1.568627450980392135e-01
9.912864844645028796e-04,8.627450980392157298e-01,7.843137254901960675e-02
9.912884844644463157e-04,9.411764705882352811e-01,0.000000000000000000e+00
9.912904844643897519e-04,8.627450980392157298e-01,0.000000000000000000e+00
9.912924844643331880e-04,8.627450980392157298e-01,1.568627450980392135e-01
9.912944844642766241e-04,9.019607843137255054e-01,-3.921568627450980338e-02
9.912964844642200603e-04,9.411764705882352811e-01,7.843137254901960675e-02
9.912984844641634964e-04,8.235294117647058432e-01,0.000000000000000000e+00
9.913004844641069326e-04,8.627450980392157298e-01,-3.921568627450980338e-02
9.913024844640503687e-04,9.019607843137255054e-01,1.176470588235294101e-01
9.913044844639938048e-04,9.411764705882352811e-01,-7.843137254901960675e-02
9.913064844639372410e-04,8.627450980392157298e-01,7.843137254901960675e-02
9.913084844638806771e-04,9.019607843137255054e-01,0.000000000000000000e+00
9.913104844638241132e-04,9.019607843137255054e-01,3.921568627450980338e-02
9.913124844637675494e-04,9.411764705882352811e-01,3.921568627450980338e-02
9.913144844637109855e-04,8.627450980392157298e-01,-7.843137254901960675e-02
9.913164844636544216e-04,8.627450980392157298e-01,7.843137254901960675e-02
9.913184844635978578e-04,9.019607843137255054e-01,-3.921568627450980338e-02
9.913204844635412939e-04,9.411764705882352811e-01,0.000000000000000000e+00
9.913224844634847301e-04,8.627450980392157298e-01,7.843137254901960675e-02
9.913244844634281662e-04,9.019607843137255054e-01,-1.568627450980392135e-01
9.913264844633716023e-04,9.019607843137255054e-01,1.176470588235294101e-01
9.913284844633150385e-04,9.411764705882352811e-01,0.000000000000000000e+00
9.913304844632584746e-04,8.627450980392157298e-01,-3.921568627450980338e-02
9.913324844632019107e-04,8.627450980392157298e-01,7.843137254901960675e-02
9.913344844631453469e-04,9.019607843137255054e-01,-7.843137254901960675e-02
9.913364844630887830e-04,9.019607843137255054e-01,3.921568627450980338e-02
9.913384844630322192e-04,8.627450980392157298e-01,0.000000000000000000e+00
9.913404844629756553e-04,8.627450980392157298e-01,3.921568627450980338e-02
9.913424844629190914e-04,9.019607843137255054e-01,7.843137254901960675e-02
9.913444844628625276e-04,9.411764705882352811e-01,-7.843137254901960675e-02
9.913464844628059637e-04,8.235294117647058432e-01,3.921568627450980338e-02
9.913484844627493998e-04,8.627450980392157298e-01,0.000000000000000000e+00
9.913504844626928360e-04,9.019607843137255054e-01,3.921568627450980338e-02
9.913524844626362721e-04,9.411764705882352811e-01,7.843137254901960675e-02
9.913544844625797083e-04,8.627450980392157298e-01,-7.843137254901960675e-02
9.913564844625231444e-04,8.627450980392157298e-01,3.921568627450980338e-02
9.913584844624665805e-04,9.019607843137255054e-01,0.000000000000000000e+00
9.913604844624100167e-04,9.411764705882352811e-01,-3.921568627450980338e-02
9.913624844623534528e-04,8.627450980392157298e-01,7.843137254901960675e-02
9.913644844622968889e-04,8.627450980392157298e-01,-1.568627450980392135e-01
9.913664844622403251e-04,9.019607843137255054e-01,1.176470588235294101e-01
9.913684844621837612e-04,9.019607843137255054e-01,0.000000000000000000e+00
9.913704844621271974e-04,8.627450980392157298e-01,0.000000000000000000e+00
9.913724844620706335e-04,9.019607843137255054e-01,7.843137254901960675e-02
9.913744844620140696e-04,9.411764705882352811e-01,0.000000000000000000e+00
9.913764844619575058e-04,9.411764705882352811e-01,3.921568627450980338e-02
9.913784844619009419e-04,8.627450980392157298e-01,0.000000000000000000e+00
9.913804844618443780e-04,9.019607843137255054e-01,-7.843137254901960675e-02
9.913824844617878142e-04,8.627450980392157298e-01,7.843137254901960675e-02
9.913844844617312503e-04,9.411764705882352811e-01,-7.843137254901960675e-02
9.913864844616746864e-04,8.627450980392157298e-01,3.921568627450980338e-02
9.913884844616181226e-04,9.019607843137255054e-01,0.000000000000000000e+00
9.913904844615615587e-04,9.019607843137255054e-01,7.843137254901960675e-02
9.913924844615049949e-04,9.411764705882352811e-01,0.000000000000000000e+00
9.913944844614484310e-04,8.235294117647058432e-01,-7.843137254901960675e-02
9.913964844613918671e-04,9.019607843137255054e-01,7.843137254901960675e-02
9.913984844613353033e-04,9.019607843137255054e-01,0.000000000000000000e+00
9.914004844612787394e-04,9.411764705882352811e-01,-3.921568627450980338e-02
9.914024844612221755e-04,8.235294117647058432e-01,7.843137254901960675e-02
9.914044844611656117e-04,9.019607843137255054e-01,-7.843137254901960675e-02
9.914064844611090478e-04,9.019607843137255054e-01,1.176470588235294101e-01
9.914084844610524840e-04,9.411764705882352811e-01,0.000000000000000000e+00
9.914104844609959201e-04,8.235294117647058432e-01,-3.921568627450980338e-02
9.914124844609393562e-04,8.627450980392157298e-01,1.176470588235294101e-01
9.914144844608827924e-04,9.019607843137255054e-01,-3.921568627450980338e-02
9.914164844608262285e-04,9.411764705882352811e-01,7.843137254901960675e-02
9.914184844607696646e-04,8.627450980392157298e-01,0.000000000000000000e+00
9.914204844607131008e-04,9.019607843137255054e-01,-7.843137254901960675e-02
9.914224844606565369e-04,9.019607843137255054e-01,3.921568627450980338e-02
9.914244844605999731e-04,9.411764705882352811e-01,-7.843137254901960675e-02
9.914264844605434092e-04,8.627450980392157298e-01,3.921568627450980338e-02
9.914284844604868453e-04,9.019607843137255054e-01,3.921568627450980338e-02
9.914304844604302815e-04,8.627450980392157298e-01,3.921568627450980338e-02
9.914324844603737176e-04,9.411764705882352811e-01,7.843137254901960675e-02
9.914344844603171537e-04,8.627450980392157298e-01,-7.843137254901960675e-02
9.914364844602605899e-04,8.627450980392157298e-01,7.843137254901960675e-02
9.914384844602040260e-04,9.411764705882352811e-01,-3.921568627450980338e-02
9.914404844601474621e-04,9.411764705882352811e-01,-3.921568627450980338e-02
9.914424844600908983e-04,8.627450980392157298e-01,7.843137254901960675e-02
9.914444844600343344e-04,9.411764705882352811e-01,-1.568627450980392135e-01
9.914464844599777706e-04,9.019607843137255054e-01,1.568627450980392135e-01
9.914484844599212067e-04,9.411764705882352811e-01,-7.843137254901960675e-02
9.914504844598646428e-04,8.627450980392157298e-01,-3.921568627450980338e-02
9.914524844598080790e-04,8.627450980392157298e-01,3.921568627450980338e-02
9.914544844597515151e-04,9.019607843137255054e-01,0.000000000000000000e+00
9.914564844596949512e-04,9.411764705882352811e-01,7.843137254901960675e-02
9.914584844596383874e-04,8.627450980392157298e-01,0.000000000000000000e+00
9.914604844595818235e-04,9.019607843137255054e-01,0.000000000000000000e+00
9.914624844595252597e-04,9.019607843137255054e-01,3.921568627450980338e-02
9.914644844594686958e-04,9.411764705882352811e-01,-7.843137254901960675e-02
9.914664844594121319e-04,8.235294117647058432e-01,3.921568627450980338e-02
9.914684844593555681e-04,8.627450980392157298e-01,0.000000000000000000e+00
9.914704844592990042e-04,9.019607843137255054e-01,3.921568627450980338e-02
9.914724844592424403e-04,9.411764705882352811e-01,7.843137254901960675e-02
9.914744844591858765e-04,8.627450980392157298e-01,-7.843137254901960675e-02
9.914764844591293126e-04,9.019607843137255054e-01,1.176470588235294101e-01
9.914784844590727488e-04,9.019607843137255054e-01,0.000000000000000000e+00
9.914804844590161849e-04,9.411764705882352811e-01,0.000000000000000000e+00
9.914824844589596210e-04,8.627450980392157298e-01,7.843137254901960675e-02
9.914844844589030572e-04,8.627450980392157298e-01,-1.568627450980392135e-01
9.914864844588464933e-04,9.019607843137255054e-01,1.568627450980392135e-01
9.914884844587899294e-04,9.411764705882352811e-01,0.000000000000000000e+00
9.914904844587333656e-04,8.627450980392157298e-01,-3.921568627450980338e-02
9.914924844586768017e-04,9.019607843137255054e-01,3.921568627450980338e-02
9.914944844586202378e-04,9.411764705882352811e-01,-3.921568627450980338e-02
9.914964844585636740e-04,9.019607843137255054e-01,7.843137254901960675e-02
9.914984844585071101e-04,8.627450980392157298e-01,0.000000000000000000e+00
9.915004844584505463e-04,9.019607843137255054e-01,0.000000000000000000e+00
9.915024844583939824e-04,9.019607843137255054e-01,7.843137254901960675e-02
9.915044844583374185e-04,9.411764705882352811e-01,-7.843137254901960675e-02
9.915064844582808547e-04,8.235294117647058432e-01,3.921568627450980338e-02
9.915084844582242908e-04,8.627450980392157298e-01,0.000000000000000000e+00
9.915104844581677269e-04,9.411764705882352811e-01,7.843137254901960675e-02
9.915124844581111631e-04,9.411764705882352811e-01,3.921568627450980338e-02
9.915144844580545992e-04,8.627450980392157298e-01,-3.921568627450980338e-02
9.915164844579980354e-04,8.627450980392157298e-01,1.176470588235294101e-01
9.915184844579414715e-04,9.019607843137255054e-01,0.000000000000000000e+00
9.915204844578849076e-04,9.411764705882352811e-01,0.000000000000000000e+00
9.915224844578283438e-04,8.627450980392157298e-01,7.843137254901960675e-02
9.915244844577717799e-04,9.019607843137255054e-01,-1.568627450980392135e-01
9.915264844577152160e-04,9.019607843137255054e-01,1.568627450980392135e-01
9.915284844576586522e-04,9.411764705882352811e-01,0.000000000000000000e+00
9.915304844576020883e-04,8.235294117647058432e-01,-7.843137254901960675e-02
9.915324844575455245e-04,8.627450980392157298e-01,7.843137254901960675e-02
9.915344844574889606e-04,9.019607843137255054e-01,-3.921568627450980338e-02
9.915364844574323967e-04,9.411764705882352811e-01,7.843137254901960675e-02
9.915384844573758329e-04,8.235294117647058432e-01,0.000000000000000000e+00
9.915404844573192690e-04,8.627450980392157298e-01,0.000000000000000000e+00
9.915424844572627051e-04,9.019607843137255054e-01,7.843137254901960675e-02
9.915444844572061413e-04,9.411764705882352811e-01,-3.921568627450980338e-02
9.915464844571495774e-04,7.843137254901960675e-01,7.843137254901960675e-02
9.915484844570930135e-04,9.019607843137255054e-01,0.000000000000000000e+00
9.915504844570364497e-04,9.019607843137255054e-01,7.843137254901960675e-02
9.915524844569798858e-04,9.411764705882352811e-01,0.000000000000000000e+00
9.915544844569233220e-04,8.627450980392157298e-01,-7.843137254901960675e-02
9.915564844568667581e-04,9.019607843137255054e-01,3.921568627450980338e-02
9.915584844568101942e-04,9.411764705882352811e-01,0.000000000000000000e+00
9.915604844567536304e-04,9.411764705882352811e-01,0.000000000000000000e+00
9.915624844566970665e-04,8.627450980392157298e-01,7.843137254901960675e-02
9.915644844566405026e-04,9.019607843137255054e-01,-1.568627450980392135e-01
9.915664844565839388e-04,9.019607843137255054e-01,1.176470588235294101e-01
9.915684844565273749e-04,9.411764705882352811e-01,0.000000000000000000e+00
9.915704844564708111e-04,8.627450980392157298e-01,-3.921568627450980338e-02
9.915724844564142472e-04,8.627450980392157298e-01,7.843137254901960675e-02
9.915744844563576833e-04,9.019607843137255054e-01,-3.921568627450980338e-02
9.915764844563011195e-04,9.411764705882352811e-01,3.921568627450980338e-02
9.915784844562445556e-04,8.627450980392157298e-01,0.000000000000000000e+00
9.915804844561879917e-04,8.627450980392157298e-01,3.921568627450980338e-02
9.915824844561314279e-04,9.019607843137255054e-01,7.843137254901960675e-02
9.915844844560748640e-04,9.411764705882352811e-01,-7.843137254901960675e-02
9.915864844560183002e-04,8.627450980392157298e-01,7.843137254901960675e-02
9.915884844559617363e-04,8.627450980392157298e-01,0.000000000000000000e+00
9.915904844559051724e-04,8.627450980392157298e-01,3.921568627450980338e-02
9.915924844558486086e-04,9.411764705882352811e-01,7.843137254901960675e-02
9.915944844557920447e-04,8.235294117647058432e-01,-3.921568627450980338e-02
9.915964844557354808e-04,8.627450980392157298e-01,3.921568627450980338e-02
9.915984844556789170e-04,9.411764705882352811e-01,0.000000000000000000e+00
9.916004844556223531e-04,9.019607843137255054e-01,-3.921568627450980338e-02
9.916024844555657893e-04,8.627450980392157298e-01,7.843137254901960675e-02
9.916044844555092254e-04,9.019607843137255054e-01,-1.568627450980392135e-01
9.916064844554526615e-04,9.019607843137255054e-01,1.176470588235294101e-01
9.916084844553960977e-04,9.411764705882352811e-01,-3.921568627450980338e-02
9.916104844553395338e-04,9.019607843137255054e-01,0.000000000000000000e+00
9.916124844552829699e-04,9.411764705882352811e-01,7.843137254901960675e-02
9.916144844552264061e-04,9.411764705882352811e-01,-3.921568627450980338e-02
9.916164844551698422e-04,9.019607843137255054e-01,3.921568627450980338e-02
9.916184844551132783e-04,8.235294117647058432e-01,0.000000000000000000e+00
9.916204844550567145e-04,8.627450980392157298e-01,0.000000000000000000e+00
9.916224844550001506e-04,9.019607843137255054e-01,1.176470588235294101e-01
9.916244844549435868e-04,9.411764705882352811e-01,-7.843137254901960675e-02
9.916264844548870229e-04,8.235294117647058432e-01,3.921568627450980338e-02
9.916284844548304590e-04,8.627450980392157298e-01,0.000000000000000000e+00
9.916304844547738952e-04,8.627450980392157298e-01,0.000000000000000000e+00
9.916324844547173313e-04,9.411764705882352811e-01,7.843137254901960675e-02
9.916344844546607674e-04,8.627450980392157298e-01,-3.921568627450980338e-02
9.916364844546042036e-04,9.019607843137255054e-01,7.843137254901960675e-02
9.916384844545476397e-04,9.019607843137255054e-01,0.000000000000000000e+00
9.916404844544910759e-04,9.803921568627450567e-01,-3.921568627450980338e-02
9.916424844544345120e-04,8.235294117647058432e-01,7.843137254901960675e-02
9.916444844543779481e-04,9.019607843137255054e-01,-1.568627450980392135e-01
9.916464844543213843e-04,9.019607843137255054e-01,7.843137254901960675e-02
9.916484844542648204e-04,9.411764705882352811e-01,0.000000000000000000e+00
9.916504844542082565e-04,8.235294117647058432e-01,-3.921568627450980338e-02
9.916524844541516927e-04,8.235294117647058432e-01,1.176470588235294101e-01
9.916544844540951288e-04,8.627450980392157298e-01,-3.921568627450980338e-02
9.916564844540385650e-04,9.411764705882352811e-01,3.921568627450980338e-02
9.916584844539820011e-04,8.627450980392157298e-01,0.000000000000000000e+00
9.916604844539254372e-04,9.019607843137255054e-01,-3.921568627450980338e-02
9.916624844538688734e-04,9.019607843137255054e-01,7.843137254901960675e-02
9.916644844538123095e-04,9.411764705882352811e-01,-7.843137254901960675e-02
9.916664844537557456e-04,8.627450980392157298e-01,7.843137254901960675e-02
9.916684844536991818e-04,8.627450980392157298e-01,0.000000000000000000e+00
9.916704844536426179e-04,9.019607843137255054e-01,3.921568627450980338e-02
9.916724844535860540e-04,9.411764705882352811e-01,7.843137254901960675e-02
9.916744844535294902e-04,8.627450980392157298e-01,-7.843137254901960675e-02
9.916764844534729263e-04,8.235294117647058432e-01,7.843137254901960675e-02
9.916784844534163625e-04,9.019607843137255054e-01,0.000000000000000000e+00
9.916804844533597986e-04,9.411764705882352811e-01,-3.921568627450980338e-02
9.916824844533032347e-04,8.627450980392157298e-01,7.843137254901960675e-02
9.916844844532466709e-04,9.019607843137255054e-01,-1.568627450980392135e-01
9.916864844531901070e-04,9.019607843137255054e-01,1.568627450980392135e-01
9.916884844531335431e-04,9.411764705882352811e-01,-3.921568627450980338e-02
9.916904844530769793e-04,8.627450980392157298e-01,0.000000000000000000e+00
9.916924844530204154e-04,8.235294117647058432e-01,7.843137254901960675e-02
9.916944844529638516e-04,9.019607843137255054e-01,0.000000000000000000e+00
9.916964844529072877e-04,9.411764705882352811e-01,3.921568627450980338e-02
9.916984844528507238e-04,8.235294117647058432e-01,0.000000000000000000e+00
9.917004844527941600e-04,8.627450980392157298e-01,0.000000000000000000e+00
9.917024844527375961e-04,9.411764705882352811e-01,7.843137254901960675e-02
9.917044844526810322e-04,9.411764705882352811e-01,-7.843137254901960675e-02
9.917064844526244684e-04,8.627450980392157298e-01,3.921568627450980338e-02
9.917084844525679045e-04,9.019607843137255054e-01,0.000000000000000000e+00
9.917104844525113407e-04,9.019607843137255054e-01,3.921568627450980338e-02
9.917124844524547768e-04,9.411764705882352811e-01,7.843137254901960675e-02
9.917144844523982129e-04,8.627450980392157298e-01,-7.843137254901960675e-02
9.917164844523416491e-04,8.627450980392157298e-01,7.843137254901960675e-02
9.917184844522850852e-04,9.019607843137255054e-01,0.000000000000000000e+00
9.917204844522285213e-04,9.411764705882352811e-01,-3.921568627450980338e-02
9.917224844521719575e-04,8.627450980392157298e-01,7.843137254901960675e-02
9.917244844521153936e-04,8.627450980392157298e-01,-7.843137254901960675e-02
9.917264844520588297e-04,9.019607843137255054e-01,1.176470588235294101e-01
9.917284844520022659e-04,9.411764705882352811e-01,3.921568627450980338e-02
9.917304844519457020e-04,8.627450980392157298e-01,-3.921568627450980338e-02
9.917324844518891382e-04,9.019607843137255054e-01,1.176470588235294101e-01
9.917344844518325743e-04,9.019607843137255054e-01,-7.843137254901960675e-02
9.917364844517760104e-04,9.411764705882352811e-01,7.843137254901960675e-02
9.917384844517194466e-04,8.627450980392157298e-01,0.000000000000000000e+00
9.917404844516628827e-04,8.627450980392157298e-01,-1.568627450980392135e-01
9.917424844516063188e-04,9.019607843137255054e-01,1.176470588235294101e-01
9.917444844515497550e-04,9.411764705882352811e-01,-7.843137254901960675e-02
9.917464844514931911e-04,8.627450980392157298e-01,7.843137254901960675e-02
9.917484844514366273e-04,9.019607843137255054e-01,0.000000000000000000e+00
9.917504844513800634e-04,9.019607843137255054e-01,3.921568627450980338e-02
9.917524844513234995e-04,9.019607843137255054e-01,7.843137254901960675e-02
9.917544844512669357e-04,8.627450980392157298e-01,-7.843137254901960675e-02
9.917564844512103718e-04,8.627450980392157298e-01,1.176470588235294101e-01
9.917584844511538079e-04,9.019607843137255054e-01,-3.921568627450980338e-02
9.917604844510972441e-04,9.411764705882352811e-01,-3.921568627450980338e-02
9.917624844510406802e-04,8.627450980392157298e-01,7.843137254901960675e-02
9.917644844509841164e-04,9.019607843137255054e-01,-3.921568627450980338e-02
9.917664844509275525e-04,8.627450980392157298e-01,1.176470588235294101e-01
9.917684844508709886e-04,9.411764705882352811e-01,-7.843137254901960675e-02
9.917704844508144248e-04,8.627450980392157298e-01,-3.921568627450980338e-02
9.917724844507578609e-04,8.627450980392157298e-01,3.921568627450980338e-02
9.917744844507012970e-04,9.411764705882352811e-01,-3.921568627450980338e-02
9.917764844506447332e-04,9.411764705882352811e-01,7.843137254901960675e-02
9.917784844505881693e-04,8.627450980392157298e-01,3.921568627450980338e-02
9.917804844505316055e-04,9.019607843137255054e-01,0.000000000000000000e+00
9.917824844504750416e-04,9.019607843137255054e-01,7.843137254901960675e-02
9.917844844504184777e-04,9.411764705882352811e-01,-7.843137254901960675e-02
9.917864844503619139e-04,8.235294117647058432e-01,3.921568627450980338e-02
9.917884844503053500e-04,8.627450980392157298e-01,0.000000000000000000e+00
9.917904844502487861e-04,9.019607843137255054e-01,7.843137254901960675e-02
9.917924844501922223e-04,9.411764705882352811e-01,3.921568627450980338e-02
9.917944844501356584e-04,8.627450980392157298e-01,-7.843137254901960675e-02
9.917964844500790945e-04,9.019607843137255054e-01,7.843137254901960675e-02
9.917984844500225307e-04,9.019607843137255054e-01,-3.921568627450980338e-02
9.918004844499659668e-04,9.411764705882352811e-01,-3.921568627450980338e-02
9.918024844499094030e-04,8.627450980392157298e-01,7.843137254901960675e-02
9.918044844498528391e-04,9.019607843137255054e-01,-1.568627450980392135e-01
9.918064844497962752e-04,9.019607843137255054e-01,1.176470588235294101e-01
9.918084844497397114e-04,9.019607843137255054e-01,0.000000000000000000e+00
9.918104844496831475e-04,8.627450980392157298e-01,-3.921568627450980338e-02
9.918124844496265836e-04,9.019607843137255054e-01,7.843137254901960675e-02
9.918144844495700198e-04,9.019607843137255054e-01,-3.921568627450980338e-02
9.918164844495134559e-04,9.411764705882352811e-01,7.843137254901960675e-02
9.918184844494568921e-04,8.235294117647058432e-01,0.000000000000000000e+00
9.918204844494003282e-04,9.019607843137255054e-01,3.921568627450980338e-02
9.918224844493437643e-04,9.019607843137255054e-01,7.843137254901960675e-02
9.918244844492872005e-04,9.411764705882352811e-01,-7.843137254901960675e-02
9.918264844492306366e-04,8.627450980392157298e-01,7.843137254901960675e-02
9.918284844491740727e-04,8.627450980392157298e-01,3.921568627450980338e-02
9.918304844491175089e-04,9.019607843137255054e-01,3.921568627450980338e-02
9.918324844490609450e-04,9.411764705882352811e-01,3.921568627450980338e-02
9.918344844490043812e-04,8.627450980392157298e-01,-7.843137254901960675e-02
9.918364844489478173e-04,9.019607843137255054e-01,3.921568627450980338e-02
9.918384844488912534e-04,9.019607843137255054e-01,0.000000000000000000e+00
9.918404844488346896e-04,9.019607843137255054e-01,-7.843137254901960675e-02
9.918424844487781257e-04,8.235294117647058432e-01,7.843137254901960675e-02
9.918444844487215618e-04,8.627450980392157298e-01,-1.568627450980392135e-01
9.918464844486649980e-04,9.019607843137255054e-01,1.176470588235294101e-01
9.918484844486084341e-04,9.411764705882352811e-01,-3.921568627450980338e-02
9.918504844485518702e-04,8.627450980392157298e-01,-3.921568627450980338e-02
9.918524844484953064e-04,8.627450980392157298e-01,3.921568627450980338e-02
9.918544844484387425e-04,9.019607843137255054e-01,-3.921568627450980338e-02
9.918564844483821787e-04,9.411764705882352811e-01,7.843137254901960675e-02
9.918584844483256148e-04,8.627450980392157298e-01,0.000000000000000000e+00
9.918604844482690509e-04,8.627450980392157298e-01,0.000000000000000000e+00
9.918624844482124871e-04,9.019607843137255054e-01,1.176470588235294101e-01
9.918644844481559232e-04,9.411764705882352811e-01,-3.921568627450980338e-02
9.918664844480993593e-04,8.627450980392157298e-01,3.921568627450980338e-02
9.918684844480427955e-04,9.411764705882352811e-01,3.921568627450980338e-02
9.918704844479862316e-04,9.019607843137255054e-01,0.000000000000000000e+00
9.918724844479296678e-04,9.411764705882352811e-01,3.921568627450980338e-02
9.918744844478731039e-04,8.627450980392157298e-01,-7.843137254901960675e-02
9.918764844478165400e-04,8.627450980392157298e-01,7.843137254901960675e-02
9.918784844477599762e-04,9.019607843137255054e-01,-3.921568627450980338e-02
9.918804844477034123e-04,9.411764705882352811e-01,-3.921568627450980338e-02
9.918824844476468484e-04,8.627450980392157298e-01,7.843137254901960675e-02
9.918844844475902846e-04,9.019607843137255054e-01,-1.568627450980392135e-01
9.918864844475337207e-04,9.019607843137255054e-01,1.568627450980392135e-01
9.918884844474771569e-04,9.411764705882352811e-01,-3.921568627450980338e-02
9.918904844474205930e-04,8.627450980392157298e-01,-3.921568627450980338e-02
9.918924844473640291e-04,8.627450980392157298e-01,7.843137254901960675e-02
9.918944844473074653e-04,9.019607843137255054e-01,-3.921568627450980338e-02
9.918964844472509014e-04,9.411764705882352811e-01,3.921568627450980338e-02
9.918984844471943375e-04,8.627450980392157298e-01,0.000000000000000000e+00
9.919004844471377737e-04,9.019607843137255054e-01,3.921568627450980338e-02
9.919024844470812098e-04,9.019607843137255054e-01,7.843137254901960675e-02
9.919044844470246459e-04,9.411764705882352811e-01,-7.843137254901960675e-02
9.919064844469680821e-04,8.627450980392157298e-01,3.921568627450980338e-02
9.919084844469115182e-04,9.019607843137255054e-01,0.000000000000000000e+00
9.919104844468549544e-04,9.411764705882352811e-01,3.921568627450980338e-02
9.919124844467983905e-04,9.411764705882352811e-01,3.921568627450980338e-02
9.919144844467418266e-04,8.627450980392157298e-01,-7.843137254901960675e-02
9.919164844466852628e-04,8.627450980392157298e-01,3.921568627450980338e-02
9.919184844466286989e-04,9.411764705882352811e-01,0.000000000000000000e+00
9.919204844465721350e-04,9.411764705882352811e-01,-3.921568627450980338e-02
9.919224844465155712e-04,8.235294117647058432e-01,1.176470588235294101e-01
9.919244844464590073e-04,8.627450980392157298e-01,-1.568627450980392135e-01
9.919264844464024435e-04,8.627450980392157298e-01,1.568627450980392135e-01
9.919284844463458796e-04,9.411764705882352811e-01,0.000000000000000000e+00
9.919304844462893157e-04,8.627450980392157298e-01,0.000000000000000000e+00
9.919324844462327519e-04,8.235294117647058432e-01,3.921568627450980338e-02
9.919344844461761880e-04,9.019607843137255054e-01,-3.921568627450980338e-02
9.919364844461196241e-04,9.411764705882352811e-01,3.921568627450980338e-02
9.919384844460630603e-04,8.627450980392157298e-01,0.000000000000000000e+00
9.919404844460064964e-04,9.019607843137255054e-01,0.000000000000000000e+00
9.919424844459499326e-04,9.019607843137255054e-01,1.176470588235294101e-01
9.919444844458933687e-04,9.411764705882352811e-01,-7.843137254901960675e-02
9.919464844458368048e-04,8.235294117647058432e-01,7.843137254901960675e-02
9.919484844457802410e-04,9.019607843137255054e-01,0.000000000000000000e+00
9.919504844457236771e-04,9.019607843137255054e-01,3.921568627450980338e-02
9.919524844456671132e-04,9.411764705882352811e-01,7.843137254901960675e-02
9.919544844456105494e-04,8.627450980392157298e-01,-7.843137254901960675e-02
9.919564844455539855e-04,9.019607843137255054e-01,7.843137254901960675e-02
9.919584844454974216e-04,9.019607843137255054e-01,0.000000000000000000e+00
9.919604844454408578e-04,9.411764705882352811e-01,-3.921568627450980338e-02
9.919624844453842939e-04,8.235294117647058432e-01,7.843137254901960675e-02
9.919644844453277301e-04,8.627450980392157298e-01,-1.568627450980392135e-01
9.919664844452711662e-04,8.627450980392157298e-01,1.176470588235294101e-01
9.919684844452146023e-04,9.411764705882352811e-01,0.000000000000000000e+00
9.919704844451580385e-04,8.627450980392157298e-01,-3.921568627450980338e-02
9.919724844451014746e-04,8.627450980392157298e-01,7.843137254901960675e-02
9.919744844450449107e-04,9.019607843137255054e-01,-3.921568627450980338e-02
9.919764844449883469e-04,9.411764705882352811e-01,3.921568627450980338e-02
9.919784844449317830e-04,8.627450980392157298e-01,0.000000000000000000e+00
9.919804844448752192e-04,9.019607843137255054e-01,0.000000000000000000e+00
9.919824844448186553e-04,9.019607843137255054e-01,1.176470588235294101e-01
9.919844844447620914e-04,9.411764705882352811e-01,-7.843137254901960675e-02
9.919864844447055276e-04,8.627450980392157298e-01,3.921568627450980338e-02
9.919884844446489637e-04,9.019607843137255054e-01,0.000000000000000000e+00
9.919904844445923998e-04,9.019607843137255054e-01,7.843137254901960675e-02
9.919924844445358360e-04,9.411764705882352811e-01,7.843137254901960675e-02
9.919944844444792721e-04,8.627450980392157298e-01,-3.921568627450980338e-02
9.919964844444227083e-04,9.019607843137255054e-01,7.843137254901960675e-02
9.919984844443661444e-04,9.019607843137255054e-01,-3.921568627450980338e-02
9.920004844443095805e-04,9.411764705882352811e-01,-3.921568627450980338e-02
9.920024844442530167e-04,8.627450980392157298e-01,7.843137254901960675e-02
9.920044844441964528e-04,9.019607843137255054e-01,-1.568627450980392135e-01
9.920064844441398889e-04,9.019607843137255054e-01,1.176470588235294101e-01
9.920084844440833251e-04,9.411764705882352811e-01,0.000000000000000000e+00
9.920104844440267612e-04,8.627450980392157298e-01,0.000000000000000000e+00
9.920124844439701974e-04,8.627450980392157298e-01,7.843137254901960675e-02
9.920144844439136335e-04,9.019607843137255054e-01,-3.921568627450980338e-02
9.920164844438570696e-04,9.411764705882352811e-01,3.921568627450980338e-02
9.920184844438005058e-04,8.627450980392157298e-01,0.000000000000000000e+00
9.920204844437439419e-04,8.627450980392157298e-01,0.000000000000000000e+00
9.920224844436873780e-04,8.627450980392157298e-01,1.176470588235294101e-01
9.920244844436308142e-04,9.411764705882352811e-01,-7.843137254901960675e-02
9.920264844435742503e-04,8.627450980392157298e-01,3.921568627450980338e-02
9.920284844435176864e-04,8.627450980392157298e-01,0.000000000000000000e+00
9.920304844434611226e-04,9.019607843137255054e-01,7.843137254901960675e-02
9.920324844434045587e-04,9.411764705882352811e-01,7.843137254901960675e-02
9.920344844433479949e-04,9.019607843137255054e-01,-7.843137254901960675e-02
9.920364844432914310e-04,9.019607843137255054e-01,7.843137254901960675e-02
9.920384844432348671e-04,9.019607843137255054e-01,-3.921568627450980338e-02
9.920404844431783033e-04,9.411764705882352811e-01,-3.921568627450980338e-02
9.920424844431217394e-04,8.627450980392157298e-01,7.843137254901960675e-02
9.920444844430651755e-04,9.019607843137255054e-01,-7.843137254901960675e-02
9.920464844430086117e-04,9.019607843137255054e-01,7.843137254901960675e-02
9.920484844429520478e-04,9.411764705882352811e-01,0.000000000000000000e+00
9.920504844428954840e-04,8.627450980392157298e-01,-3.921568627450980338e-02
9.920524844428389201e-04,9.019607843137255054e-01,7.843137254901960675e-02
9.920544844427823562e-04,9.019607843137255054e-01,-3.921568627450980338e-02
9.920564844427257924e-04,9.411764705882352811e-01,3.921568627450980338e-02
9.920584844426692285e-04,8.235294117647058432e-01,0.000000000000000000e+00
9.920604844426126646e-04,8.627450980392157298e-01,-3.921568627450980338e-02
9.920624844425561008e-04,9.019607843137255054e-01,7.843137254901960675e-02
9.920644844424995369e-04,9.411764705882352811e-01,-7.843137254901960675e-02
9.920664844424429731e-04,8.627450980392157298e-01,7.843137254901960675e-02
9.920684844423864092e-04,8.627450980392157298e-01,0.000000000000000000e+00
9.920704844423298453e-04,9.019607843137255054e-01,3.921568627450980338e-02
9.920724844422732815e-04,9.019607843137255054e-01,7.843137254901960675e-02
9.920744844422167176e-04,8.627450980392157298e-01,-7.843137254901960675e-02
9.920764844421601537e-04,9.019607843137255054e-01,7.843137254901960675e-02
9.920784844421035899e-04,9.019607843137255054e-01,0.000000000000000000e+00
9.920804844420470260e-04,9.411764705882352811e-01,0.000000000000000000e+00
9.920824844419904621e-04,8.235294117647058432e-01,7.843137254901960675e-02
9.920844844419338983e-04,8.627450980392157298e-01,-1.568627450980392135e-01
9.920864844418773344e-04,9.019607843137255054e-01,1.176470588235294101e-01
9.920884844418207706e-04,9.411764705882352811e-01,0.000000000000000000e+00
9.920904844417642067e-04,8.627450980392157298e-01,-3.921568627450980338e-02
9.920924844417076428e-04,9.019607843137255054e-01,7.843137254901960675e-02
9.920944844416510790e-04,8.627450980392157298e-01,-3.921568627450980338e-02
9.920964844415945151e-04,9.019607843137255054e-01,7.843137254901960675e-02
9.920984844415379512e-04,8.627450980392157298e-01,0.000000000000000000e+00
9.921004844414813874e-04,9.019607843137255054e-01,-7.843137254901960675e-02
9.921024844414248235e-04,8.627450980392157298e-01,1.176470588235294101e-01
9.921044844413682597e-04,9.411764705882352811e-01,-3.921568627450980338e-02
9.921064844413116958e-04,8.627450980392157298e-01,3.921568627450980338e-02
9.921084844412551319e-04,9.019607843137255054e-01,0.000000000000000000e+00
9.921104844411985681e-04,9.411764705882352811e-01,3.921568627450980338e-02
9.921124844411420042e-04,9.411764705882352811e-01,7.843137254901960675e-02
9.921144844410854403e-04,8.627450980392157298e-01,-7.843137254901960675e-02
9.921164844410288765e-04,9.019607843137255054e-01,3.921568627450980338e-02
9.921184844409723126e-04,9.411764705882352811e-01,0.000000000000000000e+00
9.921204844409157488e-04,9.019607843137255054e-01,-3.921568627450980338e-02
9.921224844408591849e-04,8.627450980392157298e-01,7.843137254901960675e-02
9.921244844408026210e-04,8.627450980392157298e-01,-7.843137254901960675e-02
9.921264844407460572e-04,9.019607843137255054e-01,1.568627450980392135e-01
9.921284844406894933e-04,9.411764705882352811e-01,-3.921568627450980338e-02
9.921304844406329294e-04,8.235294117647058432e-01,-3.921568627450980338e-02
9.921324844405763656e-04,9.019607843137255054e-01,3.921568627450980338e-02
9.921344844405198017e-04,9.019607843137255054e-01,-3.921568627450980338e-02
9.921364844404632378e-04,9.411764705882352811e-01,7.843137254901960675e-02
9.921384844404066740e-04,8.627450980392157298e-01,0.000000000000000000e+00
9.921404844403501101e-04,8.627450980392157298e-01,3.921568627450980338e-02
9.921424844402935463e-04,9.019607843137255054e-01,7.843137254901960675e-02
9.921444844402369824e-04,9.411764705882352811e-01,-7.843137254901960675e-02
9.921464844401804185e-04,8.235294117647058432e-01,3.921568627450980338e-02
9.921484844401238547e-04,9.411764705882352811e-01,3.921568627450980338e-02
9.921504844400672908e-04,9.019607843137255054e-01,3.921568627450980338e-02
9.921524844400107269e-04,9.411764705882352811e-01,3.921568627450980338e-02
9.921544844399541631e-04,8.627450980392157298e-01,-7.843137254901960675e-02
9.921564844398975992e-04,8.627450980392157298e-01,7.843137254901960675e-02
9.921584844398410354e-04,9.019607843137255054e-01,0.000000000000000000e+00
9.921604844397844715e-04,9.411764705882352811e-01,0.000000000000000000e+00
9.921624844397279076e-04,8.627450980392157298e-01,7.843137254901960675e-02
9.921644844396713438e-04,9.019607843137255054e-01,-3.921568627450980338e-02
9.921664844396147799e-04,8.627450980392157298e-01,1.176470588235294101e-01
9.921684844395582160e-04,9.019607843137255054e-01,-3.921568627450980338e-02
9.921704844395016522e-04,8.627450980392157298e-01,0.000000000000000000e+00
9.921724844394450883e-04,8.627450980392157298e-01,7.843137254901960675e-02
9.921744844393885245e-04,9.411764705882352811e-01,-3.921568627450980338e-02
9.921764844393319606e-04,9.019607843137255054e-01,7.843137254901960675e-02
9.921784844392753967e-04,9.019607843137255054e-01,0.000000000000000000e+00
9.921804844392188329e-04,9.411764705882352811e-01,3.921568627450980338e-02
9.921824844391622690e-04,9.019607843137255054e-01,3.921568627450980338e-02
9.921844844391057051e-04,9.411764705882352811e-01,-7.843137254901960675e-02
9.921864844390491413e-04,8.627450980392157298e-01,3.921568627450980338e-02
9.921884844389925774e-04,9.019607843137255054e-01,0.000000000000000000e+00
9.921904844389360136e-04,9.019607843137255054e-01,7.843137254901960675e-02
9.921924844388794497e-04,9.411764705882352811e-01,3.921568627450980338e-02
9.921944844388228858e-04,8.627450980392157298e-01,-7.843137254901960675e-02
9.921964844387663220e-04,8.627450980392157298e-01,3.921568627450980338e-02
9.921984844387097581e-04,9.019607843137255054e-01,0.000000000000000000e+00
9.922004844386531942e-04,9.411764705882352811e-01,0.000000000000000000e+00
9.922024844385966304e-04,8.235294117647058432e-01,7.843137254901960675e-02
9.922044844385400665e-04,8.627450980392157298e-01,-7.843137254901960675e-02
9.922064844384835026e-04,9.019607843137255054e-01,1.176470588235294101e-01
9.922084844384269388e-04,9.411764705882352811e-01,0.000000000000000000e+00
9.922104844383703749e-04,8.627450980392157298e-01,-3.921568627450980338e-02
9.922124844383138111e-04,8.627450980392157298e-01,7.843137254901960675e-02
9.922144844382572472e-04,9.019607843137255054e-01,-3.921568627450980338e-02
9.922164844382006833e-04,9.019607843137255054e-01,3.921568627450980338e-02
9.922184844381441195e-04,8.627450980392157298e-01,0.000000000000000000e+00
9.922204844380875556e-04,9.019607843137255054e-01,0.000000000000000000e+00
9.922224844380309917e-04,8.627450980392157298e-01,1.176470588235294101e-01
9.922244844379744279e-04,9.411764705882352811e-01,-7.843137254901960675e-02
9.922264844379178640e-04,8.235294117647058432e-01,3.921568627450980338e-02
9.922284844378613002e-04,9.019607843137255054e-01,0.000000000000000000e+00
9.922304844378047363e-04,9.019607843137255054e-01,3.921568627450980338e-02
9.922324844377481724e-04,9.411764705882352811e-01,3.921568627450980338e-02
9.922344844376916086e-04,9.019607843137255054e-01,-7.843137254901960675e-02
9.922364844376350447e-04,8.235294117647058432e-01,7.843137254901960675e-02
9.922384844375784808e-04,9.019607843137255054e-01,-3.921568627450980338e-02
9.922404844375219170e-04,9.411764705882352811e-01,0.000000000000000000e+00
9.922424844374653531e-04,8.627450980392157298e-01,7.843137254901960675e-02
9.922444844374087893e-04,9.019607843137255054e-01,-1.568627450980392135e-01
9.922464844373522254e-04,9.019607843137255054e-01,1.568627450980392135e-01
9.922484844372956615e-04,9.019607843137255054e-01,-3.921568627450980338e-02
9.922504844372390977e-04,8.627450980392157298e-01,0.000000000000000000e+00
9.922524844371825338e-04,8.627450980392157298e-01,7.843137254901960675e-02
9.922544844371259699e-04,9.411764705882352811e-01,0.000000000000000000e+00
9.922564844370694061e-04,9.411764705882352811e-01,7.843137254901960675e-02
9.922584844370128422e-04,8.627450980392157298e-01,0.000000000000000000e+00
9.922604844369562783e-04,9.411764705882352811e-01,-7.843137254901960675e-02
9.922624844368997145e-04,9.019607843137255054e-01,1.176470588235294101e-01
9.922644844368431506e-04,9.411764705882352811e-01,-7.843137254901960675e-02
9.922664844367865868e-04,8.627450980392157298e-01,3.921568627450980338e-02
9.922684844367300229e-04,9.019607843137255054e-01,0.000000000000000000e+00
9.922704844366734590e-04,9.411764705882352811e-01,0.000000000000000000e+00
9.922724844366168952e-04,9.411764705882352811e-01,3.921568627450980338e-02
9.922744844365603313e-04,8.627450980392157298e-01,-7.843137254901960675e-02
9.922764844365037674e-04,9.019607843137255054e-01,7.843137254901960675e-02
9.922784844364472036e-04,9.019607843137255054e-01,0.000000000000000000e+00
9.922804844363906397e-04,9.411764705882352811e-01,0.000000000000000000e+00
9.922824844363340759e-04,8.627450980392157298e-01,7.843137254901960675e-02
9.922844844362775120e-04,9.019607843137255054e-01,-7.843137254901960675e-02
9.922864844362209481e-04,9.019607843137255054e-01,7.843137254901960675e-02
9.922884844361643843e-04,9.411764705882352811e-01,3.921568627450980338e-02
9.922904844361078204e-04,8.235294117647058432e-01,-7.843137254901960675e-02
9.922924844360512565e-04,9.019607843137255054e-01,7.843137254901960675e-02
9.922944844359946927e-04,9.019607843137255054e-01,-3.921568627450980338e-02
9.922964844359381288e-04,9.411764705882352811e-01,3.921568627450980338e-02
9.922984844358815650e-04,8.627450980392157298e-01,0.000000000000000000e+00
9.923004844358250011e-04,9.019607843137255054e-01,0.000000000000000000e+00
9.923024844357684372e-04,9.019607843137255054e-01,1.176470588235294101e-01
9.923044844357118734e-04,9.411764705882352811e-01,-7.843137254901960675e-02
9.923064844356553095e-04,8.627450980392157298e-01,7.843137254901960675e-02
9.923084844355987456e-04,9.019607843137255054e-01,0.000000000000000000e+00
9.923104844355421818e-04,9.019607843137255054e-01,3.921568627450980338e-02
9.923124844354856179e-04,9.411764705882352811e-01,3.921568627450980338e-02
9.923144844354290540e-04,8.627450980392157298e-01,-7.843137254901960675e-02
9.923164844353724902e-04,9.019607843137255054e-01,3.921568627450980338e-02
9.923184844353159263e-04,9.019607843137255054e-01,0.000000000000000000e+00
9.923204844352593625e-04,9.411764705882352811e-01,-3.921568627450980338e-02
9.923224844352027986e-04,8.627450980392157298e-01,7.843137254901960675e-02
9.923244844351462347e-04,8.627450980392157298e-01,-1.568627450980392135e-01
9.923264844350896709e-04,9.019607843137255054e-01,1.568627450980392135e-01
9.923284844350331070e-04,9.411764705882352811e-01,0.000000000000000000e+00
9.923304844349765431e-04,8.627450980392157298e-01,-3.921568627450980338e-02
9.923324844349199793e-04,8.235294117647058432e-01,7.843137254901960675e-02
9.923344844348634154e-04,9.411764705882352811e-01,0.000000000000000000e+00
9.923364844348068516e-04,9.411764705882352811e-01,7.843137254901960675e-02
9.923384844347502877e-04,8.627450980392157298e-01,0.000000000000000000e+00
9.923404844346937238e-04,9.019607843137255054e-01,-3.921568627450980338e-02
9.923424844346371600e-04,9.019607843137255054e-01,1.176470588235294101e-01
9.923444844345805961e-04,9.411764705882352811e-01,-7.843137254901960675e-02
9.923464844345240322e-04,8.627450980392157298e-01,7.843137254901960675e-02
9.923484844344674684e-04,9.019607843137255054e-01,3.921568627450980338e-02
9.923504844344109045e-04,9.019607843137255054e-01,3.921568627450980338e-02
9.923524844343543407e-04,9.411764705882352811e-01,3.921568627450980338e-02
9.923544844342977768e-04,8.627450980392157298e-01,-7.843137254901960675e-02
9.923564844342412129e-04,8.627450980392157298e-01,3.921568627450980338e-02
9.923584844341846491e-04,9.411764705882352811e-01,0.000000000000000000e+00
9.923604844341280852e-04,9.411764705882352811e-01,0.000000000000000000e+00
9.923624844340715213e-04,8.627450980392157298e-01,7.843137254901960675e-02
9.923644844340149575e-04,9.019607843137255054e-01,-1.568627450980392135e-01
9.923664844339583936e-04,9.019607843137255054e-01,1.176470588235294101e-01
9.923684844339018297e-04,9.411764705882352811e-01,0.000000000000000000e+00
9.923704844338452659e-04,8.627450980392157298e-01,-3.921568627450980338e-02
9.923724844337887020e-04,8.627450980392157298e-01,3.921568627450980338e-02
9.923744844337321382e-04,9.019607843137255054e-01,0.000000000000000000e+00
9.923764844336755743e-04,9.411764705882352811e-01,3.921568627450980338e-02
9.923784844336190104e-04,8.627450980392157298e-01,0.000000000000000000e+00
9.923804844335624466e-04,9.019607843137255054e-01,3.921568627450980338e-02
9.923824844335058827e-04,8.627450980392157298e-01,7.843137254901960675e-02
9.923844844334493188e-04,9.411764705882352811e-01,-7.843137254901960675e-02
9.923864844333927550e-04,8.627450980392157298e-01,3.921568627450980338e-02
9.923884844333361911e-04,8.627450980392157298e-01,3.921568627450980338e-02
9.923904844332796273e-04,9.019607843137255054e-01,3.921568627450980338e-02
9.923924844332230634e-04,9.411764705882352811e-01,3.921568627450980338e-02
9.923944844331664995e-04,8.235294117647058432e-01,-7.843137254901960675e-02
9.923964844331099357e-04,9.019607843137255054e-01,7.843137254901960675e-02
9.923984844330533718e-04,9.411764705882352811e-01,0.000000000000000000e+00
9.924004844329968079e-04,9.411764705882352811e-01,0.000000000000000000e+00
9.924024844329402441e-04,8.627450980392157298e-01,7.843137254901960675e-02
9.924044844328836802e-04,9.019607843137255054e-01,-1.568627450980392135e-01
9.924064844328271164e-04,9.411764705882352811e-01,1.568627450980392135e-01
9.924084844327705525e-04,9.411764705882352811e-01,0.000000000000000000e+00
9.924104844327139886e-04,8.627450980392157298e-01,0.000000000000000000e+00
9.924124844326574248e-04,9.019607843137255054e-01,7.843137254901960675e-02
9.924144844326008609e-04,9.411764705882352811e-01,0.000000000000000000e+00
9.924164844325442970e-04,9.411764705882352811e-01,7.843137254901960675e-02
9.924184844324877332e-04,8.627450980392157298e-01,0.000000000000000000e+00
9.924204844324311693e-04,9.019607843137255054e-01,-7.843137254901960675e-02
9.924224844323746055e-04,9.019607843137255054e-01,7.843137254901960675e-02
9.924244844323180416e-04,9.411764705882352811e-01,-3.921568627450980338e-02
9.924264844322614777e-04,8.627450980392157298e-01,3.921568627450980338e-02
9.924284844322049139e-04,9.019607843137255054e-01,0.000000000000000000e+00
9.924304844321483500e-04,9.411764705882352811e-01,3.921568627450980338e-02
9.924324844320917861e-04,9.411764705882352811e-01,3.921568627450980338e-02
9.924344844320352223e-04,8.235294117647058432e-01,-7.843137254901960675e-02
9.924364844319786584e-04,9.019607843137255054e-01,3.921568627450980338e-02
9.924384844319220945e-04,9.019607843137255054e-01,0.000000000000000000e+00
9.924404844318655307e-04,9.411764705882352811e-01,0.000000000000000000e+00
9.924424844318089668e-04,8.627450980392157298e-01,7.843137254901960675e-02
9.924444844317524030e-04,9.019607843137255054e-01,-1.568627450980392135e-01
9.924464844316958391e-04,9.019607843137255054e-01,7.843137254901960675e-02
9.924484844316392752e-04,9.411764705882352811e-01,0.000000000000000000e+00
9.924504844315827114e-04,8.627450980392157298e-01,0.000000000000000000e+00
9.924524844315261475e-04,8.627450980392157298e-01,7.843137254901960675e-02
9.924544844314695836e-04,9.411764705882352811e-01,-3.921568627450980338e-02
9.924564844314130198e-04,9.411764705882352811e-01,3.921568627450980338e-02
9.924584844313564559e-04,8.235294117647058432e-01,0.000000000000000000e+00
9.924604844312998921e-04,9.019607843137255054e-01,0.000000000000000000e+00
9.924624844312433282e-04,9.019607843137255054e-01,7.843137254901960675e-02
9.924644844311867643e-04,9.411764705882352811e-01,-7.843137254901960675e-02
9.924664844311302005e-04,8.627450980392157298e-01,7.843137254901960675e-02
9.924684844310736366e-04,9.411764705882352811e-01,0.000000000000000000e+00
9.924704844310170727e-04,9.019607843137255054e-01,0.000000000000000000e+00
9.924724844309605089e-04,9.411764705882352811e-01,7.843137254901960675e-02
9.924744844309039450e-04,8.627450980392157298e-01,-7.843137254901960675e-02
9.924764844308473812e-04,8.627450980392157298e-01,3.921568627450980338e-02
9.924784844307908173e-04,9.019607843137255054e-01,0.000000000000000000e+00
9.924804844307342534e-04,9.411764705882352811e-01,-3.921568627450980338e-02
9.924824844306776896e-04,8.627450980392157298e-01,7.843137254901960675e-02
9.924844844306211257e-04,9.019607843137255054e-01,-1.568627450980392135e-01
9.924864844305645618e-04,9.019607843137255054e-01,7.843137254901960675e-02
9.924884844305079980e-04,9.411764705882352811e-01,0.000000000000000000e+00
9.924904844304514341e-04,8.235294117647058432e-01,0.000000000000000000e+00
9.924924844303948702e-04,9.019607843137255054e-01,1.176470588235294101e-01
9.924944844303383064e-04,9.411764705882352811e-01,-3.921568627450980338e-02
9.924964844302817425e-04,9.411764705882352811e-01,7.843137254901960675e-02
9.924984844302251787e-04,8.627450980392157298e-01,0.000000000000000000e+00
9.925004844301686148e-04,8.627450980392157298e-01,-3.921568627450980338e-02
9.925024844301120509e-04,9.019607843137255054e-01,1.176470588235294101e-01
9.925044844300554871e-04,9.411764705882352811e-01,-7.843137254901960675e-02
9.925064844299989232e-04,8.627450980392157298e-01,3.921568627450980338e-02
9.925084844299423593e-04,9.019607843137255054e-01,0.000000000000000000e+00
9.925104844298857955e-04,9.019607843137255054e-01,3.921568627450980338e-02
9.925124844298292316e-04,9.411764705882352811e-01,7.843137254901960675e-02
9.925144844297726678e-04,8.627450980392157298e-01,-3.921568627450980338e-02
9.925164844297161039e-04,8.627450980392157298e-01,7.843137254901960675e-02
9.925184844296595400e-04,8.627450980392157298e-01,0.000000000000000000e+00
9.925204844296029762e-04,9.411764705882352811e-01,-3.921568627450980338e-02
9.925224844295464123e-04,8.235294117647058432e-01,7.843137254901960675e-02
9.925244844294898484e-04,9.019607843137255054e-01,-1.568627450980392135e-01
9.925264844294332846e-04,8.627450980392157298e-01,3.921568627450980338e-02
9.925284844293767207e-04,9.411764705882352811e-01,0.000000000000000000e+00
9.925304844293201569e-04,8.235294117647058432e-01,-7.843137254901960675e-02
9.925324844292635930e-04,8.627450980392157298e-01,7.843137254901960675e-02
9.925344844292070291e-04,9.019607843137255054e-01,-3.921568627450980338e-02
9.925364844291504653e-04,9.411764705882352811e-01,3.921568627450980338e-02
9.925384844290939014e-04,8.235294117647058432e-01,0.000000000000000000e+00
9.925404844290373375e-04,9.019607843137255054e-01,0.000000000000000000e+00
9.925424844289807737e-04,9.019607843137255054e-01,1.176470588235294101e-01
9.925444844289242098e-04,9.411764705882352811e-01,-7.843137254901960675e-02
9.925464844288676459e-04,8.627450980392157298e-01,3.921568627450980338e-02
9.925484844288110821e-04,8.627450980392157298e-01,3.921568627450980338e-02
9.925504844287545182e-04,9.411764705882352811e-01,7.843137254901960675e-02
9.925524844286979544e-04,9.019607843137255054e-01,7.843137254901960675e-02
9.925544844286413905e-04,8.235294117647058432e-01,-3.921568627450980338e-02
9.925564844285848266e-04,9.019607843137255054e-01,7.843137254901960675e-02
9.925584844285282628e-04,9.019607843137255054e-01,0.000000000000000000e+00
9.925604844284716989e-04,9.411764705882352811e-01,-3.921568627450980338e-02
9.925624844284151350e-04,8.627450980392157298e-01,7.843137254901960675e-02
9.925644844283585712e-04,9.019607843137255054e-01,-1.568627450980392135e-01
9.925664844283020073e-04,9.411764705882352811e-01,1.568627450980392135e-01
9.925684844282454435e-04,9.411764705882352811e-01,0.000000000000000000e+00
9.925704844281888796e-04,8.627450980392157298e-01,-3.921568627450980338e-02
9.925724844281323157e-04,8.627450980392157298e-01,7.843137254901960675e-02
9.925744844280757519e-04,9.019607843137255054e-01,-3.921568627450980338e-02
9.925764844280191880e-04,9.411764705882352811e-01,3.921568627450980338e-02
9.925784844279626241e-04,8.627450980392157298e-01,0.000000000000000000e+00
9.925804844279060603e-04,9.019607843137255054e-01,-7.843137254901960675e-02
9.925824844278494964e-04,9.019607843137255054e-01,1.176470588235294101e-01
9.925844844277929326e-04,9.411764705882352811e-01,-7.843137254901960675e-02
9.925864844277363687e-04,8.235294117647058432e-01,7.843137254901960675e-02
9.925884844276798048e-04,9.019607843137255054e-01,0.000000000000000000e+00
9.925904844276232410e-04,9.411764705882352811e-01,3.921568627450980338e-02
9.925924844275666771e-04,9.411764705882352811e-01,7.843137254901960675e-02
9.925944844275101132e-04,8.627450980392157298e-01,-7.843137254901960675e-02
9.925964844274535494e-04,9.019607843137255054e-01,7.843137254901960675e-02
9.925984844273969855e-04,9.019607843137255054e-01,0.000000000000000000e+00
9.926004844273404217e-04,9.411764705882352811e-01,-3.921568627450980338e-02
9.926024844272838578e-04,8.627450980392157298e-01,1.176470588235294101e-01
9.926044844272272939e-04,9.019607843137255054e-01,-1.568627450980392135e-01
9.926064844271707301e-04,9.019607843137255054e-01,1.568627450980392135e-01
9.926084844271141662e-04,9.411764705882352811e-01,0.000000000000000000e+00
9.926104844270576023e-04,8.235294117647058432e-01,0.000000000000000000e+00
9.926124844270010385e-04,9.019607843137255054e-01,7.843137254901960675e-02
9.926144844269444746e-04,9.019607843137255054e-01,-3.921568627450980338e-02
9.926164844268879107e-04,9.411764705882352811e-01,3.921568627450980338e-02
9.926184844268313469e-04,8.627450980392157298e-01,0.000000000000000000e+00
9.926204844267747830e-04,8.627450980392157298e-01,-3.921568627450980338e-02
9.926224844267182192e-04,8.627450980392157298e-01,7.843137254901960675e-02
9.926244844266616553e-04,9.411764705882352811e-01,-7.843137254901960675e-02
9.926264844266050914e-04,8.235294117647058432e-01,3.921568627450980338e-02
9.926284844265485276e-04,9.019607843137255054e-01,0.000000000000000000e+00
9.926304844264919637e-04,9.411764705882352811e-01,7.843137254901960675e-02
9.926324844264353998e-04,9.803921568627450567e-01,7.843137254901960675e-02
9.926344844263788360e-04,8.627450980392157298e-01,-3.921568627450980338e-02
9.926364844263222721e-04,9.019607843137255054e-01,1.176470588235294101e-01
9.926384844262657083e-04,9.411764705882352811e-01,0.000000000000000000e+00
9.926404844262091444e-04,9.411764705882352811e-01,-3.921568627450980338e-02
9.926424844261525805e-04,8.235294117647058432e-01,7.843137254901960675e-02
9.926444844260960167e-04,8.627450980392157298e-01,-1.568627450980392135e-01
9.926464844260394528e-04,9.019607843137255054e-01,7.843137254901960675e-02
9.926484844259828889e-04,9.411764705882352811e-01,3.921568627450980338e-02
9.926504844259263251e-04,8.627450980392157298e-01,-3.921568627450980338e-02
9.926524844258697612e-04,8.627450980392157298e-01,1.176470588235294101e-01
9.926544844258131974e-04,9.019607843137255054e-01,-3.921568627450980338e-02
9.926564844257566335e-04,9.019607843137255054e-01,3.921568627450980338e-02
9.926584844257000696e-04,8.235294117647058432e-01,0.000000000000000000e+00
9.926604844256435058e-04,9.019607843137255054e-01,0.000000000000000000e+00
9.926624844255869419e-04,9.019607843137255054e-01,7.843137254901960675e-02
9.926644844255303780e-04,9.411764705882352811e-01,-7.843137254901960675e-02
9.926664844254738142e-04,8.235294117647058432e-01,3.921568627450980338e-02
9.926684844254172503e-04,8.627450980392157298e-01,0.000000000000000000e+00
9.926704844253606864e-04,9.019607843137255054e-01,0.000000000000000000e+00
9.926724844253041226e-04,9.803921568627450567e-01,7.843137254901960675e-02
9.926744844252475587e-04,9.019607843137255054e-01,-7.843137254901960675e-02
9.926764844251909949e-04,8.627450980392157298e-01,7.843137254901960675e-02
9.926784844251344310e-04,9.019607843137255054e-01,-3.921568627450980338e-02
9.926804844250778671e-04,9.411764705882352811e-01,0.000000000000000000e+00
9.926824844250213033e-04,8.235294117647058432e-01,7.843137254901960675e-02
9.926844844249647394e-04,9.019607843137255054e-01,-1.568627450980392135e-01
9.926864844249081755e-04,9.019607843137255054e-01,1.568627450980392135e-01
9.926884844248516117e-04,9.411764705882352811e-01,-3.921568627450980338e-02
9.926904844247950478e-04,8.627450980392157298e-01,0.000000000000000000e+00
9.926924844247384840e-04,8.627450980392157298e-01,3.921568627450980338e-02
9.926944844246819201e-04,9.019607843137255054e-01,-7.843137254901960675e-02
9.926964844246253562e-04,9.411764705882352811e-01,3.921568627450980338e-02
9.926984844245687924e-04,8.627450980392157298e-01,0.000000000000000000e+00
9.927004844245122285e-04,8.627450980392157298e-01,-3.921568627450980338e-02
9.927024844244556646e-04,9.019607843137255054e-01,7.843137254901960675e-02
9.927044844243991008e-04,9.411764705882352811e-01,-7.843137254901960675e-02
9.927064844243425369e-04,8.235294117647058432e-01,0.000000000000000000e+00
9.927084844242859731e-04,9.019607843137255054e-01,0.000000000000000000e+00
9.927104844242294092e-04,9.411764705882352811e-01,3.921568627450980338e-02
9.927124844241728453e-04,9.411764705882352811e-01,7.843137254901960675e-02
9.927144844241162815e-04,8.627450980392157298e-01,-7.843137254901960675e-02
9.927164844240597176e-04,8.235294117647058432e-01,7.843137254901960675e-02
9.927184844240031537e-04,9.019607843137255054e-01,0.000000000000000000e+00
9.927204844239465899e-04,9.803921568627450567e-01,0.000000000000000000e+00
9.927224844238900260e-04,8.627450980392157298e-01,7.843137254901960675e-02
9.927244844238334621e-04,9.019607843137255054e-01,-7.843137254901960675e-02
9.927264844237768983e-04,9.019607843137255054e-01,7.843137254901960675e-02
9.927284844237203344e-04,9.411764705882352811e-01,0.000000000000000000e+00
9.927304844236637706e-04,8.627450980392157298e-01,0.000000000000000000e+00
9.927324844236072067e-04,8.235294117647058432e-01,1.176470588235294101e-01
9.927344844235506428e-04,9.019607843137255054e-01,-3.921568627450980338e-02
9.927364844234940790e-04,9.411764705882352811e-01,7.843137254901960675e-02
9.927384844234375151e-04,8.627450980392157298e-01,0.000000000000000000e+00
9.927404844233809512e-04,9.019607843137255054e-01,-7.843137254901960675e-02
9.927424844233243874e-04,9.019607843137255054e-01,1.176470588235294101e-01
9.927444844232678235e-04,9.803921568627450567e-01,-3.921568627450980338e-02
9.927464844232112597e-04,8.627450980392157298e-01,7.843137254901960675e-02
9.927484844231546958e-04,9.019607843137255054e-01,0.000000000000000000e+00
9.927504844230981319e-04,9.019607843137255054e-01,3.921568627450980338e-02
9.927524844230415681e-04,9.411764705882352811e-01,7.843137254901960675e-02
9.927544844229850042e-04,8.627450980392157298e-01,-7.843137254901960675e-02
9.927564844229284403e-04,9.019607843137255054e-01,7.843137254901960675e-02
9.927584844228718765e-04,9.411764705882352811e-01,0.000000000000000000e+00
9.927604844228153126e-04,9.411764705882352811e-01,0.000000000000000000e+00
9.927624844227587488e-04,8.235294117647058432e-01,7.843137254901960675e-02
9.927644844227021849e-04,9.019607843137255054e-01,-1.568627450980392135e-01
9.927664844226456210e-04,9.019607843137255054e-01,7.843137254901960675e-02
9.927684844225890572e-04,9.411764705882352811e-01,0.000000000000000000e+00
9.927704844225324933e-04,8.627450980392157298e-01,-3.921568627450980338e-02
9.927724844224759294e-04,9.019607843137255054e-01,1.176470588235294101e-01
9.927744844224193656e-04,9.411764705882352811e-01,-3.921568627450980338e-02
9.927764844223628017e-04,9.411764705882352811e-01,3.921568627450980338e-02
9.927784844223062378e-04,8.627450980392157298e-01,0.000000000000000000e+00
9.927804844222496740e-04,9.019607843137255054e-01,0.000000000000000000e+00
9.927824844221931101e-04,9.019607843137255054e-01,7.843137254901960675e-02
9.927844844221365463e-04,9.411764705882352811e-01,-7.843137254901960675e-02
9.927864844220799824e-04,8.627450980392157298e-01,3.921568627450980338e-02
9.927884844220234185e-04,9.019607843137255054e-01,0.000000000000000000e+00
9.927904844219668547e-04,9.019607843137255054e-01,0.000000000000000000e+00
9.927924844219102908e-04,9.411764705882352811e-01,7.843137254901960675e-02
9.927944844218537269e-04,8.235294117647058432e-01,-7.843137254901960675e-02
9.927964844217971631e-04,9.019607843137255054e-01,7.843137254901960675e-02
9.927984844217405992e-04,9.019607843137255054e-01,0.000000000000000000e+00
9.928004844216840354e-04,9.411764705882352811e-01,-3.921568627450980338e-02
9.928024844216274715e-04,8.235294117647058432e-01,7.843137254901960675e-02
9.928044844215709076e-04,9.019607843137255054e-01,-7.843137254901960675e-02
9.928064844215143438e-04,9.019607843137255054e-01,1.176470588235294101e-01
9.928084844214577799e-04,9.411764705882352811e-01,-3.921568627450980338e-02
9.928104844214012160e-04,8.235294117647058432e-01,-3.921568627450980338e-02
9.928124844213446522e-04,8.627450980392157298e-01,7.843137254901960675e-02
9.928144844212880883e-04,9.019607843137255054e-01,0.000000000000000000e+00
9.928164844212315245e-04,9.411764705882352811e-01,3.921568627450980338e-02
9.928184844211749606e-04,8.627450980392157298e-01,0.000000000000000000e+00
9.928204844211183967e-04,8.627450980392157298e-01,-3.921568627450980338e-02
9.928224844210618329e-04,9.019607843137255054e-01,1.176470588235294101e-01
9.928244844210052690e-04,9.411764705882352811e-01,-3.921568627450980338e-02
9.928264844209487051e-04,8.627450980392157298e-01,7.843137254901960675e-02
9.928284844208921413e-04,9.019607843137255054e-01,0.000000000000000000e+00
9.928304844208355774e-04,9.019607843137255054e-01,3.921568627450980338e-02
9.928324844207790136e-04,9.411764705882352811e-01,7.843137254901960675e-02
9.928344844207224497e-04,8.627450980392157298e-01,-7.843137254901960675e-02
9.928364844206658858e-04,9.019607843137255054e-01,3.921568627450980338e-02
9.928384844206093220e-04,9.411764705882352811e-01,0.000000000000000000e+00
9.928404844205527581e-04,9.411764705882352811e-01,-3.921568627450980338e-02
9.928424844204961942e-04,8.627450980392157298e-01,3.921568627450980338e-02
9.928444844204396304e-04,8.627450980392157298e-01,-1.568627450980392135e-01
9.928464844203830665e-04,9.019607843137255054e-01,1.176470588235294101e-01
9.928484844203265026e-04,9.411764705882352811e-01,-3.921568627450980338e-02
9.928504844202699388e-04,9.019607843137255054e-01,0.000000000000000000e+00
9.928524844202133749e-04,8.627450980392157298e-01,7.843137254901960675e-02
9.928544844201568111e-04,9.019607843137255054e-01,0.000000000000000000e+00
9.928564844201002472e-04,9.411764705882352811e-01,0.000000000000000000e+00
9.928584844200436833e-04,8.627450980392157298e-01,0.000000000000000000e+00
9.928604844199871195e-04,9.019607843137255054e-01,0.000000000000000000e+00
9.928624844199305556e-04,9.019607843137255054e-01,1.176470588235294101e-01
9.928644844198739917e-04,9.411764705882352811e-01,-3.921568627450980338e-02
9.928664844198174279e-04,8.627450980392157298e-01,0.000000000000000000e+00
9.928684844197608640e-04,9.019607843137255054e-01,0.000000000000000000e+00
9.928704844197043002e-04,9.019607843137255054e-01,3.921568627450980338e-02
9.928724844196477363e-04,9.411764705882352811e-01,7.843137254901960675e-02
9.928744844195911724e-04,8.627450980392157298e-01,-7.843137254901960675e-02
9.928764844195346086e-04,9.019607843137255054e-01,7.843137254901960675e-02
9.928784844194780447e-04,9.411764705882352811e-01,3.921568627450980338e-02
9.928804844194214808e-04,9.411764705882352811e-01,-3.921568627450980338e-02
9.928824844193649170e-04,8.235294117647058432e-01,7.843137254901960675e-02
9.928844844193083531e-04,9.019607843137255054e-01,-7.843137254901960675e-02
9.928864844192517893e-04,9.019607843137255054e-01,7.843137254901960675e-02
9.928884844191952254e-04,9.411764705882352811e-01,0.000000000000000000e+00
9.928904844191386615e-04,8.627450980392157298e-01,-3.921568627450980338e-02
9.928924844190820977e-04,8.627450980392157298e-01,7.843137254901960675e-02
9.928944844190255338e-04,9.019607843137255054e-01,-3.921568627450980338e-02
9.928964844189689699e-04,9.411764705882352811e-01,7.843137254901960675e-02
9.928984844189124061e-04,8.627450980392157298e-01,0.000000000000000000e+00
9.929004844188558422e-04,9.019607843137255054e-01,0.000000000000000000e+00
9.929024844187992783e-04,9.019607843137255054e-01,1.176470588235294101e-01
9.929044844187427145e-04,9.411764705882352811e-01,-7.843137254901960675e-02
9.929064844186861506e-04,8.627450980392157298e-01,3.921568627450980338e-02
9.929084844186295868e-04,9.019607843137255054e-01,0.000000000000000000e+00
9.929104844185730229e-04,9.019607843137255054e-01,3.921568627450980338e-02
9.929124844185164590e-04,9.411764705882352811e-01,7.843137254901960675e-02
9.929144844184598952e-04,8.627450980392157298e-01,-7.843137254901960675e-02
9.929164844184033313e-04,8.235294117647058432e-01,7.843137254901960675e-02
9.929184844183467674e-04,9.019607843137255054e-01,0.000000000000000000e+00
9.929204844182902036e-04,9.411764705882352811e-01,-3.921568627450980338e-02
9.929224844182336397e-04,8.235294117647058432e-01,1.176470588235294101e-01
9.929244844181770759e-04,8.627450980392157298e-01,-1.568627450980392135e-01
9.929264844181205120e-04,9.019607843137255054e-01,1.176470588235294101e-01
9.929284844180639481e-04,9.411764705882352811e-01,-3.921568627450980338e-02
9.929304844180073843e-04,8.627450980392157298e-01,-7.843137254901960675e-02
9.929324844179508204e-04,8.627450980392157298e-01,3.921568627450980338e-02
9.929344844178942565e-04,9.019607843137255054e-01,-3.921568627450980338e-02
9.929364844178376927e-04,9.411764705882352811e-01,3.921568627450980338e-02
9.929384844177811288e-04,8.235294117647058432e-01,0.000000000000000000e+00
9.929404844177245650e-04,8.627450980392157298e-01,0.000000000000000000e+00
9.929424844176680011e-04,9.019607843137255054e-01,1.176470588235294101e-01
9.929444844176114372e-04,9.411764705882352811e-01,-3.921568627450980338e-02
9.929464844175548734e-04,8.627450980392157298e-01,0.000000000000000000e+00
9.929484844174983095e-04,9.019607843137255054e-01,0.000000000000000000e+00
9.929504844174417456e-04,9.411764705882352811e-01,0.000000000000000000e+00
9.929524844173851818e-04,9.411764705882352811e-01,7.843137254901960675e-02
9.929544844173286179e-04,8.627450980392157298e-01,-7.843137254901960675e-02
9.929564844172720540e-04,9.019607843137255054e-01,7.843137254901960675e-02
9.929584844172154902e-04,9.019607843137255054e-01,0.000000000000000000e+00
9.929604844171589263e-04,9.411764705882352811e-01,-3.921568627450980338e-02
9.929624844171023625e-04,8.235294117647058432e-01,7.843137254901960675e-02
9.929644844170457986e-04,9.019607843137255054e-01,-1.568627450980392135e-01
9.929664844169892347e-04,9.019607843137255054e-01,1.176470588235294101e-01
9.929684844169326709e-04,9.411764705882352811e-01,-3.921568627450980338e-02
9.929704844168761070e-04,8.627450980392157298e-01,-3.921568627450980338e-02
9.929724844168195431e-04,9.019607843137255054e-01,7.843137254901960675e-02
9.929744844167629793e-04,9.019607843137255054e-01,0.000000000000000000e+00
9.929764844167064154e-04,9.411764705882352811e-01,3.921568627450980338e-02
9.929784844166498516e-04,8.627450980392157298e-01,0.000000000000000000e+00
9.929804844165932877e-04,9.019607843137255054e-01,0.000000000000000000e+00
9.929824844165367238e-04,9.411764705882352811e-01,1.176470588235294101e-01
9.929844844164801600e-04,9.411764705882352811e-01,-7.843137254901960675e-02
9.929864844164235961e-04,8.627450980392157298e-01,3.921568627450980338e-02
9.929884844163670322e-04,9.019607843137255054e-01,0.000000000000000000e+00
9.929904844163104684e-04,9.019607843137255054e-01,3.921568627450980338e-02
9.929924844162539045e-04,9.411764705882352811e-01,7.843137254901960675e-02
9.929944844161973407e-04,8.235294117647058432e-01,-7.843137254901960675e-02
9.929964844161407768e-04,8.627450980392157298e-01,7.843137254901960675e-02
9.929984844160842129e-04,9.019607843137255054e-01,0.000000000000000000e+00
9.930004844160276491e-04,9.411764705882352811e-01,0.000000000000000000e+00
9.930024844159710852e-04,8.627450980392157298e-01,7.843137254901960675e-02
9.930044844159145213e-04,9.019607843137255054e-01,-1.568627450980392135e-01
9.930064844158579575e-04,9.019607843137255054e-01,1.568627450980392135e-01
9.930084844158013936e-04,9.411764705882352811e-01,0.000000000000000000e+00
9.930104844157448298e-04,8.627450980392157298e-01,0.000000000000000000e+00
9.930124844156882659e-04,8.627450980392157298e-01,7.843137254901960675e-02
9.930144844156317020e-04,9.019607843137255054e-01,-3.921568627450980338e-02
9.930164844155751382e-04,9.411764705882352811e-01,3.921568627450980338e-02
9.930184844155185743e-04,8.235294117647058432e-01,0.000000000000000000e+00
9.930204844154620104e-04,9.019607843137255054e-01,-7.843137254901960675e-02
9.930224844154054466e-04,9.019607843137255054e-01,7.843137254901960675e-02
9.930244844153488827e-04,9.411764705882352811e-01,-7.843137254901960675e-02
9.930264844152923188e-04,8.627450980392157298e-01,0.000000000000000000e+00
9.930284844152357550e-04,8.627450980392157298e-01,0.000000000000000000e+00
9.930304844151791911e-04,9.411764705882352811e-01,3.921568627450980338e-02
9.930324844151226273e-04,9.411764705882352811e-01,7.843137254901960675e-02
9.930344844150660634e-04,8.627450980392157298e-01,-7.843137254901960675e-02
9.930364844150094995e-04,9.019607843137255054e-01,7.843137254901960675e-02
9.930384844149529357e-04,9.019607843137255054e-01,3.921568627450980338e-02
9.930404844148963718e-04,9.411764705882352811e-01,-7.843137254901960675e-02
9.930424844148398079e-04,8.627450980392157298e-01,7.843137254901960675e-02
9.930444844147832441e-04,9.411764705882352811e-01,-3.921568627450980338e-02
9.930464844147266802e-04,9.019607843137255054e-01,7.843137254901960675e-02
9.930484844146701164e-04,9.019607843137255054e-01,3.921568627450980338e-02
9.930504844146135525e-04,8.235294117647058432e-01,-3.921568627450980338e-02
9.930524844145569886e-04,8.627450980392157298e-01,7.843137254901960675e-02
9.930544844145004248e-04,9.019607843137255054e-01,-3.921568627450980338e-02
9.930564844144438609e-04,9.411764705882352811e-01,7.843137254901960675e-02
9.930584844143872970e-04,8.627450980392157298e-01,0.000000000000000000e+00
9.930604844143307332e-04,9.019607843137255054e-01,0.000000000000000000e+00
9.930624844142741693e-04,9.019607843137255054e-01,1.176470588235294101e-01
9.930644844142176055e-04,9.411764705882352811e-01,-7.843137254901960675e-02
9.930664844141610416e-04,8.235294117647058432e-01,0.000000000000000000e+00
9.930684844141044777e-04,9.411764705882352811e-01,0.000000000000000000e+00
9.930704844140479139e-04,9.411764705882352811e-01,3.921568627450980338e-02
9.930724844139913500e-04,9.411764705882352811e-01,3.921568627450980338e-02
9.930744844139347861e-04,8.627450980392157298e-01,-7.843137254901960675e-02
9.930764844138782223e-04,9.411764705882352811e-01,7.843137254901960675e-02
9.930784844138216584e-04,9.411764705882352811e-01,0.000000000000000000e+00
9.930804844137650945e-04,9.411764705882352811e-01,-3.921568627450980338e-02
9.930824844137085307e-04,8.627450980392157298e-01,7.843137254901960675e-02
9.930844844136519668e-04,8.627450980392157298e-01,-1.568627450980392135e-01
9.930864844135954030e-04,9.019607843137255054e-01,1.568627450980392135e-01
9.930884844135388391e-04,9.411764705882352811e-01,0.000000000000000000e+00
9.930904844134822752e-04,8.627450980392157298e-01,-3.921568627450980338e-02
9.930924844134257114e-04,9.411764705882352811e-01,7.843137254901960675e-02
9.930944844133691475e-04,9.019607843137255054e-01,-3.921568627450980338e-02
9.930964844133125836e-04,9.411764705882352811e-01,3.921568627450980338e-02
9.930984844132560198e-04,8.627450980392157298e-01,0.000000000000000000e+00
9.931004844131994559e-04,8.627450980392157298e-01,0.000000000000000000e+00
9.931024844131428921e-04,9.019607843137255054e-01,7.843137254901960675e-02
9.931044844130863282e-04,9.411764705882352811e-01,-7.843137254901960675e-02
9.931064844130297643e-04,8.235294117647058432e-01,3.921568627450980338e-02
9.931084844129732005e-04,9.019607843137255054e-01,3.921568627450980338e-02
9.931104844129166366e-04,8.627450980392157298e-01,3.921568627450980338e-02
9.931124844128600727e-04,9.411764705882352811e-01,3.921568627450980338e-02
9.931144844128035089e-04,8.627450980392157298e-01,-7.843137254901960675e-02
9.931164844127469450e-04,9.019607843137255054e-01,3.921568627450980338e-02
9.931184844126903812e-04,9.019607843137255054e-01,0.000000000000000000e+00
9.931204844126338173e-04,9.411764705882352811e-01,-3.921568627450980338e-02
9.931224844125772534e-04,8.235294117647058432e-01,7.843137254901960675e-02
9.931244844125206896e-04,9.019607843137255054e-01,-1.568627450980392135e-01
9.931264844124641257e-04,9.019607843137255054e-01,1.176470588235294101e-01
9.931284844124075618e-04,9.411764705882352811e-01,0.000000000000000000e+00
9.931304844123509980e-04,8.627450980392157298e-01,-3.921568627450980338e-02
9.931324844122944341e-04,9.019607843137255054e-01,7.843137254901960675e-02
9.931344844122378702e-04,9.019607843137255054e-01,-3.921568627450980338e-02
9.931364844121813064e-04,9.411764705882352811e-01,7.843137254901960675e-02
9.931384844121247425e-04,8.627450980392157298e-01,0.000000000000000000e+00
9.931404844120681787e-04,9.411764705882352811e-01,-1.568627450980392135e-01
9.931424844120116148e-04,8.627450980392157298e-01,7.843137254901960675e-02
9.931444844119550509e-04,9.411764705882352811e-01,-7.843137254901960675e-02
9.931464844118984871e-04,8.235294117647058432e-01,3.921568627450980338e-02
9.931484844118419232e-04,9.019607843137255054e-01,0.000000000000000000e+00
9.931504844117853593e-04,8.627450980392157298e-01,3.921568627450980338e-02
9.931524844117287955e-04,9.411764705882352811e-01,7.843137254901960675e-02
9.931544844116722316e-04,9.019607843137255054e-01,-7.843137254901960675e-02
9.931564844116156678e-04,8.627450980392157298e-01,3.921568627450980338e-02
9.931584844115591039e-04,9.019607843137255054e-01,0.000000000000000000e+00
9.931604844115025400e-04,9.411764705882352811e-01,0.000000000000000000e+00
9.931624844114459762e-04,8.627450980392157298e-01,7.843137254901960675e-02
9.931644844113894123e-04,9.019607843137255054e-01,-7.843137254901960675e-02
9.931664844113328484e-04,9.411764705882352811e-01,1.176470588235294101e-01
9.931684844112762846e-04,9.411764705882352811e-01,0.000000000000000000e+00
9.931704844112197207e-04,8.627450980392157298e-01,-3.921568627450980338e-02
9.931724844111631569e-04,9.019607843137255054e-01,3.921568627450980338e-02
9.931744844111065930e-04,9.411764705882352811e-01,-3.921568627450980338e-02
9.931764844110500291e-04,9.411764705882352811e-01,3.921568627450980338e-02
9.931784844109934653e-04,8.627450980392157298e-01,0.000000000000000000e+00
9.931804844109369014e-04,9.019607843137255054e-01,3.921568627450980338e-02
9.931824844108803375e-04,8.627450980392157298e-01,3.921568627450980338e-02
9.931844844108237737e-04,9.411764705882352811e-01,-3.921568627450980338e-02
9.931864844107672098e-04,8.235294117647058432e-01,3.921568627450980338e-02
9.931884844107106459e-04,8.627450980392157298e-01,0.000000000000000000e+00
9.931904844106540821e-04,9.411764705882352811e-01,3.921568627450980338e-02
9.931924844105975182e-04,9.411764705882352811e-01,7.843137254901960675e-02
9.931944844105409544e-04,8.627450980392157298e-01,-7.843137254901960675e-02
9.931964844104843905e-04,8.235294117647058432e-01,7.843137254901960675e-02
9.931984844104278266e-04,9.019607843137255054e-01,0.000000000000000000e+00
9.932004844103712628e-04,9.411764705882352811e-01,-3.921568627450980338e-02
9.932024844103146989e-04,8.235294117647058432e-01,7.843137254901960675e-02
9.932044844102581350e-04,9.411764705882352811e-01,-1.568627450980392135e-01
9.932064844102015712e-04,9.019607843137255054e-01,1.176470588235294101e-01
9.932084844101450073e-04,9.411764705882352811e-01,-3.921568627450980338e-02
9.932104844100884435e-04,8.627450980392157298e-01,-3.921568627450980338e-02
9.932124844100318796e-04,8.627450980392157298e-01,3.921568627450980338e-02
9.932144844099753157e-04,9.019607843137255054e-01,-3.921568627450980338e-02
9.932164844099187519e-04,9.411764705882352811e-01,3.921568627450980338e-02
9.932184844098621880e-04,8.627450980392157298e-01,0.000000000000000000e+00
9.932204844098056241e-04,8.627450980392157298e-01,0.000000000000000000e+00
9.932224844097490603e-04,8.627450980392157298e-01,7.843137254901960675e-02
9.932244844096924964e-04,9.411764705882352811e-01,-3.921568627450980338e-02
9.932264844096359326e-04,8.627450980392157298e-01,3.921568627450980338e-02
9.932284844095793687e-04,8.627450980392157298e-01,0.000000000000000000e+00
9.932304844095228048e-04,9.019607843137255054e-01,3.921568627450980338e-02
9.932324844094662410e-04,9.411764705882352811e-01,7.843137254901960675e-02
9.932344844094096771e-04,8.627450980392157298e-01,-7.843137254901960675e-02
9.932364844093531132e-04,9.019607843137255054e-01,7.843137254901960675e-02
9.932384844092965494e-04,9.019607843137255054e-01,0.000000000000000000e+00
9.932404844092399855e-04,9.411764705882352811e-01,-3.921568627450980338e-02
9.932424844091834217e-04,8.627450980392157298e-01,7.843137254901960675e-02
9.932444844091268578e-04,9.019607843137255054e-01,-1.568627450980392135e-01
9.932464844090702939e-04,8.627450980392157298e-01,1.176470588235294101e-01
9.932484844090137301e-04,9.411764705882352811e-01,-3.921568627450980338e-02
9.932504844089571662e-04,8.627450980392157298e-01,0.000000000000000000e+00
9.932524844089006023e-04,8.235294117647058432e-01,7.843137254901960675e-02
9.932544844088440385e-04,9.019607843137255054e-01,-3.921568627450980338e-02
9.932564844087874746e-04,9.411764705882352811e-01,3.921568627450980338e-02
9.932584844087309107e-04,8.627450980392157298e-01,0.000000000000000000e+00
9.932604844086743469e-04,8.627450980392157298e-01,0.000000000000000000e+00
9.932624844086177830e-04,9.019607843137255054e-01,7.843137254901960675e-02
9.932644844085612192e-04,9.411764705882352811e-01,-3.921568627450980338e-02
9.932664844085046553e-04,8.627450980392157298e-01,3.921568627450980338e-02
9.932684844084480914e-04,8.627450980392157298e-01,0.000000000000000000e+00
9.932704844083915276e-04,9.019607843137255054e-01,3.921568627450980338e-02
9.932724844083349637e-04,9.411764705882352811e-01,7.843137254901960675e-02
9.932744844082783998e-04,8.627450980392157298e-01,-7.843137254901960675e-02
9.932764844082218360e-04,9.019607843137255054e-01,7.843137254901960675e-02
9.932784844081652721e-04,9.019607843137255054e-01,0.000000000000000000e+00
9.932804844081087083e-04,9.411764705882352811e-01,-3.921568627450980338e-02
9.932824844080521444e-04,8.235294117647058432e-01,7.843137254901960675e-02
9.932844844079955805e-04,9.019607843137255054e-01,-1.568627450980392135e-01
9.932864844079390167e-04,9.019607843137255054e-01,7.843137254901960675e-02
9.932884844078824528e-04,9.411764705882352811e-01,3.921568627450980338e-02
9.932904844078258889e-04,8.627450980392157298e-01,-3.921568627450980338e-02
9.932924844077693251e-04,8.627450980392157298e-01,7.843137254901960675e-02
9.932944844077127612e-04,9.019607843137255054e-01,-3.921568627450980338e-02
9.932964844076561974e-04,9.411764705882352811e-01,3.921568627450980338e-02
9.932984844075996335e-04,8.627450980392157298e-01,0.000000000000000000e+00
9.933004844075430696e-04,9.019607843137255054e-01,-7.843137254901960675e-02
9.933024844074865058e-04,9.019607843137255054e-01,7.843137254901960675e-02
9.933044844074299419e-04,9.019607843137255054e-01,-7.843137254901960675e-02
9.933064844073733780e-04,8.235294117647058432e-01,7.843137254901960675e-02
9.933084844073168142e-04,9.019607843137255054e-01,0.000000000000000000e+00
9.933104844072602503e-04,9.019607843137255054e-01,0.000000000000000000e+00
9.933124844072036864e-04,9.411764705882352811e-01,7.843137254901960675e-02
9.933144844071471226e-04,8.627450980392157298e-01,-3.921568627450980338e-02
9.933164844070905587e-04,8.627450980392157298e-01,1.176470588235294101e-01
9.933184844070339949e-04,9.019607843137255054e-01,0.000000000000000000e+00
9.933204844069774310e-04,9.411764705882352811e-01,-3.921568627450980338e-02
9.933224844069208671e-04,8.627450980392157298e-01,1.176470588235294101e-01
9.933244844068643033e-04,9.411764705882352811e-01,-7.843137254901960675e-02
9.933264844068077394e-04,9.019607843137255054e-01,1.568627450980392135e-01
9.933284844067511755e-04,9.019607843137255054e-01,0.000000000000000000e+00
9.933304844066946117e-04,8.235294117647058432e-01,-3.921568627450980338e-02
9.933324844066380478e-04,8.627450980392157298e-01,7.843137254901960675e-02
9.933344844065814840e-04,9.019607843137255054e-01,0.000000000000000000e+00
9.933364844065249201e-04,9.019607843137255054e-01,3.921568627450980338e-02
9.933384844064683562e-04,8.627450980392157298e-01,0.000000000000000000e+00
9.933404844064117924e-04,8.235294117647058432e-01,0.000000000000000000e+00
9.933424844063552285e-04,8.627450980392157298e-01,3.921568627450980338e-02
9.933444844062986646e-04,9.411764705882352811e-01,-7.843137254901960675e-02
9.933464844062421008e-04,8.627450980392157298e-01,3.921568627450980338e-02
9.933484844061855369e-04,9.411764705882352811e-01,0.000000000000000000e+00
9.933504844061289731e-04,9.019607843137255054e-01,3.921568627450980338e-02
9.933524844060724092e-04,9.411764705882352811e-01,3.921568627450980338e-02
9.933544844060158453e-04,8.627450980392157298e-01,-3.921568627450980338e-02
9.933564844059592815e-04,9.019607843137255054e-01,7.843137254901960675e-02
9.933584844059027176e-04,9.411764705882352811e-01,-3.921568627450980338e-02
9.933604844058461537e-04,9.411764705882352811e-01,0.000000000000000000e+00
9.933624844057895899e-04,9.019607843137255054e-01,7.843137254901960675e-02
9.933644844057330260e-04,9.411764705882352811e-01,-1.568627450980392135e-01
9.933664844056764621e-04,9.019607843137255054e-01,1.176470588235294101e-01
9.933684844056198983e-04,9.411764705882352811e-01,0.000000000000000000e+00
9.933704844055633344e-04,8.627450980392157298e-01,-3.921568627450980338e-02
9.933724844055067706e-04,8.627450980392157298e-01,7.843137254901960675e-02
9.933744844054502067e-04,9.019607843137255054e-01,0.000000000000000000e+00
9.933764844053936428e-04,9.019607843137255054e-01,3.921568627450980338e-02
9.933784844053370790e-04,8.627450980392157298e-01,0.000000000000000000e+00
9.933804844052805151e-04,9.019607843137255054e-01,0.000000000000000000e+00
9.933824844052239512e-04,9.019607843137255054e-01,1.176470588235294101e-01
9.933844844051673874e-04,9.803921568627450567e-01,-7.843137254901960675e-02
9.933864844051108235e-04,8.627450980392157298e-01,3.921568627450980338e-02
9.933884844050542597e-04,9.019607843137255054e-01,3.921568627450980338e-02
9.933904844049976958e-04,9.019607843137255054e-01,3.921568627450980338e-02
9.933924844049411319e-04,9.411764705882352811e-01,3.921568627450980338e-02
9.933944844048845681e-04,8.627450980392157298e-01,-7.843137254901960675e-02
9.933964844048280042e-04,9.019607843137255054e-01,3.921568627450980338e-02
9.933984844047714403e-04,9.019607843137255054e-01,0.000000000000000000e+00
9.934004844047148765e-04,9.411764705882352811e-01,-3.921568627450980338e-02
9.934024844046583126e-04,8.627450980392157298e-01,7.843137254901960675e-02
9.934044844046017488e-04,9.019607843137255054e-01,-7.843137254901960675e-02
9.934064844045451849e-04,8.627450980392157298e-01,1.176470588235294101e-01
9.934084844044886210e-04,9.019607843137255054e-01,0.000000000000000000e+00
9.934104844044320572e-04,8.627450980392157298e-01,0.000000000000000000e+00
9.934124844043754933e-04,9.019607843137255054e-01,7.843137254901960675e-02
9.934144844043189294e-04,9.411764705882352811e-01,0.000000000000000000e+00
9.934164844042623656e-04,9.411764705882352811e-01,7.843137254901960675e-02
9.934184844042058017e-04,8.627450980392157298e-01,0.000000000000000000e+00
9.934204844041492379e-04,9.019607843137255054e-01,0.000000000000000000e+00
9.934224844040926740e-04,8.627450980392157298e-01,7.843137254901960675e-02
9.934244844040361101e-04,9.411764705882352811e-01,-7.843137254901960675e-02
9.934264844039795463e-04,8.627450980392157298e-01,0.000000000000000000e+00
9.934284844039229824e-04,9.019607843137255054e-01,0.000000000000000000e+00
9.934304844038664185e-04,9.019607843137255054e-01,3.921568627450980338e-02
9.934324844038098547e-04,9.411764705882352811e-01,3.921568627450980338e-02
9.934344844037532908e-04,8.627450980392157298e-01,-7.843137254901960675e-02
9.934364844036967269e-04,9.019607843137255054e-01,7.843137254901960675e-02
9.934384844036401631e-04,9.019607843137255054e-01,0.000000000000000000e+00
9.934404844035835992e-04,9.411764705882352811e-01,0.000000000000000000e+00
9.934424844035270354e-04,8.235294117647058432e-01,7.843137254901960675e-02
9.934444844034704715e-04,9.019607843137255054e-01,-1.568627450980392135e-01
9.934464844034139076e-04,8.627450980392157298e-01,7.843137254901960675e-02
9.934484844033573438e-04,9.411764705882352811e-01,0.000000000000000000e+00
9.934504844033007799e-04,8.235294117647058432e-01,-3.921568627450980338e-02
9.934524844032442160e-04,8.627450980392157298e-01,7.843137254901960675e-02
9.934544844031876522e-04,9.019607843137255054e-01,-3.921568627450980338e-02
9.934564844031310883e-04,9.411764705882352811e-01,7.843137254901960675e-02
9.934584844030745245e-04,8.235294117647058432e-01,0.000000000000000000e+00
9.934604844030179606e-04,8.627450980392157298e-01,0.000000000000000000e+00
9.934624844029613967e-04,9.019607843137255054e-01,1.176470588235294101e-01
9.934644844029048329e-04,9.411764705882352811e-01,0.000000000000000000e+00
9.934664844028482690e-04,8.235294117647058432e-01,3.921568627450980338e-02
9.934684844027917051e-04,9.019607843137255054e-01,0.000000000000000000e+00
9.934704844027351413e-04,9.019607843137255054e-01,3.921568627450980338e-02
9.934724844026785774e-04,9.411764705882352811e-01,7.843137254901960675e-02
9.934744844026220136e-04,8.627450980392157298e-01,-3.921568627450980338e-02
9.934764844025654497e-04,9.019607843137255054e-01,7.843137254901960675e-02
9.934784844025088858e-04,9.019607843137255054e-01,0.000000000000000000e+00
9.934804844024523220e-04,9.411764705882352811e-01,0.000000000000000000e+00
9.934824844023957581e-04,8.627450980392157298e-01,1.176470588235294101e-01
9.934844844023391942e-04,9.019607843137255054e-01,-1.568627450980392135e-01
9.934864844022826304e-04,9.019607843137255054e-01,1.176470588235294101e-01
9.934884844022260665e-04,9.411764705882352811e-01,0.000000000000000000e+00
9.934904844021695026e-04,8.627450980392157298e-01,-7.843137254901960675e-02
9.934924844021129388e-04,8.627450980392157298e-01,7.843137254901960675e-02
9.934944844020563749e-04,9.019607843137255054e-01,-3.921568627450980338e-02
9.934964844019998111e-04,9.411764705882352811e-01,3.921568627450980338e-02
9.934984844019432472e-04,8.627450980392157298e-01,0.000000000000000000e+00
9.935004844018866833e-04,9.019607843137255054e-01,0.000000000000000000e+00
9.935024844018301195e-04,9.019607843137255054e-01,7.843137254901960675e-02
9.935044844017735556e-04,9.411764705882352811e-01,-7.843137254901960675e-02
9.935064844017169917e-04,8.627450980392157298e-01,3.921568627450980338e-02
9.935084844016604279e-04,8.627450980392157298e-01,3.921568627450980338e-02
9.935104844016038640e-04,9.019607843137255054e-01,0.000000000000000000e+00
9.935124844015473002e-04,9.411764705882352811e-01,7.843137254901960675e-02
9.935144844014907363e-04,8.627450980392157298e-01,-3.921568627450980338e-02
9.935164844014341724e-04,8.627450980392157298e-01,7.843137254901960675e-02
9.935184844013776086e-04,8.627450980392157298e-01,0.000000000000000000e+00
9.935204844013210447e-04,9.411764705882352811e-01,-3.921568627450980338e-02
9.935224844012644808e-04,8.627450980392157298e-01,7.843137254901960675e-02
9.935244844012079170e-04,9.411764705882352811e-01,-7.843137254901960675e-02
9.935264844011513531e-04,9.019607843137255054e-01,1.176470588235294101e-01
9.935284844010947893e-04,9.019607843137255054e-01,0.000000000000000000e+00
9.935304844010382254e-04,8.627450980392157298e-01,-3.921568627450980338e-02
9.935324844009816615e-04,9.019607843137255054e-01,7.843137254901960675e-02
9.935344844009250977e-04,9.411764705882352811e-01,0.000000000000000000e+00
9.935364844008685338e-04,9.411764705882352811e-01,3.921568627450980338e-02
9.935384844008119699e-04,8.627450980392157298e-01,0.000000000000000000e+00
9.935404844007554061e-04,9.019607843137255054e-01,0.000000000000000000e+00
9.935424844006988422e-04,8.627450980392157298e-01,1.176470588235294101e-01
9.935444844006422783e-04,9.019607843137255054e-01,-7.843137254901960675e-02
9.935464844005857145e-04,8.627450980392157298e-01,3.921568627450980338e-02
9.935484844005291506e-04,9.019607843137255054e-01,0.000000000000000000e+00
9.935504844004725868e-04,9.411764705882352811e-01,3.921568627450980338e-02
9.935524844004160229e-04,9.411764705882352811e-01,7.843137254901960675e-02
9.935544844003594590e-04,8.627450980392157298e-01,-3.921568627450980338e-02
9.935564844003028952e-04,9.019607843137255054e-01,1.176470588235294101e-01
9.935584844002463313e-04,9.411764705882352811e-01,0.000000000000000000e+00
9.935604844001897674e-04,9.019607843137255054e-01,0.000000000000000000e+00
9.935624844001332036e-04,8.627450980392157298e-01,7.843137254901960675e-02
9.935644844000766397e-04,8.627450980392157298e-01,-1.568627450980392135e-01
9.935664844000200759e-04,9.019607843137255054e-01,1.176470588235294101e-01
9.935684843999635120e-04,9.411764705882352811e-01,0.000000000000000000e+00
9.935704843999069481e-04,8.235294117647058432e-01,0.000000000000000000e+00
9.935724843998503843e-04,9.019607843137255054e-01,7.843137254901960675e-02
9.935744843997938204e-04,9.411764705882352811e-01,0.000000000000000000e+00
9.935764843997372565e-04,9.411764705882352811e-01,3.921568627450980338e-02
9.935784843996806927e-04,8.235294117647058432e-01,0.000000000000000000e+00
9.935804843996241288e-04,9.019607843137255054e-01,-3.921568627450980338e-02
9.935824843995675650e-04,9.019607843137255054e-01,7.843137254901960675e-02
9.935844843995110011e-04,9.411764705882352811e-01,-7.843137254901960675e-02
9.935864843994544372e-04,8.627450980392157298e-01,3.921568627450980338e-02
9.935884843993978734e-04,9.019607843137255054e-01,0.000000000000000000e+00
9.935904843993413095e-04,9.019607843137255054e-01,3.921568627450980338e-02
9.935924843992847456e-04,9.019607843137255054e-01,3.921568627450980338e-02
9.935944843992281818e-04,8.627450980392157298e-01,-7.843137254901960675e-02
9.935964843991716179e-04,8.627450980392157298e-01,7.843137254901960675e-02
9.935984843991150540e-04,9.019607843137255054e-01,0.000000000000000000e+00
9.936004843990584902e-04,9.411764705882352811e-01,-3.921568627450980338e-02
9.936024843990019263e-04,8.627450980392157298e-01,7.843137254901960675e-02
9.936044843989453625e-04,8.627450980392157298e-01,-1.568627450980392135e-01
9.936064843988887986e-04,8.627450980392157298e-01,7.843137254901960675e-02
9.936084843988322347e-04,9.411764705882352811e-01,0.000000000000000000e+00
9.936104843987756709e-04,8.627450980392157298e-01,-3.921568627450980338e-02
9.936124843987191070e-04,9.019607843137255054e-01,1.176470588235294101e-01
9.936144843986625431e-04,9.019607843137255054e-01,-3.921568627450980338e-02
9.936164843986059793e-04,9.411764705882352811e-01,3.921568627450980338e-02
9.936184843985494154e-04,8.235294117647058432e-01,0.000000000000000000e+00
9.936204843984928516e-04,9.019607843137255054e-01,0.000000000000000000e+00
9.936224843984362877e-04,9.019607843137255054e-01,7.843137254901960675e-02
9.936244843983797238e-04,9.411764705882352811e-01,-7.843137254901960675e-02
9.936264843983231600e-04,8.627450980392157298e-01,3.921568627450980338e-02
9.936284843982665961e-04,8.627450980392157298e-01,0.000000000000000000e+00
9.936304843982100322e-04,9.019607843137255054e-01,7.843137254901960675e-02
9.936324843981534684e-04,9.019607843137255054e-01,3.921568627450980338e-02
9.936344843980969045e-04,8.627450980392157298e-01,-3.921568627450980338e-02
9.936364843980403407e-04,9.019607843137255054e-01,7.843137254901960675e-02
9.936384843979837768e-04,9.019607843137255054e-01,0.000000000000000000e+00
9.936404843979272129e-04,9.411764705882352811e-01,-3.921568627450980338e-02
9.936424843978706491e-04,8.627450980392157298e-01,7.843137254901960675e-02
9.936444843978140852e-04,8.627450980392157298e-01,-1.568627450980392135e-01
9.936464843977575213e-04,8.627450980392157298e-01,1.176470588235294101e-01
9.936484843977009575e-04,9.411764705882352811e-01,-3.921568627450980338e-02
9.936504843976443936e-04,8.627450980392157298e-01,0.000000000000000000e+00
9.936524843975878298e-04,8.627450980392157298e-01,7.843137254901960675e-02
9.936544843975312659e-04,8.627450980392157298e-01,0.000000000000000000e+00
9.936564843974747020e-04,9.411764705882352811e-01,7.843137254901960675e-02
9.936584843974181382e-04,8.627450980392157298e-01,0.000000000000000000e+00
9.936604843973615743e-04,8.627450980392157298e-01,-3.921568627450980338e-02
9.936624843973050104e-04,9.019607843137255054e-01,1.176470588235294101e-01
9.936644843972484466e-04,9.411764705882352811e-01,-7.843137254901960675e-02
9.936664843971918827e-04,8.235294117647058432e-01,0.000000000000000000e+00
9.936684843971353188e-04,8.627450980392157298e-01,3.921568627450980338e-02
9.936704843970787550e-04,9.019607843137255054e-01,0.000000000000000000e+00
9.936724843970221911e-04,9.411764705882352811e-01,7.843137254901960675e-02
9.936744843969656273e-04,8.627450980392157298e-01,-7.843137254901960675e-02
9.936764843969090634e-04,8.627450980392157298e-01,3.921568627450980338e-02
9.936784843968524995e-04,9.019607843137255054e-01,-3.921568627450980338e-02
9.936804843967959357e-04,9.411764705882352811e-01,-3.921568627450980338e-02
9.936824843967393718e-04,8.235294117647058432e-01,7.843137254901960675e-02
9.936844843966828079e-04,9.019607843137255054e-01,-1.568627450980392135e-01
9.936864843966262441e-04,9.019607843137255054e-01,3.921568627450980338e-02
9.936884843965696802e-04,9.411764705882352811e-01,0.000000000000000000e+00
9.936904843965131164e-04,8.627450980392157298e-01,-3.921568627450980338e-02
9.936924843964565525e-04,9.019607843137255054e-01,1.176470588235294101e-01
9.936944843963999886e-04,9.019607843137255054e-01,-3.921568627450980338e-02
9.936964843963434248e-04,9.411764705882352811e-01,3.921568627450980338e-02
9.936984843962868609e-04,8.627450980392157298e-01,0.000000000000000000e+00
9.937004843962302970e-04,8.627450980392157298e-01,0.000000000000000000e+00
9.937024843961737332e-04,9.019607843137255054e-01,7.843137254901960675e-02
9.937044843961171693e-04,9.411764705882352811e-01,-3.921568627450980338e-02
9.937064843960606055e-04,8.627450980392157298e-01,3.921568627450980338e-02
9.937084843960040416e-04,9.019607843137255054e-01,0.000000000000000000e+00
9.937104843959474777e-04,9.019607843137255054e-01,0.000000000000000000e+00
9.937124843958909139e-04,9.411764705882352811e-01,7.843137254901960675e-02
9.937144843958343500e-04,8.627450980392157298e-01,-7.843137254901960675e-02
9.937164843957777861e-04,9.019607843137255054e-01,7.843137254901960675e-02
9.937184843957212223e-04,9.019607843137255054e-01,-3.921568627450980338e-02
9.937204843956646584e-04,9.411764705882352811e-01,-3.921568627450980338e-02
9.937224843956080945e-04,8.235294117647058432e-01,1.176470588235294101e-01
9.937244843955515307e-04,8.627450980392157298e-01,-7.843137254901960675e-02
9.937264843954949668e-04,8.627450980392157298e-01,1.568627450980392135e-01
9.937284843954384030e-04,9.411764705882352811e-01,-3.921568627450980338e-02
9.937304843953818391e-04,8.627450980392157298e-01,0.000000000000000000e+00
9.937324843953252752e-04,8.627450980392157298e-01,7.843137254901960675e-02
9.937344843952687114e-04,9.019607843137255054e-01,0.000000000000000000e+00
9.937364843952121475e-04,9.019607843137255054e-01,3.921568627450980338e-02
9.937384843951555836e-04,8.627450980392157298e-01,0.000000000000000000e+00
9.937404843950990198e-04,9.019607843137255054e-01,-7.843137254901960675e-02
9.937424843950424559e-04,9.019607843137255054e-01,1.176470588235294101e-01
9.937444843949858921e-04,9.411764705882352811e-01,-3.921568627450980338e-02
9.937464843949293282e-04,8.627450980392157298e-01,0.000000000000000000e+00
9.937484843948727643e-04,8.627450980392157298e-01,0.000000000000000000e+00
9.937504843948162005e-04,9.019607843137255054e-01,3.921568627450980338e-02
9.937524843947596366e-04,9.411764705882352811e-01,7.843137254901960675e-02
9.937544843947030727e-04,8.627450980392157298e-01,-3.921568627450980338e-02
9.937564843946465089e-04,8.627450980392157298e-01,7.843137254901960675e-02
9.937584843945899450e-04,9.019607843137255054e-01,0.000000000000000000e+00
9.937604843945333812e-04,9.411764705882352811e-01,-3.921568627450980338e-02
9.937624843944768173e-04,8.627450980392157298e-01,7.843137254901960675e-02
9.937644843944202534e-04,8.627450980392157298e-01,-7.843137254901960675e-02
9.937664843943636896e-04,9.019607843137255054e-01,7.843137254901960675e-02
9.937684843943071257e-04,9.411764705882352811e-01,0.000000000000000000e+00
9.937704843942505618e-04,8.627450980392157298e-01,0.000000000000000000e+00
9.937724843941939980e-04,8.627450980392157298e-01,1.176470588235294101e-01
9.937744843941374341e-04,9.019607843137255054e-01,-3.921568627450980338e-02
9.937764843940808702e-04,9.019607843137255054e-01,3.921568627450980338e-02
9.937784843940243064e-04,8.627450980392157298e-01,0.000000000000000000e+00
9.937804843939677425e-04,9.019607843137255054e-01,-1.568627450980392135e-01
9.937824843939111787e-04,9.019607843137255054e-01,1.176470588235294101e-01
9.937844843938546148e-04,9.411764705882352811e-01,-7.843137254901960675e-02
9.937864843937980509e-04,8.627450980392157298e-01,3.921568627450980338e-02
9.937884843937414871e-04,9.019607843137255054e-01,0.000000000000000000e+00
9.937904843936849232e-04,9.019607843137255054e-01,0.000000000000000000e+00
9.937924843936283593e-04,9.411764705882352811e-01,7.843137254901960675e-02
9.937944843935717955e-04,8.627450980392157298e-01,-7.843137254901960675e-02
9.937964843935152316e-04,9.019607843137255054e-01,7.843137254901960675e-02
9.937984843934586678e-04,9.019607843137255054e-01,0.000000000000000000e+00
9.938004843934021039e-04,9.411764705882352811e-01,-3.921568627450980338e-02
9.938024843933455400e-04,8.235294117647058432e-01,7.843137254901960675e-02
9.938044843932889762e-04,9.019607843137255054e-01,-1.568627450980392135e-01
9.938064843932324123e-04,9.019607843137255054e-01,7.843137254901960675e-02
9.938084843931758484e-04,9.411764705882352811e-01,0.000000000000000000e+00
9.938104843931192846e-04,8.627450980392157298e-01,-3.921568627450980338e-02
9.938124843930627207e-04,8.627450980392157298e-01,1.176470588235294101e-01
9.938144843930061569e-04,9.019607843137255054e-01,-3.921568627450980338e-02
9.938164843929495930e-04,9.019607843137255054e-01,3.921568627450980338e-02
9.938184843928930291e-04,8.627450980392157298e-01,0.000000000000000000e+00
9.938204843928364653e-04,9.019607843137255054e-01,0.000000000000000000e+00
9.938224843927799014e-04,8.627450980392157298e-01,1.176470588235294101e-01
9.938244843927233375e-04,9.411764705882352811e-01,-7.843137254901960675e-02
9.938264843926667737e-04,8.627450980392157298e-01,3.921568627450980338e-02
9.938284843926102098e-04,8.627450980392157298e-01,0.000000000000000000e+00
9.938304843925536460e-04,9.019607843137255054e-01,3.921568627450980338e-02
9.938324843924970821e-04,9.411764705882352811e-01,7.843137254901960675e-02
9.938344843924405182e-04,8.627450980392157298e-01,-7.843137254901960675e-02
9.938364843923839544e-04,9.019607843137255054e-01,7.843137254901960675e-02
9.938384843923273905e-04,9.019607843137255054e-01,0.000000000000000000e+00
9.938404843922708266e-04,9.411764705882352811e-01,-3.921568627450980338e-02
9.938424843922142628e-04,8.627450980392157298e-01,7.843137254901960675e-02
9.938444843921576989e-04,8.627450980392157298e-01,-1.568627450980392135e-01
9.938464843921011350e-04,9.019607843137255054e-01,1.568627450980392135e-01
9.938484843920445712e-04,9.411764705882352811e-01,0.000000000000000000e+00
9.938504843919880073e-04,9.019607843137255054e-01,-3.921568627450980338e-02
9.938524843919314435e-04,8.627450980392157298e-01,7.843137254901960675e-02
9.938544843918748796e-04,9.019607843137255054e-01,-3.921568627450980338e-02
9.938564843918183157e-04,9.411764705882352811e-01,7.843137254901960675e-02
9.938584843917617519e-04,8.627450980392157298e-01,0.000000000000000000e+00
9.938604843917051880e-04,9.019607843137255054e-01,-3.921568627450980338e-02
9.938624843916486241e-04,9.019607843137255054e-01,7.843137254901960675e-02
9.938644843915920603e-04,9.411764705882352811e-01,-7.843137254901960675e-02
9.938664843915354964e-04,8.627450980392157298e-01,0.000000000000000000e+00
9.938684843914789326e-04,8.627450980392157298e-01,0.000000000000000000e+00
9.938704843914223687e-04,9.019607843137255054e-01,3.921568627450980338e-02
9.938724843913658048e-04,9.411764705882352811e-01,7.843137254901960675e-02
9.938744843913092410e-04,8.627450980392157298e-01,-3.921568627450980338e-02
9.938764843912526771e-04,8.235294117647058432e-01,7.843137254901960675e-02
9.938784843911961132e-04,9.019607843137255054e-01,0.000000000000000000e+00
9.938804843911395494e-04,9.411764705882352811e-01,0.000000000000000000e+00
9.938824843910829855e-04,8.627450980392157298e-01,1.176470588235294101e-01
9.938844843910264217e-04,9.019607843137255054e-01,-1.568627450980392135e-01
9.938864843909698578e-04,8.627450980392157298e-01,1.176470588235294101e-01
9.938884843909132939e-04,9.019607843137255054e-01,0.000000000000000000e+00
9.938904843908567301e-04,8.235294117647058432e-01,-3.921568627450980338e-02
9.938924843908001662e-04,8.627450980392157298e-01,7.843137254901960675e-02
9.938944843907436023e-04,9.019607843137255054e-01,-3.921568627450980338e-02
9.938964843906870385e-04,9.411764705882352811e-01,7.843137254901960675e-02
9.938984843906304746e-04,8.627450980392157298e-01,3.921568627450980338e-02
9.939004843905739107e-04,9.019607843137255054e-01,3.921568627450980338e-02
9.939024843905173469e-04,9.019607843137255054e-01,7.843137254901960675e-02
9.939044843904607830e-04,9.411764705882352811e-01,-7.843137254901960675e-02
9.939064843904042192e-04,8.627450980392157298e-01,3.921568627450980338e-02
9.939084843903476553e-04,8.627450980392157298e-01,0.000000000000000000e+00
9.939104843902910914e-04,9.019607843137255054e-01,3.921568627450980338e-02
9.939124843902345276e-04,9.411764705882352811e-01,3.921568627450980338e-02
9.939144843901779637e-04,8.627450980392157298e-01,-7.843137254901960675e-02
9.939164843901213998e-04,8.627450980392157298e-01,7.843137254901960675e-02
9.939184843900648360e-04,9.019607843137255054e-01,0.000000000000000000e+00
9.939204843900082721e-04,9.411764705882352811e-01,-3.921568627450980338e-02
9.939224843899517083e-04,8.627450980392157298e-01,7.843137254901960675e-02
9.939244843898951444e-04,9.019607843137255054e-01,-7.843137254901960675e-02
9.939264843898385805e-04,8.627450980392157298e-01,1.176470588235294101e-01
9.939284843897820167e-04,9.411764705882352811e-01,0.000000000000000000e+00
9.939304843897254528e-04,8.235294117647058432e-01,-7.843137254901960675e-02
9.939324843896688889e-04,9.019607843137255054e-01,7.843137254901960675e-02
9.939344843896123251e-04,9.411764705882352811e-01,-3.921568627450980338e-02
9.939364843895557612e-04,9.411764705882352811e-01,7.843137254901960675e-02
9.939384843894991974e-04,8.627450980392157298e-01,0.000000000000000000e+00
9.939404843894426335e-04,9.019607843137255054e-01,0.000000000000000000e+00
9.939424843893860696e-04,9.411764705882352811e-01,1.176470588235294101e-01
9.939444843893295058e-04,9.411764705882352811e-01,-3.921568627450980338e-02
9.939464843892729419e-04,8.627450980392157298e-01,3.921568627450980338e-02
9.939484843892163780e-04,8.627450980392157298e-01,0.000000000000000000e+00
9.939504843891598142e-04,9.019607843137255054e-01,0.000000000000000000e+00
9.939524843891032503e-04,9.411764705882352811e-01,7.843137254901960675e-02
9.939544843890466864e-04,8.627450980392157298e-01,-7.843137254901960675e-02
9.939564843889901226e-04,8.627450980392157298e-01,7.843137254901960675e-02
9.939584843889335587e-04,9.019607843137255054e-01,3.921568627450980338e-02
9.939604843888769949e-04,9.411764705882352811e-01,0.000000000000000000e+00
9.939624843888204310e-04,8.627450980392157298e-01,7.843137254901960675e-02
9.939644843887638671e-04,9.019607843137255054e-01,-1.568627450980392135e-01
9.939664843887073033e-04,9.019607843137255054e-01,1.176470588235294101e-01
9.939684843886507394e-04,9.411764705882352811e-01,0.000000000000000000e+00
9.939704843885941755e-04,8.627450980392157298e-01,-3.921568627450980338e-02
9.939724843885376117e-04,9.019607843137255054e-01,7.843137254901960675e-02
9.939744843884810478e-04,9.019607843137255054e-01,-3.921568627450980338e-02
9.939764843884244840e-04,9.411764705882352811e-01,0.000000000000000000e+00
9.939784843883679201e-04,8.627450980392157298e-01,0.000000000000000000e+00
9.939804843883113562e-04,9.019607843137255054e-01,0.000000000000000000e+00
9.939824843882547924e-04,9.019607843137255054e-01,7.843137254901960675e-02
9.939844843881982285e-04,9.411764705882352811e-01,-3.921568627450980338e-02
9.939864843881416646e-04,8.627450980392157298e-01,3.921568627450980338e-02
9.939884843880851008e-04,9.019607843137255054e-01,0.000000000000000000e+00
9.939904843880285369e-04,9.019607843137255054e-01,0.000000000000000000e+00
9.939924843879719731e-04,9.411764705882352811e-01,7.843137254901960675e-02
9.939944843879154092e-04,8.627450980392157298e-01,-7.843137254901960675e-02
9.939964843878588453e-04,9.019607843137255054e-01,7.843137254901960675e-02
9.939984843878022815e-04,8.627450980392157298e-01,-3.921568627450980338e-02
9.940004843877457176e-04,9.411764705882352811e-01,-3.921568627450980338e-02
9.940024843876891537e-04,8.627450980392157298e-01,7.843137254901960675e-02
9.940044843876325899e-04,9.411764705882352811e-01,-1.568627450980392135e-01
9.940064843875760260e-04,9.019607843137255054e-01,1.176470588235294101e-01
9.940084843875194621e-04,9.019607843137255054e-01,0.000000000000000000e+00
9.940104843874628983e-04,8.627450980392157298e-01,0.000000000000000000e+00
9.940124843874063344e-04,8.627450980392157298e-01,7.843137254901960675e-02
9.940144843873497706e-04,9.019607843137255054e-01,0.000000000000000000e+00
9.940164843872932067e-04,9.411764705882352811e-01,3.921568627450980338e-02
9.940184843872366428e-04,8.627450980392157298e-01,3.921568627450980338e-02
9.940204843871800790e-04,9.019607843137255054e-01,0.000000000000000000e+00
9.940224843871235151e-04,9.019607843137255054e-01,1.176470588235294101e-01
9.940244843870669512e-04,9.411764705882352811e-01,-7.843137254901960675e-02
9.940264843870103874e-04,8.627450980392157298e-01,3.921568627450980338e-02
9.940284843869538235e-04,9.019607843137255054e-01,3.921568627450980338e-02
9.940304843868972597e-04,9.019607843137255054e-01,0.000000000000000000e+00
9.940324843868406958e-04,9.411764705882352811e-01,7.843137254901960675e-02
9.940344843867841319e-04,8.627450980392157298e-01,-7.843137254901960675e-02
9.940364843867275681e-04,8.627450980392157298e-01,7.843137254901960675e-02
9.940384843866710042e-04,9.411764705882352811e-01,0.000000000000000000e+00
9.940404843866144403e-04,9.411764705882352811e-01,-3.921568627450980338e-02
9.940424843865578765e-04,8.627450980392157298e-01,7.843137254901960675e-02
9.940444843865013126e-04,8.627450980392157298e-01,-1.568627450980392135e-01
9.940464843864447488e-04,9.019607843137255054e-01,7.843137254901960675e-02
9.940484843863881849e-04,9.411764705882352811e-01,3.921568627450980338e-02
9.940504843863316210e-04,8.627450980392157298e-01,-3.921568627450980338e-02
9.940524843862750572e-04,9.019607843137255054e-01,1.568627450980392135e-01
9.940544843862184933e-04,9.019607843137255054e-01,-1.568627450980392135e-01
9.940564843861619294e-04,9.411764705882352811e-01,3.921568627450980338e-02
9.940584843861053656e-04,8.627450980392157298e-01,0.000000000000000000e+00
9.940604843860488017e-04,9.019607843137255054e-01,0.000000000000000000e+00
9.940624843859922379e-04,8.627450980392157298e-01,1.176470588235294101e-01
9.940644843859356740e-04,9.411764705882352811e-01,-7.843137254901960675e-02
9.940664843858791101e-04,8.627450980392157298e-01,3.921568627450980338e-02
9.940684843858225463e-04,8.235294117647058432e-01,0.000000000000000000e+00
9.940704843857659824e-04,9.019607843137255054e-01,0.000000000000000000e+00
9.940724843857094185e-04,9.019607843137255054e-01,3.921568627450980338e-02
9.940744843856528547e-04,8.235294117647058432e-01,-3.921568627450980338e-02
9.940764843855962908e-04,8.627450980392157298e-01,7.843137254901960675e-02
9.940784843855397269e-04,8.627450980392157298e-01,0.000000000000000000e+00
9.940804843854831631e-04,9.411764705882352811e-01,-3.921568627450980338e-02
9.940824843854265992e-04,8.235294117647058432e-01,7.843137254901960675e-02
9.940844843853700354e-04,9.019607843137255054e-01,-7.843137254901960675e-02
9.940864843853134715e-04,9.019607843137255054e-01,1.176470588235294101e-01
9.940884843852569076e-04,9.411764705882352811e-01,0.000000000000000000e+00
9.940904843852003438e-04,8.235294117647058432e-01,-3.921568627450980338e-02
9.940924843851437799e-04,8.627450980392157298e-01,7.843137254901960675e-02
9.940944843850872160e-04,9.411764705882352811e-01,-3.921568627450980338e-02
9.940964843850306522e-04,9.411764705882352811e-01,7.843137254901960675e-02
9.940984843849740883e-04,8.627450980392157298e-01,0.000000000000000000e+00
9.941004843849175245e-04,8.627450980392157298e-01,-3.921568627450980338e-02
9.941024843848609606e-04,9.019607843137255054e-01,7.843137254901960675e-02
9.941044843848043967e-04,9.411764705882352811e-01,-7.843137254901960675e-02
9.941064843847478329e-04,8.627450980392157298e-01,7.843137254901960675e-02
9.941084843846912690e-04,8.627450980392157298e-01,3.921568627450980338e-02
9.941104843846347051e-04,9.019607843137255054e-01,0.000000000000000000e+00
9.941124843845781413e-04,9.411764705882352811e-01,7.843137254901960675e-02
9.941144843845215774e-04,8.627450980392157298e-01,-3.921568627450980338e-02
9.941164843844650136e-04,9.019607843137255054e-01,3.921568627450980338e-02
9.941184843844084497e-04,9.019607843137255054e-01,-3.921568627450980338e-02
9.941204843843518858e-04,9.411764705882352811e-01,-7.843137254901960675e-02
9.941224843842953220e-04,8.627450980392157298e-01,7.843137254901960675e-02
9.941244843842387581e-04,9.019607843137255054e-01,-1.568627450980392135e-01
9.941264843841821942e-04,9.019607843137255054e-01,1.176470588235294101e-01
9.941284843841256304e-04,9.411764705882352811e-01,0.000000000000000000e+00
9.941304843840690665e-04,8.627450980392157298e-01,-7.843137254901960675e-02
9.941324843840125026e-04,8.627450980392157298e-01,7.843137254901960675e-02
9.941344843839559388e-04,9.019607843137255054e-01,0.000000000000000000e+00
9.941364843838993749e-04,9.411764705882352811e-01,7.843137254901960675e-02
9.941384843838428111e-04,8.627450980392157298e-01,0.000000000000000000e+00
9.941404843837862472e-04,9.019607843137255054e-01,0.000000000000000000e+00
9.941424843837296833e-04,9.019607843137255054e-01,1.176470588235294101e-01
9.941444843836731195e-04,9.411764705882352811e-01,-7.843137254901960675e-02
9.941464843836165556e-04,8.627450980392157298e-01,3.921568627450980338e-02
9.941484843835599917e-04,9.019607843137255054e-01,3.921568627450980338e-02
9.941504843835034279e-04,9.019607843137255054e-01,3.921568627450980338e-02
9.941524843834468640e-04,9.411764705882352811e-01,7.843137254901960675e-02
9.941544843833903002e-04,8.627450980392157298e-01,-7.843137254901960675e-02
9.941564843833337363e-04,9.019607843137255054e-01,7.843137254901960675e-02
9.941584843832771724e-04,9.019607843137255054e-01,0.000000000000000000e+00
9.941604843832206086e-04,9.411764705882352811e-01,0.000000000000000000e+00
9.941624843831640447e-04,8.235294117647058432e-01,7.843137254901960675e-02
9.941644843831074808e-04,8.627450980392157298e-01,0.000000000000000000e+00
9.941664843830509170e-04,9.019607843137255054e-01,1.568627450980392135e-01
9.941684843829943531e-04,9.411764705882352811e-01,0.000000000000000000e+00
9.941704843829377893e-04,8.627450980392157298e-01,-7.843137254901960675e-02
9.941724843828812254e-04,8.627450980392157298e-01,7.843137254901960675e-02
9.941744843828246615e-04,9.411764705882352811e-01,0.000000000000000000e+00
9.941764843827680977e-04,9.411764705882352811e-01,7.843137254901960675e-02
9.941784843827115338e-04,8.627450980392157298e-01,0.000000000000000000e+00
9.941804843826549699e-04,8.627450980392157298e-01,0.000000000000000000e+00
9.941824843825984061e-04,9.019607843137255054e-01,1.176470588235294101e-01
9.941844843825418422e-04,9.411764705882352811e-01,-7.843137254901960675e-02
9.941864843824852783e-04,8.627450980392157298e-01,0.000000000000000000e+00
9.941884843824287145e-04,9.019607843137255054e-01,0.000000000000000000e+00
9.941904843823721506e-04,9.019607843137255054e-01,0.000000000000000000e+00
9.941924843823155868e-04,9.411764705882352811e-01,7.843137254901960675e-02
9.941944843822590229e-04,8.627450980392157298e-01,-3.921568627450980338e-02
9.941964843822024590e-04,9.019607843137255054e-01,7.843137254901960675e-02
9.941984843821458952e-04,9.019607843137255054e-01,0.000000000000000000e+00
9.942004843820893313e-04,9.411764705882352811e-01,0.000000000000000000e+00
9.942024843820327674e-04,8.627450980392157298e-01,7.843137254901960675e-02
9.942044843819762036e-04,9.019607843137255054e-01,-1.568627450980392135e-01
9.942064843819196397e-04,9.019607843137255054e-01,1.568627450980392135e-01
9.942084843818630759e-04,9.411764705882352811e-01,0.000000000000000000e+00
9.942104843818065120e-04,8.627450980392157298e-01,-3.921568627450980338e-02
9.942124843817499481e-04,9.019607843137255054e-01,7.843137254901960675e-02
9.942144843816933843e-04,9.019607843137255054e-01,0.000000000000000000e+00
9.942164843816368204e-04,9.019607843137255054e-01,7.843137254901960675e-02
9.942184843815802565e-04,8.235294117647058432e-01,0.000000000000000000e+00
9.942204843815236927e-04,8.627450980392157298e-01,0.000000000000000000e+00
9.942224843814671288e-04,9.019607843137255054e-01,7.843137254901960675e-02
9.942244843814105650e-04,9.411764705882352811e-01,-3.921568627450980338e-02
9.942264843813540011e-04,8.627450980392157298e-01,0.000000000000000000e+00
9.942284843812974372e-04,8.627450980392157298e-01,3.921568627450980338e-02
9.942304843812408734e-04,9.019607843137255054e-01,0.000000000000000000e+00
9.942324843811843095e-04,9.411764705882352811e-01,7.843137254901960675e-02
9.942344843811277456e-04,8.627450980392157298e-01,-7.843137254901960675e-02
9.942364843810711818e-04,8.235294117647058432e-01,7.843137254901960675e-02
9.942384843810146179e-04,9.019607843137255054e-01,-3.921568627450980338e-02
9.942404843809580541e-04,9.411764705882352811e-01,-3.921568627450980338e-02
9.942424843809014902e-04,8.235294117647058432e-01,7.843137254901960675e-02
9.942444843808449263e-04,9.019607843137255054e-01,-1.568627450980392135e-01
9.942464843807883625e-04,9.411764705882352811e-01,1.568627450980392135e-01
9.942484843807317986e-04,9.411764705882352811e-01,-3.921568627450980338e-02
9.942504843806752347e-04,8.627450980392157298e-01,-3.921568627450980338e-02
9.942524843806186709e-04,8.627450980392157298e-01,3.921568627450980338e-02
9.942544843805621070e-04,9.411764705882352811e-01,-3.921568627450980338e-02
9.942564843805055431e-04,9.411764705882352811e-01,3.921568627450980338e-02
9.942584843804489793e-04,8.627450980392157298e-01,0.000000000000000000e+00
9.942604843803924154e-04,9.019607843137255054e-01,0.000000000000000000e+00
9.942624843803358516e-04,8.627450980392157298e-01,1.176470588235294101e-01
9.942644843802792877e-04,9.019607843137255054e-01,-3.921568627450980338e-02
9.942664843802227238e-04,8.627450980392157298e-01,3.921568627450980338e-02
9.942684843801661600e-04,8.627450980392157298e-01,0.000000000000000000e+00
9.942704843801095961e-04,9.019607843137255054e-01,3.921568627450980338e-02
9.942724843800530322e-04,9.411764705882352811e-01,7.843137254901960675e-02
9.942744843799964684e-04,8.627450980392157298e-01,-3.921568627450980338e-02
9.942764843799399045e-04,8.627450980392157298e-01,7.843137254901960675e-02
9.942784843798833407e-04,9.411764705882352811e-01,-3.921568627450980338e-02
9.942804843798267768e-04,9.803921568627450567e-01,-3.921568627450980338e-02
9.942824843797702129e-04,8.235294117647058432e-01,7.843137254901960675e-02
9.942844843797136491e-04,8.627450980392157298e-01,-1.568627450980392135e-01
9.942864843796570852e-04,8.627450980392157298e-01,1.176470588235294101e-01
9.942884843796005213e-04,9.411764705882352811e-01,0.000000000000000000e+00
9.942904843795439575e-04,8.627450980392157298e-01,-3.921568627450980338e-02
9.942924843794873936e-04,9.019607843137255054e-01,7.843137254901960675e-02
9.942944843794308298e-04,9.411764705882352811e-01,0.000000000000000000e+00
9.942964843793742659e-04,9.411764705882352811e-01,3.921568627450980338e-02
9.942984843793177020e-04,8.235294117647058432e-01,0.000000000000000000e+00
9.943004843792611382e-04,8.627450980392157298e-01,-3.921568627450980338e-02
9.943024843792045743e-04,9.019607843137255054e-01,7.843137254901960675e-02
9.943044843791480104e-04,9.411764705882352811e-01,-3.921568627450980338e-02
9.943064843790914466e-04,8.627450980392157298e-01,3.921568627450980338e-02
9.943084843790348827e-04,9.019607843137255054e-01,0.000000000000000000e+00
9.943104843789783188e-04,9.019607843137255054e-01,3.921568627450980338e-02
9.943124843789217550e-04,9.411764705882352811e-01,7.843137254901960675e-02
9.943144843788651911e-04,8.235294117647058432e-01,-7.843137254901960675e-02
9.943164843788086273e-04,9.019607843137255054e-01,7.843137254901960675e-02
9.943184843787520634e-04,9.019607843137255054e-01,0.000000000000000000e+00
9.943204843786954995e-04,9.411764705882352811e-01,-3.921568627450980338e-02
9.943224843786389357e-04,8.235294117647058432e-01,7.843137254901960675e-02
9.943244843785823718e-04,9.019607843137255054e-01,-1.568627450980392135e-01
9.943264843785258079e-04,9.019607843137255054e-01,1.176470588235294101e-01
9.943284843784692441e-04,9.411764705882352811e-01,0.000000000000000000e+00
9.943304843784126802e-04,8.627450980392157298e-01,0.000000000000000000e+00
9.943324843783561164e-04,9.019607843137255054e-01,7.843137254901960675e-02
9.943344843782995525e-04,9.019607843137255054e-01,-3.921568627450980338e-02
9.943364843782429886e-04,9.019607843137255054e-01,3.921568627450980338e-02
9.943384843781864248e-04,8.627450980392157298e-01,0.000000000000000000e+00
9.943404843781298609e-04,8.627450980392157298e-01,-7.843137254901960675e-02
9.943424843780732970e-04,9.019607843137255054e-01,1.568627450980392135e-01
9.943444843780167332e-04,9.411764705882352811e-01,-7.843137254901960675e-02
9.943464843779601693e-04,9.019607843137255054e-01,3.921568627450980338e-02
9.943484843779036055e-04,9.019607843137255054e-01,0.000000000000000000e+00
9.943504843778470416e-04,9.019607843137255054e-01,3.921568627450980338e-02
9.943524843777904777e-04,9.019607843137255054e-01,7.843137254901960675e-02
9.943544843777339139e-04,8.627450980392157298e-01,-3.921568627450980338e-02
9.943564843776773500e-04,8.627450980392157298e-01,7.843137254901960675e-02
9.943584843776207861e-04,9.019607843137255054e-01,0.000000000000000000e+00
9.943604843775642223e-04,9.411764705882352811e-01,-7.843137254901960675e-02
9.943624843775076584e-04,8.627450980392157298e-01,7.843137254901960675e-02
9.943644843774510945e-04,9.411764705882352811e-01,-7.843137254901960675e-02
9.943664843773945307e-04,9.019607843137255054e-01,7.843137254901960675e-02
9.943684843773379668e-04,9.411764705882352811e-01,3.921568627450980338e-02
9.943704843772814030e-04,8.627450980392157298e-01,-3.921568627450980338e-02
9.943724843772248391e-04,9.019607843137255054e-01,1.176470588235294101e-01
9.943744843771682752e-04,9.411764705882352811e-01,-3.921568627450980338e-02
9.943764843771117114e-04,9.019607843137255054e-01,3.921568627450980338e-02
9.943784843770551475e-04,8.627450980392157298e-01,0.000000000000000000e+00
9.943804843769985836e-04,9.019607843137255054e-01,-3.921568627450980338e-02
9.943824843769420198e-04,9.019607843137255054e-01,7.843137254901960675e-02
9.943844843768854559e-04,9.411764705882352811e-01,-7.843137254901960675e-02
9.943864843768288921e-04,8.627450980392157298e-01,3.921568627450980338e-02
9.943884843767723282e-04,8.627450980392157298e-01,3.921568627450980338e-02
9.943904843767157643e-04,9.019607843137255054e-01,0.000000000000000000e+00
9.943924843766592005e-04,9.411764705882352811e-01,3.921568627450980338e-02
9.943944843766026366e-04,8.627450980392157298e-01,-7.843137254901960675e-02
9.943964843765460727e-04,9.019607843137255054e-01,7.843137254901960675e-02
9.943984843764895089e-04,9.019607843137255054e-01,0.000000000000000000e+00
9.944004843764329450e-04,9.411764705882352811e-01,-3.921568627450980338e-02
9.944024843763763812e-04,8.627450980392157298e-01,7.843137254901960675e-02
9.944044843763198173e-04,9.019607843137255054e-01,-1.568627450980392135e-01
9.944064843762632534e-04,9.019607843137255054e-01,1.568627450980392135e-01
9.944084843762066896e-04,9.411764705882352811e-01,-3.921568627450980338e-02
9.944104843761501257e-04,8.235294117647058432e-01,-3.921568627450980338e-02
9.944124843760935618e-04,9.019607843137255054e-01,7.843137254901960675e-02
9.944144843760369980e-04,9.411764705882352811e-01,-3.921568627450980338e-02
9.944164843759804341e-04,9.411764705882352811e-01,3.921568627450980338e-02
9.944184843759238702e-04,8.235294117647058432e-01,0.000000000000000000e+00
9.944204843758673064e-04,9.019607843137255054e-01,-7.843137254901960675e-02
9.944224843758107425e-04,9.019607843137255054e-01,7.843137254901960675e-02
9.944244843757541787e-04,9.411764705882352811e-01,-7.843137254901960675e-02
9.944264843756976148e-04,8.627450980392157298e-01,3.921568627450980338e-02
9.944284843756410509e-04,8.627450980392157298e-01,0.000000000000000000e+00
9.944304843755844871e-04,9.411764705882352811e-01,0.000000000000000000e+00
9.944324843755279232e-04,9.411764705882352811e-01,3.921568627450980338e-02
9.944344843754713593e-04,8.627450980392157298e-01,-7.843137254901960675e-02
9.944364843754147955e-04,8.627450980392157298e-01,7.843137254901960675e-02
9.944384843753582316e-04,9.019607843137255054e-01,0.000000000000000000e+00
9.944404843753016678e-04,9.411764705882352811e-01,-3.921568627450980338e-02
9.944424843752451039e-04,8.627450980392157298e-01,1.568627450980392135e-01
9.944444843751885400e-04,9.019607843137255054e-01,-1.568627450980392135e-01
9.944464843751319762e-04,9.019607843137255054e-01,7.843137254901960675e-02
9.944484843750754123e-04,9.411764705882352811e-01,0.000000000000000000e+00
9.944504843750188484e-04,8.235294117647058432e-01,0.000000000000000000e+00
9.944524843749622846e-04,8.627450980392157298e-01,7.843137254901960675e-02
9.944544843749057207e-04,9.019607843137255054e-01,-3.921568627450980338e-02
9.944564843748491569e-04,9.411764705882352811e-01,3.921568627450980338e-02
9.944584843747925930e-04,8.627450980392157298e-01,0.000000000000000000e+00
9.944604843747360291e-04,9.411764705882352811e-01,0.000000000000000000e+00
9.944624843746794653e-04,9.019607843137255054e-01,1.176470588235294101e-01
9.944644843746229014e-04,9.411764705882352811e-01,-7.843137254901960675e-02
9.944664843745663375e-04,8.235294117647058432e-01,7.843137254901960675e-02
9.944684843745097737e-04,9.019607843137255054e-01,3.921568627450980338e-02
9.944704843744532098e-04,9.019607843137255054e-01,3.921568627450980338e-02
9.944724843743966460e-04,9.411764705882352811e-01,7.843137254901960675e-02
9.944744843743400821e-04,8.235294117647058432e-01,-7.843137254901960675e-02
9.944764843742835182e-04,8.627450980392157298e-01,3.921568627450980338e-02
9.944784843742269544e-04,9.411764705882352811e-01,0.000000000000000000e+00
9.944804843741703905e-04,9.411764705882352811e-01,-7.843137254901960675e-02
9.944824843741138266e-04,8.627450980392157298e-01,7.843137254901960675e-02
9.944844843740572628e-04,9.019607843137255054e-01,-1.568627450980392135e-01
9.944864843740006989e-04,9.019607843137255054e-01,7.843137254901960675e-02
9.944884843739441350e-04,9.411764705882352811e-01,3.921568627450980338e-02
9.944904843738875712e-04,8.627450980392157298e-01,-3.921568627450980338e-02
9.944924843738310073e-04,8.627450980392157298e-01,7.843137254901960675e-02
9.944944843737744435e-04,9.019607843137255054e-01,-3.921568627450980338e-02
9.944964843737178796e-04,9.019607843137255054e-01,3.921568627450980338e-02
9.944984843736613157e-04,8.627450980392157298e-01,0.000000000000000000e+00
9.945004843736047519e-04,9.019607843137255054e-01,-7.843137254901960675e-02
9.945024843735481880e-04,9.019607843137255054e-01,1.176470588235294101e-01
9.945044843734916241e-04,9.411764705882352811e-01,-7.843137254901960675e-02
9.945064843734350603e-04,8.627450980392157298e-01,0.000000000000000000e+00
9.945084843733784964e-04,8.627450980392157298e-01,3.921568627450980338e-02
9.945104843733219326e-04,9.019607843137255054e-01,3.921568627450980338e-02
9.945124843732653687e-04,9.411764705882352811e-01,7.843137254901960675e-02
9.945144843732088048e-04,8.627450980392157298e-01,-7.843137254901960675e-02
9.945164843731522410e-04,9.019607843137255054e-01,7.843137254901960675e-02
9.945184843730956771e-04,9.019607843137255054e-01,0.000000000000000000e+00
9.945204843730391132e-04,9.411764705882352811e-01,-3.921568627450980338e-02
9.945224843729825494e-04,8.235294117647058432e-01,7.843137254901960675e-02
9.945244843729259855e-04,8.627450980392157298e-01,-7.843137254901960675e-02
9.945264843728694217e-04,9.019607843137255054e-01,1.568627450980392135e-01
9.945284843728128578e-04,9.411764705882352811e-01,0.000000000000000000e+00
9.945304843727562939e-04,8.627450980392157298e-01,-3.921568627450980338e-02
9.945324843726997301e-04,9.019607843137255054e-01,7.843137254901960675e-02
9.945344843726431662e-04,9.411764705882352811e-01,0.000000000000000000e+00
9.945364843725866023e-04,9.019607843137255054e-01,3.921568627450980338e-02
9.945384843725300385e-04,8.627450980392157298e-01,0.000000000000000000e+00
9.945404843724734746e-04,9.019607843137255054e-01,-7.843137254901960675e-02
9.945424843724169107e-04,9.019607843137255054e-01,1.176470588235294101e-01
9.945444843723603469e-04,9.411764705882352811e-01,-3.921568627450980338e-02
9.945464843723037830e-04,8.627450980392157298e-01,7.843137254901960675e-02
9.945484843722472192e-04,8.627450980392157298e-01,3.921568627450980338e-02
9.945504843721906553e-04,8.627450980392157298e-01,0.000000000000000000e+00
9.945524843721340914e-04,9.411764705882352811e-01,7.843137254901960675e-02
9.945544843720775276e-04,8.627450980392157298e-01,-7.843137254901960675e-02
9.945564843720209637e-04,9.019607843137255054e-01,1.176470588235294101e-01
9.945584843719643998e-04,9.019607843137255054e-01,0.000000000000000000e+00
9.945604843719078360e-04,9.411764705882352811e-01,0.000000000000000000e+00
9.945624843718512721e-04,8.627450980392157298e-01,7.843137254901960675e-02
9.945644843717947083e-04,9.019607843137255054e-01,-1.568627450980392135e-01
9.945664843717381444e-04,9.019607843137255054e-01,1.176470588235294101e-01
9.945684843716815805e-04,9.411764705882352811e-01,0.000000000000000000e+00
9.945704843716250167e-04,8.235294117647058432e-01,-3.921568627450980338e-02
9.945724843715684528e-04,9.019607843137255054e-01,7.843137254901960675e-02
9.945744843715118889e-04,9.411764705882352811e-01,0.000000000000000000e+00
9.945764843714553251e-04,9.411764705882352811e-01,3.921568627450980338e-02
9.945784843713987612e-04,8.235294117647058432e-01,0.000000000000000000e+00
9.945804843713421974e-04,9.019607843137255054e-01,-7.843137254901960675e-02
9.945824843712856335e-04,8.627450980392157298e-01,7.843137254901960675e-02
9.945844843712290696e-04,9.411764705882352811e-01,-7.843137254901960675e-02
9.945864843711725058e-04,8.627450980392157298e-01,3.921568627450980338e-02
9.945884843711159419e-04,9.019607843137255054e-01,0.000000000000000000e+00
9.945904843710593780e-04,9.019607843137255054e-01,3.921568627450980338e-02
9.945924843710028142e-04,9.411764705882352811e-01,3.921568627450980338e-02
9.945944843709462503e-04,8.627450980392157298e-01,-7.843137254901960675e-02
9.945964843708896864e-04,8.627450980392157298e-01,7.843137254901960675e-02
9.945984843708331226e-04,9.019607843137255054e-01,0.000000000000000000e+00
9.946004843707765587e-04,9.411764705882352811e-01,-3.921568627450980338e-02
9.946024843707199949e-04,8.627450980392157298e-01,7.843137254901960675e-02
9.946044843706634310e-04,9.019607843137255054e-01,-7.843137254901960675e-02
9.946064843706068671e-04,9.019607843137255054e-01,1.176470588235294101e-01
9.946084843705503033e-04,9.411764705882352811e-01,0.000000000000000000e+00
9.946104843704937394e-04,8.235294117647058432e-01,-3.921568627450980338e-02
9.946124843704371755e-04,9.019607843137255054e-01,7.843137254901960675e-02
9.946144843703806117e-04,9.019607843137255054e-01,-3.921568627450980338e-02
9.946164843703240478e-04,9.803921568627450567e-01,3.921568627450980338e-02
9.946184843702674840e-04,8.627450980392157298e-01,3.921568627450980338e-02
9.946204843702109201e-04,9.019607843137255054e-01,-7.843137254901960675e-02
9.946224843701543562e-04,9.019607843137255054e-01,1.176470588235294101e-01
9.946244843700977924e-04,9.411764705882352811e-01,-7.843137254901960675e-02
9.946264843700412285e-04,8.627450980392157298e-01,7.843137254901960675e-02
9.946284843699846646e-04,9.019607843137255054e-01,3.921568627450980338e-02
9.946304843699281008e-04,9.019607843137255054e-01,3.921568627450980338e-02
9.946324843698715369e-04,9.019607843137255054e-01,3.921568627450980338e-02
9.946344843698149731e-04,9.019607843137255054e-01,-7.843137254901960675e-02
9.946364843697584092e-04,8.627450980392157298e-01,3.921568627450980338e-02
9.946384843697018453e-04,9.019607843137255054e-01,0.000000000000000000e+00
9.946404843696452815e-04,9.411764705882352811e-01,-3.921568627450980338e-02
9.946424843695887176e-04,8.627450980392157298e-01,7.843137254901960675e-02
9.946444843695321537e-04,8.627450980392157298e-01,-1.568627450980392135e-01
9.946464843694755899e-04,9.019607843137255054e-01,1.176470588235294101e-01
9.946484843694190260e-04,9.411764705882352811e-01,0.000000000000000000e+00
9.946504843693624622e-04,8.627450980392157298e-01,-3.921568627450980338e-02
9.946524843693058983e-04,8.235294117647058432e-01,7.843137254901960675e-02
9.946544843692493344e-04,9.019607843137255054e-01,-3.921568627450980338e-02
9.946564843691927706e-04,9.411764705882352811e-01,3.921568627450980338e-02
9.946584843691362067e-04,8.627450980392157298e-01,0.000000000000000000e+00
9.946604843690796428e-04,8.627450980392157298e-01,-1.568627450980392135e-01
9.946624843690230790e-04,9.019607843137255054e-01,7.843137254901960675e-02
9.946644843689665151e-04,9.411764705882352811e-01,-7.843137254901960675e-02
9.946664843689099512e-04,8.235294117647058432e-01,3.921568627450980338e-02
9.946684843688533874e-04,8.627450980392157298e-01,3.921568627450980338e-02
9.946704843687968235e-04,9.411764705882352811e-01,3.921568627450980338e-02
9.946724843687402597e-04,9.411764705882352811e-01,7.843137254901960675e-02
9.946744843686836958e-04,8.627450980392157298e-01,-3.921568627450980338e-02
9.946764843686271319e-04,9.019607843137255054e-01,7.843137254901960675e-02
9.946784843685705681e-04,8.627450980392157298e-01,0.000000000000000000e+00
9.946804843685140042e-04,9.411764705882352811e-01,-3.921568627450980338e-02
9.946824843684574403e-04,8.627450980392157298e-01,7.843137254901960675e-02
9.946844843684008765e-04,9.019607843137255054e-01,-1.568627450980392135e-01
9.946864843683443126e-04,9.019607843137255054e-01,1.568627450980392135e-01
9.946884843682877488e-04,9.411764705882352811e-01,0.000000000000000000e+00
9.946904843682311849e-04,8.627450980392157298e-01,0.000000000000000000e+00
9.946924843681746210e-04,8.627450980392157298e-01,7.843137254901960675e-02
9.946944843681180572e-04,9.019607843137255054e-01,-3.921568627450980338e-02
9.946964843680614933e-04,9.019607843137255054e-01,3.921568627450980338e-02
9.946984843680049294e-04,8.627450980392157298e-01,0.000000000000000000e+00
9.947004843679483656e-04,9.019607843137255054e-01,-1.568627450980392135e-01
9.947024843678918017e-04,9.411764705882352811e-01,1.176470588235294101e-01
9.947044843678352379e-04,9.411764705882352811e-01,-3.921568627450980338e-02
9.947064843677786740e-04,8.235294117647058432e-01,0.000000000000000000e+00
9.947084843677221101e-04,9.019607843137255054e-01,3.921568627450980338e-02
9.947104843676655463e-04,9.019607843137255054e-01,0.000000000000000000e+00
9.947124843676089824e-04,9.411764705882352811e-01,7.843137254901960675e-02
9.947144843675524185e-04,8.627450980392157298e-01,-3.921568627450980338e-02
9.947164843674958547e-04,8.627450980392157298e-01,7.843137254901960675e-02
9.947184843674392908e-04,9.019607843137255054e-01,0.000000000000000000e+00
9.947204843673827269e-04,9.411764705882352811e-01,-7.843137254901960675e-02
9.947224843673261631e-04,8.235294117647058432e-01,7.843137254901960675e-02
9.947244843672695992e-04,9.411764705882352811e-01,-1.568627450980392135e-01
9.947264843672130354e-04,9.411764705882352811e-01,7.843137254901960675e-02
9.947284843671564715e-04,9.411764705882352811e-01,3.921568627450980338e-02
9.947304843670999076e-04,8.627450980392157298e-01,0.000000000000000000e+00
9.947324843670433438e-04,8.627450980392157298e-01,1.176470588235294101e-01
9.947344843669867799e-04,9.019607843137255054e-01,-3.921568627450980338e-02
9.947364843669302160e-04,9.411764705882352811e-01,3.921568627450980338e-02
9.947384843668736522e-04,8.235294117647058432e-01,0.000000000000000000e+00
9.947404843668170883e-04,9.019607843137255054e-01,-3.921568627450980338e-02
9.947424843667605245e-04,9.019607843137255054e-01,1.176470588235294101e-01
9.947444843667039606e-04,9.411764705882352811e-01,-3.921568627450980338e-02
9.947464843666473967e-04,8.627450980392157298e-01,3.921568627450980338e-02
9.947484843665908329e-04,9.019607843137255054e-01,3.921568627450980338e-02
9.947504843665342690e-04,9.019607843137255054e-01,3.921568627450980338e-02
9.947524843664777051e-04,9.411764705882352811e-01,7.843137254901960675e-02
9.947544843664211413e-04,8.627450980392157298e-01,-7.843137254901960675e-02
9.947564843663645774e-04,9.019607843137255054e-01,7.843137254901960675e-02
9.947584843663080136e-04,9.411764705882352811e-01,-3.921568627450980338e-02
9.947604843662514497e-04,9.411764705882352811e-01,-3.921568627450980338e-02
9.947624843661948858e-04,8.627450980392157298e-01,7.843137254901960675e-02
9.947644843661383220e-04,9.019607843137255054e-01,-1.568627450980392135e-01
9.947664843660817581e-04,9.019607843137255054e-01,7.843137254901960675e-02
9.947684843660251942e-04,9.411764705882352811e-01,0.000000000000000000e+00
9.947704843659686304e-04,8.627450980392157298e-01,-3.921568627450980338e-02
9.947724843659120665e-04,8.627450980392157298e-01,7.843137254901960675e-02
9.947744843658555026e-04,8.627450980392157298e-01,-7.843137254901960675e-02
9.947764843657989388e-04,9.019607843137255054e-01,3.921568627450980338e-02
9.947784843657423749e-04,8.627450980392157298e-01,0.000000000000000000e+00
9.947804843656858111e-04,8.627450980392157298e-01,-1.568627450980392135e-01
9.947824843656292472e-04,9.411764705882352811e-01,1.176470588235294101e-01
9.947844843655726833e-04,9.411764705882352811e-01,-7.843137254901960675e-02
9.947864843655161195e-04,8.627450980392157298e-01,3.921568627450980338e-02
9.947884843654595556e-04,9.019607843137255054e-01,0.000000000000000000e+00
9.947904843654029917e-04,9.411764705882352811e-01,0.000000000000000000e+00
9.947924843653464279e-04,9.411764705882352811e-01,7.843137254901960675e-02
9.947944843652898640e-04,8.235294117647058432e-01,-3.921568627450980338e-02
9.947964843652333002e-04,9.019607843137255054e-01,7.843137254901960675e-02
9.947984843651767363e-04,9.411764705882352811e-01,0.000000000000000000e+00
9.948004843651201724e-04,9.411764705882352811e-01,-7.843137254901960675e-02
9.948024843650636086e-04,8.235294117647058432e-01,7.843137254901960675e-02
9.948044843650070447e-04,8.627450980392157298e-01,-1.568627450980392135e-01
9.948064843649504808e-04,9.411764705882352811e-01,1.176470588235294101e-01
9.948084843648939170e-04,9.411764705882352811e-01,0.000000000000000000e+00
9.948104843648373531e-04,8.627450980392157298e-01,0.000000000000000000e+00
9.948124843647807893e-04,8.627450980392157298e-01,7.843137254901960675e-02
9.948144843647242254e-04,9.411764705882352811e-01,0.000000000000000000e+00
9.948164843646676615e-04,9.411764705882352811e-01,3.921568627450980338e-02
9.948184843646110977e-04,8.627450980392157298e-01,0.000000000000000000e+00
9.948204843645545338e-04,9.411764705882352811e-01,-7.843137254901960675e-02
9.948224843644979699e-04,9.019607843137255054e-01,1.176470588235294101e-01
9.948244843644414061e-04,9.411764705882352811e-01,-7.843137254901960675e-02
9.948264843643848422e-04,8.627450980392157298e-01,3.921568627450980338e-02
9.948284843643282783e-04,9.019607843137255054e-01,0.000000000000000000e+00
9.948304843642717145e-04,9.019607843137255054e-01,0.000000000000000000e+00
9.948324843642151506e-04,9.411764705882352811e-01,7.843137254901960675e-02
9.948344843641585868e-04,8.627450980392157298e-01,-3.921568627450980338e-02
9.948364843641020229e-04,9.019607843137255054e-01,7.843137254901960675e-02
9.948384843640454590e-04,9.019607843137255054e-01,0.000000000000000000e+00
9.948404843639888952e-04,9.411764705882352811e-01,-3.921568627450980338e-02
9.948424843639323313e-04,8.627450980392157298e-01,7.843137254901960675e-02
9.948444843638757674e-04,9.019607843137255054e-01,-3.921568627450980338e-02
9.948464843638192036e-04,9.019607843137255054e-01,1.176470588235294101e-01
9.948484843637626397e-04,9.411764705882352811e-01,3.921568627450980338e-02
9.948504843637060759e-04,8.627450980392157298e-01,-3.921568627450980338e-02
9.948524843636495120e-04,9.019607843137255054e-01,1.176470588235294101e-01
9.948544843635929481e-04,9.411764705882352811e-01,-3.921568627450980338e-02
9.948564843635363843e-04,9.411764705882352811e-01,3.921568627450980338e-02
9.948584843634798204e-04,8.627450980392157298e-01,0.000000000000000000e+00
9.948604843634232565e-04,8.627450980392157298e-01,0.000000000000000000e+00
9.948624843633666927e-04,9.411764705882352811e-01,1.176470588235294101e-01
9.948644843633101288e-04,9.411764705882352811e-01,-7.843137254901960675e-02
9.948664843632535650e-04,8.627450980392157298e-01,3.921568627450980338e-02
9.948684843631970011e-04,8.627450980392157298e-01,3.921568627450980338e-02
9.948704843631404372e-04,9.019607843137255054e-01,0.000000000000000000e+00
9.948724843630838734e-04,9.411764705882352811e-01,7.843137254901960675e-02
9.948744843630273095e-04,8.627450980392157298e-01,-7.843137254901960675e-02
9.948764843629707456e-04,9.019607843137255054e-01,7.843137254901960675e-02
9.948784843629141818e-04,9.411764705882352811e-01,0.000000000000000000e+00
9.948804843628576179e-04,9.411764705882352811e-01,-7.843137254901960675e-02
9.948824843628010541e-04,8.235294117647058432e-01,1.176470588235294101e-01
9.948844843627444902e-04,8.627450980392157298e-01,-3.921568627450980338e-02
9.948864843626879263e-04,8.627450980392157298e-01,1.568627450980392135e-01
9.948884843626313625e-04,9.019607843137255054e-01,-3.921568627450980338e-02
9.948904843625747986e-04,8.627450980392157298e-01,-3.921568627450980338e-02
9.948924843625182347e-04,9.019607843137255054e-01,7.843137254901960675e-02
9.948944843624616709e-04,9.019607843137255054e-01,-3.921568627450980338e-02
9.948964843624051070e-04,9.411764705882352811e-01,3.921568627450980338e-02
9.948984843623485431e-04,8.627450980392157298e-01,0.000000000000000000e+00
9.949004843622919793e-04,8.627450980392157298e-01,0.000000000000000000e+00
9.949024843622354154e-04,9.019607843137255054e-01,1.176470588235294101e-01
9.949044843621788516e-04,9.411764705882352811e-01,-7.843137254901960675e-02
9.949064843621222877e-04,8.627450980392157298e-01,3.921568627450980338e-02
9.949084843620657238e-04,9.019607843137255054e-01,0.000000000000000000e+00
9.949104843620091600e-04,9.019607843137255054e-01,0.000000000000000000e+00
9.949124843619525961e-04,9.411764705882352811e-01,3.921568627450980338e-02
9.949144843618960322e-04,8.627450980392157298e-01,-7.843137254901960675e-02
9.949164843618394684e-04,9.019607843137255054e-01,3.921568627450980338e-02
9.949184843617829045e-04,9.019607843137255054e-01,0.000000000000000000e+00
9.949204843617263407e-04,9.803921568627450567e-01,-7.843137254901960675e-02
9.949224843616697768e-04,8.627450980392157298e-01,7.843137254901960675e-02
9.949244843616132129e-04,9.019607843137255054e-01,-7.843137254901960675e-02
9.949264843615566491e-04,9.019607843137255054e-01,1.568627450980392135e-01
9.949284843615000852e-04,9.411764705882352811e-01,0.000000000000000000e+00
9.949304843614435213e-04,8.627450980392157298e-01,0.000000000000000000e+00
9.949324843613869575e-04,9.019607843137255054e-01,7.843137254901960675e-02
9.949344843613303936e-04,9.019607843137255054e-01,-7.843137254901960675e-02
9.949364843612738298e-04,9.411764705882352811e-01,3.921568627450980338e-02
9.949384843612172659e-04,8.627450980392157298e-01,0.000000000000000000e+00
9.949404843611607020e-04,9.019607843137255054e-01,-7.843137254901960675e-02
9.949424843611041382e-04,9.019607843137255054e-01,7.843137254901960675e-02
9.949444843610475743e-04,9.411764705882352811e-01,-7.843137254901960675e-02
9.949464843609910104e-04,8.627450980392157298e-01,3.921568627450980338e-02
9.949484843609344466e-04,9.411764705882352811e-01,0.000000000000000000e+00
9.949504843608778827e-04,9.019607843137255054e-01,3.921568627450980338e-02
9.949524843608213188e-04,9.411764705882352811e-01,3.921568627450980338e-02
9.949544843607647550e-04,8.627450980392157298e-01,-7.843137254901960675e-02
9.949564843607081911e-04,8.627450980392157298e-01,0.000000000000000000e+00
9.949584843606516273e-04,9.019607843137255054e-01,0.000000000000000000e+00
9.949604843605950634e-04,9.411764705882352811e-01,-3.921568627450980338e-02
9.949624843605384995e-04,8.627450980392157298e-01,7.843137254901960675e-02
9.949644843604819357e-04,9.019607843137255054e-01,-1.568627450980392135e-01
9.949664843604253718e-04,9.019607843137255054e-01,7.843137254901960675e-02
9.949684843603688079e-04,9.411764705882352811e-01,0.000000000000000000e+00
9.949704843603122441e-04,8.627450980392157298e-01,-7.843137254901960675e-02
9.949724843602556802e-04,9.019607843137255054e-01,7.843137254901960675e-02
9.949744843601991164e-04,9.411764705882352811e-01,-3.921568627450980338e-02
9.949764843601425525e-04,9.019607843137255054e-01,3.921568627450980338e-02
9.949784843600859886e-04,8.235294117647058432e-01,0.000000000000000000e+00
9.949804843600294248e-04,9.019607843137255054e-01,0.000000000000000000e+00
9.949824843599728609e-04,9.019607843137255054e-01,1.176470588235294101e-01
9.949844843599162970e-04,9.411764705882352811e-01,-7.843137254901960675e-02
9.949864843598597332e-04,8.627450980392157298e-01,7.843137254901960675e-02
9.949884843598031693e-04,8.627450980392157298e-01,3.921568627450980338e-02
9.949904843597466055e-04,9.019607843137255054e-01,0.000000000000000000e+00
9.949924843596900416e-04,9.411764705882352811e-01,7.843137254901960675e-02
9.949944843596334777e-04,8.627450980392157298e-01,-7.843137254901960675e-02
9.949964843595769139e-04,9.019607843137255054e-01,3.921568627450980338e-02
9.949984843595203500e-04,9.411764705882352811e-01,0.000000000000000000e+00
9.950004843594637861e-04,9.411764705882352811e-01,0.000000000000000000e+00
9.950024843594072223e-04,8.627450980392157298e-01,7.843137254901960675e-02
9.950044843593506584e-04,9.411764705882352811e-01,-1.568627450980392135e-01
9.950064843592940945e-04,8.627450980392157298e-01,1.176470588235294101e-01
9.950084843592375307e-04,9.411764705882352811e-01,0.000000000000000000e+00
9.950104843591809668e-04,8.235294117647058432e-01,-7.843137254901960675e-02
9.950124843591244030e-04,8.627450980392157298e-01,7.843137254901960675e-02
9.950144843590678391e-04,9.019607843137255054e-01,0.000000000000000000e+00
9.950164843590112752e-04,9.803921568627450567e-01,3.921568627450980338e-02
9.950184843589547114e-04,8.235294117647058432e-01,0.000000000000000000e+00
9.950204843588981475e-04,9.019607843137255054e-01,-3.921568627450980338e-02
9.950224843588415836e-04,9.019607843137255054e-01,1.176470588235294101e-01
9.950244843587850198e-04,9.019607843137255054e-01,-7.843137254901960675e-02
9.950264843587284559e-04,8.627450980392157298e-01,3.921568627450980338e-02
9.950284843586718921e-04,9.019607843137255054e-01,0.000000000000000000e+00
9.950304843586153282e-04,9.411764705882352811e-01,0.000000000000000000e+00
9.950324843585587643e-04,9.411764705882352811e-01,7.843137254901960675e-02
9.950344843585022005e-04,8.235294117647058432e-01,-7.843137254901960675e-02
9.950364843584456366e-04,8.627450980392157298e-01,7.843137254901960675e-02
9.950384843583890727e-04,9.019607843137255054e-01,0.000000000000000000e+00
9.950404843583325089e-04,9.411764705882352811e-01,0.000000000000000000e+00
9.950424843582759450e-04,8.235294117647058432e-01,7.843137254901960675e-02
9.950444843582193812e-04,8.627450980392157298e-01,-3.921568627450980338e-02
9.950464843581628173e-04,8.627450980392157298e-01,1.176470588235294101e-01
9.950484843581062534e-04,9.411764705882352811e-01,0.000000000000000000e+00
9.950504843580496896e-04,8.627450980392157298e-01,0.000000000000000000e+00
9.950524843579931257e-04,9.019607843137255054e-01,7.843137254901960675e-02
9.950544843579365618e-04,9.411764705882352811e-01,0.000000000000000000e+00
9.950564843578799980e-04,9.411764705882352811e-01,3.921568627450980338e-02
9.950584843578234341e-04,8.627450980392157298e-01,0.000000000000000000e+00
9.950604843577668703e-04,8.235294117647058432e-01,0.000000000000000000e+00
9.950624843577103064e-04,9.019607843137255054e-01,1.176470588235294101e-01
9.950644843576537425e-04,9.411764705882352811e-01,-7.843137254901960675e-02
9.950664843575971787e-04,8.235294117647058432e-01,3.921568627450980338e-02
9.950684843575406148e-04,8.627450980392157298e-01,0.000000000000000000e+00
9.950704843574840509e-04,9.019607843137255054e-01,0.000000000000000000e+00
9.950724843574274871e-04,9.411764705882352811e-01,7.843137254901960675e-02
9.950744843573709232e-04,8.627450980392157298e-01,-7.843137254901960675e-02
9.950764843573143593e-04,8.627450980392157298e-01,7.843137254901960675e-02
9.950784843572577955e-04,9.411764705882352811e-01,3.921568627450980338e-02
9.950804843572012316e-04,9.411764705882352811e-01,-3.921568627450980338e-02
9.950824843571446678e-04,8.235294117647058432e-01,7.843137254901960675e-02
9.950844843570881039e-04,9.019607843137255054e-01,-7.843137254901960675e-02
9.950864843570315400e-04,9.019607843137255054e-01,7.843137254901960675e-02
9.950884843569749762e-04,9.411764705882352811e-01,3.921568627450980338e-02
9.950904843569184123e-04,8.627450980392157298e-01,-3.921568627450980338e-02
9.950924843568618484e-04,9.019607843137255054e-01,1.176470588235294101e-01
9.950944843568052846e-04,9.019607843137255054e-01,-3.921568627450980338e-02
9.950964843567487207e-04,9.411764705882352811e-01,7.843137254901960675e-02
9.950984843566921569e-04,8.235294117647058432e-01,0.000000000000000000e+00
9.951004843566355930e-04,8.235294117647058432e-01,0.000000000000000000e+00
9.951024843565790291e-04,9.019607843137255054e-01,7.843137254901960675e-02
9.951044843565224653e-04,9.411764705882352811e-01,-7.843137254901960675e-02
9.951064843564659014e-04,8.627450980392157298e-01,3.921568627450980338e-02
9.951084843564093375e-04,9.019607843137255054e-01,3.921568627450980338e-02
9.951104843563527737e-04,9.411764705882352811e-01,3.921568627450980338e-02
9.951124843562962098e-04,9.411764705882352811e-01,7.843137254901960675e-02
9.951144843562396460e-04,8.627450980392157298e-01,-7.843137254901960675e-02
9.951164843561830821e-04,8.627450980392157298e-01,3.921568627450980338e-02
9.951184843561265182e-04,9.019607843137255054e-01,0.000000000000000000e+00
9.951204843560699544e-04,9.411764705882352811e-01,-3.921568627450980338e-02
9.951224843560133905e-04,8.627450980392157298e-01,1.176470588235294101e-01
9.951244843559568266e-04,9.019607843137255054e-01,0.000000000000000000e+00
9.951264843559002628e-04,9.019607843137255054e-01,1.568627450980392135e-01
9.951284843558436989e-04,9.803921568627450567e-01,0.000000000000000000e+00
9.951304843557871350e-04,8.627450980392157298e-01,-3.921568627450980338e-02
9.951324843557305712e-04,8.627450980392157298e-01,7.843137254901960675e-02
9.951344843556740073e-04,9.019607843137255054e-01,0.000000000000000000e+00
9.951364843556174435e-04,9.411764705882352811e-01,7.843137254901960675e-02
9.951384843555608796e-04,8.627450980392157298e-01,3.921568627450980338e-02
9.951404843555043157e-04,9.019607843137255054e-01,0.000000000000000000e+00
9.951424843554477519e-04,9.019607843137255054e-01,7.843137254901960675e-02
9.951444843553911880e-04,9.411764705882352811e-01,-7.843137254901960675e-02
9.951464843553346241e-04,8.235294117647058432e-01,3.921568627450980338e-02
9.951484843552780603e-04,8.627450980392157298e-01,3.921568627450980338e-02
9.951504843552214964e-04,9.019607843137255054e-01,3.921568627450980338e-02
9.951524843551649326e-04,9.411764705882352811e-01,7.843137254901960675e-02
9.951544843551083687e-04,8.627450980392157298e-01,-3.921568627450980338e-02
9.951564843550518048e-04,8.627450980392157298e-01,7.843137254901960675e-02
9.951584843549952410e-04,9.019607843137255054e-01,0.000000000000000000e+00
9.951604843549386771e-04,9.411764705882352811e-01,-3.921568627450980338e-02
9.951624843548821132e-04,8.627450980392157298e-01,7.843137254901960675e-02
9.951644843548255494e-04,9.019607843137255054e-01,-1.568627450980392135e-01
9.951664843547689855e-04,9.019607843137255054e-01,1.176470588235294101e-01
9.951684843547124217e-04,9.411764705882352811e-01,0.000000000000000000e+00
9.951704843546558578e-04,8.627450980392157298e-01,-3.921568627450980338e-02
9.951724843545992939e-04,8.235294117647058432e-01,7.843137254901960675e-02
9.951744843545427301e-04,9.019607843137255054e-01,-3.921568627450980338e-02
9.951764843544861662e-04,9.411764705882352811e-01,3.921568627450980338e-02
9.951784843544296023e-04,8.627450980392157298e-01,0.000000000000000000e+00
9.951804843543730385e-04,9.019607843137255054e-01,0.000000000000000000e+00
9.951824843543164746e-04,9.019607843137255054e-01,1.176470588235294101e-01
9.951844843542599107e-04,9.411764705882352811e-01,-3.921568627450980338e-02
9.951864843542033469e-04,8.627450980392157298e-01,0.000000000000000000e+00
9.951884843541467830e-04,9.019607843137255054e-01,3.921568627450980338e-02
9.951904843540902192e-04,9.019607843137255054e-01,0.000000000000000000e+00
9.951924843540336553e-04,9.411764705882352811e-01,3.921568627450980338e-02
9.951944843539770914e-04,9.019607843137255054e-01,-7.843137254901960675e-02
9.951964843539205276e-04,9.019607843137255054e-01,7.843137254901960675e-02
9.951984843538639637e-04,9.411764705882352811e-01,0.000000000000000000e+00
9.952004843538073998e-04,9.411764705882352811e-01,0.000000000000000000e+00
9.952024843537508360e-04,8.627450980392157298e-01,1.176470588235294101e-01
9.952044843536942721e-04,9.019607843137255054e-01,-1.568627450980392135e-01
9.952064843536377083e-04,9.019607843137255054e-01,1.176470588235294101e-01
9.952084843535811444e-04,9.411764705882352811e-01,0.000000000000000000e+00
9.952104843535245805e-04,8.627450980392157298e-01,-3.921568627450980338e-02
9.952124843534680167e-04,8.235294117647058432e-01,7.843137254901960675e-02
9.952144843534114528e-04,9.019607843137255054e-01,0.000000000000000000e+00
9.952164843533548889e-04,9.411764705882352811e-01,3.921568627450980338e-02
9.952184843532983251e-04,8.627450980392157298e-01,0.000000000000000000e+00
9.952204843532417612e-04,8.627450980392157298e-01,-3.921568627450980338e-02
9.952224843531851974e-04,9.019607843137255054e-01,1.176470588235294101e-01
9.952244843531286335e-04,9.411764705882352811e-01,-7.843137254901960675e-02
9.952264843530720696e-04,8.235294117647058432e-01,3.921568627450980338e-02
9.952284843530155058e-04,9.411764705882352811e-01,0.000000000000000000e+00
9.952304843529589419e-04,9.019607843137255054e-01,0.000000000000000000e+00
9.952324843529023780e-04,9.411764705882352811e-01,7.843137254901960675e-02
9.952344843528458142e-04,8.627450980392157298e-01,-7.843137254901960675e-02
9.952364843527892503e-04,8.627450980392157298e-01,3.921568627450980338e-02
9.952384843527326864e-04,8.627450980392157298e-01,0.000000000000000000e+00
9.952404843526761226e-04,9.411764705882352811e-01,-7.843137254901960675e-02
9.952424843526195587e-04,8.627450980392157298e-01,7.843137254901960675e-02
9.952444843525629949e-04,9.019607843137255054e-01,-1.568627450980392135e-01
9.952464843525064310e-04,9.019607843137255054e-01,1.176470588235294101e-01
9.952484843524498671e-04,9.411764705882352811e-01,0.000000000000000000e+00
9.952504843523933033e-04,8.627450980392157298e-01,-3.921568627450980338e-02
9.952524843523367394e-04,8.627450980392157298e-01,7.843137254901960675e-02
9.952544843522801755e-04,9.019607843137255054e-01,0.000000000000000000e+00
9.952564843522236117e-04,9.411764705882352811e-01,3.921568627450980338e-02
9.952584843521670478e-04,8.627450980392157298e-01,0.000000000000000000e+00
9.952604843521104840e-04,9.019607843137255054e-01,-3.921568627450980338e-02
9.952624843520539201e-04,9.019607843137255054e-01,1.176470588235294101e-01
9.952644843519973562e-04,9.411764705882352811e-01,-3.921568627450980338e-02
9.952664843519407924e-04,8.627450980392157298e-01,0.000000000000000000e+00
9.952684843518842285e-04,8.627450980392157298e-01,3.921568627450980338e-02
9.952704843518276646e-04,9.411764705882352811e-01,3.921568627450980338e-02
9.952724843517711008e-04,9.019607843137255054e-01,3.921568627450980338e-02
9.952744843517145369e-04,8.627450980392157298e-01,-7.843137254901960675e-02
9.952764843516579731e-04,9.411764705882352811e-01,7.843137254901960675e-02
9.952784843516014092e-04,9.411764705882352811e-01,0.000000000000000000e+00
9.952804843515448453e-04,9.411764705882352811e-01,0.000000000000000000e+00
9.952824843514882815e-04,8.235294117647058432e-01,7.843137254901960675e-02
9.952844843514317176e-04,9.019607843137255054e-01,-7.843137254901960675e-02
9.952864843513751537e-04,9.019607843137255054e-01,1.568627450980392135e-01
9.952884843513185899e-04,9.019607843137255054e-01,0.000000000000000000e+00
9.952904843512620260e-04,8.627450980392157298e-01,0.000000000000000000e+00
9.952924843512054622e-04,8.627450980392157298e-01,7.843137254901960675e-02
9.952944843511488983e-04,9.019607843137255054e-01,-3.921568627450980338e-02
9.952964843510923344e-04,9.411764705882352811e-01,0.000000000000000000e+00
9.952984843510357706e-04,8.627450980392157298e-01,0.000000000000000000e+00
9.953004843509792067e-04,9.019607843137255054e-01,0.000000000000000000e+00
9.953024843509226428e-04,8.627450980392157298e-01,1.176470588235294101e-01
9.953044843508660790e-04,9.411764705882352811e-01,-7.843137254901960675e-02
9.953064843508095151e-04,8.235294117647058432e-01,3.921568627450980338e-02
9.953084843507529512e-04,9.019607843137255054e-01,3.921568627450980338e-02
9.953104843506963874e-04,9.019607843137255054e-01,0.000000000000000000e+00
9.953124843506398235e-04,9.019607843137255054e-01,7.843137254901960675e-02
9.953144843505832597e-04,8.627450980392157298e-01,-7.843137254901960675e-02
9.953164843505266958e-04,9.019607843137255054e-01,3.921568627450980338e-02
9.953184843504701319e-04,9.019607843137255054e-01,0.000000000000000000e+00
9.953204843504135681e-04,9.411764705882352811e-01,-3.921568627450980338e-02
9.953224843503570042e-04,8.235294117647058432e-01,7.843137254901960675e-02
9.953244843503004403e-04,8.235294117647058432e-01,-7.843137254901960675e-02
9.953264843502438765e-04,9.019607843137255054e-01,7.843137254901960675e-02
9.953284843501873126e-04,9.411764705882352811e-01,3.921568627450980338e-02
9.953304843501307488e-04,8.627450980392157298e-01,-3.921568627450980338e-02
9.953324843500741849e-04,9.019607843137255054e-01,1.176470588235294101e-01
9.953344843500176210e-04,9.411764705882352811e-01,-3.921568627450980338e-02
9.953364843499610572e-04,9.411764705882352811e-01,3.921568627450980338e-02
9.953384843499044933e-04,8.627450980392157298e-01,3.921568627450980338e-02
9.953404843498479294e-04,8.627450980392157298e-01,-1.568627450980392135e-01
9.953424843497913656e-04,8.627450980392157298e-01,7.843137254901960675e-02
9.953444843497348017e-04,9.411764705882352811e-01,-7.843137254901960675e-02
9.953464843496782379e-04,8.627450980392157298e-01,3.921568627450980338e-02
9.953484843496216740e-04,8.627450980392157298e-01,3.921568627450980338e-02
9.953504843495651101e-04,9.411764705882352811e-01,0.000000000000000000e+00
9.953524843495085463e-04,9.411764705882352811e-01,3.921568627450980338e-02
9.953544843494519824e-04,8.627450980392157298e-01,-7.843137254901960675e-02
9.953564843493954185e-04,9.411764705882352811e-01,7.843137254901960675e-02
9.953584843493388547e-04,9.019607843137255054e-01,-3.921568627450980338e-02
9.953604843492822908e-04,9.411764705882352811e-01,0.000000000000000000e+00
9.953624843492257269e-04,8.235294117647058432e-01,7.843137254901960675e-02
9.953644843491691631e-04,8.627450980392157298e-01,-7.843137254901960675e-02
9.953664843491125992e-04,9.019607843137255054e-01,1.176470588235294101e-01
9.953684843490560354e-04,9.411764705882352811e-01,0.000000000000000000e+00
9.953704843489994715e-04,8.627450980392157298e-01,-3.921568627450980338e-02
9.953724843489429076e-04,8.627450980392157298e-01,7.843137254901960675e-02
9.953744843488863438e-04,8.627450980392157298e-01,-3.921568627450980338e-02
9.953764843488297799e-04,9.019607843137255054e-01,3.921568627450980338e-02
9.953784843487732160e-04,8.627450980392157298e-01,3.921568627450980338e-02
9.953804843487166522e-04,9.019607843137255054e-01,-3.921568627450980338e-02
9.953824843486600883e-04,9.019607843137255054e-01,7.843137254901960675e-02
9.953844843486035245e-04,9.411764705882352811e-01,-7.843137254901960675e-02
9.953864843485469606e-04,8.627450980392157298e-01,3.921568627450980338e-02
9.953884843484903967e-04,9.019607843137255054e-01,3.921568627450980338e-02
9.953904843484338329e-04,9.019607843137255054e-01,3.921568627450980338e-02
9.953924843483772690e-04,9.411764705882352811e-01,3.921568627450980338e-02
9.953944843483207051e-04,8.627450980392157298e-01,-7.843137254901960675e-02
9.953964843482641413e-04,9.019607843137255054e-01,3.921568627450980338e-02
9.953984843482075774e-04,9.019607843137255054e-01,3.921568627450980338e-02
9.954004843481510136e-04,9.411764705882352811e-01,-7.843137254901960675e-02
9.954024843480944497e-04,8.627450980392157298e-01,7.843137254901960675e-02
9.954044843480378858e-04,9.019607843137255054e-01,-1.568627450980392135e-01
9.954064843479813220e-04,9.019607843137255054e-01,1.176470588235294101e-01
9.954084843479247581e-04,9.411764705882352811e-01,0.000000000000000000e+00
9.954104843478681942e-04,8.627450980392157298e-01,-3.921568627450980338e-02
9.954124843478116304e-04,8.235294117647058432e-01,7.843137254901960675e-02
9.954144843477550665e-04,9.411764705882352811e-01,-3.921568627450980338e-02
9.954164843476985026e-04,9.411764705882352811e-01,3.921568627450980338e-02
9.954184843476419388e-04,8.627450980392157298e-01,0.000000000000000000e+00
9.954204843475853749e-04,9.019607843137255054e-01,-7.843137254901960675e-02
9.954224843475288111e-04,9.019607843137255054e-01,7.843137254901960675e-02
9.954244843474722472e-04,9.411764705882352811e-01,-3.921568627450980338e-02
9.954264843474156833e-04,8.235294117647058432e-01,3.921568627450980338e-02
9.954284843473591195e-04,8.627450980392157298e-01,3.921568627450980338e-02
9.954304843473025556e-04,9.019607843137255054e-01,3.921568627450980338e-02
9.954324843472459917e-04,9.411764705882352811e-01,3.921568627450980338e-02
9.954344843471894279e-04,8.627450980392157298e-01,-7.843137254901960675e-02
9.954364843471328640e-04,8.627450980392157298e-01,3.921568627450980338e-02
9.954384843470763002e-04,9.019607843137255054e-01,0.000000000000000000e+00
9.954404843470197363e-04,9.803921568627450567e-01,-3.921568627450980338e-02
9.954424843469631724e-04,8.627450980392157298e-01,7.843137254901960675e-02
9.954444843469066086e-04,8.627450980392157298e-01,-7.843137254901960675e-02
9.954464843468500447e-04,9.019607843137255054e-01,1.176470588235294101e-01
9.954484843467934808e-04,9.411764705882352811e-01,-3.921568627450980338e-02
9.954504843467369170e-04,8.235294117647058432e-01,-3.921568627450980338e-02
9.954524843466803531e-04,8.627450980392157298e-01,7.843137254901960675e-02
9.954544843466237893e-04,9.019607843137255054e-01,-3.921568627450980338e-02
9.954564843465672254e-04,9.019607843137255054e-01,7.843137254901960675e-02
9.954584843465106615e-04,8.627450980392157298e-01,0.000000000000000000e+00
9.954604843464540977e-04,9.019607843137255054e-01,-7.843137254901960675e-02
9.954624843463975338e-04,9.019607843137255054e-01,7.843137254901960675e-02
9.954644843463409699e-04,9.411764705882352811e-01,-7.843137254901960675e-02
9.954664843462844061e-04,8.627450980392157298e-01,3.921568627450980338e-02
9.954684843462278422e-04,9.019607843137255054e-01,3.921568627450980338e-02
9.954704843461712784e-04,9.019607843137255054e-01,0.000000000000000000e+00
9.954724843461147145e-04,9.411764705882352811e-01,3.921568627450980338e-02
9.954744843460581506e-04,8.627450980392157298e-01,-7.843137254901960675e-02
9.954764843460015868e-04,8.627450980392157298e-01,3.921568627450980338e-02
9.954784843459450229e-04,8.627450980392157298e-01,0.000000000000000000e+00
9.954804843458884590e-04,9.411764705882352811e-01,0.000000000000000000e+00
9.954824843458318952e-04,8.627450980392157298e-01,7.843137254901960675e-02
9.954844843457753313e-04,8.627450980392157298e-01,-1.568627450980392135e-01
9.954864843457187674e-04,8.627450980392157298e-01,1.176470588235294101e-01
9.954884843456622036e-04,9.411764705882352811e-01,0.000000000000000000e+00
9.954904843456056397e-04,8.627450980392157298e-01,-3.921568627450980338e-02
9.954924843455490759e-04,8.235294117647058432e-01,7.843137254901960675e-02
9.954944843454925120e-04,9.019607843137255054e-01,-3.921568627450980338e-02
9.954964843454359481e-04,9.411764705882352811e-01,3.921568627450980338e-02
9.954984843453793843e-04,8.627450980392157298e-01,3.921568627450980338e-02
9.955004843453228204e-04,9.019607843137255054e-01,0.000000000000000000e+00
9.955024843452662565e-04,9.019607843137255054e-01,7.843137254901960675e-02
9.955044843452096927e-04,9.411764705882352811e-01,-3.921568627450980338e-02
9.955064843451531288e-04,8.627450980392157298e-01,3.921568627450980338e-02
9.955084843450965650e-04,9.019607843137255054e-01,0.000000000000000000e+00
9.955104843450400011e-04,9.411764705882352811e-01,0.000000000000000000e+00
9.955124843449834372e-04,9.411764705882352811e-01,3.921568627450980338e-02
9.955144843449268734e-04,8.235294117647058432e-01,-3.921568627450980338e-02
9.955164843448703095e-04,9.019607843137255054e-01,3.921568627450980338e-02
9.955184843448137456e-04,9.019607843137255054e-01,0.000000000000000000e+00
9.955204843447571818e-04,9.019607843137255054e-01,0.000000000000000000e+00
9.955224843447006179e-04,8.627450980392157298e-01,7.843137254901960675e-02
9.955244843446440541e-04,9.019607843137255054e-01,-7.843137254901960675e-02
9.955264843445874902e-04,8.627450980392157298e-01,1.176470588235294101e-01
9.955284843445309263e-04,9.411764705882352811e-01,0.000000000000000000e+00
9.955304843444743625e-04,8.627450980392157298e-01,-3.921568627450980338e-02
9.955324843444177986e-04,9.019607843137255054e-01,7.843137254901960675e-02
9.955344843443612347e-04,9.019607843137255054e-01,0.000000000000000000e+00
9.955364843443046709e-04,9.411764705882352811e-01,3.921568627450980338e-02
9.955384843442481070e-04,8.627450980392157298e-01,3.921568627450980338e-02
9.955404843441915431e-04,9.019607843137255054e-01,-1.568627450980392135e-01
9.955424843441349793e-04,9.019607843137255054e-01,7.843137254901960675e-02
9.955444843440784154e-04,9.411764705882352811e-01,-3.921568627450980338e-02
9.955464843440218516e-04,8.235294117647058432e-01,7.843137254901960675e-02
9.955484843439652877e-04,9.019607843137255054e-01,3.921568627450980338e-02
9.955504843439087238e-04,8.627450980392157298e-01,0.000000000000000000e+00
9.955524843438521600e-04,9.411764705882352811e-01,7.843137254901960675e-02
9.955544843437955961e-04,8.235294117647058432e-01,-7.843137254901960675e-02
9.955564843437390322e-04,9.019607843137255054e-01,3.921568627450980338e-02
9.955584843436824684e-04,9.019607843137255054e-01,0.000000000000000000e+00
9.955604843436259045e-04,9.411764705882352811e-01,0.000000000000000000e+00
9.955624843435693407e-04,8.235294117647058432e-01,1.176470588235294101e-01
9.955644843435127768e-04,9.411764705882352811e-01,0.000000000000000000e+00
9.955664843434562129e-04,9.019607843137255054e-01,7.843137254901960675e-02
9.955684843433996491e-04,9.411764705882352811e-01,0.000000000000000000e+00
9.955704843433430852e-04,8.627450980392157298e-01,-3.921568627450980338e-02
9.955724843432865213e-04,8.627450980392157298e-01,7.843137254901960675e-02
9.955744843432299575e-04,9.019607843137255054e-01,0.000000000000000000e+00
9.955764843431733936e-04,9.411764705882352811e-01,3.921568627450980338e-02
9.955784843431168298e-04,9.019607843137255054e-01,3.921568627450980338e-02
9.955804843430602659e-04,9.019607843137255054e-01,-3.921568627450980338e-02
9.955824843430037020e-04,9.019607843137255054e-01,1.176470588235294101e-01
9.955844843429471382e-04,9.411764705882352811e-01,-3.921568627450980338e-02
9.955864843428905743e-04,8.627450980392157298e-01,0.000000000000000000e+00
9.955884843428340104e-04,8.627450980392157298e-01,3.921568627450980338e-02
9.955904843427774466e-04,9.019607843137255054e-01,3.921568627450980338e-02
9.955924843427208827e-04,9.411764705882352811e-01,7.843137254901960675e-02
9.955944843426643188e-04,9.019607843137255054e-01,-7.843137254901960675e-02
9.955964843426077550e-04,9.019607843137255054e-01,7.843137254901960675e-02
9.955984843425511911e-04,9.019607843137255054e-01,0.000000000000000000e+00
9.956004843424946273e-04,9.411764705882352811e-01,0.000000000000000000e+00
9.956024843424380634e-04,8.235294117647058432e-01,7.843137254901960675e-02
9.956044843423814995e-04,9.019607843137255054e-01,-7.843137254901960675e-02
9.956064843423249357e-04,9.019607843137255054e-01,1.568627450980392135e-01
9.956084843422683718e-04,9.411764705882352811e-01,0.000000000000000000e+00
9.956104843422118079e-04,8.627450980392157298e-01,-7.843137254901960675e-02
9.956124843421552441e-04,8.627450980392157298e-01,7.843137254901960675e-02
9.956144843420986802e-04,9.019607843137255054e-01,-3.921568627450980338e-02
9.956164843420421164e-04,9.019607843137255054e-01,3.921568627450980338e-02
9.956184843419855525e-04,8.627450980392157298e-01,0.000000000000000000e+00
9.956204843419289886e-04,8.627450980392157298e-01,-3.921568627450980338e-02
9.956224843418724248e-04,8.627450980392157298e-01,1.176470588235294101e-01
9.956244843418158609e-04,9.411764705882352811e-01,-3.921568627450980338e-02
9.956264843417592970e-04,8.627450980392157298e-01,3.921568627450980338e-02
9.956284843417027332e-04,8.235294117647058432e-01,3.921568627450980338e-02
9.956304843416461693e-04,9.019607843137255054e-01,0.000000000000000000e+00
9.956324843415896055e-04,9.411764705882352811e-01,7.843137254901960675e-02
9.956344843415330416e-04,8.627450980392157298e-01,-3.921568627450980338e-02
9.956364843414764777e-04,8.627450980392157298e-01,7.843137254901960675e-02
9.956384843414199139e-04,9.019607843137255054e-01,0.000000000000000000e+00
9.956404843413633500e-04,9.411764705882352811e-01,-3.921568627450980338e-02
9.956424843413067861e-04,8.627450980392157298e-01,7.843137254901960675e-02
9.956444843412502223e-04,9.019607843137255054e-01,-1.568627450980392135e-01
9.956464843411936584e-04,9.019607843137255054e-01,1.176470588235294101e-01
9.956484843411370945e-04,9.411764705882352811e-01,3.921568627450980338e-02
9.956504843410805307e-04,8.627450980392157298e-01,-3.921568627450980338e-02
9.956524843410239668e-04,9.019607843137255054e-01,7.843137254901960675e-02
9.956544843409674030e-04,9.019607843137255054e-01,0.000000000000000000e+00
9.956564843409108391e-04,9.411764705882352811e-01,3.921568627450980338e-02
9.956584843408542752e-04,8.235294117647058432e-01,0.000000000000000000e+00
9.956604843407977114e-04,9.019607843137255054e-01,0.000000000000000000e+00
9.956624843407411475e-04,9.019607843137255054e-01,7.843137254901960675e-02
9.956644843406845836e-04,9.411764705882352811e-01,-3.921568627450980338e-02
9.956664843406280198e-04,8.627450980392157298e-01,3.921568627450980338e-02
9.956684843405714559e-04,8.627450980392157298e-01,3.921568627450980338e-02
9.956704843405148921e-04,9.019607843137255054e-01,3.921568627450980338e-02
9.956724843404583282e-04,9.411764705882352811e-01,7.843137254901960675e-02
9.956744843404017643e-04,8.627450980392157298e-01,-7.843137254901960675e-02
9.956764843403452005e-04,8.627450980392157298e-01,7.843137254901960675e-02
9.956784843402886366e-04,9.019607843137255054e-01,0.000000000000000000e+00
9.956804843402320727e-04,9.411764705882352811e-01,-3.921568627450980338e-02
9.956824843401755089e-04,8.627450980392157298e-01,7.843137254901960675e-02
9.956844843401189450e-04,8.627450980392157298e-01,-7.843137254901960675e-02
9.956864843400623812e-04,9.019607843137255054e-01,1.568627450980392135e-01
9.956884843400058173e-04,9.019607843137255054e-01,0.000000000000000000e+00
9.956904843399492534e-04,8.235294117647058432e-01,-3.921568627450980338e-02
9.956924843398926896e-04,8.235294117647058432e-01,7.843137254901960675e-02
9.956944843398361257e-04,9.019607843137255054e-01,-3.921568627450980338e-02
9.956964843397795618e-04,9.019607843137255054e-01,3.921568627450980338e-02
9.956984843397229980e-04,8.627450980392157298e-01,0.000000000000000000e+00
9.957004843396664341e-04,9.019607843137255054e-01,0.000000000000000000e+00
9.957024843396098703e-04,9.019607843137255054e-01,1.568627450980392135e-01
9.957044843395533064e-04,9.411764705882352811e-01,-7.843137254901960675e-02
9.957064843394967425e-04,8.235294117647058432e-01,3.921568627450980338e-02
9.957084843394401787e-04,9.019607843137255054e-01,0.000000000000000000e+00
9.957104843393836148e-04,9.019607843137255054e-01,0.000000000000000000e+00
9.957124843393270509e-04,9.411764705882352811e-01,7.843137254901960675e-02
9.957144843392704871e-04,8.627450980392157298e-01,-3.921568627450980338e-02
9.957164843392139232e-04,8.627450980392157298e-01,7.843137254901960675e-02
9.957184843391573593e-04,9.019607843137255054e-01,0.000000000000000000e+00
9.957204843391007955e-04,9.411764705882352811e-01,-3.921568627450980338e-02
9.957224843390442316e-04,8.235294117647058432e-01,7.843137254901960675e-02
9.957244843389876678e-04,8.627450980392157298e-01,-1.960784313725490169e-01
9.957264843389311039e-04,8.627450980392157298e-01,1.176470588235294101e-01
9.957284843388745400e-04,9.411764705882352811e-01,0.000000000000000000e+00
9.957304843388179762e-04,8.627450980392157298e-01,0.000000000000000000e+00
9.957324843387614123e-04,9.019607843137255054e-01,7.843137254901960675e-02
9.957344843387048484e-04,9.019607843137255054e-01,-3.921568627450980338e-02
9.957364843386482846e-04,9.411764705882352811e-01,3.921568627450980338e-02
9.957384843385917207e-04,8.627450980392157298e-01,3.921568627450980338e-02
9.957404843385351569e-04,9.019607843137255054e-01,-1.568627450980392135e-01
9.957424843384785930e-04,9.019607843137255054e-01,7.843137254901960675e-02
9.957444843384220291e-04,9.411764705882352811e-01,0.000000000000000000e+00
9.957464843383654653e-04,8.627450980392157298e-01,3.921568627450980338e-02
9.957484843383089014e-04,9.019607843137255054e-01,3.921568627450980338e-02
9.957504843382523375e-04,9.019607843137255054e-01,3.921568627450980338e-02
9.957524843381957737e-04,9.411764705882352811e-01,3.921568627450980338e-02
9.957544843381392098e-04,8.627450980392157298e-01,-7.843137254901960675e-02
9.957564843380826460e-04,8.627450980392157298e-01,7.843137254901960675e-02
9.957584843380260821e-04,9.019607843137255054e-01,0.000000000000000000e+00
9.957604843379695182e-04,9.411764705882352811e-01,-3.921568627450980338e-02
9.957624843379129544e-04,8.235294117647058432e-01,7.843137254901960675e-02
9.957644843378563905e-04,9.019607843137255054e-01,-1.568627450980392135e-01
9.957664843377998266e-04,9.411764705882352811e-01,7.843137254901960675e-02
9.957684843377432628e-04,9.411764705882352811e-01,3.921568627450980338e-02
9.957704843376866989e-04,8.627450980392157298e-01,-7.843137254901960675e-02
9.957724843376301350e-04,9.019607843137255054e-01,1.176470588235294101e-01
9.957744843375735712e-04,9.411764705882352811e-01,-3.921568627450980338e-02
9.957764843375170073e-04,9.019607843137255054e-01,0.000000000000000000e+00
9.957784843374604435e-04,8.627450980392157298e-01,3.921568627450980338e-02
9.957804843374038796e-04,8.627450980392157298e-01,-1.568627450980392135e-01
9.957824843373473157e-04,9.019607843137255054e-01,1.176470588235294101e-01
9.957844843372907519e-04,9.411764705882352811e-01,-3.921568627450980338e-02
9.957864843372341880e-04,8.627450980392157298e-01,3.921568627450980338e-02
9.957884843371776241e-04,9.019607843137255054e-01,3.921568627450980338e-02
9.957904843371210603e-04,9.019607843137255054e-01,0.000000000000000000e+00
9.957924843370644964e-04,9.411764705882352811e-01,3.921568627450980338e-02
9.957944843370079326e-04,8.627450980392157298e-01,-7.843137254901960675e-02
9.957964843369513687e-04,9.019607843137255054e-01,0.000000000000000000e+00
9.957984843368948048e-04,9.019607843137255054e-01,0.000000000000000000e+00
9.958004843368382410e-04,9.411764705882352811e-01,-3.921568627450980338e-02
9.958024843367816771e-04,8.235294117647058432e-01,7.843137254901960675e-02
9.958044843367251132e-04,9.019607843137255054e-01,-1.568627450980392135e-01
9.958064843366685494e-04,8.627450980392157298e-01,1.176470588235294101e-01
9.958084843366119855e-04,9.019607843137255054e-01,0.000000000000000000e+00
9.958104843365554217e-04,8.627450980392157298e-01,0.000000000000000000e+00
9.958124843364988578e-04,8.235294117647058432e-01,7.843137254901960675e-02
9.958144843364422939e-04,9.019607843137255054e-01,-3.921568627450980338e-02
9.958164843363857301e-04,9.019607843137255054e-01,7.843137254901960675e-02
9.958184843363291662e-04,8.627450980392157298e-01,3.921568627450980338e-02
9.958204843362726023e-04,9.019607843137255054e-01,-7.843137254901960675e-02
9.958224843362160385e-04,9.019607843137255054e-01,1.176470588235294101e-01
9.958244843361594746e-04,9.411764705882352811e-01,-3.921568627450980338e-02
9.958264843361029107e-04,8.627450980392157298e-01,3.921568627450980338e-02
9.958284843360463469e-04,9.019607843137255054e-01,0.000000000000000000e+00
9.958304843359897830e-04,9.019607843137255054e-01,0.000000000000000000e+00
9.958324843359332192e-04,9.019607843137255054e-01,3.921568627450980338e-02
9.958344843358766553e-04,8.627450980392157298e-01,-7.843137254901960675e-02
9.958364843358200914e-04,8.235294117647058432e-01,3.921568627450980338e-02
9.958384843357635276e-04,9.019607843137255054e-01,0.000000000000000000e+00
9.958404843357069637e-04,9.411764705882352811e-01,-3.921568627450980338e-02
9.958424843356503998e-04,8.235294117647058432e-01,7.843137254901960675e-02
9.958444843355938360e-04,9.019607843137255054e-01,-1.568627450980392135e-01
9.958464843355372721e-04,9.019607843137255054e-01,7.843137254901960675e-02
9.958484843354807083e-04,9.411764705882352811e-01,3.921568627450980338e-02
9.958504843354241444e-04,8.627450980392157298e-01,-7.843137254901960675e-02
9.958524843353675805e-04,9.019607843137255054e-01,7.843137254901960675e-02
9.958544843353110167e-04,9.411764705882352811e-01,-3.921568627450980338e-02
9.958564843352544528e-04,9.411764705882352811e-01,3.921568627450980338e-02
9.958584843351978889e-04,8.627450980392157298e-01,3.921568627450980338e-02
9.958604843351413251e-04,9.019607843137255054e-01,0.000000000000000000e+00
9.958624843350847612e-04,9.019607843137255054e-01,1.176470588235294101e-01
9.958644843350281974e-04,9.411764705882352811e-01,-7.843137254901960675e-02
9.958664843349716335e-04,8.627450980392157298e-01,0.000000000000000000e+00
9.958684843349150696e-04,8.627450980392157298e-01,0.000000000000000000e+00
9.958704843348585058e-04,9.411764705882352811e-01,0.000000000000000000e+00
9.958724843348019419e-04,9.019607843137255054e-01,3.921568627450980338e-02
9.958744843347453780e-04,8.235294117647058432e-01,-3.921568627450980338e-02
9.958764843346888142e-04,8.627450980392157298e-01,3.921568627450980338e-02
9.958784843346322503e-04,9.019607843137255054e-01,0.000000000000000000e+00
9.958804843345756865e-04,9.411764705882352811e-01,-3.921568627450980338e-02
9.958824843345191226e-04,8.627450980392157298e-01,7.843137254901960675e-02
9.958844843344625587e-04,9.019607843137255054e-01,-1.568627450980392135e-01
9.958864843344059949e-04,9.019607843137255054e-01,1.176470588235294101e-01
9.958884843343494310e-04,9.411764705882352811e-01,3.921568627450980338e-02
9.958904843342928671e-04,8.235294117647058432e-01,-3.921568627450980338e-02
9.958924843342363033e-04,8.627450980392157298e-01,7.843137254901960675e-02
9.958944843341797394e-04,9.411764705882352811e-01,-3.921568627450980338e-02
9.958964843341231755e-04,9.411764705882352811e-01,3.921568627450980338e-02
9.958984843340666117e-04,8.627450980392157298e-01,3.921568627450980338e-02
9.959004843340100478e-04,9.019607843137255054e-01,-1.568627450980392135e-01
9.959024843339534840e-04,9.411764705882352811e-01,1.176470588235294101e-01
9.959044843338969201e-04,9.411764705882352811e-01,-7.843137254901960675e-02
9.959064843338403562e-04,8.235294117647058432e-01,0.000000000000000000e+00
9.959084843337837924e-04,9.019607843137255054e-01,3.921568627450980338e-02
9.959104843337272285e-04,9.019607843137255054e-01,0.000000000000000000e+00
9.959124843336706646e-04,9.411764705882352811e-01,3.921568627450980338e-02
9.959144843336141008e-04,8.627450980392157298e-01,-7.843137254901960675e-02
9.959164843335575369e-04,9.019607843137255054e-01,3.921568627450980338e-02
9.959184843335009731e-04,9.019607843137255054e-01,3.921568627450980338e-02
9.959204843334444092e-04,9.411764705882352811e-01,-3.921568627450980338e-02
9.959224843333878453e-04,8.627450980392157298e-01,7.843137254901960675e-02
9.959244843333312815e-04,8.627450980392157298e-01,-3.921568627450980338e-02
9.959264843332747176e-04,8.627450980392157298e-01,1.176470588235294101e-01
9.959284843332181537e-04,9.411764705882352811e-01,0.000000000000000000e+00
9.959304843331615899e-04,8.235294117647058432e-01,-7.843137254901960675e-02
9.959324843331050260e-04,8.627450980392157298e-01,7.843137254901960675e-02
9.959344843330484622e-04,9.019607843137255054e-01,-3.921568627450980338e-02
9.959364843329918983e-04,9.411764705882352811e-01,0.000000000000000000e+00
9.959384843329353344e-04,8.627450980392157298e-01,0.000000000000000000e+00
9.959404843328787706e-04,8.627450980392157298e-01,-3.921568627450980338e-02
9.959424843328222067e-04,9.019607843137255054e-01,1.176470588235294101e-01
9.959444843327656428e-04,9.411764705882352811e-01,0.000000000000000000e+00
9.959464843327090790e-04,8.235294117647058432e-01,3.921568627450980338e-02
9.959484843326525151e-04,8.627450980392157298e-01,3.921568627450980338e-02
9.959504843325959512e-04,9.019607843137255054e-01,3.921568627450980338e-02
9.959524843325393874e-04,9.019607843137255054e-01,7.843137254901960675e-02
9.959544843324828235e-04,8.627450980392157298e-01,-7.843137254901960675e-02
9.959564843324262597e-04,9.019607843137255054e-01,3.921568627450980338e-02
9.959584843323696958e-04,9.019607843137255054e-01,0.000000000000000000e+00
9.959604843323131319e-04,9.411764705882352811e-01,-3.921568627450980338e-02
9.959624843322565681e-04,8.627450980392157298e-01,7.843137254901960675e-02
9.959644843322000042e-04,9.019607843137255054e-01,-1.568627450980392135e-01
9.959664843321434403e-04,8.627450980392157298e-01,1.176470588235294101e-01
9.959684843320868765e-04,9.411764705882352811e-01,0.000000000000000000e+00
9.959704843320303126e-04,8.627450980392157298e-01,-3.921568627450980338e-02
9.959724843319737488e-04,9.019607843137255054e-01,3.921568627450980338e-02
9.959744843319171849e-04,9.019607843137255054e-01,-3.921568627450980338e-02
9.959764843318606210e-04,9.411764705882352811e-01,3.921568627450980338e-02
9.959784843318040572e-04,8.627450980392157298e-01,0.000000000000000000e+00
9.959804843317474933e-04,8.235294117647058432e-01,-7.843137254901960675e-02
9.959824843316909294e-04,8.627450980392157298e-01,7.843137254901960675e-02
9.959844843316343656e-04,9.411764705882352811e-01,-7.843137254901960675e-02
9.959864843315778017e-04,8.235294117647058432e-01,0.000000000000000000e+00
9.959884843315212379e-04,9.019607843137255054e-01,3.921568627450980338e-02
9.959904843314646740e-04,9.019607843137255054e-01,7.843137254901960675e-02
9.959924843314081101e-04,9.411764705882352811e-01,7.843137254901960675e-02
9.959944843313515463e-04,8.627450980392157298e-01,-3.921568627450980338e-02
9.959964843312949824e-04,8.627450980392157298e-01,7.843137254901960675e-02
9.959984843312384185e-04,9.019607843137255054e-01,0.000000000000000000e+00
9.960004843311818547e-04,9.019607843137255054e-01,0.000000000000000000e+00
9.960024843311252908e-04,8.235294117647058432e-01,7.843137254901960675e-02
9.960044843310687269e-04,9.019607843137255054e-01,-1.568627450980392135e-01
9.960064843310121631e-04,9.019607843137255054e-01,1.176470588235294101e-01
9.960084843309555992e-04,9.411764705882352811e-01,0.000000000000000000e+00
9.960104843308990354e-04,8.627450980392157298e-01,0.000000000000000000e+00
9.960124843308424715e-04,8.235294117647058432e-01,7.843137254901960675e-02
9.960144843307859076e-04,9.019607843137255054e-01,0.000000000000000000e+00
9.960164843307293438e-04,9.411764705882352811e-01,3.921568627450980338e-02
9.960184843306727799e-04,8.627450980392157298e-01,0.000000000000000000e+00
9.960204843306162160e-04,9.019607843137255054e-01,-3.921568627450980338e-02
9.960224843305596522e-04,9.019607843137255054e-01,1.176470588235294101e-01
9.960244843305030883e-04,9.411764705882352811e-01,-7.843137254901960675e-02
9.960264843304465245e-04,8.627450980392157298e-01,0.000000000000000000e+00
9.960284843303899606e-04,8.627450980392157298e-01,0.000000000000000000e+00
9.960304843303333967e-04,9.019607843137255054e-01,3.921568627450980338e-02
9.960324843302768329e-04,9.411764705882352811e-01,7.843137254901960675e-02
9.960344843302202690e-04,8.627450980392157298e-01,-7.843137254901960675e-02
9.960364843301637051e-04,8.627450980392157298e-01,7.843137254901960675e-02
9.960384843301071413e-04,9.019607843137255054e-01,0.000000000000000000e+00
9.960404843300505774e-04,9.411764705882352811e-01,-3.921568627450980338e-02
9.960424843299940136e-04,8.627450980392157298e-01,7.843137254901960675e-02
9.960444843299374497e-04,9.019607843137255054e-01,-1.568627450980392135e-01
9.960464843298808858e-04,8.627450980392157298e-01,7.843137254901960675e-02
9.960484843298243220e-04,9.411764705882352811e-01,7.843137254901960675e-02
9.960504843297677581e-04,8.627450980392157298e-01,-3.921568627450980338e-02
9.960524843297111942e-04,9.019607843137255054e-01,1.176470588235294101e-01
9.960544843296546304e-04,9.411764705882352811e-01,-3.921568627450980338e-02
9.960564843295980665e-04,9.411764705882352811e-01,3.921568627450980338e-02
9.960584843295415026e-04,8.627450980392157298e-01,0.000000000000000000e+00
9.960604843294849388e-04,9.019607843137255054e-01,-1.568627450980392135e-01
9.960624843294283749e-04,9.019607843137255054e-01,1.176470588235294101e-01
9.960644843293718111e-04,9.411764705882352811e-01,-3.921568627450980338e-02
9.960664843293152472e-04,8.235294117647058432e-01,3.921568627450980338e-02
9.960684843292586833e-04,9.019607843137255054e-01,3.921568627450980338e-02
9.960704843292021195e-04,9.019607843137255054e-01,3.921568627450980338e-02
9.960724843291455556e-04,9.411764705882352811e-01,7.843137254901960675e-02
9.960744843290889917e-04,8.627450980392157298e-01,-7.843137254901960675e-02
9.960764843290324279e-04,8.235294117647058432e-01,7.843137254901960675e-02
9.960784843289758640e-04,8.627450980392157298e-01,0.000000000000000000e+00
9.960804843289193002e-04,9.411764705882352811e-01,-3.921568627450980338e-02
9.960824843288627363e-04,8.235294117647058432e-01,7.843137254901960675e-02
9.960844843288061724e-04,8.627450980392157298e-01,-7.843137254901960675e-02
9.960864843287496086e-04,9.019607843137255054e-01,1.176470588235294101e-01
9.960884843286930447e-04,9.411764705882352811e-01,0.000000000000000000e+00
9.960904843286364808e-04,8.235294117647058432e-01,-3.921568627450980338e-02
9.960924843285799170e-04,8.627450980392157298e-01,7.843137254901960675e-02
9.960944843285233531e-04,9.411764705882352811e-01,0.000000000000000000e+00
9.960964843284667893e-04,9.411764705882352811e-01,3.921568627450980338e-02
9.960984843284102254e-04,8.627450980392157298e-01,3.921568627450980338e-02
9.961004843283536615e-04,9.019607843137255054e-01,-7.843137254901960675e-02
9.961024843282970977e-04,9.019607843137255054e-01,7.843137254901960675e-02
9.961044843282405338e-04,9.411764705882352811e-01,-7.843137254901960675e-02
9.961064843281839699e-04,8.235294117647058432e-01,3.921568627450980338e-02
9.961084843281274061e-04,9.019607843137255054e-01,3.921568627450980338e-02
9.961104843280708422e-04,9.019607843137255054e-01,0.000000000000000000e+00
9.961124843280142784e-04,9.019607843137255054e-01,3.921568627450980338e-02
9.961144843279577145e-04,8.627450980392157298e-01,-7.843137254901960675e-02
9.961164843279011506e-04,9.019607843137255054e-01,7.843137254901960675e-02
9.961184843278445868e-04,9.019607843137255054e-01,0.000000000000000000e+00
9.961204843277880229e-04,9.411764705882352811e-01,-3.921568627450980338e-02
9.961224843277314590e-04,8.235294117647058432e-01,7.843137254901960675e-02
9.961244843276748952e-04,8.627450980392157298e-01,-7.843137254901960675e-02
9.961264843276183313e-04,9.019607843137255054e-01,1.176470588235294101e-01
9.961284843275617674e-04,9.411764705882352811e-01,0.000000000000000000e+00
9.961304843275052036e-04,8.235294117647058432e-01,-3.921568627450980338e-02
9.961324843274486397e-04,9.019607843137255054e-01,7.843137254901960675e-02
9.961344843273920759e-04,9.019607843137255054e-01,0.000000000000000000e+00
9.961364843273355120e-04,9.411764705882352811e-01,3.921568627450980338e-02
9.961384843272789481e-04,8.627450980392157298e-01,0.000000000000000000e+00
9.961404843272223843e-04,9.019607843137255054e-01,-1.568627450980392135e-01
9.961424843271658204e-04,9.019607843137255054e-01,1.176470588235294101e-01
9.961444843271092565e-04,9.411764705882352811e-01,-3.921568627450980338e-02
9.961464843270526927e-04,8.235294117647058432e-01,3.921568627450980338e-02
9.961484843269961288e-04,8.627450980392157298e-01,3.921568627450980338e-02
9.961504843269395650e-04,9.019607843137255054e-01,7.843137254901960675e-02
9.961524843268830011e-04,9.411764705882352811e-01,3.921568627450980338e-02
9.961544843268264372e-04,8.627450980392157298e-01,-3.921568627450980338e-02
9.961564843267698734e-04,8.627450980392157298e-01,3.921568627450980338e-02
9.961584843267133095e-04,9.019607843137255054e-01,0.000000000000000000e+00
9.961604843266567456e-04,9.411764705882352811e-01,-3.921568627450980338e-02
9.961624843266001818e-04,8.235294117647058432e-01,7.843137254901960675e-02
9.961644843265436179e-04,8.627450980392157298e-01,-7.843137254901960675e-02
9.961664843264870541e-04,8.627450980392157298e-01,1.176470588235294101e-01
9.961684843264304902e-04,9.411764705882352811e-01,0.000000000000000000e+00
9.961704843263739263e-04,8.627450980392157298e-01,-3.921568627450980338e-02
9.961724843263173625e-04,8.627450980392157298e-01,7.843137254901960675e-02
9.961744843262607986e-04,9.019607843137255054e-01,0.000000000000000000e+00
9.961764843262042347e-04,9.411764705882352811e-01,3.921568627450980338e-02
9.961784843261476709e-04,8.627450980392157298e-01,3.921568627450980338e-02
9.961804843260911070e-04,8.627450980392157298e-01,-3.921568627450980338e-02
9.961824843260345431e-04,8.627450980392157298e-01,7.843137254901960675e-02
9.961844843259779793e-04,9.411764705882352811e-01,-3.921568627450980338e-02
9.961864843259214154e-04,8.627450980392157298e-01,3.921568627450980338e-02
9.961884843258648516e-04,8.627450980392157298e-01,3.921568627450980338e-02
9.961904843258082877e-04,9.019607843137255054e-01,3.921568627450980338e-02
9.961924843257517238e-04,9.411764705882352811e-01,3.921568627450980338e-02
9.961944843256951600e-04,8.627450980392157298e-01,-3.921568627450980338e-02
9.961964843256385961e-04,8.235294117647058432e-01,3.921568627450980338e-02
9.961984843255820322e-04,9.019607843137255054e-01,0.000000000000000000e+00
9.962004843255254684e-04,9.411764705882352811e-01,-3.921568627450980338e-02
9.962024843254689045e-04,8.627450980392157298e-01,1.176470588235294101e-01
9.962044843254123407e-04,8.627450980392157298e-01,-1.568627450980392135e-01
9.962064843253557768e-04,9.019607843137255054e-01,1.176470588235294101e-01
9.962084843252992129e-04,9.411764705882352811e-01,0.000000000000000000e+00
9.962104843252426491e-04,8.627450980392157298e-01,-3.921568627450980338e-02
9.962124843251860852e-04,8.627450980392157298e-01,7.843137254901960675e-02
9.962144843251295213e-04,9.019607843137255054e-01,-3.921568627450980338e-02
9.962164843250729575e-04,9.411764705882352811e-01,3.921568627450980338e-02
9.962184843250163936e-04,8.627450980392157298e-01,3.921568627450980338e-02
9.962204843249598298e-04,9.019607843137255054e-01,-3.921568627450980338e-02
9.962224843249032659e-04,9.019607843137255054e-01,1.176470588235294101e-01
9.962244843248467020e-04,9.411764705882352811e-01,-3.921568627450980338e-02
9.962264843247901382e-04,8.235294117647058432e-01,0.000000000000000000e+00
9.962284843247335743e-04,8.627450980392157298e-01,3.921568627450980338e-02
9.962304843246770104e-04,9.019607843137255054e-01,0.000000000000000000e+00
9.962324843246204466e-04,9.019607843137255054e-01,3.921568627450980338e-02
9.962344843245638827e-04,8.627450980392157298e-01,-7.843137254901960675e-02
9.962364843245073188e-04,9.019607843137255054e-01,3.921568627450980338e-02
9.962384843244507550e-04,9.019607843137255054e-01,0.000000000000000000e+00
9.962404843243941911e-04,9.411764705882352811e-01,-7.843137254901960675e-02
9.962424843243376273e-04,8.235294117647058432e-01,7.843137254901960675e-02
9.962444843242810634e-04,9.019607843137255054e-01,-1.568627450980392135e-01
9.962464843242244995e-04,9.019607843137255054e-01,1.176470588235294101e-01
9.962484843241679357e-04,9.019607843137255054e-01,0.000000000000000000e+00
9.962504843241113718e-04,8.627450980392157298e-01,-3.921568627450980338e-02
9.962524843240548079e-04,8.627450980392157298e-01,7.843137254901960675e-02
9.962544843239982441e-04,9.019607843137255054e-01,-3.921568627450980338e-02
9.962564843239416802e-04,9.411764705882352811e-01,0.000000000000000000e+00
9.962584843238851164e-04,9.019607843137255054e-01,3.921568627450980338e-02
9.962604843238285525e-04,9.019607843137255054e-01,0.000000000000000000e+00
9.962624843237719886e-04,8.627450980392157298e-01,7.843137254901960675e-02
9.962644843237154248e-04,9.411764705882352811e-01,-7.843137254901960675e-02
9.962664843236588609e-04,8.235294117647058432e-01,3.921568627450980338e-02
9.962684843236022970e-04,9.019607843137255054e-01,3.921568627450980338e-02
9.962704843235457332e-04,9.019607843137255054e-01,0.000000000000000000e+00
9.962724843234891693e-04,9.411764705882352811e-01,7.843137254901960675e-02
9.962744843234326055e-04,8.627450980392157298e-01,-3.921568627450980338e-02
9.962764843233760416e-04,9.019607843137255054e-01,3.921568627450980338e-02
9.962784843233194777e-04,9.019607843137255054e-01,0.000000000000000000e+00
9.962804843232629139e-04,9.411764705882352811e-01,0.000000000000000000e+00
9.962824843232063500e-04,8.627450980392157298e-01,7.843137254901960675e-02
9.962844843231497861e-04,8.627450980392157298e-01,-1.568627450980392135e-01
9.962864843230932223e-04,9.411764705882352811e-01,1.176470588235294101e-01
9.962884843230366584e-04,9.411764705882352811e-01,0.000000000000000000e+00
9.962904843229800946e-04,8.627450980392157298e-01,-7.843137254901960675e-02
9.962924843229235307e-04,8.235294117647058432e-01,7.843137254901960675e-02
9.962944843228669668e-04,9.019607843137255054e-01,-3.921568627450980338e-02
9.962964843228104030e-04,9.019607843137255054e-01,3.921568627450980338e-02
9.962984843227538391e-04,8.627450980392157298e-01,3.921568627450980338e-02
9.963004843226972752e-04,8.627450980392157298e-01,0.000000000000000000e+00
9.963024843226407114e-04,8.627450980392157298e-01,1.176470588235294101e-01
9.963044843225841475e-04,9.411764705882352811e-01,-7.843137254901960675e-02
9.963064843225275836e-04,8.627450980392157298e-01,0.000000000000000000e+00
9.963084843224710198e-04,9.019607843137255054e-01,3.921568627450980338e-02
9.963104843224144559e-04,9.019607843137255054e-01,0.000000000000000000e+00
9.963124843223578921e-04,9.019607843137255054e-01,7.843137254901960675e-02
9.963144843223013282e-04,8.235294117647058432e-01,-3.921568627450980338e-02
9.963164843222447643e-04,9.019607843137255054e-01,7.843137254901960675e-02
9.963184843221882005e-04,9.019607843137255054e-01,0.000000000000000000e+00
9.963204843221316366e-04,9.411764705882352811e-01,-3.921568627450980338e-02
9.963224843220750727e-04,8.235294117647058432e-01,7.843137254901960675e-02
9.963244843220185089e-04,9.019607843137255054e-01,-1.568627450980392135e-01
9.963264843219619450e-04,9.019607843137255054e-01,1.176470588235294101e-01
9.963284843219053812e-04,9.019607843137255054e-01,3.921568627450980338e-02
9.963304843218488173e-04,8.627450980392157298e-01,-3.921568627450980338e-02
9.963324843217922534e-04,8.235294117647058432e-01,7.843137254901960675e-02
9.963344843217356896e-04,9.411764705882352811e-01,-3.921568627450980338e-02
9.963364843216791257e-04,9.411764705882352811e-01,0.000000000000000000e+00
9.963384843216225618e-04,8.627450980392157298e-01,0.000000000000000000e+00
9.963404843215659980e-04,9.019607843137255054e-01,-7.843137254901960675e-02
9.963424843215094341e-04,9.019607843137255054e-01,7.843137254901960675e-02
9.963444843214528703e-04,9.411764705882352811e-01,-3.921568627450980338e-02
9.963464843213963064e-04,8.627450980392157298e-01,0.000000000000000000e+00
9.963484843213397425e-04,9.019607843137255054e-01,0.000000000000000000e+00
9.963504843212831787e-04,9.019607843137255054e-01,0.000000000000000000e+00
9.963524843212266148e-04,9.411764705882352811e-01,7.843137254901960675e-02
9.963544843211700509e-04,8.627450980392157298e-01,-7.843137254901960675e-02
9.963564843211134871e-04,8.627450980392157298e-01,7.843137254901960675e-02
9.963584843210569232e-04,9.019607843137255054e-01,0.000000000000000000e+00
9.963604843210003593e-04,9.411764705882352811e-01,-3.921568627450980338e-02
9.963624843209437955e-04,8.235294117647058432e-01,7.843137254901960675e-02
9.963644843208872316e-04,9.019607843137255054e-01,0.000000000000000000e+00
9.963664843208306678e-04,8.627450980392157298e-01,1.176470588235294101e-01
9.963684843207741039e-04,9.411764705882352811e-01,0.000000000000000000e+00
9.963704843207175400e-04,8.627450980392157298e-01,-3.921568627450980338e-02
9.963724843206609762e-04,9.019607843137255054e-01,7.843137254901960675e-02
9.963744843206044123e-04,9.411764705882352811e-01,0.000000000000000000e+00
9.963764843205478484e-04,9.411764705882352811e-01,3.921568627450980338e-02
9.963784843204912846e-04,8.235294117647058432e-01,0.000000000000000000e+00
9.963804843204347207e-04,8.627450980392157298e-01,-1.568627450980392135e-01
9.963824843203781569e-04,9.019607843137255054e-01,7.843137254901960675e-02
9.963844843203215930e-04,9.411764705882352811e-01,-7.843137254901960675e-02
9.963864843202650291e-04,8.627450980392157298e-01,0.000000000000000000e+00
9.963884843202084653e-04,8.627450980392157298e-01,0.000000000000000000e+00
9.963904843201519014e-04,9.019607843137255054e-01,3.921568627450980338e-02
9.963924843200953375e-04,9.411764705882352811e-01,7.843137254901960675e-02
9.963944843200387737e-04,9.019607843137255054e-01,-7.843137254901960675e-02
9.963964843199822098e-04,9.019607843137255054e-01,3.921568627450980338e-02
9.963984843199256460e-04,9.411764705882352811e-01,0.000000000000000000e+00
9.964004843198690821e-04,9.411764705882352811e-01,-3.921568627450980338e-02
9.964024843198125182e-04,8.235294117647058432e-01,7.843137254901960675e-02
9.964044843197559544e-04,9.019607843137255054e-01,-1.568627450980392135e-01
9.964064843196993905e-04,9.019607843137255054e-01,1.568627450980392135e-01
9.964084843196428266e-04,9.411764705882352811e-01,0.000000000000000000e+00
9.964104843195862628e-04,8.627450980392157298e-01,0.000000000000000000e+00
9.964124843195296989e-04,9.019607843137255054e-01,7.843137254901960675e-02
9.964144843194731350e-04,8.627450980392157298e-01,-3.921568627450980338e-02
9.964164843194165712e-04,9.411764705882352811e-01,3.921568627450980338e-02
9.964184843193600073e-04,8.235294117647058432e-01,0.000000000000000000e+00
9.964204843193034435e-04,9.019607843137255054e-01,-1.568627450980392135e-01
9.964224843192468796e-04,8.627450980392157298e-01,1.176470588235294101e-01
9.964244843191903157e-04,9.411764705882352811e-01,-7.843137254901960675e-02
9.964264843191337519e-04,8.627450980392157298e-01,0.000000000000000000e+00
9.964284843190771880e-04,9.019607843137255054e-01,0.000000000000000000e+00
9.964304843190206241e-04,9.411764705882352811e-01,3.921568627450980338e-02
9.964324843189640603e-04,9.411764705882352811e-01,7.843137254901960675e-02
9.964344843189074964e-04,8.235294117647058432e-01,-7.843137254901960675e-02
9.964364843188509326e-04,8.235294117647058432e-01,7.843137254901960675e-02
9.964384843187943687e-04,9.019607843137255054e-01,0.000000000000000000e+00
9.964404843187378048e-04,9.411764705882352811e-01,-3.921568627450980338e-02
9.964424843186812410e-04,8.235294117647058432e-01,7.843137254901960675e-02
9.964444843186246771e-04,8.627450980392157298e-01,-1.568627450980392135e-01
9.964464843185681132e-04,9.019607843137255054e-01,7.843137254901960675e-02
9.964484843185115494e-04,9.411764705882352811e-01,3.921568627450980338e-02
9.964504843184549855e-04,8.627450980392157298e-01,-3.921568627450980338e-02
9.964524843183984217e-04,8.627450980392157298e-01,7.843137254901960675e-02
9.964544843183418578e-04,9.411764705882352811e-01,-3.921568627450980338e-02
9.964564843182852939e-04,9.411764705882352811e-01,0.000000000000000000e+00
9.964584843182287301e-04,8.627450980392157298e-01,0.000000000000000000e+00
9.964604843181721662e-04,9.019607843137255054e-01,0.000000000000000000e+00
9.964624843181156023e-04,9.019607843137255054e-01,1.176470588235294101e-01
9.964644843180590385e-04,9.411764705882352811e-01,-3.921568627450980338e-02
9.964664843180024746e-04,8.627450980392157298e-01,0.000000000000000000e+00
9.964684843179459107e-04,8.627450980392157298e-01,0.000000000000000000e+00
9.964704843178893469e-04,9.019607843137255054e-01,0.000000000000000000e+00
9.964724843178327830e-04,9.411764705882352811e-01,7.843137254901960675e-02
9.964744843177762192e-04,8.627450980392157298e-01,-7.843137254901960675e-02
9.964764843177196553e-04,8.627450980392157298e-01,3.921568627450980338e-02
9.964784843176630914e-04,9.019607843137255054e-01,0.000000000000000000e+00
9.964804843176065276e-04,9.411764705882352811e-01,-7.843137254901960675e-02
9.964824843175499637e-04,8.235294117647058432e-01,1.568627450980392135e-01
9.964844843174933998e-04,8.627450980392157298e-01,-1.568627450980392135e-01
9.964864843174368360e-04,9.019607843137255054e-01,1.568627450980392135e-01
9.964884843173802721e-04,9.411764705882352811e-01,0.000000000000000000e+00
9.964904843173237083e-04,8.627450980392157298e-01,-3.921568627450980338e-02
9.964924843172671444e-04,9.019607843137255054e-01,3.921568627450980338e-02
9.964944843172105805e-04,9.411764705882352811e-01,0.000000000000000000e+00
9.964964843171540167e-04,9.411764705882352811e-01,7.843137254901960675e-02
9.964984843170974528e-04,8.235294117647058432e-01,0.000000000000000000e+00
9.965004843170408889e-04,9.019607843137255054e-01,-1.568627450980392135e-01
9.965024843169843251e-04,9.411764705882352811e-01,7.843137254901960675e-02
9.965044843169277612e-04,9.411764705882352811e-01,-3.921568627450980338e-02
9.965064843168711974e-04,8.627450980392157298e-01,0.000000000000000000e+00
9.965084843168146335e-04,9.019607843137255054e-01,3.921568627450980338e-02
9.965104843167580696e-04,8.627450980392157298e-01,0.000000000000000000e+00
9.965124843167015058e-04,9.411764705882352811e-01,7.843137254901960675e-02
9.965144843166449419e-04,9.019607843137255054e-01,-3.921568627450980338e-02
9.965164843165883780e-04,9.019607843137255054e-01,7.843137254901960675e-02
9.965184843165318142e-04,9.019607843137255054e-01,0.000000000000000000e+00
9.965204843164752503e-04,9.411764705882352811e-01,-3.921568627450980338e-02
9.965224843164186865e-04,8.235294117647058432e-01,7.843137254901960675e-02
9.965244843163621226e-04,9.019607843137255054e-01,-1.568627450980392135e-01
9.965264843163055587e-04,9.019607843137255054e-01,1.568627450980392135e-01
9.965284843162489949e-04,9.411764705882352811e-01,0.000000000000000000e+00
9.965304843161924310e-04,8.235294117647058432e-01,-7.843137254901960675e-02
9.965324843161358671e-04,8.627450980392157298e-01,7.843137254901960675e-02
9.965344843160793033e-04,9.019607843137255054e-01,0.000000000000000000e+00
9.965364843160227394e-04,9.411764705882352811e-01,3.921568627450980338e-02
9.965384843159661755e-04,8.627450980392157298e-01,0.000000000000000000e+00
9.965404843159096117e-04,9.019607843137255054e-01,0.000000000000000000e+00
9.965424843158530478e-04,9.019607843137255054e-01,1.176470588235294101e-01
9.965444843157964840e-04,9.411764705882352811e-01,-7.843137254901960675e-02
9.965464843157399201e-04,8.235294117647058432e-01,3.921568627450980338e-02
9.965484843156833562e-04,9.019607843137255054e-01,3.921568627450980338e-02
9.965504843156267924e-04,9.019607843137255054e-01,0.000000000000000000e+00
9.965524843155702285e-04,9.411764705882352811e-01,7.843137254901960675e-02
9.965544843155136646e-04,8.627450980392157298e-01,-7.843137254901960675e-02
9.965564843154571008e-04,9.019607843137255054e-01,3.921568627450980338e-02
9.965584843154005369e-04,8.627450980392157298e-01,0.000000000000000000e+00
9.965604843153439731e-04,9.411764705882352811e-01,-7.843137254901960675e-02
9.965624843152874092e-04,8.627450980392157298e-01,7.843137254901960675e-02
9.965644843152308453e-04,9.019607843137255054e-01,-7.843137254901960675e-02
9.965664843151742815e-04,9.019607843137255054e-01,1.176470588235294101e-01
9.965684843151177176e-04,9.411764705882352811e-01,0.000000000000000000e+00
9.965704843150611537e-04,8.235294117647058432e-01,-7.843137254901960675e-02
9.965724843150045899e-04,8.627450980392157298e-01,7.843137254901960675e-02
9.965744843149480260e-04,9.019607843137255054e-01,3.921568627450980338e-02
9.965764843148914622e-04,9.411764705882352811e-01,3.921568627450980338e-02
9.965784843148348983e-04,8.627450980392157298e-01,0.000000000000000000e+00
9.965804843147783344e-04,8.627450980392157298e-01,-1.568627450980392135e-01
9.965824843147217706e-04,9.019607843137255054e-01,7.843137254901960675e-02
9.965844843146652067e-04,9.411764705882352811e-01,-7.843137254901960675e-02
9.965864843146086428e-04,8.235294117647058432e-01,0.000000000000000000e+00
9.965884843145520790e-04,8.627450980392157298e-01,0.000000000000000000e+00
9.965904843144955151e-04,9.019607843137255054e-01,3.921568627450980338e-02
9.965924843144389512e-04,9.411764705882352811e-01,7.843137254901960675e-02
9.965944843143823874e-04,8.627450980392157298e-01,-3.921568627450980338e-02
9.965964843143258235e-04,9.019607843137255054e-01,7.843137254901960675e-02
9.965984843142692597e-04,9.411764705882352811e-01,0.000000000000000000e+00
9.966004843142126958e-04,9.411764705882352811e-01,0.000000000000000000e+00
9.966024843141561319e-04,8.627450980392157298e-01,7.843137254901960675e-02
9.966044843140995681e-04,9.019607843137255054e-01,-1.568627450980392135e-01
9.966064843140430042e-04,9.411764705882352811e-01,1.176470588235294101e-01
9.966084843139864403e-04,9.411764705882352811e-01,0.000000000000000000e+00
9.966104843139298765e-04,8.627450980392157298e-01,-3.921568627450980338e-02
9.966124843138733126e-04,8.627450980392157298e-01,7.843137254901960675e-02
9.966144843138167488e-04,9.411764705882352811e-01,0.000000000000000000e+00
9.966164843137601849e-04,9.411764705882352811e-01,0.000000000000000000e+00
9.966184843137036210e-04,8.627450980392157298e-01,3.921568627450980338e-02
9.966204843136470572e-04,9.019607843137255054e-01,-3.921568627450980338e-02
9.966224843135904933e-04,9.019607843137255054e-01,7.843137254901960675e-02
9.966244843135339294e-04,9.411764705882352811e-01,-7.843137254901960675e-02
9.966264843134773656e-04,8.627450980392157298e-01,3.921568627450980338e-02
9.966284843134208017e-04,9.019607843137255054e-01,0.000000000000000000e+00
9.966304843133642379e-04,9.019607843137255054e-01,3.921568627450980338e-02
9.966324843133076740e-04,9.411764705882352811e-01,3.921568627450980338e-02
9.966344843132511101e-04,8.627450980392157298e-01,-3.921568627450980338e-02
9.966364843131945463e-04,9.019607843137255054e-01,7.843137254901960675e-02
9.966384843131379824e-04,9.019607843137255054e-01,0.000000000000000000e+00
9.966404843130814185e-04,9.411764705882352811e-01,-3.921568627450980338e-02
9.966424843130248547e-04,8.627450980392157298e-01,1.176470588235294101e-01
9.966444843129682908e-04,9.019607843137255054e-01,0.000000000000000000e+00
9.966464843129117269e-04,8.627450980392157298e-01,1.568627450980392135e-01
9.966484843128551631e-04,9.411764705882352811e-01,0.000000000000000000e+00
9.966504843127985992e-04,8.627450980392157298e-01,0.000000000000000000e+00
9.966524843127420354e-04,9.019607843137255054e-01,7.843137254901960675e-02
9.966544843126854715e-04,9.019607843137255054e-01,-3.921568627450980338e-02
9.966564843126289076e-04,9.411764705882352811e-01,3.921568627450980338e-02
9.966584843125723438e-04,8.235294117647058432e-01,3.921568627450980338e-02
9.966604843125157799e-04,8.627450980392157298e-01,0.000000000000000000e+00
9.966624843124592160e-04,9.019607843137255054e-01,1.568627450980392135e-01
9.966644843124026522e-04,9.411764705882352811e-01,-7.843137254901960675e-02
9.966664843123460883e-04,8.627450980392157298e-01,3.921568627450980338e-02
9.966684843122895245e-04,9.019607843137255054e-01,3.921568627450980338e-02
9.966704843122329606e-04,9.411764705882352811e-01,3.921568627450980338e-02
9.966724843121763967e-04,9.411764705882352811e-01,7.843137254901960675e-02
9.966744843121198329e-04,8.627450980392157298e-01,-3.921568627450980338e-02
9.966764843120632690e-04,9.019607843137255054e-01,3.921568627450980338e-02
9.966784843120067051e-04,9.019607843137255054e-01,0.000000000000000000e+00
9.966804843119501413e-04,9.411764705882352811e-01,-3.921568627450980338e-02
9.966824843118935774e-04,8.235294117647058432e-01,7.843137254901960675e-02
9.966844843118370136e-04,9.019607843137255054e-01,-1.568627450980392135e-01
9.966864843117804497e-04,9.019607843137255054e-01,7.843137254901960675e-02
9.966884843117238858e-04,9.411764705882352811e-01,3.921568627450980338e-02
9.966904843116673220e-04,8.627450980392157298e-01,-3.921568627450980338e-02
9.966924843116107581e-04,8.627450980392157298e-01,1.176470588235294101e-01
9.966944843115541942e-04,9.019607843137255054e-01,-7.843137254901960675e-02
9.966964843114976304e-04,9.411764705882352811e-01,3.921568627450980338e-02
9.966984843114410665e-04,8.627450980392157298e-01,0.000000000000000000e+00
9.967004843113845027e-04,9.019607843137255054e-01,-1.568627450980392135e-01
9.967024843113279388e-04,9.019607843137255054e-01,1.176470588235294101e-01
9.967044843112713749e-04,9.803921568627450567e-01,-7.843137254901960675e-02
9.967064843112148111e-04,8.627450980392157298e-01,3.921568627450980338e-02
9.967084843111582472e-04,9.019607843137255054e-01,3.921568627450980338e-02
9.967104843111016833e-04,9.019607843137255054e-01,3.921568627450980338e-02
9.967124843110451195e-04,9.411764705882352811e-01,7.843137254901960675e-02
9.967144843109885556e-04,8.235294117647058432e-01,0.000000000000000000e+00
9.967164843109319917e-04,8.627450980392157298e-01,3.921568627450980338e-02
9.967184843108754279e-04,9.411764705882352811e-01,0.000000000000000000e+00
9.967204843108188640e-04,9.411764705882352811e-01,-7.843137254901960675e-02
9.967224843107623002e-04,8.627450980392157298e-01,7.843137254901960675e-02
9.967244843107057363e-04,9.411764705882352811e-01,-1.568627450980392135e-01
9.967264843106491724e-04,9.019607843137255054e-01,1.176470588235294101e-01
9.967284843105926086e-04,9.019607843137255054e-01,0.000000000000000000e+00
9.967304843105360447e-04,8.627450980392157298e-01,-3.921568627450980338e-02
9.967324843104794808e-04,8.627450980392157298e-01,7.843137254901960675e-02
9.967344843104229170e-04,9.019607843137255054e-01,-3.921568627450980338e-02
9.967364843103663531e-04,9.411764705882352811e-01,3.921568627450980338e-02
9.967384843103097893e-04,8.235294117647058432e-01,3.921568627450980338e-02
9.967404843102532254e-04,9.019607843137255054e-01,0.000000000000000000e+00
9.967424843101966615e-04,8.627450980392157298e-01,1.176470588235294101e-01
9.967444843101400977e-04,9.411764705882352811e-01,-3.921568627450980338e-02
9.967464843100835338e-04,8.627450980392157298e-01,0.000000000000000000e+00
9.967484843100269699e-04,9.019607843137255054e-01,0.000000000000000000e+00
9.967504843099704061e-04,9.019607843137255054e-01,0.000000000000000000e+00
9.967524843099138422e-04,9.411764705882352811e-01,7.843137254901960675e-02
9.967544843098572784e-04,8.235294117647058432e-01,-7.843137254901960675e-02
9.967564843098007145e-04,9.019607843137255054e-01,7.843137254901960675e-02
9.967584843097441506e-04,8.627450980392157298e-01,7.843137254901960675e-02
9.967604843096875868e-04,9.411764705882352811e-01,-3.921568627450980338e-02
9.967624843096310229e-04,8.627450980392157298e-01,7.843137254901960675e-02
9.967644843095744590e-04,9.019607843137255054e-01,-7.843137254901960675e-02
9.967664843095178952e-04,9.019607843137255054e-01,1.176470588235294101e-01
9.967684843094613313e-04,9.411764705882352811e-01,0.000000000000000000e+00
9.967704843094047674e-04,8.627450980392157298e-01,-3.921568627450980338e-02
9.967724843093482036e-04,9.019607843137255054e-01,7.843137254901960675e-02
9.967744843092916397e-04,9.019607843137255054e-01,-3.921568627450980338e-02
9.967764843092350759e-04,9.411764705882352811e-01,3.921568627450980338e-02
9.967784843091785120e-04,8.627450980392157298e-01,0.000000000000000000e+00
9.967804843091219481e-04,9.019607843137255054e-01,-7.843137254901960675e-02
9.967824843090653843e-04,9.019607843137255054e-01,1.176470588235294101e-01
9.967844843090088204e-04,9.411764705882352811e-01,-3.921568627450980338e-02
9.967864843089522565e-04,8.627450980392157298e-01,3.921568627450980338e-02
9.967884843088956927e-04,8.627450980392157298e-01,0.000000000000000000e+00
9.967904843088391288e-04,9.019607843137255054e-01,0.000000000000000000e+00
9.967924843087825650e-04,9.411764705882352811e-01,7.843137254901960675e-02
9.967944843087260011e-04,8.627450980392157298e-01,-7.843137254901960675e-02
9.967964843086694372e-04,9.019607843137255054e-01,7.843137254901960675e-02
9.967984843086128734e-04,9.019607843137255054e-01,0.000000000000000000e+00
9.968004843085563095e-04,9.411764705882352811e-01,-3.921568627450980338e-02
9.968024843084997456e-04,8.627450980392157298e-01,7.843137254901960675e-02
9.968044843084431818e-04,9.411764705882352811e-01,-1.568627450980392135e-01
9.968064843083866179e-04,9.019607843137255054e-01,1.176470588235294101e-01
9.968084843083300541e-04,9.019607843137255054e-01,0.000000000000000000e+00
9.968104843082734902e-04,8.627450980392157298e-01,-3.921568627450980338e-02
9.968124843082169263e-04,9.019607843137255054e-01,7.843137254901960675e-02
9.968144843081603625e-04,9.019607843137255054e-01,-3.921568627450980338e-02
9.968164843081037986e-04,9.411764705882352811e-01,3.921568627450980338e-02
9.968184843080472347e-04,8.627450980392157298e-01,3.921568627450980338e-02
9.968204843079906709e-04,9.019607843137255054e-01,-7.843137254901960675e-02
9.968224843079341070e-04,9.019607843137255054e-01,1.176470588235294101e-01
9.968244843078775431e-04,9.411764705882352811e-01,-7.843137254901960675e-02
9.968264843078209793e-04,8.627450980392157298e-01,3.921568627450980338e-02
9.968284843077644154e-04,8.627450980392157298e-01,3.921568627450980338e-02
9.968304843077078516e-04,9.411764705882352811e-01,0.000000000000000000e+00
9.968324843076512877e-04,9.411764705882352811e-01,7.843137254901960675e-02
9.968344843075947238e-04,8.627450980392157298e-01,-7.843137254901960675e-02
9.968364843075381600e-04,9.019607843137255054e-01,3.921568627450980338e-02
9.968384843074815961e-04,9.019607843137255054e-01,0.000000000000000000e+00
9.968404843074250322e-04,9.411764705882352811e-01,-3.921568627450980338e-02
9.968424843073684684e-04,8.627450980392157298e-01,7.843137254901960675e-02
9.968444843073119045e-04,9.019607843137255054e-01,-3.921568627450980338e-02
9.968464843072553407e-04,9.019607843137255054e-01,1.176470588235294101e-01
9.968484843071987768e-04,9.411764705882352811e-01,0.000000000000000000e+00
9.968504843071422129e-04,8.627450980392157298e-01,-3.921568627450980338e-02
9.968524843070856491e-04,9.019607843137255054e-01,7.843137254901960675e-02
9.968544843070290852e-04,9.411764705882352811e-01,0.000000000000000000e+00
9.968564843069725213e-04,9.411764705882352811e-01,3.921568627450980338e-02
9.968584843069159575e-04,8.627450980392157298e-01,0.000000000000000000e+00
9.968604843068593936e-04,9.019607843137255054e-01,-1.568627450980392135e-01
9.968624843068028298e-04,9.019607843137255054e-01,1.176470588235294101e-01
9.968644843067462659e-04,9.411764705882352811e-01,-7.843137254901960675e-02
9.968664843066897020e-04,8.627450980392157298e-01,0.000000000000000000e+00
9.968684843066331382e-04,8.627450980392157298e-01,3.921568627450980338e-02
9.968704843065765743e-04,8.627450980392157298e-01,0.000000000000000000e+00
9.968724843065200104e-04,9.411764705882352811e-01,7.843137254901960675e-02
9.968744843064634466e-04,8.627450980392157298e-01,-7.843137254901960675e-02
9.968764843064068827e-04,9.019607843137255054e-01,7.843137254901960675e-02
9.968784843063503188e-04,9.411764705882352811e-01,0.000000000000000000e+00
9.968804843062937550e-04,9.411764705882352811e-01,-3.921568627450980338e-02
9.968824843062371911e-04,8.627450980392157298e-01,7.843137254901960675e-02
9.968844843061806273e-04,9.019607843137255054e-01,-1.568627450980392135e-01
9.968864843061240634e-04,9.019607843137255054e-01,1.176470588235294101e-01
9.968884843060674995e-04,9.411764705882352811e-01,0.000000000000000000e+00
9.968904843060109357e-04,8.235294117647058432e-01,0.000000000000000000e+00
9.968924843059543718e-04,8.627450980392157298e-01,7.843137254901960675e-02
9.968944843058978079e-04,9.019607843137255054e-01,-3.921568627450980338e-02
9.968964843058412441e-04,9.411764705882352811e-01,0.000000000000000000e+00
9.968984843057846802e-04,8.627450980392157298e-01,0.000000000000000000e+00
9.969004843057281164e-04,9.019607843137255054e-01,-3.921568627450980338e-02
9.969024843056715525e-04,9.019607843137255054e-01,7.843137254901960675e-02
9.969044843056149886e-04,9.411764705882352811e-01,-7.843137254901960675e-02
9.969064843055584248e-04,8.235294117647058432e-01,0.000000000000000000e+00
9.969084843055018609e-04,9.019607843137255054e-01,0.000000000000000000e+00
9.969104843054452970e-04,9.019607843137255054e-01,0.000000000000000000e+00
9.969124843053887332e-04,9.411764705882352811e-01,7.843137254901960675e-02
9.969144843053321693e-04,8.235294117647058432e-01,-7.843137254901960675e-02
9.969164843052756055e-04,8.627450980392157298e-01,3.921568627450980338e-02
9.969184843052190416e-04,9.411764705882352811e-01,0.000000000000000000e+00
9.969204843051624777e-04,9.411764705882352811e-01,-3.921568627450980338e-02
9.969224843051059139e-04,8.235294117647058432e-01,7.843137254901960675e-02
9.969244843050493500e-04,9.019607843137255054e-01,-1.568627450980392135e-01
9.969264843049927861e-04,9.019607843137255054e-01,3.921568627450980338e-02
9.969284843049362223e-04,9.411764705882352811e-01,7.843137254901960675e-02
9.969304843048796584e-04,8.627450980392157298e-01,-7.843137254901960675e-02
9.969324843048230946e-04,9.019607843137255054e-01,7.843137254901960675e-02
9.969344843047665307e-04,9.019607843137255054e-01,-3.921568627450980338e-02
9.969364843047099668e-04,9.411764705882352811e-01,0.000000000000000000e+00
9.969384843046534030e-04,8.235294117647058432e-01,0.000000000000000000e+00
9.969404843045968391e-04,8.627450980392157298e-01,-1.568627450980392135e-01
9.969424843045402752e-04,8.627450980392157298e-01,1.176470588235294101e-01
9.969444843044837114e-04,9.411764705882352811e-01,-3.921568627450980338e-02
9.969464843044271475e-04,8.627450980392157298e-01,0.000000000000000000e+00
9.969484843043705836e-04,9.019607843137255054e-01,3.921568627450980338e-02
9.969504843043140198e-04,9.019607843137255054e-01,0.000000000000000000e+00
9.969524843042574559e-04,9.411764705882352811e-01,3.921568627450980338e-02
9.969544843042008921e-04,8.627450980392157298e-01,-7.843137254901960675e-02
9.969564843041443282e-04,9.019607843137255054e-01,3.921568627450980338e-02
9.969584843040877643e-04,9.019607843137255054e-01,0.000000000000000000e+00
9.969604843040312005e-04,9.411764705882352811e-01,-7.843137254901960675e-02
9.969624843039746366e-04,8.235294117647058432e-01,7.843137254901960675e-02
9.969644843039180727e-04,8.627450980392157298e-01,-1.568627450980392135e-01
9.969664843038615089e-04,9.019607843137255054e-01,1.568627450980392135e-01
9.969684843038049450e-04,9.411764705882352811e-01,3.921568627450980338e-02
9.969704843037483812e-04,9.019607843137255054e-01,-3.921568627450980338e-02
9.969724843036918173e-04,9.411764705882352811e-01,7.843137254901960675e-02
9.969744843036352534e-04,9.019607843137255054e-01,0.000000000000000000e+00
9.969764843035786896e-04,9.019607843137255054e-01,3.921568627450980338e-02
9.969784843035221257e-04,8.627450980392157298e-01,3.921568627450980338e-02
9.969804843034655618e-04,9.019607843137255054e-01,0.000000000000000000e+00
9.969824843034089980e-04,9.019607843137255054e-01,1.176470588235294101e-01
9.969844843033524341e-04,9.411764705882352811e-01,-3.921568627450980338e-02
9.969864843032958703e-04,8.627450980392157298e-01,3.921568627450980338e-02
9.969884843032393064e-04,8.627450980392157298e-01,3.921568627450980338e-02
9.969904843031827425e-04,9.411764705882352811e-01,3.921568627450980338e-02
9.969924843031261787e-04,9.411764705882352811e-01,7.843137254901960675e-02
9.969944843030696148e-04,8.627450980392157298e-01,-7.843137254901960675e-02
9.969964843030130509e-04,8.627450980392157298e-01,3.921568627450980338e-02
9.969984843029564871e-04,9.019607843137255054e-01,0.000000000000000000e+00
9.970004843028999232e-04,9.411764705882352811e-01,-3.921568627450980338e-02
9.970024843028433593e-04,9.019607843137255054e-01,7.843137254901960675e-02
9.970044843027867955e-04,9.019607843137255054e-01,-7.843137254901960675e-02
9.970064843027302316e-04,9.411764705882352811e-01,1.176470588235294101e-01
9.970084843026736678e-04,9.411764705882352811e-01,0.000000000000000000e+00
9.970104843026171039e-04,8.627450980392157298e-01,0.000000000000000000e+00
9.970124843025605400e-04,9.019607843137255054e-01,7.843137254901960675e-02
9.970144843025039762e-04,9.019607843137255054e-01,-3.921568627450980338e-02
9.970164843024474123e-04,9.411764705882352811e-01,3.921568627450980338e-02
9.970184843023908484e-04,8.627450980392157298e-01,0.000000000000000000e+00
9.970204843023342846e-04,9.019607843137255054e-01,-1.568627450980392135e-01
9.970224843022777207e-04,9.019607843137255054e-01,7.843137254901960675e-02
9.970244843022211569e-04,9.411764705882352811e-01,-7.843137254901960675e-02
9.970264843021645930e-04,8.235294117647058432e-01,0.000000000000000000e+00
9.970284843021080291e-04,8.627450980392157298e-01,0.000000000000000000e+00
9.970304843020514653e-04,8.627450980392157298e-01,0.000000000000000000e+00
9.970324843019949014e-04,9.019607843137255054e-01,7.843137254901960675e-02
9.970344843019383375e-04,8.235294117647058432e-01,-7.843137254901960675e-02
9.970364843018817737e-04,8.235294117647058432e-01,7.843137254901960675e-02
9.970384843018252098e-04,9.411764705882352811e-01,0.000000000000000000e+00
9.970404843017686460e-04,9.411764705882352811e-01,-3.921568627450980338e-02
9.970424843017120821e-04,8.627450980392157298e-01,7.843137254901960675e-02
9.970444843016555182e-04,9.019607843137255054e-01,0.000000000000000000e+00
9.970464843015989544e-04,8.627450980392157298e-01,7.843137254901960675e-02
9.970484843015423905e-04,9.411764705882352811e-01,0.000000000000000000e+00
9.970504843014858266e-04,8.235294117647058432e-01,-3.921568627450980338e-02
9.970524843014292628e-04,8.627450980392157298e-01,1.176470588235294101e-01
9.970544843013726989e-04,9.411764705882352811e-01,-3.921568627450980338e-02
9.970564843013161350e-04,9.019607843137255054e-01,0.000000000000000000e+00
9.970584843012595712e-04,8.627450980392157298e-01,0.000000000000000000e+00
9.970604843012030073e-04,9.019607843137255054e-01,-1.568627450980392135e-01
9.970624843011464435e-04,9.019607843137255054e-01,7.843137254901960675e-02
9.970644843010898796e-04,9.411764705882352811e-01,-3.921568627450980338e-02
9.970664843010333157e-04,8.235294117647058432e-01,0.000000000000000000e+00
9.970684843009767519e-04,9.019607843137255054e-01,3.921568627450980338e-02
9.970704843009201880e-04,9.019607843137255054e-01,0.000000000000000000e+00
9.970724843008636241e-04,9.411764705882352811e-01,7.843137254901960675e-02
9.970744843008070603e-04,8.627450980392157298e-01,-7.843137254901960675e-02
9.970764843007504964e-04,8.627450980392157298e-01,7.843137254901960675e-02
9.970784843006939326e-04,9.019607843137255054e-01,0.000000000000000000e+00
9.970804843006373687e-04,9.411764705882352811e-01,-3.921568627450980338e-02
9.970824843005808048e-04,8.627450980392157298e-01,7.843137254901960675e-02
9.970844843005242410e-04,9.019607843137255054e-01,-7.843137254901960675e-02
9.970864843004676771e-04,9.019607843137255054e-01,1.176470588235294101e-01
9.970884843004111132e-04,9.411764705882352811e-01,0.000000000000000000e+00
9.970904843003545494e-04,8.627450980392157298e-01,-3.921568627450980338e-02
9.970924843002979855e-04,9.019607843137255054e-01,7.843137254901960675e-02
9.970944843002414217e-04,9.019607843137255054e-01,0.000000000000000000e+00
9.970964843001848578e-04,9.411764705882352811e-01,0.000000000000000000e+00
9.970984843001282939e-04,8.627450980392157298e-01,0.000000000000000000e+00
9.971004843000717301e-04,9.019607843137255054e-01,-1.568627450980392135e-01
9.971024843000151662e-04,9.019607843137255054e-01,1.176470588235294101e-01
9.971044842999586023e-04,9.411764705882352811e-01,-3.921568627450980338e-02
9.971064842999020385e-04,8.627450980392157298e-01,0.000000000000000000e+00
9.971084842998454746e-04,9.019607843137255054e-01,0.000000000000000000e+00
9.971104842997889108e-04,9.019607843137255054e-01,0.000000000000000000e+00
9.971124842997323469e-04,9.019607843137255054e-01,7.843137254901960675e-02
9.971144842996757830e-04,8.627450980392157298e-01,-7.843137254901960675e-02
9.971164842996192192e-04,8.627450980392157298e-01,3.921568627450980338e-02
9.971184842995626553e-04,9.019607843137255054e-01,0.000000000000000000e+00
9.971204842995060914e-04,9.411764705882352811e-01,-3.921568627450980338e-02
9.971224842994495276e-04,8.627450980392157298e-01,7.843137254901960675e-02
9.971244842993929637e-04,9.411764705882352811e-01,-7.843137254901960675e-02
9.971264842993363998e-04,9.019607843137255054e-01,1.176470588235294101e-01
9.971284842992798360e-04,9.411764705882352811e-01,0.000000000000000000e+00
9.971304842992232721e-04,8.627450980392157298e-01,-3.921568627450980338e-02
9.971324842991667083e-04,9.019607843137255054e-01,3.921568627450980338e-02
9.971344842991101444e-04,9.019607843137255054e-01,-3.921568627450980338e-02
9.971364842990535805e-04,9.411764705882352811e-01,0.000000000000000000e+00
9.971384842989970167e-04,8.627450980392157298e-01,7.843137254901960675e-02
9.971404842989404528e-04,8.627450980392157298e-01,-7.843137254901960675e-02
9.971424842988838889e-04,9.019607843137255054e-01,1.176470588235294101e-01
9.971444842988273251e-04,9.411764705882352811e-01,-3.921568627450980338e-02
9.971464842987707612e-04,8.627450980392157298e-01,0.000000000000000000e+00
9.971484842987141974e-04,9.019607843137255054e-01,3.921568627450980338e-02
9.971504842986576335e-04,9.019607843137255054e-01,0.000000000000000000e+00
9.971524842986010696e-04,9.411764705882352811e-01,3.921568627450980338e-02
9.971544842985445058e-04,8.627450980392157298e-01,-7.843137254901960675e-02
9.971564842984879419e-04,9.019607843137255054e-01,7.843137254901960675e-02
9.971584842984313780e-04,9.411764705882352811e-01,0.000000000000000000e+00
9.971604842983748142e-04,9.411764705882352811e-01,-3.921568627450980338e-02
9.971624842983182503e-04,8.627450980392157298e-01,7.843137254901960675e-02
9.971644842982616865e-04,9.019607843137255054e-01,-1.568627450980392135e-01
9.971664842982051226e-04,9.411764705882352811e-01,1.176470588235294101e-01
9.971684842981485587e-04,9.411764705882352811e-01,0.000000000000000000e+00
9.971704842980919949e-04,8.627450980392157298e-01,-3.921568627450980338e-02
9.971724842980354310e-04,8.235294117647058432e-01,7.843137254901960675e-02
9.971744842979788671e-04,8.627450980392157298e-01,-3.921568627450980338e-02
9.971764842979223033e-04,9.019607843137255054e-01,3.921568627450980338e-02
9.971784842978657394e-04,8.627450980392157298e-01,3.921568627450980338e-02
9.971804842978091755e-04,9.019607843137255054e-01,-7.843137254901960675e-02
9.971824842977526117e-04,9.019607843137255054e-01,1.176470588235294101e-01
9.971844842976960478e-04,9.411764705882352811e-01,-7.843137254901960675e-02
9.971864842976394840e-04,8.627450980392157298e-01,0.000000000000000000e+00
9.971884842975829201e-04,8.627450980392157298e-01,7.843137254901960675e-02
9.971904842975263562e-04,9.019607843137255054e-01,0.000000000000000000e+00
9.971924842974697924e-04,9.411764705882352811e-01,7.843137254901960675e-02
9.971944842974132285e-04,8.627450980392157298e-01,-3.921568627450980338e-02
9.971964842973566646e-04,8.627450980392157298e-01,0.000000000000000000e+00
9.971984842973001008e-04,9.019607843137255054e-01,0.000000000000000000e+00
9.972004842972435369e-04,9.411764705882352811e-01,-7.843137254901960675e-02
9.972024842971869731e-04,8.627450980392157298e-01,1.176470588235294101e-01
9.972044842971304092e-04,9.019607843137255054e-01,0.000000000000000000e+00
9.972064842970738453e-04,9.019607843137255054e-01,1.176470588235294101e-01
9.972084842970172815e-04,9.411764705882352811e-01,0.000000000000000000e+00
9.972104842969607176e-04,8.627450980392157298e-01,-3.921568627450980338e-02
9.972124842969041537e-04,8.627450980392157298e-01,7.843137254901960675e-02
9.972144842968475899e-04,9.019607843137255054e-01,-3.921568627450980338e-02
9.972164842967910260e-04,9.411764705882352811e-01,3.921568627450980338e-02
9.972184842967344622e-04,8.627450980392157298e-01,0.000000000000000000e+00
9.972204842966778983e-04,9.019607843137255054e-01,-1.568627450980392135e-01
9.972224842966213344e-04,8.627450980392157298e-01,7.843137254901960675e-02
9.972244842965647706e-04,9.411764705882352811e-01,-7.843137254901960675e-02
9.972264842965082067e-04,8.627450980392157298e-01,0.000000000000000000e+00
9.972284842964516428e-04,8.627450980392157298e-01,3.921568627450980338e-02
9.972304842963950790e-04,9.019607843137255054e-01,3.921568627450980338e-02
9.972324842963385151e-04,9.411764705882352811e-01,3.921568627450980338e-02
9.972344842962819512e-04,8.627450980392157298e-01,-7.843137254901960675e-02
9.972364842962253874e-04,9.019607843137255054e-01,7.843137254901960675e-02
9.972384842961688235e-04,8.627450980392157298e-01,0.000000000000000000e+00
9.972404842961122597e-04,9.411764705882352811e-01,0.000000000000000000e+00
9.972424842960556958e-04,8.627450980392157298e-01,7.843137254901960675e-02
9.972444842959991319e-04,9.019607843137255054e-01,-1.568627450980392135e-01
9.972464842959425681e-04,9.019607843137255054e-01,7.843137254901960675e-02
9.972484842958860042e-04,9.411764705882352811e-01,0.000000000000000000e+00
9.972504842958294403e-04,8.627450980392157298e-01,-3.921568627450980338e-02
9.972524842957728765e-04,8.235294117647058432e-01,7.843137254901960675e-02
9.972544842957163126e-04,9.019607843137255054e-01,0.000000000000000000e+00
9.972564842956597488e-04,9.411764705882352811e-01,0.000000000000000000e+00
9.972584842956031849e-04,8.627450980392157298e-01,0.000000000000000000e+00
9.972604842955466210e-04,9.019607843137255054e-01,-1.568627450980392135e-01
9.972624842954900572e-04,9.019607843137255054e-01,7.843137254901960675e-02
9.972644842954334933e-04,9.411764705882352811e-01,-3.921568627450980338e-02
9.972664842953769294e-04,8.235294117647058432e-01,3.921568627450980338e-02
9.972684842953203656e-04,9.019607843137255054e-01,7.843137254901960675e-02
9.972704842952638017e-04,9.019607843137255054e-01,0.000000000000000000e+00
9.972724842952072379e-04,9.411764705882352811e-01,7.843137254901960675e-02
9.972744842951506740e-04,8.235294117647058432e-01,-7.843137254901960675e-02
9.972764842950941101e-04,8.627450980392157298e-01,7.843137254901960675e-02
9.972784842950375463e-04,8.627450980392157298e-01,0.000000000000000000e+00
9.972804842949809824e-04,9.411764705882352811e-01,-3.921568627450980338e-02
9.972824842949244185e-04,8.627450980392157298e-01,7.843137254901960675e-02
9.972844842948678547e-04,8.627450980392157298e-01,-7.843137254901960675e-02
9.972864842948112908e-04,9.019607843137255054e-01,1.176470588235294101e-01
9.972884842947547269e-04,9.411764705882352811e-01,-3.921568627450980338e-02
9.972904842946981631e-04,8.627450980392157298e-01,0.000000000000000000e+00
9.972924842946415992e-04,8.627450980392157298e-01,7.843137254901960675e-02
9.972944842945850354e-04,9.019607843137255054e-01,0.000000000000000000e+00
9.972964842945284715e-04,9.411764705882352811e-01,3.921568627450980338e-02
9.972984842944719076e-04,8.627450980392157298e-01,3.921568627450980338e-02
9.973004842944153438e-04,8.627450980392157298e-01,-7.843137254901960675e-02
9.973024842943587799e-04,8.627450980392157298e-01,7.843137254901960675e-02
9.973044842943022160e-04,9.411764705882352811e-01,-7.843137254901960675e-02
9.973064842942456522e-04,8.235294117647058432e-01,0.000000000000000000e+00
9.973084842941890883e-04,9.019607843137255054e-01,0.000000000000000000e+00
9.973104842941325245e-04,9.019607843137255054e-01,0.000000000000000000e+00
9.973124842940759606e-04,9.019607843137255054e-01,7.843137254901960675e-02
9.973144842940193967e-04,8.627450980392157298e-01,-7.843137254901960675e-02
9.973164842939628329e-04,9.019607843137255054e-01,7.843137254901960675e-02
9.973184842939062690e-04,9.019607843137255054e-01,0.000000000000000000e+00
9.973204842938497051e-04,9.411764705882352811e-01,-7.843137254901960675e-02
9.973224842937931413e-04,8.627450980392157298e-01,7.843137254901960675e-02
9.973244842937365774e-04,8.627450980392157298e-01,-7.843137254901960675e-02
9.973264842936800136e-04,9.019607843137255054e-01,0.000000000000000000e+00
9.973284842936234497e-04,9.411764705882352811e-01,3.921568627450980338e-02
9.973304842935668858e-04,8.627450980392157298e-01,-3.921568627450980338e-02
9.973324842935103220e-04,8.627450980392157298e-01,7.843137254901960675e-02
9.973344842934537581e-04,9.411764705882352811e-01,-3.921568627450980338e-02
9.973364842933971942e-04,9.411764705882352811e-01,3.921568627450980338e-02
9.973384842933406304e-04,8.235294117647058432e-01,3.921568627450980338e-02
9.973404842932840665e-04,9.019607843137255054e-01,-3.921568627450980338e-02
9.973424842932275027e-04,9.019607843137255054e-01,3.921568627450980338e-02
9.973444842931709388e-04,9.411764705882352811e-01,-7.843137254901960675e-02
9.973464842931143749e-04,8.627450980392157298e-01,0.000000000000000000e+00
9.973484842930578111e-04,8.627450980392157298e-01,3.921568627450980338e-02
9.973504842930012472e-04,9.019607843137255054e-01,3.921568627450980338e-02
9.973524842929446833e-04,9.411764705882352811e-01,7.843137254901960675e-02
9.973544842928881195e-04,8.235294117647058432e-01,-7.843137254901960675e-02
9.973564842928315556e-04,9.019607843137255054e-01,7.843137254901960675e-02
9.973584842927749917e-04,9.019607843137255054e-01,0.000000000000000000e+00
9.973604842927184279e-04,9.411764705882352811e-01,-3.921568627450980338e-02
9.973624842926618640e-04,8.627450980392157298e-01,7.843137254901960675e-02
9.973644842926053002e-04,9.019607843137255054e-01,0.000000000000000000e+00
9.973664842925487363e-04,9.019607843137255054e-01,1.176470588235294101e-01
9.973684842924921724e-04,9.411764705882352811e-01,0.000000000000000000e+00
9.973704842924356086e-04,8.235294117647058432e-01,-7.843137254901960675e-02
9.973724842923790447e-04,8.627450980392157298e-01,7.843137254901960675e-02
9.973744842923224808e-04,9.019607843137255054e-01,-3.921568627450980338e-02
9.973764842922659170e-04,9.411764705882352811e-01,0.000000000000000000e+00
9.973784842922093531e-04,8.235294117647058432e-01,0.000000000000000000e+00
9.973804842921527893e-04,9.019607843137255054e-01,-1.568627450980392135e-01
9.973824842920962254e-04,9.411764705882352811e-01,1.176470588235294101e-01
9.973844842920396615e-04,9.411764705882352811e-01,-7.843137254901960675e-02
9.973864842919830977e-04,8.627450980392157298e-01,3.921568627450980338e-02
9.973884842919265338e-04,9.019607843137255054e-01,7.843137254901960675e-02
9.973904842918699699e-04,9.019607843137255054e-01,0.000000000000000000e+00
9.973924842918134061e-04,9.411764705882352811e-01,7.843137254901960675e-02
9.973944842917568422e-04,8.627450980392157298e-01,-7.843137254901960675e-02
9.973964842917002784e-04,8.627450980392157298e-01,7.843137254901960675e-02
9.973984842916437145e-04,9.019607843137255054e-01,3.921568627450980338e-02
9.974004842915871506e-04,9.411764705882352811e-01,-3.921568627450980338e-02
9.974024842915305868e-04,8.235294117647058432e-01,7.843137254901960675e-02
9.974044842914740229e-04,9.019607843137255054e-01,-7.843137254901960675e-02
9.974064842914174590e-04,8.627450980392157298e-01,7.843137254901960675e-02
9.974084842913608952e-04,9.411764705882352811e-01,0.000000000000000000e+00
9.974104842913043313e-04,8.627450980392157298e-01,-3.921568627450980338e-02
9.974124842912477674e-04,8.627450980392157298e-01,7.843137254901960675e-02
9.974144842911912036e-04,9.019607843137255054e-01,-3.921568627450980338e-02
9.974164842911346397e-04,9.411764705882352811e-01,0.000000000000000000e+00
9.974184842910780759e-04,8.627450980392157298e-01,0.000000000000000000e+00
9.974204842910215120e-04,9.019607843137255054e-01,-7.843137254901960675e-02
9.974224842909649481e-04,9.019607843137255054e-01,1.176470588235294101e-01
9.974244842909083843e-04,9.411764705882352811e-01,-3.921568627450980338e-02
9.974264842908518204e-04,8.627450980392157298e-01,0.000000000000000000e+00
9.974284842907952565e-04,9.019607843137255054e-01,0.000000000000000000e+00
9.974304842907386927e-04,9.019607843137255054e-01,0.000000000000000000e+00
9.974324842906821288e-04,9.411764705882352811e-01,7.843137254901960675e-02
9.974344842906255650e-04,8.627450980392157298e-01,-3.921568627450980338e-02
9.974364842905690011e-04,9.019607843137255054e-01,7.843137254901960675e-02
9.974384842905124372e-04,9.019607843137255054e-01,0.000000000000000000e+00
9.974404842904558734e-04,9.411764705882352811e-01,-3.921568627450980338e-02
9.974424842903993095e-04,8.235294117647058432e-01,7.843137254901960675e-02
9.974444842903427456e-04,8.627450980392157298e-01,-1.568627450980392135e-01
9.974464842902861818e-04,9.019607843137255054e-01,1.176470588235294101e-01
9.974484842902296179e-04,9.411764705882352811e-01,0.000000000000000000e+00
9.974504842901730541e-04,8.627450980392157298e-01,-3.921568627450980338e-02
9.974524842901164902e-04,9.019607843137255054e-01,7.843137254901960675e-02
9.974544842900599263e-04,9.019607843137255054e-01,0.000000000000000000e+00
9.974564842900033625e-04,9.411764705882352811e-01,3.921568627450980338e-02
9.974584842899467986e-04,8.627450980392157298e-01,3.921568627450980338e-02
9.974604842898902347e-04,9.019607843137255054e-01,-7.843137254901960675e-02
9.974624842898336709e-04,9.019607843137255054e-01,1.176470588235294101e-01
9.974644842897771070e-04,9.411764705882352811e-01,-3.921568627450980338e-02
9.974664842897205431e-04,8.627450980392157298e-01,0.000000000000000000e+00
9.974684842896639793e-04,8.627450980392157298e-01,3.921568627450980338e-02
9.974704842896074154e-04,9.019607843137255054e-01,0.000000000000000000e+00
9.974724842895508516e-04,9.411764705882352811e-01,7.843137254901960675e-02
9.974744842894942877e-04,8.627450980392157298e-01,-7.843137254901960675e-02
9.974764842894377238e-04,9.019607843137255054e-01,7.843137254901960675e-02
9.974784842893811600e-04,9.019607843137255054e-01,0.000000000000000000e+00
9.974804842893245961e-04,9.411764705882352811e-01,-7.843137254901960675e-02
9.974824842892680322e-04,9.019607843137255054e-01,7.843137254901960675e-02
9.974844842892114684e-04,8.627450980392157298e-01,-7.843137254901960675e-02
9.974864842891549045e-04,9.019607843137255054e-01,1.176470588235294101e-01
9.974884842890983407e-04,9.411764705882352811e-01,0.000000000000000000e+00
9.974904842890417768e-04,8.627450980392157298e-01,0.000000000000000000e+00
9.974924842889852129e-04,8.627450980392157298e-01,7.843137254901960675e-02
9.974944842889286491e-04,9.019607843137255054e-01,-3.921568627450980338e-02
9.974964842888720852e-04,9.411764705882352811e-01,3.921568627450980338e-02
9.974984842888155213e-04,8.627450980392157298e-01,3.921568627450980338e-02
9.975004842887589575e-04,8.627450980392157298e-01,0.000000000000000000e+00
9.975024842887023936e-04,9.019607843137255054e-01,7.843137254901960675e-02
9.975044842886458298e-04,9.411764705882352811e-01,-7.843137254901960675e-02
9.975064842885892659e-04,8.627450980392157298e-01,0.000000000000000000e+00
9.975084842885327020e-04,9.019607843137255054e-01,3.921568627450980338e-02
9.975104842884761382e-04,9.019607843137255054e-01,0.000000000000000000e+00
9.975124842884195743e-04,9.411764705882352811e-01,7.843137254901960675e-02
9.975144842883630104e-04,8.627450980392157298e-01,-7.843137254901960675e-02
9.975164842883064466e-04,9.019607843137255054e-01,7.843137254901960675e-02
9.975184842882498827e-04,9.019607843137255054e-01,0.000000000000000000e+00
9.975204842881933189e-04,9.411764705882352811e-01,-3.921568627450980338e-02
9.975224842881367550e-04,8.627450980392157298e-01,7.843137254901960675e-02
9.975244842880801911e-04,8.235294117647058432e-01,-1.568627450980392135e-01
9.975264842880236273e-04,8.627450980392157298e-01,7.843137254901960675e-02
9.975284842879670634e-04,9.411764705882352811e-01,0.000000000000000000e+00
9.975304842879104995e-04,8.627450980392157298e-01,-3.921568627450980338e-02
9.975324842878539357e-04,8.627450980392157298e-01,7.843137254901960675e-02
9.975344842877973718e-04,9.411764705882352811e-01,-3.921568627450980338e-02
9.975364842877408079e-04,9.411764705882352811e-01,3.921568627450980338e-02
9.975384842876842441e-04,8.627450980392157298e-01,3.921568627450980338e-02
9.975404842876276802e-04,9.019607843137255054e-01,-3.921568627450980338e-02
9.975424842875711164e-04,9.019607843137255054e-01,1.176470588235294101e-01
9.975444842875145525e-04,9.411764705882352811e-01,-7.843137254901960675e-02
9.975464842874579886e-04,8.627450980392157298e-01,3.921568627450980338e-02
9.975484842874014248e-04,8.627450980392157298e-01,0.000000000000000000e+00
9.975504842873448609e-04,9.019607843137255054e-01,0.000000000000000000e+00
9.975524842872882970e-04,9.411764705882352811e-01,7.843137254901960675e-02
9.975544842872317332e-04,8.627450980392157298e-01,-3.921568627450980338e-02
9.975564842871751693e-04,9.019607843137255054e-01,7.843137254901960675e-02
9.975584842871186055e-04,9.411764705882352811e-01,3.921568627450980338e-02
9.975604842870620416e-04,9.411764705882352811e-01,-7.843137254901960675e-02
9.975624842870054777e-04,8.627450980392157298e-01,7.843137254901960675e-02
9.975644842869489139e-04,9.019607843137255054e-01,-1.568627450980392135e-01
9.975664842868923500e-04,9.019607843137255054e-01,1.176470588235294101e-01
9.975684842868357861e-04,9.411764705882352811e-01,3.921568627450980338e-02
9.975704842867792223e-04,8.627450980392157298e-01,0.000000000000000000e+00
9.975724842867226584e-04,8.627450980392157298e-01,7.843137254901960675e-02
9.975744842866660946e-04,9.019607843137255054e-01,-3.921568627450980338e-02
9.975764842866095307e-04,9.411764705882352811e-01,0.000000000000000000e+00
9.975784842865529668e-04,8.627450980392157298e-01,0.000000000000000000e+00
9.975804842864964030e-04,9.019607843137255054e-01,-1.568627450980392135e-01
9.975824842864398391e-04,9.019607843137255054e-01,1.176470588235294101e-01
9.975844842863832752e-04,9.411764705882352811e-01,-3.921568627450980338e-02
9.975864842863267114e-04,8.627450980392157298e-01,0.000000000000000000e+00
9.975884842862701475e-04,9.019607843137255054e-01,3.921568627450980338e-02
9.975904842862135836e-04,9.019607843137255054e-01,0.000000000000000000e+00
9.975924842861570198e-04,9.411764705882352811e-01,7.843137254901960675e-02
9.975944842861004559e-04,8.235294117647058432e-01,-7.843137254901960675e-02
9.975964842860438921e-04,9.019607843137255054e-01,7.843137254901960675e-02
9.975984842859873282e-04,9.019607843137255054e-01,0.000000000000000000e+00
9.976004842859307643e-04,9.411764705882352811e-01,-3.921568627450980338e-02
9.976024842858742005e-04,8.627450980392157298e-01,7.843137254901960675e-02
9.976044842858176366e-04,9.019607843137255054e-01,0.000000000000000000e+00
9.976064842857610727e-04,9.019607843137255054e-01,7.843137254901960675e-02
9.976084842857045089e-04,9.019607843137255054e-01,3.921568627450980338e-02
9.976104842856479450e-04,8.627450980392157298e-01,-3.921568627450980338e-02
9.976124842855913812e-04,9.019607843137255054e-01,1.176470588235294101e-01
9.976144842855348173e-04,9.019607843137255054e-01,-3.921568627450980338e-02
9.976164842854782534e-04,9.411764705882352811e-01,0.000000000000000000e+00
9.976184842854216896e-04,8.627450980392157298e-01,3.921568627450980338e-02
9.976204842853651257e-04,9.019607843137255054e-01,-1.568627450980392135e-01
9.976224842853085618e-04,9.019607843137255054e-01,1.176470588235294101e-01
9.976244842852519980e-04,9.411764705882352811e-01,-3.921568627450980338e-02
9.976264842851954341e-04,8.627450980392157298e-01,0.000000000000000000e+00
9.976284842851388703e-04,9.019607843137255054e-01,0.000000000000000000e+00
9.976304842850823064e-04,8.627450980392157298e-01,0.000000000000000000e+00
9.976324842850257425e-04,9.411764705882352811e-01,7.843137254901960675e-02
9.976344842849691787e-04,8.627450980392157298e-01,-7.843137254901960675e-02
9.976364842849126148e-04,8.627450980392157298e-01,7.843137254901960675e-02
9.976384842848560509e-04,9.411764705882352811e-01,3.921568627450980338e-02
9.976404842847994871e-04,9.411764705882352811e-01,-3.921568627450980338e-02
9.976424842847429232e-04,8.627450980392157298e-01,7.843137254901960675e-02
9.976444842846863593e-04,9.019607843137255054e-01,-1.568627450980392135e-01
9.976464842846297955e-04,9.019607843137255054e-01,1.176470588235294101e-01
9.976484842845732316e-04,9.411764705882352811e-01,0.000000000000000000e+00
9.976504842845166678e-04,8.627450980392157298e-01,-7.843137254901960675e-02
9.976524842844601039e-04,9.019607843137255054e-01,7.843137254901960675e-02
9.976544842844035400e-04,9.019607843137255054e-01,-3.921568627450980338e-02
9.976564842843469762e-04,9.411764705882352811e-01,3.921568627450980338e-02
9.976584842842904123e-04,8.627450980392157298e-01,3.921568627450980338e-02
9.976604842842338484e-04,9.019607843137255054e-01,-3.921568627450980338e-02
9.976624842841772846e-04,8.627450980392157298e-01,1.176470588235294101e-01
9.976644842841207207e-04,9.411764705882352811e-01,-3.921568627450980338e-02
9.976664842840641569e-04,8.235294117647058432e-01,0.000000000000000000e+00
9.976684842840075930e-04,9.019607843137255054e-01,3.921568627450980338e-02
9.976704842839510291e-04,9.411764705882352811e-01,0.000000000000000000e+00
9.976724842838944653e-04,9.411764705882352811e-01,7.843137254901960675e-02
9.976744842838379014e-04,8.627450980392157298e-01,-7.843137254901960675e-02
9.976764842837813375e-04,9.019607843137255054e-01,3.921568627450980338e-02
9.976784842837247737e-04,9.019607843137255054e-01,0.000000000000000000e+00
9.976804842836682098e-04,9.411764705882352811e-01,-7.843137254901960675e-02
9.976824842836116460e-04,8.627450980392157298e-01,7.843137254901960675e-02
9.976844842835550821e-04,9.019607843137255054e-01,-1.568627450980392135e-01
9.976864842834985182e-04,9.019607843137255054e-01,1.176470588235294101e-01
9.976884842834419544e-04,9.019607843137255054e-01,3.921568627450980338e-02
9.976904842833853905e-04,8.627450980392157298e-01,-3.921568627450980338e-02
9.976924842833288266e-04,9.019607843137255054e-01,1.176470588235294101e-01
9.976944842832722628e-04,9.019607843137255054e-01,0.000000000000000000e+00
9.976964842832156989e-04,9.411764705882352811e-01,3.921568627450980338e-02
9.976984842831591350e-04,8.235294117647058432e-01,0.000000000000000000e+00
9.977004842831025712e-04,8.627450980392157298e-01,-1.568627450980392135e-01
9.977024842830460073e-04,9.019607843137255054e-01,7.843137254901960675e-02
9.977044842829894435e-04,9.411764705882352811e-01,-3.921568627450980338e-02
9.977064842829328796e-04,8.235294117647058432e-01,3.921568627450980338e-02
9.977084842828763157e-04,9.019607843137255054e-01,0.000000000000000000e+00
9.977104842828197519e-04,9.411764705882352811e-01,3.921568627450980338e-02
9.977124842827631880e-04,9.411764705882352811e-01,7.843137254901960675e-02
9.977144842827066241e-04,8.627450980392157298e-01,-3.921568627450980338e-02
9.977164842826500603e-04,8.627450980392157298e-01,3.921568627450980338e-02
9.977184842825934964e-04,9.411764705882352811e-01,3.921568627450980338e-02
9.977204842825369326e-04,9.411764705882352811e-01,-3.921568627450980338e-02
9.977224842824803687e-04,8.627450980392157298e-01,7.843137254901960675e-02
9.977244842824238048e-04,9.019607843137255054e-01,-7.843137254901960675e-02
9.977264842823672410e-04,8.627450980392157298e-01,1.176470588235294101e-01
9.977284842823106771e-04,9.411764705882352811e-01,0.000000000000000000e+00
9.977304842822541132e-04,8.235294117647058432e-01,-3.921568627450980338e-02
9.977324842821975494e-04,8.627450980392157298e-01,7.843137254901960675e-02
9.977344842821409855e-04,8.627450980392157298e-01,-3.921568627450980338e-02
9.977364842820844217e-04,9.411764705882352811e-01,3.921568627450980338e-02
9.977384842820278578e-04,8.627450980392157298e-01,0.000000000000000000e+00
9.977404842819712939e-04,9.019607843137255054e-01,-7.843137254901960675e-02
9.977424842819147301e-04,9.019607843137255054e-01,7.843137254901960675e-02
9.977444842818581662e-04,9.411764705882352811e-01,-3.921568627450980338e-02
9.977464842818016023e-04,8.235294117647058432e-01,0.000000000000000000e+00
9.977484842817450385e-04,9.019607843137255054e-01,0.000000000000000000e+00
9.977504842816884746e-04,9.019607843137255054e-01,0.000000000000000000e+00
9.977524842816319108e-04,9.411764705882352811e-01,7.843137254901960675e-02
9.977544842815753469e-04,8.627450980392157298e-01,-3.921568627450980338e-02
9.977564842815187830e-04,8.627450980392157298e-01,3.921568627450980338e-02
9.977584842814622192e-04,9.411764705882352811e-01,0.000000000000000000e+00
9.977604842814056553e-04,9.411764705882352811e-01,-3.921568627450980338e-02
9.977624842813490914e-04,8.235294117647058432e-01,7.843137254901960675e-02
9.977644842812925276e-04,9.019607843137255054e-01,-7.843137254901960675e-02
9.977664842812359637e-04,8.627450980392157298e-01,1.176470588235294101e-01
9.977684842811793998e-04,9.019607843137255054e-01,0.000000000000000000e+00
9.977704842811228360e-04,8.627450980392157298e-01,-3.921568627450980338e-02
9.977724842810662721e-04,8.627450980392157298e-01,7.843137254901960675e-02
9.977744842810097083e-04,9.019607843137255054e-01,0.000000000000000000e+00
9.977764842809531444e-04,9.411764705882352811e-01,3.921568627450980338e-02
9.977784842808965805e-04,8.627450980392157298e-01,3.921568627450980338e-02
9.977804842808400167e-04,8.627450980392157298e-01,-7.843137254901960675e-02
9.977824842807834528e-04,8.627450980392157298e-01,7.843137254901960675e-02
9.977844842807268889e-04,9.411764705882352811e-01,-3.921568627450980338e-02
9.977864842806703251e-04,8.235294117647058432e-01,0.000000000000000000e+00
9.977884842806137612e-04,9.019607843137255054e-01,3.921568627450980338e-02
9.977904842805571974e-04,9.019607843137255054e-01,3.921568627450980338e-02
9.977924842805006335e-04,9.411764705882352811e-01,7.843137254901960675e-02
9.977944842804440696e-04,8.235294117647058432e-01,-3.921568627450980338e-02
9.977964842803875058e-04,9.019607843137255054e-01,3.921568627450980338e-02
9.977984842803309419e-04,9.411764705882352811e-01,0.000000000000000000e+00
9.978004842802743780e-04,9.411764705882352811e-01,-3.921568627450980338e-02
9.978024842802178142e-04,8.235294117647058432e-01,7.843137254901960675e-02
9.978044842801612503e-04,9.019607843137255054e-01,0.000000000000000000e+00
9.978064842801046865e-04,9.019607843137255054e-01,1.176470588235294101e-01
9.978084842800481226e-04,9.019607843137255054e-01,-3.921568627450980338e-02
9.978104842799915587e-04,8.627450980392157298e-01,-3.921568627450980338e-02
9.978124842799349949e-04,8.235294117647058432e-01,7.843137254901960675e-02
9.978144842798784310e-04,9.019607843137255054e-01,0.000000000000000000e+00
9.978164842798218671e-04,9.411764705882352811e-01,0.000000000000000000e+00
9.978184842797653033e-04,8.627450980392157298e-01,3.921568627450980338e-02
9.978204842797087394e-04,9.019607843137255054e-01,-1.568627450980392135e-01
9.978224842796521755e-04,8.627450980392157298e-01,7.843137254901960675e-02
9.978244842795956117e-04,9.411764705882352811e-01,-3.921568627450980338e-02
9.978264842795390478e-04,8.627450980392157298e-01,0.000000000000000000e+00
9.978284842794824840e-04,9.019607843137255054e-01,3.921568627450980338e-02
9.978304842794259201e-04,9.019607843137255054e-01,0.000000000000000000e+00
9.978324842793693562e-04,9.411764705882352811e-01,7.843137254901960675e-02
9.978344842793127924e-04,8.235294117647058432e-01,-7.843137254901960675e-02
9.978364842792562285e-04,9.019607843137255054e-01,7.843137254901960675e-02
9.978384842791996646e-04,9.019607843137255054e-01,0.000000000000000000e+00
9.978404842791431008e-04,9.411764705882352811e-01,-3.921568627450980338e-02
9.978424842790865369e-04,8.627450980392157298e-01,7.843137254901960675e-02
9.978444842790299731e-04,8.627450980392157298e-01,-7.843137254901960675e-02
9.978464842789734092e-04,9.019607843137255054e-01,1.568627450980392135e-01
9.978484842789168453e-04,9.411764705882352811e-01,0.000000000000000000e+00
9.978504842788602815e-04,8.627450980392157298e-01,-7.843137254901960675e-02
9.978524842788037176e-04,9.019607843137255054e-01,7.843137254901960675e-02
9.978544842787471537e-04,9.411764705882352811e-01,-3.921568627450980338e-02
9.978564842786905899e-04,9.411764705882352811e-01,0.000000000000000000e+00
9.978584842786340260e-04,8.235294117647058432e-01,3.921568627450980338e-02
9.978604842785774622e-04,8.627450980392157298e-01,-7.843137254901960675e-02
9.978624842785208983e-04,9.019607843137255054e-01,1.176470588235294101e-01
9.978644842784643344e-04,9.411764705882352811e-01,-3.921568627450980338e-02
9.978664842784077706e-04,8.235294117647058432e-01,0.000000000000000000e+00
9.978684842783512067e-04,9.019607843137255054e-01,3.921568627450980338e-02
9.978704842782946428e-04,9.019607843137255054e-01,0.000000000000000000e+00
9.978724842782380790e-04,9.411764705882352811e-01,7.843137254901960675e-02
9.978744842781815151e-04,8.627450980392157298e-01,-7.843137254901960675e-02
9.978764842781249512e-04,8.627450980392157298e-01,7.843137254901960675e-02
9.978784842780683874e-04,9.019607843137255054e-01,3.921568627450980338e-02
9.978804842780118235e-04,9.411764705882352811e-01,-3.921568627450980338e-02
9.978824842779552597e-04,8.627450980392157298e-01,7.843137254901960675e-02
9.978844842778986958e-04,9.019607843137255054e-01,-1.568627450980392135e-01
9.978864842778421319e-04,9.019607843137255054e-01,7.843137254901960675e-02
9.978884842777855681e-04,9.411764705882352811e-01,3.921568627450980338e-02
9.978904842777290042e-04,8.235294117647058432e-01,0.000000000000000000e+00
9.978924842776724403e-04,8.627450980392157298e-01,7.843137254901960675e-02
9.978944842776158765e-04,8.627450980392157298e-01,-3.921568627450980338e-02
9.978964842775593126e-04,9.411764705882352811e-01,3.921568627450980338e-02
9.978984842775027488e-04,8.235294117647058432e-01,3.921568627450980338e-02
9.979004842774461849e-04,9.019607843137255054e-01,0.000000000000000000e+00
9.979024842773896210e-04,9.019607843137255054e-01,1.176470588235294101e-01
9.979044842773330572e-04,9.411764705882352811e-01,-3.921568627450980338e-02
9.979064842772764933e-04,8.235294117647058432e-01,0.000000000000000000e+00
9.979084842772199294e-04,8.627450980392157298e-01,3.921568627450980338e-02
9.979104842771633656e-04,9.019607843137255054e-01,0.000000000000000000e+00
9.979124842771068017e-04,9.019607843137255054e-01,7.843137254901960675e-02
9.979144842770502379e-04,8.627450980392157298e-01,-3.921568627450980338e-02
9.979164842769936740e-04,8.627450980392157298e-01,3.921568627450980338e-02
9.979184842769371101e-04,9.411764705882352811e-01,3.921568627450980338e-02
9.979204842768805463e-04,9.411764705882352811e-01,-3.921568627450980338e-02
9.979224842768239824e-04,8.627450980392157298e-01,7.843137254901960675e-02
9.979244842767674185e-04,9.019607843137255054e-01,-7.843137254901960675e-02
9.979264842767108547e-04,9.019607843137255054e-01,7.843137254901960675e-02
9.979284842766542908e-04,9.411764705882352811e-01,3.921568627450980338e-02
9.979304842765977270e-04,8.235294117647058432e-01,-3.921568627450980338e-02
9.979324842765411631e-04,9.019607843137255054e-01,1.176470588235294101e-01
9.979344842764845992e-04,9.411764705882352811e-01,-3.921568627450980338e-02
9.979364842764280354e-04,9.411764705882352811e-01,3.921568627450980338e-02
9.979384842763714715e-04,8.627450980392157298e-01,3.921568627450980338e-02
9.979404842763149076e-04,8.627450980392157298e-01,-1.568627450980392135e-01
9.979424842762583438e-04,9.019607843137255054e-01,7.843137254901960675e-02
9.979444842762017799e-04,9.411764705882352811e-01,-3.921568627450980338e-02
9.979464842761452160e-04,8.627450980392157298e-01,0.000000000000000000e+00
9.979484842760886522e-04,8.627450980392157298e-01,0.000000000000000000e+00
9.979504842760320883e-04,9.411764705882352811e-01,0.000000000000000000e+00
9.979524842759755245e-04,9.411764705882352811e-01,7.843137254901960675e-02
9.979544842759189606e-04,8.627450980392157298e-01,-3.921568627450980338e-02
9.979564842758623967e-04,9.019607843137255054e-01,3.921568627450980338e-02
9.979584842758058329e-04,9.411764705882352811e-01,0.000000000000000000e+00
9.979604842757492690e-04,9.411764705882352811e-01,-3.921568627450980338e-02
9.979624842756927051e-04,8.627450980392157298e-01,7.843137254901960675e-02
9.979644842756361413e-04,8.627450980392157298e-01,-7.843137254901960675e-02
9.979664842755795774e-04,9.019607843137255054e-01,7.843137254901960675e-02
9.979684842755230136e-04,9.411764705882352811e-01,0.000000000000000000e+00
9.979704842754664497e-04,8.235294117647058432e-01,0.000000000000000000e+00
9.979724842754098858e-04,9.019607843137255054e-01,7.843137254901960675e-02
9.979744842753533220e-04,9.019607843137255054e-01,-3.921568627450980338e-02
9.979764842752967581e-04,9.411764705882352811e-01,3.921568627450980338e-02
9.979784842752401942e-04,8.235294117647058432e-01,7.843137254901960675e-02
9.979804842751836304e-04,9.019607843137255054e-01,-1.568627450980392135e-01
9.979824842751270665e-04,9.019607843137255054e-01,1.176470588235294101e-01
9.979844842750705027e-04,9.411764705882352811e-01,-3.921568627450980338e-02
9.979864842750139388e-04,7.843137254901960675e-01,0.000000000000000000e+00
9.979884842749573749e-04,8.627450980392157298e-01,0.000000000000000000e+00
9.979904842749008111e-04,9.019607843137255054e-01,0.000000000000000000e+00
9.979924842748442472e-04,9.411764705882352811e-01,3.921568627450980338e-02
9.979944842747876833e-04,8.627450980392157298e-01,-3.921568627450980338e-02
9.979964842747311195e-04,8.627450980392157298e-01,7.843137254901960675e-02
9.979984842746745556e-04,9.019607843137255054e-01,0.000000000000000000e+00
9.980004842746179917e-04,9.411764705882352811e-01,-3.921568627450980338e-02
9.980024842745614279e-04,8.235294117647058432e-01,1.176470588235294101e-01
9.980044842745048640e-04,8.627450980392157298e-01,-1.568627450980392135e-01
9.980064842744483002e-04,9.019607843137255054e-01,3.921568627450980338e-02
9.980084842743917363e-04,9.411764705882352811e-01,3.921568627450980338e-02
9.980104842743351724e-04,8.627450980392157298e-01,0.000000000000000000e+00
9.980124842742786086e-04,9.019607843137255054e-01,7.843137254901960675e-02
9.980144842742220447e-04,9.019607843137255054e-01,0.000000000000000000e+00
9.980164842741654808e-04,9.411764705882352811e-01,0.000000000000000000e+00
9.980184842741089170e-04,8.627450980392157298e-01,0.000000000000000000e+00
9.980204842740523531e-04,8.627450980392157298e-01,-1.568627450980392135e-01
9.980224842739957893e-04,9.019607843137255054e-01,1.176470588235294101e-01
9.980244842739392254e-04,9.411764705882352811e-01,-7.843137254901960675e-02
9.980264842738826615e-04,8.627450980392157298e-01,3.921568627450980338e-02
9.980284842738260977e-04,8.627450980392157298e-01,3.921568627450980338e-02
9.980304842737695338e-04,8.627450980392157298e-01,0.000000000000000000e+00
9.980324842737129699e-04,9.411764705882352811e-01,7.843137254901960675e-02
9.980344842736564061e-04,8.627450980392157298e-01,-7.843137254901960675e-02
9.980364842735998422e-04,9.019607843137255054e-01,3.921568627450980338e-02
9.980384842735432784e-04,9.019607843137255054e-01,0.000000000000000000e+00
9.980404842734867145e-04,9.411764705882352811e-01,-7.843137254901960675e-02
9.980424842734301506e-04,8.627450980392157298e-01,7.843137254901960675e-02
9.980444842733735868e-04,9.019607843137255054e-01,0.000000000000000000e+00
9.980464842733170229e-04,9.019607843137255054e-01,7.843137254901960675e-02
9.980484842732604590e-04,9.411764705882352811e-01,3.921568627450980338e-02
9.980504842732038952e-04,8.627450980392157298e-01,-3.921568627450980338e-02
9.980524842731473313e-04,8.627450980392157298e-01,1.176470588235294101e-01
9.980544842730907674e-04,9.019607843137255054e-01,-3.921568627450980338e-02
9.980564842730342036e-04,9.411764705882352811e-01,0.000000000000000000e+00
9.980584842729776397e-04,8.627450980392157298e-01,3.921568627450980338e-02
9.980604842729210759e-04,9.019607843137255054e-01,0.000000000000000000e+00
9.980624842728645120e-04,9.019607843137255054e-01,1.176470588235294101e-01
9.980644842728079481e-04,9.411764705882352811e-01,-7.843137254901960675e-02
9.980664842727513843e-04,8.627450980392157298e-01,0.000000000000000000e+00
9.980684842726948204e-04,8.627450980392157298e-01,0.000000000000000000e+00
9.980704842726382565e-04,9.019607843137255054e-01,0.000000000000000000e+00
9.980724842725816927e-04,9.019607843137255054e-01,7.843137254901960675e-02
9.980744842725251288e-04,8.627450980392157298e-01,-7.843137254901960675e-02
9.980764842724685650e-04,9.019607843137255054e-01,7.843137254901960675e-02
9.980784842724120011e-04,9.019607843137255054e-01,3.921568627450980338e-02
9.980804842723554372e-04,9.411764705882352811e-01,-3.921568627450980338e-02
9.980824842722988734e-04,8.627450980392157298e-01,7.843137254901960675e-02
9.980844842722423095e-04,9.019607843137255054e-01,-7.843137254901960675e-02
9.980864842721857456e-04,9.019607843137255054e-01,1.176470588235294101e-01
9.980884842721291818e-04,9.411764705882352811e-01,-3.921568627450980338e-02
9.980904842720726179e-04,8.235294117647058432e-01,-7.843137254901960675e-02
9.980924842720160541e-04,8.627450980392157298e-01,3.921568627450980338e-02
9.980944842719594902e-04,9.411764705882352811e-01,-3.921568627450980338e-02
9.980964842719029263e-04,9.019607843137255054e-01,3.921568627450980338e-02
9.980984842718463625e-04,8.627450980392157298e-01,0.000000000000000000e+00
9.981004842717897986e-04,8.627450980392157298e-01,-7.843137254901960675e-02
9.981024842717332347e-04,9.019607843137255054e-01,1.568627450980392135e-01
9.981044842716766709e-04,9.411764705882352811e-01,-3.921568627450980338e-02
9.981064842716201070e-04,8.627450980392157298e-01,3.921568627450980338e-02
9.981084842715635431e-04,8.627450980392157298e-01,3.921568627450980338e-02
9.981104842715069793e-04,9.411764705882352811e-01,0.000000000000000000e+00
9.981124842714504154e-04,9.411764705882352811e-01,7.843137254901960675e-02
9.981144842713938516e-04,8.627450980392157298e-01,-3.921568627450980338e-02
9.981164842713372877e-04,9.019607843137255054e-01,7.843137254901960675e-02
9.981184842712807238e-04,9.019607843137255054e-01,0.000000000000000000e+00
9.981204842712241600e-04,9.411764705882352811e-01,-3.921568627450980338e-02
9.981224842711675961e-04,8.235294117647058432e-01,7.843137254901960675e-02
9.981244842711110322e-04,9.019607843137255054e-01,-7.843137254901960675e-02
9.981264842710544684e-04,8.627450980392157298e-01,1.176470588235294101e-01
9.981284842709979045e-04,9.411764705882352811e-01,3.921568627450980338e-02
9.981304842709413407e-04,8.235294117647058432e-01,-3.921568627450980338e-02
9.981324842708847768e-04,8.627450980392157298e-01,7.843137254901960675e-02
9.981344842708282129e-04,9.019607843137255054e-01,0.000000000000000000e+00
9.981364842707716491e-04,9.411764705882352811e-01,3.921568627450980338e-02
9.981384842707150852e-04,8.627450980392157298e-01,3.921568627450980338e-02
9.981404842706585213e-04,8.627450980392157298e-01,-1.568627450980392135e-01
9.981424842706019575e-04,9.019607843137255054e-01,1.176470588235294101e-01
9.981444842705453936e-04,9.411764705882352811e-01,-3.921568627450980338e-02
9.981464842704888298e-04,8.235294117647058432e-01,3.921568627450980338e-02
9.981484842704322659e-04,9.019607843137255054e-01,3.921568627450980338e-02
9.981504842703757020e-04,9.411764705882352811e-01,3.921568627450980338e-02
9.981524842703191382e-04,9.411764705882352811e-01,7.843137254901960675e-02
9.981544842702625743e-04,8.235294117647058432e-01,-7.843137254901960675e-02
9.981564842702060104e-04,9.019607843137255054e-01,7.843137254901960675e-02
9.981584842701494466e-04,9.019607843137255054e-01,0.000000000000000000e+00
9.981604842700928827e-04,9.411764705882352811e-01,0.000000000000000000e+00
9.981624842700363189e-04,8.235294117647058432e-01,1.176470588235294101e-01
9.981644842699797550e-04,8.627450980392157298e-01,0.000000000000000000e+00
9.981664842699231911e-04,9.019607843137255054e-01,1.176470588235294101e-01
9.981684842698666273e-04,9.411764705882352811e-01,0.000000000000000000e+00
9.981704842698100634e-04,8.627450980392157298e-01,-7.843137254901960675e-02
9.981724842697534995e-04,8.235294117647058432e-01,7.843137254901960675e-02
9.981744842696969357e-04,9.019607843137255054e-01,-3.921568627450980338e-02
9.981764842696403718e-04,9.411764705882352811e-01,0.000000000000000000e+00
9.981784842695838079e-04,8.627450980392157298e-01,3.921568627450980338e-02
9.981804842695272441e-04,8.627450980392157298e-01,-7.843137254901960675e-02
9.981824842694706802e-04,8.627450980392157298e-01,1.176470588235294101e-01
9.981844842694141164e-04,9.411764705882352811e-01,-3.921568627450980338e-02
9.981864842693575525e-04,8.235294117647058432e-01,3.921568627450980338e-02
9.981884842693009886e-04,9.019607843137255054e-01,3.921568627450980338e-02
9.981904842692444248e-04,8.627450980392157298e-01,0.000000000000000000e+00
9.981924842691878609e-04,9.411764705882352811e-01,7.843137254901960675e-02
9.981944842691312970e-04,8.627450980392157298e-01,-7.843137254901960675e-02
9.981964842690747332e-04,8.627450980392157298e-01,7.843137254901960675e-02
9.981984842690181693e-04,9.019607843137255054e-01,0.000000000000000000e+00
9.982004842689616055e-04,9.411764705882352811e-01,-3.921568627450980338e-02
9.982024842689050416e-04,8.627450980392157298e-01,7.843137254901960675e-02
9.982044842688484777e-04,9.411764705882352811e-01,-7.843137254901960675e-02
9.982064842687919139e-04,9.019607843137255054e-01,1.176470588235294101e-01
9.982084842687353500e-04,9.411764705882352811e-01,3.921568627450980338e-02
9.982104842686787861e-04,8.627450980392157298e-01,-3.921568627450980338e-02
9.982124842686222223e-04,8.627450980392157298e-01,7.843137254901960675e-02
9.982144842685656584e-04,9.411764705882352811e-01,-3.921568627450980338e-02
9.982164842685090946e-04,9.019607843137255054e-01,3.921568627450980338e-02
9.982184842684525307e-04,8.235294117647058432e-01,3.921568627450980338e-02
9.982204842683959668e-04,9.411764705882352811e-01,-3.921568627450980338e-02
9.982224842683394030e-04,9.019607843137255054e-01,7.843137254901960675e-02
9.982244842682828391e-04,9.411764705882352811e-01,-3.921568627450980338e-02
9.982264842682262752e-04,8.627450980392157298e-01,0.000000000000000000e+00
9.982284842681697114e-04,8.627450980392157298e-01,3.921568627450980338e-02
9.982304842681131475e-04,9.411764705882352811e-01,0.000000000000000000e+00
9.982324842680565836e-04,9.019607843137255054e-01,3.921568627450980338e-02
9.982344842680000198e-04,8.627450980392157298e-01,-3.921568627450980338e-02
9.982364842679434559e-04,8.627450980392157298e-01,7.843137254901960675e-02
9.982384842678868921e-04,9.019607843137255054e-01,3.921568627450980338e-02
9.982404842678303282e-04,9.411764705882352811e-01,-3.921568627450980338e-02
9.982424842677737643e-04,8.627450980392157298e-01,7.843137254901960675e-02
9.982444842677172005e-04,8.627450980392157298e-01,0.000000000000000000e+00
9.982464842676606366e-04,9.019607843137255054e-01,1.176470588235294101e-01
9.982484842676040727e-04,9.411764705882352811e-01,-3.921568627450980338e-02
9.982504842675475089e-04,8.235294117647058432e-01,-3.921568627450980338e-02
9.982524842674909450e-04,8.627450980392157298e-01,7.843137254901960675e-02
9.982544842674343812e-04,9.411764705882352811e-01,-7.843137254901960675e-02
9.982564842673778173e-04,9.411764705882352811e-01,3.921568627450980338e-02
9.982584842673212534e-04,8.627450980392157298e-01,3.921568627450980338e-02
9.982604842672646896e-04,9.019607843137255054e-01,-7.843137254901960675e-02
9.982624842672081257e-04,8.627450980392157298e-01,1.176470588235294101e-01
9.982644842671515618e-04,9.411764705882352811e-01,-7.843137254901960675e-02
9.982664842670949980e-04,8.235294117647058432e-01,0.000000000000000000e+00
9.982684842670384341e-04,8.627450980392157298e-01,3.921568627450980338e-02
9.982704842669818703e-04,9.019607843137255054e-01,0.000000000000000000e+00
9.982724842669253064e-04,9.411764705882352811e-01,7.843137254901960675e-02
9.982744842668687425e-04,8.627450980392157298e-01,-3.921568627450980338e-02
9.982764842668121787e-04,9.019607843137255054e-01,3.921568627450980338e-02
9.982784842667556148e-04,9.411764705882352811e-01,0.000000000000000000e+00
9.982804842666990509e-04,9.411764705882352811e-01,-7.843137254901960675e-02
9.982824842666424871e-04,8.627450980392157298e-01,7.843137254901960675e-02
9.982844842665859232e-04,8.627450980392157298e-01,-1.568627450980392135e-01
9.982864842665293593e-04,8.627450980392157298e-01,7.843137254901960675e-02
9.982884842664727955e-04,9.411764705882352811e-01,0.000000000000000000e+00
9.982904842664162316e-04,8.627450980392157298e-01,0.000000000000000000e+00
9.982924842663596678e-04,9.019607843137255054e-01,7.843137254901960675e-02
9.982944842663031039e-04,9.019607843137255054e-01,0.000000000000000000e+00
9.982964842662465400e-04,9.411764705882352811e-01,3.921568627450980338e-02
9.982984842661899762e-04,8.627450980392157298e-01,0.000000000000000000e+00
9.983004842661334123e-04,8.627450980392157298e-01,-1.568627450980392135e-01
9.983024842660768484e-04,9.019607843137255054e-01,1.176470588235294101e-01
9.983044842660202846e-04,9.411764705882352811e-01,-3.921568627450980338e-02
9.983064842659637207e-04,8.235294117647058432e-01,3.921568627450980338e-02
9.983084842659071569e-04,9.019607843137255054e-01,3.921568627450980338e-02
9.983104842658505930e-04,9.019607843137255054e-01,0.000000000000000000e+00
9.983124842657940291e-04,9.411764705882352811e-01,7.843137254901960675e-02
9.983144842657374653e-04,8.235294117647058432e-01,0.000000000000000000e+00
9.983164842656809014e-04,8.627450980392157298e-01,7.843137254901960675e-02
9.983184842656243375e-04,9.019607843137255054e-01,3.921568627450980338e-02
9.983204842655677737e-04,9.411764705882352811e-01,-3.921568627450980338e-02
9.983224842655112098e-04,8.235294117647058432e-01,1.176470588235294101e-01
9.983244842654546460e-04,9.019607843137255054e-01,-7.843137254901960675e-02
9.983264842653980821e-04,9.411764705882352811e-01,7.843137254901960675e-02
9.983284842653415182e-04,9.411764705882352811e-01,3.921568627450980338e-02
9.983304842652849544e-04,8.627450980392157298e-01,-3.921568627450980338e-02
9.983324842652283905e-04,8.627450980392157298e-01,1.176470588235294101e-01
9.983344842651718266e-04,9.019607843137255054e-01,-3.921568627450980338e-02
9.983364842651152628e-04,9.019607843137255054e-01,0.000000000000000000e+00
9.983384842650586989e-04,8.627450980392157298e-01,0.000000000000000000e+00
9.983404842650021351e-04,9.019607843137255054e-01,-1.568627450980392135e-01
9.983424842649455712e-04,8.627450980392157298e-01,7.843137254901960675e-02
9.983444842648890073e-04,9.411764705882352811e-01,-3.921568627450980338e-02
9.983464842648324435e-04,8.627450980392157298e-01,0.000000000000000000e+00
9.983484842647758796e-04,8.235294117647058432e-01,3.921568627450980338e-02
9.983504842647193157e-04,9.019607843137255054e-01,-3.921568627450980338e-02
9.983524842646627519e-04,9.019607843137255054e-01,7.843137254901960675e-02
9.983544842646061880e-04,8.627450980392157298e-01,-7.843137254901960675e-02
9.983564842645496241e-04,9.019607843137255054e-01,7.843137254901960675e-02
9.983584842644930603e-04,9.411764705882352811e-01,0.000000000000000000e+00
9.983604842644364964e-04,9.411764705882352811e-01,-3.921568627450980338e-02
9.983624842643799326e-04,8.235294117647058432e-01,7.843137254901960675e-02
9.983644842643233687e-04,8.627450980392157298e-01,-7.843137254901960675e-02
9.983664842642668048e-04,8.627450980392157298e-01,7.843137254901960675e-02
9.983684842642102410e-04,9.411764705882352811e-01,0.000000000000000000e+00
9.983704842641536771e-04,8.235294117647058432e-01,-3.921568627450980338e-02
9.983724842640971132e-04,8.235294117647058432e-01,7.843137254901960675e-02
9.983744842640405494e-04,9.019607843137255054e-01,0.000000000000000000e+00
9.983764842639839855e-04,9.411764705882352811e-01,3.921568627450980338e-02
9.983784842639274217e-04,8.235294117647058432e-01,3.921568627450980338e-02
9.983804842638708578e-04,9.019607843137255054e-01,-1.568627450980392135e-01
9.983824842638142939e-04,9.019607843137255054e-01,1.176470588235294101e-01
9.983844842637577301e-04,9.411764705882352811e-01,-3.921568627450980338e-02
9.983864842637011662e-04,8.627450980392157298e-01,0.000000000000000000e+00
9.983884842636446023e-04,8.627450980392157298e-01,3.921568627450980338e-02
9.983904842635880385e-04,9.019607843137255054e-01,0.000000000000000000e+00
9.983924842635314746e-04,9.411764705882352811e-01,7.843137254901960675e-02
9.983944842634749108e-04,8.627450980392157298e-01,-3.921568627450980338e-02
9.983964842634183469e-04,9.019607843137255054e-01,7.843137254901960675e-02
9.983984842633617830e-04,9.019607843137255054e-01,0.000000000000000000e+00
9.984004842633052192e-04,9.411764705882352811e-01,-3.921568627450980338e-02
9.984024842632486553e-04,8.627450980392157298e-01,7.843137254901960675e-02
9.984044842631920914e-04,8.627450980392157298e-01,-1.568627450980392135e-01
9.984064842631355276e-04,9.019607843137255054e-01,1.176470588235294101e-01
9.984084842630789637e-04,9.411764705882352811e-01,0.000000000000000000e+00
9.984104842630223998e-04,8.627450980392157298e-01,-3.921568627450980338e-02
9.984124842629658360e-04,8.627450980392157298e-01,7.843137254901960675e-02
9.984144842629092721e-04,9.019607843137255054e-01,0.000000000000000000e+00
9.984164842628527083e-04,9.411764705882352811e-01,3.921568627450980338e-02
9.984184842627961444e-04,8.627450980392157298e-01,0.000000000000000000e+00
9.984204842627395805e-04,9.019607843137255054e-01,-1.568627450980392135e-01
9.984224842626830167e-04,9.019607843137255054e-01,1.176470588235294101e-01
9.984244842626264528e-04,9.411764705882352811e-01,-3.921568627450980338e-02
9.984264842625698889e-04,8.235294117647058432e-01,0.000000000000000000e+00
9.984284842625133251e-04,9.019607843137255054e-01,3.921568627450980338e-02
9.984304842624567612e-04,9.411764705882352811e-01,3.921568627450980338e-02
9.984324842624001974e-04,9.411764705882352811e-01,7.843137254901960675e-02
9.984344842623436335e-04,8.627450980392157298e-01,-7.843137254901960675e-02
9.984364842622870696e-04,9.019607843137255054e-01,7.843137254901960675e-02
9.984384842622305058e-04,9.019607843137255054e-01,0.000000000000000000e+00
9.984404842621739419e-04,9.411764705882352811e-01,-3.921568627450980338e-02
9.984424842621173780e-04,8.627450980392157298e-01,7.843137254901960675e-02
9.984444842620608142e-04,9.019607843137255054e-01,-7.843137254901960675e-02
9.984464842620042503e-04,9.019607843137255054e-01,1.176470588235294101e-01
9.984484842619476865e-04,9.411764705882352811e-01,0.000000000000000000e+00
9.984504842618911226e-04,8.627450980392157298e-01,-3.921568627450980338e-02
9.984524842618345587e-04,8.627450980392157298e-01,7.843137254901960675e-02
9.984544842617779949e-04,9.019607843137255054e-01,0.000000000000000000e+00
9.984564842617214310e-04,9.411764705882352811e-01,3.921568627450980338e-02
9.984584842616648671e-04,8.627450980392157298e-01,0.000000000000000000e+00
9.984604842616083033e-04,9.019607843137255054e-01,-3.921568627450980338e-02
9.984624842615517394e-04,9.019607843137255054e-01,1.176470588235294101e-01
9.984644842614951755e-04,9.411764705882352811e-01,-3.921568627450980338e-02
9.984664842614386117e-04,8.235294117647058432e-01,0.000000000000000000e+00
9.984684842613820478e-04,9.019607843137255054e-01,0.000000000000000000e+00
9.984704842613254840e-04,9.019607843137255054e-01,0.000000000000000000e+00
9.984724842612689201e-04,9.411764705882352811e-01,7.843137254901960675e-02
9.984744842612123562e-04,8.627450980392157298e-01,-3.921568627450980338e-02
9.984764842611557924e-04,8.627450980392157298e-01,7.843137254901960675e-02
9.984784842610992285e-04,9.019607843137255054e-01,0.000000000000000000e+00
9.984804842610426646e-04,9.411764705882352811e-01,-3.921568627450980338e-02
9.984824842609861008e-04,8.235294117647058432e-01,7.843137254901960675e-02
9.984844842609295369e-04,9.019607843137255054e-01,-7.843137254901960675e-02
9.984864842608729731e-04,9.019607843137255054e-01,7.843137254901960675e-02
9.984884842608164092e-04,9.019607843137255054e-01,0.000000000000000000e+00
9.984904842607598453e-04,8.627450980392157298e-01,-3.921568627450980338e-02
9.984924842607032815e-04,8.627450980392157298e-01,7.843137254901960675e-02
9.984944842606467176e-04,9.019607843137255054e-01,0.000000000000000000e+00
9.984964842605901537e-04,9.411764705882352811e-01,3.921568627450980338e-02
9.984984842605335899e-04,8.235294117647058432e-01,3.921568627450980338e-02
9.985004842604770260e-04,9.019607843137255054e-01,-3.921568627450980338e-02
9.985024842604204622e-04,9.019607843137255054e-01,7.843137254901960675e-02
9.985044842603638983e-04,9.411764705882352811e-01,-3.921568627450980338e-02
9.985064842603073344e-04,8.627450980392157298e-01,0.000000000000000000e+00
9.985084842602507706e-04,9.019607843137255054e-01,0.000000000000000000e+00
9.985104842601942067e-04,9.019607843137255054e-01,0.000000000000000000e+00
9.985124842601376428e-04,9.411764705882352811e-01,7.843137254901960675e-02
9.985144842600810790e-04,8.235294117647058432e-01,-7.843137254901960675e-02
9.985164842600245151e-04,8.627450980392157298e-01,7.843137254901960675e-02
9.985184842599679512e-04,9.019607843137255054e-01,0.000000000000000000e+00
9.985204842599113874e-04,9.411764705882352811e-01,-3.921568627450980338e-02
9.985224842598548235e-04,8.235294117647058432e-01,7.843137254901960675e-02
9.985244842597982597e-04,8.235294117647058432e-01,-7.843137254901960675e-02
9.985264842597416958e-04,9.019607843137255054e-01,1.568627450980392135e-01
9.985284842596851319e-04,9.411764705882352811e-01,0.000000000000000000e+00
9.985304842596285681e-04,8.235294117647058432e-01,-7.843137254901960675e-02
9.985324842595720042e-04,8.627450980392157298e-01,7.843137254901960675e-02
9.985344842595154403e-04,9.019607843137255054e-01,-3.921568627450980338e-02
9.985364842594588765e-04,9.411764705882352811e-01,0.000000000000000000e+00
9.985384842594023126e-04,8.627450980392157298e-01,3.921568627450980338e-02
9.985404842593457488e-04,9.019607843137255054e-01,-1.568627450980392135e-01
9.985424842592891849e-04,9.019607843137255054e-01,1.176470588235294101e-01
9.985444842592326210e-04,9.411764705882352811e-01,-3.921568627450980338e-02
9.985464842591760572e-04,8.627450980392157298e-01,0.000000000000000000e+00
9.985484842591194933e-04,8.627450980392157298e-01,0.000000000000000000e+00
9.985504842590629294e-04,9.019607843137255054e-01,0.000000000000000000e+00
9.985524842590063656e-04,9.411764705882352811e-01,7.843137254901960675e-02
9.985544842589498017e-04,8.235294117647058432e-01,-7.843137254901960675e-02
9.985564842588932379e-04,8.627450980392157298e-01,7.843137254901960675e-02
9.985584842588366740e-04,9.019607843137255054e-01,3.921568627450980338e-02
9.985604842587801101e-04,9.411764705882352811e-01,-7.843137254901960675e-02
9.985624842587235463e-04,8.627450980392157298e-01,7.843137254901960675e-02
9.985644842586669824e-04,9.019607843137255054e-01,-1.568627450980392135e-01
9.985664842586104185e-04,9.019607843137255054e-01,7.843137254901960675e-02
9.985684842585538547e-04,9.411764705882352811e-01,3.921568627450980338e-02
9.985704842584972908e-04,8.627450980392157298e-01,-3.921568627450980338e-02
9.985724842584407270e-04,8.627450980392157298e-01,3.921568627450980338e-02
9.985744842583841631e-04,8.627450980392157298e-01,0.000000000000000000e+00
9.985764842583275992e-04,9.411764705882352811e-01,0.000000000000000000e+00
9.985784842582710354e-04,8.627450980392157298e-01,3.921568627450980338e-02
9.985804842582144715e-04,8.627450980392157298e-01,-7.843137254901960675e-02
9.985824842581579076e-04,9.019607843137255054e-01,1.176470588235294101e-01
9.985844842581013438e-04,9.019607843137255054e-01,-3.921568627450980338e-02
9.985864842580447799e-04,8.627450980392157298e-01,0.000000000000000000e+00
9.985884842579882160e-04,8.627450980392157298e-01,3.921568627450980338e-02
9.985904842579316522e-04,9.019607843137255054e-01,0.000000000000000000e+00
9.985924842578750883e-04,9.411764705882352811e-01,7.843137254901960675e-02
9.985944842578185245e-04,8.627450980392157298e-01,-7.843137254901960675e-02
9.985964842577619606e-04,8.627450980392157298e-01,7.843137254901960675e-02
9.985984842577053967e-04,9.019607843137255054e-01,3.921568627450980338e-02
9.986004842576488329e-04,9.411764705882352811e-01,-7.843137254901960675e-02
9.986024842575922690e-04,8.627450980392157298e-01,7.843137254901960675e-02
9.986044842575357051e-04,9.019607843137255054e-01,-7.843137254901960675e-02
9.986064842574791413e-04,9.019607843137255054e-01,1.568627450980392135e-01
9.986084842574225774e-04,9.411764705882352811e-01,0.000000000000000000e+00
9.986104842573660136e-04,8.627450980392157298e-01,-3.921568627450980338e-02
9.986124842573094497e-04,8.627450980392157298e-01,7.843137254901960675e-02
9.986144842572528858e-04,9.411764705882352811e-01,-3.921568627450980338e-02
9.986164842571963220e-04,9.019607843137255054e-01,3.921568627450980338e-02
9.986184842571397581e-04,8.627450980392157298e-01,7.843137254901960675e-02
9.986204842570831942e-04,8.627450980392157298e-01,-1.568627450980392135e-01
9.986224842570266304e-04,9.019607843137255054e-01,1.176470588235294101e-01
9.986244842569700665e-04,9.411764705882352811e-01,0.000000000000000000e+00
9.986264842569135027e-04,8.627450980392157298e-01,0.000000000000000000e+00
9.986284842568569388e-04,9.019607843137255054e-01,3.921568627450980338e-02
9.986304842568003749e-04,9.019607843137255054e-01,0.000000000000000000e+00
9.986324842567438111e-04,9.411764705882352811e-01,7.843137254901960675e-02
9.986344842566872472e-04,8.627450980392157298e-01,-7.843137254901960675e-02
9.986364842566306833e-04,8.627450980392157298e-01,7.843137254901960675e-02
9.986384842565741195e-04,8.627450980392157298e-01,0.000000000000000000e+00
9.986404842565175556e-04,9.411764705882352811e-01,-3.921568627450980338e-02
9.986424842564609917e-04,8.627450980392157298e-01,7.843137254901960675e-02
9.986444842564044279e-04,9.019607843137255054e-01,-7.843137254901960675e-02
9.986464842563478640e-04,9.019607843137255054e-01,7.843137254901960675e-02
9.986484842562913002e-04,9.019607843137255054e-01,3.921568627450980338e-02
9.986504842562347363e-04,8.235294117647058432e-01,-3.921568627450980338e-02
9.986524842561781724e-04,8.627450980392157298e-01,7.843137254901960675e-02
9.986544842561216086e-04,9.019607843137255054e-01,-7.843137254901960675e-02
9.986564842560650447e-04,9.411764705882352811e-01,0.000000000000000000e+00
9.986584842560084808e-04,8.235294117647058432e-01,3.921568627450980338e-02
9.986604842559519170e-04,9.019607843137255054e-01,-1.568627450980392135e-01
9.986624842558953531e-04,9.019607843137255054e-01,7.843137254901960675e-02
9.986644842558387893e-04,9.411764705882352811e-01,-3.921568627450980338e-02
9.986664842557822254e-04,8.627450980392157298e-01,0.000000000000000000e+00
9.986684842557256615e-04,8.627450980392157298e-01,3.921568627450980338e-02
9.986704842556690977e-04,9.019607843137255054e-01,0.000000000000000000e+00
9.986724842556125338e-04,9.019607843137255054e-01,1.176470588235294101e-01
9.986744842555559699e-04,8.235294117647058432e-01,-7.843137254901960675e-02
9.986764842554994061e-04,8.627450980392157298e-01,7.843137254901960675e-02
9.986784842554428422e-04,9.019607843137255054e-01,3.921568627450980338e-02
9.986804842553862784e-04,9.411764705882352811e-01,-3.921568627450980338e-02
9.986824842553297145e-04,8.627450980392157298e-01,7.843137254901960675e-02
9.986844842552731506e-04,9.019607843137255054e-01,-7.843137254901960675e-02
9.986864842552165868e-04,9.019607843137255054e-01,7.843137254901960675e-02
9.986884842551600229e-04,9.411764705882352811e-01,3.921568627450980338e-02
9.986904842551034590e-04,8.627450980392157298e-01,-7.843137254901960675e-02
9.986924842550468952e-04,9.019607843137255054e-01,3.921568627450980338e-02
9.986944842549903313e-04,9.019607843137255054e-01,-3.921568627450980338e-02
9.986964842549337674e-04,9.411764705882352811e-01,0.000000000000000000e+00
9.986984842548772036e-04,8.627450980392157298e-01,3.921568627450980338e-02
9.987004842548206397e-04,9.019607843137255054e-01,-1.568627450980392135e-01
9.987024842547640759e-04,9.411764705882352811e-01,1.176470588235294101e-01
9.987044842547075120e-04,9.411764705882352811e-01,-7.843137254901960675e-02
9.987064842546509481e-04,8.627450980392157298e-01,0.000000000000000000e+00
9.987084842545943843e-04,8.235294117647058432e-01,0.000000000000000000e+00
9.987104842545378204e-04,9.019607843137255054e-01,3.921568627450980338e-02
9.987124842544812565e-04,9.411764705882352811e-01,7.843137254901960675e-02
9.987144842544246927e-04,8.627450980392157298e-01,-7.843137254901960675e-02
9.987164842543681288e-04,9.019607843137255054e-01,7.843137254901960675e-02
9.987184842543115650e-04,9.411764705882352811e-01,0.000000000000000000e+00
9.987204842542550011e-04,9.411764705882352811e-01,-3.921568627450980338e-02
9.987224842541984372e-04,8.235294117647058432e-01,7.843137254901960675e-02
9.987244842541418734e-04,9.019607843137255054e-01,0.000000000000000000e+00
9.987264842540853095e-04,9.411764705882352811e-01,1.176470588235294101e-01
9.987284842540287456e-04,9.411764705882352811e-01,0.000000000000000000e+00
9.987304842539721818e-04,8.235294117647058432e-01,-7.843137254901960675e-02
9.987324842539156179e-04,8.235294117647058432e-01,7.843137254901960675e-02
9.987344842538590541e-04,9.019607843137255054e-01,-3.921568627450980338e-02
9.987364842538024902e-04,9.411764705882352811e-01,3.921568627450980338e-02
9.987384842537459263e-04,8.235294117647058432e-01,0.000000000000000000e+00
9.987404842536893625e-04,9.019607843137255054e-01,-7.843137254901960675e-02
9.987424842536327986e-04,8.627450980392157298e-01,1.176470588235294101e-01
9.987444842535762347e-04,9.411764705882352811e-01,-3.921568627450980338e-02
9.987464842535196709e-04,8.235294117647058432e-01,0.000000000000000000e+00
9.987484842534631070e-04,8.235294117647058432e-01,3.921568627450980338e-02
9.987504842534065432e-04,8.627450980392157298e-01,0.000000000000000000e+00
9.987524842533499793e-04,9.019607843137255054e-01,7.843137254901960675e-02
9.987544842532934154e-04,8.235294117647058432e-01,-3.921568627450980338e-02
9.987564842532368516e-04,8.627450980392157298e-01,7.843137254901960675e-02
9.987584842531802877e-04,8.627450980392157298e-01,0.000000000000000000e+00
9.987604842531237238e-04,9.411764705882352811e-01,-7.843137254901960675e-02
9.987624842530671600e-04,8.235294117647058432e-01,7.843137254901960675e-02
9.987644842530105961e-04,9.019607843137255054e-01,0.000000000000000000e+00
9.987664842529540322e-04,9.019607843137255054e-01,7.843137254901960675e-02
9.987684842528974684e-04,9.019607843137255054e-01,0.000000000000000000e+00
9.987704842528409045e-04,8.235294117647058432e-01,-3.921568627450980338e-02
9.987724842527843407e-04,8.235294117647058432e-01,7.843137254901960675e-02
9.987744842527277768e-04,9.019607843137255054e-01,0.000000000000000000e+00
9.987764842526712129e-04,9.411764705882352811e-01,3.921568627450980338e-02
9.987784842526146491e-04,8.627450980392157298e-01,0.000000000000000000e+00
9.987804842525580852e-04,9.019607843137255054e-01,-1.568627450980392135e-01
9.987824842525015213e-04,9.019607843137255054e-01,7.843137254901960675e-02
9.987844842524449575e-04,9.411764705882352811e-01,-3.921568627450980338e-02
9.987864842523883936e-04,8.627450980392157298e-01,0.000000000000000000e+00
9.987884842523318298e-04,8.627450980392157298e-01,3.921568627450980338e-02
9.987904842522752659e-04,9.019607843137255054e-01,0.000000000000000000e+00
9.987924842522187020e-04,9.411764705882352811e-01,1.176470588235294101e-01
9.987944842521621382e-04,8.627450980392157298e-01,-3.921568627450980338e-02
9.987964842521055743e-04,9.019607843137255054e-01,3.921568627450980338e-02
9.987984842520490104e-04,9.019607843137255054e-01,0.000000000000000000e+00
9.988004842519924466e-04,9.411764705882352811e-01,-3.921568627450980338e-02
9.988024842519358827e-04,8.235294117647058432e-01,7.843137254901960675e-02
9.988044842518793189e-04,9.019607843137255054e-01,0.000000000000000000e+00
9.988064842518227550e-04,9.019607843137255054e-01,1.176470588235294101e-01
9.988084842517661911e-04,9.019607843137255054e-01,0.000000000000000000e+00
9.988104842517096273e-04,8.627450980392157298e-01,0.000000000000000000e+00
9.988124842516530634e-04,9.019607843137255054e-01,7.843137254901960675e-02
9.988144842515964995e-04,9.411764705882352811e-01,3.921568627450980338e-02
9.988164842515399357e-04,9.019607843137255054e-01,0.000000000000000000e+00
9.988184842514833718e-04,8.627450980392157298e-01,3.921568627450980338e-02
9.988204842514268079e-04,8.627450980392157298e-01,-3.921568627450980338e-02
9.988224842513702441e-04,9.019607843137255054e-01,1.176470588235294101e-01
9.988244842513136802e-04,9.411764705882352811e-01,-3.921568627450980338e-02
9.988264842512571164e-04,8.235294117647058432e-01,0.000000000000000000e+00
9.988284842512005525e-04,8.627450980392157298e-01,3.921568627450980338e-02
9.988304842511439886e-04,9.019607843137255054e-01,0.000000000000000000e+00
9.988324842510874248e-04,9.411764705882352811e-01,7.843137254901960675e-02
9.988344842510308609e-04,8.235294117647058432e-01,-7.843137254901960675e-02
9.988364842509742970e-04,8.235294117647058432e-01,3.921568627450980338e-02
9.988384842509177332e-04,8.627450980392157298e-01,0.000000000000000000e+00
9.988404842508611693e-04,9.411764705882352811e-01,-3.921568627450980338e-02
9.988424842508046055e-04,8.235294117647058432e-01,7.843137254901960675e-02
9.988444842507480416e-04,8.627450980392157298e-01,-7.843137254901960675e-02
9.988464842506914777e-04,9.019607843137255054e-01,7.843137254901960675e-02
9.988484842506349139e-04,9.411764705882352811e-01,3.921568627450980338e-02
9.988504842505783500e-04,8.627450980392157298e-01,-3.921568627450980338e-02
9.988524842505217861e-04,9.019607843137255054e-01,1.176470588235294101e-01
9.988544842504652223e-04,9.019607843137255054e-01,-3.921568627450980338e-02
9.988564842504086584e-04,9.019607843137255054e-01,0.000000000000000000e+00
9.988584842503520946e-04,8.627450980392157298e-01,7.843137254901960675e-02
9.988604842502955307e-04,9.019607843137255054e-01,-1.568627450980392135e-01
9.988624842502389668e-04,9.411764705882352811e-01,7.843137254901960675e-02
9.988644842501824030e-04,9.411764705882352811e-01,-3.921568627450980338e-02
9.988664842501258391e-04,8.627450980392157298e-01,0.000000000000000000e+00
9.988684842500692752e-04,8.627450980392157298e-01,3.921568627450980338e-02
9.988704842500127114e-04,9.411764705882352811e-01,0.000000000000000000e+00
9.988724842499561475e-04,9.411764705882352811e-01,7.843137254901960675e-02
9.988744842498995836e-04,8.627450980392157298e-01,-7.843137254901960675e-02
9.988764842498430198e-04,9.019607843137255054e-01,3.921568627450980338e-02
9.988784842497864559e-04,9.019607843137255054e-01,3.921568627450980338e-02
9.988804842497298921e-04,9.411764705882352811e-01,0.000000000000000000e+00
9.988824842496733282e-04,8.627450980392157298e-01,7.843137254901960675e-02
9.988844842496167643e-04,8.627450980392157298e-01,0.000000000000000000e+00
9.988864842495602005e-04,8.627450980392157298e-01,1.176470588235294101e-01
9.988884842495036366e-04,9.411764705882352811e-01,0.000000000000000000e+00
9.988904842494470727e-04,8.235294117647058432e-01,-3.921568627450980338e-02
9.988924842493905089e-04,8.627450980392157298e-01,7.843137254901960675e-02
9.988944842493339450e-04,9.019607843137255054e-01,-3.921568627450980338e-02
9.988964842492773812e-04,9.411764705882352811e-01,3.921568627450980338e-02
9.988984842492208173e-04,8.235294117647058432e-01,3.921568627450980338e-02
9.989004842491642534e-04,9.019607843137255054e-01,-1.568627450980392135e-01
9.989024842491076896e-04,9.019607843137255054e-01,7.843137254901960675e-02
9.989044842490511257e-04,9.411764705882352811e-01,-3.921568627450980338e-02
9.989064842489945618e-04,8.627450980392157298e-01,0.000000000000000000e+00
9.989084842489379980e-04,9.019607843137255054e-01,3.921568627450980338e-02
9.989104842488814341e-04,9.019607843137255054e-01,3.921568627450980338e-02
9.989124842488248703e-04,9.411764705882352811e-01,7.843137254901960675e-02
9.989144842487683064e-04,8.627450980392157298e-01,-3.921568627450980338e-02
9.989164842487117425e-04,9.019607843137255054e-01,7.843137254901960675e-02
9.989184842486551787e-04,9.019607843137255054e-01,0.000000000000000000e+00
9.989204842485986148e-04,9.411764705882352811e-01,-3.921568627450980338e-02
9.989224842485420509e-04,8.235294117647058432e-01,7.843137254901960675e-02
9.989244842484854871e-04,9.019607843137255054e-01,-1.568627450980392135e-01
9.989264842484289232e-04,9.019607843137255054e-01,7.843137254901960675e-02
9.989284842483723593e-04,9.411764705882352811e-01,0.000000000000000000e+00
9.989304842483157955e-04,8.627450980392157298e-01,-3.921568627450980338e-02
9.989324842482592316e-04,9.019607843137255054e-01,7.843137254901960675e-02
9.989344842482026678e-04,9.019607843137255054e-01,-7.843137254901960675e-02
9.989364842481461039e-04,9.411764705882352811e-01,0.000000000000000000e+00
9.989384842480895400e-04,8.627450980392157298e-01,3.921568627450980338e-02
9.989404842480329762e-04,9.019607843137255054e-01,-1.568627450980392135e-01
9.989424842479764123e-04,9.019607843137255054e-01,1.176470588235294101e-01
9.989444842479198484e-04,9.019607843137255054e-01,-7.843137254901960675e-02
9.989464842478632846e-04,8.627450980392157298e-01,0.000000000000000000e+00
9.989484842478067207e-04,9.411764705882352811e-01,3.921568627450980338e-02
9.989504842477501569e-04,9.019607843137255054e-01,0.000000000000000000e+00
9.989524842476935930e-04,9.411764705882352811e-01,3.921568627450980338e-02
9.989544842476370291e-04,8.627450980392157298e-01,-3.921568627450980338e-02
9.989564842475804653e-04,9.019607843137255054e-01,3.921568627450980338e-02
9.989584842475239014e-04,9.019607843137255054e-01,0.000000000000000000e+00
9.989604842474673375e-04,9.411764705882352811e-01,-7.843137254901960675e-02
9.989624842474107737e-04,8.235294117647058432e-01,7.843137254901960675e-02
9.989644842473542098e-04,9.019607843137255054e-01,-1.568627450980392135e-01
9.989664842472976460e-04,9.411764705882352811e-01,1.176470588235294101e-01
9.989684842472410821e-04,9.803921568627450567e-01,0.000000000000000000e+00
9.989704842471845182e-04,8.627450980392157298e-01,-3.921568627450980338e-02
9.989724842471279544e-04,8.627450980392157298e-01,7.843137254901960675e-02
9.989744842470713905e-04,9.411764705882352811e-01,-3.921568627450980338e-02
9.989764842470148266e-04,9.411764705882352811e-01,0.000000000000000000e+00
9.989784842469582628e-04,8.627450980392157298e-01,3.921568627450980338e-02
9.989804842469016989e-04,8.627450980392157298e-01,-7.843137254901960675e-02
9.989824842468451351e-04,9.019607843137255054e-01,1.176470588235294101e-01
9.989844842467885712e-04,9.019607843137255054e-01,-7.843137254901960675e-02
9.989864842467320073e-04,8.627450980392157298e-01,0.000000000000000000e+00
9.989884842466754435e-04,9.019607843137255054e-01,3.921568627450980338e-02
9.989904842466188796e-04,9.019607843137255054e-01,0.000000000000000000e+00
9.989924842465623157e-04,9.411764705882352811e-01,7.843137254901960675e-02
9.989944842465057519e-04,8.627450980392157298e-01,-3.921568627450980338e-02
9.989964842464491880e-04,8.235294117647058432e-01,3.921568627450980338e-02
9.989984842463926241e-04,9.019607843137255054e-01,0.000000000000000000e+00
9.990004842463360603e-04,9.411764705882352811e-01,-3.921568627450980338e-02
9.990024842462794964e-04,8.627450980392157298e-01,7.843137254901960675e-02
9.990044842462229326e-04,8.627450980392157298e-01,-7.843137254901960675e-02
9.990064842461663687e-04,8.627450980392157298e-01,1.176470588235294101e-01
9.990084842461098048e-04,9.411764705882352811e-01,0.000000000000000000e+00
9.990104842460532410e-04,8.627450980392157298e-01,-3.921568627450980338e-02
9.990124842459966771e-04,9.019607843137255054e-01,7.843137254901960675e-02
9.990144842459401132e-04,9.411764705882352811e-01,-3.921568627450980338e-02
9.990164842458835494e-04,9.411764705882352811e-01,0.000000000000000000e+00
9.990184842458269855e-04,8.627450980392157298e-01,3.921568627450980338e-02
9.990204842457704217e-04,8.627450980392157298e-01,-7.843137254901960675e-02
9.990224842457138578e-04,9.019607843137255054e-01,1.176470588235294101e-01
9.990244842456572939e-04,9.411764705882352811e-01,-3.921568627450980338e-02
9.990264842456007301e-04,9.019607843137255054e-01,0.000000000000000000e+00
9.990284842455441662e-04,9.019607843137255054e-01,3.921568627450980338e-02
9.990304842454876023e-04,9.019607843137255054e-01,0.000000000000000000e+00
9.990324842454310385e-04,9.411764705882352811e-01,7.843137254901960675e-02
9.990344842453744746e-04,9.019607843137255054e-01,-3.921568627450980338e-02
9.990364842453179108e-04,9.019607843137255054e-01,3.921568627450980338e-02
9.990384842452613469e-04,9.019607843137255054e-01,0.000000000000000000e+00
9.990404842452047830e-04,9.411764705882352811e-01,-7.843137254901960675e-02
9.990424842451482192e-04,8.235294117647058432e-01,7.843137254901960675e-02
9.990444842450916553e-04,9.411764705882352811e-01,-7.843137254901960675e-02
9.990464842450350914e-04,9.019607843137255054e-01,7.843137254901960675e-02
9.990484842449785276e-04,9.411764705882352811e-01,0.000000000000000000e+00
9.990504842449219637e-04,9.019607843137255054e-01,-3.921568627450980338e-02
9.990524842448653998e-04,8.627450980392157298e-01,7.843137254901960675e-02
9.990544842448088360e-04,9.019607843137255054e-01,0.000000000000000000e+00
9.990564842447522721e-04,9.019607843137255054e-01,3.921568627450980338e-02
9.990584842446957083e-04,8.235294117647058432e-01,3.921568627450980338e-02
9.990604842446391444e-04,9.019607843137255054e-01,0.000000000000000000e+00
9.990624842445825805e-04,8.627450980392157298e-01,1.176470588235294101e-01
9.990644842445260167e-04,9.411764705882352811e-01,-3.921568627450980338e-02
9.990664842444694528e-04,8.627450980392157298e-01,0.000000000000000000e+00
9.990684842444128889e-04,9.019607843137255054e-01,3.921568627450980338e-02
9.990704842443563251e-04,9.019607843137255054e-01,0.000000000000000000e+00
9.990724842442997612e-04,9.411764705882352811e-01,7.843137254901960675e-02
9.990744842442431974e-04,8.627450980392157298e-01,-3.921568627450980338e-02
9.990764842441866335e-04,8.235294117647058432e-01,7.843137254901960675e-02
9.990784842441300696e-04,9.019607843137255054e-01,0.000000000000000000e+00
9.990804842440735058e-04,9.411764705882352811e-01,-3.921568627450980338e-02
9.990824842440169419e-04,8.627450980392157298e-01,1.176470588235294101e-01
9.990844842439603780e-04,9.019607843137255054e-01,-7.843137254901960675e-02
9.990864842439038142e-04,9.019607843137255054e-01,7.843137254901960675e-02
9.990884842438472503e-04,9.411764705882352811e-01,0.000000000000000000e+00
9.990904842437906865e-04,8.627450980392157298e-01,-7.843137254901960675e-02
9.990924842437341226e-04,8.235294117647058432e-01,7.843137254901960675e-02
9.990944842436775587e-04,8.627450980392157298e-01,0.000000000000000000e+00
9.990964842436209949e-04,9.411764705882352811e-01,0.000000000000000000e+00
9.990984842435644310e-04,8.627450980392157298e-01,0.000000000000000000e+00
9.991004842435078671e-04,9.019607843137255054e-01,-1.568627450980392135e-01
9.991024842434513033e-04,9.411764705882352811e-01,1.176470588235294101e-01
9.991044842433947394e-04,9.411764705882352811e-01,-7.843137254901960675e-02
9.991064842433381755e-04,9.019607843137255054e-01,3.921568627450980338e-02
9.991084842432816117e-04,8.627450980392157298e-01,3.921568627450980338e-02
9.991104842432250478e-04,9.019607843137255054e-01,-3.921568627450980338e-02
9.991124842431684840e-04,9.411764705882352811e-01,7.843137254901960675e-02
9.991144842431119201e-04,8.627450980392157298e-01,-7.843137254901960675e-02
9.991164842430553562e-04,9.019607843137255054e-01,7.843137254901960675e-02
9.991184842429987924e-04,9.019607843137255054e-01,3.921568627450980338e-02
9.991204842429422285e-04,9.411764705882352811e-01,-3.921568627450980338e-02
9.991224842428856646e-04,8.235294117647058432e-01,7.843137254901960675e-02
9.991244842428291008e-04,9.019607843137255054e-01,-1.568627450980392135e-01
9.991264842427725369e-04,9.019607843137255054e-01,7.843137254901960675e-02
9.991284842427159731e-04,9.411764705882352811e-01,0.000000000000000000e+00
9.991304842426594092e-04,8.627450980392157298e-01,-3.921568627450980338e-02
9.991324842426028453e-04,9.019607843137255054e-01,7.843137254901960675e-02
9.991344842425462815e-04,9.411764705882352811e-01,0.000000000000000000e+00
9.991364842424897176e-04,9.411764705882352811e-01,3.921568627450980338e-02
9.991384842424331537e-04,8.235294117647058432e-01,0.000000000000000000e+00
9.991404842423765899e-04,8.627450980392157298e-01,-7.843137254901960675e-02
9.991424842423200260e-04,9.019607843137255054e-01,1.176470588235294101e-01
9.991444842422634622e-04,9.411764705882352811e-01,-3.921568627450980338e-02
9.991464842422068983e-04,8.235294117647058432e-01,0.000000000000000000e+00
9.991484842421503344e-04,9.019607843137255054e-01,3.921568627450980338e-02
9.991504842420937706e-04,9.019607843137255054e-01,0.000000000000000000e+00
9.991524842420372067e-04,9.411764705882352811e-01,7.843137254901960675e-02
9.991544842419806428e-04,8.627450980392157298e-01,-3.921568627450980338e-02
9.991564842419240790e-04,8.235294117647058432e-01,3.921568627450980338e-02
9.991584842418675151e-04,8.627450980392157298e-01,0.000000000000000000e+00
9.991604842418109513e-04,9.411764705882352811e-01,-3.921568627450980338e-02
9.991624842417543874e-04,8.627450980392157298e-01,1.176470588235294101e-01
9.991644842416978235e-04,9.019607843137255054e-01,-7.843137254901960675e-02
9.991664842416412597e-04,9.019607843137255054e-01,1.176470588235294101e-01
9.991684842415846958e-04,9.411764705882352811e-01,3.921568627450980338e-02
9.991704842415281319e-04,8.235294117647058432e-01,-3.921568627450980338e-02
9.991724842414715681e-04,9.019607843137255054e-01,7.843137254901960675e-02
9.991744842414150042e-04,8.627450980392157298e-01,0.000000000000000000e+00
9.991764842413584403e-04,9.411764705882352811e-01,0.000000000000000000e+00
9.991784842413018765e-04,8.627450980392157298e-01,0.000000000000000000e+00
9.991804842412453126e-04,9.019607843137255054e-01,-7.843137254901960675e-02
9.991824842411887488e-04,9.019607843137255054e-01,1.176470588235294101e-01
9.991844842411321849e-04,9.411764705882352811e-01,-7.843137254901960675e-02
9.991864842410756210e-04,8.627450980392157298e-01,0.000000000000000000e+00
9.991884842410190572e-04,9.019607843137255054e-01,3.921568627450980338e-02
9.991904842409624933e-04,9.019607843137255054e-01,0.000000000000000000e+00
9.991924842409059294e-04,9.019607843137255054e-01,3.921568627450980338e-02
9.991944842408493656e-04,8.627450980392157298e-01,-3.921568627450980338e-02
9.991964842407928017e-04,9.019607843137255054e-01,3.921568627450980338e-02
9.991984842407362379e-04,9.411764705882352811e-01,0.000000000000000000e+00
9.992004842406796740e-04,9.411764705882352811e-01,-3.921568627450980338e-02
9.992024842406231101e-04,8.235294117647058432e-01,7.843137254901960675e-02
9.992044842405665463e-04,8.627450980392157298e-01,0.000000000000000000e+00
9.992064842405099824e-04,9.019607843137255054e-01,7.843137254901960675e-02
9.992084842404534185e-04,9.411764705882352811e-01,0.000000000000000000e+00
9.992104842403968547e-04,8.627450980392157298e-01,-3.921568627450980338e-02
9.992124842403402908e-04,9.019607843137255054e-01,7.843137254901960675e-02
9.992144842402837270e-04,9.019607843137255054e-01,0.000000000000000000e+00
9.992164842402271631e-04,9.411764705882352811e-01,0.000000000000000000e+00
9.992184842401705992e-04,8.627450980392157298e-01,3.921568627450980338e-02
9.992204842401140354e-04,9.019607843137255054e-01,-7.843137254901960675e-02
9.992224842400574715e-04,9.019607843137255054e-01,1.568627450980392135e-01
9.992244842400009076e-04,9.411764705882352811e-01,-7.843137254901960675e-02
9.992264842399443438e-04,8.235294117647058432e-01,0.000000000000000000e+00
9.992284842398877799e-04,8.627450980392157298e-01,3.921568627450980338e-02
9.992304842398312160e-04,9.411764705882352811e-01,0.000000000000000000e+00
9.992324842397746522e-04,9.019607843137255054e-01,3.921568627450980338e-02
9.992344842397180883e-04,8.627450980392157298e-01,-3.921568627450980338e-02
9.992364842396615245e-04,9.019607843137255054e-01,3.921568627450980338e-02
9.992384842396049606e-04,9.019607843137255054e-01,0.000000000000000000e+00
9.992404842395483967e-04,9.411764705882352811e-01,-3.921568627450980338e-02
9.992424842394918329e-04,8.627450980392157298e-01,7.843137254901960675e-02
9.992444842394352690e-04,9.019607843137255054e-01,-1.568627450980392135e-01
9.992464842393787051e-04,9.019607843137255054e-01,7.843137254901960675e-02
9.992484842393221413e-04,9.411764705882352811e-01,0.000000000000000000e+00
9.992504842392655774e-04,8.627450980392157298e-01,-3.921568627450980338e-02
9.992524842392090136e-04,9.019607843137255054e-01,7.843137254901960675e-02
9.992544842391524497e-04,9.019607843137255054e-01,-3.921568627450980338e-02
9.992564842390958858e-04,9.411764705882352811e-01,7.843137254901960675e-02
9.992584842390393220e-04,8.627450980392157298e-01,7.843137254901960675e-02
9.992604842389827581e-04,9.019607843137255054e-01,-1.568627450980392135e-01
9.992624842389261942e-04,8.627450980392157298e-01,7.843137254901960675e-02
9.992644842388696304e-04,9.411764705882352811e-01,-7.843137254901960675e-02
9.992664842388130665e-04,8.235294117647058432e-01,3.921568627450980338e-02
9.992684842387565027e-04,8.627450980392157298e-01,3.921568627450980338e-02
9.992704842386999388e-04,9.019607843137255054e-01,3.921568627450980338e-02
9.992724842386433749e-04,9.411764705882352811e-01,7.843137254901960675e-02
9.992744842385868111e-04,8.235294117647058432e-01,-3.921568627450980338e-02
9.992764842385302472e-04,9.019607843137255054e-01,0.000000000000000000e+00
9.992784842384736833e-04,9.019607843137255054e-01,3.921568627450980338e-02
9.992804842384171195e-04,9.411764705882352811e-01,-7.843137254901960675e-02
9.992824842383605556e-04,8.627450980392157298e-01,7.843137254901960675e-02
9.992844842383039917e-04,8.627450980392157298e-01,-1.568627450980392135e-01
9.992864842382474279e-04,9.019607843137255054e-01,1.176470588235294101e-01
9.992884842381908640e-04,9.411764705882352811e-01,3.921568627450980338e-02
9.992904842381343002e-04,8.627450980392157298e-01,-7.843137254901960675e-02
9.992924842380777363e-04,9.019607843137255054e-01,7.843137254901960675e-02
9.992944842380211724e-04,9.019607843137255054e-01,-3.921568627450980338e-02
9.992964842379646086e-04,9.411764705882352811e-01,0.000000000000000000e+00
9.992984842379080447e-04,8.235294117647058432e-01,3.921568627450980338e-02
9.993004842378514808e-04,9.019607843137255054e-01,3.921568627450980338e-02
9.993024842377949170e-04,9.019607843137255054e-01,7.843137254901960675e-02
9.993044842377383531e-04,9.411764705882352811e-01,0.000000000000000000e+00
9.993064842376817893e-04,8.627450980392157298e-01,0.000000000000000000e+00
9.993084842376252254e-04,9.019607843137255054e-01,0.000000000000000000e+00
9.993104842375686615e-04,9.019607843137255054e-01,0.000000000000000000e+00
9.993124842375120977e-04,9.411764705882352811e-01,7.843137254901960675e-02
9.993144842374555338e-04,8.627450980392157298e-01,-3.921568627450980338e-02
9.993164842373989699e-04,9.019607843137255054e-01,3.921568627450980338e-02
9.993184842373424061e-04,9.019607843137255054e-01,3.921568627450980338e-02
9.993204842372858422e-04,9.411764705882352811e-01,-7.843137254901960675e-02
9.993224842372292784e-04,8.627450980392157298e-01,7.843137254901960675e-02
9.993244842371727145e-04,8.627450980392157298e-01,-3.921568627450980338e-02
9.993264842371161506e-04,9.019607843137255054e-01,1.176470588235294101e-01
9.993284842370595868e-04,9.411764705882352811e-01,0.000000000000000000e+00
9.993304842370030229e-04,8.627450980392157298e-01,-3.921568627450980338e-02
9.993324842369464590e-04,9.019607843137255054e-01,7.843137254901960675e-02
9.993344842368898952e-04,9.019607843137255054e-01,0.000000000000000000e+00
9.993364842368333313e-04,9.411764705882352811e-01,3.921568627450980338e-02
9.993384842367767674e-04,8.627450980392157298e-01,7.843137254901960675e-02
9.993404842367202036e-04,9.411764705882352811e-01,-7.843137254901960675e-02
9.993424842366636397e-04,9.411764705882352811e-01,7.843137254901960675e-02
9.993444842366070759e-04,9.411764705882352811e-01,-7.843137254901960675e-02
9.993464842365505120e-04,8.627450980392157298e-01,0.000000000000000000e+00
9.993484842364939481e-04,8.627450980392157298e-01,3.921568627450980338e-02
9.993504842364373843e-04,9.019607843137255054e-01,0.000000000000000000e+00
9.993524842363808204e-04,9.411764705882352811e-01,7.843137254901960675e-02
9.993544842363242565e-04,9.019607843137255054e-01,-3.921568627450980338e-02
9.993564842362676927e-04,9.019607843137255054e-01,7.843137254901960675e-02
9.993584842362111288e-04,9.411764705882352811e-01,0.000000000000000000e+00
9.993604842361545650e-04,9.411764705882352811e-01,-7.843137254901960675e-02
9.993624842360980011e-04,8.235294117647058432e-01,7.843137254901960675e-02
9.993644842360414372e-04,8.627450980392157298e-01,-7.843137254901960675e-02
9.993664842359848734e-04,9.019607843137255054e-01,1.176470588235294101e-01
9.993684842359283095e-04,9.411764705882352811e-01,0.000000000000000000e+00
9.993704842358717456e-04,8.235294117647058432e-01,-3.921568627450980338e-02
9.993724842358151818e-04,8.627450980392157298e-01,1.176470588235294101e-01
9.993744842357586179e-04,9.019607843137255054e-01,-3.921568627450980338e-02
9.993764842357020541e-04,9.019607843137255054e-01,3.921568627450980338e-02
9.993784842356454902e-04,8.627450980392157298e-01,3.921568627450980338e-02
9.993804842355889263e-04,9.019607843137255054e-01,-1.568627450980392135e-01
9.993824842355323625e-04,9.019607843137255054e-01,7.843137254901960675e-02
9.993844842354757986e-04,9.411764705882352811e-01,-3.921568627450980338e-02
9.993864842354192347e-04,8.627450980392157298e-01,0.000000000000000000e+00
9.993884842353626709e-04,9.019607843137255054e-01,3.921568627450980338e-02
9.993904842353061070e-04,9.411764705882352811e-01,0.000000000000000000e+00
9.993924842352495432e-04,9.411764705882352811e-01,7.843137254901960675e-02
9.993944842351929793e-04,8.235294117647058432e-01,-7.843137254901960675e-02
9.993964842351364154e-04,8.627450980392157298e-01,3.921568627450980338e-02
9.993984842350798516e-04,8.627450980392157298e-01,3.921568627450980338e-02
9.994004842350232877e-04,9.411764705882352811e-01,0.000000000000000000e+00
9.994024842349667238e-04,8.235294117647058432e-01,1.176470588235294101e-01
9.994044842349101600e-04,8.627450980392157298e-01,0.000000000000000000e+00
9.994064842348535961e-04,8.627450980392157298e-01,7.843137254901960675e-02
9.994084842347970322e-04,9.411764705882352811e-01,-3.921568627450980338e-02
9.994104842347404684e-04,8.627450980392157298e-01,-3.921568627450980338e-02
9.994124842346839045e-04,8.627450980392157298e-01,7.843137254901960675e-02
9.994144842346273407e-04,8.627450980392157298e-01,-3.921568627450980338e-02
9.994164842345707768e-04,9.411764705882352811e-01,3.921568627450980338e-02
9.994184842345142129e-04,8.627450980392157298e-01,0.000000000000000000e+00
9.994204842344576491e-04,9.019607843137255054e-01,-1.568627450980392135e-01
9.994224842344010852e-04,8.627450980392157298e-01,1.176470588235294101e-01
9.994244842343445213e-04,9.411764705882352811e-01,-3.921568627450980338e-02
9.994264842342879575e-04,8.235294117647058432e-01,0.000000000000000000e+00
9.994284842342313936e-04,8.235294117647058432e-01,3.921568627450980338e-02
9.994304842341748298e-04,9.019607843137255054e-01,0.000000000000000000e+00
9.994324842341182659e-04,9.411764705882352811e-01,7.843137254901960675e-02
9.994344842340617020e-04,8.627450980392157298e-01,-7.843137254901960675e-02
9.994364842340051382e-04,8.627450980392157298e-01,7.843137254901960675e-02
9.994384842339485743e-04,9.019607843137255054e-01,3.921568627450980338e-02
9.994404842338920104e-04,9.019607843137255054e-01,-3.921568627450980338e-02
9.994424842338354466e-04,8.235294117647058432e-01,1.176470588235294101e-01
9.994444842337788827e-04,9.019607843137255054e-01,-7.843137254901960675e-02
9.994464842337223189e-04,9.019607843137255054e-01,1.176470588235294101e-01
9.994484842336657550e-04,9.411764705882352811e-01,0.000000000000000000e+00
9.994504842336091911e-04,8.627450980392157298e-01,-3.921568627450980338e-02
9.994524842335526273e-04,9.019607843137255054e-01,7.843137254901960675e-02
9.994544842334960634e-04,9.019607843137255054e-01,-3.921568627450980338e-02
9.994564842334394995e-04,9.019607843137255054e-01,0.000000000000000000e+00
9.994584842333829357e-04,8.627450980392157298e-01,3.921568627450980338e-02
9.994604842333263718e-04,8.627450980392157298e-01,0.000000000000000000e+00
9.994624842332698079e-04,9.019607843137255054e-01,1.176470588235294101e-01
9.994644842332132441e-04,9.411764705882352811e-01,-3.921568627450980338e-02
9.994664842331566802e-04,8.627450980392157298e-01,0.000000000000000000e+00
9.994684842331001164e-04,9.019607843137255054e-01,3.921568627450980338e-02
9.994704842330435525e-04,9.019607843137255054e-01,0.000000000000000000e+00
9.994724842329869886e-04,9.019607843137255054e-01,7.843137254901960675e-02
9.994744842329304248e-04,8.627450980392157298e-01,-7.843137254901960675e-02
9.994764842328738609e-04,8.235294117647058432e-01,3.921568627450980338e-02
9.994784842328172970e-04,9.019607843137255054e-01,0.000000000000000000e+00
9.994804842327607332e-04,9.411764705882352811e-01,-7.843137254901960675e-02
9.994824842327041693e-04,8.235294117647058432e-01,1.176470588235294101e-01
9.994844842326476055e-04,9.019607843137255054e-01,-7.843137254901960675e-02
9.994864842325910416e-04,9.019607843137255054e-01,1.176470588235294101e-01
9.994884842325344777e-04,9.411764705882352811e-01,0.000000000000000000e+00
9.994904842324779139e-04,8.235294117647058432e-01,-3.921568627450980338e-02
9.994924842324213500e-04,8.627450980392157298e-01,7.843137254901960675e-02
9.994944842323647861e-04,9.019607843137255054e-01,-3.921568627450980338e-02
9.994964842323082223e-04,9.411764705882352811e-01,7.843137254901960675e-02
9.994984842322516584e-04,8.627450980392157298e-01,3.921568627450980338e-02
9.995004842321950946e-04,9.019607843137255054e-01,-1.568627450980392135e-01
9.995024842321385307e-04,9.019607843137255054e-01,1.176470588235294101e-01
9.995044842320819668e-04,9.411764705882352811e-01,-3.921568627450980338e-02
9.995064842320254030e-04,8.627450980392157298e-01,3.921568627450980338e-02
9.995084842319688391e-04,8.627450980392157298e-01,3.921568627450980338e-02
9.995104842319122752e-04,9.019607843137255054e-01,0.000000000000000000e+00
9.995124842318557114e-04,9.019607843137255054e-01,7.843137254901960675e-02
9.995144842317991475e-04,8.627450980392157298e-01,-3.921568627450980338e-02
9.995164842317425836e-04,8.627450980392157298e-01,3.921568627450980338e-02
9.995184842316860198e-04,9.019607843137255054e-01,0.000000000000000000e+00
9.995204842316294559e-04,9.411764705882352811e-01,-7.843137254901960675e-02
9.995224842315728921e-04,8.627450980392157298e-01,7.843137254901960675e-02
9.995244842315163282e-04,9.019607843137255054e-01,0.000000000000000000e+00
9.995264842314597643e-04,9.019607843137255054e-01,1.176470588235294101e-01
9.995284842314032005e-04,9.019607843137255054e-01,0.000000000000000000e+00
9.995304842313466366e-04,8.235294117647058432e-01,-7.843137254901960675e-02
9.995324842312900727e-04,8.235294117647058432e-01,7.843137254901960675e-02
9.995344842312335089e-04,9.019607843137255054e-01,-3.921568627450980338e-02
9.995364842311769450e-04,9.411764705882352811e-01,0.000000000000000000e+00
9.995384842311203812e-04,8.627450980392157298e-01,3.921568627450980338e-02
9.995404842310638173e-04,8.627450980392157298e-01,0.000000000000000000e+00
9.995424842310072534e-04,8.627450980392157298e-01,7.843137254901960675e-02
9.995444842309506896e-04,9.019607843137255054e-01,0.000000000000000000e+00
9.995464842308941257e-04,8.235294117647058432e-01,3.921568627450980338e-02
9.995484842308375618e-04,9.019607843137255054e-01,3.921568627450980338e-02
9.995504842307809980e-04,9.019607843137255054e-01,0.000000000000000000e+00
9.995524842307244341e-04,9.411764705882352811e-01,7.843137254901960675e-02
9.995544842306678703e-04,9.019607843137255054e-01,-3.921568627450980338e-02
9.995564842306113064e-04,8.627450980392157298e-01,7.843137254901960675e-02
9.995584842305547425e-04,9.019607843137255054e-01,0.000000000000000000e+00
9.995604842304981787e-04,9.411764705882352811e-01,-3.921568627450980338e-02
9.995624842304416148e-04,8.627450980392157298e-01,1.568627450980392135e-01
9.995644842303850509e-04,9.019607843137255054e-01,-1.568627450980392135e-01
9.995664842303284871e-04,9.019607843137255054e-01,7.843137254901960675e-02
9.995684842302719232e-04,9.019607843137255054e-01,3.921568627450980338e-02
9.995704842302153594e-04,8.627450980392157298e-01,-7.843137254901960675e-02
9.995724842301587955e-04,9.019607843137255054e-01,7.843137254901960675e-02
9.995744842301022316e-04,9.019607843137255054e-01,0.000000000000000000e+00
9.995764842300456678e-04,9.411764705882352811e-01,0.000000000000000000e+00
9.995784842299891039e-04,8.627450980392157298e-01,3.921568627450980338e-02
9.995804842299325400e-04,9.019607843137255054e-01,0.000000000000000000e+00
9.995824842298759762e-04,9.019607843137255054e-01,7.843137254901960675e-02
9.995844842298194123e-04,9.411764705882352811e-01,-3.921568627450980338e-02
9.995864842297628484e-04,8.235294117647058432e-01,0.000000000000000000e+00
9.995884842297062846e-04,9.019607843137255054e-01,3.921568627450980338e-02
9.995904842296497207e-04,9.411764705882352811e-01,0.000000000000000000e+00
9.995924842295931569e-04,9.411764705882352811e-01,7.843137254901960675e-02
9.995944842295365930e-04,8.235294117647058432e-01,-7.843137254901960675e-02
9.995964842294800291e-04,9.019607843137255054e-01,3.921568627450980338e-02
9.995984842294234653e-04,8.627450980392157298e-01,0.000000000000000000e+00
9.996004842293669014e-04,9.411764705882352811e-01,-7.843137254901960675e-02
9.996024842293103375e-04,8.627450980392157298e-01,7.843137254901960675e-02
9.996044842292537737e-04,9.019607843137255054e-01,0.000000000000000000e+00
9.996064842291972098e-04,9.019607843137255054e-01,1.176470588235294101e-01
9.996084842291406460e-04,9.411764705882352811e-01,0.000000000000000000e+00
9.996104842290840821e-04,8.235294117647058432e-01,-7.843137254901960675e-02
9.996124842290275182e-04,9.019607843137255054e-01,3.921568627450980338e-02
9.996144842289709544e-04,9.411764705882352811e-01,0.000000000000000000e+00
9.996164842289143905e-04,9.411764705882352811e-01,0.000000000000000000e+00
9.996184842288578266e-04,8.627450980392157298e-01,0.000000000000000000e+00
9.996204842288012628e-04,8.627450980392157298e-01,-1.568627450980392135e-01
9.996224842287446989e-04,8.627450980392157298e-01,7.843137254901960675e-02
9.996244842286881351e-04,9.411764705882352811e-01,-7.843137254901960675e-02
9.996264842286315712e-04,8.235294117647058432e-01,0.000000000000000000e+00
9.996284842285750073e-04,9.019607843137255054e-01,3.921568627450980338e-02
9.996304842285184435e-04,9.019607843137255054e-01,0.000000000000000000e+00
9.996324842284618796e-04,9.411764705882352811e-01,7.843137254901960675e-02
9.996344842284053157e-04,8.235294117647058432e-01,-3.921568627450980338e-02
9.996364842283487519e-04,8.627450980392157298e-01,7.843137254901960675e-02
9.996384842282921880e-04,9.019607843137255054e-01,3.921568627450980338e-02
9.996404842282356241e-04,9.411764705882352811e-01,0.000000000000000000e+00
9.996424842281790603e-04,8.235294117647058432e-01,1.176470588235294101e-01
9.996444842281224964e-04,8.627450980392157298e-01,-7.843137254901960675e-02
9.996464842280659326e-04,8.627450980392157298e-01,1.176470588235294101e-01
9.996484842280093687e-04,9.411764705882352811e-01,0.000000000000000000e+00
9.996504842279528048e-04,8.627450980392157298e-01,-7.843137254901960675e-02
9.996524842278962410e-04,9.019607843137255054e-01,1.176470588235294101e-01
9.996544842278396771e-04,9.019607843137255054e-01,0.000000000000000000e+00
9.996564842277831132e-04,9.411764705882352811e-01,0.000000000000000000e+00
9.996584842277265494e-04,8.235294117647058432e-01,3.921568627450980338e-02
9.996604842276699855e-04,9.019607843137255054e-01,-7.843137254901960675e-02
9.996624842276134217e-04,8.627450980392157298e-01,1.176470588235294101e-01
9.996644842275568578e-04,9.411764705882352811e-01,-3.921568627450980338e-02
9.996664842275002939e-04,8.627450980392157298e-01,0.000000000000000000e+00
9.996684842274437301e-04,8.627450980392157298e-01,3.921568627450980338e-02
9.996704842273871662e-04,9.411764705882352811e-01,0.000000000000000000e+00
9.996724842273306023e-04,9.019607843137255054e-01,3.921568627450980338e-02
9.996744842272740385e-04,8.627450980392157298e-01,-3.921568627450980338e-02
9.996764842272174746e-04,9.019607843137255054e-01,3.921568627450980338e-02
9.996784842271609108e-04,9.019607843137255054e-01,0.000000000000000000e+00
9.996804842271043469e-04,9.411764705882352811e-01,-3.921568627450980338e-02
9.996824842270477830e-04,8.235294117647058432e-01,7.843137254901960675e-02
9.996844842269912192e-04,8.627450980392157298e-01,0.000000000000000000e+00
9.996864842269346553e-04,8.627450980392157298e-01,1.176470588235294101e-01
9.996884842268780914e-04,9.411764705882352811e-01,0.000000000000000000e+00
9.996904842268215276e-04,8.627450980392157298e-01,-3.921568627450980338e-02
9.996924842267649637e-04,8.627450980392157298e-01,7.843137254901960675e-02
9.996944842267083998e-04,9.019607843137255054e-01,-3.921568627450980338e-02
9.996964842266518360e-04,9.411764705882352811e-01,3.921568627450980338e-02
9.996984842265952721e-04,8.627450980392157298e-01,3.921568627450980338e-02
9.997004842265387083e-04,9.019607843137255054e-01,-7.843137254901960675e-02
9.997024842264821444e-04,9.019607843137255054e-01,1.176470588235294101e-01
9.997044842264255805e-04,9.411764705882352811e-01,-3.921568627450980338e-02
9.997064842263690167e-04,8.627450980392157298e-01,3.921568627450980338e-02
9.997084842263124528e-04,9.019607843137255054e-01,3.921568627450980338e-02
9.997104842262558889e-04,9.019607843137255054e-01,3.921568627450980338e-02
9.997124842261993251e-04,9.411764705882352811e-01,3.921568627450980338e-02
9.997144842261427612e-04,8.627450980392157298e-01,-3.921568627450980338e-02
9.997164842260861974e-04,9.019607843137255054e-01,3.921568627450980338e-02
9.997184842260296335e-04,9.019607843137255054e-01,0.000000000000000000e+00
9.997204842259730696e-04,9.411764705882352811e-01,0.000000000000000000e+00
9.997224842259165058e-04,8.235294117647058432e-01,7.843137254901960675e-02
9.997244842258599419e-04,8.627450980392157298e-01,-3.921568627450980338e-02
9.997264842258033780e-04,8.627450980392157298e-01,1.176470588235294101e-01
9.997284842257468142e-04,9.411764705882352811e-01,0.000000000000000000e+00
9.997304842256902503e-04,8.627450980392157298e-01,-7.843137254901960675e-02
9.997324842256336865e-04,8.235294117647058432e-01,7.843137254901960675e-02
9.997344842255771226e-04,9.019607843137255054e-01,-3.921568627450980338e-02
9.997364842255205587e-04,9.411764705882352811e-01,3.921568627450980338e-02
9.997384842254639949e-04,8.627450980392157298e-01,0.000000000000000000e+00
9.997404842254074310e-04,8.627450980392157298e-01,-1.568627450980392135e-01
9.997424842253508671e-04,9.019607843137255054e-01,1.176470588235294101e-01
9.997444842252943033e-04,9.411764705882352811e-01,-3.921568627450980338e-02
9.997464842252377394e-04,8.627450980392157298e-01,0.000000000000000000e+00
9.997484842251811755e-04,8.627450980392157298e-01,3.921568627450980338e-02
9.997504842251246117e-04,8.627450980392157298e-01,0.000000000000000000e+00
9.997524842250680478e-04,9.411764705882352811e-01,3.921568627450980338e-02
9.997544842250114840e-04,8.627450980392157298e-01,-7.843137254901960675e-02
9.997564842249549201e-04,9.019607843137255054e-01,3.921568627450980338e-02
9.997584842248983562e-04,9.019607843137255054e-01,0.000000000000000000e+00
9.997604842248417924e-04,9.411764705882352811e-01,-3.921568627450980338e-02
9.997624842247852285e-04,8.235294117647058432e-01,7.843137254901960675e-02
9.997644842247286646e-04,9.411764705882352811e-01,-3.921568627450980338e-02
9.997664842246721008e-04,9.019607843137255054e-01,1.176470588235294101e-01
9.997684842246155369e-04,9.411764705882352811e-01,3.921568627450980338e-02
9.997704842245589731e-04,9.019607843137255054e-01,-3.921568627450980338e-02
9.997724842245024092e-04,8.627450980392157298e-01,7.843137254901960675e-02
9.997744842244458453e-04,9.019607843137255054e-01,0.000000000000000000e+00
9.997764842243892815e-04,9.411764705882352811e-01,0.000000000000000000e+00
9.997784842243327176e-04,8.627450980392157298e-01,3.921568627450980338e-02
9.997804842242761537e-04,9.019607843137255054e-01,-7.843137254901960675e-02
9.997824842242195899e-04,8.627450980392157298e-01,1.176470588235294101e-01
9.997844842241630260e-04,9.411764705882352811e-01,-3.921568627450980338e-02
9.997864842241064622e-04,8.235294117647058432e-01,0.000000000000000000e+00
9.997884842240498983e-04,9.019607843137255054e-01,7.843137254901960675e-02
9.997904842239933344e-04,9.019607843137255054e-01,0.000000000000000000e+00
9.997924842239367706e-04,9.411764705882352811e-01,7.843137254901960675e-02
9.997944842238802067e-04,8.627450980392157298e-01,-3.921568627450980338e-02
9.997964842238236428e-04,8.627450980392157298e-01,0.000000000000000000e+00
9.997984842237670790e-04,9.019607843137255054e-01,3.921568627450980338e-02
9.998004842237105151e-04,9.411764705882352811e-01,-3.921568627450980338e-02
9.998024842236539513e-04,9.019607843137255054e-01,7.843137254901960675e-02
9.998044842235973874e-04,9.019607843137255054e-01,-7.843137254901960675e-02
9.998064842235408235e-04,9.019607843137255054e-01,7.843137254901960675e-02
9.998084842234842597e-04,9.411764705882352811e-01,0.000000000000000000e+00
9.998104842234276958e-04,8.627450980392157298e-01,-3.921568627450980338e-02
9.998124842233711319e-04,8.627450980392157298e-01,7.843137254901960675e-02
9.998144842233145681e-04,8.627450980392157298e-01,-3.921568627450980338e-02
9.998164842232580042e-04,9.411764705882352811e-01,3.921568627450980338e-02
9.998184842232014403e-04,8.235294117647058432e-01,3.921568627450980338e-02
9.998204842231448765e-04,9.019607843137255054e-01,-7.843137254901960675e-02
9.998224842230883126e-04,8.627450980392157298e-01,7.843137254901960675e-02
9.998244842230317488e-04,9.411764705882352811e-01,0.000000000000000000e+00
9.998264842229751849e-04,8.235294117647058432e-01,0.000000000000000000e+00
9.998284842229186210e-04,8.235294117647058432e-01,3.921568627450980338e-02
9.998304842228620572e-04,9.019607843137255054e-01,0.000000000000000000e+00
9.998324842228054933e-04,9.411764705882352811e-01,3.921568627450980338e-02
9.998344842227489294e-04,8.627450980392157298e-01,0.000000000000000000e+00
9.998364842226923656e-04,9.019607843137255054e-01,7.843137254901960675e-02
9.998384842226358017e-04,9.019607843137255054e-01,0.000000000000000000e+00
9.998404842225792379e-04,9.411764705882352811e-01,-3.921568627450980338e-02
9.998424842225226740e-04,8.627450980392157298e-01,7.843137254901960675e-02
9.998444842224661101e-04,8.627450980392157298e-01,-1.568627450980392135e-01
9.998464842224095463e-04,8.627450980392157298e-01,7.843137254901960675e-02
9.998484842223529824e-04,9.411764705882352811e-01,3.921568627450980338e-02
9.998504842222964185e-04,8.235294117647058432e-01,-3.921568627450980338e-02
9.998524842222398547e-04,8.627450980392157298e-01,7.843137254901960675e-02
9.998544842221832908e-04,9.019607843137255054e-01,-3.921568627450980338e-02
9.998564842221267270e-04,9.411764705882352811e-01,0.000000000000000000e+00
9.998584842220701631e-04,8.627450980392157298e-01,3.921568627450980338e-02
9.998604842220135992e-04,8.627450980392157298e-01,-1.568627450980392135e-01
9.998624842219570354e-04,8.627450980392157298e-01,1.176470588235294101e-01
9.998644842219004715e-04,9.411764705882352811e-01,-3.921568627450980338e-02
9.998664842218439076e-04,8.627450980392157298e-01,0.000000000000000000e+00
9.998684842217873438e-04,9.019607843137255054e-01,7.843137254901960675e-02
9.998704842217307799e-04,9.019607843137255054e-01,0.000000000000000000e+00
9.998724842216742160e-04,9.411764705882352811e-01,1.176470588235294101e-01
9.998744842216176522e-04,8.627450980392157298e-01,-3.921568627450980338e-02
9.998764842215610883e-04,8.235294117647058432e-01,7.843137254901960675e-02
9.998784842215045245e-04,9.411764705882352811e-01,8.627450980392157298e-01
9.998804842214479606e-04,9.411764705882352811e-01,2.431372549019607643e+00
9.998824842213913967e-04,8.235294117647058432e-01,3.647058823529411686e+00
9.998844842213348329e-04,9.019607843137255054e-01,4.196078431372549211e+00
9.998864842212782690e-04,8.627450980392157298e-01,4.039215686274509665e+00
9.998884842212217051e-04,9.411764705882352811e-01,3.529411764705882248e+00
9.998904842211651413e-04,9.019607843137255054e-01,2.901960784313725394e+00
9.998924842211085774e-04,8.627450980392157298e-01,3.098039215686274161e+00
9.998944842210520136e-04,9.019607843137255054e-01,3.215686274509803599e+00
9.998964842209954497e-04,9.411764705882352811e-01,3.176470588235293935e+00
9.998984842209388858e-04,8.627450980392157298e-01,3.294117647058823373e+00
9.999004842208823220e-04,8.627450980392157298e-01,3.254901960784313708e+00
9.999024842208257581e-04,9.019607843137255054e-01,3.372549019607843146e+00
9.999044842207691942e-04,9.411764705882352811e-01,3.215686274509803599e+00
9.999064842207126304e-04,8.235294117647058432e-01,3.372549019607843146e+00
9.999084842206560665e-04,8.627450980392157298e-01,3.215686274509803599e+00
9.999104842205995027e-04,9.019607843137255054e-01,3.137254901960784270e+00
9.999124842205429388e-04,9.411764705882352811e-01,3.333333333333333037e+00
9.999144842204863749e-04,8.627450980392157298e-01,3.294117647058823373e+00
9.999164842204298111e-04,9.411764705882352811e-01,3.294117647058823373e+00
9.999184842203732472e-04,8.627450980392157298e-01,3.294117647058823373e+00
9.999204842203166833e-04,9.803921568627450567e-01,3.215686274509803599e+00
9.999224842202601195e-04,8.235294117647058432e-01,3.372549019607843146e+00
9.999244842202035556e-04,8.627450980392157298e-01,3.137254901960784270e+00
9.999264842201469917e-04,9.019607843137255054e-01,3.254901960784313708e+00
9.999284842200904279e-04,9.411764705882352811e-01,3.294117647058823373e+00
9.999304842200338640e-04,8.627450980392157298e-01,3.215686274509803599e+00
9.999324842199773002e-04,8.627450980392157298e-01,3.333333333333333037e+00
9.999344842199207363e-04,9.019607843137255054e-01,3.176470588235293935e+00
9.999364842198641724e-04,9.411764705882352811e-01,3.215686274509803599e+00
9.999384842198076086e-04,8.627450980392157298e-01,3.294117647058823373e+00
9.999404842197510447e-04,9.019607843137255054e-01,3.137254901960784270e+00
9.999424842196944808e-04,8.627450980392157298e-01,3.372549019607843146e+00
9.999444842196379170e-04,9.411764705882352811e-01,3.215686274509803599e+00
9.999464842195813531e-04,8.627450980392157298e-01,3.294117647058823373e+00
9.999484842195247893e-04,8.627450980392157298e-01,3.294117647058823373e+00
9.999504842194682254e-04,9.019607843137255054e-01,3.215686274509803599e+00
9.999524842194116615e-04,9.411764705882352811e-01,3.333333333333333037e+00
9.999544842193550977e-04,8.627450980392157298e-01,3.215686274509803599e+00
9.999564842192985338e-04,9.019607843137255054e-01,3.254901960784313708e+00
9.999584842192419699e-04,9.019607843137255054e-01,3.254901960784313708e+00
9.999604842191854061e-04,9.411764705882352811e-01,3.176470588235293935e+00
9.999624842191288422e-04,8.627450980392157298e-01,3.372549019607843146e+00
9.999644842190722784e-04,9.019607843137255054e-01,3.176470588235293935e+00
9.999664842190157145e-04,9.411764705882352811e-01,3.254901960784313708e+00
9.999684842189591506e-04,9.019607843137255054e-01,3.215686274509803599e+00
9.999704842189025868e-04,8.627450980392157298e-01,3.215686274509803599e+00
9.999724842188460229e-04,9.019607843137255054e-01,3.333333333333333037e+00
9.999744842187894590e-04,9.019607843137255054e-01,3.176470588235293935e+00
9.999764842187328952e-04,9.411764705882352811e-01,3.215686274509803599e+00
9.999784842186763313e-04,8.235294117647058432e-01,2.705882352941176183e+00
9.999804842186197675e-04,8.235294117647058432e-01,9.803921568627451677e-01
9.999824842185632036e-04,8.627450980392157298e-01,-7.843137254901960675e-02
9.999844842185066397e-04,9.411764705882352811e-01,-9.019607843137253944e-01
9.999864842184500759e-04,8.627450980392157298e-01,-7.450980392156862919e-01
9.999884842183935120e-04,9.019607843137255054e-01,-3.529411764705882582e-01
9.999904842183369481e-04,9.019607843137255054e-01,1.568627450980392135e-01
9.999924842182803843e-04,9.411764705882352811e-01,2.352941176470588203e-01
9.999944842182238204e-04,8.627450980392157298e-01,-3.921568627450980338e-02
9.999964842181672565e-04,8.235294117647058432e-01,3.921568627450980338e-02
9.999984842181106927e-04,9.019607843137255054e-01,3.921568627450980338e-02
1.000000484218054129e-03,9.411764705882352811e-01,-1.960784313725490169e-01
1.000002484217997565e-03,8.235294117647058432e-01,7.843137254901960675e-02
1.000004484217941001e-03,8.235294117647058432e-01,0.000000000000000000e+00
1.000006484217884437e-03,9.019607843137255054e-01,-3.921568627450980338e-02
1.000008484217827873e-03,9.411764705882352811e-01,7.843137254901960675e-02
1.000010484217771310e-03,8.627450980392157298e-01,3.921568627450980338e-02
1.000012484217714746e-03,9.019607843137255054e-01,1.176470588235294101e-01
1.000014484217658182e-03,9.019607843137255054e-01,-7.843137254901960675e-02
1.000016484217601618e-03,9.019607843137255054e-01,0.000000000000000000e+00
1.000018484217545054e-03,8.627450980392157298e-01,0.000000000000000000e+00
1.000020484217488490e-03,9.411764705882352811e-01,-1.568627450980392135e-01
1.000022484217431926e-03,9.019607843137255054e-01,1.176470588235294101e-01
1.000024484217375362e-03,9.411764705882352811e-01,-3.921568627450980338e-02
1.000026484217318799e-03,8.235294117647058432e-01,0.000000000000000000e+00
1.000028484217262235e-03,8.627450980392157298e-01,3.921568627450980338e-02
1.000030484217205671e-03,9.411764705882352811e-01,0.000000000000000000e+00
1.000032484217149107e-03,9.411764705882352811e-01,7.843137254901960675e-02
1.000034484217092543e-03,8.627450980392157298e-01,-3.921568627450980338e-02
1.000036484217035979e-03,8.235294117647058432e-01,3.921568627450980338e-02
1.000038484216979415e-03,9.019607843137255054e-01,0.000000000000000000e+00
1.000040484216922852e-03,9.411764705882352811e-01,-3.921568627450980338e-02
1.000042484216866288e-03,8.627450980392157298e-01,7.843137254901960675e-02
1.000044484216809724e-03,9.019607843137255054e-01,-1.568627450980392135e-01
1.000046484216753160e-03,9.019607843137255054e-01,3.921568627450980338e-02
1.000048484216696596e-03,9.411764705882352811e-01,0.000000000000000000e+00
1.000050484216640032e-03,8.627450980392157298e-01,-7.843137254901960675e-02
1.000052484216583468e-03,8.235294117647058432e-01,1.176470588235294101e-01
1.000054484216526905e-03,9.411764705882352811e-01,-3.921568627450980338e-02
1.000056484216470341e-03,9.019607843137255054e-01,3.921568627450980338e-02
1.000058484216413777e-03,8.627450980392157298e-01,3.921568627450980338e-02
1.000060484216357213e-03,9.019607843137255054e-01,-1.568627450980392135e-01
1.000062484216300649e-03,8.627450980392157298e-01,7.843137254901960675e-02
1.000064484216244085e-03,9.411764705882352811e-01,0.000000000000000000e+00
1.000066484216187521e-03,8.235294117647058432e-01,0.000000000000000000e+00
1.000068484216130957e-03,8.627450980392157298e-01,3.921568627450980338e-02
1.000070484216074394e-03,9.019607843137255054e-01,3.921568627450980338e-02
1.000072484216017830e-03,9.411764705882352811e-01,7.843137254901960675e-02
1.000074484215961266e-03,8.627450980392157298e-01,-7.843137254901960675e-02
1.000076484215904702e-03,9.019607843137255054e-01,3.921568627450980338e-02
1.000078484215848138e-03,9.019607843137255054e-01,3.921568627450980338e-02
1.000080484215791574e-03,9.411764705882352811e-01,-7.843137254901960675e-02
1.000082484215735010e-03,8.627450980392157298e-01,3.921568627450980338e-02
1.000084484215678447e-03,9.019607843137255054e-01,-1.568627450980392135e-01
1.000086484215621883e-03,9.019607843137255054e-01,1.176470588235294101e-01
1.000088484215565319e-03,9.411764705882352811e-01,0.000000000000000000e+00
1.000090484215508755e-03,8.627450980392157298e-01,-3.921568627450980338e-02
1.000092484215452191e-03,8.627450980392157298e-01,7.843137254901960675e-02
1.000094484215395627e-03,9.019607843137255054e-01,0.000000000000000000e+00
1.000096484215339063e-03,9.411764705882352811e-01,3.921568627450980338e-02
1.000098484215282500e-03,8.235294117647058432e-01,7.843137254901960675e-02
1.000100484215225936e-03,8.627450980392157298e-01,-1.568627450980392135e-01
1.000102484215169372e-03,8.627450980392157298e-01,1.176470588235294101e-01
1.000104484215112808e-03,9.411764705882352811e-01,0.000000000000000000e+00
1.000106484215056244e-03,8.627450980392157298e-01,0.000000000000000000e+00
1.000108484214999680e-03,8.235294117647058432e-01,3.921568627450980338e-02
1.000110484214943116e-03,9.019607843137255054e-01,0.000000000000000000e+00
1.000112484214886552e-03,9.411764705882352811e-01,7.843137254901960675e-02
1.000114484214829989e-03,8.627450980392157298e-01,-7.843137254901960675e-02
1.000116484214773425e-03,9.019607843137255054e-01,3.921568627450980338e-02
1.000118484214716861e-03,9.019607843137255054e-01,3.921568627450980338e-02
1.000120484214660297e-03,9.411764705882352811e-01,-3.921568627450980338e-02
1.000122484214603733e-03,8.627450980392157298e-01,7.843137254901960675e-02
1.000124484214547169e-03,9.019607843137255054e-01,-1.568627450980392135e-01
1.000126484214490605e-03,9.019607843137255054e-01,7.843137254901960675e-02
1.000128484214434042e-03,9.019607843137255054e-01,0.000000000000000000e+00
1.000130484214377478e-03,8.627450980392157298e-01,-7.843137254901960675e-02
1.000132484214320914e-03,9.019607843137255054e-01,7.843137254901960675e-02
1.000134484214264350e-03,9.019607843137255054e-01,-3.921568627450980338e-02
1.000136484214207786e-03,9.411764705882352811e-01,0.000000000000000000e+00
1.000138484214151222e-03,8.235294117647058432e-01,0.000000000000000000e+00
1.000140484214094658e-03,8.627450980392157298e-01,-1.568627450980392135e-01
1.000142484214038095e-03,9.019607843137255054e-01,1.176470588235294101e-01
1.000144484213981531e-03,9.411764705882352811e-01,-3.921568627450980338e-02
1.000146484213924967e-03,8.627450980392157298e-01,0.000000000000000000e+00
1.000148484213868403e-03,9.019607843137255054e-01,3.921568627450980338e-02
1.000150484213811839e-03,8.627450980392157298e-01,-3.921568627450980338e-02
1.000152484213755275e-03,9.411764705882352811e-01,7.843137254901960675e-02
1.000154484213698711e-03,8.627450980392157298e-01,-7.843137254901960675e-02
1.000156484213642148e-03,8.627450980392157298e-01,3.921568627450980338e-02
1.000158484213585584e-03,9.019607843137255054e-01,0.000000000000000000e+00
1.000160484213529020e-03,9.411764705882352811e-01,-3.921568627450980338e-02
1.000162484213472456e-03,8.627450980392157298e-01,7.843137254901960675e-02
1.000164484213415892e-03,8.627450980392157298e-01,-7.843137254901960675e-02
1.000166484213359328e-03,9.019607843137255054e-01,7.843137254901960675e-02
1.000168484213302764e-03,9.411764705882352811e-01,3.921568627450980338e-02
1.000170484213246200e-03,8.627450980392157298e-01,-3.921568627450980338e-02
1.000172484213189637e-03,9.019607843137255054e-01,7.843137254901960675e-02
1.000174484213133073e-03,9.411764705882352811e-01,-3.921568627450980338e-02
1.000176484213076509e-03,9.411764705882352811e-01,0.000000000000000000e+00
1.000178484213019945e-03,8.627450980392157298e-01,3.921568627450980338e-02
1.000180484212963381e-03,9.019607843137255054e-01,-1.568627450980392135e-01
1.000182484212906817e-03,9.019607843137255054e-01,1.176470588235294101e-01
1.000184484212850253e-03,9.019607843137255054e-01,-7.843137254901960675e-02
1.000186484212793690e-03,8.235294117647058432e-01,0.000000000000000000e+00
1.000188484212737126e-03,8.627450980392157298e-01,3.921568627450980338e-02
1.000190484212680562e-03,9.019607843137255054e-01,0.000000000000000000e+00
1.000192484212623998e-03,9.019607843137255054e-01,7.843137254901960675e-02
1.000194484212567434e-03,9.019607843137255054e-01,-3.921568627450980338e-02
1.000196484212510870e-03,9.019607843137255054e-01,3.921568627450980338e-02
1.000198484212454306e-03,9.411764705882352811e-01,0.000000000000000000e+00
1.000200484212397743e-03,9.411764705882352811e-01,-7.843137254901960675e-02
1.000202484212341179e-03,8.235294117647058432e-01,1.568627450980392135e-01
1.000204484212284615e-03,8.627450980392157298e-01,0.000000000000000000e+00
1.000206484212228051e-03,8.627450980392157298e-01,1.176470588235294101e-01
1.000208484212171487e-03,9.411764705882352811e-01,3.921568627450980338e-02
1.000210484212114923e-03,8.235294117647058432e-01,-3.921568627450980338e-02
1.000212484212058359e-03,9.019607843137255054e-01,7.843137254901960675e-02
1.000214484212001795e-03,9.019607843137255054e-01,0.000000000000000000e+00
1.000216484211945232e-03,9.019607843137255054e-01,0.000000000000000000e+00
1.000218484211888668e-03,8.627450980392157298e-01,3.921568627450980338e-02
1.000220484211832104e-03,9.019607843137255054e-01,-1.568627450980392135e-01
1.000222484211775540e-03,8.627450980392157298e-01,1.176470588235294101e-01
1.000224484211718976e-03,9.411764705882352811e-01,-3.921568627450980338e-02
1.000226484211662412e-03,8.235294117647058432e-01,0.000000000000000000e+00
1.000228484211605848e-03,8.627450980392157298e-01,3.921568627450980338e-02
1.000230484211549285e-03,9.411764705882352811e-01,0.000000000000000000e+00
1.000232484211492721e-03,9.411764705882352811e-01,7.843137254901960675e-02
1.000234484211436157e-03,8.235294117647058432e-01,0.000000000000000000e+00
1.000236484211379593e-03,9.019607843137255054e-01,3.921568627450980338e-02
1.000238484211323029e-03,8.627450980392157298e-01,0.000000000000000000e+00
1.000240484211266465e-03,9.411764705882352811e-01,-3.921568627450980338e-02
1.000242484211209901e-03,8.627450980392157298e-01,7.843137254901960675e-02
1.000244484211153338e-03,9.019607843137255054e-01,-7.843137254901960675e-02
1.000246484211096774e-03,8.627450980392157298e-01,7.843137254901960675e-02
1.000248484211040210e-03,9.411764705882352811e-01,0.000000000000000000e+00
1.000250484210983646e-03,8.235294117647058432e-01,-7.843137254901960675e-02
1.000252484210927082e-03,8.235294117647058432e-01,3.921568627450980338e-02
1.000254484210870518e-03,9.019607843137255054e-01,-3.921568627450980338e-02
1.000256484210813954e-03,9.411764705882352811e-01,0.000000000000000000e+00
1.000258484210757391e-03,8.235294117647058432e-01,3.921568627450980338e-02
1.000260484210700827e-03,9.019607843137255054e-01,0.000000000000000000e+00
1.000262484210644263e-03,8.627450980392157298e-01,7.843137254901960675e-02
1.000264484210587699e-03,9.411764705882352811e-01,0.000000000000000000e+00
1.000266484210531135e-03,8.235294117647058432e-01,0.000000000000000000e+00
1.000268484210474571e-03,8.627450980392157298e-01,3.921568627450980338e-02
1.000270484210418007e-03,9.411764705882352811e-01,-3.921568627450980338e-02
1.000272484210361443e-03,9.411764705882352811e-01,7.843137254901960675e-02
1.000274484210304880e-03,8.235294117647058432e-01,-7.843137254901960675e-02
1.000276484210248316e-03,9.019607843137255054e-01,7.843137254901960675e-02
1.000278484210191752e-03,9.411764705882352811e-01,3.921568627450980338e-02
1.000280484210135188e-03,9.411764705882352811e-01,-7.843137254901960675e-02
1.000282484210078624e-03,8.627450980392157298e-01,7.843137254901960675e-02
1.000284484210022060e-03,8.627450980392157298e-01,-1.568627450980392135e-01
1.000286484209965496e-03,9.019607843137255054e-01,1.176470588235294101e-01
1.000288484209908933e-03,9.019607843137255054e-01,3.921568627450980338e-02
1.000290484209852369e-03,8.627450980392157298e-01,-7.843137254901960675e-02
1.000292484209795805e-03,8.235294117647058432e-01,1.176470588235294101e-01
1.000294484209739241e-03,8.627450980392157298e-01,-3.921568627450980338e-02
1.000296484209682677e-03,9.019607843137255054e-01,3.921568627450980338e-02
1.000298484209626113e-03,8.235294117647058432e-01,3.921568627450980338e-02
1.000300484209569549e-03,8.627450980392157298e-01,-3.921568627450980338e-02
1.000302484209512986e-03,9.019607843137255054e-01,7.843137254901960675e-02
1.000304484209456422e-03,9.411764705882352811e-01,-3.921568627450980338e-02
1.000306484209399858e-03,8.627450980392157298e-01,0.000000000000000000e+00
1.000308484209343294e-03,9.019607843137255054e-01,3.921568627450980338e-02
1.000310484209286730e-03,9.019607843137255054e-01,0.000000000000000000e+00
1.000312484209230166e-03,9.411764705882352811e-01,7.843137254901960675e-02
1.000314484209173602e-03,8.235294117647058432e-01,-3.921568627450980338e-02
1.000316484209117038e-03,9.019607843137255054e-01,3.921568627450980338e-02
1.000318484209060475e-03,9.411764705882352811e-01,3.921568627450980338e-02
1.000320484209003911e-03,9.411764705882352811e-01,-7.843137254901960675e-02
1.000322484208947347e-03,8.627450980392157298e-01,1.176470588235294101e-01
1.000324484208890783e-03,8.627450980392157298e-01,0.000000000000000000e+00
1.000326484208834219e-03,9.019607843137255054e-01,1.176470588235294101e-01
1.000328484208777655e-03,9.019607843137255054e-01,0.000000000000000000e+00
1.000330484208721091e-03,8.235294117647058432e-01,0.000000000000000000e+00
1.000332484208664528e-03,8.627450980392157298e-01,7.843137254901960675e-02
1.000334484208607964e-03,9.019607843137255054e-01,0.000000000000000000e+00
1.000336484208551400e-03,9.019607843137255054e-01,3.921568627450980338e-02
1.000338484208494836e-03,8.627450980392157298e-01,3.921568627450980338e-02
1.000340484208438272e-03,9.019607843137255054e-01,-1.568627450980392135e-01
1.000342484208381708e-03,9.019607843137255054e-01,1.176470588235294101e-01
1.000344484208325144e-03,9.411764705882352811e-01,-7.843137254901960675e-02
1.000346484208268581e-03,8.235294117647058432e-01,0.000000000000000000e+00
1.000348484208212017e-03,8.627450980392157298e-01,3.921568627450980338e-02
1.000350484208155453e-03,9.019607843137255054e-01,0.000000000000000000e+00
1.000352484208098889e-03,9.411764705882352811e-01,7.843137254901960675e-02
1.000354484208042325e-03,8.235294117647058432e-01,-3.921568627450980338e-02
1.000356484207985761e-03,9.019607843137255054e-01,7.843137254901960675e-02
1.000358484207929197e-03,9.019607843137255054e-01,0.000000000000000000e+00
1.000360484207872633e-03,9.411764705882352811e-01,-7.843137254901960675e-02
1.000362484207816070e-03,8.235294117647058432e-01,7.843137254901960675e-02
1.000364484207759506e-03,8.627450980392157298e-01,-1.568627450980392135e-01
1.000366484207702942e-03,9.019607843137255054e-01,3.921568627450980338e-02
1.000368484207646378e-03,9.411764705882352811e-01,3.921568627450980338e-02
1.000370484207589814e-03,8.627450980392157298e-01,-7.843137254901960675e-02
1.000372484207533250e-03,8.627450980392157298e-01,1.176470588235294101e-01
1.000374484207476686e-03,9.019607843137255054e-01,-3.921568627450980338e-02
1.000376484207420123e-03,9.411764705882352811e-01,-3.921568627450980338e-02
1.000378484207363559e-03,8.627450980392157298e-01,0.000000000000000000e+00
1.000380484207306995e-03,8.627450980392157298e-01,-1.568627450980392135e-01
1.000382484207250431e-03,9.019607843137255054e-01,1.176470588235294101e-01
1.000384484207193867e-03,9.019607843137255054e-01,-3.921568627450980338e-02
1.000386484207137303e-03,8.627450980392157298e-01,0.000000000000000000e+00
1.000388484207080739e-03,8.627450980392157298e-01,3.921568627450980338e-02
1.000390484207024176e-03,9.019607843137255054e-01,0.000000000000000000e+00
1.000392484206967612e-03,9.411764705882352811e-01,7.843137254901960675e-02
1.000394484206911048e-03,8.627450980392157298e-01,-3.921568627450980338e-02
1.000396484206854484e-03,8.627450980392157298e-01,3.921568627450980338e-02
1.000398484206797920e-03,8.627450980392157298e-01,3.921568627450980338e-02
1.000400484206741356e-03,9.411764705882352811e-01,-7.843137254901960675e-02
1.000402484206684792e-03,8.627450980392157298e-01,7.843137254901960675e-02
1.000404484206628229e-03,9.019607843137255054e-01,-7.843137254901960675e-02
1.000406484206571665e-03,9.019607843137255054e-01,1.176470588235294101e-01
1.000408484206515101e-03,9.411764705882352811e-01,3.921568627450980338e-02
1.000410484206458537e-03,8.627450980392157298e-01,-3.921568627450980338e-02
1.000412484206401973e-03,8.235294117647058432e-01,3.921568627450980338e-02
1.000414484206345409e-03,9.019607843137255054e-01,-3.921568627450980338e-02
1.000416484206288845e-03,9.411764705882352811e-01,0.000000000000000000e+00
1.000418484206232281e-03,8.235294117647058432e-01,3.921568627450980338e-02
1.000420484206175718e-03,8.627450980392157298e-01,-7.843137254901960675e-02
1.000422484206119154e-03,9.019607843137255054e-01,1.176470588235294101e-01
1.000424484206062590e-03,9.411764705882352811e-01,-7.843137254901960675e-02
1.000426484206006026e-03,8.627450980392157298e-01,0.000000000000000000e+00
1.000428484205949462e-03,8.627450980392157298e-01,3.921568627450980338e-02
1.000430484205892898e-03,9.019607843137255054e-01,0.000000000000000000e+00
1.000432484205836334e-03,9.019607843137255054e-01,7.843137254901960675e-02
1.000434484205779771e-03,8.235294117647058432e-01,-3.921568627450980338e-02
1.000436484205723207e-03,8.627450980392157298e-01,3.921568627450980338e-02
1.000438484205666643e-03,9.019607843137255054e-01,3.921568627450980338e-02
1.000440484205610079e-03,9.411764705882352811e-01,0.000000000000000000e+00
1.000442484205553515e-03,8.235294117647058432e-01,7.843137254901960675e-02
1.000444484205496951e-03,8.627450980392157298e-01,-3.921568627450980338e-02
1.000446484205440387e-03,9.019607843137255054e-01,1.176470588235294101e-01
1.000448484205383824e-03,9.411764705882352811e-01,0.000000000000000000e+00
1.000450484205327260e-03,8.235294117647058432e-01,-7.843137254901960675e-02
1.000452484205270696e-03,8.235294117647058432e-01,3.921568627450980338e-02
1.000454484205214132e-03,8.627450980392157298e-01,-7.843137254901960675e-02
1.000456484205157568e-03,9.411764705882352811e-01,3.921568627450980338e-02
1.000458484205101004e-03,8.627450980392157298e-01,7.843137254901960675e-02
1.000460484205044440e-03,9.019607843137255054e-01,-1.568627450980392135e-01
1.000462484204987876e-03,9.019607843137255054e-01,1.176470588235294101e-01
1.000464484204931313e-03,9.411764705882352811e-01,-7.843137254901960675e-02
1.000466484204874749e-03,8.627450980392157298e-01,-3.921568627450980338e-02
1.000468484204818185e-03,8.627450980392157298e-01,3.921568627450980338e-02
1.000470484204761621e-03,9.411764705882352811e-01,0.000000000000000000e+00
1.000472484204705057e-03,9.019607843137255054e-01,7.843137254901960675e-02
1.000474484204648493e-03,8.627450980392157298e-01,-7.843137254901960675e-02
1.000476484204591929e-03,9.019607843137255054e-01,3.921568627450980338e-02
1.000478484204535366e-03,9.019607843137255054e-01,0.000000000000000000e+00
1.000480484204478802e-03,9.019607843137255054e-01,-7.843137254901960675e-02
1.000482484204422238e-03,8.235294117647058432e-01,7.843137254901960675e-02
1.000484484204365674e-03,9.019607843137255054e-01,-7.843137254901960675e-02
1.000486484204309110e-03,9.019607843137255054e-01,1.176470588235294101e-01
1.000488484204252546e-03,9.411764705882352811e-01,0.000000000000000000e+00
1.000490484204195982e-03,8.235294117647058432e-01,-3.921568627450980338e-02
1.000492484204139419e-03,8.627450980392157298e-01,7.843137254901960675e-02
1.000494484204082855e-03,9.019607843137255054e-01,-3.921568627450980338e-02
1.000496484204026291e-03,9.411764705882352811e-01,0.000000000000000000e+00
1.000498484203969727e-03,8.627450980392157298e-01,0.000000000000000000e+00
1.000500484203913163e-03,8.627450980392157298e-01,-1.568627450980392135e-01
1.000502484203856599e-03,9.019607843137255054e-01,1.568627450980392135e-01
1.000504484203800035e-03,9.411764705882352811e-01,-7.843137254901960675e-02
1.000506484203743472e-03,8.235294117647058432e-01,0.000000000000000000e+00
1.000508484203686908e-03,8.627450980392157298e-01,3.921568627450980338e-02
1.000510484203630344e-03,9.411764705882352811e-01,-3.921568627450980338e-02
1.000512484203573780e-03,9.019607843137255054e-01,7.843137254901960675e-02
1.000514484203517216e-03,8.627450980392157298e-01,-3.921568627450980338e-02
1.000516484203460652e-03,8.627450980392157298e-01,3.921568627450980338e-02
1.000518484203404088e-03,8.627450980392157298e-01,0.000000000000000000e+00
1.000520484203347524e-03,9.411764705882352811e-01,-3.921568627450980338e-02
1.000522484203290961e-03,8.235294117647058432e-01,7.843137254901960675e-02
1.000524484203234397e-03,9.019607843137255054e-01,-7.843137254901960675e-02
1.000526484203177833e-03,9.019607843137255054e-01,7.843137254901960675e-02
1.000528484203121269e-03,9.019607843137255054e-01,0.000000000000000000e+00
1.000530484203064705e-03,8.627450980392157298e-01,-7.843137254901960675e-02
1.000532484203008141e-03,8.627450980392157298e-01,7.843137254901960675e-02
1.000534484202951577e-03,9.019607843137255054e-01,0.000000000000000000e+00
1.000536484202895014e-03,9.411764705882352811e-01,3.921568627450980338e-02
1.000538484202838450e-03,8.627450980392157298e-01,3.921568627450980338e-02
1.000540484202781886e-03,9.019607843137255054e-01,-7.843137254901960675e-02
1.000542484202725322e-03,9.019607843137255054e-01,1.176470588235294101e-01
1.000544484202668758e-03,9.411764705882352811e-01,0.000000000000000000e+00
1.000546484202612194e-03,8.235294117647058432e-01,0.000000000000000000e+00
1.000548484202555630e-03,8.235294117647058432e-01,3.921568627450980338e-02
1.000550484202499067e-03,9.019607843137255054e-01,0.000000000000000000e+00
1.000552484202442503e-03,9.411764705882352811e-01,7.843137254901960675e-02
1.000554484202385939e-03,8.627450980392157298e-01,-3.921568627450980338e-02
1.000556484202329375e-03,9.019607843137255054e-01,3.921568627450980338e-02
1.000558484202272811e-03,9.019607843137255054e-01,0.000000000000000000e+00
1.000560484202216247e-03,9.411764705882352811e-01,-3.921568627450980338e-02
1.000562484202159683e-03,8.627450980392157298e-01,7.843137254901960675e-02
1.000564484202103119e-03,8.627450980392157298e-01,-1.568627450980392135e-01
1.000566484202046556e-03,9.019607843137255054e-01,1.176470588235294101e-01
1.000568484201989992e-03,9.019607843137255054e-01,0.000000000000000000e+00
1.000570484201933428e-03,8.627450980392157298e-01,-7.843137254901960675e-02
1.000572484201876864e-03,9.019607843137255054e-01,7.843137254901960675e-02
1.000574484201820300e-03,9.019607843137255054e-01,0.000000000000000000e+00
1.000576484201763736e-03,9.019607843137255054e-01,3.921568627450980338e-02
1.000578484201707172e-03,8.235294117647058432e-01,3.921568627450980338e-02
1.000580484201650609e-03,9.019607843137255054e-01,-3.921568627450980338e-02
1.000582484201594045e-03,9.019607843137255054e-01,7.843137254901960675e-02
1.000584484201537481e-03,9.411764705882352811e-01,-3.921568627450980338e-02
1.000586484201480917e-03,8.627450980392157298e-01,0.000000000000000000e+00
1.000588484201424353e-03,8.627450980392157298e-01,3.921568627450980338e-02
1.000590484201367789e-03,9.019607843137255054e-01,0.000000000000000000e+00
1.000592484201311225e-03,9.019607843137255054e-01,7.843137254901960675e-02
1.000594484201254662e-03,8.235294117647058432e-01,-3.921568627450980338e-02
1.000596484201198098e-03,8.235294117647058432e-01,3.921568627450980338e-02
1.000598484201141534e-03,9.019607843137255054e-01,0.000000000000000000e+00
1.000600484201084970e-03,9.411764705882352811e-01,-7.843137254901960675e-02
1.000602484201028406e-03,8.235294117647058432e-01,7.843137254901960675e-02
1.000604484200971842e-03,9.019607843137255054e-01,-1.568627450980392135e-01
1.000606484200915278e-03,9.019607843137255054e-01,7.843137254901960675e-02
1.000608484200858714e-03,9.411764705882352811e-01,0.000000000000000000e+00
1.000610484200802151e-03,8.627450980392157298e-01,-7.843137254901960675e-02
1.000612484200745587e-03,8.627450980392157298e-01,7.843137254901960675e-02
1.000614484200689023e-03,9.019607843137255054e-01,0.000000000000000000e+00
1.000616484200632459e-03,9.019607843137255054e-01,0.000000000000000000e+00
1.000618484200575895e-03,8.627450980392157298e-01,3.921568627450980338e-02
1.000620484200519331e-03,9.019607843137255054e-01,-1.568627450980392135e-01
1.000622484200462767e-03,9.019607843137255054e-01,1.176470588235294101e-01
1.000624484200406204e-03,9.411764705882352811e-01,-3.921568627450980338e-02
1.000626484200349640e-03,8.627450980392157298e-01,0.000000000000000000e+00
1.000628484200293076e-03,8.235294117647058432e-01,3.921568627450980338e-02
1.000630484200236512e-03,9.019607843137255054e-01,0.000000000000000000e+00
1.000632484200179948e-03,9.411764705882352811e-01,7.843137254901960675e-02
1.000634484200123384e-03,8.627450980392157298e-01,-3.921568627450980338e-02
1.000636484200066820e-03,8.627450980392157298e-01,3.921568627450980338e-02
1.000638484200010257e-03,9.019607843137255054e-01,0.000000000000000000e+00
1.000640484199953693e-03,9.411764705882352811e-01,-7.843137254901960675e-02
1.000642484199897129e-03,8.627450980392157298e-01,1.176470588235294101e-01
1.000644484199840565e-03,8.627450980392157298e-01,0.000000000000000000e+00
1.000646484199784001e-03,9.019607843137255054e-01,1.176470588235294101e-01
1.000648484199727437e-03,9.411764705882352811e-01,3.921568627450980338e-02
1.000650484199670873e-03,8.627450980392157298e-01,-7.843137254901960675e-02
1.000652484199614310e-03,8.235294117647058432e-01,7.843137254901960675e-02
1.000654484199557746e-03,9.019607843137255054e-01,-3.921568627450980338e-02
1.000656484199501182e-03,9.411764705882352811e-01,0.000000000000000000e+00
1.000658484199444618e-03,8.235294117647058432e-01,7.843137254901960675e-02
1.000660484199388054e-03,9.019607843137255054e-01,-7.843137254901960675e-02
1.000662484199331490e-03,9.019607843137255054e-01,7.843137254901960675e-02
1.000664484199274926e-03,9.411764705882352811e-01,-3.921568627450980338e-02
1.000666484199218362e-03,8.627450980392157298e-01,0.000000000000000000e+00
1.000668484199161799e-03,9.019607843137255054e-01,3.921568627450980338e-02
1.000670484199105235e-03,9.019607843137255054e-01,0.000000000000000000e+00
1.000672484199048671e-03,9.411764705882352811e-01,7.843137254901960675e-02
1.000674484198992107e-03,8.627450980392157298e-01,-3.921568627450980338e-02
1.000676484198935543e-03,9.019607843137255054e-01,3.921568627450980338e-02
1.000678484198878979e-03,8.627450980392157298e-01,3.921568627450980338e-02
1.000680484198822415e-03,9.411764705882352811e-01,-3.921568627450980338e-02
1.000682484198765852e-03,8.235294117647058432e-01,7.843137254901960675e-02
1.000684484198709288e-03,9.019607843137255054e-01,-3.921568627450980338e-02
1.000686484198652724e-03,9.019607843137255054e-01,7.843137254901960675e-02
1.000688484198596160e-03,9.411764705882352811e-01,3.921568627450980338e-02
1.000690484198539596e-03,8.627450980392157298e-01,-3.921568627450980338e-02
1.000692484198483032e-03,9.019607843137255054e-01,7.843137254901960675e-02
1.000694484198426468e-03,9.019607843137255054e-01,-3.921568627450980338e-02
1.000696484198369905e-03,8.627450980392157298e-01,3.921568627450980338e-02
1.000698484198313341e-03,8.235294117647058432e-01,3.921568627450980338e-02
1.000700484198256777e-03,9.019607843137255054e-01,-7.843137254901960675e-02
1.000702484198200213e-03,8.627450980392157298e-01,1.568627450980392135e-01
1.000704484198143649e-03,9.411764705882352811e-01,-3.921568627450980338e-02
1.000706484198087085e-03,8.627450980392157298e-01,0.000000000000000000e+00
1.000708484198030521e-03,9.019607843137255054e-01,3.921568627450980338e-02
1.000710484197973957e-03,9.411764705882352811e-01,0.000000000000000000e+00
1.000712484197917394e-03,9.411764705882352811e-01,7.843137254901960675e-02
1.000714484197860830e-03,8.627450980392157298e-01,0.000000000000000000e+00
1.000716484197804266e-03,9.019607843137255054e-01,3.921568627450980338e-02
1.000718484197747702e-03,9.019607843137255054e-01,0.000000000000000000e+00
1.000720484197691138e-03,9.411764705882352811e-01,-7.843137254901960675e-02
1.000722484197634574e-03,8.627450980392157298e-01,7.843137254901960675e-02
1.000724484197578010e-03,9.019607843137255054e-01,0.000000000000000000e+00
1.000726484197521447e-03,9.019607843137255054e-01,1.176470588235294101e-01
1.000728484197464883e-03,9.411764705882352811e-01,0.000000000000000000e+00
1.000730484197408319e-03,9.019607843137255054e-01,-3.921568627450980338e-02
1.000732484197351755e-03,8.235294117647058432e-01,7.843137254901960675e-02
1.000734484197295191e-03,9.019607843137255054e-01,-3.921568627450980338e-02
1.000736484197238627e-03,9.411764705882352811e-01,3.921568627450980338e-02
1.000738484197182063e-03,8.235294117647058432e-01,3.921568627450980338e-02
1.000740484197125500e-03,9.019607843137255054e-01,-1.568627450980392135e-01
1.000742484197068936e-03,9.411764705882352811e-01,1.568627450980392135e-01
1.000744484197012372e-03,9.411764705882352811e-01,-3.921568627450980338e-02
1.000746484196955808e-03,8.235294117647058432e-01,0.000000000000000000e+00
1.000748484196899244e-03,9.019607843137255054e-01,3.921568627450980338e-02
1.000750484196842680e-03,9.019607843137255054e-01,-3.921568627450980338e-02
1.000752484196786116e-03,9.411764705882352811e-01,7.843137254901960675e-02
1.000754484196729552e-03,8.235294117647058432e-01,-3.921568627450980338e-02
1.000756484196672989e-03,8.627450980392157298e-01,7.843137254901960675e-02
1.000758484196616425e-03,9.019607843137255054e-01,3.921568627450980338e-02
1.000760484196559861e-03,9.411764705882352811e-01,-7.843137254901960675e-02
1.000762484196503297e-03,8.627450980392157298e-01,7.843137254901960675e-02
1.000764484196446733e-03,8.627450980392157298e-01,-7.843137254901960675e-02
1.000766484196390169e-03,9.019607843137255054e-01,7.843137254901960675e-02
1.000768484196333605e-03,9.411764705882352811e-01,3.921568627450980338e-02
1.000770484196277042e-03,8.627450980392157298e-01,-3.921568627450980338e-02
1.000772484196220478e-03,9.019607843137255054e-01,7.843137254901960675e-02
1.000774484196163914e-03,8.627450980392157298e-01,0.000000000000000000e+00
1.000776484196107350e-03,9.411764705882352811e-01,0.000000000000000000e+00
1.000778484196050786e-03,8.235294117647058432e-01,7.843137254901960675e-02
1.000780484195994222e-03,8.627450980392157298e-01,-7.843137254901960675e-02
1.000782484195937658e-03,9.019607843137255054e-01,7.843137254901960675e-02
1.000784484195881095e-03,9.411764705882352811e-01,0.000000000000000000e+00
1.000786484195824531e-03,8.235294117647058432e-01,0.000000000000000000e+00
1.000788484195767967e-03,9.019607843137255054e-01,3.921568627450980338e-02
1.000790484195711403e-03,9.019607843137255054e-01,0.000000000000000000e+00
1.000792484195654839e-03,9.019607843137255054e-01,7.843137254901960675e-02
1.000794484195598275e-03,8.627450980392157298e-01,0.000000000000000000e+00
1.000796484195541711e-03,8.627450980392157298e-01,3.921568627450980338e-02
1.000798484195485148e-03,9.019607843137255054e-01,3.921568627450980338e-02
1.000800484195428584e-03,9.019607843137255054e-01,-7.843137254901960675e-02
1.000802484195372020e-03,8.235294117647058432e-01,7.843137254901960675e-02
1.000804484195315456e-03,9.019607843137255054e-01,-7.843137254901960675e-02
1.000806484195258892e-03,9.411764705882352811e-01,7.843137254901960675e-02
1.000808484195202328e-03,9.411764705882352811e-01,0.000000000000000000e+00
1.000810484195145764e-03,8.235294117647058432e-01,-3.921568627450980338e-02
1.000812484195089200e-03,8.627450980392157298e-01,7.843137254901960675e-02
1.000814484195032637e-03,9.019607843137255054e-01,-3.921568627450980338e-02
1.000816484194976073e-03,9.411764705882352811e-01,3.921568627450980338e-02
1.000818484194919509e-03,8.627450980392157298e-01,7.843137254901960675e-02
1.000820484194862945e-03,9.019607843137255054e-01,-3.921568627450980338e-02
1.000822484194806381e-03,8.627450980392157298e-01,1.176470588235294101e-01
1.000824484194749817e-03,9.411764705882352811e-01,-3.921568627450980338e-02
1.000826484194693253e-03,8.235294117647058432e-01,0.000000000000000000e+00
1.000828484194636690e-03,8.627450980392157298e-01,7.843137254901960675e-02
1.000830484194580126e-03,9.019607843137255054e-01,0.000000000000000000e+00
1.000832484194523562e-03,9.411764705882352811e-01,7.843137254901960675e-02
1.000834484194466998e-03,8.627450980392157298e-01,-3.921568627450980338e-02
1.000836484194410434e-03,8.627450980392157298e-01,7.843137254901960675e-02
1.000838484194353870e-03,9.019607843137255054e-01,3.921568627450980338e-02
1.000840484194297306e-03,9.411764705882352811e-01,-7.843137254901960675e-02
1.000842484194240743e-03,8.235294117647058432e-01,7.843137254901960675e-02
1.000844484194184179e-03,9.411764705882352811e-01,-7.843137254901960675e-02
1.000846484194127615e-03,9.019607843137255054e-01,7.843137254901960675e-02
1.000848484194071051e-03,9.411764705882352811e-01,0.000000000000000000e+00
1.000850484194014487e-03,8.627450980392157298e-01,-3.921568627450980338e-02
1.000852484193957923e-03,9.019607843137255054e-01,7.843137254901960675e-02
1.000854484193901359e-03,9.019607843137255054e-01,-3.921568627450980338e-02
1.000856484193844795e-03,9.411764705882352811e-01,0.000000000000000000e+00
1.000858484193788232e-03,8.235294117647058432e-01,3.921568627450980338e-02
1.000860484193731668e-03,8.627450980392157298e-01,-1.568627450980392135e-01
1.000862484193675104e-03,8.627450980392157298e-01,7.843137254901960675e-02
1.000864484193618540e-03,9.411764705882352811e-01,-3.921568627450980338e-02
1.000866484193561976e-03,8.627450980392157298e-01,3.921568627450980338e-02
1.000868484193505412e-03,9.019607843137255054e-01,3.921568627450980338e-02
1.000870484193448848e-03,9.411764705882352811e-01,0.000000000000000000e+00
1.000872484193392285e-03,9.411764705882352811e-01,7.843137254901960675e-02
1.000874484193335721e-03,8.627450980392157298e-01,-3.921568627450980338e-02
1.000876484193279157e-03,9.019607843137255054e-01,3.921568627450980338e-02
1.000878484193222593e-03,9.019607843137255054e-01,0.000000000000000000e+00
1.000880484193166029e-03,9.411764705882352811e-01,-7.843137254901960675e-02
1.000882484193109465e-03,8.627450980392157298e-01,7.843137254901960675e-02
1.000884484193052901e-03,8.627450980392157298e-01,-3.921568627450980338e-02
1.000886484192996338e-03,9.019607843137255054e-01,1.176470588235294101e-01
1.000888484192939774e-03,9.411764705882352811e-01,0.000000000000000000e+00
1.000890484192883210e-03,8.627450980392157298e-01,-3.921568627450980338e-02
1.000892484192826646e-03,8.627450980392157298e-01,7.843137254901960675e-02
1.000894484192770082e-03,8.627450980392157298e-01,-3.921568627450980338e-02
1.000896484192713518e-03,9.411764705882352811e-01,0.000000000000000000e+00
1.000898484192656954e-03,8.235294117647058432e-01,7.843137254901960675e-02
1.000900484192600391e-03,8.627450980392157298e-01,-7.843137254901960675e-02
1.000902484192543827e-03,8.627450980392157298e-01,1.176470588235294101e-01
1.000904484192487263e-03,9.411764705882352811e-01,-3.921568627450980338e-02
1.000906484192430699e-03,8.235294117647058432e-01,0.000000000000000000e+00
1.000908484192374135e-03,9.019607843137255054e-01,3.921568627450980338e-02
1.000910484192317571e-03,8.627450980392157298e-01,0.000000000000000000e+00
1.000912484192261007e-03,9.411764705882352811e-01,7.843137254901960675e-02
1.000914484192204443e-03,8.235294117647058432e-01,-3.921568627450980338e-02
1.000916484192147880e-03,9.019607843137255054e-01,7.843137254901960675e-02
1.000918484192091316e-03,9.019607843137255054e-01,3.921568627450980338e-02
1.000920484192034752e-03,9.411764705882352811e-01,-3.921568627450980338e-02
1.000922484191978188e-03,8.235294117647058432e-01,7.843137254901960675e-02
1.000924484191921624e-03,9.019607843137255054e-01,0.000000000000000000e+00
1.000926484191865060e-03,8.627450980392157298e-01,1.176470588235294101e-01
1.000928484191808496e-03,9.411764705882352811e-01,0.000000000000000000e+00
1.000930484191751933e-03,8.627450980392157298e-01,-3.921568627450980338e-02
1.000932484191695369e-03,8.235294117647058432e-01,7.843137254901960675e-02
1.000934484191638805e-03,9.411764705882352811e-01,-3.921568627450980338e-02
1.000936484191582241e-03,9.411764705882352811e-01,3.921568627450980338e-02
1.000938484191525677e-03,8.627450980392157298e-01,7.843137254901960675e-02
1.000940484191469113e-03,8.627450980392157298e-01,-7.843137254901960675e-02
1.000942484191412549e-03,8.627450980392157298e-01,1.176470588235294101e-01
1.000944484191355986e-03,9.411764705882352811e-01,-3.921568627450980338e-02
1.000946484191299422e-03,8.627450980392157298e-01,0.000000000000000000e+00
1.000948484191242858e-03,8.627450980392157298e-01,3.921568627450980338e-02
1.000950484191186294e-03,9.019607843137255054e-01,0.000000000000000000e+00
1.000952484191129730e-03,9.411764705882352811e-01,7.843137254901960675e-02
1.000954484191073166e-03,8.627450980392157298e-01,-3.921568627450980338e-02
1.000956484191016602e-03,9.019607843137255054e-01,3.921568627450980338e-02
1.000958484190960038e-03,9.019607843137255054e-01,0.000000000000000000e+00
1.000960484190903475e-03,9.411764705882352811e-01,-3.921568627450980338e-02
1.000962484190846911e-03,8.627450980392157298e-01,7.843137254901960675e-02
1.000964484190790347e-03,9.019607843137255054e-01,0.000000000000000000e+00
1.000966484190733783e-03,9.019607843137255054e-01,1.176470588235294101e-01
1.000968484190677219e-03,9.411764705882352811e-01,3.921568627450980338e-02
1.000970484190620655e-03,9.019607843137255054e-01,-3.921568627450980338e-02
1.000972484190564091e-03,9.019607843137255054e-01,7.843137254901960675e-02
1.000974484190507528e-03,9.019607843137255054e-01,-3.921568627450980338e-02
1.000976484190450964e-03,9.411764705882352811e-01,0.000000000000000000e+00
1.000978484190394400e-03,8.235294117647058432e-01,7.843137254901960675e-02
1.000980484190337836e-03,8.627450980392157298e-01,-1.568627450980392135e-01
1.000982484190281272e-03,9.411764705882352811e-01,1.176470588235294101e-01
1.000984484190224708e-03,9.803921568627450567e-01,-3.921568627450980338e-02
1.000986484190168144e-03,8.627450980392157298e-01,0.000000000000000000e+00
1.000988484190111581e-03,9.019607843137255054e-01,3.921568627450980338e-02
1.000990484190055017e-03,8.627450980392157298e-01,0.000000000000000000e+00
1.000992484189998453e-03,9.411764705882352811e-01,7.843137254901960675e-02
1.000994484189941889e-03,8.235294117647058432e-01,-3.921568627450980338e-02
1.000996484189885325e-03,8.235294117647058432e-01,3.921568627450980338e-02
1.000998484189828761e-03,9.019607843137255054e-01,3.921568627450980338e-02
1.001000484189772197e-03,9.411764705882352811e-01,-7.843137254901960675e-02
1.001002484189715633e-03,8.627450980392157298e-01,7.843137254901960675e-02
1.001004484189659070e-03,8.627450980392157298e-01,-7.843137254901960675e-02
1.001006484189602506e-03,9.019607843137255054e-01,7.843137254901960675e-02
1.001008484189545942e-03,9.411764705882352811e-01,3.921568627450980338e-02
1.001010484189489378e-03,8.627450980392157298e-01,-7.843137254901960675e-02
1.001012484189432814e-03,8.627450980392157298e-01,7.843137254901960675e-02
1.001014484189376250e-03,9.019607843137255054e-01,-3.921568627450980338e-02
1.001016484189319686e-03,9.411764705882352811e-01,0.000000000000000000e+00
1.001018484189263123e-03,8.235294117647058432e-01,7.843137254901960675e-02
1.001020484189206559e-03,8.627450980392157298e-01,-7.843137254901960675e-02
1.001022484189149995e-03,9.019607843137255054e-01,1.176470588235294101e-01
1.001024484189093431e-03,9.411764705882352811e-01,0.000000000000000000e+00
1.001026484189036867e-03,8.235294117647058432e-01,0.000000000000000000e+00
1.001028484188980303e-03,9.019607843137255054e-01,7.843137254901960675e-02
1.001030484188923739e-03,9.019607843137255054e-01,0.000000000000000000e+00
1.001032484188867176e-03,9.411764705882352811e-01,7.843137254901960675e-02
1.001034484188810612e-03,8.627450980392157298e-01,0.000000000000000000e+00
1.001036484188754048e-03,8.627450980392157298e-01,3.921568627450980338e-02
1.001038484188697484e-03,8.627450980392157298e-01,3.921568627450980338e-02
1.001040484188640920e-03,9.411764705882352811e-01,-7.843137254901960675e-02
1.001042484188584356e-03,8.627450980392157298e-01,1.176470588235294101e-01
1.001044484188527792e-03,9.019607843137255054e-01,0.000000000000000000e+00
1.001046484188471229e-03,9.019607843137255054e-01,7.843137254901960675e-02
1.001048484188414665e-03,9.019607843137255054e-01,0.000000000000000000e+00
1.001050484188358101e-03,8.627450980392157298e-01,-3.921568627450980338e-02
1.001052484188301537e-03,8.627450980392157298e-01,7.843137254901960675e-02
1.001054484188244973e-03,9.019607843137255054e-01,-3.921568627450980338e-02
1.001056484188188409e-03,9.411764705882352811e-01,3.921568627450980338e-02
1.001058484188131845e-03,8.627450980392157298e-01,7.843137254901960675e-02
1.001060484188075281e-03,8.627450980392157298e-01,0.000000000000000000e+00
1.001062484188018718e-03,9.019607843137255054e-01,7.843137254901960675e-02
1.001064484187962154e-03,9.411764705882352811e-01,-3.921568627450980338e-02
1.001066484187905590e-03,8.627450980392157298e-01,0.000000000000000000e+00
1.001068484187849026e-03,9.019607843137255054e-01,3.921568627450980338e-02
1.001070484187792462e-03,9.019607843137255054e-01,0.000000000000000000e+00
1.001072484187735898e-03,9.411764705882352811e-01,7.843137254901960675e-02
1.001074484187679334e-03,8.627450980392157298e-01,-7.843137254901960675e-02
1.001076484187622771e-03,8.627450980392157298e-01,7.843137254901960675e-02
1.001078484187566207e-03,9.411764705882352811e-01,7.843137254901960675e-02
1.001080484187509643e-03,9.411764705882352811e-01,-3.921568627450980338e-02
1.001082484187453079e-03,8.627450980392157298e-01,7.843137254901960675e-02
1.001084484187396515e-03,8.627450980392157298e-01,-7.843137254901960675e-02
1.001086484187339951e-03,9.019607843137255054e-01,7.843137254901960675e-02
1.001088484187283387e-03,9.019607843137255054e-01,3.921568627450980338e-02
1.001090484187226824e-03,8.627450980392157298e-01,-3.921568627450980338e-02
1.001092484187170260e-03,8.235294117647058432e-01,7.843137254901960675e-02
1.001094484187113696e-03,9.019607843137255054e-01,-3.921568627450980338e-02
1.001096484187057132e-03,9.411764705882352811e-01,0.000000000000000000e+00
1.001098484187000568e-03,8.627450980392157298e-01,3.921568627450980338e-02
1.001100484186944004e-03,9.019607843137255054e-01,-1.568627450980392135e-01
1.001102484186887440e-03,9.411764705882352811e-01,7.843137254901960675e-02
1.001104484186830876e-03,9.411764705882352811e-01,-3.921568627450980338e-02
1.001106484186774313e-03,8.627450980392157298e-01,0.000000000000000000e+00
1.001108484186717749e-03,8.627450980392157298e-01,3.921568627450980338e-02
1.001110484186661185e-03,9.019607843137255054e-01,-3.921568627450980338e-02
1.001112484186604621e-03,9.411764705882352811e-01,7.843137254901960675e-02
1.001114484186548057e-03,8.235294117647058432e-01,-3.921568627450980338e-02
1.001116484186491493e-03,9.019607843137255054e-01,7.843137254901960675e-02
1.001118484186434929e-03,9.411764705882352811e-01,7.843137254901960675e-02
1.001120484186378366e-03,9.411764705882352811e-01,-3.921568627450980338e-02
1.001122484186321802e-03,8.235294117647058432e-01,7.843137254901960675e-02
1.001124484186265238e-03,9.019607843137255054e-01,-7.843137254901960675e-02
1.001126484186208674e-03,9.019607843137255054e-01,7.843137254901960675e-02
1.001128484186152110e-03,9.411764705882352811e-01,0.000000000000000000e+00
1.001130484186095546e-03,8.627450980392157298e-01,-3.921568627450980338e-02
1.001132484186038982e-03,8.235294117647058432e-01,7.843137254901960675e-02
1.001134484185982419e-03,9.019607843137255054e-01,-3.921568627450980338e-02
1.001136484185925855e-03,9.411764705882352811e-01,0.000000000000000000e+00
1.001138484185869291e-03,8.235294117647058432e-01,7.843137254901960675e-02
1.001140484185812727e-03,9.019607843137255054e-01,-1.568627450980392135e-01
1.001142484185756163e-03,9.019607843137255054e-01,1.176470588235294101e-01
1.001144484185699599e-03,9.411764705882352811e-01,-3.921568627450980338e-02
1.001146484185643035e-03,8.627450980392157298e-01,0.000000000000000000e+00
1.001148484185586472e-03,9.019607843137255054e-01,3.921568627450980338e-02
1.001150484185529908e-03,9.019607843137255054e-01,0.000000000000000000e+00
1.001152484185473344e-03,9.411764705882352811e-01,3.921568627450980338e-02
1.001154484185416780e-03,8.235294117647058432e-01,-7.843137254901960675e-02
1.001156484185360216e-03,9.019607843137255054e-01,3.921568627450980338e-02
1.001158484185303652e-03,9.019607843137255054e-01,0.000000000000000000e+00
1.001160484185247088e-03,9.411764705882352811e-01,-7.843137254901960675e-02
1.001162484185190524e-03,8.235294117647058432e-01,7.843137254901960675e-02
1.001164484185133961e-03,8.627450980392157298e-01,-7.843137254901960675e-02
1.001166484185077397e-03,9.019607843137255054e-01,1.176470588235294101e-01
1.001168484185020833e-03,9.019607843137255054e-01,0.000000000000000000e+00
1.001170484184964269e-03,9.019607843137255054e-01,-3.921568627450980338e-02
1.001172484184907705e-03,8.235294117647058432e-01,7.843137254901960675e-02
1.001174484184851141e-03,9.019607843137255054e-01,-3.921568627450980338e-02
1.001176484184794577e-03,9.411764705882352811e-01,0.000000000000000000e+00
1.001178484184738014e-03,8.235294117647058432e-01,7.843137254901960675e-02
1.001180484184681450e-03,9.019607843137255054e-01,-1.568627450980392135e-01
1.001182484184624886e-03,9.019607843137255054e-01,1.176470588235294101e-01
1.001184484184568322e-03,9.411764705882352811e-01,-3.921568627450980338e-02
1.001186484184511758e-03,8.627450980392157298e-01,0.000000000000000000e+00
1.001188484184455194e-03,9.019607843137255054e-01,7.843137254901960675e-02
1.001190484184398630e-03,9.019607843137255054e-01,0.000000000000000000e+00
1.001192484184342067e-03,9.411764705882352811e-01,7.843137254901960675e-02
1.001194484184285503e-03,8.627450980392157298e-01,-7.843137254901960675e-02
1.001196484184228939e-03,8.235294117647058432e-01,0.000000000000000000e+00
1.001198484184172375e-03,9.019607843137255054e-01,0.000000000000000000e+00
1.001200484184115811e-03,9.019607843137255054e-01,-3.921568627450980338e-02
1.001202484184059247e-03,8.627450980392157298e-01,7.843137254901960675e-02
1.001204484184002683e-03,8.627450980392157298e-01,0.000000000000000000e+00
1.001206484183946119e-03,9.411764705882352811e-01,7.843137254901960675e-02
1.001208484183889556e-03,9.411764705882352811e-01,0.000000000000000000e+00
1.001210484183832992e-03,8.235294117647058432e-01,-3.921568627450980338e-02
1.001212484183776428e-03,8.627450980392157298e-01,7.843137254901960675e-02
1.001214484183719864e-03,8.627450980392157298e-01,0.000000000000000000e+00
1.001216484183663300e-03,9.411764705882352811e-01,0.000000000000000000e+00
1.001218484183606736e-03,8.627450980392157298e-01,3.921568627450980338e-02
1.001220484183550172e-03,8.627450980392157298e-01,-1.568627450980392135e-01
1.001222484183493609e-03,9.019607843137255054e-01,1.176470588235294101e-01
1.001224484183437045e-03,9.411764705882352811e-01,-3.921568627450980338e-02
1.001226484183380481e-03,8.627450980392157298e-01,0.000000000000000000e+00
1.001228484183323917e-03,9.019607843137255054e-01,3.921568627450980338e-02
1.001230484183267353e-03,9.019607843137255054e-01,0.000000000000000000e+00
1.001232484183210789e-03,9.019607843137255054e-01,3.921568627450980338e-02
1.001234484183154225e-03,8.627450980392157298e-01,-3.921568627450980338e-02
1.001236484183097662e-03,8.627450980392157298e-01,3.921568627450980338e-02
1.001238484183041098e-03,9.019607843137255054e-01,3.921568627450980338e-02
1.001240484182984534e-03,9.411764705882352811e-01,-3.921568627450980338e-02
1.001242484182927970e-03,8.235294117647058432e-01,7.843137254901960675e-02
1.001244484182871406e-03,8.627450980392157298e-01,-1.568627450980392135e-01
1.001246484182814842e-03,9.019607843137255054e-01,1.176470588235294101e-01
1.001248484182758278e-03,9.411764705882352811e-01,3.921568627450980338e-02
1.001250484182701714e-03,8.627450980392157298e-01,-7.843137254901960675e-02
1.001252484182645151e-03,8.627450980392157298e-01,7.843137254901960675e-02
1.001254484182588587e-03,9.019607843137255054e-01,0.000000000000000000e+00
1.001256484182532023e-03,9.411764705882352811e-01,0.000000000000000000e+00
1.001258484182475459e-03,8.627450980392157298e-01,3.921568627450980338e-02
1.001260484182418895e-03,9.411764705882352811e-01,-7.843137254901960675e-02
1.001262484182362331e-03,8.627450980392157298e-01,1.176470588235294101e-01
1.001264484182305767e-03,9.411764705882352811e-01,0.000000000000000000e+00
1.001266484182249204e-03,8.235294117647058432e-01,0.000000000000000000e+00
1.001268484182192640e-03,8.627450980392157298e-01,3.921568627450980338e-02
1.001270484182136076e-03,9.019607843137255054e-01,3.921568627450980338e-02
1.001272484182079512e-03,9.411764705882352811e-01,7.843137254901960675e-02
1.001274484182022948e-03,8.627450980392157298e-01,-3.921568627450980338e-02
1.001276484181966384e-03,9.019607843137255054e-01,0.000000000000000000e+00
1.001278484181909820e-03,9.019607843137255054e-01,0.000000000000000000e+00
1.001280484181853257e-03,9.411764705882352811e-01,-3.921568627450980338e-02
1.001282484181796693e-03,8.627450980392157298e-01,7.843137254901960675e-02
1.001284484181740129e-03,8.627450980392157298e-01,0.000000000000000000e+00
1.001286484181683565e-03,9.019607843137255054e-01,1.176470588235294101e-01
1.001288484181627001e-03,9.019607843137255054e-01,3.921568627450980338e-02
1.001290484181570437e-03,8.627450980392157298e-01,-7.843137254901960675e-02
1.001292484181513873e-03,9.019607843137255054e-01,7.843137254901960675e-02
1.001294484181457310e-03,9.019607843137255054e-01,-3.921568627450980338e-02
1.001296484181400746e-03,9.411764705882352811e-01,3.921568627450980338e-02
1.001298484181344182e-03,8.627450980392157298e-01,3.921568627450980338e-02
1.001300484181287618e-03,8.627450980392157298e-01,-7.843137254901960675e-02
1.001302484181231054e-03,9.411764705882352811e-01,7.843137254901960675e-02
1.001304484181174490e-03,9.411764705882352811e-01,-3.921568627450980338e-02
1.001306484181117926e-03,8.627450980392157298e-01,0.000000000000000000e+00
1.001308484181061362e-03,9.019607843137255054e-01,3.921568627450980338e-02
1.001310484181004799e-03,9.019607843137255054e-01,0.000000000000000000e+00
1.001312484180948235e-03,9.411764705882352811e-01,3.921568627450980338e-02
1.001314484180891671e-03,8.627450980392157298e-01,-3.921568627450980338e-02
1.001316484180835107e-03,8.627450980392157298e-01,3.921568627450980338e-02
1.001318484180778543e-03,9.411764705882352811e-01,0.000000000000000000e+00
1.001320484180721979e-03,9.411764705882352811e-01,-7.843137254901960675e-02
1.001322484180665415e-03,8.627450980392157298e-01,7.843137254901960675e-02
1.001324484180608852e-03,8.627450980392157298e-01,-3.921568627450980338e-02
1.001326484180552288e-03,9.019607843137255054e-01,1.176470588235294101e-01
1.001328484180495724e-03,9.411764705882352811e-01,3.921568627450980338e-02
1.001330484180439160e-03,9.019607843137255054e-01,-3.921568627450980338e-02
1.001332484180382596e-03,8.627450980392157298e-01,7.843137254901960675e-02
1.001334484180326032e-03,9.019607843137255054e-01,-3.921568627450980338e-02
1.001336484180269468e-03,9.019607843137255054e-01,0.000000000000000000e+00
1.001338484180212905e-03,8.627450980392157298e-01,7.843137254901960675e-02
1.001340484180156341e-03,9.019607843137255054e-01,-1.568627450980392135e-01
1.001342484180099777e-03,9.019607843137255054e-01,1.176470588235294101e-01
1.001344484180043213e-03,9.411764705882352811e-01,-3.921568627450980338e-02
1.001346484179986649e-03,8.235294117647058432e-01,0.000000000000000000e+00
1.001348484179930085e-03,9.019607843137255054e-01,7.843137254901960675e-02
1.001350484179873521e-03,9.019607843137255054e-01,0.000000000000000000e+00
1.001352484179816957e-03,9.411764705882352811e-01,7.843137254901960675e-02
1.001354484179760394e-03,8.627450980392157298e-01,-3.921568627450980338e-02
1.001356484179703830e-03,9.019607843137255054e-01,3.921568627450980338e-02
1.001358484179647266e-03,9.019607843137255054e-01,3.921568627450980338e-02
1.001360484179590702e-03,9.019607843137255054e-01,-3.921568627450980338e-02
1.001362484179534138e-03,8.235294117647058432e-01,7.843137254901960675e-02
1.001364484179477574e-03,8.627450980392157298e-01,-7.843137254901960675e-02
1.001366484179421010e-03,9.019607843137255054e-01,1.176470588235294101e-01
1.001368484179364447e-03,9.411764705882352811e-01,0.000000000000000000e+00
1.001370484179307883e-03,8.627450980392157298e-01,-3.921568627450980338e-02
1.001372484179251319e-03,8.627450980392157298e-01,7.843137254901960675e-02
1.001374484179194755e-03,8.627450980392157298e-01,-3.921568627450980338e-02
1.001376484179138191e-03,9.411764705882352811e-01,0.000000000000000000e+00
1.001378484179081627e-03,8.235294117647058432e-01,7.843137254901960675e-02
1.001380484179025063e-03,9.019607843137255054e-01,-1.568627450980392135e-01
1.001382484178968500e-03,9.019607843137255054e-01,1.176470588235294101e-01
1.001384484178911936e-03,9.411764705882352811e-01,-3.921568627450980338e-02
1.001386484178855372e-03,8.627450980392157298e-01,0.000000000000000000e+00
1.001388484178798808e-03,9.019607843137255054e-01,3.921568627450980338e-02
1.001390484178742244e-03,9.019607843137255054e-01,0.000000000000000000e+00
1.001392484178685680e-03,9.411764705882352811e-01,7.843137254901960675e-02
1.001394484178629116e-03,8.627450980392157298e-01,-3.921568627450980338e-02
1.001396484178572552e-03,9.019607843137255054e-01,7.843137254901960675e-02
1.001398484178515989e-03,8.627450980392157298e-01,0.000000000000000000e+00
1.001400484178459425e-03,9.411764705882352811e-01,-3.921568627450980338e-02
1.001402484178402861e-03,8.235294117647058432e-01,7.843137254901960675e-02
1.001404484178346297e-03,9.411764705882352811e-01,-7.843137254901960675e-02
1.001406484178289733e-03,9.411764705882352811e-01,1.176470588235294101e-01
1.001408484178233169e-03,9.411764705882352811e-01,0.000000000000000000e+00
1.001410484178176605e-03,8.235294117647058432e-01,-7.843137254901960675e-02
1.001412484178120042e-03,9.019607843137255054e-01,7.843137254901960675e-02
1.001414484178063478e-03,9.019607843137255054e-01,-3.921568627450980338e-02
1.001416484178006914e-03,9.411764705882352811e-01,0.000000000000000000e+00
1.001418484177950350e-03,8.627450980392157298e-01,3.921568627450980338e-02
1.001420484177893786e-03,8.235294117647058432e-01,-1.568627450980392135e-01
1.001422484177837222e-03,9.019607843137255054e-01,1.176470588235294101e-01
1.001424484177780658e-03,9.411764705882352811e-01,-3.921568627450980338e-02
1.001426484177724095e-03,8.627450980392157298e-01,0.000000000000000000e+00
1.001428484177667531e-03,8.627450980392157298e-01,3.921568627450980338e-02
1.001430484177610967e-03,9.411764705882352811e-01,0.000000000000000000e+00
1.001432484177554403e-03,9.019607843137255054e-01,7.843137254901960675e-02
1.001434484177497839e-03,8.627450980392157298e-01,-3.921568627450980338e-02
1.001436484177441275e-03,8.627450980392157298e-01,7.843137254901960675e-02
1.001438484177384711e-03,9.019607843137255054e-01,0.000000000000000000e+00
1.001440484177328148e-03,9.411764705882352811e-01,-3.921568627450980338e-02
1.001442484177271584e-03,8.627450980392157298e-01,7.843137254901960675e-02
1.001444484177215020e-03,9.019607843137255054e-01,-7.843137254901960675e-02
1.001446484177158456e-03,9.019607843137255054e-01,1.176470588235294101e-01
1.001448484177101892e-03,9.411764705882352811e-01,3.921568627450980338e-02
1.001450484177045328e-03,8.627450980392157298e-01,-7.843137254901960675e-02
1.001452484176988764e-03,8.627450980392157298e-01,7.843137254901960675e-02
1.001454484176932200e-03,9.019607843137255054e-01,0.000000000000000000e+00
1.001456484176875637e-03,9.411764705882352811e-01,0.000000000000000000e+00
1.001458484176819073e-03,8.627450980392157298e-01,3.921568627450980338e-02
1.001460484176762509e-03,9.019607843137255054e-01,-7.843137254901960675e-02
1.001462484176705945e-03,9.019607843137255054e-01,1.176470588235294101e-01
1.001464484176649381e-03,9.411764705882352811e-01,0.000000000000000000e+00
1.001466484176592817e-03,8.235294117647058432e-01,0.000000000000000000e+00
1.001468484176536253e-03,8.627450980392157298e-01,3.921568627450980338e-02
1.001470484176479690e-03,9.411764705882352811e-01,-3.921568627450980338e-02
1.001472484176423126e-03,9.411764705882352811e-01,7.843137254901960675e-02
1.001474484176366562e-03,8.627450980392157298e-01,-7.843137254901960675e-02
1.001476484176309998e-03,9.019607843137255054e-01,3.921568627450980338e-02
1.001478484176253434e-03,9.019607843137255054e-01,0.000000000000000000e+00
1.001480484176196870e-03,9.411764705882352811e-01,-7.843137254901960675e-02
1.001482484176140306e-03,8.627450980392157298e-01,7.843137254901960675e-02
1.001484484176083743e-03,9.019607843137255054e-01,0.000000000000000000e+00
1.001486484176027179e-03,9.019607843137255054e-01,1.176470588235294101e-01
1.001488484175970615e-03,9.019607843137255054e-01,3.921568627450980338e-02
1.001490484175914051e-03,8.627450980392157298e-01,-3.921568627450980338e-02
1.001492484175857487e-03,8.627450980392157298e-01,7.843137254901960675e-02
1.001494484175800923e-03,9.019607843137255054e-01,0.000000000000000000e+00
1.001496484175744359e-03,9.411764705882352811e-01,3.921568627450980338e-02
1.001498484175687795e-03,8.627450980392157298e-01,3.921568627450980338e-02
1.001500484175631232e-03,9.411764705882352811e-01,0.000000000000000000e+00
1.001502484175574668e-03,9.019607843137255054e-01,7.843137254901960675e-02
1.001504484175518104e-03,9.411764705882352811e-01,-3.921568627450980338e-02
1.001506484175461540e-03,8.235294117647058432e-01,0.000000000000000000e+00
1.001508484175404976e-03,9.019607843137255054e-01,3.921568627450980338e-02
1.001510484175348412e-03,9.019607843137255054e-01,0.000000000000000000e+00
1.001512484175291848e-03,9.411764705882352811e-01,7.843137254901960675e-02
1.001514484175235285e-03,8.235294117647058432e-01,0.000000000000000000e+00
1.001516484175178721e-03,8.235294117647058432e-01,3.921568627450980338e-02
1.001518484175122157e-03,9.019607843137255054e-01,3.921568627450980338e-02
1.001520484175065593e-03,9.411764705882352811e-01,-3.921568627450980338e-02
1.001522484175009029e-03,8.235294117647058432e-01,7.843137254901960675e-02
1.001524484174952465e-03,9.019607843137255054e-01,-7.843137254901960675e-02
1.001526484174895901e-03,9.019607843137255054e-01,7.843137254901960675e-02
1.001528484174839338e-03,9.411764705882352811e-01,0.000000000000000000e+00
1.001530484174782774e-03,9.019607843137255054e-01,-3.921568627450980338e-02
1.001532484174726210e-03,8.235294117647058432e-01,7.843137254901960675e-02
1.001534484174669646e-03,9.019607843137255054e-01,-3.921568627450980338e-02
1.001536484174613082e-03,9.411764705882352811e-01,3.921568627450980338e-02
1.001538484174556518e-03,8.627450980392157298e-01,3.921568627450980338e-02
1.001540484174499954e-03,9.019607843137255054e-01,-7.843137254901960675e-02
1.001542484174443391e-03,9.019607843137255054e-01,1.176470588235294101e-01
1.001544484174386827e-03,9.411764705882352811e-01,-3.921568627450980338e-02
1.001546484174330263e-03,8.627450980392157298e-01,0.000000000000000000e+00
1.001548484174273699e-03,9.019607843137255054e-01,3.921568627450980338e-02
1.001550484174217135e-03,9.019607843137255054e-01,0.000000000000000000e+00
1.001552484174160571e-03,9.411764705882352811e-01,7.843137254901960675e-02
1.001554484174104007e-03,8.627450980392157298e-01,-3.921568627450980338e-02
1.001556484174047443e-03,8.627450980392157298e-01,7.843137254901960675e-02
1.001558484173990880e-03,9.019607843137255054e-01,7.843137254901960675e-02
1.001560484173934316e-03,9.411764705882352811e-01,-3.921568627450980338e-02
1.001562484173877752e-03,8.627450980392157298e-01,1.176470588235294101e-01
1.001564484173821188e-03,8.627450980392157298e-01,-7.843137254901960675e-02
1.001566484173764624e-03,9.019607843137255054e-01,1.176470588235294101e-01
1.001568484173708060e-03,9.411764705882352811e-01,3.921568627450980338e-02
1.001570484173651496e-03,9.019607843137255054e-01,-3.921568627450980338e-02
1.001572484173594933e-03,8.627450980392157298e-01,1.176470588235294101e-01
1.001574484173538369e-03,9.019607843137255054e-01,-3.921568627450980338e-02
1.001576484173481805e-03,9.411764705882352811e-01,0.000000000000000000e+00
1.001578484173425241e-03,8.627450980392157298e-01,3.921568627450980338e-02
1.001580484173368677e-03,8.627450980392157298e-01,-1.568627450980392135e-01
1.001582484173312113e-03,9.019607843137255054e-01,1.176470588235294101e-01
1.001584484173255549e-03,9.411764705882352811e-01,-3.921568627450980338e-02
1.001586484173198986e-03,8.627450980392157298e-01,0.000000000000000000e+00
1.001588484173142422e-03,9.019607843137255054e-01,3.921568627450980338e-02
1.001590484173085858e-03,9.019607843137255054e-01,0.000000000000000000e+00
1.001592484173029294e-03,9.019607843137255054e-01,7.843137254901960675e-02
1.001594484172972730e-03,8.235294117647058432e-01,-7.843137254901960675e-02
1.001596484172916166e-03,8.627450980392157298e-01,3.921568627450980338e-02
1.001598484172859602e-03,8.627450980392157298e-01,3.921568627450980338e-02
1.001600484172803038e-03,9.411764705882352811e-01,-7.843137254901960675e-02
1.001602484172746475e-03,8.627450980392157298e-01,7.843137254901960675e-02
1.001604484172689911e-03,8.627450980392157298e-01,0.000000000000000000e+00
1.001606484172633347e-03,8.627450980392157298e-01,7.843137254901960675e-02
1.001608484172576783e-03,9.411764705882352811e-01,0.000000000000000000e+00
1.001610484172520219e-03,8.627450980392157298e-01,-3.921568627450980338e-02
1.001612484172463655e-03,8.627450980392157298e-01,3.921568627450980338e-02
1.001614484172407091e-03,9.019607843137255054e-01,-7.843137254901960675e-02
1.001616484172350528e-03,9.411764705882352811e-01,0.000000000000000000e+00
1.001618484172293964e-03,8.627450980392157298e-01,3.921568627450980338e-02
1.001620484172237400e-03,9.019607843137255054e-01,-1.568627450980392135e-01
1.001622484172180836e-03,9.019607843137255054e-01,1.176470588235294101e-01
1.001624484172124272e-03,9.411764705882352811e-01,0.000000000000000000e+00
1.001626484172067708e-03,8.627450980392157298e-01,0.000000000000000000e+00
1.001628484172011144e-03,8.627450980392157298e-01,7.843137254901960675e-02
1.001630484171954581e-03,9.019607843137255054e-01,0.000000000000000000e+00
1.001632484171898017e-03,9.019607843137255054e-01,7.843137254901960675e-02
1.001634484171841453e-03,8.627450980392157298e-01,-7.843137254901960675e-02
1.001636484171784889e-03,8.627450980392157298e-01,3.921568627450980338e-02
1.001638484171728325e-03,9.019607843137255054e-01,3.921568627450980338e-02
1.001640484171671761e-03,9.411764705882352811e-01,-3.921568627450980338e-02
1.001642484171615197e-03,8.627450980392157298e-01,7.843137254901960675e-02
1.001644484171558633e-03,9.019607843137255054e-01,-7.843137254901960675e-02
1.001646484171502070e-03,9.019607843137255054e-01,7.843137254901960675e-02
1.001648484171445506e-03,9.411764705882352811e-01,0.000000000000000000e+00
1.001650484171388942e-03,8.627450980392157298e-01,-7.843137254901960675e-02
1.001652484171332378e-03,8.627450980392157298e-01,7.843137254901960675e-02
1.001654484171275814e-03,9.019607843137255054e-01,-3.921568627450980338e-02
1.001656484171219250e-03,9.019607843137255054e-01,0.000000000000000000e+00
1.001658484171162686e-03,8.627450980392157298e-01,3.921568627450980338e-02
1.001660484171106123e-03,9.019607843137255054e-01,-1.568627450980392135e-01
1.001662484171049559e-03,9.019607843137255054e-01,1.176470588235294101e-01
1.001664484170992995e-03,9.411764705882352811e-01,-3.921568627450980338e-02
1.001666484170936431e-03,8.627450980392157298e-01,0.000000000000000000e+00
1.001668484170879867e-03,8.627450980392157298e-01,3.921568627450980338e-02
1.001670484170823303e-03,9.019607843137255054e-01,0.000000000000000000e+00
1.001672484170766739e-03,9.411764705882352811e-01,7.843137254901960675e-02
1.001674484170710176e-03,8.627450980392157298e-01,-3.921568627450980338e-02
1.001676484170653612e-03,8.627450980392157298e-01,3.921568627450980338e-02
1.001678484170597048e-03,9.019607843137255054e-01,7.843137254901960675e-02
1.001680484170540484e-03,9.411764705882352811e-01,-3.921568627450980338e-02
1.001682484170483920e-03,8.235294117647058432e-01,7.843137254901960675e-02
1.001684484170427356e-03,8.627450980392157298e-01,-7.843137254901960675e-02
1.001686484170370792e-03,9.019607843137255054e-01,7.843137254901960675e-02
1.001688484170314229e-03,9.411764705882352811e-01,7.843137254901960675e-02
1.001690484170257665e-03,8.627450980392157298e-01,-3.921568627450980338e-02
1.001692484170201101e-03,9.019607843137255054e-01,7.843137254901960675e-02
1.001694484170144537e-03,9.019607843137255054e-01,0.000000000000000000e+00
1.001696484170087973e-03,9.019607843137255054e-01,0.000000000000000000e+00
1.001698484170031409e-03,8.627450980392157298e-01,7.843137254901960675e-02
1.001700484169974845e-03,9.019607843137255054e-01,0.000000000000000000e+00
1.001702484169918281e-03,9.019607843137255054e-01,1.176470588235294101e-01
1.001704484169861718e-03,9.411764705882352811e-01,-3.921568627450980338e-02
1.001706484169805154e-03,8.235294117647058432e-01,0.000000000000000000e+00
1.001708484169748590e-03,8.627450980392157298e-01,7.843137254901960675e-02
1.001710484169692026e-03,8.627450980392157298e-01,0.000000000000000000e+00
1.001712484169635462e-03,9.019607843137255054e-01,3.921568627450980338e-02
1.001714484169578898e-03,8.627450980392157298e-01,-3.921568627450980338e-02
1.001716484169522334e-03,8.627450980392157298e-01,3.921568627450980338e-02
1.001718484169465771e-03,9.019607843137255054e-01,3.921568627450980338e-02
1.001720484169409207e-03,9.019607843137255054e-01,-3.921568627450980338e-02
1.001722484169352643e-03,8.627450980392157298e-01,3.921568627450980338e-02
1.001724484169296079e-03,9.019607843137255054e-01,-7.843137254901960675e-02
1.001726484169239515e-03,8.627450980392157298e-01,1.176470588235294101e-01
1.001728484169182951e-03,9.019607843137255054e-01,3.921568627450980338e-02
1.001730484169126387e-03,8.627450980392157298e-01,-7.843137254901960675e-02
1.001732484169069824e-03,8.235294117647058432e-01,1.176470588235294101e-01
1.001734484169013260e-03,9.019607843137255054e-01,-3.921568627450980338e-02
1.001736484168956696e-03,9.411764705882352811e-01,0.000000000000000000e+00
1.001738484168900132e-03,8.235294117647058432e-01,3.921568627450980338e-02
1.001740484168843568e-03,8.627450980392157298e-01,-7.843137254901960675e-02
1.001742484168787004e-03,8.627450980392157298e-01,1.176470588235294101e-01
1.001744484168730440e-03,9.411764705882352811e-01,0.000000000000000000e+00
1.001746484168673876e-03,8.235294117647058432e-01,0.000000000000000000e+00
1.001748484168617313e-03,8.627450980392157298e-01,3.921568627450980338e-02
1.001750484168560749e-03,9.019607843137255054e-01,0.000000000000000000e+00
1.001752484168504185e-03,9.411764705882352811e-01,3.921568627450980338e-02
1.001754484168447621e-03,8.627450980392157298e-01,0.000000000000000000e+00
1.001756484168391057e-03,8.235294117647058432e-01,0.000000000000000000e+00
1.001758484168334493e-03,9.019607843137255054e-01,3.921568627450980338e-02
1.001760484168277929e-03,9.411764705882352811e-01,-3.921568627450980338e-02
1.001762484168221366e-03,8.627450980392157298e-01,7.843137254901960675e-02
1.001764484168164802e-03,9.019607843137255054e-01,-3.921568627450980338e-02
1.001766484168108238e-03,9.019607843137255054e-01,7.843137254901960675e-02
1.001768484168051674e-03,9.019607843137255054e-01,0.000000000000000000e+00
1.001770484167995110e-03,8.627450980392157298e-01,-7.843137254901960675e-02
1.001772484167938546e-03,9.019607843137255054e-01,7.843137254901960675e-02
1.001774484167881982e-03,9.019607843137255054e-01,-3.921568627450980338e-02
1.001776484167825419e-03,9.411764705882352811e-01,3.921568627450980338e-02
1.001778484167768855e-03,8.627450980392157298e-01,3.921568627450980338e-02
1.001780484167712291e-03,8.627450980392157298e-01,-7.843137254901960675e-02
1.001782484167655727e-03,8.627450980392157298e-01,7.843137254901960675e-02
1.001784484167599163e-03,9.411764705882352811e-01,-7.843137254901960675e-02
1.001786484167542599e-03,8.235294117647058432e-01,0.000000000000000000e+00
1.001788484167486035e-03,9.019607843137255054e-01,7.843137254901960675e-02
1.001790484167429472e-03,9.411764705882352811e-01,-3.921568627450980338e-02
1.001792484167372908e-03,9.411764705882352811e-01,3.921568627450980338e-02
1.001794484167316344e-03,8.627450980392157298e-01,-3.921568627450980338e-02
1.001796484167259780e-03,9.019607843137255054e-01,3.921568627450980338e-02
1.001798484167203216e-03,9.019607843137255054e-01,3.921568627450980338e-02
1.001800484167146652e-03,9.411764705882352811e-01,-7.843137254901960675e-02
1.001802484167090088e-03,8.235294117647058432e-01,1.176470588235294101e-01
1.001804484167033524e-03,8.627450980392157298e-01,-7.843137254901960675e-02
1.001806484166976961e-03,9.019607843137255054e-01,7.843137254901960675e-02
1.001808484166920397e-03,9.019607843137255054e-01,7.843137254901960675e-02
1.001810484166863833e-03,8.627450980392157298e-01,-3.921568627450980338e-02
1.001812484166807269e-03,9.019607843137255054e-01,7.843137254901960675e-02
1.001814484166750705e-03,9.019607843137255054e-01,0.000000000000000000e+00
1.001816484166694141e-03,9.019607843137255054e-01,0.000000000000000000e+00
1.001818484166637577e-03,8.235294117647058432e-01,7.843137254901960675e-02
1.001820484166581014e-03,9.019607843137255054e-01,-1.568627450980392135e-01
1.001822484166524450e-03,9.019607843137255054e-01,7.843137254901960675e-02
1.001824484166467886e-03,9.411764705882352811e-01,0.000000000000000000e+00
1.001826484166411322e-03,8.235294117647058432e-01,0.000000000000000000e+00
1.001828484166354758e-03,8.627450980392157298e-01,7.843137254901960675e-02
1.001830484166298194e-03,9.019607843137255054e-01,3.921568627450980338e-02
1.001832484166241630e-03,9.411764705882352811e-01,3.921568627450980338e-02
1.001834484166185067e-03,8.627450980392157298e-01,-3.921568627450980338e-02
1.001836484166128503e-03,8.627450980392157298e-01,0.000000000000000000e+00
1.001838484166071939e-03,9.019607843137255054e-01,0.000000000000000000e+00
1.001840484166015375e-03,9.411764705882352811e-01,-3.921568627450980338e-02
1.001842484165958811e-03,8.627450980392157298e-01,7.843137254901960675e-02
1.001844484165902247e-03,8.627450980392157298e-01,0.000000000000000000e+00
1.001846484165845683e-03,8.627450980392157298e-01,1.176470588235294101e-01
1.001848484165789119e-03,9.411764705882352811e-01,0.000000000000000000e+00
1.001850484165732556e-03,8.627450980392157298e-01,-3.921568627450980338e-02
1.001852484165675992e-03,8.627450980392157298e-01,7.843137254901960675e-02
1.001854484165619428e-03,9.019607843137255054e-01,-3.921568627450980338e-02
1.001856484165562864e-03,9.411764705882352811e-01,0.000000000000000000e+00
1.001858484165506300e-03,8.627450980392157298e-01,3.921568627450980338e-02
1.001860484165449736e-03,9.019607843137255054e-01,-7.843137254901960675e-02
1.001862484165393172e-03,9.019607843137255054e-01,1.176470588235294101e-01
1.001864484165336609e-03,9.411764705882352811e-01,-3.921568627450980338e-02
1.001866484165280045e-03,8.627450980392157298e-01,0.000000000000000000e+00
1.001868484165223481e-03,9.019607843137255054e-01,7.843137254901960675e-02
1.001870484165166917e-03,9.411764705882352811e-01,3.921568627450980338e-02
1.001872484165110353e-03,9.411764705882352811e-01,3.921568627450980338e-02
1.001874484165053789e-03,9.019607843137255054e-01,-3.921568627450980338e-02
1.001876484164997225e-03,8.627450980392157298e-01,0.000000000000000000e+00
1.001878484164940662e-03,9.019607843137255054e-01,7.843137254901960675e-02
1.001880484164884098e-03,9.411764705882352811e-01,0.000000000000000000e+00
1.001882484164827534e-03,8.235294117647058432e-01,7.843137254901960675e-02
1.001884484164770970e-03,8.627450980392157298e-01,0.000000000000000000e+00
1.001886484164714406e-03,9.019607843137255054e-01,1.176470588235294101e-01
1.001888484164657842e-03,9.411764705882352811e-01,3.921568627450980338e-02
1.001890484164601278e-03,9.019607843137255054e-01,-7.843137254901960675e-02
1.001892484164544714e-03,8.235294117647058432e-01,7.843137254901960675e-02
1.001894484164488151e-03,9.019607843137255054e-01,-3.921568627450980338e-02
1.001896484164431587e-03,9.019607843137255054e-01,3.921568627450980338e-02
1.001898484164375023e-03,8.627450980392157298e-01,7.843137254901960675e-02
1.001900484164318459e-03,9.019607843137255054e-01,-1.568627450980392135e-01
1.001902484164261895e-03,9.019607843137255054e-01,7.843137254901960675e-02
1.001904484164205331e-03,9.019607843137255054e-01,0.000000000000000000e+00
1.001906484164148767e-03,8.235294117647058432e-01,3.921568627450980338e-02
1.001908484164092204e-03,8.235294117647058432e-01,7.843137254901960675e-02
1.001910484164035640e-03,9.019607843137255054e-01,0.000000000000000000e+00
1.001912484163979076e-03,9.019607843137255054e-01,3.921568627450980338e-02
1.001914484163922512e-03,8.235294117647058432e-01,0.000000000000000000e+00
1.001916484163865948e-03,8.627450980392157298e-01,3.921568627450980338e-02
1.001918484163809384e-03,8.235294117647058432e-01,3.921568627450980338e-02
1.001920484163752820e-03,9.411764705882352811e-01,-3.921568627450980338e-02
1.001922484163696257e-03,9.019607843137255054e-01,7.843137254901960675e-02
1.001924484163639693e-03,8.627450980392157298e-01,-3.921568627450980338e-02
1.001926484163583129e-03,9.019607843137255054e-01,1.176470588235294101e-01
1.001928484163526565e-03,9.411764705882352811e-01,3.921568627450980338e-02
1.001930484163470001e-03,8.627450980392157298e-01,-3.921568627450980338e-02
1.001932484163413437e-03,8.235294117647058432e-01,7.843137254901960675e-02
1.001934484163356873e-03,9.019607843137255054e-01,0.000000000000000000e+00
1.001936484163300310e-03,9.411764705882352811e-01,0.000000000000000000e+00
1.001938484163243746e-03,8.627450980392157298e-01,7.843137254901960675e-02
1.001940484163187182e-03,8.627450980392157298e-01,-1.568627450980392135e-01
1.001942484163130618e-03,9.019607843137255054e-01,1.176470588235294101e-01
1.001944484163074054e-03,9.411764705882352811e-01,-3.921568627450980338e-02
1.001946484163017490e-03,8.627450980392157298e-01,0.000000000000000000e+00
1.001948484162960926e-03,9.019607843137255054e-01,3.921568627450980338e-02
1.001950484162904362e-03,9.019607843137255054e-01,-3.921568627450980338e-02
1.001952484162847799e-03,9.411764705882352811e-01,7.843137254901960675e-02
1.001954484162791235e-03,8.627450980392157298e-01,-7.843137254901960675e-02
1.001956484162734671e-03,8.627450980392157298e-01,3.921568627450980338e-02
1.001958484162678107e-03,9.019607843137255054e-01,3.921568627450980338e-02
1.001960484162621543e-03,9.411764705882352811e-01,-7.843137254901960675e-02
1.001962484162564979e-03,8.627450980392157298e-01,7.843137254901960675e-02
1.001964484162508415e-03,9.019607843137255054e-01,0.000000000000000000e+00
1.001966484162451852e-03,9.019607843137255054e-01,7.843137254901960675e-02
1.001968484162395288e-03,9.411764705882352811e-01,0.000000000000000000e+00
1.001970484162338724e-03,8.235294117647058432e-01,-1.568627450980392135e-01
1.001972484162282160e-03,8.627450980392157298e-01,3.921568627450980338e-02
1.001974484162225596e-03,9.019607843137255054e-01,0.000000000000000000e+00
1.001976484162169032e-03,9.019607843137255054e-01,0.000000000000000000e+00
1.001978484162112468e-03,8.235294117647058432e-01,7.843137254901960675e-02
1.001980484162055905e-03,8.235294117647058432e-01,-1.568627450980392135e-01
1.001982484161999341e-03,9.019607843137255054e-01,1.176470588235294101e-01
1.001984484161942777e-03,9.411764705882352811e-01,0.000000000000000000e+00
1.001986484161886213e-03,8.627450980392157298e-01,0.000000000000000000e+00
1.001988484161829649e-03,8.235294117647058432e-01,3.921568627450980338e-02
1.001990484161773085e-03,8.627450980392157298e-01,0.000000000000000000e+00
1.001992484161716521e-03,9.411764705882352811e-01,7.843137254901960675e-02
1.001994484161659957e-03,8.627450980392157298e-01,-3.921568627450980338e-02
1.001996484161603394e-03,8.627450980392157298e-01,7.843137254901960675e-02
1.001998484161546830e-03,9.019607843137255054e-01,3.921568627450980338e-02
1.002000484161490266e-03,9.411764705882352811e-01,-3.921568627450980338e-02
1.002002484161433702e-03,8.627450980392157298e-01,7.843137254901960675e-02
1.002004484161377138e-03,8.235294117647058432e-01,-7.843137254901960675e-02
1.002006484161320574e-03,9.019607843137255054e-01,7.843137254901960675e-02
1.002008484161264010e-03,9.411764705882352811e-01,3.921568627450980338e-02
1.002010484161207447e-03,8.627450980392157298e-01,-7.843137254901960675e-02
1.002012484161150883e-03,9.019607843137255054e-01,7.843137254901960675e-02
1.002014484161094319e-03,9.019607843137255054e-01,0.000000000000000000e+00
1.002016484161037755e-03,9.411764705882352811e-01,3.921568627450980338e-02
1.002018484160981191e-03,8.627450980392157298e-01,3.921568627450980338e-02
1.002020484160924627e-03,9.019607843137255054e-01,0.000000000000000000e+00
1.002022484160868063e-03,9.019607843137255054e-01,1.568627450980392135e-01
1.002024484160811500e-03,9.411764705882352811e-01,-3.921568627450980338e-02
1.002026484160754936e-03,8.235294117647058432e-01,0.000000000000000000e+00
1.002028484160698372e-03,9.019607843137255054e-01,7.843137254901960675e-02
1.002030484160641808e-03,9.019607843137255054e-01,0.000000000000000000e+00
1.002032484160585244e-03,9.019607843137255054e-01,7.843137254901960675e-02
1.002034484160528680e-03,8.627450980392157298e-01,0.000000000000000000e+00
1.002036484160472116e-03,8.627450980392157298e-01,3.921568627450980338e-02
1.002038484160415552e-03,9.411764705882352811e-01,0.000000000000000000e+00
1.002040484160358989e-03,9.411764705882352811e-01,-7.843137254901960675e-02
1.002042484160302425e-03,8.235294117647058432e-01,7.843137254901960675e-02
1.002044484160245861e-03,9.019607843137255054e-01,-7.843137254901960675e-02
1.002046484160189297e-03,9.019607843137255054e-01,7.843137254901960675e-02
1.002048484160132733e-03,9.411764705882352811e-01,3.921568627450980338e-02
1.002050484160076169e-03,8.627450980392157298e-01,-7.843137254901960675e-02
1.002052484160019605e-03,8.235294117647058432e-01,1.176470588235294101e-01
1.002054484159963042e-03,8.627450980392157298e-01,0.000000000000000000e+00
1.002056484159906478e-03,9.411764705882352811e-01,0.000000000000000000e+00
1.002058484159849914e-03,8.627450980392157298e-01,3.921568627450980338e-02
1.002060484159793350e-03,8.627450980392157298e-01,-7.843137254901960675e-02
1.002062484159736786e-03,8.627450980392157298e-01,7.843137254901960675e-02
1.002064484159680222e-03,9.411764705882352811e-01,0.000000000000000000e+00
1.002066484159623658e-03,8.627450980392157298e-01,0.000000000000000000e+00
1.002068484159567095e-03,8.235294117647058432e-01,3.921568627450980338e-02
1.002070484159510531e-03,9.019607843137255054e-01,0.000000000000000000e+00
1.002072484159453967e-03,9.411764705882352811e-01,7.843137254901960675e-02
1.002074484159397403e-03,8.235294117647058432e-01,-3.921568627450980338e-02
1.002076484159340839e-03,8.235294117647058432e-01,7.843137254901960675e-02
1.002078484159284275e-03,9.019607843137255054e-01,3.921568627450980338e-02
1.002080484159227711e-03,9.411764705882352811e-01,-3.921568627450980338e-02
1.002082484159171148e-03,8.235294117647058432e-01,7.843137254901960675e-02
1.002084484159114584e-03,8.627450980392157298e-01,-7.843137254901960675e-02
1.002086484159058020e-03,9.019607843137255054e-01,1.176470588235294101e-01
1.002088484159001456e-03,9.411764705882352811e-01,0.000000000000000000e+00
1.002090484158944892e-03,8.627450980392157298e-01,-7.843137254901960675e-02
1.002092484158888328e-03,8.235294117647058432e-01,3.921568627450980338e-02
1.002094484158831764e-03,9.019607843137255054e-01,-3.921568627450980338e-02
1.002096484158775200e-03,9.411764705882352811e-01,3.921568627450980338e-02
1.002098484158718637e-03,8.627450980392157298e-01,3.921568627450980338e-02
1.002100484158662073e-03,9.411764705882352811e-01,-3.921568627450980338e-02
1.002102484158605509e-03,9.019607843137255054e-01,1.176470588235294101e-01
1.002104484158548945e-03,9.411764705882352811e-01,-3.921568627450980338e-02
1.002106484158492381e-03,8.235294117647058432e-01,0.000000000000000000e+00
1.002108484158435817e-03,9.019607843137255054e-01,7.843137254901960675e-02
1.002110484158379253e-03,9.019607843137255054e-01,0.000000000000000000e+00
1.002112484158322690e-03,9.411764705882352811e-01,7.843137254901960675e-02
1.002114484158266126e-03,8.235294117647058432e-01,-3.921568627450980338e-02
1.002116484158209562e-03,8.627450980392157298e-01,7.843137254901960675e-02
1.002118484158152998e-03,8.627450980392157298e-01,3.921568627450980338e-02
1.002120484158096434e-03,9.411764705882352811e-01,-3.921568627450980338e-02
1.002122484158039870e-03,8.627450980392157298e-01,7.843137254901960675e-02
1.002124484157983306e-03,8.627450980392157298e-01,-1.568627450980392135e-01
1.002126484157926743e-03,9.019607843137255054e-01,7.843137254901960675e-02
1.002128484157870179e-03,9.411764705882352811e-01,0.000000000000000000e+00
1.002130484157813615e-03,8.627450980392157298e-01,-7.843137254901960675e-02
1.002132484157757051e-03,9.019607843137255054e-01,7.843137254901960675e-02
1.002134484157700487e-03,9.019607843137255054e-01,-3.921568627450980338e-02
1.002136484157643923e-03,9.411764705882352811e-01,3.921568627450980338e-02
1.002138484157587359e-03,8.627450980392157298e-01,7.843137254901960675e-02
1.002140484157530795e-03,9.019607843137255054e-01,-1.568627450980392135e-01
1.002142484157474232e-03,9.019607843137255054e-01,1.176470588235294101e-01
1.002144484157417668e-03,9.411764705882352811e-01,0.000000000000000000e+00
1.002146484157361104e-03,8.627450980392157298e-01,0.000000000000000000e+00
1.002148484157304540e-03,8.627450980392157298e-01,3.921568627450980338e-02
1.002150484157247976e-03,9.019607843137255054e-01,0.000000000000000000e+00
1.002152484157191412e-03,9.411764705882352811e-01,7.843137254901960675e-02
1.002154484157134848e-03,8.627450980392157298e-01,-3.921568627450980338e-02
1.002156484157078285e-03,8.627450980392157298e-01,7.843137254901960675e-02
1.002158484157021721e-03,9.019607843137255054e-01,3.921568627450980338e-02
1.002160484156965157e-03,9.411764705882352811e-01,-7.843137254901960675e-02
1.002162484156908593e-03,8.235294117647058432e-01,1.176470588235294101e-01
1.002164484156852029e-03,8.627450980392157298e-01,-1.568627450980392135e-01
1.002166484156795465e-03,9.019607843137255054e-01,7.843137254901960675e-02
1.002168484156738901e-03,9.411764705882352811e-01,3.921568627450980338e-02
1.002170484156682338e-03,8.627450980392157298e-01,-7.843137254901960675e-02
1.002172484156625774e-03,8.235294117647058432e-01,1.176470588235294101e-01
1.002174484156569210e-03,9.411764705882352811e-01,0.000000000000000000e+00
1.002176484156512646e-03,9.411764705882352811e-01,0.000000000000000000e+00
1.002178484156456082e-03,8.627450980392157298e-01,3.921568627450980338e-02
1.002180484156399518e-03,9.019607843137255054e-01,-7.843137254901960675e-02
1.002182484156342954e-03,9.019607843137255054e-01,1.176470588235294101e-01
1.002184484156286391e-03,9.411764705882352811e-01,-3.921568627450980338e-02
1.002186484156229827e-03,9.019607843137255054e-01,0.000000000000000000e+00
1.002188484156173263e-03,9.019607843137255054e-01,3.921568627450980338e-02
1.002190484156116699e-03,9.019607843137255054e-01,-3.921568627450980338e-02
1.002192484156060135e-03,9.411764705882352811e-01,7.843137254901960675e-02
1.002194484156003571e-03,8.627450980392157298e-01,-3.921568627450980338e-02
1.002196484155947007e-03,8.235294117647058432e-01,3.921568627450980338e-02
1.002198484155890443e-03,8.627450980392157298e-01,0.000000000000000000e+00
1.002200484155833880e-03,9.411764705882352811e-01,-7.843137254901960675e-02
1.002202484155777316e-03,8.235294117647058432e-01,7.843137254901960675e-02
1.002204484155720752e-03,9.019607843137255054e-01,-3.921568627450980338e-02
1.002206484155664188e-03,9.019607843137255054e-01,7.843137254901960675e-02
1.002208484155607624e-03,9.411764705882352811e-01,0.000000000000000000e+00
1.002210484155551060e-03,8.235294117647058432e-01,-7.843137254901960675e-02
1.002212484155494496e-03,8.627450980392157298e-01,7.843137254901960675e-02
1.002214484155437933e-03,9.411764705882352811e-01,0.000000000000000000e+00
1.002216484155381369e-03,9.411764705882352811e-01,0.000000000000000000e+00
1.002218484155324805e-03,8.235294117647058432e-01,3.921568627450980338e-02
1.002220484155268241e-03,8.627450980392157298e-01,-7.843137254901960675e-02
1.002222484155211677e-03,9.019607843137255054e-01,1.176470588235294101e-01
1.002224484155155113e-03,9.019607843137255054e-01,-3.921568627450980338e-02
1.002226484155098549e-03,8.627450980392157298e-01,0.000000000000000000e+00
1.002228484155041986e-03,8.627450980392157298e-01,7.843137254901960675e-02
1.002230484154985422e-03,9.019607843137255054e-01,0.000000000000000000e+00
1.002232484154928858e-03,9.411764705882352811e-01,3.921568627450980338e-02
1.002234484154872294e-03,8.627450980392157298e-01,0.000000000000000000e+00
1.002236484154815730e-03,8.235294117647058432e-01,3.921568627450980338e-02
1.002238484154759166e-03,9.019607843137255054e-01,3.921568627450980338e-02
1.002240484154702602e-03,9.411764705882352811e-01,-7.843137254901960675e-02
1.002242484154646038e-03,8.627450980392157298e-01,7.843137254901960675e-02
1.002244484154589475e-03,9.019607843137255054e-01,-7.843137254901960675e-02
1.002246484154532911e-03,9.019607843137255054e-01,7.843137254901960675e-02
1.002248484154476347e-03,9.411764705882352811e-01,3.921568627450980338e-02
1.002250484154419783e-03,8.235294117647058432e-01,-7.843137254901960675e-02
1.002252484154363219e-03,9.019607843137255054e-01,7.843137254901960675e-02
1.002254484154306655e-03,9.019607843137255054e-01,-3.921568627450980338e-02
1.002256484154250091e-03,9.411764705882352811e-01,0.000000000000000000e+00
1.002258484154193528e-03,8.627450980392157298e-01,3.921568627450980338e-02
1.002260484154136964e-03,8.627450980392157298e-01,-1.568627450980392135e-01
1.002262484154080400e-03,9.019607843137255054e-01,1.176470588235294101e-01
1.002264484154023836e-03,9.411764705882352811e-01,0.000000000000000000e+00
1.002266484153967272e-03,8.627450980392157298e-01,0.000000000000000000e+00
1.002268484153910708e-03,8.627450980392157298e-01,7.843137254901960675e-02
1.002270484153854144e-03,9.019607843137255054e-01,0.000000000000000000e+00
1.002272484153797581e-03,9.411764705882352811e-01,7.843137254901960675e-02
1.002274484153741017e-03,8.627450980392157298e-01,-3.921568627450980338e-02
1.002276484153684453e-03,8.627450980392157298e-01,3.921568627450980338e-02
1.002278484153627889e-03,9.019607843137255054e-01,3.921568627450980338e-02
1.002280484153571325e-03,9.019607843137255054e-01,-7.843137254901960675e-02
1.002282484153514761e-03,8.627450980392157298e-01,7.843137254901960675e-02
1.002284484153458197e-03,8.235294117647058432e-01,-7.843137254901960675e-02
1.002286484153401633e-03,8.627450980392157298e-01,7.843137254901960675e-02
1.002288484153345070e-03,9.411764705882352811e-01,3.921568627450980338e-02
1.002290484153288506e-03,8.627450980392157298e-01,-7.843137254901960675e-02
1.002292484153231942e-03,8.235294117647058432e-01,7.843137254901960675e-02
1.002294484153175378e-03,8.627450980392157298e-01,0.000000000000000000e+00
1.002296484153118814e-03,9.019607843137255054e-01,0.000000000000000000e+00
1.002298484153062250e-03,8.627450980392157298e-01,3.921568627450980338e-02
1.002300484153005686e-03,9.019607843137255054e-01,0.000000000000000000e+00
1.002302484152949123e-03,9.019607843137255054e-01,7.843137254901960675e-02
1.002304484152892559e-03,9.411764705882352811e-01,-3.921568627450980338e-02
1.002306484152835995e-03,8.627450980392157298e-01,0.000000000000000000e+00
1.002308484152779431e-03,8.627450980392157298e-01,3.921568627450980338e-02
1.002310484152722867e-03,9.019607843137255054e-01,0.000000000000000000e+00
1.002312484152666303e-03,9.411764705882352811e-01,7.843137254901960675e-02
1.002314484152609739e-03,8.627450980392157298e-01,-3.921568627450980338e-02
1.002316484152553176e-03,8.235294117647058432e-01,0.000000000000000000e+00
1.002318484152496612e-03,8.627450980392157298e-01,3.921568627450980338e-02
1.002320484152440048e-03,9.411764705882352811e-01,-3.921568627450980338e-02
1.002322484152383484e-03,8.235294117647058432e-01,1.176470588235294101e-01
1.002324484152326920e-03,8.627450980392157298e-01,0.000000000000000000e+00
1.002326484152270356e-03,9.019607843137255054e-01,1.176470588235294101e-01
1.002328484152213792e-03,9.411764705882352811e-01,3.921568627450980338e-02
1.002330484152157229e-03,8.627450980392157298e-01,-3.921568627450980338e-02
1.002332484152100665e-03,8.627450980392157298e-01,7.843137254901960675e-02
1.002334484152044101e-03,9.411764705882352811e-01,0.000000000000000000e+00
1.002336484151987537e-03,9.411764705882352811e-01,0.000000000000000000e+00
1.002338484151930973e-03,8.627450980392157298e-01,3.921568627450980338e-02
1.002340484151874409e-03,9.019607843137255054e-01,-7.843137254901960675e-02
1.002342484151817845e-03,9.019607843137255054e-01,7.843137254901960675e-02
1.002344484151761281e-03,9.411764705882352811e-01,0.000000000000000000e+00
1.002346484151704718e-03,8.627450980392157298e-01,0.000000000000000000e+00
1.002348484151648154e-03,9.019607843137255054e-01,3.921568627450980338e-02
1.002350484151591590e-03,9.411764705882352811e-01,0.000000000000000000e+00
1.002352484151535026e-03,9.411764705882352811e-01,7.843137254901960675e-02
1.002354484151478462e-03,8.627450980392157298e-01,-3.921568627450980338e-02
1.002356484151421898e-03,8.627450980392157298e-01,3.921568627450980338e-02
1.002358484151365334e-03,8.627450980392157298e-01,3.921568627450980338e-02
1.002360484151308771e-03,9.411764705882352811e-01,-3.921568627450980338e-02
1.002362484151252207e-03,8.235294117647058432e-01,7.843137254901960675e-02
1.002364484151195643e-03,9.019607843137255054e-01,0.000000000000000000e+00
1.002366484151139079e-03,9.019607843137255054e-01,7.843137254901960675e-02
1.002368484151082515e-03,9.411764705882352811e-01,3.921568627450980338e-02
1.002370484151025951e-03,8.235294117647058432e-01,-3.921568627450980338e-02
1.002372484150969387e-03,9.019607843137255054e-01,7.843137254901960675e-02
1.002374484150912824e-03,9.019607843137255054e-01,0.000000000000000000e+00
1.002376484150856260e-03,9.019607843137255054e-01,0.000000000000000000e+00
1.002378484150799696e-03,8.235294117647058432e-01,7.843137254901960675e-02
1.002380484150743132e-03,8.627450980392157298e-01,-7.843137254901960675e-02
1.002382484150686568e-03,9.411764705882352811e-01,1.176470588235294101e-01
1.002384484150630004e-03,9.019607843137255054e-01,-3.921568627450980338e-02
1.002386484150573440e-03,8.235294117647058432e-01,3.921568627450980338e-02
1.002388484150516876e-03,9.019607843137255054e-01,3.921568627450980338e-02
1.002390484150460313e-03,9.019607843137255054e-01,0.000000000000000000e+00
1.002392484150403749e-03,9.019607843137255054e-01,7.843137254901960675e-02
1.002394484150347185e-03,8.235294117647058432e-01,-3.921568627450980338e-02
1.002396484150290621e-03,8.627450980392157298e-01,7.843137254901960675e-02
1.002398484150234057e-03,9.019607843137255054e-01,0.000000000000000000e+00
1.002400484150177493e-03,9.411764705882352811e-01,-3.921568627450980338e-02
1.002402484150120929e-03,8.627450980392157298e-01,7.843137254901960675e-02
1.002404484150064366e-03,9.019607843137255054e-01,-7.843137254901960675e-02
1.002406484150007802e-03,9.019607843137255054e-01,7.843137254901960675e-02
1.002408484149951238e-03,9.411764705882352811e-01,3.921568627450980338e-02
1.002410484149894674e-03,8.627450980392157298e-01,0.000000000000000000e+00
1.002412484149838110e-03,8.235294117647058432e-01,7.843137254901960675e-02
1.002414484149781546e-03,9.019607843137255054e-01,-3.921568627450980338e-02
1.002416484149724982e-03,9.411764705882352811e-01,0.000000000000000000e+00
1.002418484149668419e-03,8.235294117647058432e-01,3.921568627450980338e-02
1.002420484149611855e-03,9.019607843137255054e-01,-1.568627450980392135e-01
1.002422484149555291e-03,9.019607843137255054e-01,1.176470588235294101e-01
1.002424484149498727e-03,9.803921568627450567e-01,-3.921568627450980338e-02
1.002426484149442163e-03,8.235294117647058432e-01,0.000000000000000000e+00
1.002428484149385599e-03,9.019607843137255054e-01,3.921568627450980338e-02
1.002430484149329035e-03,9.411764705882352811e-01,0.000000000000000000e+00
1.002432484149272472e-03,9.019607843137255054e-01,7.843137254901960675e-02
1.002434484149215908e-03,8.627450980392157298e-01,-3.921568627450980338e-02
1.002436484149159344e-03,8.627450980392157298e-01,3.921568627450980338e-02
1.002438484149102780e-03,9.019607843137255054e-01,3.921568627450980338e-02
1.002440484149046216e-03,9.411764705882352811e-01,-7.843137254901960675e-02
1.002442484148989652e-03,8.235294117647058432e-01,7.843137254901960675e-02
1.002444484148933088e-03,9.019607843137255054e-01,0.000000000000000000e+00
1.002446484148876524e-03,9.019607843137255054e-01,3.921568627450980338e-02
1.002448484148819961e-03,9.411764705882352811e-01,3.921568627450980338e-02
1.002450484148763397e-03,8.627450980392157298e-01,-7.843137254901960675e-02
1.002452484148706833e-03,8.627450980392157298e-01,7.843137254901960675e-02
1.002454484148650269e-03,9.019607843137255054e-01,-3.921568627450980338e-02
1.002456484148593705e-03,9.411764705882352811e-01,-3.921568627450980338e-02
1.002458484148537141e-03,8.627450980392157298e-01,7.843137254901960675e-02
1.002460484148480577e-03,8.235294117647058432e-01,-7.843137254901960675e-02
1.002462484148424014e-03,9.019607843137255054e-01,1.176470588235294101e-01
1.002464484148367450e-03,9.411764705882352811e-01,0.000000000000000000e+00
1.002466484148310886e-03,8.627450980392157298e-01,0.000000000000000000e+00
1.002468484148254322e-03,8.627450980392157298e-01,3.921568627450980338e-02
1.002470484148197758e-03,9.019607843137255054e-01,0.000000000000000000e+00
1.002472484148141194e-03,9.411764705882352811e-01,7.843137254901960675e-02
1.002474484148084630e-03,8.235294117647058432e-01,0.000000000000000000e+00
1.002476484148028067e-03,9.019607843137255054e-01,3.921568627450980338e-02
1.002478484147971503e-03,9.411764705882352811e-01,0.000000000000000000e+00
1.002480484147914939e-03,9.411764705882352811e-01,-3.921568627450980338e-02
1.002482484147858375e-03,8.235294117647058432e-01,3.921568627450980338e-02
1.002484484147801811e-03,8.627450980392157298e-01,-7.843137254901960675e-02
1.002486484147745247e-03,9.019607843137255054e-01,7.843137254901960675e-02
1.002488484147688683e-03,9.411764705882352811e-01,3.921568627450980338e-02
1.002490484147632119e-03,9.019607843137255054e-01,-7.843137254901960675e-02
1.002492484147575556e-03,9.019607843137255054e-01,7.843137254901960675e-02
1.002494484147518992e-03,8.627450980392157298e-01,0.000000000000000000e+00
1.002496484147462428e-03,9.411764705882352811e-01,0.000000000000000000e+00
1.002498484147405864e-03,8.627450980392157298e-01,3.921568627450980338e-02
1.002500484147349300e-03,9.019607843137255054e-01,-7.843137254901960675e-02
1.002502484147292736e-03,9.019607843137255054e-01,7.843137254901960675e-02
1.002504484147236172e-03,9.411764705882352811e-01,-3.921568627450980338e-02
1.002506484147179609e-03,8.627450980392157298e-01,0.000000000000000000e+00
1.002508484147123045e-03,9.019607843137255054e-01,3.921568627450980338e-02
1.002510484147066481e-03,9.019607843137255054e-01,-3.921568627450980338e-02
1.002512484147009917e-03,9.411764705882352811e-01,1.176470588235294101e-01
1.002514484146953353e-03,8.235294117647058432e-01,-3.921568627450980338e-02
1.002516484146896789e-03,8.627450980392157298e-01,7.843137254901960675e-02
1.002518484146840225e-03,9.019607843137255054e-01,3.921568627450980338e-02
1.002520484146783662e-03,9.411764705882352811e-01,-7.843137254901960675e-02
1.002522484146727098e-03,8.235294117647058432e-01,7.843137254901960675e-02
1.002524484146670534e-03,9.019607843137255054e-01,0.000000000000000000e+00
1.002526484146613970e-03,9.019607843137255054e-01,1.176470588235294101e-01
1.002528484146557406e-03,9.411764705882352811e-01,3.921568627450980338e-02
1.002530484146500842e-03,8.627450980392157298e-01,-7.843137254901960675e-02
1.002532484146444278e-03,8.627450980392157298e-01,7.843137254901960675e-02
1.002534484146387714e-03,8.627450980392157298e-01,0.000000000000000000e+00
1.002536484146331151e-03,9.411764705882352811e-01,0.000000000000000000e+00
1.002538484146274587e-03,8.627450980392157298e-01,3.921568627450980338e-02
1.002540484146218023e-03,9.019607843137255054e-01,-7.843137254901960675e-02
1.002542484146161459e-03,9.019607843137255054e-01,1.568627450980392135e-01
1.002544484146104895e-03,9.411764705882352811e-01,-3.921568627450980338e-02
1.002546484146048331e-03,8.627450980392157298e-01,0.000000000000000000e+00
1.002548484145991767e-03,9.019607843137255054e-01,3.921568627450980338e-02
1.002550484145935204e-03,9.019607843137255054e-01,0.000000000000000000e+00
1.002552484145878640e-03,9.019607843137255054e-01,7.843137254901960675e-02
1.002554484145822076e-03,8.627450980392157298e-01,-3.921568627450980338e-02
1.002556484145765512e-03,8.627450980392157298e-01,3.921568627450980338e-02
1.002558484145708948e-03,9.019607843137255054e-01,3.921568627450980338e-02
1.002560484145652384e-03,9.411764705882352811e-01,-3.921568627450980338e-02
1.002562484145595820e-03,8.627450980392157298e-01,7.843137254901960675e-02
1.002564484145539257e-03,9.019607843137255054e-01,0.000000000000000000e+00
1.002566484145482693e-03,9.019607843137255054e-01,1.176470588235294101e-01
1.002568484145426129e-03,9.411764705882352811e-01,3.921568627450980338e-02
1.002570484145369565e-03,8.235294117647058432e-01,-3.921568627450980338e-02
1.002572484145313001e-03,9.019607843137255054e-01,7.843137254901960675e-02
1.002574484145256437e-03,9.019607843137255054e-01,-3.921568627450980338e-02
1.002576484145199873e-03,9.411764705882352811e-01,0.000000000000000000e+00
1.002578484145143310e-03,8.627450980392157298e-01,3.921568627450980338e-02
1.002580484145086746e-03,9.019607843137255054e-01,-1.568627450980392135e-01
1.002582484145030182e-03,9.019607843137255054e-01,7.843137254901960675e-02
1.002584484144973618e-03,9.411764705882352811e-01,-3.921568627450980338e-02
1.002586484144917054e-03,8.235294117647058432e-01,0.000000000000000000e+00
1.002588484144860490e-03,8.235294117647058432e-01,3.921568627450980338e-02
1.002590484144803926e-03,9.411764705882352811e-01,0.000000000000000000e+00
1.002592484144747362e-03,9.019607843137255054e-01,7.843137254901960675e-02
1.002594484144690799e-03,8.627450980392157298e-01,-7.843137254901960675e-02
1.002596484144634235e-03,8.627450980392157298e-01,3.921568627450980338e-02
1.002598484144577671e-03,9.019607843137255054e-01,3.921568627450980338e-02
1.002600484144521107e-03,9.411764705882352811e-01,-7.843137254901960675e-02
1.002602484144464543e-03,8.627450980392157298e-01,7.843137254901960675e-02
1.002604484144407979e-03,8.627450980392157298e-01,0.000000000000000000e+00
1.002606484144351415e-03,9.019607843137255054e-01,1.176470588235294101e-01
1.002608484144294852e-03,9.019607843137255054e-01,3.921568627450980338e-02
1.002610484144238288e-03,8.627450980392157298e-01,-7.843137254901960675e-02
1.002612484144181724e-03,9.019607843137255054e-01,3.921568627450980338e-02
1.002614484144125160e-03,9.019607843137255054e-01,0.000000000000000000e+00
1.002616484144068596e-03,9.411764705882352811e-01,0.000000000000000000e+00
1.002618484144012032e-03,8.235294117647058432e-01,7.843137254901960675e-02
1.002620484143955468e-03,8.627450980392157298e-01,-1.568627450980392135e-01
1.002622484143898905e-03,9.019607843137255054e-01,7.843137254901960675e-02
1.002624484143842341e-03,9.411764705882352811e-01,0.000000000000000000e+00
1.002626484143785777e-03,7.843137254901960675e-01,0.000000000000000000e+00
1.002628484143729213e-03,8.627450980392157298e-01,3.921568627450980338e-02
1.002630484143672649e-03,9.019607843137255054e-01,0.000000000000000000e+00
1.002632484143616085e-03,9.411764705882352811e-01,7.843137254901960675e-02
1.002634484143559521e-03,8.235294117647058432e-01,-3.921568627450980338e-02
1.002636484143502957e-03,9.019607843137255054e-01,7.843137254901960675e-02
1.002638484143446394e-03,9.019607843137255054e-01,7.843137254901960675e-02
1.002640484143389830e-03,9.411764705882352811e-01,-3.921568627450980338e-02
1.002642484143333266e-03,8.627450980392157298e-01,7.843137254901960675e-02
1.002644484143276702e-03,9.019607843137255054e-01,-7.843137254901960675e-02
1.002646484143220138e-03,9.019607843137255054e-01,7.843137254901960675e-02
1.002648484143163574e-03,9.411764705882352811e-01,3.921568627450980338e-02
1.002650484143107010e-03,8.627450980392157298e-01,-3.921568627450980338e-02
1.002652484143050447e-03,8.627450980392157298e-01,7.843137254901960675e-02
1.002654484142993883e-03,9.019607843137255054e-01,0.000000000000000000e+00
1.002656484142937319e-03,9.411764705882352811e-01,0.000000000000000000e+00
1.002658484142880755e-03,8.627450980392157298e-01,7.843137254901960675e-02
1.002660484142824191e-03,9.019607843137255054e-01,-1.568627450980392135e-01
1.002662484142767627e-03,8.627450980392157298e-01,1.176470588235294101e-01
1.002664484142711063e-03,9.019607843137255054e-01,-3.921568627450980338e-02
1.002666484142654500e-03,8.627450980392157298e-01,0.000000000000000000e+00
1.002668484142597936e-03,8.235294117647058432e-01,3.921568627450980338e-02
1.002670484142541372e-03,8.627450980392157298e-01,0.000000000000000000e+00
1.002672484142484808e-03,9.411764705882352811e-01,7.843137254901960675e-02
1.002674484142428244e-03,8.627450980392157298e-01,-3.921568627450980338e-02
1.002676484142371680e-03,8.627450980392157298e-01,3.921568627450980338e-02
1.002678484142315116e-03,9.019607843137255054e-01,3.921568627450980338e-02
1.002680484142258552e-03,9.411764705882352811e-01,-7.843137254901960675e-02
1.002682484142201989e-03,8.235294117647058432e-01,7.843137254901960675e-02
1.002684484142145425e-03,8.627450980392157298e-01,0.000000000000000000e+00
1.002686484142088861e-03,9.019607843137255054e-01,7.843137254901960675e-02
1.002688484142032297e-03,9.411764705882352811e-01,0.000000000000000000e+00
1.002690484141975733e-03,8.627450980392157298e-01,-3.921568627450980338e-02
1.002692484141919169e-03,9.019607843137255054e-01,7.843137254901960675e-02
1.002694484141862605e-03,9.019607843137255054e-01,0.000000000000000000e+00
1.002696484141806042e-03,9.411764705882352811e-01,0.000000000000000000e+00
1.002698484141749478e-03,8.627450980392157298e-01,7.843137254901960675e-02
1.002700484141692914e-03,8.627450980392157298e-01,-1.568627450980392135e-01
1.002702484141636350e-03,9.019607843137255054e-01,1.176470588235294101e-01
1.002704484141579786e-03,9.411764705882352811e-01,0.000000000000000000e+00
1.002706484141523222e-03,8.627450980392157298e-01,0.000000000000000000e+00
1.002708484141466658e-03,8.627450980392157298e-01,7.843137254901960675e-02
1.002710484141410095e-03,9.019607843137255054e-01,0.000000000000000000e+00
1.002712484141353531e-03,9.019607843137255054e-01,7.843137254901960675e-02
1.002714484141296967e-03,8.235294117647058432e-01,-3.921568627450980338e-02
1.002716484141240403e-03,8.235294117647058432e-01,3.921568627450980338e-02
1.002718484141183839e-03,8.627450980392157298e-01,0.000000000000000000e+00
1.002720484141127275e-03,9.411764705882352811e-01,0.000000000000000000e+00
1.002722484141070711e-03,8.627450980392157298e-01,7.843137254901960675e-02
1.002724484141014148e-03,9.019607843137255054e-01,0.000000000000000000e+00
1.002726484140957584e-03,9.411764705882352811e-01,1.176470588235294101e-01
1.002728484140901020e-03,9.411764705882352811e-01,3.921568627450980338e-02
1.002730484140844456e-03,8.627450980392157298e-01,-7.843137254901960675e-02
1.002732484140787892e-03,8.627450980392157298e-01,7.843137254901960675e-02
1.002734484140731328e-03,9.019607843137255054e-01,0.000000000000000000e+00
1.002736484140674764e-03,9.411764705882352811e-01,0.000000000000000000e+00
1.002738484140618200e-03,8.235294117647058432e-01,3.921568627450980338e-02
1.002740484140561637e-03,9.019607843137255054e-01,-3.921568627450980338e-02
1.002742484140505073e-03,8.627450980392157298e-01,7.843137254901960675e-02
1.002744484140448509e-03,9.411764705882352811e-01,0.000000000000000000e+00
1.002746484140391945e-03,8.627450980392157298e-01,0.000000000000000000e+00
1.002748484140335381e-03,8.627450980392157298e-01,3.921568627450980338e-02
1.002750484140278817e-03,9.019607843137255054e-01,0.000000000000000000e+00
1.002752484140222253e-03,9.411764705882352811e-01,7.843137254901960675e-02
1.002754484140165690e-03,8.627450980392157298e-01,-7.843137254901960675e-02
1.002756484140109126e-03,9.411764705882352811e-01,3.921568627450980338e-02
1.002758484140052562e-03,9.019607843137255054e-01,3.921568627450980338e-02
1.002760484139995998e-03,9.411764705882352811e-01,-3.921568627450980338e-02
1.002762484139939434e-03,8.627450980392157298e-01,7.843137254901960675e-02
1.002764484139882870e-03,8.627450980392157298e-01,0.000000000000000000e+00
1.002766484139826306e-03,9.019607843137255054e-01,7.843137254901960675e-02
1.002768484139769743e-03,9.411764705882352811e-01,3.921568627450980338e-02
1.002770484139713179e-03,8.627450980392157298e-01,-3.921568627450980338e-02
1.002772484139656615e-03,8.235294117647058432e-01,7.843137254901960675e-02
1.002774484139600051e-03,9.411764705882352811e-01,0.000000000000000000e+00
1.002776484139543487e-03,9.411764705882352811e-01,0.000000000000000000e+00
1.002778484139486923e-03,8.235294117647058432e-01,7.843137254901960675e-02
1.002780484139430359e-03,9.019607843137255054e-01,0.000000000000000000e+00
1.002782484139373795e-03,8.627450980392157298e-01,1.176470588235294101e-01
1.002784484139317232e-03,9.411764705882352811e-01,0.000000000000000000e+00
1.002786484139260668e-03,8.627450980392157298e-01,0.000000000000000000e+00
1.002788484139204104e-03,8.235294117647058432e-01,3.921568627450980338e-02
1.002790484139147540e-03,9.019607843137255054e-01,0.000000000000000000e+00
1.002792484139090976e-03,8.235294117647058432e-01,7.843137254901960675e-02
1.002794484139034412e-03,8.627450980392157298e-01,-3.921568627450980338e-02
1.002796484138977848e-03,9.019607843137255054e-01,3.921568627450980338e-02
1.002798484138921285e-03,8.627450980392157298e-01,3.921568627450980338e-02
1.002800484138864721e-03,9.411764705882352811e-01,-3.921568627450980338e-02
1.002802484138808157e-03,8.627450980392157298e-01,7.843137254901960675e-02
1.002804484138751593e-03,9.019607843137255054e-01,-7.843137254901960675e-02
1.002806484138695029e-03,9.019607843137255054e-01,7.843137254901960675e-02
1.002808484138638465e-03,9.411764705882352811e-01,3.921568627450980338e-02
1.002810484138581901e-03,8.235294117647058432e-01,-3.921568627450980338e-02
1.002812484138525338e-03,8.627450980392157298e-01,3.921568627450980338e-02
1.002814484138468774e-03,9.019607843137255054e-01,-7.843137254901960675e-02
1.002816484138412210e-03,9.411764705882352811e-01,0.000000000000000000e+00
1.002818484138355646e-03,8.235294117647058432e-01,7.843137254901960675e-02
1.002820484138299082e-03,8.627450980392157298e-01,-3.921568627450980338e-02
1.002822484138242518e-03,9.019607843137255054e-01,1.176470588235294101e-01
1.002824484138185954e-03,9.411764705882352811e-01,-3.921568627450980338e-02
1.002826484138129391e-03,8.235294117647058432e-01,0.000000000000000000e+00
1.002828484138072827e-03,8.627450980392157298e-01,3.921568627450980338e-02
1.002830484138016263e-03,9.019607843137255054e-01,0.000000000000000000e+00
1.002832484137959699e-03,9.411764705882352811e-01,3.921568627450980338e-02
1.002834484137903135e-03,8.235294117647058432e-01,-3.921568627450980338e-02
1.002836484137846571e-03,8.627450980392157298e-01,3.921568627450980338e-02
1.002838484137790007e-03,9.019607843137255054e-01,3.921568627450980338e-02
1.002840484137733443e-03,9.411764705882352811e-01,-7.843137254901960675e-02
1.002842484137676880e-03,8.235294117647058432e-01,7.843137254901960675e-02
1.002844484137620316e-03,8.627450980392157298e-01,0.000000000000000000e+00
1.002846484137563752e-03,8.627450980392157298e-01,7.843137254901960675e-02
1.002848484137507188e-03,9.411764705882352811e-01,3.921568627450980338e-02
1.002850484137450624e-03,8.627450980392157298e-01,-3.921568627450980338e-02
1.002852484137394060e-03,8.235294117647058432e-01,7.843137254901960675e-02
1.002854484137337496e-03,9.019607843137255054e-01,-3.921568627450980338e-02
1.002856484137280933e-03,9.411764705882352811e-01,0.000000000000000000e+00
1.002858484137224369e-03,8.627450980392157298e-01,3.921568627450980338e-02
1.002860484137167805e-03,9.019607843137255054e-01,-1.568627450980392135e-01
1.002862484137111241e-03,9.019607843137255054e-01,7.843137254901960675e-02
1.002864484137054677e-03,9.411764705882352811e-01,-3.921568627450980338e-02
1.002866484136998113e-03,8.235294117647058432e-01,0.000000000000000000e+00
1.002868484136941549e-03,9.019607843137255054e-01,7.843137254901960675e-02
1.002870484136884986e-03,9.019607843137255054e-01,0.000000000000000000e+00
1.002872484136828422e-03,9.411764705882352811e-01,7.843137254901960675e-02
1.002874484136771858e-03,8.627450980392157298e-01,-3.921568627450980338e-02
1.002876484136715294e-03,9.019607843137255054e-01,0.000000000000000000e+00
1.002878484136658730e-03,9.019607843137255054e-01,3.921568627450980338e-02
1.002880484136602166e-03,9.411764705882352811e-01,-3.921568627450980338e-02
1.002882484136545602e-03,8.627450980392157298e-01,7.843137254901960675e-02
1.002884484136489038e-03,9.019607843137255054e-01,0.000000000000000000e+00
1.002886484136432475e-03,9.019607843137255054e-01,1.176470588235294101e-01
1.002888484136375911e-03,9.411764705882352811e-01,3.921568627450980338e-02
1.002890484136319347e-03,8.627450980392157298e-01,-3.921568627450980338e-02
1.002892484136262783e-03,8.627450980392157298e-01,7.843137254901960675e-02
1.002894484136206219e-03,9.019607843137255054e-01,-3.921568627450980338e-02
1.002896484136149655e-03,9.411764705882352811e-01,0.000000000000000000e+00
1.002898484136093091e-03,8.627450980392157298e-01,7.843137254901960675e-02
1.002900484136036528e-03,8.627450980392157298e-01,0.000000000000000000e+00
1.002902484135979964e-03,9.019607843137255054e-01,7.843137254901960675e-02
1.002904484135923400e-03,9.019607843137255054e-01,0.000000000000000000e+00
1.002906484135866836e-03,8.627450980392157298e-01,0.000000000000000000e+00
1.002908484135810272e-03,8.627450980392157298e-01,3.921568627450980338e-02
1.002910484135753708e-03,9.019607843137255054e-01,-3.921568627450980338e-02
1.002912484135697144e-03,9.411764705882352811e-01,3.921568627450980338e-02
1.002914484135640581e-03,8.627450980392157298e-01,-3.921568627450980338e-02
1.002916484135584017e-03,8.627450980392157298e-01,0.000000000000000000e+00
1.002918484135527453e-03,9.019607843137255054e-01,0.000000000000000000e+00
1.002920484135470889e-03,9.411764705882352811e-01,-7.843137254901960675e-02
1.002922484135414325e-03,8.235294117647058432e-01,7.843137254901960675e-02
1.002924484135357761e-03,8.627450980392157298e-01,0.000000000000000000e+00
1.002926484135301197e-03,9.019607843137255054e-01,1.176470588235294101e-01
1.002928484135244633e-03,9.411764705882352811e-01,3.921568627450980338e-02
1.002930484135188070e-03,8.627450980392157298e-01,-3.921568627450980338e-02
1.002932484135131506e-03,8.627450980392157298e-01,3.921568627450980338e-02
1.002934484135074942e-03,9.019607843137255054e-01,0.000000000000000000e+00
1.002936484135018378e-03,9.019607843137255054e-01,3.921568627450980338e-02
1.002938484134961814e-03,8.627450980392157298e-01,7.843137254901960675e-02
1.002940484134905250e-03,8.627450980392157298e-01,-7.843137254901960675e-02
1.002942484134848686e-03,9.019607843137255054e-01,1.176470588235294101e-01
1.002944484134792123e-03,9.411764705882352811e-01,0.000000000000000000e+00
1.002946484134735559e-03,8.235294117647058432e-01,0.000000000000000000e+00
1.002948484134678995e-03,9.019607843137255054e-01,7.843137254901960675e-02
1.002950484134622431e-03,9.019607843137255054e-01,0.000000000000000000e+00
1.002952484134565867e-03,9.411764705882352811e-01,7.843137254901960675e-02
1.002954484134509303e-03,9.019607843137255054e-01,0.000000000000000000e+00
1.002956484134452739e-03,8.627450980392157298e-01,0.000000000000000000e+00
1.002958484134396176e-03,9.019607843137255054e-01,3.921568627450980338e-02
1.002960484134339612e-03,9.411764705882352811e-01,-3.921568627450980338e-02
1.002962484134283048e-03,8.627450980392157298e-01,1.568627450980392135e-01
1.002964484134226484e-03,9.019607843137255054e-01,0.000000000000000000e+00
1.002966484134169920e-03,9.019607843137255054e-01,1.176470588235294101e-01
1.002968484134113356e-03,9.411764705882352811e-01,3.921568627450980338e-02
1.002970484134056792e-03,9.019607843137255054e-01,-7.843137254901960675e-02
1.002972484134000229e-03,8.627450980392157298e-01,7.843137254901960675e-02
1.002974484133943665e-03,9.019607843137255054e-01,-3.921568627450980338e-02
1.002976484133887101e-03,9.411764705882352811e-01,0.000000000000000000e+00
1.002978484133830537e-03,8.627450980392157298e-01,3.921568627450980338e-02
1.002980484133773973e-03,9.019607843137255054e-01,-1.568627450980392135e-01
1.002982484133717409e-03,8.627450980392157298e-01,7.843137254901960675e-02
1.002984484133660845e-03,9.411764705882352811e-01,0.000000000000000000e+00
1.002986484133604281e-03,8.627450980392157298e-01,0.000000000000000000e+00
1.002988484133547718e-03,8.235294117647058432e-01,7.843137254901960675e-02
1.002990484133491154e-03,9.019607843137255054e-01,-3.921568627450980338e-02
1.002992484133434590e-03,9.411764705882352811e-01,7.843137254901960675e-02
1.002994484133378026e-03,8.627450980392157298e-01,-3.921568627450980338e-02
1.002996484133321462e-03,8.627450980392157298e-01,3.921568627450980338e-02
1.002998484133264898e-03,8.627450980392157298e-01,3.921568627450980338e-02
1.003000484133208334e-03,9.411764705882352811e-01,-7.843137254901960675e-02
1.003002484133151771e-03,8.235294117647058432e-01,7.843137254901960675e-02
1.003004484133095207e-03,9.019607843137255054e-01,0.000000000000000000e+00
1.003006484133038643e-03,9.411764705882352811e-01,3.921568627450980338e-02
1.003008484132982079e-03,9.411764705882352811e-01,3.921568627450980338e-02
1.003010484132925515e-03,8.627450980392157298e-01,-7.843137254901960675e-02
1.003012484132868951e-03,8.627450980392157298e-01,7.843137254901960675e-02
1.003014484132812387e-03,9.019607843137255054e-01,0.000000000000000000e+00
1.003016484132755824e-03,9.411764705882352811e-01,0.000000000000000000e+00
1.003018484132699260e-03,8.235294117647058432e-01,7.843137254901960675e-02
1.003020484132642696e-03,9.019607843137255054e-01,-1.568627450980392135e-01
1.003022484132586132e-03,9.019607843137255054e-01,1.176470588235294101e-01
1.003024484132529568e-03,9.411764705882352811e-01,0.000000000000000000e+00
1.003026484132473004e-03,8.627450980392157298e-01,0.000000000000000000e+00
1.003028484132416440e-03,8.627450980392157298e-01,7.843137254901960675e-02
1.003030484132359876e-03,9.019607843137255054e-01,0.000000000000000000e+00
1.003032484132303313e-03,9.019607843137255054e-01,3.921568627450980338e-02
1.003034484132246749e-03,8.627450980392157298e-01,0.000000000000000000e+00
1.003036484132190185e-03,8.627450980392157298e-01,3.921568627450980338e-02
1.003038484132133621e-03,9.019607843137255054e-01,3.921568627450980338e-02
1.003040484132077057e-03,9.411764705882352811e-01,0.000000000000000000e+00
1.003042484132020493e-03,8.235294117647058432e-01,7.843137254901960675e-02
1.003044484131963929e-03,9.019607843137255054e-01,0.000000000000000000e+00
1.003046484131907366e-03,9.019607843137255054e-01,1.176470588235294101e-01
1.003048484131850802e-03,9.411764705882352811e-01,3.921568627450980338e-02
1.003050484131794238e-03,8.235294117647058432e-01,-7.843137254901960675e-02
1.003052484131737674e-03,8.627450980392157298e-01,7.843137254901960675e-02
1.003054484131681110e-03,9.411764705882352811e-01,0.000000000000000000e+00
1.003056484131624546e-03,9.803921568627450567e-01,3.921568627450980338e-02
1.003058484131567982e-03,8.627450980392157298e-01,3.921568627450980338e-02
1.003060484131511419e-03,8.627450980392157298e-01,-3.921568627450980338e-02
1.003062484131454855e-03,8.627450980392157298e-01,1.176470588235294101e-01
1.003064484131398291e-03,9.411764705882352811e-01,0.000000000000000000e+00
1.003066484131341727e-03,8.235294117647058432e-01,0.000000000000000000e+00
1.003068484131285163e-03,8.235294117647058432e-01,7.843137254901960675e-02
1.003070484131228599e-03,9.019607843137255054e-01,0.000000000000000000e+00
1.003072484131172035e-03,9.411764705882352811e-01,7.843137254901960675e-02
1.003074484131115472e-03,8.627450980392157298e-01,0.000000000000000000e+00
1.003076484131058908e-03,8.627450980392157298e-01,0.000000000000000000e+00
1.003078484131002344e-03,9.019607843137255054e-01,3.921568627450980338e-02
1.003080484130945780e-03,9.411764705882352811e-01,-7.843137254901960675e-02
1.003082484130889216e-03,8.627450980392157298e-01,7.843137254901960675e-02
1.003084484130832652e-03,8.627450980392157298e-01,-7.843137254901960675e-02
1.003086484130776088e-03,9.019607843137255054e-01,7.843137254901960675e-02
1.003088484130719524e-03,9.019607843137255054e-01,3.921568627450980338e-02
1.003090484130662961e-03,8.627450980392157298e-01,-7.843137254901960675e-02
1.003092484130606397e-03,8.627450980392157298e-01,3.921568627450980338e-02
1.003094484130549833e-03,9.019607843137255054e-01,0.000000000000000000e+00
1.003096484130493269e-03,9.411764705882352811e-01,0.000000000000000000e+00
1.003098484130436705e-03,8.235294117647058432e-01,3.921568627450980338e-02
1.003100484130380141e-03,9.411764705882352811e-01,-1.568627450980392135e-01
1.003102484130323577e-03,9.019607843137255054e-01,7.843137254901960675e-02
1.003104484130267014e-03,9.411764705882352811e-01,0.000000000000000000e+00
1.003106484130210450e-03,8.627450980392157298e-01,0.000000000000000000e+00
1.003108484130153886e-03,9.019607843137255054e-01,3.921568627450980338e-02
1.003110484130097322e-03,9.411764705882352811e-01,-7.843137254901960675e-02
1.003112484130040758e-03,9.411764705882352811e-01,7.843137254901960675e-02
1.003114484129984194e-03,8.627450980392157298e-01,-3.921568627450980338e-02
1.003116484129927630e-03,9.019607843137255054e-01,3.921568627450980338e-02
1.003118484129871067e-03,9.019607843137255054e-01,7.843137254901960675e-02
1.003120484129814503e-03,9.411764705882352811e-01,-7.843137254901960675e-02
1.003122484129757939e-03,8.627450980392157298e-01,7.843137254901960675e-02
1.003124484129701375e-03,8.627450980392157298e-01,-7.843137254901960675e-02
1.003126484129644811e-03,9.019607843137255054e-01,7.843137254901960675e-02
1.003128484129588247e-03,9.411764705882352811e-01,3.921568627450980338e-02
1.003130484129531683e-03,8.235294117647058432e-01,-7.843137254901960675e-02
1.003132484129475119e-03,9.019607843137255054e-01,3.921568627450980338e-02
1.003134484129418556e-03,9.019607843137255054e-01,-3.921568627450980338e-02
1.003136484129361992e-03,9.019607843137255054e-01,0.000000000000000000e+00
1.003138484129305428e-03,8.235294117647058432e-01,3.921568627450980338e-02
1.003140484129248864e-03,8.627450980392157298e-01,-1.568627450980392135e-01
1.003142484129192300e-03,9.019607843137255054e-01,1.176470588235294101e-01
1.003144484129135736e-03,9.411764705882352811e-01,0.000000000000000000e+00
1.003146484129079172e-03,8.235294117647058432e-01,0.000000000000000000e+00
1.003148484129022609e-03,9.019607843137255054e-01,3.921568627450980338e-02
1.003150484128966045e-03,9.019607843137255054e-01,0.000000000000000000e+00
1.003152484128909481e-03,9.411764705882352811e-01,7.843137254901960675e-02
1.003154484128852917e-03,8.235294117647058432e-01,-3.921568627450980338e-02
1.003156484128796353e-03,9.019607843137255054e-01,3.921568627450980338e-02
1.003158484128739789e-03,9.019607843137255054e-01,3.921568627450980338e-02
1.003160484128683225e-03,9.411764705882352811e-01,-3.921568627450980338e-02
1.003162484128626662e-03,8.627450980392157298e-01,1.176470588235294101e-01
1.003164484128570098e-03,9.411764705882352811e-01,-7.843137254901960675e-02
1.003166484128513534e-03,9.019607843137255054e-01,7.843137254901960675e-02
1.003168484128456970e-03,9.411764705882352811e-01,3.921568627450980338e-02
1.003170484128400406e-03,8.627450980392157298e-01,-7.843137254901960675e-02
1.003172484128343842e-03,8.235294117647058432e-01,7.843137254901960675e-02
1.003174484128287278e-03,9.019607843137255054e-01,0.000000000000000000e+00
1.003176484128230714e-03,9.019607843137255054e-01,0.000000000000000000e+00
1.003178484128174151e-03,8.627450980392157298e-01,7.843137254901960675e-02
1.003180484128117587e-03,8.627450980392157298e-01,-1.568627450980392135e-01
1.003182484128061023e-03,9.019607843137255054e-01,1.176470588235294101e-01
1.003184484128004459e-03,9.019607843137255054e-01,-3.921568627450980338e-02
1.003186484127947895e-03,8.627450980392157298e-01,0.000000000000000000e+00
1.003188484127891331e-03,8.627450980392157298e-01,3.921568627450980338e-02
1.003190484127834767e-03,9.019607843137255054e-01,0.000000000000000000e+00
1.003192484127778204e-03,9.411764705882352811e-01,7.843137254901960675e-02
1.003194484127721640e-03,8.627450980392157298e-01,-3.921568627450980338e-02
1.003196484127665076e-03,8.235294117647058432e-01,3.921568627450980338e-02
1.003198484127608512e-03,9.019607843137255054e-01,3.921568627450980338e-02
1.003200484127551948e-03,9.411764705882352811e-01,-3.921568627450980338e-02
1.003202484127495384e-03,8.235294117647058432e-01,7.843137254901960675e-02
1.003204484127438820e-03,9.019607843137255054e-01,0.000000000000000000e+00
1.003206484127382257e-03,9.411764705882352811e-01,3.921568627450980338e-02
1.003208484127325693e-03,9.411764705882352811e-01,3.921568627450980338e-02
1.003210484127269129e-03,8.627450980392157298e-01,-7.843137254901960675e-02
1.003212484127212565e-03,8.235294117647058432e-01,7.843137254901960675e-02
1.003214484127156001e-03,9.019607843137255054e-01,-3.921568627450980338e-02
1.003216484127099437e-03,9.411764705882352811e-01,0.000000000000000000e+00
1.003218484127042873e-03,8.627450980392157298e-01,7.843137254901960675e-02
1.003220484126986310e-03,8.627450980392157298e-01,-1.568627450980392135e-01
1.003222484126929746e-03,9.019607843137255054e-01,1.176470588235294101e-01
1.003224484126873182e-03,9.411764705882352811e-01,-3.921568627450980338e-02
1.003226484126816618e-03,8.627450980392157298e-01,0.000000000000000000e+00
1.003228484126760054e-03,9.019607843137255054e-01,3.921568627450980338e-02
1.003230484126703490e-03,9.019607843137255054e-01,0.000000000000000000e+00
1.003232484126646926e-03,9.411764705882352811e-01,7.843137254901960675e-02
1.003234484126590362e-03,8.627450980392157298e-01,-3.921568627450980338e-02
1.003236484126533799e-03,8.627450980392157298e-01,3.921568627450980338e-02
1.003238484126477235e-03,9.019607843137255054e-01,0.000000000000000000e+00
1.003240484126420671e-03,9.411764705882352811e-01,-3.921568627450980338e-02
1.003242484126364107e-03,8.235294117647058432e-01,7.843137254901960675e-02
1.003244484126307543e-03,9.019607843137255054e-01,0.000000000000000000e+00
1.003246484126250979e-03,8.627450980392157298e-01,7.843137254901960675e-02
1.003248484126194415e-03,9.411764705882352811e-01,3.921568627450980338e-02
1.003250484126137852e-03,8.235294117647058432e-01,-7.843137254901960675e-02
1.003252484126081288e-03,8.627450980392157298e-01,7.843137254901960675e-02
1.003254484126024724e-03,9.411764705882352811e-01,-3.921568627450980338e-02
1.003256484125968160e-03,9.411764705882352811e-01,0.000000000000000000e+00
1.003258484125911596e-03,8.235294117647058432e-01,3.921568627450980338e-02
1.003260484125855032e-03,9.019607843137255054e-01,-7.843137254901960675e-02
1.003262484125798468e-03,8.627450980392157298e-01,1.176470588235294101e-01
1.003264484125741905e-03,9.411764705882352811e-01,0.000000000000000000e+00
1.003266484125685341e-03,8.627450980392157298e-01,0.000000000000000000e+00
1.003268484125628777e-03,8.627450980392157298e-01,3.921568627450980338e-02
1.003270484125572213e-03,9.019607843137255054e-01,0.000000000000000000e+00
1.003272484125515649e-03,9.019607843137255054e-01,7.843137254901960675e-02
1.003274484125459085e-03,8.235294117647058432e-01,0.000000000000000000e+00
1.003276484125402521e-03,8.235294117647058432e-01,3.921568627450980338e-02
1.003278484125345957e-03,9.019607843137255054e-01,0.000000000000000000e+00
1.003280484125289394e-03,9.411764705882352811e-01,-3.921568627450980338e-02
1.003282484125232830e-03,8.627450980392157298e-01,7.843137254901960675e-02
1.003284484125176266e-03,8.627450980392157298e-01,-7.843137254901960675e-02
1.003286484125119702e-03,8.627450980392157298e-01,7.843137254901960675e-02
1.003288484125063138e-03,9.411764705882352811e-01,3.921568627450980338e-02
1.003290484125006574e-03,8.627450980392157298e-01,-7.843137254901960675e-02
1.003292484124950010e-03,8.627450980392157298e-01,7.843137254901960675e-02
1.003294484124893447e-03,9.019607843137255054e-01,-3.921568627450980338e-02
1.003296484124836883e-03,9.411764705882352811e-01,0.000000000000000000e+00
1.003298484124780319e-03,8.235294117647058432e-01,7.843137254901960675e-02
1.003300484124723755e-03,8.235294117647058432e-01,-7.843137254901960675e-02
1.003302484124667191e-03,9.019607843137255054e-01,1.176470588235294101e-01
1.003304484124610627e-03,9.411764705882352811e-01,-3.921568627450980338e-02
1.003306484124554063e-03,8.627450980392157298e-01,0.000000000000000000e+00
1.003308484124497500e-03,8.235294117647058432e-01,3.921568627450980338e-02
1.003310484124440936e-03,9.019607843137255054e-01,-3.921568627450980338e-02
1.003312484124384372e-03,9.411764705882352811e-01,7.843137254901960675e-02
1.003314484124327808e-03,9.019607843137255054e-01,-3.921568627450980338e-02
1.003316484124271244e-03,8.627450980392157298e-01,3.921568627450980338e-02
1.003318484124214680e-03,9.019607843137255054e-01,7.843137254901960675e-02
1.003320484124158116e-03,9.411764705882352811e-01,-3.921568627450980338e-02
1.003322484124101552e-03,8.235294117647058432e-01,7.843137254901960675e-02
1.003324484124044989e-03,9.019607843137255054e-01,0.000000000000000000e+00
1.003326484123988425e-03,9.411764705882352811e-01,7.843137254901960675e-02
1.003328484123931861e-03,9.411764705882352811e-01,3.921568627450980338e-02
1.003330484123875297e-03,8.627450980392157298e-01,-3.921568627450980338e-02
1.003332484123818733e-03,8.235294117647058432e-01,7.843137254901960675e-02
1.003334484123762169e-03,9.019607843137255054e-01,-3.921568627450980338e-02
1.003336484123705605e-03,9.019607843137255054e-01,0.000000000000000000e+00
1.003338484123649042e-03,8.627450980392157298e-01,3.921568627450980338e-02
1.003340484123592478e-03,9.019607843137255054e-01,-7.843137254901960675e-02
1.003342484123535914e-03,8.627450980392157298e-01,1.176470588235294101e-01
1.003344484123479350e-03,9.411764705882352811e-01,-3.921568627450980338e-02
1.003346484123422786e-03,8.627450980392157298e-01,0.000000000000000000e+00
1.003348484123366222e-03,8.627450980392157298e-01,7.843137254901960675e-02
1.003350484123309658e-03,9.019607843137255054e-01,0.000000000000000000e+00
1.003352484123253095e-03,9.019607843137255054e-01,7.843137254901960675e-02
1.003354484123196531e-03,8.627450980392157298e-01,0.000000000000000000e+00
1.003356484123139967e-03,9.019607843137255054e-01,3.921568627450980338e-02
1.003358484123083403e-03,8.627450980392157298e-01,3.921568627450980338e-02
1.003360484123026839e-03,9.411764705882352811e-01,-3.921568627450980338e-02
1.003362484122970275e-03,8.235294117647058432e-01,7.843137254901960675e-02
1.003364484122913711e-03,9.411764705882352811e-01,0.000000000000000000e+00
1.003366484122857148e-03,9.019607843137255054e-01,1.176470588235294101e-01
1.003368484122800584e-03,9.411764705882352811e-01,3.921568627450980338e-02
1.003370484122744020e-03,8.235294117647058432e-01,-3.921568627450980338e-02
1.003372484122687456e-03,8.235294117647058432e-01,7.843137254901960675e-02
1.003374484122630892e-03,9.019607843137255054e-01,-3.921568627450980338e-02
1.003376484122574328e-03,9.411764705882352811e-01,0.000000000000000000e+00
1.003378484122517764e-03,8.235294117647058432e-01,3.921568627450980338e-02
1.003380484122461200e-03,9.019607843137255054e-01,-1.568627450980392135e-01
1.003382484122404637e-03,9.019607843137255054e-01,1.176470588235294101e-01
1.003384484122348073e-03,9.411764705882352811e-01,0.000000000000000000e+00
1.003386484122291509e-03,8.627450980392157298e-01,-3.921568627450980338e-02
1.003388484122234945e-03,9.019607843137255054e-01,7.843137254901960675e-02
1.003390484122178381e-03,9.411764705882352811e-01,-3.921568627450980338e-02
1.003392484122121817e-03,9.411764705882352811e-01,7.843137254901960675e-02
1.003394484122065253e-03,8.627450980392157298e-01,-7.843137254901960675e-02
1.003396484122008690e-03,9.019607843137255054e-01,7.843137254901960675e-02
1.003398484121952126e-03,8.627450980392157298e-01,3.921568627450980338e-02
1.003400484121895562e-03,9.019607843137255054e-01,-7.843137254901960675e-02
1.003402484121838998e-03,8.235294117647058432e-01,7.843137254901960675e-02
1.003404484121782434e-03,9.019607843137255054e-01,0.000000000000000000e+00
1.003406484121725870e-03,9.019607843137255054e-01,1.176470588235294101e-01
1.003408484121669306e-03,9.019607843137255054e-01,3.921568627450980338e-02
1.003410484121612743e-03,8.627450980392157298e-01,-7.843137254901960675e-02
1.003412484121556179e-03,8.627450980392157298e-01,3.921568627450980338e-02
1.003414484121499615e-03,9.411764705882352811e-01,0.000000000000000000e+00
1.003416484121443051e-03,9.411764705882352811e-01,0.000000000000000000e+00
1.003418484121386487e-03,8.627450980392157298e-01,7.843137254901960675e-02
1.003420484121329923e-03,8.235294117647058432e-01,-7.843137254901960675e-02
1.003422484121273359e-03,9.019607843137255054e-01,1.568627450980392135e-01
1.003424484121216795e-03,9.411764705882352811e-01,-7.843137254901960675e-02
1.003426484121160232e-03,8.235294117647058432e-01,0.000000000000000000e+00
1.003428484121103668e-03,8.627450980392157298e-01,3.921568627450980338e-02
1.003430484121047104e-03,9.019607843137255054e-01,-3.921568627450980338e-02
1.003432484120990540e-03,9.019607843137255054e-01,7.843137254901960675e-02
1.003434484120933976e-03,8.627450980392157298e-01,0.000000000000000000e+00
1.003436484120877412e-03,8.627450980392157298e-01,3.921568627450980338e-02
1.003438484120820848e-03,9.019607843137255054e-01,7.843137254901960675e-02
1.003440484120764285e-03,9.411764705882352811e-01,-7.843137254901960675e-02
1.003442484120707721e-03,8.627450980392157298e-01,7.843137254901960675e-02
1.003444484120651157e-03,8.627450980392157298e-01,-7.843137254901960675e-02
1.003446484120594593e-03,9.019607843137255054e-01,7.843137254901960675e-02
1.003448484120538029e-03,9.411764705882352811e-01,7.843137254901960675e-02
1.003450484120481465e-03,8.627450980392157298e-01,-7.843137254901960675e-02
1.003452484120424901e-03,9.019607843137255054e-01,7.843137254901960675e-02
1.003454484120368338e-03,9.019607843137255054e-01,0.000000000000000000e+00
1.003456484120311774e-03,9.411764705882352811e-01,0.000000000000000000e+00
1.003458484120255210e-03,8.235294117647058432e-01,7.843137254901960675e-02
1.003460484120198646e-03,8.627450980392157298e-01,-7.843137254901960675e-02
1.003462484120142082e-03,9.019607843137255054e-01,1.176470588235294101e-01
1.003464484120085518e-03,9.411764705882352811e-01,-3.921568627450980338e-02
1.003466484120028954e-03,8.627450980392157298e-01,0.000000000000000000e+00
1.003468484119972391e-03,8.627450980392157298e-01,3.921568627450980338e-02
1.003470484119915827e-03,9.411764705882352811e-01,-3.921568627450980338e-02
1.003472484119859263e-03,9.411764705882352811e-01,7.843137254901960675e-02
1.003474484119802699e-03,8.627450980392157298e-01,0.000000000000000000e+00
1.003476484119746135e-03,8.627450980392157298e-01,7.843137254901960675e-02
1.003478484119689571e-03,9.019607843137255054e-01,3.921568627450980338e-02
1.003480484119633007e-03,9.411764705882352811e-01,-7.843137254901960675e-02
1.003482484119576443e-03,8.627450980392157298e-01,7.843137254901960675e-02
1.003484484119519880e-03,9.411764705882352811e-01,0.000000000000000000e+00
1.003486484119463316e-03,9.019607843137255054e-01,7.843137254901960675e-02
1.003488484119406752e-03,9.411764705882352811e-01,7.843137254901960675e-02
1.003490484119350188e-03,8.627450980392157298e-01,-7.843137254901960675e-02
1.003492484119293624e-03,8.235294117647058432e-01,1.176470588235294101e-01
1.003494484119237060e-03,9.411764705882352811e-01,-3.921568627450980338e-02
1.003496484119180496e-03,9.019607843137255054e-01,0.000000000000000000e+00
1.003498484119123933e-03,8.627450980392157298e-01,3.921568627450980338e-02
1.003500484119067369e-03,8.627450980392157298e-01,-1.568627450980392135e-01
1.003502484119010805e-03,9.019607843137255054e-01,1.176470588235294101e-01
1.003504484118954241e-03,9.411764705882352811e-01,-7.843137254901960675e-02
1.003506484118897677e-03,8.627450980392157298e-01,0.000000000000000000e+00
1.003508484118841113e-03,8.627450980392157298e-01,3.921568627450980338e-02
1.003510484118784549e-03,9.411764705882352811e-01,-3.921568627450980338e-02
1.003512484118727986e-03,9.411764705882352811e-01,7.843137254901960675e-02
1.003514484118671422e-03,8.627450980392157298e-01,-7.843137254901960675e-02
1.003516484118614858e-03,9.019607843137255054e-01,3.921568627450980338e-02
1.003518484118558294e-03,9.019607843137255054e-01,3.921568627450980338e-02
1.003520484118501730e-03,9.411764705882352811e-01,-7.843137254901960675e-02
1.003522484118445166e-03,8.627450980392157298e-01,7.843137254901960675e-02
1.003524484118388602e-03,9.019607843137255054e-01,0.000000000000000000e+00
1.003526484118332038e-03,8.627450980392157298e-01,7.843137254901960675e-02
1.003528484118275475e-03,9.411764705882352811e-01,3.921568627450980338e-02
1.003530484118218911e-03,8.235294117647058432e-01,-7.843137254901960675e-02
1.003532484118162347e-03,9.019607843137255054e-01,1.176470588235294101e-01
1.003534484118105783e-03,9.019607843137255054e-01,0.000000000000000000e+00
1.003536484118049219e-03,9.411764705882352811e-01,3.921568627450980338e-02
1.003538484117992655e-03,8.235294117647058432e-01,3.921568627450980338e-02
1.003540484117936091e-03,9.019607843137255054e-01,-1.568627450980392135e-01
1.003542484117879528e-03,8.627450980392157298e-01,1.176470588235294101e-01
1.003544484117822964e-03,9.411764705882352811e-01,0.000000000000000000e+00
1.003546484117766400e-03,8.627450980392157298e-01,0.000000000000000000e+00
1.003548484117709836e-03,9.019607843137255054e-01,7.843137254901960675e-02
1.003550484117653272e-03,9.019607843137255054e-01,0.000000000000000000e+00
1.003552484117596708e-03,9.411764705882352811e-01,7.843137254901960675e-02
1.003554484117540144e-03,8.627450980392157298e-01,-3.921568627450980338e-02
1.003556484117483581e-03,8.627450980392157298e-01,3.921568627450980338e-02
1.003558484117427017e-03,9.019607843137255054e-01,7.843137254901960675e-02
1.003560484117370453e-03,9.411764705882352811e-01,-3.921568627450980338e-02
1.003562484117313889e-03,8.235294117647058432e-01,1.568627450980392135e-01
1.003564484117257325e-03,9.019607843137255054e-01,-7.843137254901960675e-02
1.003566484117200761e-03,9.019607843137255054e-01,7.843137254901960675e-02
1.003568484117144197e-03,9.411764705882352811e-01,3.921568627450980338e-02
1.003570484117087633e-03,9.019607843137255054e-01,-3.921568627450980338e-02
1.003572484117031070e-03,8.235294117647058432e-01,7.843137254901960675e-02
1.003574484116974506e-03,9.019607843137255054e-01,0.000000000000000000e+00
1.003576484116917942e-03,9.411764705882352811e-01,3.921568627450980338e-02
1.003578484116861378e-03,8.235294117647058432e-01,3.921568627450980338e-02
1.003580484116804814e-03,8.627450980392157298e-01,-1.568627450980392135e-01
1.003582484116748250e-03,9.019607843137255054e-01,1.176470588235294101e-01
1.003584484116691686e-03,9.411764705882352811e-01,0.000000000000000000e+00
1.003586484116635123e-03,8.235294117647058432e-01,0.000000000000000000e+00
1.003588484116578559e-03,8.627450980392157298e-01,3.921568627450980338e-02
1.003590484116521995e-03,8.627450980392157298e-01,0.000000000000000000e+00
1.003592484116465431e-03,9.411764705882352811e-01,7.843137254901960675e-02
1.003594484116408867e-03,8.627450980392157298e-01,0.000000000000000000e+00
1.003596484116352303e-03,8.235294117647058432e-01,3.921568627450980338e-02
1.003598484116295739e-03,8.627450980392157298e-01,3.921568627450980338e-02
1.003600484116239176e-03,9.411764705882352811e-01,-3.921568627450980338e-02
1.003602484116182612e-03,8.235294117647058432e-01,7.843137254901960675e-02
1.003604484116126048e-03,8.627450980392157298e-01,-7.843137254901960675e-02
1.003606484116069484e-03,9.411764705882352811e-01,7.843137254901960675e-02
1.003608484116012920e-03,9.411764705882352811e-01,0.000000000000000000e+00
1.003610484115956356e-03,8.627450980392157298e-01,-7.843137254901960675e-02
1.003612484115899792e-03,8.235294117647058432e-01,7.843137254901960675e-02
1.003614484115843229e-03,8.627450980392157298e-01,-3.921568627450980338e-02
1.003616484115786665e-03,9.019607843137255054e-01,0.000000000000000000e+00
1.003618484115730101e-03,8.235294117647058432e-01,7.843137254901960675e-02
1.003620484115673537e-03,9.019607843137255054e-01,-1.568627450980392135e-01
1.003622484115616973e-03,9.019607843137255054e-01,7.843137254901960675e-02
1.003624484115560409e-03,9.411764705882352811e-01,-3.921568627450980338e-02
1.003626484115503845e-03,8.235294117647058432e-01,0.000000000000000000e+00
1.003628484115447281e-03,8.627450980392157298e-01,7.843137254901960675e-02
1.003630484115390718e-03,9.019607843137255054e-01,0.000000000000000000e+00
1.003632484115334154e-03,9.411764705882352811e-01,7.843137254901960675e-02
1.003634484115277590e-03,8.627450980392157298e-01,-7.843137254901960675e-02
1.003636484115221026e-03,8.627450980392157298e-01,3.921568627450980338e-02
1.003638484115164462e-03,8.627450980392157298e-01,3.921568627450980338e-02
1.003640484115107898e-03,9.411764705882352811e-01,-3.921568627450980338e-02
1.003642484115051334e-03,8.627450980392157298e-01,7.843137254901960675e-02
1.003644484114994771e-03,9.019607843137255054e-01,-7.843137254901960675e-02
1.003646484114938207e-03,8.627450980392157298e-01,7.843137254901960675e-02
1.003648484114881643e-03,9.411764705882352811e-01,3.921568627450980338e-02
1.003650484114825079e-03,8.627450980392157298e-01,-3.921568627450980338e-02
1.003652484114768515e-03,8.235294117647058432e-01,7.843137254901960675e-02
1.003654484114711951e-03,8.627450980392157298e-01,-3.921568627450980338e-02
1.003656484114655387e-03,9.411764705882352811e-01,-3.921568627450980338e-02
1.003658484114598824e-03,8.627450980392157298e-01,7.843137254901960675e-02
1.003660484114542260e-03,9.019607843137255054e-01,-1.568627450980392135e-01
1.003662484114485696e-03,9.411764705882352811e-01,1.176470588235294101e-01
1.003664484114429132e-03,9.411764705882352811e-01,0.000000000000000000e+00
1.003666484114372568e-03,8.627450980392157298e-01,0.000000000000000000e+00
1.003668484114316004e-03,8.627450980392157298e-01,3.921568627450980338e-02
1.003670484114259440e-03,9.019607843137255054e-01,0.000000000000000000e+00
1.003672484114202876e-03,9.019607843137255054e-01,7.843137254901960675e-02
1.003674484114146313e-03,8.235294117647058432e-01,-3.921568627450980338e-02
1.003676484114089749e-03,8.627450980392157298e-01,0.000000000000000000e+00
1.003678484114033185e-03,8.627450980392157298e-01,3.921568627450980338e-02
1.003680484113976621e-03,9.411764705882352811e-01,-3.921568627450980338e-02
1.003682484113920057e-03,8.627450980392157298e-01,7.843137254901960675e-02
1.003684484113863493e-03,9.411764705882352811e-01,-3.921568627450980338e-02
1.003686484113806929e-03,9.019607843137255054e-01,7.843137254901960675e-02
1.003688484113750366e-03,9.019607843137255054e-01,3.921568627450980338e-02
1.003690484113693802e-03,8.627450980392157298e-01,-3.921568627450980338e-02
1.003692484113637238e-03,8.627450980392157298e-01,7.843137254901960675e-02
1.003694484113580674e-03,9.019607843137255054e-01,0.000000000000000000e+00
1.003696484113524110e-03,9.019607843137255054e-01,0.000000000000000000e+00
1.003698484113467546e-03,8.235294117647058432e-01,7.843137254901960675e-02
1.003700484113410982e-03,9.019607843137255054e-01,-7.843137254901960675e-02
1.003702484113354419e-03,9.019607843137255054e-01,1.176470588235294101e-01
1.003704484113297855e-03,9.411764705882352811e-01,0.000000000000000000e+00
1.003706484113241291e-03,8.235294117647058432e-01,0.000000000000000000e+00
1.003708484113184727e-03,8.627450980392157298e-01,3.921568627450980338e-02
1.003710484113128163e-03,9.019607843137255054e-01,0.000000000000000000e+00
1.003712484113071599e-03,9.411764705882352811e-01,7.843137254901960675e-02
1.003714484113015035e-03,8.235294117647058432e-01,-3.921568627450980338e-02
1.003716484112958472e-03,8.627450980392157298e-01,3.921568627450980338e-02
1.003718484112901908e-03,9.019607843137255054e-01,3.921568627450980338e-02
1.003720484112845344e-03,9.411764705882352811e-01,-7.843137254901960675e-02
1.003722484112788780e-03,8.235294117647058432e-01,7.843137254901960675e-02
1.003724484112732216e-03,8.235294117647058432e-01,0.000000000000000000e+00
1.003726484112675652e-03,9.019607843137255054e-01,7.843137254901960675e-02
1.003728484112619088e-03,9.411764705882352811e-01,0.000000000000000000e+00
1.003730484112562524e-03,8.627450980392157298e-01,-7.843137254901960675e-02
1.003732484112505961e-03,9.019607843137255054e-01,3.921568627450980338e-02
1.003734484112449397e-03,9.019607843137255054e-01,-3.921568627450980338e-02
1.003736484112392833e-03,9.411764705882352811e-01,0.000000000000000000e+00
1.003738484112336269e-03,8.627450980392157298e-01,3.921568627450980338e-02
1.003740484112279705e-03,9.019607843137255054e-01,-1.568627450980392135e-01
1.003742484112223141e-03,9.019607843137255054e-01,7.843137254901960675e-02
1.003744484112166577e-03,9.411764705882352811e-01,-7.843137254901960675e-02
1.003746484112110014e-03,8.235294117647058432e-01,0.000000000000000000e+00
1.003748484112053450e-03,8.627450980392157298e-01,3.921568627450980338e-02
1.003750484111996886e-03,9.019607843137255054e-01,0.000000000000000000e+00
1.003752484111940322e-03,9.411764705882352811e-01,7.843137254901960675e-02
1.003754484111883758e-03,8.627450980392157298e-01,-3.921568627450980338e-02
1.003756484111827194e-03,9.019607843137255054e-01,3.921568627450980338e-02
1.003758484111770630e-03,9.019607843137255054e-01,0.000000000000000000e+00
1.003760484111714067e-03,9.411764705882352811e-01,-3.921568627450980338e-02
1.003762484111657503e-03,8.627450980392157298e-01,7.843137254901960675e-02
1.003764484111600939e-03,9.019607843137255054e-01,0.000000000000000000e+00
1.003766484111544375e-03,9.411764705882352811e-01,1.176470588235294101e-01
1.003768484111487811e-03,9.411764705882352811e-01,3.921568627450980338e-02
1.003770484111431247e-03,8.627450980392157298e-01,-7.843137254901960675e-02
1.003772484111374683e-03,8.235294117647058432e-01,7.843137254901960675e-02
1.003774484111318119e-03,9.019607843137255054e-01,0.000000000000000000e+00
1.003776484111261556e-03,9.019607843137255054e-01,0.000000000000000000e+00
1.003778484111204992e-03,8.235294117647058432e-01,7.843137254901960675e-02
1.003780484111148428e-03,8.627450980392157298e-01,-1.960784313725490169e-01
1.003782484111091864e-03,8.627450980392157298e-01,1.176470588235294101e-01
1.003784484111035300e-03,9.411764705882352811e-01,0.000000000000000000e+00
1.003786484110978736e-03,8.627450980392157298e-01,0.000000000000000000e+00
1.003788484110922172e-03,8.627450980392157298e-01,3.921568627450980338e-02
1.003790484110865609e-03,9.411764705882352811e-01,0.000000000000000000e+00
1.003792484110809045e-03,9.411764705882352811e-01,7.843137254901960675e-02
1.003794484110752481e-03,8.627450980392157298e-01,-3.921568627450980338e-02
1.003796484110695917e-03,9.019607843137255054e-01,7.843137254901960675e-02
1.003798484110639353e-03,9.019607843137255054e-01,0.000000000000000000e+00
1.003800484110582789e-03,9.411764705882352811e-01,-7.843137254901960675e-02
1.003802484110526225e-03,8.235294117647058432e-01,7.843137254901960675e-02
1.003804484110469662e-03,8.235294117647058432e-01,-1.568627450980392135e-01
1.003806484110413098e-03,9.019607843137255054e-01,7.843137254901960675e-02
1.003808484110356534e-03,9.411764705882352811e-01,3.921568627450980338e-02
1.003810484110299970e-03,8.627450980392157298e-01,-7.843137254901960675e-02
1.003812484110243406e-03,8.627450980392157298e-01,3.921568627450980338e-02
1.003814484110186842e-03,9.019607843137255054e-01,0.000000000000000000e+00
1.003816484110130278e-03,9.411764705882352811e-01,0.000000000000000000e+00
1.003818484110073714e-03,8.235294117647058432e-01,3.921568627450980338e-02
1.003820484110017151e-03,9.411764705882352811e-01,-7.843137254901960675e-02
1.003822484109960587e-03,9.019607843137255054e-01,1.568627450980392135e-01
1.003824484109904023e-03,9.411764705882352811e-01,0.000000000000000000e+00
1.003826484109847459e-03,8.627450980392157298e-01,-3.921568627450980338e-02
1.003828484109790895e-03,9.019607843137255054e-01,3.921568627450980338e-02
1.003830484109734331e-03,9.019607843137255054e-01,-3.921568627450980338e-02
1.003832484109677767e-03,9.411764705882352811e-01,7.843137254901960675e-02
1.003834484109621204e-03,8.235294117647058432e-01,-3.921568627450980338e-02
1.003836484109564640e-03,8.235294117647058432e-01,3.921568627450980338e-02
1.003838484109508076e-03,9.019607843137255054e-01,3.921568627450980338e-02
1.003840484109451512e-03,9.411764705882352811e-01,-3.921568627450980338e-02
1.003842484109394948e-03,8.627450980392157298e-01,1.176470588235294101e-01
1.003844484109338384e-03,8.627450980392157298e-01,-7.843137254901960675e-02
1.003846484109281820e-03,9.019607843137255054e-01,1.176470588235294101e-01
1.003848484109225257e-03,9.411764705882352811e-01,3.921568627450980338e-02
1.003850484109168693e-03,8.627450980392157298e-01,-7.843137254901960675e-02
1.003852484109112129e-03,8.235294117647058432e-01,3.921568627450980338e-02
1.003854484109055565e-03,9.019607843137255054e-01,0.000000000000000000e+00
1.003856484108999001e-03,9.411764705882352811e-01,3.921568627450980338e-02
1.003858484108942437e-03,9.019607843137255054e-01,3.921568627450980338e-02
1.003860484108885873e-03,9.019607843137255054e-01,-7.843137254901960675e-02
1.003862484108829310e-03,9.019607843137255054e-01,1.568627450980392135e-01
1.003864484108772746e-03,9.411764705882352811e-01,-7.843137254901960675e-02
1.003866484108716182e-03,8.627450980392157298e-01,0.000000000000000000e+00
1.003868484108659618e-03,8.627450980392157298e-01,7.843137254901960675e-02
1.003870484108603054e-03,9.019607843137255054e-01,-3.921568627450980338e-02
1.003872484108546490e-03,9.411764705882352811e-01,7.843137254901960675e-02
1.003874484108489926e-03,8.627450980392157298e-01,0.000000000000000000e+00
1.003876484108433362e-03,8.627450980392157298e-01,7.843137254901960675e-02
1.003878484108376799e-03,9.019607843137255054e-01,7.843137254901960675e-02
1.003880484108320235e-03,9.411764705882352811e-01,-7.843137254901960675e-02
1.003882484108263671e-03,8.627450980392157298e-01,7.843137254901960675e-02
1.003884484108207107e-03,9.411764705882352811e-01,-1.568627450980392135e-01
1.003886484108150543e-03,9.411764705882352811e-01,3.921568627450980338e-02
1.003888484108093979e-03,9.411764705882352811e-01,3.921568627450980338e-02
1.003890484108037415e-03,8.627450980392157298e-01,-7.843137254901960675e-02
1.003892484107980852e-03,8.235294117647058432e-01,7.843137254901960675e-02
1.003894484107924288e-03,9.019607843137255054e-01,0.000000000000000000e+00
1.003896484107867724e-03,9.411764705882352811e-01,0.000000000000000000e+00
1.003898484107811160e-03,8.627450980392157298e-01,7.843137254901960675e-02
1.003900484107754596e-03,8.627450980392157298e-01,-1.568627450980392135e-01
1.003902484107698032e-03,8.627450980392157298e-01,7.843137254901960675e-02
1.003904484107641468e-03,9.411764705882352811e-01,0.000000000000000000e+00
1.003906484107584905e-03,8.627450980392157298e-01,0.000000000000000000e+00
1.003908484107528341e-03,8.627450980392157298e-01,7.843137254901960675e-02
1.003910484107471777e-03,9.019607843137255054e-01,-3.921568627450980338e-02
1.003912484107415213e-03,9.411764705882352811e-01,7.843137254901960675e-02
1.003914484107358649e-03,8.627450980392157298e-01,-3.921568627450980338e-02
1.003916484107302085e-03,8.627450980392157298e-01,7.843137254901960675e-02
1.003918484107245521e-03,9.019607843137255054e-01,7.843137254901960675e-02
1.003920484107188957e-03,9.411764705882352811e-01,-7.843137254901960675e-02
1.003922484107132394e-03,8.235294117647058432e-01,7.843137254901960675e-02
1.003924484107075830e-03,9.019607843137255054e-01,-7.843137254901960675e-02
1.003926484107019266e-03,9.411764705882352811e-01,7.843137254901960675e-02
1.003928484106962702e-03,9.411764705882352811e-01,3.921568627450980338e-02
1.003930484106906138e-03,8.235294117647058432e-01,-7.843137254901960675e-02
1.003932484106849574e-03,8.235294117647058432e-01,7.843137254901960675e-02
1.003934484106793010e-03,9.019607843137255054e-01,0.000000000000000000e+00
1.003936484106736447e-03,9.411764705882352811e-01,-3.921568627450980338e-02
1.003938484106679883e-03,8.627450980392157298e-01,3.921568627450980338e-02
1.003940484106623319e-03,9.411764705882352811e-01,-7.843137254901960675e-02
1.003942484106566755e-03,9.019607843137255054e-01,1.176470588235294101e-01
1.003944484106510191e-03,9.411764705882352811e-01,-3.921568627450980338e-02
1.003946484106453627e-03,8.627450980392157298e-01,0.000000000000000000e+00
1.003948484106397063e-03,8.235294117647058432e-01,3.921568627450980338e-02
1.003950484106340500e-03,9.019607843137255054e-01,0.000000000000000000e+00
1.003952484106283936e-03,9.411764705882352811e-01,7.843137254901960675e-02
1.003954484106227372e-03,8.627450980392157298e-01,0.000000000000000000e+00
1.003956484106170808e-03,8.627450980392157298e-01,3.921568627450980338e-02
1.003958484106114244e-03,9.019607843137255054e-01,3.921568627450980338e-02
1.003960484106057680e-03,9.803921568627450567e-01,-3.921568627450980338e-02
1.003962484106001116e-03,8.235294117647058432e-01,3.921568627450980338e-02
1.003964484105944553e-03,9.019607843137255054e-01,0.000000000000000000e+00
1.003966484105887989e-03,9.019607843137255054e-01,7.843137254901960675e-02
1.003968484105831425e-03,9.411764705882352811e-01,7.843137254901960675e-02
1.003970484105774861e-03,8.627450980392157298e-01,-7.843137254901960675e-02
1.003972484105718297e-03,8.627450980392157298e-01,7.843137254901960675e-02
1.003974484105661733e-03,9.019607843137255054e-01,0.000000000000000000e+00
1.003976484105605169e-03,9.411764705882352811e-01,0.000000000000000000e+00
1.003978484105548605e-03,8.627450980392157298e-01,7.843137254901960675e-02
1.003980484105492042e-03,8.235294117647058432e-01,-1.568627450980392135e-01
1.003982484105435478e-03,8.627450980392157298e-01,7.843137254901960675e-02
1.003984484105378914e-03,9.411764705882352811e-01,-3.921568627450980338e-02
1.003986484105322350e-03,8.235294117647058432e-01,0.000000000000000000e+00
1.003988484105265786e-03,9.019607843137255054e-01,7.843137254901960675e-02
1.003990484105209222e-03,9.411764705882352811e-01,-3.921568627450980338e-02
1.003992484105152658e-03,9.411764705882352811e-01,7.843137254901960675e-02
1.003994484105096095e-03,8.627450980392157298e-01,-3.921568627450980338e-02
1.003996484105039531e-03,8.235294117647058432e-01,3.921568627450980338e-02
1.003998484104982967e-03,8.627450980392157298e-01,7.843137254901960675e-02
1.004000484104926403e-03,9.803921568627450567e-01,-3.921568627450980338e-02
1.004002484104869839e-03,8.627450980392157298e-01,7.843137254901960675e-02
1.004004484104813275e-03,9.019607843137255054e-01,0.000000000000000000e+00
1.004006484104756711e-03,9.019607843137255054e-01,7.843137254901960675e-02
1.004008484104700148e-03,9.411764705882352811e-01,3.921568627450980338e-02
1.004010484104643584e-03,8.627450980392157298e-01,-7.843137254901960675e-02
1.004012484104587020e-03,9.019607843137255054e-01,7.843137254901960675e-02
1.004014484104530456e-03,9.411764705882352811e-01,0.000000000000000000e+00
1.004016484104473892e-03,9.019607843137255054e-01,-3.921568627450980338e-02
1.004018484104417328e-03,8.235294117647058432e-01,7.843137254901960675e-02
1.004020484104360764e-03,8.627450980392157298e-01,-1.568627450980392135e-01
1.004022484104304200e-03,9.019607843137255054e-01,1.176470588235294101e-01
1.004024484104247637e-03,9.411764705882352811e-01,0.000000000000000000e+00
1.004026484104191073e-03,8.235294117647058432e-01,0.000000000000000000e+00
1.004028484104134509e-03,8.627450980392157298e-01,3.921568627450980338e-02
1.004030484104077945e-03,9.411764705882352811e-01,0.000000000000000000e+00
1.004032484104021381e-03,9.411764705882352811e-01,7.843137254901960675e-02
1.004034484103964817e-03,8.627450980392157298e-01,0.000000000000000000e+00
1.004036484103908253e-03,9.019607843137255054e-01,3.921568627450980338e-02
1.004038484103851690e-03,8.627450980392157298e-01,3.921568627450980338e-02
1.004040484103795126e-03,9.411764705882352811e-01,-3.921568627450980338e-02
1.004042484103738562e-03,8.627450980392157298e-01,7.843137254901960675e-02
1.004044484103681998e-03,9.019607843137255054e-01,0.000000000000000000e+00
1.004046484103625434e-03,9.019607843137255054e-01,7.843137254901960675e-02
1.004048484103568870e-03,9.411764705882352811e-01,3.921568627450980338e-02
1.004050484103512306e-03,8.235294117647058432e-01,-7.843137254901960675e-02
1.004052484103455743e-03,8.627450980392157298e-01,7.843137254901960675e-02
1.004054484103399179e-03,8.627450980392157298e-01,0.000000000000000000e+00
1.004056484103342615e-03,9.411764705882352811e-01,0.000000000000000000e+00
1.004058484103286051e-03,8.235294117647058432e-01,3.921568627450980338e-02
1.004060484103229487e-03,9.019607843137255054e-01,-7.843137254901960675e-02
1.004062484103172923e-03,9.019607843137255054e-01,1.176470588235294101e-01
1.004064484103116359e-03,9.411764705882352811e-01,-3.921568627450980338e-02
1.004066484103059795e-03,8.235294117647058432e-01,0.000000000000000000e+00
1.004068484103003232e-03,8.627450980392157298e-01,7.843137254901960675e-02
1.004070484102946668e-03,9.019607843137255054e-01,-3.921568627450980338e-02
1.004072484102890104e-03,9.019607843137255054e-01,7.843137254901960675e-02
1.004074484102833540e-03,8.627450980392157298e-01,-3.921568627450980338e-02
1.004076484102776976e-03,8.627450980392157298e-01,3.921568627450980338e-02
1.004078484102720412e-03,9.019607843137255054e-01,7.843137254901960675e-02
1.004080484102663848e-03,9.411764705882352811e-01,-7.843137254901960675e-02
1.004082484102607285e-03,8.627450980392157298e-01,1.176470588235294101e-01
1.004084484102550721e-03,9.019607843137255054e-01,0.000000000000000000e+00
1.004086484102494157e-03,9.019607843137255054e-01,7.843137254901960675e-02
1.004088484102437593e-03,9.411764705882352811e-01,3.921568627450980338e-02
1.004090484102381029e-03,8.235294117647058432e-01,-7.843137254901960675e-02
1.004092484102324465e-03,8.627450980392157298e-01,7.843137254901960675e-02
1.004094484102267901e-03,9.019607843137255054e-01,0.000000000000000000e+00
1.004096484102211338e-03,9.411764705882352811e-01,0.000000000000000000e+00
1.004098484102154774e-03,8.235294117647058432e-01,3.921568627450980338e-02
1.004100484102098210e-03,9.019607843137255054e-01,-1.568627450980392135e-01
1.004102484102041646e-03,9.019607843137255054e-01,1.176470588235294101e-01
1.004104484101985082e-03,9.019607843137255054e-01,3.921568627450980338e-02
1.004106484101928518e-03,8.627450980392157298e-01,0.000000000000000000e+00
1.004108484101871954e-03,8.627450980392157298e-01,3.921568627450980338e-02
1.004110484101815391e-03,9.019607843137255054e-01,0.000000000000000000e+00
1.004112484101758827e-03,9.411764705882352811e-01,3.921568627450980338e-02
1.004114484101702263e-03,8.627450980392157298e-01,-3.921568627450980338e-02
1.004116484101645699e-03,9.019607843137255054e-01,3.921568627450980338e-02
1.004118484101589135e-03,9.019607843137255054e-01,3.921568627450980338e-02
1.004120484101532571e-03,9.411764705882352811e-01,-7.843137254901960675e-02
1.004122484101476007e-03,8.627450980392157298e-01,1.176470588235294101e-01
1.004124484101419443e-03,9.019607843137255054e-01,-3.921568627450980338e-02
1.004126484101362880e-03,9.019607843137255054e-01,3.921568627450980338e-02
1.004128484101306316e-03,9.411764705882352811e-01,3.921568627450980338e-02
1.004130484101249752e-03,8.627450980392157298e-01,-7.843137254901960675e-02
1.004132484101193188e-03,8.627450980392157298e-01,3.921568627450980338e-02
1.004134484101136624e-03,9.411764705882352811e-01,0.000000000000000000e+00
1.004136484101080060e-03,9.411764705882352811e-01,0.000000000000000000e+00
1.004138484101023496e-03,8.627450980392157298e-01,7.843137254901960675e-02
1.004140484100966933e-03,9.019607843137255054e-01,0.000000000000000000e+00
1.004142484100910369e-03,8.627450980392157298e-01,1.176470588235294101e-01
1.004144484100853805e-03,9.019607843137255054e-01,-3.921568627450980338e-02
1.004146484100797241e-03,8.627450980392157298e-01,0.000000000000000000e+00
1.004148484100740677e-03,9.019607843137255054e-01,3.921568627450980338e-02
1.004150484100684113e-03,9.019607843137255054e-01,0.000000000000000000e+00
1.004152484100627549e-03,9.411764705882352811e-01,3.921568627450980338e-02
1.004154484100570986e-03,8.627450980392157298e-01,-7.843137254901960675e-02
1.004156484100514422e-03,8.235294117647058432e-01,0.000000000000000000e+00
1.004158484100457858e-03,9.019607843137255054e-01,0.000000000000000000e+00
1.004160484100401294e-03,9.411764705882352811e-01,-7.843137254901960675e-02
1.004162484100344730e-03,8.627450980392157298e-01,7.843137254901960675e-02
1.004164484100288166e-03,9.019607843137255054e-01,-1.568627450980392135e-01
1.004166484100231602e-03,9.019607843137255054e-01,7.843137254901960675e-02
1.004168484100175038e-03,9.411764705882352811e-01,3.921568627450980338e-02
1.004170484100118475e-03,8.627450980392157298e-01,-7.843137254901960675e-02
1.004172484100061911e-03,9.019607843137255054e-01,3.921568627450980338e-02
1.004174484100005347e-03,9.019607843137255054e-01,0.000000000000000000e+00
1.004176484099948783e-03,9.411764705882352811e-01,3.921568627450980338e-02
1.004178484099892219e-03,8.235294117647058432e-01,3.921568627450980338e-02
1.004180484099835655e-03,9.019607843137255054e-01,-7.843137254901960675e-02
1.004182484099779091e-03,8.627450980392157298e-01,1.176470588235294101e-01
1.004184484099722528e-03,9.411764705882352811e-01,-3.921568627450980338e-02
1.004186484099665964e-03,8.627450980392157298e-01,0.000000000000000000e+00
1.004188484099609400e-03,8.627450980392157298e-01,7.843137254901960675e-02
1.004190484099552836e-03,9.019607843137255054e-01,0.000000000000000000e+00
1.004192484099496272e-03,9.411764705882352811e-01,3.921568627450980338e-02
1.004194484099439708e-03,9.019607843137255054e-01,-3.921568627450980338e-02
1.004196484099383144e-03,8.627450980392157298e-01,0.000000000000000000e+00
1.004198484099326581e-03,9.019607843137255054e-01,3.921568627450980338e-02
1.004200484099270017e-03,9.411764705882352811e-01,-3.921568627450980338e-02
1.004202484099213453e-03,8.627450980392157298e-01,7.843137254901960675e-02
1.004204484099156889e-03,9.019607843137255054e-01,0.000000000000000000e+00
1.004206484099100325e-03,9.019607843137255054e-01,1.176470588235294101e-01
1.004208484099043761e-03,9.019607843137255054e-01,3.921568627450980338e-02
1.004210484098987197e-03,8.235294117647058432e-01,-7.843137254901960675e-02
1.004212484098930633e-03,8.235294117647058432e-01,7.843137254901960675e-02
1.004214484098874070e-03,8.627450980392157298e-01,0.000000000000000000e+00
1.004216484098817506e-03,9.411764705882352811e-01,3.921568627450980338e-02
1.004218484098760942e-03,8.627450980392157298e-01,3.921568627450980338e-02
1.004220484098704378e-03,9.019607843137255054e-01,-1.568627450980392135e-01
1.004222484098647814e-03,9.019607843137255054e-01,1.176470588235294101e-01
1.004224484098591250e-03,9.411764705882352811e-01,-3.921568627450980338e-02
1.004226484098534686e-03,8.235294117647058432e-01,0.000000000000000000e+00
1.004228484098478123e-03,8.627450980392157298e-01,7.843137254901960675e-02
1.004230484098421559e-03,9.411764705882352811e-01,0.000000000000000000e+00
1.004232484098364995e-03,9.411764705882352811e-01,0.000000000000000000e+00
1.004234484098308431e-03,8.627450980392157298e-01,-7.843137254901960675e-02
1.004236484098251867e-03,9.019607843137255054e-01,0.000000000000000000e+00
1.004238484098195303e-03,8.627450980392157298e-01,3.921568627450980338e-02
1.004240484098138739e-03,9.411764705882352811e-01,-3.921568627450980338e-02
1.004242484098082176e-03,8.627450980392157298e-01,7.843137254901960675e-02
1.004244484098025612e-03,9.019607843137255054e-01,0.000000000000000000e+00
1.004246484097969048e-03,9.019607843137255054e-01,3.921568627450980338e-02
1.004248484097912484e-03,9.411764705882352811e-01,3.921568627450980338e-02
1.004250484097855920e-03,8.235294117647058432e-01,-7.843137254901960675e-02
1.004252484097799356e-03,9.019607843137255054e-01,7.843137254901960675e-02
1.004254484097742792e-03,9.019607843137255054e-01,3.921568627450980338e-02
1.004256484097686229e-03,9.019607843137255054e-01,-3.921568627450980338e-02
1.004258484097629665e-03,8.627450980392157298e-01,7.843137254901960675e-02
1.004260484097573101e-03,8.627450980392157298e-01,-1.568627450980392135e-01
1.004262484097516537e-03,8.627450980392157298e-01,1.176470588235294101e-01
1.004264484097459973e-03,9.019607843137255054e-01,0.000000000000000000e+00
1.004266484097403409e-03,8.235294117647058432e-01,0.000000000000000000e+00
1.004268484097346845e-03,9.019607843137255054e-01,3.921568627450980338e-02
1.004270484097290281e-03,9.019607843137255054e-01,0.000000000000000000e+00
1.004272484097233718e-03,9.019607843137255054e-01,3.921568627450980338e-02
1.004274484097177154e-03,8.627450980392157298e-01,-3.921568627450980338e-02
1.004276484097120590e-03,8.627450980392157298e-01,0.000000000000000000e+00
1.004278484097064026e-03,9.019607843137255054e-01,7.843137254901960675e-02
1.004280484097007462e-03,9.411764705882352811e-01,-7.843137254901960675e-02
1.004282484096950898e-03,8.235294117647058432e-01,7.843137254901960675e-02
1.004284484096894334e-03,8.627450980392157298e-01,0.000000000000000000e+00
1.004286484096837771e-03,8.627450980392157298e-01,7.843137254901960675e-02
1.004288484096781207e-03,9.411764705882352811e-01,3.921568627450980338e-02
1.004290484096724643e-03,8.627450980392157298e-01,-7.843137254901960675e-02
1.004292484096668079e-03,8.627450980392157298e-01,3.921568627450980338e-02
1.004294484096611515e-03,9.019607843137255054e-01,0.000000000000000000e+00
1.004296484096554951e-03,9.411764705882352811e-01,-3.921568627450980338e-02
1.004298484096498387e-03,8.235294117647058432e-01,3.921568627450980338e-02
1.004300484096441824e-03,9.019607843137255054e-01,-1.568627450980392135e-01
1.004302484096385260e-03,9.019607843137255054e-01,7.843137254901960675e-02
1.004304484096328696e-03,9.411764705882352811e-01,0.000000000000000000e+00
1.004306484096272132e-03,8.627450980392157298e-01,0.000000000000000000e+00
1.004308484096215568e-03,8.235294117647058432e-01,7.843137254901960675e-02
1.004310484096159004e-03,9.019607843137255054e-01,0.000000000000000000e+00
1.004312484096102440e-03,9.019607843137255054e-01,3.921568627450980338e-02
1.004314484096045876e-03,8.627450980392157298e-01,0.000000000000000000e+00
1.004316484095989313e-03,8.627450980392157298e-01,0.000000000000000000e+00
1.004318484095932749e-03,9.019607843137255054e-01,3.921568627450980338e-02
1.004320484095876185e-03,9.411764705882352811e-01,-3.921568627450980338e-02
1.004322484095819621e-03,8.627450980392157298e-01,7.843137254901960675e-02
1.004324484095763057e-03,9.019607843137255054e-01,0.000000000000000000e+00
1.004326484095706493e-03,9.019607843137255054e-01,7.843137254901960675e-02
1.004328484095649929e-03,9.411764705882352811e-01,3.921568627450980338e-02
1.004330484095593366e-03,8.627450980392157298e-01,-3.921568627450980338e-02
1.004332484095536802e-03,8.627450980392157298e-01,7.843137254901960675e-02
1.004334484095480238e-03,8.627450980392157298e-01,-3.921568627450980338e-02
1.004336484095423674e-03,9.411764705882352811e-01,0.000000000000000000e+00
1.004338484095367110e-03,8.627450980392157298e-01,7.843137254901960675e-02
1.004340484095310546e-03,8.627450980392157298e-01,-7.843137254901960675e-02
1.004342484095253982e-03,9.019607843137255054e-01,1.176470588235294101e-01
1.004344484095197419e-03,9.411764705882352811e-01,0.000000000000000000e+00
1.004346484095140855e-03,8.235294117647058432e-01,0.000000000000000000e+00
1.004348484095084291e-03,9.019607843137255054e-01,7.843137254901960675e-02
1.004350484095027727e-03,9.019607843137255054e-01,-3.921568627450980338e-02
1.004352484094971163e-03,9.411764705882352811e-01,7.843137254901960675e-02
1.004354484094914599e-03,8.627450980392157298e-01,-3.921568627450980338e-02
1.004356484094858035e-03,8.235294117647058432e-01,3.921568627450980338e-02
1.004358484094801472e-03,9.019607843137255054e-01,7.843137254901960675e-02
1.004360484094744908e-03,9.411764705882352811e-01,-7.843137254901960675e-02
1.004362484094688344e-03,8.627450980392157298e-01,7.843137254901960675e-02
1.004364484094631780e-03,8.627450980392157298e-01,0.000000000000000000e+00
1.004366484094575216e-03,9.019607843137255054e-01,7.843137254901960675e-02
1.004368484094518652e-03,9.411764705882352811e-01,3.921568627450980338e-02
1.004370484094462088e-03,8.235294117647058432e-01,-3.921568627450980338e-02
1.004372484094405524e-03,8.627450980392157298e-01,7.843137254901960675e-02
1.004374484094348961e-03,9.019607843137255054e-01,0.000000000000000000e+00
1.004376484094292397e-03,9.411764705882352811e-01,0.000000000000000000e+00
1.004378484094235833e-03,8.235294117647058432e-01,7.843137254901960675e-02
1.004380484094179269e-03,8.235294117647058432e-01,-1.568627450980392135e-01
1.004382484094122705e-03,8.627450980392157298e-01,1.176470588235294101e-01
1.004384484094066141e-03,9.411764705882352811e-01,0.000000000000000000e+00
1.004386484094009577e-03,8.627450980392157298e-01,-3.921568627450980338e-02
1.004388484093953014e-03,8.627450980392157298e-01,7.843137254901960675e-02
1.004390484093896450e-03,9.411764705882352811e-01,0.000000000000000000e+00
1.004392484093839886e-03,9.411764705882352811e-01,3.921568627450980338e-02
1.004394484093783322e-03,8.627450980392157298e-01,0.000000000000000000e+00
1.004396484093726758e-03,8.235294117647058432e-01,3.921568627450980338e-02
1.004398484093670194e-03,9.019607843137255054e-01,3.921568627450980338e-02
1.004400484093613630e-03,9.411764705882352811e-01,-7.843137254901960675e-02
1.004402484093557067e-03,8.627450980392157298e-01,7.843137254901960675e-02
1.004404484093500503e-03,8.627450980392157298e-01,0.000000000000000000e+00
1.004406484093443939e-03,8.627450980392157298e-01,7.843137254901960675e-02
1.004408484093387375e-03,9.019607843137255054e-01,7.843137254901960675e-02
1.004410484093330811e-03,9.019607843137255054e-01,-3.921568627450980338e-02
1.004412484093274247e-03,9.019607843137255054e-01,7.843137254901960675e-02
1.004414484093217683e-03,9.019607843137255054e-01,-3.921568627450980338e-02
1.004416484093161119e-03,9.411764705882352811e-01,0.000000000000000000e+00
1.004418484093104556e-03,8.235294117647058432e-01,7.843137254901960675e-02
1.004420484093047992e-03,9.411764705882352811e-01,-7.843137254901960675e-02
1.004422484092991428e-03,9.019607843137255054e-01,1.568627450980392135e-01
1.004424484092934864e-03,9.411764705882352811e-01,-7.843137254901960675e-02
1.004426484092878300e-03,8.235294117647058432e-01,0.000000000000000000e+00
1.004428484092821736e-03,9.019607843137255054e-01,3.921568627450980338e-02
1.004430484092765172e-03,9.019607843137255054e-01,-3.921568627450980338e-02
1.004432484092708609e-03,9.411764705882352811e-01,3.921568627450980338e-02
1.004434484092652045e-03,8.627450980392157298e-01,-7.843137254901960675e-02
1.004436484092595481e-03,9.019607843137255054e-01,0.000000000000000000e+00
1.004438484092538917e-03,9.019607843137255054e-01,3.921568627450980338e-02
1.004440484092482353e-03,9.411764705882352811e-01,-3.921568627450980338e-02
1.004442484092425789e-03,8.235294117647058432e-01,7.843137254901960675e-02
1.004444484092369225e-03,8.627450980392157298e-01,-7.843137254901960675e-02
1.004446484092312662e-03,9.019607843137255054e-01,7.843137254901960675e-02
1.004448484092256098e-03,9.411764705882352811e-01,3.921568627450980338e-02
1.004450484092199534e-03,9.019607843137255054e-01,-7.843137254901960675e-02
1.004452484092142970e-03,9.019607843137255054e-01,7.843137254901960675e-02
1.004454484092086406e-03,9.019607843137255054e-01,-3.921568627450980338e-02
1.004456484092029842e-03,9.019607843137255054e-01,0.000000000000000000e+00
1.004458484091973278e-03,8.627450980392157298e-01,7.843137254901960675e-02
1.004460484091916714e-03,8.627450980392157298e-01,-1.568627450980392135e-01
1.004462484091860151e-03,9.019607843137255054e-01,1.176470588235294101e-01
1.004464484091803587e-03,9.411764705882352811e-01,-3.921568627450980338e-02
1.004466484091747023e-03,8.627450980392157298e-01,0.000000000000000000e+00
1.004468484091690459e-03,9.019607843137255054e-01,7.843137254901960675e-02
1.004470484091633895e-03,8.627450980392157298e-01,0.000000000000000000e+00
1.004472484091577331e-03,9.411764705882352811e-01,3.921568627450980338e-02
1.004474484091520767e-03,8.627450980392157298e-01,-3.921568627450980338e-02
1.004476484091464204e-03,8.627450980392157298e-01,0.000000000000000000e+00
1.004478484091407640e-03,8.627450980392157298e-01,0.000000000000000000e+00
1.004480484091351076e-03,9.411764705882352811e-01,-3.921568627450980338e-02
1.004482484091294512e-03,8.627450980392157298e-01,7.843137254901960675e-02
1.004484484091237948e-03,8.627450980392157298e-01,0.000000000000000000e+00
1.004486484091181384e-03,9.019607843137255054e-01,7.843137254901960675e-02
1.004488484091124820e-03,9.411764705882352811e-01,3.921568627450980338e-02
1.004490484091068257e-03,8.627450980392157298e-01,-3.921568627450980338e-02
1.004492484091011693e-03,8.627450980392157298e-01,7.843137254901960675e-02
1.004494484090955129e-03,9.019607843137255054e-01,0.000000000000000000e+00
1.004496484090898565e-03,9.411764705882352811e-01,0.000000000000000000e+00
1.004498484090842001e-03,8.627450980392157298e-01,7.843137254901960675e-02
1.004500484090785437e-03,9.019607843137255054e-01,-1.568627450980392135e-01
1.004502484090728873e-03,9.019607843137255054e-01,1.176470588235294101e-01
1.004504484090672310e-03,9.411764705882352811e-01,0.000000000000000000e+00
1.004506484090615746e-03,8.627450980392157298e-01,0.000000000000000000e+00
1.004508484090559182e-03,9.019607843137255054e-01,7.843137254901960675e-02
1.004510484090502618e-03,9.019607843137255054e-01,0.000000000000000000e+00
1.004512484090446054e-03,9.019607843137255054e-01,3.921568627450980338e-02
1.004514484090389490e-03,8.627450980392157298e-01,0.000000000000000000e+00
1.004516484090332926e-03,9.019607843137255054e-01,0.000000000000000000e+00
1.004518484090276362e-03,9.019607843137255054e-01,3.921568627450980338e-02
1.004520484090219799e-03,9.411764705882352811e-01,-7.843137254901960675e-02
1.004522484090163235e-03,8.627450980392157298e-01,7.843137254901960675e-02
1.004524484090106671e-03,9.019607843137255054e-01,0.000000000000000000e+00
1.004526484090050107e-03,9.019607843137255054e-01,3.921568627450980338e-02
1.004528484089993543e-03,9.019607843137255054e-01,3.921568627450980338e-02
1.004530484089936979e-03,8.627450980392157298e-01,-7.843137254901960675e-02
1.004532484089880415e-03,8.627450980392157298e-01,3.921568627450980338e-02
1.004534484089823852e-03,8.627450980392157298e-01,0.000000000000000000e+00
1.004536484089767288e-03,9.411764705882352811e-01,-3.921568627450980338e-02
1.004538484089710724e-03,8.235294117647058432e-01,7.843137254901960675e-02
1.004540484089654160e-03,9.019607843137255054e-01,-1.568627450980392135e-01
1.004542484089597596e-03,9.019607843137255054e-01,7.843137254901960675e-02
1.004544484089541032e-03,9.411764705882352811e-01,0.000000000000000000e+00
1.004546484089484468e-03,8.627450980392157298e-01,0.000000000000000000e+00
1.004548484089427905e-03,8.235294117647058432e-01,7.843137254901960675e-02
1.004550484089371341e-03,9.019607843137255054e-01,-3.921568627450980338e-02
1.004552484089314777e-03,9.411764705882352811e-01,7.843137254901960675e-02
1.004554484089258213e-03,8.627450980392157298e-01,0.000000000000000000e+00
1.004556484089201649e-03,9.019607843137255054e-01,3.921568627450980338e-02
1.004558484089145085e-03,8.627450980392157298e-01,3.921568627450980338e-02
1.004560484089088521e-03,9.411764705882352811e-01,-7.843137254901960675e-02
1.004562484089031957e-03,8.235294117647058432e-01,7.843137254901960675e-02
1.004564484088975394e-03,8.627450980392157298e-01,0.000000000000000000e+00
1.004566484088918830e-03,9.019607843137255054e-01,7.843137254901960675e-02
1.004568484088862266e-03,9.019607843137255054e-01,3.921568627450980338e-02
1.004570484088805702e-03,8.627450980392157298e-01,-3.921568627450980338e-02
1.004572484088749138e-03,9.019607843137255054e-01,7.843137254901960675e-02
1.004574484088692574e-03,9.019607843137255054e-01,0.000000000000000000e+00
1.004576484088636010e-03,9.411764705882352811e-01,3.921568627450980338e-02
1.004578484088579447e-03,8.627450980392157298e-01,7.843137254901960675e-02
1.004580484088522883e-03,9.019607843137255054e-01,-1.568627450980392135e-01
1.004582484088466319e-03,9.019607843137255054e-01,1.176470588235294101e-01
1.004584484088409755e-03,9.411764705882352811e-01,-3.921568627450980338e-02
1.004586484088353191e-03,8.627450980392157298e-01,-3.921568627450980338e-02
1.004588484088296627e-03,8.235294117647058432e-01,7.843137254901960675e-02
1.004590484088240063e-03,9.019607843137255054e-01,-3.921568627450980338e-02
1.004592484088183500e-03,9.411764705882352811e-01,7.843137254901960675e-02
1.004594484088126936e-03,8.627450980392157298e-01,-3.921568627450980338e-02
1.004596484088070372e-03,8.627450980392157298e-01,3.921568627450980338e-02
1.004598484088013808e-03,9.019607843137255054e-01,7.843137254901960675e-02
1.004600484087957244e-03,9.411764705882352811e-01,-3.921568627450980338e-02
1.004602484087900680e-03,8.627450980392157298e-01,7.843137254901960675e-02
1.004604484087844116e-03,9.019607843137255054e-01,0.000000000000000000e+00
1.004606484087787553e-03,9.019607843137255054e-01,1.176470588235294101e-01
1.004608484087730989e-03,9.411764705882352811e-01,3.921568627450980338e-02
1.004610484087674425e-03,8.627450980392157298e-01,-7.843137254901960675e-02
1.004612484087617861e-03,8.627450980392157298e-01,7.843137254901960675e-02
1.004614484087561297e-03,9.019607843137255054e-01,0.000000000000000000e+00
1.004616484087504733e-03,9.411764705882352811e-01,-3.921568627450980338e-02
1.004618484087448169e-03,8.627450980392157298e-01,7.843137254901960675e-02
1.004620484087391605e-03,9.019607843137255054e-01,-3.921568627450980338e-02
1.004622484087335042e-03,9.019607843137255054e-01,1.568627450980392135e-01
1.004624484087278478e-03,9.411764705882352811e-01,-7.843137254901960675e-02
1.004626484087221914e-03,8.235294117647058432e-01,0.000000000000000000e+00
1.004628484087165350e-03,9.019607843137255054e-01,7.843137254901960675e-02
1.004630484087108786e-03,9.019607843137255054e-01,-3.921568627450980338e-02
1.004632484087052222e-03,9.411764705882352811e-01,7.843137254901960675e-02
1.004634484086995658e-03,8.627450980392157298e-01,0.000000000000000000e+00
1.004636484086939095e-03,9.019607843137255054e-01,0.000000000000000000e+00
1.004638484086882531e-03,9.411764705882352811e-01,3.921568627450980338e-02
1.004640484086825967e-03,9.411764705882352811e-01,-7.843137254901960675e-02
1.004642484086769403e-03,8.627450980392157298e-01,7.843137254901960675e-02
1.004644484086712839e-03,8.627450980392157298e-01,0.000000000000000000e+00
1.004646484086656275e-03,8.627450980392157298e-01,7.843137254901960675e-02
1.004648484086599711e-03,9.019607843137255054e-01,3.921568627450980338e-02
1.004650484086543148e-03,8.627450980392157298e-01,-7.843137254901960675e-02
1.004652484086486584e-03,8.627450980392157298e-01,3.921568627450980338e-02
1.004654484086430020e-03,9.019607843137255054e-01,0.000000000000000000e+00
1.004656484086373456e-03,9.411764705882352811e-01,0.000000000000000000e+00
1.004658484086316892e-03,8.627450980392157298e-01,7.843137254901960675e-02
1.004660484086260328e-03,9.019607843137255054e-01,-1.568627450980392135e-01
1.004662484086203764e-03,9.019607843137255054e-01,1.176470588235294101e-01
1.004664484086147200e-03,9.411764705882352811e-01,0.000000000000000000e+00
1.004666484086090637e-03,8.627450980392157298e-01,0.000000000000000000e+00
1.004668484086034073e-03,8.627450980392157298e-01,7.843137254901960675e-02
1.004670484085977509e-03,9.411764705882352811e-01,-3.921568627450980338e-02
1.004672484085920945e-03,9.411764705882352811e-01,3.921568627450980338e-02
1.004674484085864381e-03,8.235294117647058432e-01,-3.921568627450980338e-02
1.004676484085807817e-03,8.627450980392157298e-01,3.921568627450980338e-02
1.004678484085751253e-03,9.019607843137255054e-01,7.843137254901960675e-02
1.004680484085694690e-03,9.411764705882352811e-01,-7.843137254901960675e-02
1.004682484085638126e-03,8.235294117647058432e-01,1.176470588235294101e-01
1.004684484085581562e-03,9.019607843137255054e-01,0.000000000000000000e+00
1.004686484085524998e-03,9.411764705882352811e-01,7.843137254901960675e-02
1.004688484085468434e-03,9.411764705882352811e-01,3.921568627450980338e-02
1.004690484085411870e-03,8.627450980392157298e-01,-7.843137254901960675e-02
1.004692484085355306e-03,8.627450980392157298e-01,7.843137254901960675e-02
1.004694484085298743e-03,9.411764705882352811e-01,-3.921568627450980338e-02
1.004696484085242179e-03,9.019607843137255054e-01,0.000000000000000000e+00
1.004698484085185615e-03,8.627450980392157298e-01,7.843137254901960675e-02
1.004700484085129051e-03,9.019607843137255054e-01,-1.568627450980392135e-01
1.004702484085072487e-03,9.019607843137255054e-01,7.843137254901960675e-02
1.004704484085015923e-03,9.411764705882352811e-01,-3.921568627450980338e-02
1.004706484084959359e-03,8.235294117647058432e-01,0.000000000000000000e+00
1.004708484084902795e-03,9.019607843137255054e-01,7.843137254901960675e-02
1.004710484084846232e-03,9.019607843137255054e-01,0.000000000000000000e+00
1.004712484084789668e-03,9.411764705882352811e-01,3.921568627450980338e-02
1.004714484084733104e-03,8.627450980392157298e-01,0.000000000000000000e+00
1.004716484084676540e-03,8.627450980392157298e-01,0.000000000000000000e+00
1.004718484084619976e-03,9.019607843137255054e-01,3.921568627450980338e-02
1.004720484084563412e-03,9.411764705882352811e-01,-7.843137254901960675e-02
1.004722484084506848e-03,8.235294117647058432e-01,7.843137254901960675e-02
1.004724484084450285e-03,9.411764705882352811e-01,0.000000000000000000e+00
1.004726484084393721e-03,9.019607843137255054e-01,7.843137254901960675e-02
1.004728484084337157e-03,9.019607843137255054e-01,3.921568627450980338e-02
1.004730484084280593e-03,8.627450980392157298e-01,-3.921568627450980338e-02
1.004732484084224029e-03,8.627450980392157298e-01,7.843137254901960675e-02
1.004734484084167465e-03,9.019607843137255054e-01,0.000000000000000000e+00
1.004736484084110901e-03,9.411764705882352811e-01,0.000000000000000000e+00
1.004738484084054338e-03,8.627450980392157298e-01,7.843137254901960675e-02
1.004740484083997774e-03,9.019607843137255054e-01,-1.960784313725490169e-01
1.004742484083941210e-03,8.627450980392157298e-01,1.176470588235294101e-01
1.004744484083884646e-03,9.019607843137255054e-01,0.000000000000000000e+00
1.004746484083828082e-03,8.627450980392157298e-01,0.000000000000000000e+00
1.004748484083771518e-03,9.019607843137255054e-01,7.843137254901960675e-02
1.004750484083714954e-03,9.019607843137255054e-01,0.000000000000000000e+00
1.004752484083658391e-03,9.411764705882352811e-01,3.921568627450980338e-02
1.004754484083601827e-03,8.627450980392157298e-01,-3.921568627450980338e-02
1.004756484083545263e-03,8.627450980392157298e-01,0.000000000000000000e+00
1.004758484083488699e-03,9.019607843137255054e-01,3.921568627450980338e-02
1.004760484083432135e-03,9.411764705882352811e-01,-7.843137254901960675e-02
1.004762484083375571e-03,8.627450980392157298e-01,7.843137254901960675e-02
1.004764484083319007e-03,9.019607843137255054e-01,-7.843137254901960675e-02
1.004766484083262443e-03,9.019607843137255054e-01,7.843137254901960675e-02
1.004768484083205880e-03,9.411764705882352811e-01,0.000000000000000000e+00
1.004770484083149316e-03,8.627450980392157298e-01,-7.843137254901960675e-02
1.004772484083092752e-03,8.235294117647058432e-01,7.843137254901960675e-02
1.004774484083036188e-03,9.019607843137255054e-01,0.000000000000000000e+00
1.004776484082979624e-03,9.411764705882352811e-01,0.000000000000000000e+00
1.004778484082923060e-03,8.235294117647058432e-01,3.921568627450980338e-02
1.004780484082866496e-03,9.019607843137255054e-01,-1.568627450980392135e-01
1.004782484082809933e-03,9.019607843137255054e-01,7.843137254901960675e-02
1.004784484082753369e-03,9.411764705882352811e-01,0.000000000000000000e+00
1.004786484082696805e-03,8.627450980392157298e-01,0.000000000000000000e+00
1.004788484082640241e-03,8.627450980392157298e-01,7.843137254901960675e-02
1.004790484082583677e-03,9.019607843137255054e-01,0.000000000000000000e+00
1.004792484082527113e-03,9.411764705882352811e-01,3.921568627450980338e-02
1.004794484082470549e-03,8.627450980392157298e-01,0.000000000000000000e+00
1.004796484082413986e-03,8.627450980392157298e-01,3.921568627450980338e-02
1.004798484082357422e-03,9.019607843137255054e-01,0.000000000000000000e+00
1.004800484082300858e-03,9.411764705882352811e-01,-3.921568627450980338e-02
1.004802484082244294e-03,8.627450980392157298e-01,7.843137254901960675e-02
1.004804484082187730e-03,9.019607843137255054e-01,-3.921568627450980338e-02
1.004806484082131166e-03,9.019607843137255054e-01,3.921568627450980338e-02
1.004808484082074602e-03,9.019607843137255054e-01,7.843137254901960675e-02
1.004810484082018038e-03,8.627450980392157298e-01,-7.843137254901960675e-02
1.004812484081961475e-03,9.019607843137255054e-01,7.843137254901960675e-02
1.004814484081904911e-03,9.411764705882352811e-01,0.000000000000000000e+00
1.004816484081848347e-03,9.411764705882352811e-01,0.000000000000000000e+00
1.004818484081791783e-03,9.019607843137255054e-01,7.843137254901960675e-02
1.004820484081735219e-03,9.019607843137255054e-01,-1.568627450980392135e-01
1.004822484081678655e-03,9.019607843137255054e-01,1.176470588235294101e-01
1.004824484081622091e-03,9.019607843137255054e-01,0.000000000000000000e+00
1.004826484081565528e-03,8.627450980392157298e-01,0.000000000000000000e+00
1.004828484081508964e-03,9.019607843137255054e-01,7.843137254901960675e-02
1.004830484081452400e-03,9.411764705882352811e-01,-7.843137254901960675e-02
1.004832484081395836e-03,9.411764705882352811e-01,7.843137254901960675e-02
1.004834484081339272e-03,8.627450980392157298e-01,-3.921568627450980338e-02
1.004836484081282708e-03,9.019607843137255054e-01,0.000000000000000000e+00
1.004838484081226144e-03,9.019607843137255054e-01,7.843137254901960675e-02
1.004840484081169581e-03,9.411764705882352811e-01,-7.843137254901960675e-02
1.004842484081113017e-03,8.627450980392157298e-01,7.843137254901960675e-02
1.004844484081056453e-03,8.627450980392157298e-01,0.000000000000000000e+00
1.004846484080999889e-03,9.019607843137255054e-01,7.843137254901960675e-02
1.004848484080943325e-03,9.411764705882352811e-01,7.843137254901960675e-02
1.004850484080886761e-03,8.235294117647058432e-01,-7.843137254901960675e-02
1.004852484080830197e-03,8.627450980392157298e-01,7.843137254901960675e-02
1.004854484080773633e-03,9.019607843137255054e-01,0.000000000000000000e+00
1.004856484080717070e-03,9.411764705882352811e-01,0.000000000000000000e+00
1.004858484080660506e-03,8.235294117647058432e-01,7.843137254901960675e-02
1.004860484080603942e-03,8.627450980392157298e-01,0.000000000000000000e+00
1.004862484080547378e-03,8.627450980392157298e-01,7.843137254901960675e-02
1.004864484080490814e-03,9.411764705882352811e-01,-3.921568627450980338e-02
1.004866484080434250e-03,8.235294117647058432e-01,0.000000000000000000e+00
1.004868484080377686e-03,9.411764705882352811e-01,7.843137254901960675e-02
1.004870484080321123e-03,9.019607843137255054e-01,-3.921568627450980338e-02
1.004872484080264559e-03,9.411764705882352811e-01,3.921568627450980338e-02
1.004874484080207995e-03,8.235294117647058432e-01,0.000000000000000000e+00
1.004876484080151431e-03,9.019607843137255054e-01,3.921568627450980338e-02
1.004878484080094867e-03,9.019607843137255054e-01,3.921568627450980338e-02
1.004880484080038303e-03,9.019607843137255054e-01,-3.921568627450980338e-02
1.004882484079981739e-03,8.627450980392157298e-01,7.843137254901960675e-02
1.004884484079925176e-03,9.019607843137255054e-01,0.000000000000000000e+00
1.004886484079868612e-03,8.627450980392157298e-01,7.843137254901960675e-02
1.004888484079812048e-03,9.411764705882352811e-01,3.921568627450980338e-02
1.004890484079755484e-03,8.627450980392157298e-01,-7.843137254901960675e-02
1.004892484079698920e-03,8.627450980392157298e-01,1.176470588235294101e-01
1.004894484079642356e-03,9.019607843137255054e-01,-3.921568627450980338e-02
1.004896484079585792e-03,9.019607843137255054e-01,0.000000000000000000e+00
1.004898484079529229e-03,8.235294117647058432e-01,3.921568627450980338e-02
1.004900484079472665e-03,9.019607843137255054e-01,-1.568627450980392135e-01
1.004902484079416101e-03,9.411764705882352811e-01,7.843137254901960675e-02
1.004904484079359537e-03,9.411764705882352811e-01,0.000000000000000000e+00
1.004906484079302973e-03,8.627450980392157298e-01,0.000000000000000000e+00
1.004908484079246409e-03,8.627450980392157298e-01,7.843137254901960675e-02
1.004910484079189845e-03,9.019607843137255054e-01,-3.921568627450980338e-02
1.004912484079133281e-03,9.019607843137255054e-01,7.843137254901960675e-02
1.004914484079076718e-03,8.627450980392157298e-01,-3.921568627450980338e-02
1.004916484079020154e-03,8.627450980392157298e-01,0.000000000000000000e+00
1.004918484078963590e-03,9.019607843137255054e-01,7.843137254901960675e-02
1.004920484078907026e-03,9.411764705882352811e-01,-3.921568627450980338e-02
1.004922484078850462e-03,8.627450980392157298e-01,7.843137254901960675e-02
1.004924484078793898e-03,9.019607843137255054e-01,-7.843137254901960675e-02
1.004926484078737334e-03,9.019607843137255054e-01,7.843137254901960675e-02
1.004928484078680771e-03,9.411764705882352811e-01,3.921568627450980338e-02
1.004930484078624207e-03,8.627450980392157298e-01,-3.921568627450980338e-02
1.004932484078567643e-03,9.019607843137255054e-01,7.843137254901960675e-02
1.004934484078511079e-03,9.019607843137255054e-01,-3.921568627450980338e-02
1.004936484078454515e-03,9.411764705882352811e-01,0.000000000000000000e+00
1.004938484078397951e-03,8.235294117647058432e-01,7.843137254901960675e-02
1.004940484078341387e-03,9.019607843137255054e-01,-7.843137254901960675e-02
1.004942484078284824e-03,9.019607843137255054e-01,1.176470588235294101e-01
1.004944484078228260e-03,9.411764705882352811e-01,0.000000000000000000e+00
1.004946484078171696e-03,8.627450980392157298e-01,0.000000000000000000e+00
1.004948484078115132e-03,8.627450980392157298e-01,3.921568627450980338e-02
1.004950484078058568e-03,9.019607843137255054e-01,0.000000000000000000e+00
1.004952484078002004e-03,9.411764705882352811e-01,7.843137254901960675e-02
1.004954484077945440e-03,8.627450980392157298e-01,0.000000000000000000e+00
1.004956484077888876e-03,8.627450980392157298e-01,3.921568627450980338e-02
1.004958484077832313e-03,9.019607843137255054e-01,3.921568627450980338e-02
1.004960484077775749e-03,9.411764705882352811e-01,-3.921568627450980338e-02
1.004962484077719185e-03,8.627450980392157298e-01,1.176470588235294101e-01
1.004964484077662621e-03,8.627450980392157298e-01,0.000000000000000000e+00
1.004966484077606057e-03,9.019607843137255054e-01,3.921568627450980338e-02
1.004968484077549493e-03,9.019607843137255054e-01,3.921568627450980338e-02
1.004970484077492929e-03,8.627450980392157298e-01,-3.921568627450980338e-02
1.004972484077436366e-03,8.627450980392157298e-01,7.843137254901960675e-02
1.004974484077379802e-03,9.019607843137255054e-01,-3.921568627450980338e-02
1.004976484077323238e-03,9.411764705882352811e-01,0.000000000000000000e+00
1.004978484077266674e-03,8.627450980392157298e-01,7.843137254901960675e-02
1.004980484077210110e-03,9.019607843137255054e-01,-1.568627450980392135e-01
1.004982484077153546e-03,9.411764705882352811e-01,1.568627450980392135e-01
1.004984484077096982e-03,9.411764705882352811e-01,-3.921568627450980338e-02
1.004986484077040419e-03,8.627450980392157298e-01,-3.921568627450980338e-02
1.004988484076983855e-03,9.019607843137255054e-01,7.843137254901960675e-02
1.004990484076927291e-03,9.019607843137255054e-01,-3.921568627450980338e-02
1.004992484076870727e-03,9.411764705882352811e-01,1.176470588235294101e-01
1.004994484076814163e-03,8.627450980392157298e-01,-3.921568627450980338e-02
1.004996484076757599e-03,9.019607843137255054e-01,3.921568627450980338e-02
1.004998484076701035e-03,9.019607843137255054e-01,7.843137254901960675e-02
1.005000484076644472e-03,9.411764705882352811e-01,-3.921568627450980338e-02
1.005002484076587908e-03,8.627450980392157298e-01,3.921568627450980338e-02
1.005004484076531344e-03,9.019607843137255054e-01,0.000000000000000000e+00
1.005006484076474780e-03,8.627450980392157298e-01,1.176470588235294101e-01
1.005008484076418216e-03,9.411764705882352811e-01,5.490196078431373028e-01
1.005010484076361652e-03,8.627450980392157298e-01,2.235294117647058432e+00
1.005012484076305088e-03,9.019607843137255054e-01,3.529411764705882248e+00
1.005014484076248524e-03,9.411764705882352811e-01,4.274509803921568540e+00
1.005016484076191961e-03,9.411764705882352811e-01,3.960784313725489891e+00
1.005018484076135397e-03,8.627450980392157298e-01,3.686274509803921351e+00
1.005020484076078833e-03,9.019607843137255054e-01,2.862745098039215286e+00
1.005022484076022269e-03,9.019607843137255054e-01,3.137254901960784270e+00
1.005024484075965705e-03,9.411764705882352811e-01,3.176470588235293935e+00
1.005026484075909141e-03,8.627450980392157298e-01,3.215686274509803599e+00
1.005028484075852577e-03,8.627450980392157298e-01,3.176470588235293935e+00
1.005030484075796014e-03,8.627450980392157298e-01,3.294117647058823373e+00
1.005032484075739450e-03,9.411764705882352811e-01,3.333333333333333037e+00
1.005034484075682886e-03,8.627450980392157298e-01,3.215686274509803599e+00
1.005036484075626322e-03,8.627450980392157298e-01,3.294117647058823373e+00
1.005038484075569758e-03,9.411764705882352811e-01,3.254901960784313708e+00
1.005040484075513194e-03,9.411764705882352811e-01,3.058823529411764497e+00
1.005042484075456630e-03,8.627450980392157298e-01,3.294117647058823373e+00
1.005044484075400067e-03,9.019607843137255054e-01,3.215686274509803599e+00
1.005046484075343503e-03,9.019607843137255054e-01,3.294117647058823373e+00
1.005048484075286939e-03,9.411764705882352811e-01,3.372549019607843146e+00
1.005050484075230375e-03,8.235294117647058432e-01,3.254901960784313708e+00
1.005052484075173811e-03,9.019607843137255054e-01,3.333333333333333037e+00
1.005054484075117247e-03,8.627450980392157298e-01,3.176470588235293935e+00
1.005056484075060683e-03,9.411764705882352811e-01,3.215686274509803599e+00
1.005058484075004119e-03,8.627450980392157298e-01,3.372549019607843146e+00
1.005060484074947556e-03,9.019607843137255054e-01,3.176470588235293935e+00
1.005062484074890992e-03,8.627450980392157298e-01,3.294117647058823373e+00
1.005064484074834428e-03,9.411764705882352811e-01,3.176470588235293935e+00
1.005066484074777864e-03,8.235294117647058432e-01,3.254901960784313708e+00
1.005068484074721300e-03,9.019607843137255054e-01,3.254901960784313708e+00
1.005070484074664736e-03,9.411764705882352811e-01,3.176470588235293935e+00
1.005072484074608172e-03,9.411764705882352811e-01,3.372549019607843146e+00
1.005074484074551609e-03,8.627450980392157298e-01,3.215686274509803599e+00
1.005076484074495045e-03,9.019607843137255054e-01,3.215686274509803599e+00
1.005078484074438481e-03,9.019607843137255054e-01,3.294117647058823373e+00
1.005080484074381917e-03,9.411764705882352811e-01,3.215686274509803599e+00
1.005082484074325353e-03,8.235294117647058432e-01,3.372549019607843146e+00
1.005084484074268789e-03,9.019607843137255054e-01,3.176470588235293935e+00
1.005086484074212225e-03,9.019607843137255054e-01,3.215686274509803599e+00
1.005088484074155662e-03,9.411764705882352811e-01,3.333333333333333037e+00
1.005090484074099098e-03,8.627450980392157298e-01,3.176470588235293935e+00
1.005092484074042534e-03,8.235294117647058432e-01,3.294117647058823373e+00
1.005094484073985970e-03,9.019607843137255054e-01,3.215686274509803599e+00
1.005096484073929406e-03,9.803921568627450567e-01,3.215686274509803599e+00
1.005098484073872842e-03,8.627450980392157298e-01,3.294117647058823373e+00
1.005100484073816278e-03,9.019607843137255054e-01,3.176470588235293935e+00
1.005102484073759714e-03,8.627450980392157298e-01,3.294117647058823373e+00
1.005104484073703151e-03,9.411764705882352811e-01,3.215686274509803599e+00
1.005106484073646587e-03,8.627450980392157298e-01,3.294117647058823373e+00
1.005108484073590023e-03,8.627450980392157298e-01,3.254901960784313708e+00
1.005110484073533459e-03,9.411764705882352811e-01,3.176470588235293935e+00
1.005112484073476895e-03,9.411764705882352811e-01,3.333333333333333037e+00
1.005114484073420331e-03,8.627450980392157298e-01,3.215686274509803599e+00
1.005116484073363767e-03,8.627450980392157298e-01,3.215686274509803599e+00
1.005118484073307204e-03,9.019607843137255054e-01,3.294117647058823373e+00
1.005120484073250640e-03,9.411764705882352811e-01,3.176470588235293935e+00
1.005122484073194076e-03,8.627450980392157298e-01,3.333333333333333037e+00
1.005124484073137512e-03,8.627450980392157298e-01,3.176470588235293935e+00
1.005126484073080948e-03,9.019607843137255054e-01,3.254901960784313708e+00
1.005128484073024384e-03,9.019607843137255054e-01,3.294117647058823373e+00
1.005130484072967820e-03,8.235294117647058432e-01,3.176470588235293935e+00
1.005132484072911257e-03,9.019607843137255054e-01,3.294117647058823373e+00
1.005134484072854693e-03,9.019607843137255054e-01,3.176470588235293935e+00
1.005136484072798129e-03,9.411764705882352811e-01,3.215686274509803599e+00
1.005138484072741565e-03,8.627450980392157298e-01,3.333333333333333037e+00
1.005140484072685001e-03,9.019607843137255054e-01,3.137254901960784270e+00
1.005142484072628437e-03,8.627450980392157298e-01,3.294117647058823373e+00
1.005144484072571873e-03,9.411764705882352811e-01,3.215686274509803599e+00
1.005146484072515310e-03,8.627450980392157298e-01,3.215686274509803599e+00
1.005148484072458746e-03,8.627450980392157298e-01,2.784313725490195957e+00
1.005150484072402182e-03,9.019607843137255054e-01,1.098039215686274606e+00
1.005152484072345618e-03,9.411764705882352811e-01,7.843137254901960675e-02
1.005154484072289054e-03,8.627450980392157298e-01,-9.019607843137253944e-01
1.005156484072232490e-03,8.235294117647058432e-01,-8.235294117647058432e-01
1.005158484072175926e-03,9.411764705882352811e-01,-3.137254901960784270e-01
1.005160484072119362e-03,9.411764705882352811e-01,7.843137254901960675e-02
1.005162484072062799e-03,8.627450980392157298e-01,3.137254901960784270e-01
1.005164484072006235e-03,9.019607843137255054e-01,0.000000000000000000e+00
1.005166484071949671e-03,9.019607843137255054e-01,0.000000000000000000e+00
1.005168484071893107e-03,9.411764705882352811e-01,7.843137254901960675e-02
1.005170484071836543e-03,8.627450980392157298e-01,-1.960784313725490169e-01
1.005172484071779979e-03,8.627450980392157298e-01,3.921568627450980338e-02
1.005174484071723415e-03,9.411764705882352811e-01,0.000000000000000000e+00
1.005176484071666852e-03,9.411764705882352811e-01,-7.843137254901960675e-02
1.005178484071610288e-03,8.235294117647058432e-01,7.843137254901960675e-02
1.005180484071553724e-03,9.019607843137255054e-01,3.921568627450980338e-02
1.005182484071497160e-03,9.411764705882352811e-01,1.176470588235294101e-01
1.005184484071440596e-03,9.411764705882352811e-01,-3.921568627450980338e-02
1.005186484071384032e-03,8.627450980392157298e-01,0.000000000000000000e+00
1.005188484071327468e-03,9.019607843137255054e-01,0.000000000000000000e+00
1.005190484071270905e-03,9.019607843137255054e-01,-1.568627450980392135e-01
1.005192484071214341e-03,9.411764705882352811e-01,3.921568627450980338e-02
1.005194484071157777e-03,8.235294117647058432e-01,0.000000000000000000e+00
1.005196484071101213e-03,9.019607843137255054e-01,3.921568627450980338e-02
1.005198484071044649e-03,9.019607843137255054e-01,7.843137254901960675e-02
1.005200484070988085e-03,9.411764705882352811e-01,-7.843137254901960675e-02
1.005202484070931521e-03,8.627450980392157298e-01,7.843137254901960675e-02
1.005204484070874957e-03,9.019607843137255054e-01,0.000000000000000000e+00
1.005206484070818394e-03,9.019607843137255054e-01,1.176470588235294101e-01
1.005208484070761830e-03,9.411764705882352811e-01,5.882352941176469674e-01
1.005210484070705266e-03,8.627450980392157298e-01,2.235294117647058432e+00
1.005212484070648702e-03,9.019607843137255054e-01,3.529411764705882248e+00
1.005214484070592138e-03,9.411764705882352811e-01,4.274509803921568540e+00
1.005216484070535574e-03,9.411764705882352811e-01,3.999999999999999556e+00
1.005218484070479010e-03,8.627450980392157298e-01,3.686274509803921351e+00
1.005220484070422447e-03,9.411764705882352811e-01,2.901960784313725394e+00
1.005222484070365883e-03,9.019607843137255054e-01,3.098039215686274161e+00
1.005224484070309319e-03,9.411764705882352811e-01,3.215686274509803599e+00
1.005226484070252755e-03,8.627450980392157298e-01,3.215686274509803599e+00
1.005228484070196191e-03,8.627450980392157298e-01,3.215686274509803599e+00
1.005230484070139627e-03,8.627450980392157298e-01,3.294117647058823373e+00
1.005232484070083063e-03,9.411764705882352811e-01,3.333333333333333037e+00
1.005234484070026500e-03,8.627450980392157298e-01,3.254901960784313708e+00
1.005236484069969936e-03,8.627450980392157298e-01,3.333333333333333037e+00
1.005238484069913372e-03,9.019607843137255054e-01,3.254901960784313708e+00
1.005240484069856808e-03,9.411764705882352811e-01,3.058823529411764497e+00
1.005242484069800244e-03,8.235294117647058432e-01,3.294117647058823373e+00
1.005244484069743680e-03,9.019607843137255054e-01,3.176470588235293935e+00
1.005246484069687116e-03,9.019607843137255054e-01,3.254901960784313708e+00
1.005248484069630553e-03,9.411764705882352811e-01,3.333333333333333037e+00
1.005250484069573989e-03,8.627450980392157298e-01,3.254901960784313708e+00
1.005252484069517425e-03,9.019607843137255054e-01,3.294117647058823373e+00
1.005254484069460861e-03,9.411764705882352811e-01,3.215686274509803599e+00
1.005256484069404297e-03,9.411764705882352811e-01,3.215686274509803599e+00
1.005258484069347733e-03,8.627450980392157298e-01,3.333333333333333037e+00
1.005260484069291169e-03,8.235294117647058432e-01,3.137254901960784270e+00
1.005262484069234605e-03,9.019607843137255054e-01,3.294117647058823373e+00
1.005264484069178042e-03,9.411764705882352811e-01,3.176470588235293935e+00
1.005266484069121478e-03,8.627450980392157298e-01,3.254901960784313708e+00
1.005268484069064914e-03,8.627450980392157298e-01,3.294117647058823373e+00
1.005270484069008350e-03,9.411764705882352811e-01,3.176470588235293935e+00
1.005272484068951786e-03,9.411764705882352811e-01,3.333333333333333037e+00
1.005274484068895222e-03,8.627450980392157298e-01,3.215686274509803599e+00
1.005276484068838658e-03,9.019607843137255054e-01,3.254901960784313708e+00
1.005278484068782095e-03,9.019607843137255054e-01,3.294117647058823373e+00
1.005280484068725531e-03,9.411764705882352811e-01,3.137254901960784270e+00
1.005282484068668967e-03,8.235294117647058432e-01,3.294117647058823373e+00
1.005284484068612403e-03,9.019607843137255054e-01,3.176470588235293935e+00
1.005286484068555839e-03,9.019607843137255054e-01,3.254901960784313708e+00
1.005288484068499275e-03,9.411764705882352811e-01,3.333333333333333037e+00
1.005290484068442711e-03,8.235294117647058432e-01,3.176470588235293935e+00
1.005292484068386148e-03,8.627450980392157298e-01,3.294117647058823373e+00
1.005294484068329584e-03,9.019607843137255054e-01,3.176470588235293935e+00
1.005296484068273020e-03,9.019607843137255054e-01,3.215686274509803599e+00
1.005298484068216456e-03,8.235294117647058432e-01,3.294117647058823373e+00
1.005300484068159892e-03,9.019607843137255054e-01,3.176470588235293935e+00
1.005302484068103328e-03,9.019607843137255054e-01,3.294117647058823373e+00
1.005304484068046764e-03,9.411764705882352811e-01,3.215686274509803599e+00
1.005306484067990200e-03,8.235294117647058432e-01,3.294117647058823373e+00
1.005308484067933637e-03,8.627450980392157298e-01,3.254901960784313708e+00
1.005310484067877073e-03,9.019607843137255054e-01,3.176470588235293935e+00
1.005312484067820509e-03,9.411764705882352811e-01,3.333333333333333037e+00
1.005314484067763945e-03,8.627450980392157298e-01,3.215686274509803599e+00
1.005316484067707381e-03,9.019607843137255054e-01,3.254901960784313708e+00
1.005318484067650817e-03,9.019607843137255054e-01,3.294117647058823373e+00
1.005320484067594253e-03,9.411764705882352811e-01,3.137254901960784270e+00
1.005322484067537690e-03,8.627450980392157298e-01,3.333333333333333037e+00
1.005324484067481126e-03,9.019607843137255054e-01,3.176470588235293935e+00
1.005326484067424562e-03,9.019607843137255054e-01,3.254901960784313708e+00
1.005328484067367998e-03,9.411764705882352811e-01,3.294117647058823373e+00
1.005330484067311434e-03,8.627450980392157298e-01,3.176470588235293935e+00
1.005332484067254870e-03,8.627450980392157298e-01,3.294117647058823373e+00
1.005334484067198306e-03,9.411764705882352811e-01,3.176470588235293935e+00
1.005336484067141743e-03,9.411764705882352811e-01,3.215686274509803599e+00
1.005338484067085179e-03,8.627450980392157298e-01,3.333333333333333037e+00
1.005340484067028615e-03,8.627450980392157298e-01,3.137254901960784270e+00
1.005342484066972051e-03,8.627450980392157298e-01,3.294117647058823373e+00
1.005344484066915487e-03,9.411764705882352811e-01,3.215686274509803599e+00
1.005346484066858923e-03,8.235294117647058432e-01,3.254901960784313708e+00
1.005348484066802359e-03,8.235294117647058432e-01,2.745098039215685848e+00
1.005350484066745795e-03,9.019607843137255054e-01,1.098039215686274606e+00
1.005352484066689232e-03,9.411764705882352811e-01,1.176470588235294101e-01
1.005354484066632668e-03,8.627450980392157298e-01,-9.019607843137253944e-01
1.005356484066576104e-03,8.627450980392157298e-01,-8.235294117647058432e-01
1.005358484066519540e-03,9.019607843137255054e-01,-3.137254901960784270e-01
1.005360484066462976e-03,9.411764705882352811e-01,7.843137254901960675e-02
1.005362484066406412e-03,8.627450980392157298e-01,3.137254901960784270e-01
1.005364484066349848e-03,9.019607843137255054e-01,0.000000000000000000e+00
1.005366484066293285e-03,8.627450980392157298e-01,0.000000000000000000e+00
1.005368484066236721e-03,9.411764705882352811e-01,7.843137254901960675e-02
1.005370484066180157e-03,8.235294117647058432e-01,-1.960784313725490169e-01
1.005372484066123593e-03,9.019607843137255054e-01,3.921568627450980338e-02
1.005374484066067029e-03,9.019607843137255054e-01,-7.843137254901960675e-02
1.005376484066010465e-03,9.411764705882352811e-01,-7.843137254901960675e-02
1.005378484065953901e-03,8.627450980392157298e-01,1.176470588235294101e-01
1.005380484065897338e-03,9.019607843137255054e-01,3.921568627450980338e-02
1.005382484065840774e-03,9.019607843137255054e-01,1.176470588235294101e-01
1.005384484065784210e-03,9.411764705882352811e-01,-7.843137254901960675e-02
1.005386484065727646e-03,8.235294117647058432e-01,-3.921568627450980338e-02
1.005388484065671082e-03,8.235294117647058432e-01,3.921568627450980338e-02
1.005390484065614518e-03,9.019607843137255054e-01,-7.843137254901960675e-02
1.005392484065557954e-03,9.019607843137255054e-01,7.843137254901960675e-02
1.005394484065501391e-03,8.627450980392157298e-01,0.000000000000000000e+00
1.005396484065444827e-03,9.019607843137255054e-01,0.000000000000000000e+00
1.005398484065388263e-03,8.627450980392157298e-01,3.921568627450980338e-02
1.005400484065331699e-03,9.411764705882352811e-01,-7.843137254901960675e-02
1.005402484065275135e-03,8.235294117647058432e-01,7.843137254901960675e-02
1.005404484065218571e-03,8.627450980392157298e-01,0.000000000000000000e+00
1.005406484065162007e-03,8.627450980392157298e-01,7.843137254901960675e-02
1.005408484065105443e-03,9.411764705882352811e-01,7.843137254901960675e-02
1.005410484065048880e-03,8.627450980392157298e-01,-3.921568627450980338e-02
1.005412484064992316e-03,8.627450980392157298e-01,7.843137254901960675e-02
1.005414484064935752e-03,9.019607843137255054e-01,0.000000000000000000e+00
1.005416484064879188e-03,9.411764705882352811e-01,0.000000000000000000e+00
1.005418484064822624e-03,8.627450980392157298e-01,7.843137254901960675e-02
1.005420484064766060e-03,9.019607843137255054e-01,-1.568627450980392135e-01
1.005422484064709496e-03,9.019607843137255054e-01,1.568627450980392135e-01
1.005424484064652933e-03,9.411764705882352811e-01,-7.843137254901960675e-02
1.005426484064596369e-03,8.627450980392157298e-01,0.000000000000000000e+00
1.005428484064539805e-03,9.019607843137255054e-01,3.921568627450980338e-02
1.005430484064483241e-03,9.019607843137255054e-01,-3.921568627450980338e-02
1.005432484064426677e-03,9.411764705882352811e-01,7.843137254901960675e-02
1.005434484064370113e-03,8.627450980392157298e-01,-3.921568627450980338e-02
1.005436484064313549e-03,8.627450980392157298e-01,3.921568627450980338e-02
1.005438484064256986e-03,9.019607843137255054e-01,3.921568627450980338e-02
1.005440484064200422e-03,9.411764705882352811e-01,-7.843137254901960675e-02
1.005442484064143858e-03,8.627450980392157298e-01,7.843137254901960675e-02
1.005444484064087294e-03,9.019607843137255054e-01,-1.568627450980392135e-01
1.005446484064030730e-03,9.019607843137255054e-01,3.921568627450980338e-02
1.005448484063974166e-03,9.411764705882352811e-01,3.921568627450980338e-02
1.005450484063917602e-03,8.627450980392157298e-01,-7.843137254901960675e-02
1.005452484063861038e-03,8.235294117647058432e-01,7.843137254901960675e-02
1.005454484063804475e-03,9.019607843137255054e-01,-3.921568627450980338e-02
1.005456484063747911e-03,9.411764705882352811e-01,0.000000000000000000e+00
1.005458484063691347e-03,8.627450980392157298e-01,7.843137254901960675e-02
1.005460484063634783e-03,8.627450980392157298e-01,-1.568627450980392135e-01
1.005462484063578219e-03,9.019607843137255054e-01,7.843137254901960675e-02
1.005464484063521655e-03,9.411764705882352811e-01,-3.921568627450980338e-02
1.005466484063465091e-03,8.627450980392157298e-01,-3.921568627450980338e-02
1.005468484063408528e-03,8.627450980392157298e-01,3.921568627450980338e-02
1.005470484063351964e-03,9.019607843137255054e-01,0.000000000000000000e+00
1.005472484063295400e-03,9.411764705882352811e-01,3.921568627450980338e-02
1.005474484063238836e-03,8.627450980392157298e-01,0.000000000000000000e+00
1.005476484063182272e-03,8.627450980392157298e-01,3.921568627450980338e-02
1.005478484063125708e-03,8.627450980392157298e-01,3.921568627450980338e-02
1.005480484063069144e-03,9.411764705882352811e-01,-7.843137254901960675e-02
1.005482484063012581e-03,8.627450980392157298e-01,7.843137254901960675e-02
1.005484484062956017e-03,9.019607843137255054e-01,0.000000000000000000e+00
1.005486484062899453e-03,9.019607843137255054e-01,7.843137254901960675e-02
1.005488484062842889e-03,9.019607843137255054e-01,3.921568627450980338e-02
1.005490484062786325e-03,8.627450980392157298e-01,-3.921568627450980338e-02
1.005492484062729761e-03,9.019607843137255054e-01,7.843137254901960675e-02
1.005494484062673197e-03,9.019607843137255054e-01,0.000000000000000000e+00
1.005496484062616633e-03,9.411764705882352811e-01,-3.921568627450980338e-02
1.005498484062560070e-03,8.627450980392157298e-01,7.843137254901960675e-02
1.005500484062503506e-03,9.019607843137255054e-01,-1.568627450980392135e-01
1.005502484062446942e-03,9.019607843137255054e-01,1.176470588235294101e-01
1.005504484062390378e-03,9.411764705882352811e-01,-7.843137254901960675e-02
1.005506484062333814e-03,8.627450980392157298e-01,0.000000000000000000e+00
1.005508484062277250e-03,8.627450980392157298e-01,3.921568627450980338e-02
1.005510484062220686e-03,9.019607843137255054e-01,-3.921568627450980338e-02
1.005512484062164123e-03,9.411764705882352811e-01,7.843137254901960675e-02
1.005514484062107559e-03,8.627450980392157298e-01,-3.921568627450980338e-02
1.005516484062050995e-03,9.019607843137255054e-01,0.000000000000000000e+00
1.005518484061994431e-03,9.019607843137255054e-01,0.000000000000000000e+00
1.005520484061937867e-03,9.411764705882352811e-01,-7.843137254901960675e-02
1.005522484061881303e-03,8.627450980392157298e-01,7.843137254901960675e-02
1.005524484061824739e-03,8.627450980392157298e-01,0.000000000000000000e+00
1.005526484061768176e-03,9.019607843137255054e-01,3.921568627450980338e-02
1.005528484061711612e-03,9.411764705882352811e-01,7.843137254901960675e-02
1.005530484061655048e-03,8.627450980392157298e-01,-7.843137254901960675e-02
1.005532484061598484e-03,9.019607843137255054e-01,7.843137254901960675e-02
1.005534484061541920e-03,9.411764705882352811e-01,0.000000000000000000e+00
1.005536484061485356e-03,9.411764705882352811e-01,0.000000000000000000e+00
1.005538484061428792e-03,8.627450980392157298e-01,7.843137254901960675e-02
1.005540484061372229e-03,9.411764705882352811e-01,-7.843137254901960675e-02
1.005542484061315665e-03,9.019607843137255054e-01,1.176470588235294101e-01
1.005544484061259101e-03,9.411764705882352811e-01,0.000000000000000000e+00
1.005546484061202537e-03,8.627450980392157298e-01,0.000000000000000000e+00
1.005548484061145973e-03,9.019607843137255054e-01,3.921568627450980338e-02
1.005550484061089409e-03,9.019607843137255054e-01,0.000000000000000000e+00
1.005552484061032845e-03,9.411764705882352811e-01,3.921568627450980338e-02
1.005554484060976281e-03,8.627450980392157298e-01,0.000000000000000000e+00
1.005556484060919718e-03,9.019607843137255054e-01,0.000000000000000000e+00
1.005558484060863154e-03,9.019607843137255054e-01,7.843137254901960675e-02
1.005560484060806590e-03,9.411764705882352811e-01,-3.921568627450980338e-02
1.005562484060750026e-03,8.627450980392157298e-01,7.843137254901960675e-02
1.005564484060693462e-03,8.627450980392157298e-01,0.000000000000000000e+00
1.005566484060636898e-03,9.019607843137255054e-01,7.843137254901960675e-02
1.005568484060580334e-03,9.411764705882352811e-01,7.843137254901960675e-02
1.005570484060523771e-03,8.235294117647058432e-01,-7.843137254901960675e-02
1.005572484060467207e-03,9.019607843137255054e-01,1.176470588235294101e-01
1.005574484060410643e-03,9.019607843137255054e-01,0.000000000000000000e+00
1.005576484060354079e-03,9.411764705882352811e-01,0.000000000000000000e+00
1.005578484060297515e-03,8.627450980392157298e-01,7.843137254901960675e-02
1.005580484060240951e-03,9.019607843137255054e-01,-7.843137254901960675e-02
1.005582484060184387e-03,9.411764705882352811e-01,1.176470588235294101e-01
1.005584484060127824e-03,9.411764705882352811e-01,-3.921568627450980338e-02
1.005586484060071260e-03,8.627450980392157298e-01,0.000000000000000000e+00
1.005588484060014696e-03,8.627450980392157298e-01,7.843137254901960675e-02
1.005590484059958132e-03,9.411764705882352811e-01,-3.921568627450980338e-02
1.005592484059901568e-03,9.411764705882352811e-01,3.921568627450980338e-02
1.005594484059845004e-03,8.627450980392157298e-01,-3.921568627450980338e-02
1.005596484059788440e-03,9.019607843137255054e-01,0.000000000000000000e+00
1.005598484059731876e-03,9.019607843137255054e-01,3.921568627450980338e-02
1.005600484059675313e-03,9.411764705882352811e-01,-7.843137254901960675e-02
1.005602484059618749e-03,8.627450980392157298e-01,7.843137254901960675e-02
1.005604484059562185e-03,9.019607843137255054e-01,0.000000000000000000e+00
1.005606484059505621e-03,9.019607843137255054e-01,3.921568627450980338e-02
1.005608484059449057e-03,9.411764705882352811e-01,3.921568627450980338e-02
1.005610484059392493e-03,8.627450980392157298e-01,-7.843137254901960675e-02
1.005612484059335929e-03,8.627450980392157298e-01,1.176470588235294101e-01
1.005614484059279366e-03,8.627450980392157298e-01,0.000000000000000000e+00
1.005616484059222802e-03,9.411764705882352811e-01,0.000000000000000000e+00
1.005618484059166238e-03,8.235294117647058432e-01,3.921568627450980338e-02
1.005620484059109674e-03,8.627450980392157298e-01,-1.568627450980392135e-01
1.005622484059053110e-03,8.627450980392157298e-01,1.176470588235294101e-01
1.005624484058996546e-03,9.411764705882352811e-01,0.000000000000000000e+00
1.005626484058939982e-03,8.627450980392157298e-01,0.000000000000000000e+00
1.005628484058883419e-03,8.627450980392157298e-01,7.843137254901960675e-02
1.005630484058826855e-03,9.411764705882352811e-01,0.000000000000000000e+00
1.005632484058770291e-03,9.411764705882352811e-01,3.921568627450980338e-02
1.005634484058713727e-03,8.627450980392157298e-01,0.000000000000000000e+00
1.005636484058657163e-03,8.627450980392157298e-01,0.000000000000000000e+00
1.005638484058600599e-03,9.019607843137255054e-01,3.921568627450980338e-02
1.005640484058544035e-03,9.411764705882352811e-01,-7.843137254901960675e-02
1.005642484058487472e-03,8.627450980392157298e-01,7.843137254901960675e-02
1.005644484058430908e-03,9.019607843137255054e-01,0.000000000000000000e+00
1.005646484058374344e-03,9.019607843137255054e-01,7.843137254901960675e-02
1.005648484058317780e-03,9.019607843137255054e-01,3.921568627450980338e-02
1.005650484058261216e-03,8.235294117647058432e-01,-7.843137254901960675e-02
1.005652484058204652e-03,8.627450980392157298e-01,3.921568627450980338e-02
1.005654484058148088e-03,9.019607843137255054e-01,0.000000000000000000e+00
1.005656484058091524e-03,9.019607843137255054e-01,0.000000000000000000e+00
1.005658484058034961e-03,8.235294117647058432e-01,3.921568627450980338e-02
1.005660484057978397e-03,9.019607843137255054e-01,-1.568627450980392135e-01
1.005662484057921833e-03,9.019607843137255054e-01,1.176470588235294101e-01
1.005664484057865269e-03,9.411764705882352811e-01,0.000000000000000000e+00
1.005666484057808705e-03,8.235294117647058432e-01,0.000000000000000000e+00
1.005668484057752141e-03,9.019607843137255054e-01,7.843137254901960675e-02
1.005670484057695577e-03,9.411764705882352811e-01,-3.921568627450980338e-02
1.005672484057639014e-03,9.411764705882352811e-01,7.843137254901960675e-02
1.005674484057582450e-03,8.235294117647058432e-01,0.000000000000000000e+00
1.005676484057525886e-03,8.235294117647058432e-01,0.000000000000000000e+00
1.005678484057469322e-03,9.019607843137255054e-01,3.921568627450980338e-02
1.005680484057412758e-03,9.411764705882352811e-01,-3.921568627450980338e-02
1.005682484057356194e-03,8.627450980392157298e-01,7.843137254901960675e-02
1.005684484057299630e-03,8.627450980392157298e-01,-7.843137254901960675e-02
1.005686484057243067e-03,8.627450980392157298e-01,3.921568627450980338e-02
1.005688484057186503e-03,9.019607843137255054e-01,3.921568627450980338e-02
1.005690484057129939e-03,9.019607843137255054e-01,-7.843137254901960675e-02
1.005692484057073375e-03,8.627450980392157298e-01,3.921568627450980338e-02
1.005694484057016811e-03,9.019607843137255054e-01,0.000000000000000000e+00
1.005696484056960247e-03,9.411764705882352811e-01,0.000000000000000000e+00
1.005698484056903683e-03,8.627450980392157298e-01,7.843137254901960675e-02
1.005700484056847119e-03,9.019607843137255054e-01,-3.921568627450980338e-02
1.005702484056790556e-03,8.627450980392157298e-01,1.176470588235294101e-01
1.005704484056733992e-03,9.411764705882352811e-01,0.000000000000000000e+00
1.005706484056677428e-03,8.235294117647058432e-01,-3.921568627450980338e-02
1.005708484056620864e-03,9.411764705882352811e-01,3.921568627450980338e-02
1.005710484056564300e-03,9.019607843137255054e-01,-3.921568627450980338e-02
1.005712484056507736e-03,9.019607843137255054e-01,7.843137254901960675e-02
1.005714484056451172e-03,8.627450980392157298e-01,-3.921568627450980338e-02
1.005716484056394609e-03,9.019607843137255054e-01,3.921568627450980338e-02
1.005718484056338045e-03,9.411764705882352811e-01,3.921568627450980338e-02
1.005720484056281481e-03,9.803921568627450567e-01,-7.843137254901960675e-02
1.005722484056224917e-03,8.235294117647058432e-01,3.921568627450980338e-02
1.005724484056168353e-03,8.627450980392157298e-01,0.000000000000000000e+00
1.005726484056111789e-03,9.019607843137255054e-01,7.843137254901960675e-02
1.005728484056055225e-03,9.411764705882352811e-01,7.843137254901960675e-02
1.005730484055998662e-03,8.627450980392157298e-01,-3.921568627450980338e-02
1.005732484055942098e-03,8.627450980392157298e-01,3.921568627450980338e-02
1.005734484055885534e-03,9.019607843137255054e-01,0.000000000000000000e+00
1.005736484055828970e-03,9.411764705882352811e-01,0.000000000000000000e+00
1.005738484055772406e-03,8.235294117647058432e-01,7.843137254901960675e-02
1.005740484055715842e-03,9.019607843137255054e-01,-7.843137254901960675e-02
1.005742484055659278e-03,9.019607843137255054e-01,1.176470588235294101e-01
1.005744484055602714e-03,9.019607843137255054e-01,-7.843137254901960675e-02
1.005746484055546151e-03,8.627450980392157298e-01,0.000000000000000000e+00
1.005748484055489587e-03,8.235294117647058432e-01,7.843137254901960675e-02
1.005750484055433023e-03,9.411764705882352811e-01,-3.921568627450980338e-02
1.005752484055376459e-03,9.411764705882352811e-01,7.843137254901960675e-02
1.005754484055319895e-03,8.627450980392157298e-01,-3.921568627450980338e-02
1.005756484055263331e-03,9.019607843137255054e-01,3.921568627450980338e-02
1.005758484055206767e-03,9.019607843137255054e-01,3.921568627450980338e-02
1.005760484055150204e-03,9.411764705882352811e-01,-3.921568627450980338e-02
1.005762484055093640e-03,8.627450980392157298e-01,3.921568627450980338e-02
1.005764484055037076e-03,9.019607843137255054e-01,-7.843137254901960675e-02
1.005766484054980512e-03,8.627450980392157298e-01,7.843137254901960675e-02
1.005768484054923948e-03,9.019607843137255054e-01,3.921568627450980338e-02
1.005770484054867384e-03,8.627450980392157298e-01,-7.843137254901960675e-02
1.005772484054810820e-03,9.019607843137255054e-01,1.176470588235294101e-01
1.005774484054754257e-03,9.019607843137255054e-01,-3.921568627450980338e-02
1.005776484054697693e-03,9.411764705882352811e-01,0.000000000000000000e+00
1.005778484054641129e-03,8.627450980392157298e-01,3.921568627450980338e-02
1.005780484054584565e-03,8.627450980392157298e-01,-1.568627450980392135e-01
1.005782484054528001e-03,8.627450980392157298e-01,1.176470588235294101e-01
1.005784484054471437e-03,9.019607843137255054e-01,0.000000000000000000e+00
1.005786484054414873e-03,8.235294117647058432e-01,0.000000000000000000e+00
1.005788484054358310e-03,9.019607843137255054e-01,7.843137254901960675e-02
1.005790484054301746e-03,9.019607843137255054e-01,0.000000000000000000e+00
1.005792484054245182e-03,9.411764705882352811e-01,7.843137254901960675e-02
1.005794484054188618e-03,8.627450980392157298e-01,0.000000000000000000e+00
1.005796484054132054e-03,9.019607843137255054e-01,0.000000000000000000e+00
1.005798484054075490e-03,9.019607843137255054e-01,-3.921568627450980338e-02
1.005800484054018926e-03,9.411764705882352811e-01,0.000000000000000000e+00
1.005802484053962362e-03,8.627450980392157298e-01,1.568627450980392135e-01
1.005804484053905799e-03,8.627450980392157298e-01,7.843137254901960675e-02
1.005806484053849235e-03,9.019607843137255054e-01,1.568627450980392135e-01
1.005808484053792671e-03,9.411764705882352811e-01,0.000000000000000000e+00
1.005810484053736107e-03,8.627450980392157298e-01,-2.745098039215686514e-01
1.005812484053679543e-03,8.235294117647058432e-01,-7.843137254901960675e-02
1.005814484053622979e-03,9.019607843137255054e-01,-3.921568627450980338e-02
1.005816484053566415e-03,9.411764705882352811e-01,7.843137254901960675e-02
1.005818484053509852e-03,8.235294117647058432e-01,1.568627450980392135e-01
1.005820484053453288e-03,9.019607843137255054e-01,0.000000000000000000e+00
1.005822484053396724e-03,9.411764705882352811e-01,7.843137254901960675e-02
1.005824484053340160e-03,9.411764705882352811e-01,0.000000000000000000e+00
1.005826484053283596e-03,8.627450980392157298e-01,0.000000000000000000e+00
1.005828484053227032e-03,8.627450980392157298e-01,7.843137254901960675e-02
1.005830484053170468e-03,9.019607843137255054e-01,0.000000000000000000e+00
1.005832484053113905e-03,9.019607843137255054e-01,7.843137254901960675e-02
1.005834484053057341e-03,8.627450980392157298e-01,-3.921568627450980338e-02
1.005836484053000777e-03,8.235294117647058432e-01,3.921568627450980338e-02
1.005838484052944213e-03,9.019607843137255054e-01,7.843137254901960675e-02
1.005840484052887649e-03,9.411764705882352811e-01,-7.843137254901960675e-02
1.005842484052831085e-03,8.627450980392157298e-01,7.843137254901960675e-02
1.005844484052774521e-03,8.627450980392157298e-01,-3.921568627450980338e-02
1.005846484052717957e-03,9.019607843137255054e-01,3.921568627450980338e-02
1.005848484052661394e-03,9.411764705882352811e-01,3.921568627450980338e-02
1.005850484052604830e-03,8.627450980392157298e-01,-7.843137254901960675e-02
1.005852484052548266e-03,9.019607843137255054e-01,7.843137254901960675e-02
1.005854484052491702e-03,8.627450980392157298e-01,0.000000000000000000e+00
1.005856484052435138e-03,9.411764705882352811e-01,-3.921568627450980338e-02
1.005858484052378574e-03,8.235294117647058432e-01,3.921568627450980338e-02
1.005860484052322010e-03,9.019607843137255054e-01,0.000000000000000000e+00
1.005862484052265447e-03,9.019607843137255054e-01,7.843137254901960675e-02
1.005864484052208883e-03,9.411764705882352811e-01,0.000000000000000000e+00
1.005866484052152319e-03,8.235294117647058432e-01,-3.921568627450980338e-02
1.005868484052095755e-03,8.627450980392157298e-01,3.921568627450980338e-02
1.005870484052039191e-03,9.411764705882352811e-01,0.000000000000000000e+00
1.005872484051982627e-03,9.411764705882352811e-01,7.843137254901960675e-02
1.005874484051926063e-03,8.627450980392157298e-01,0.000000000000000000e+00
1.005876484051869500e-03,9.411764705882352811e-01,3.921568627450980338e-02
1.005878484051812936e-03,9.411764705882352811e-01,7.843137254901960675e-02
1.005880484051756372e-03,9.411764705882352811e-01,-3.921568627450980338e-02
1.005882484051699808e-03,8.627450980392157298e-01,7.843137254901960675e-02
1.005884484051643244e-03,8.627450980392157298e-01,0.000000000000000000e+00
1.005886484051586680e-03,9.019607843137255054e-01,7.843137254901960675e-02
1.005888484051530116e-03,9.411764705882352811e-01,7.843137254901960675e-02
1.005890484051473553e-03,8.235294117647058432e-01,-7.843137254901960675e-02
1.005892484051416989e-03,9.019607843137255054e-01,3.921568627450980338e-02
1.005894484051360425e-03,9.019607843137255054e-01,0.000000000000000000e+00
1.005896484051303861e-03,9.411764705882352811e-01,0.000000000000000000e+00
1.005898484051247297e-03,8.627450980392157298e-01,7.843137254901960675e-02
1.005900484051190733e-03,8.627450980392157298e-01,-7.843137254901960675e-02
1.005902484051134169e-03,8.627450980392157298e-01,1.568627450980392135e-01
1.005904484051077605e-03,9.411764705882352811e-01,-7.843137254901960675e-02
1.005906484051021042e-03,8.235294117647058432e-01,0.000000000000000000e+00
1.005908484050964478e-03,9.019607843137255054e-01,3.921568627450980338e-02
1.005910484050907914e-03,9.411764705882352811e-01,-3.921568627450980338e-02
1.005912484050851350e-03,9.411764705882352811e-01,7.843137254901960675e-02
1.005914484050794786e-03,8.627450980392157298e-01,-3.921568627450980338e-02
1.005916484050738222e-03,8.627450980392157298e-01,3.921568627450980338e-02
1.005918484050681658e-03,9.019607843137255054e-01,3.921568627450980338e-02
1.005920484050625095e-03,9.411764705882352811e-01,-7.843137254901960675e-02
1.005922484050568531e-03,8.627450980392157298e-01,3.921568627450980338e-02
1.005924484050511967e-03,9.019607843137255054e-01,0.000000000000000000e+00
1.005926484050455403e-03,9.019607843137255054e-01,7.843137254901960675e-02
1.005928484050398839e-03,9.411764705882352811e-01,7.843137254901960675e-02
1.005930484050342275e-03,8.627450980392157298e-01,-7.843137254901960675e-02
1.005932484050285711e-03,8.235294117647058432e-01,1.176470588235294101e-01
1.005934484050229148e-03,8.627450980392157298e-01,0.000000000000000000e+00
1.005936484050172584e-03,9.019607843137255054e-01,0.000000000000000000e+00
1.005938484050116020e-03,8.235294117647058432e-01,3.921568627450980338e-02
1.005940484050059456e-03,9.019607843137255054e-01,-1.568627450980392135e-01
1.005942484050002892e-03,8.627450980392157298e-01,7.843137254901960675e-02
1.005944484049946328e-03,9.411764705882352811e-01,0.000000000000000000e+00
1.005946484049889764e-03,8.235294117647058432e-01,-3.921568627450980338e-02
1.005948484049833200e-03,9.019607843137255054e-01,7.843137254901960675e-02
1.005950484049776637e-03,9.019607843137255054e-01,0.000000000000000000e+00
1.005952484049720073e-03,9.019607843137255054e-01,7.843137254901960675e-02
1.005954484049663509e-03,8.235294117647058432e-01,-3.921568627450980338e-02
1.005956484049606945e-03,8.627450980392157298e-01,3.921568627450980338e-02
1.005958484049550381e-03,9.019607843137255054e-01,3.921568627450980338e-02
1.005960484049493817e-03,9.411764705882352811e-01,-3.921568627450980338e-02
1.005962484049437253e-03,8.235294117647058432e-01,7.843137254901960675e-02
1.005964484049380690e-03,8.627450980392157298e-01,0.000000000000000000e+00
1.005966484049324126e-03,9.019607843137255054e-01,7.843137254901960675e-02
1.005968484049267562e-03,9.411764705882352811e-01,3.921568627450980338e-02
1.005970484049210998e-03,8.627450980392157298e-01,-3.921568627450980338e-02
1.005972484049154434e-03,8.627450980392157298e-01,7.843137254901960675e-02
1.005974484049097870e-03,9.019607843137255054e-01,0.000000000000000000e+00
1.005976484049041306e-03,9.411764705882352811e-01,0.000000000000000000e+00
1.005978484048984743e-03,8.627450980392157298e-01,7.843137254901960675e-02
1.005980484048928179e-03,9.019607843137255054e-01,-1.568627450980392135e-01
1.005982484048871615e-03,8.627450980392157298e-01,1.568627450980392135e-01
1.005984484048815051e-03,9.411764705882352811e-01,-3.921568627450980338e-02
1.005986484048758487e-03,8.235294117647058432e-01,0.000000000000000000e+00
1.005988484048701923e-03,8.235294117647058432e-01,7.843137254901960675e-02
1.005990484048645359e-03,9.019607843137255054e-01,-3.921568627450980338e-02
1.005992484048588795e-03,9.411764705882352811e-01,7.843137254901960675e-02
1.005994484048532232e-03,8.627450980392157298e-01,-3.921568627450980338e-02
1.005996484048475668e-03,8.627450980392157298e-01,3.921568627450980338e-02
1.005998484048419104e-03,8.627450980392157298e-01,3.921568627450980338e-02
1.006000484048362540e-03,9.411764705882352811e-01,-3.921568627450980338e-02
1.006002484048305976e-03,8.235294117647058432e-01,7.843137254901960675e-02
1.006004484048249412e-03,8.235294117647058432e-01,0.000000000000000000e+00
1.006006484048192848e-03,9.019607843137255054e-01,7.843137254901960675e-02
1.006008484048136285e-03,9.411764705882352811e-01,3.921568627450980338e-02
1.006010484048079721e-03,8.627450980392157298e-01,-7.843137254901960675e-02
1.006012484048023157e-03,8.627450980392157298e-01,3.921568627450980338e-02
1.006014484047966593e-03,9.019607843137255054e-01,0.000000000000000000e+00
1.006016484047910029e-03,9.411764705882352811e-01,0.000000000000000000e+00
1.006018484047853465e-03,8.627450980392157298e-01,3.921568627450980338e-02
1.006020484047796901e-03,9.411764705882352811e-01,-1.568627450980392135e-01
1.006022484047740338e-03,9.019607843137255054e-01,7.843137254901960675e-02
1.006024484047683774e-03,9.411764705882352811e-01,0.000000000000000000e+00
1.006026484047627210e-03,8.627450980392157298e-01,0.000000000000000000e+00
1.006028484047570646e-03,9.019607843137255054e-01,3.921568627450980338e-02
1.006030484047514082e-03,9.411764705882352811e-01,0.000000000000000000e+00
1.006032484047457518e-03,9.411764705882352811e-01,3.921568627450980338e-02
1.006034484047400954e-03,8.627450980392157298e-01,0.000000000000000000e+00
1.006036484047344391e-03,9.019607843137255054e-01,0.000000000000000000e+00
1.006038484047287827e-03,9.019607843137255054e-01,0.000000000000000000e+00
1.006040484047231263e-03,9.411764705882352811e-01,-3.921568627450980338e-02
1.006042484047174699e-03,8.235294117647058432e-01,7.843137254901960675e-02
1.006044484047118135e-03,8.627450980392157298e-01,0.000000000000000000e+00
1.006046484047061571e-03,9.019607843137255054e-01,7.843137254901960675e-02
1.006048484047005007e-03,9.411764705882352811e-01,3.921568627450980338e-02
1.006050484046948443e-03,8.627450980392157298e-01,-7.843137254901960675e-02
1.006052484046891880e-03,8.627450980392157298e-01,7.843137254901960675e-02
1.006054484046835316e-03,9.019607843137255054e-01,0.000000000000000000e+00
1.006056484046778752e-03,9.019607843137255054e-01,0.000000000000000000e+00
1.006058484046722188e-03,8.627450980392157298e-01,7.843137254901960675e-02
1.006060484046665624e-03,9.019607843137255054e-01,-3.921568627450980338e-02
1.006062484046609060e-03,9.019607843137255054e-01,1.176470588235294101e-01
1.006064484046552496e-03,9.411764705882352811e-01,0.000000000000000000e+00
1.006066484046495933e-03,8.627450980392157298e-01,0.000000000000000000e+00
1.006068484046439369e-03,9.019607843137255054e-01,7.843137254901960675e-02
1.006070484046382805e-03,9.411764705882352811e-01,-7.843137254901960675e-02
1.006072484046326241e-03,9.411764705882352811e-01,3.921568627450980338e-02
1.006074484046269677e-03,8.235294117647058432e-01,0.000000000000000000e+00
1.006076484046213113e-03,9.019607843137255054e-01,0.000000000000000000e+00
1.006078484046156549e-03,9.019607843137255054e-01,7.843137254901960675e-02
1.006080484046099986e-03,9.411764705882352811e-01,-3.921568627450980338e-02
1.006082484046043422e-03,8.627450980392157298e-01,7.843137254901960675e-02
1.006084484045986858e-03,8.627450980392157298e-01,0.000000000000000000e+00
1.006086484045930294e-03,9.019607843137255054e-01,7.843137254901960675e-02
1.006088484045873730e-03,9.411764705882352811e-01,3.921568627450980338e-02
1.006090484045817166e-03,9.019607843137255054e-01,-7.843137254901960675e-02
1.006092484045760602e-03,8.627450980392157298e-01,7.843137254901960675e-02
1.006094484045704038e-03,9.019607843137255054e-01,0.000000000000000000e+00
1.006096484045647475e-03,9.411764705882352811e-01,0.000000000000000000e+00
1.006098484045590911e-03,8.627450980392157298e-01,7.843137254901960675e-02
1.006100484045534347e-03,8.627450980392157298e-01,-7.843137254901960675e-02
1.006102484045477783e-03,8.627450980392157298e-01,1.176470588235294101e-01
1.006104484045421219e-03,9.411764705882352811e-01,0.000000000000000000e+00
1.006106484045364655e-03,8.627450980392157298e-01,0.000000000000000000e+00
1.006108484045308091e-03,9.019607843137255054e-01,7.843137254901960675e-02
1.006110484045251528e-03,9.019607843137255054e-01,-3.921568627450980338e-02
1.006112484045194964e-03,9.411764705882352811e-01,7.843137254901960675e-02
1.006114484045138400e-03,8.627450980392157298e-01,0.000000000000000000e+00
1.006116484045081836e-03,8.627450980392157298e-01,0.000000000000000000e+00
1.006118484045025272e-03,9.019607843137255054e-01,7.843137254901960675e-02
1.006120484044968708e-03,9.411764705882352811e-01,-3.921568627450980338e-02
1.006122484044912144e-03,8.627450980392157298e-01,1.176470588235294101e-01
1.006124484044855581e-03,9.019607843137255054e-01,0.000000000000000000e+00
1.006126484044799017e-03,8.627450980392157298e-01,7.843137254901960675e-02
1.006128484044742453e-03,9.019607843137255054e-01,7.843137254901960675e-02
1.006130484044685889e-03,8.627450980392157298e-01,-3.921568627450980338e-02
1.006132484044629325e-03,8.235294117647058432e-01,7.843137254901960675e-02
1.006134484044572761e-03,8.627450980392157298e-01,-3.921568627450980338e-02
1.006136484044516197e-03,9.019607843137255054e-01,0.000000000000000000e+00
1.006138484044459633e-03,8.235294117647058432e-01,7.843137254901960675e-02
1.006140484044403070e-03,9.019607843137255054e-01,-7.843137254901960675e-02
1.006142484044346506e-03,9.019607843137255054e-01,1.176470588235294101e-01
1.006144484044289942e-03,9.411764705882352811e-01,0.000000000000000000e+00
1.006146484044233378e-03,8.627450980392157298e-01,-3.921568627450980338e-02
1.006148484044176814e-03,9.019607843137255054e-01,7.843137254901960675e-02
1.006150484044120250e-03,8.627450980392157298e-01,-3.921568627450980338e-02
1.006152484044063686e-03,9.019607843137255054e-01,7.843137254901960675e-02
1.006154484044007123e-03,8.627450980392157298e-01,0.000000000000000000e+00
1.006156484043950559e-03,8.627450980392157298e-01,3.921568627450980338e-02
1.006158484043893995e-03,9.411764705882352811e-01,7.843137254901960675e-02
1.006160484043837431e-03,9.411764705882352811e-01,-7.843137254901960675e-02
1.006162484043780867e-03,8.235294117647058432e-01,7.843137254901960675e-02
1.006164484043724303e-03,9.019607843137255054e-01,0.000000000000000000e+00
1.006166484043667739e-03,9.019607843137255054e-01,7.843137254901960675e-02
1.006168484043611176e-03,9.019607843137255054e-01,3.921568627450980338e-02
1.006170484043554612e-03,8.627450980392157298e-01,-7.843137254901960675e-02
1.006172484043498048e-03,8.235294117647058432e-01,1.176470588235294101e-01
1.006174484043441484e-03,9.019607843137255054e-01,0.000000000000000000e+00
1.006176484043384920e-03,9.411764705882352811e-01,0.000000000000000000e+00
1.006178484043328356e-03,8.627450980392157298e-01,3.921568627450980338e-02
1.006180484043271792e-03,9.019607843137255054e-01,-1.568627450980392135e-01
1.006182484043215229e-03,9.019607843137255054e-01,1.568627450980392135e-01
1.006184484043158665e-03,9.411764705882352811e-01,-3.921568627450980338e-02
1.006186484043102101e-03,8.235294117647058432e-01,0.000000000000000000e+00
1.006188484043045537e-03,8.627450980392157298e-01,3.921568627450980338e-02
1.006190484042988973e-03,9.019607843137255054e-01,-3.921568627450980338e-02
1.006192484042932409e-03,9.411764705882352811e-01,7.843137254901960675e-02
1.006194484042875845e-03,8.627450980392157298e-01,-3.921568627450980338e-02
1.006196484042819281e-03,9.019607843137255054e-01,3.921568627450980338e-02
1.006198484042762718e-03,9.019607843137255054e-01,7.843137254901960675e-02
1.006200484042706154e-03,9.411764705882352811e-01,-7.843137254901960675e-02
1.006202484042649590e-03,8.235294117647058432e-01,3.921568627450980338e-02
1.006204484042593026e-03,9.019607843137255054e-01,0.000000000000000000e+00
1.006206484042536462e-03,9.019607843137255054e-01,1.176470588235294101e-01
1.006208484042479898e-03,9.411764705882352811e-01,0.000000000000000000e+00
1.006210484042423334e-03,8.627450980392157298e-01,-7.843137254901960675e-02
1.006212484042366771e-03,8.627450980392157298e-01,7.843137254901960675e-02
1.006214484042310207e-03,9.411764705882352811e-01,0.000000000000000000e+00
1.006216484042253643e-03,9.411764705882352811e-01,0.000000000000000000e+00
1.006218484042197079e-03,8.627450980392157298e-01,7.843137254901960675e-02
1.006220484042140515e-03,9.019607843137255054e-01,-1.568627450980392135e-01
1.006222484042083951e-03,9.019607843137255054e-01,7.843137254901960675e-02
1.006224484042027387e-03,9.411764705882352811e-01,-3.921568627450980338e-02
1.006226484041970824e-03,8.235294117647058432e-01,-3.921568627450980338e-02
1.006228484041914260e-03,9.019607843137255054e-01,7.843137254901960675e-02
1.006230484041857696e-03,9.019607843137255054e-01,0.000000000000000000e+00
1.006232484041801132e-03,9.411764705882352811e-01,3.921568627450980338e-02
1.006234484041744568e-03,8.627450980392157298e-01,0.000000000000000000e+00
1.006236484041688004e-03,9.019607843137255054e-01,0.000000000000000000e+00
1.006238484041631440e-03,9.019607843137255054e-01,3.921568627450980338e-02
1.006240484041574876e-03,9.411764705882352811e-01,0.000000000000000000e+00
1.006242484041518313e-03,8.627450980392157298e-01,7.843137254901960675e-02
1.006244484041461749e-03,9.019607843137255054e-01,0.000000000000000000e+00
1.006246484041405185e-03,9.019607843137255054e-01,7.843137254901960675e-02
1.006248484041348621e-03,9.411764705882352811e-01,3.921568627450980338e-02
1.006250484041292057e-03,8.235294117647058432e-01,-7.843137254901960675e-02
1.006252484041235493e-03,8.235294117647058432e-01,3.921568627450980338e-02
1.006254484041178929e-03,9.019607843137255054e-01,-3.921568627450980338e-02
1.006256484041122366e-03,9.411764705882352811e-01,-7.843137254901960675e-02
1.006258484041065802e-03,8.235294117647058432e-01,7.843137254901960675e-02
1.006260484041009238e-03,9.019607843137255054e-01,-1.568627450980392135e-01
1.006262484040952674e-03,8.627450980392157298e-01,1.568627450980392135e-01
1.006264484040896110e-03,9.411764705882352811e-01,-7.843137254901960675e-02
1.006266484040839546e-03,8.627450980392157298e-01,0.000000000000000000e+00
1.006268484040782982e-03,8.627450980392157298e-01,7.843137254901960675e-02
1.006270484040726419e-03,9.019607843137255054e-01,-3.921568627450980338e-02
1.006272484040669855e-03,9.019607843137255054e-01,7.843137254901960675e-02
1.006274484040613291e-03,8.627450980392157298e-01,-3.921568627450980338e-02
1.006276484040556727e-03,8.627450980392157298e-01,0.000000000000000000e+00
1.006278484040500163e-03,9.019607843137255054e-01,3.921568627450980338e-02
1.006280484040443599e-03,9.411764705882352811e-01,-7.843137254901960675e-02
1.006282484040387035e-03,8.627450980392157298e-01,7.843137254901960675e-02
1.006284484040330472e-03,9.019607843137255054e-01,0.000000000000000000e+00
1.006286484040273908e-03,8.627450980392157298e-01,7.843137254901960675e-02
1.006288484040217344e-03,9.411764705882352811e-01,3.921568627450980338e-02
1.006290484040160780e-03,8.627450980392157298e-01,-7.843137254901960675e-02
1.006292484040104216e-03,8.235294117647058432e-01,3.921568627450980338e-02
1.006294484040047652e-03,9.019607843137255054e-01,-3.921568627450980338e-02
1.006296484039991088e-03,9.019607843137255054e-01,0.000000000000000000e+00
1.006298484039934524e-03,8.235294117647058432e-01,7.843137254901960675e-02
1.006300484039877961e-03,9.019607843137255054e-01,-1.568627450980392135e-01
1.006302484039821397e-03,9.019607843137255054e-01,1.568627450980392135e-01
1.006304484039764833e-03,9.019607843137255054e-01,0.000000000000000000e+00
1.006306484039708269e-03,8.627450980392157298e-01,0.000000000000000000e+00
1.006308484039651705e-03,8.627450980392157298e-01,3.921568627450980338e-02
1.006310484039595141e-03,8.627450980392157298e-01,0.000000000000000000e+00
1.006312484039538577e-03,9.019607843137255054e-01,3.921568627450980338e-02
1.006314484039482014e-03,8.627450980392157298e-01,0.000000000000000000e+00
1.006316484039425450e-03,9.019607843137255054e-01,3.921568627450980338e-02
1.006318484039368886e-03,8.627450980392157298e-01,3.921568627450980338e-02
1.006320484039312322e-03,9.411764705882352811e-01,-3.921568627450980338e-02
1.006322484039255758e-03,8.627450980392157298e-01,7.843137254901960675e-02
1.006324484039199194e-03,9.019607843137255054e-01,0.000000000000000000e+00
1.006326484039142630e-03,9.019607843137255054e-01,7.843137254901960675e-02
1.006328484039086067e-03,9.411764705882352811e-01,3.921568627450980338e-02
1.006330484039029503e-03,8.627450980392157298e-01,-7.843137254901960675e-02
1.006332484038972939e-03,9.019607843137255054e-01,7.843137254901960675e-02
1.006334484038916375e-03,9.019607843137255054e-01,0.000000000000000000e+00
1.006336484038859811e-03,9.411764705882352811e-01,3.921568627450980338e-02
1.006338484038803247e-03,8.627450980392157298e-01,7.843137254901960675e-02
1.006340484038746683e-03,9.019607843137255054e-01,-7.843137254901960675e-02
1.006342484038690119e-03,9.019607843137255054e-01,1.176470588235294101e-01
1.006344484038633556e-03,9.411764705882352811e-01,0.000000000000000000e+00
1.006346484038576992e-03,8.627450980392157298e-01,0.000000000000000000e+00
1.006348484038520428e-03,8.627450980392157298e-01,7.843137254901960675e-02
1.006350484038463864e-03,9.411764705882352811e-01,-3.921568627450980338e-02
1.006352484038407300e-03,9.411764705882352811e-01,7.843137254901960675e-02
1.006354484038350736e-03,8.627450980392157298e-01,-7.843137254901960675e-02
1.006356484038294172e-03,8.627450980392157298e-01,0.000000000000000000e+00
1.006358484038237609e-03,9.019607843137255054e-01,7.843137254901960675e-02
1.006360484038181045e-03,9.411764705882352811e-01,-7.843137254901960675e-02
1.006362484038124481e-03,8.627450980392157298e-01,7.843137254901960675e-02
1.006364484038067917e-03,9.019607843137255054e-01,0.000000000000000000e+00
1.006366484038011353e-03,9.019607843137255054e-01,7.843137254901960675e-02
1.006368484037954789e-03,9.019607843137255054e-01,3.921568627450980338e-02
1.006370484037898225e-03,8.627450980392157298e-01,-7.843137254901960675e-02
1.006372484037841662e-03,8.627450980392157298e-01,7.843137254901960675e-02
1.006374484037785098e-03,9.019607843137255054e-01,-3.921568627450980338e-02
1.006376484037728534e-03,9.411764705882352811e-01,0.000000000000000000e+00
1.006378484037671970e-03,8.627450980392157298e-01,7.843137254901960675e-02
1.006380484037615406e-03,9.019607843137255054e-01,-1.568627450980392135e-01
1.006382484037558842e-03,9.019607843137255054e-01,7.843137254901960675e-02
1.006384484037502278e-03,9.411764705882352811e-01,0.000000000000000000e+00
1.006386484037445714e-03,8.235294117647058432e-01,-3.921568627450980338e-02
1.006388484037389151e-03,8.627450980392157298e-01,7.843137254901960675e-02
1.006390484037332587e-03,9.019607843137255054e-01,0.000000000000000000e+00
1.006392484037276023e-03,9.411764705882352811e-01,7.843137254901960675e-02
1.006394484037219459e-03,8.627450980392157298e-01,-3.921568627450980338e-02
1.006396484037162895e-03,9.019607843137255054e-01,3.921568627450980338e-02
1.006398484037106331e-03,9.019607843137255054e-01,3.921568627450980338e-02
1.006400484037049767e-03,9.411764705882352811e-01,-7.843137254901960675e-02
1.006402484036993204e-03,8.627450980392157298e-01,7.843137254901960675e-02
1.006404484036936640e-03,8.627450980392157298e-01,0.000000000000000000e+00
1.006406484036880076e-03,9.411764705882352811e-01,7.843137254901960675e-02
1.006408484036823512e-03,9.411764705882352811e-01,3.921568627450980338e-02
1.006410484036766948e-03,8.627450980392157298e-01,-7.843137254901960675e-02
1.006412484036710384e-03,9.019607843137255054e-01,7.843137254901960675e-02
1.006414484036653820e-03,9.019607843137255054e-01,0.000000000000000000e+00
1.006416484036597257e-03,9.411764705882352811e-01,0.000000000000000000e+00
1.006418484036540693e-03,8.627450980392157298e-01,7.843137254901960675e-02
1.006420484036484129e-03,9.019607843137255054e-01,-1.568627450980392135e-01
1.006422484036427565e-03,8.627450980392157298e-01,1.568627450980392135e-01
1.006424484036371001e-03,9.411764705882352811e-01,-3.921568627450980338e-02
1.006426484036314437e-03,8.235294117647058432e-01,-3.921568627450980338e-02
1.006428484036257873e-03,9.019607843137255054e-01,7.843137254901960675e-02
1.006430484036201310e-03,9.019607843137255054e-01,-3.921568627450980338e-02
1.006432484036144746e-03,9.411764705882352811e-01,3.921568627450980338e-02
1.006434484036088182e-03,8.627450980392157298e-01,-3.921568627450980338e-02
1.006436484036031618e-03,9.019607843137255054e-01,3.921568627450980338e-02
1.006438484035975054e-03,9.019607843137255054e-01,7.843137254901960675e-02
1.006440484035918490e-03,9.411764705882352811e-01,-7.843137254901960675e-02
1.006442484035861926e-03,8.235294117647058432e-01,7.843137254901960675e-02
1.006444484035805362e-03,9.019607843137255054e-01,0.000000000000000000e+00
1.006446484035748799e-03,9.019607843137255054e-01,7.843137254901960675e-02
1.006448484035692235e-03,9.411764705882352811e-01,7.843137254901960675e-02
1.006450484035635671e-03,8.627450980392157298e-01,-7.843137254901960675e-02
1.006452484035579107e-03,8.627450980392157298e-01,3.921568627450980338e-02
1.006454484035522543e-03,9.019607843137255054e-01,-3.921568627450980338e-02
1.006456484035465979e-03,9.411764705882352811e-01,0.000000000000000000e+00
1.006458484035409415e-03,8.627450980392157298e-01,7.843137254901960675e-02
1.006460484035352852e-03,9.019607843137255054e-01,-7.843137254901960675e-02
1.006462484035296288e-03,9.019607843137255054e-01,1.568627450980392135e-01
1.006464484035239724e-03,9.411764705882352811e-01,-3.921568627450980338e-02
1.006466484035183160e-03,8.627450980392157298e-01,0.000000000000000000e+00
1.006468484035126596e-03,8.627450980392157298e-01,1.176470588235294101e-01
1.006470484035070032e-03,9.411764705882352811e-01,-7.843137254901960675e-02
1.006472484035013468e-03,9.411764705882352811e-01,3.921568627450980338e-02
1.006474484034956905e-03,9.019607843137255054e-01,-3.921568627450980338e-02
1.006476484034900341e-03,9.019607843137255054e-01,0.000000000000000000e+00
1.006478484034843777e-03,9.019607843137255054e-01,3.921568627450980338e-02
1.006480484034787213e-03,9.411764705882352811e-01,-3.921568627450980338e-02
1.006482484034730649e-03,8.627450980392157298e-01,3.921568627450980338e-02
1.006484484034674085e-03,9.019607843137255054e-01,-7.843137254901960675e-02
1.006486484034617521e-03,9.019607843137255054e-01,7.843137254901960675e-02
1.006488484034560957e-03,9.411764705882352811e-01,3.921568627450980338e-02
1.006490484034504394e-03,8.627450980392157298e-01,-7.843137254901960675e-02
1.006492484034447830e-03,8.627450980392157298e-01,1.176470588235294101e-01
1.006494484034391266e-03,9.019607843137255054e-01,0.000000000000000000e+00
1.006496484034334702e-03,9.411764705882352811e-01,0.000000000000000000e+00
1.006498484034278138e-03,8.627450980392157298e-01,7.843137254901960675e-02
1.006500484034221574e-03,9.019607843137255054e-01,-7.843137254901960675e-02
1.006502484034165010e-03,9.019607843137255054e-01,1.176470588235294101e-01
1.006504484034108447e-03,9.411764705882352811e-01,-7.843137254901960675e-02
1.006506484034051883e-03,8.627450980392157298e-01,0.000000000000000000e+00
1.006508484033995319e-03,9.019607843137255054e-01,7.843137254901960675e-02
1.006510484033938755e-03,9.411764705882352811e-01,0.000000000000000000e+00
1.006512484033882191e-03,9.411764705882352811e-01,7.843137254901960675e-02
1.006514484033825627e-03,9.019607843137255054e-01,0.000000000000000000e+00
1.006516484033769063e-03,8.627450980392157298e-01,0.000000000000000000e+00
1.006518484033712500e-03,8.627450980392157298e-01,7.843137254901960675e-02
1.006520484033655936e-03,9.411764705882352811e-01,-3.921568627450980338e-02
1.006522484033599372e-03,8.235294117647058432e-01,3.921568627450980338e-02
1.006524484033542808e-03,9.019607843137255054e-01,0.000000000000000000e+00
1.006526484033486244e-03,9.019607843137255054e-01,7.843137254901960675e-02
1.006528484033429680e-03,9.411764705882352811e-01,0.000000000000000000e+00
1.006530484033373116e-03,8.627450980392157298e-01,-7.843137254901960675e-02
1.006532484033316553e-03,8.627450980392157298e-01,7.843137254901960675e-02
1.006534484033259989e-03,9.019607843137255054e-01,0.000000000000000000e+00
1.006536484033203425e-03,9.411764705882352811e-01,0.000000000000000000e+00
1.006538484033146861e-03,8.627450980392157298e-01,7.843137254901960675e-02
1.006540484033090297e-03,9.019607843137255054e-01,-1.568627450980392135e-01
1.006542484033033733e-03,9.019607843137255054e-01,1.176470588235294101e-01
1.006544484032977169e-03,9.411764705882352811e-01,0.000000000000000000e+00
1.006546484032920605e-03,8.235294117647058432e-01,0.000000000000000000e+00
1.006548484032864042e-03,8.627450980392157298e-01,7.843137254901960675e-02
1.006550484032807478e-03,9.019607843137255054e-01,-3.921568627450980338e-02
1.006552484032750914e-03,9.411764705882352811e-01,3.921568627450980338e-02
1.006554484032694350e-03,8.627450980392157298e-01,0.000000000000000000e+00
1.006556484032637786e-03,8.627450980392157298e-01,7.843137254901960675e-02
1.006558484032581222e-03,8.627450980392157298e-01,3.921568627450980338e-02
1.006560484032524658e-03,9.411764705882352811e-01,-3.921568627450980338e-02
1.006562484032468095e-03,8.627450980392157298e-01,7.843137254901960675e-02
1.006564484032411531e-03,9.019607843137255054e-01,-7.843137254901960675e-02
1.006566484032354967e-03,9.019607843137255054e-01,7.843137254901960675e-02
1.006568484032298403e-03,9.019607843137255054e-01,3.921568627450980338e-02
1.006570484032241839e-03,9.019607843137255054e-01,-7.843137254901960675e-02
1.006572484032185275e-03,8.627450980392157298e-01,7.843137254901960675e-02
1.006574484032128711e-03,9.019607843137255054e-01,0.000000000000000000e+00
1.006576484032072148e-03,9.411764705882352811e-01,0.000000000000000000e+00
1.006578484032015584e-03,8.627450980392157298e-01,7.843137254901960675e-02
1.006580484031959020e-03,8.627450980392157298e-01,-7.843137254901960675e-02
1.006582484031902456e-03,8.627450980392157298e-01,7.843137254901960675e-02
1.006584484031845892e-03,9.411764705882352811e-01,0.000000000000000000e+00
1.006586484031789328e-03,8.627450980392157298e-01,0.000000000000000000e+00
1.006588484031732764e-03,9.019607843137255054e-01,7.843137254901960675e-02
1.006590484031676200e-03,9.019607843137255054e-01,-3.921568627450980338e-02
1.006592484031619637e-03,9.411764705882352811e-01,3.921568627450980338e-02
1.006594484031563073e-03,8.627450980392157298e-01,-3.921568627450980338e-02
1.006596484031506509e-03,8.627450980392157298e-01,0.000000000000000000e+00
1.006598484031449945e-03,9.019607843137255054e-01,7.843137254901960675e-02
1.006600484031393381e-03,9.411764705882352811e-01,-7.843137254901960675e-02
1.006602484031336817e-03,8.627450980392157298e-01,1.176470588235294101e-01
1.006604484031280253e-03,8.235294117647058432e-01,0.000000000000000000e+00
1.006606484031223690e-03,9.019607843137255054e-01,7.843137254901960675e-02
1.006608484031167126e-03,9.019607843137255054e-01,3.921568627450980338e-02
1.006610484031110562e-03,8.627450980392157298e-01,-7.843137254901960675e-02
1.006612484031053998e-03,8.627450980392157298e-01,3.921568627450980338e-02
1.006614484030997434e-03,8.627450980392157298e-01,-3.921568627450980338e-02
1.006616484030940870e-03,9.411764705882352811e-01,-3.921568627450980338e-02
1.006618484030884306e-03,8.235294117647058432e-01,7.843137254901960675e-02
1.006620484030827743e-03,8.627450980392157298e-01,-1.568627450980392135e-01
1.006622484030771179e-03,9.019607843137255054e-01,1.176470588235294101e-01
1.006624484030714615e-03,9.411764705882352811e-01,0.000000000000000000e+00
1.006626484030658051e-03,8.627450980392157298e-01,0.000000000000000000e+00
1.006628484030601487e-03,8.627450980392157298e-01,7.843137254901960675e-02
1.006630484030544923e-03,9.019607843137255054e-01,0.000000000000000000e+00
1.006632484030488359e-03,9.411764705882352811e-01,3.921568627450980338e-02
1.006634484030431795e-03,8.627450980392157298e-01,-3.921568627450980338e-02
1.006636484030375232e-03,9.019607843137255054e-01,-1.568627450980392135e-01
1.006638484030318668e-03,9.411764705882352811e-01,3.921568627450980338e-02
1.006640484030262104e-03,9.411764705882352811e-01,-7.843137254901960675e-02
1.006642484030205540e-03,8.627450980392157298e-01,7.843137254901960675e-02
1.006644484030148976e-03,9.019607843137255054e-01,0.000000000000000000e+00
1.006646484030092412e-03,9.019607843137255054e-01,7.843137254901960675e-02
1.006648484030035848e-03,9.019607843137255054e-01,3.921568627450980338e-02
1.006650484029979285e-03,8.627450980392157298e-01,-3.921568627450980338e-02
1.006652484029922721e-03,8.627450980392157298e-01,7.843137254901960675e-02
1.006654484029866157e-03,9.019607843137255054e-01,0.000000000000000000e+00
1.006656484029809593e-03,9.411764705882352811e-01,0.000000000000000000e+00
1.006658484029753029e-03,8.627450980392157298e-01,7.843137254901960675e-02
1.006660484029696465e-03,9.019607843137255054e-01,-1.568627450980392135e-01
1.006662484029639901e-03,9.019607843137255054e-01,1.176470588235294101e-01
1.006664484029583338e-03,9.411764705882352811e-01,0.000000000000000000e+00
1.006666484029526774e-03,8.627450980392157298e-01,-3.921568627450980338e-02
1.006668484029470210e-03,8.235294117647058432e-01,7.843137254901960675e-02
1.006670484029413646e-03,9.019607843137255054e-01,0.000000000000000000e+00
1.006672484029357082e-03,9.411764705882352811e-01,0.000000000000000000e+00
1.006674484029300518e-03,8.235294117647058432e-01,-3.921568627450980338e-02
1.006676484029243954e-03,8.627450980392157298e-01,-3.921568627450980338e-02
1.006678484029187391e-03,9.019607843137255054e-01,7.843137254901960675e-02
1.006680484029130827e-03,9.411764705882352811e-01,-3.921568627450980338e-02
1.006682484029074263e-03,8.235294117647058432e-01,7.843137254901960675e-02
1.006684484029017699e-03,8.627450980392157298e-01,0.000000000000000000e+00
1.006686484028961135e-03,9.019607843137255054e-01,3.921568627450980338e-02
1.006688484028904571e-03,9.019607843137255054e-01,0.000000000000000000e+00
1.006690484028848007e-03,8.627450980392157298e-01,-3.921568627450980338e-02
1.006692484028791443e-03,9.019607843137255054e-01,7.843137254901960675e-02
1.006694484028734880e-03,9.411764705882352811e-01,0.000000000000000000e+00
1.006696484028678316e-03,9.411764705882352811e-01,0.000000000000000000e+00
1.006698484028621752e-03,9.019607843137255054e-01,3.921568627450980338e-02
1.006700484028565188e-03,9.019607843137255054e-01,0.000000000000000000e+00
1.006702484028508624e-03,9.019607843137255054e-01,1.568627450980392135e-01
1.006704484028452060e-03,9.411764705882352811e-01,-7.843137254901960675e-02
1.006706484028395496e-03,8.627450980392157298e-01,0.000000000000000000e+00
1.006708484028338933e-03,9.019607843137255054e-01,7.843137254901960675e-02
1.006710484028282369e-03,9.411764705882352811e-01,-7.843137254901960675e-02
1.006712484028225805e-03,9.411764705882352811e-01,7.843137254901960675e-02
1.006714484028169241e-03,8.627450980392157298e-01,-3.921568627450980338e-02
1.006716484028112677e-03,9.019607843137255054e-01,0.000000000000000000e+00
1.006718484028056113e-03,9.019607843137255054e-01,3.921568627450980338e-02
1.006720484027999549e-03,9.411764705882352811e-01,-3.921568627450980338e-02
1.006722484027942986e-03,8.627450980392157298e-01,7.843137254901960675e-02
1.006724484027886422e-03,9.019607843137255054e-01,-7.843137254901960675e-02
1.006726484027829858e-03,9.019607843137255054e-01,7.843137254901960675e-02
1.006728484027773294e-03,9.411764705882352811e-01,3.921568627450980338e-02
1.006730484027716730e-03,8.235294117647058432e-01,-7.843137254901960675e-02
1.006732484027660166e-03,9.019607843137255054e-01,3.921568627450980338e-02
1.006734484027603602e-03,9.411764705882352811e-01,0.000000000000000000e+00
1.006736484027547038e-03,9.411764705882352811e-01,0.000000000000000000e+00
1.006738484027490475e-03,8.627450980392157298e-01,7.843137254901960675e-02
1.006740484027433911e-03,8.627450980392157298e-01,-7.843137254901960675e-02
1.006742484027377347e-03,8.627450980392157298e-01,1.176470588235294101e-01
1.006744484027320783e-03,9.411764705882352811e-01,0.000000000000000000e+00
1.006746484027264219e-03,8.235294117647058432e-01,0.000000000000000000e+00
1.006748484027207655e-03,8.627450980392157298e-01,3.921568627450980338e-02
1.006750484027151091e-03,9.019607843137255054e-01,0.000000000000000000e+00
1.006752484027094528e-03,9.411764705882352811e-01,3.921568627450980338e-02
1.006754484027037964e-03,8.627450980392157298e-01,0.000000000000000000e+00
1.006756484026981400e-03,9.019607843137255054e-01,3.921568627450980338e-02
1.006758484026924836e-03,8.627450980392157298e-01,7.843137254901960675e-02
1.006760484026868272e-03,9.411764705882352811e-01,-3.921568627450980338e-02
1.006762484026811708e-03,8.235294117647058432e-01,7.843137254901960675e-02
1.006764484026755144e-03,9.019607843137255054e-01,0.000000000000000000e+00
1.006766484026698581e-03,9.019607843137255054e-01,7.843137254901960675e-02
1.006768484026642017e-03,9.411764705882352811e-01,7.843137254901960675e-02
1.006770484026585453e-03,8.235294117647058432e-01,-7.843137254901960675e-02
1.006772484026528889e-03,9.019607843137255054e-01,3.921568627450980338e-02
1.006774484026472325e-03,9.019607843137255054e-01,0.000000000000000000e+00
1.006776484026415761e-03,9.411764705882352811e-01,0.000000000000000000e+00
1.006778484026359197e-03,8.627450980392157298e-01,7.843137254901960675e-02
1.006780484026302633e-03,9.019607843137255054e-01,-1.568627450980392135e-01
1.006782484026246070e-03,9.019607843137255054e-01,1.176470588235294101e-01
1.006784484026189506e-03,9.411764705882352811e-01,0.000000000000000000e+00
1.006786484026132942e-03,8.627450980392157298e-01,0.000000000000000000e+00
1.006788484026076378e-03,8.627450980392157298e-01,7.843137254901960675e-02
1.006790484026019814e-03,9.019607843137255054e-01,-3.921568627450980338e-02
1.006792484025963250e-03,9.411764705882352811e-01,7.843137254901960675e-02
1.006794484025906686e-03,8.235294117647058432e-01,-3.921568627450980338e-02
1.006796484025850123e-03,9.019607843137255054e-01,0.000000000000000000e+00
1.006798484025793559e-03,9.019607843137255054e-01,3.921568627450980338e-02
1.006800484025736995e-03,9.411764705882352811e-01,-7.843137254901960675e-02
1.006802484025680431e-03,8.235294117647058432e-01,7.843137254901960675e-02
1.006804484025623867e-03,8.627450980392157298e-01,-3.921568627450980338e-02
1.006806484025567303e-03,9.019607843137255054e-01,7.843137254901960675e-02
1.006808484025510739e-03,9.411764705882352811e-01,7.843137254901960675e-02
1.006810484025454176e-03,8.627450980392157298e-01,-7.843137254901960675e-02
1.006812484025397612e-03,9.019607843137255054e-01,1.176470588235294101e-01
1.006814484025341048e-03,9.019607843137255054e-01,0.000000000000000000e+00
1.006816484025284484e-03,9.411764705882352811e-01,0.000000000000000000e+00
1.006818484025227920e-03,8.235294117647058432e-01,7.843137254901960675e-02
1.006820484025171356e-03,8.627450980392157298e-01,-1.568627450980392135e-01
1.006822484025114792e-03,8.627450980392157298e-01,1.176470588235294101e-01
1.006824484025058229e-03,9.019607843137255054e-01,0.000000000000000000e+00
1.006826484025001665e-03,8.627450980392157298e-01,0.000000000000000000e+00
1.006828484024945101e-03,8.627450980392157298e-01,7.843137254901960675e-02
1.006830484024888537e-03,9.019607843137255054e-01,-3.921568627450980338e-02
1.006832484024831973e-03,9.411764705882352811e-01,3.921568627450980338e-02
1.006834484024775409e-03,8.627450980392157298e-01,-3.921568627450980338e-02
1.006836484024718845e-03,9.019607843137255054e-01,3.921568627450980338e-02
1.006838484024662281e-03,9.019607843137255054e-01,3.921568627450980338e-02
1.006840484024605718e-03,9.411764705882352811e-01,-7.843137254901960675e-02
1.006842484024549154e-03,8.627450980392157298e-01,7.843137254901960675e-02
1.006844484024492590e-03,9.019607843137255054e-01,-7.843137254901960675e-02
1.006846484024436026e-03,9.019607843137255054e-01,7.843137254901960675e-02
1.006848484024379462e-03,9.019607843137255054e-01,3.921568627450980338e-02
1.006850484024322898e-03,8.627450980392157298e-01,-7.843137254901960675e-02
1.006852484024266334e-03,8.627450980392157298e-01,1.176470588235294101e-01
1.006854484024209771e-03,9.019607843137255054e-01,0.000000000000000000e+00
1.006856484024153207e-03,9.411764705882352811e-01,0.000000000000000000e+00
1.006858484024096643e-03,8.627450980392157298e-01,7.843137254901960675e-02
1.006860484024040079e-03,9.019607843137255054e-01,-7.843137254901960675e-02
1.006862484023983515e-03,8.627450980392157298e-01,1.176470588235294101e-01
1.006864484023926951e-03,9.411764705882352811e-01,0.000000000000000000e+00
1.006866484023870387e-03,8.235294117647058432e-01,-3.921568627450980338e-02
1.006868484023813824e-03,9.411764705882352811e-01,7.843137254901960675e-02
1.006870484023757260e-03,9.019607843137255054e-01,0.000000000000000000e+00
1.006872484023700696e-03,9.411764705882352811e-01,3.921568627450980338e-02
1.006874484023644132e-03,8.627450980392157298e-01,0.000000000000000000e+00
1.006876484023587568e-03,8.627450980392157298e-01,0.000000000000000000e+00
1.006878484023531004e-03,9.019607843137255054e-01,7.843137254901960675e-02
1.006880484023474440e-03,9.411764705882352811e-01,-3.921568627450980338e-02
1.006882484023417876e-03,8.627450980392157298e-01,7.843137254901960675e-02
1.006884484023361313e-03,8.627450980392157298e-01,0.000000000000000000e+00
1.006886484023304749e-03,9.019607843137255054e-01,1.176470588235294101e-01
1.006888484023248185e-03,9.411764705882352811e-01,7.843137254901960675e-02
1.006890484023191621e-03,8.627450980392157298e-01,-7.843137254901960675e-02
1.006892484023135057e-03,8.627450980392157298e-01,3.921568627450980338e-02
1.006894484023078493e-03,9.019607843137255054e-01,0.000000000000000000e+00
1.006896484023021929e-03,9.411764705882352811e-01,0.000000000000000000e+00
1.006898484022965366e-03,8.627450980392157298e-01,3.921568627450980338e-02
1.006900484022908802e-03,9.019607843137255054e-01,-1.568627450980392135e-01
1.006902484022852238e-03,9.019607843137255054e-01,1.176470588235294101e-01
1.006904484022795674e-03,9.411764705882352811e-01,-3.921568627450980338e-02
1.006906484022739110e-03,8.627450980392157298e-01,0.000000000000000000e+00
1.006908484022682546e-03,8.627450980392157298e-01,7.843137254901960675e-02
1.006910484022625982e-03,9.019607843137255054e-01,0.000000000000000000e+00
1.006912484022569419e-03,9.019607843137255054e-01,7.843137254901960675e-02
1.006914484022512855e-03,8.235294117647058432e-01,0.000000000000000000e+00
1.006916484022456291e-03,9.019607843137255054e-01,0.000000000000000000e+00
1.006918484022399727e-03,9.411764705882352811e-01,7.843137254901960675e-02
1.006920484022343163e-03,9.411764705882352811e-01,-3.921568627450980338e-02
1.006922484022286599e-03,8.627450980392157298e-01,7.843137254901960675e-02
1.006924484022230035e-03,8.627450980392157298e-01,-7.843137254901960675e-02
1.006926484022173472e-03,9.019607843137255054e-01,7.843137254901960675e-02
1.006928484022116908e-03,9.411764705882352811e-01,3.921568627450980338e-02
1.006930484022060344e-03,8.627450980392157298e-01,-7.843137254901960675e-02
1.006932484022003780e-03,9.019607843137255054e-01,1.176470588235294101e-01
1.006934484021947216e-03,9.411764705882352811e-01,0.000000000000000000e+00
1.006936484021890652e-03,9.411764705882352811e-01,0.000000000000000000e+00
1.006938484021834088e-03,8.627450980392157298e-01,7.843137254901960675e-02
1.006940484021777524e-03,9.019607843137255054e-01,-3.921568627450980338e-02
1.006942484021720961e-03,9.019607843137255054e-01,1.176470588235294101e-01
1.006944484021664397e-03,9.411764705882352811e-01,0.000000000000000000e+00
1.006946484021607833e-03,8.627450980392157298e-01,0.000000000000000000e+00
1.006948484021551269e-03,8.627450980392157298e-01,7.843137254901960675e-02
1.006950484021494705e-03,8.627450980392157298e-01,0.000000000000000000e+00
1.006952484021438141e-03,9.411764705882352811e-01,7.843137254901960675e-02
1.006954484021381577e-03,8.235294117647058432e-01,-3.921568627450980338e-02
1.006956484021325014e-03,9.019607843137255054e-01,3.921568627450980338e-02
1.006958484021268450e-03,9.019607843137255054e-01,7.843137254901960675e-02
1.006960484021211886e-03,9.411764705882352811e-01,-7.843137254901960675e-02
1.006962484021155322e-03,8.235294117647058432e-01,7.843137254901960675e-02
1.006964484021098758e-03,9.019607843137255054e-01,0.000000000000000000e+00
1.006966484021042194e-03,9.019607843137255054e-01,7.843137254901960675e-02
1.006968484020985630e-03,9.411764705882352811e-01,3.921568627450980338e-02
1.006970484020929067e-03,8.627450980392157298e-01,-7.843137254901960675e-02
1.006972484020872503e-03,8.235294117647058432e-01,3.921568627450980338e-02
1.006974484020815939e-03,9.019607843137255054e-01,0.000000000000000000e+00
1.006976484020759375e-03,9.411764705882352811e-01,0.000000000000000000e+00
1.006978484020702811e-03,8.627450980392157298e-01,7.843137254901960675e-02
1.006980484020646247e-03,9.019607843137255054e-01,-7.843137254901960675e-02
1.006982484020589683e-03,9.019607843137255054e-01,1.176470588235294101e-01
1.006984484020533119e-03,9.411764705882352811e-01,0.000000000000000000e+00
1.006986484020476556e-03,8.627450980392157298e-01,0.000000000000000000e+00
1.006988484020419992e-03,8.627450980392157298e-01,3.921568627450980338e-02
1.006990484020363428e-03,9.019607843137255054e-01,0.000000000000000000e+00
1.006992484020306864e-03,9.411764705882352811e-01,3.921568627450980338e-02
1.006994484020250300e-03,8.627450980392157298e-01,0.000000000000000000e+00
1.006996484020193736e-03,9.019607843137255054e-01,0.000000000000000000e+00
1.006998484020137172e-03,9.019607843137255054e-01,7.843137254901960675e-02
1.007000484020080609e-03,9.411764705882352811e-01,-3.921568627450980338e-02
1.007002484020024045e-03,8.235294117647058432e-01,7.843137254901960675e-02
1.007004484019967481e-03,8.627450980392157298e-01,0.000000000000000000e+00
1.007006484019910917e-03,9.019607843137255054e-01,1.176470588235294101e-01
1.007008484019854353e-03,9.411764705882352811e-01,3.921568627450980338e-02
1.007010484019797789e-03,8.627450980392157298e-01,-7.843137254901960675e-02
1.007012484019741225e-03,9.019607843137255054e-01,7.843137254901960675e-02
1.007014484019684662e-03,9.411764705882352811e-01,-3.921568627450980338e-02
1.007016484019628098e-03,9.411764705882352811e-01,0.000000000000000000e+00
1.007018484019571534e-03,8.235294117647058432e-01,1.176470588235294101e-01
1.007020484019514970e-03,8.627450980392157298e-01,-7.843137254901960675e-02
1.007022484019458406e-03,9.019607843137255054e-01,1.176470588235294101e-01
1.007024484019401842e-03,9.411764705882352811e-01,0.000000000000000000e+00
1.007026484019345278e-03,8.627450980392157298e-01,0.000000000000000000e+00
1.007028484019288714e-03,9.019607843137255054e-01,7.843137254901960675e-02
1.007030484019232151e-03,9.411764705882352811e-01,-7.843137254901960675e-02
1.007032484019175587e-03,9.411764705882352811e-01,7.843137254901960675e-02
1.007034484019119023e-03,8.627450980392157298e-01,0.000000000000000000e+00
1.007036484019062459e-03,9.019607843137255054e-01,0.000000000000000000e+00
1.007038484019005895e-03,8.627450980392157298e-01,3.921568627450980338e-02
1.007040484018949331e-03,9.411764705882352811e-01,-3.921568627450980338e-02
1.007042484018892767e-03,8.627450980392157298e-01,7.843137254901960675e-02
1.007044484018836204e-03,9.411764705882352811e-01,0.000000000000000000e+00
1.007046484018779640e-03,9.411764705882352811e-01,7.843137254901960675e-02
1.007048484018723076e-03,9.411764705882352811e-01,7.843137254901960675e-02
1.007050484018666512e-03,8.627450980392157298e-01,-7.843137254901960675e-02
1.007052484018609948e-03,8.627450980392157298e-01,7.843137254901960675e-02
1.007054484018553384e-03,8.627450980392157298e-01,-3.921568627450980338e-02
1.007056484018496820e-03,9.411764705882352811e-01,-3.921568627450980338e-02
1.007058484018440257e-03,8.235294117647058432e-01,7.843137254901960675e-02
1.007060484018383693e-03,8.627450980392157298e-01,-1.568627450980392135e-01
1.007062484018327129e-03,9.019607843137255054e-01,1.176470588235294101e-01
1.007064484018270565e-03,9.411764705882352811e-01,0.000000000000000000e+00
1.007066484018214001e-03,8.235294117647058432e-01,0.000000000000000000e+00
1.007068484018157437e-03,9.019607843137255054e-01,7.843137254901960675e-02
1.007070484018100873e-03,9.019607843137255054e-01,-3.921568627450980338e-02
1.007072484018044310e-03,9.411764705882352811e-01,3.921568627450980338e-02
1.007074484017987746e-03,8.627450980392157298e-01,0.000000000000000000e+00
1.007076484017931182e-03,9.019607843137255054e-01,3.921568627450980338e-02
1.007078484017874618e-03,9.019607843137255054e-01,7.843137254901960675e-02
1.007080484017818054e-03,9.411764705882352811e-01,-3.921568627450980338e-02
1.007082484017761490e-03,8.235294117647058432e-01,7.843137254901960675e-02
1.007084484017704926e-03,9.411764705882352811e-01,0.000000000000000000e+00
1.007086484017648362e-03,9.019607843137255054e-01,3.921568627450980338e-02
1.007088484017591799e-03,9.411764705882352811e-01,7.843137254901960675e-02
1.007090484017535235e-03,8.627450980392157298e-01,-7.843137254901960675e-02
1.007092484017478671e-03,9.019607843137255054e-01,1.176470588235294101e-01
1.007094484017422107e-03,9.019607843137255054e-01,0.000000000000000000e+00
1.007096484017365543e-03,9.411764705882352811e-01,0.000000000000000000e+00
1.007098484017308979e-03,8.627450980392157298e-01,7.843137254901960675e-02
1.007100484017252415e-03,8.627450980392157298e-01,-1.568627450980392135e-01
1.007102484017195852e-03,8.627450980392157298e-01,7.843137254901960675e-02
1.007104484017139288e-03,9.411764705882352811e-01,0.000000000000000000e+00
1.007106484017082724e-03,8.627450980392157298e-01,0.000000000000000000e+00
1.007108484017026160e-03,9.019607843137255054e-01,1.176470588235294101e-01
1.007110484016969596e-03,9.411764705882352811e-01,-3.921568627450980338e-02
1.007112484016913032e-03,9.411764705882352811e-01,7.843137254901960675e-02
1.007114484016856468e-03,8.627450980392157298e-01,0.000000000000000000e+00
1.007116484016799905e-03,9.019607843137255054e-01,0.000000000000000000e+00
1.007118484016743341e-03,9.411764705882352811e-01,7.843137254901960675e-02
1.007120484016686777e-03,9.411764705882352811e-01,-7.843137254901960675e-02
1.007122484016630213e-03,8.627450980392157298e-01,3.921568627450980338e-02
1.007124484016573649e-03,9.019607843137255054e-01,0.000000000000000000e+00
1.007126484016517085e-03,9.019607843137255054e-01,7.843137254901960675e-02
1.007128484016460521e-03,9.411764705882352811e-01,3.921568627450980338e-02
1.007130484016403957e-03,8.627450980392157298e-01,-7.843137254901960675e-02
1.007132484016347394e-03,9.019607843137255054e-01,1.176470588235294101e-01
1.007134484016290830e-03,9.019607843137255054e-01,0.000000000000000000e+00
1.007136484016234266e-03,9.411764705882352811e-01,0.000000000000000000e+00
1.007138484016177702e-03,8.627450980392157298e-01,7.843137254901960675e-02
1.007140484016121138e-03,9.019607843137255054e-01,-1.568627450980392135e-01
1.007142484016064574e-03,8.627450980392157298e-01,1.176470588235294101e-01
1.007144484016008010e-03,9.411764705882352811e-01,0.000000000000000000e+00
1.007146484015951447e-03,8.627450980392157298e-01,-3.921568627450980338e-02
1.007148484015894883e-03,8.627450980392157298e-01,7.843137254901960675e-02
1.007150484015838319e-03,9.019607843137255054e-01,-3.921568627450980338e-02
1.007152484015781755e-03,9.411764705882352811e-01,3.921568627450980338e-02
1.007154484015725191e-03,8.627450980392157298e-01,0.000000000000000000e+00
1.007156484015668627e-03,9.019607843137255054e-01,3.921568627450980338e-02
1.007158484015612063e-03,9.019607843137255054e-01,7.843137254901960675e-02
1.007160484015555500e-03,9.411764705882352811e-01,-7.843137254901960675e-02
1.007162484015498936e-03,8.235294117647058432e-01,7.843137254901960675e-02
1.007164484015442372e-03,8.627450980392157298e-01,0.000000000000000000e+00
1.007166484015385808e-03,9.411764705882352811e-01,7.843137254901960675e-02
1.007168484015329244e-03,9.411764705882352811e-01,7.843137254901960675e-02
1.007170484015272680e-03,8.627450980392157298e-01,-3.921568627450980338e-02
1.007172484015216116e-03,8.627450980392157298e-01,7.843137254901960675e-02
1.007174484015159553e-03,9.019607843137255054e-01,-3.921568627450980338e-02
1.007176484015102989e-03,9.411764705882352811e-01,0.000000000000000000e+00
1.007178484015046425e-03,8.627450980392157298e-01,7.843137254901960675e-02
1.007180484014989861e-03,9.411764705882352811e-01,-7.843137254901960675e-02
1.007182484014933297e-03,9.019607843137255054e-01,1.568627450980392135e-01
1.007184484014876733e-03,9.411764705882352811e-01,-3.921568627450980338e-02
1.007186484014820169e-03,8.627450980392157298e-01,0.000000000000000000e+00
1.007188484014763605e-03,9.019607843137255054e-01,7.843137254901960675e-02
1.007190484014707042e-03,9.019607843137255054e-01,0.000000000000000000e+00
1.007192484014650478e-03,9.411764705882352811e-01,7.843137254901960675e-02
1.007194484014593914e-03,8.627450980392157298e-01,0.000000000000000000e+00
1.007196484014537350e-03,8.627450980392157298e-01,0.000000000000000000e+00
1.007198484014480786e-03,9.411764705882352811e-01,7.843137254901960675e-02
1.007200484014424222e-03,9.803921568627450567e-01,-7.843137254901960675e-02
1.007202484014367658e-03,8.235294117647058432e-01,7.843137254901960675e-02
1.007204484014311095e-03,9.019607843137255054e-01,0.000000000000000000e+00
1.007206484014254531e-03,8.627450980392157298e-01,7.843137254901960675e-02
1.007208484014197967e-03,9.411764705882352811e-01,3.921568627450980338e-02
1.007210484014141403e-03,8.235294117647058432e-01,-3.921568627450980338e-02
1.007212484014084839e-03,8.627450980392157298e-01,1.176470588235294101e-01
1.007214484014028275e-03,9.019607843137255054e-01,0.000000000000000000e+00
1.007216484013971711e-03,9.019607843137255054e-01,0.000000000000000000e+00
1.007218484013915148e-03,8.627450980392157298e-01,7.843137254901960675e-02
1.007220484013858584e-03,9.019607843137255054e-01,-1.568627450980392135e-01
1.007222484013802020e-03,9.019607843137255054e-01,7.843137254901960675e-02
1.007224484013745456e-03,9.411764705882352811e-01,0.000000000000000000e+00
1.007226484013688892e-03,8.627450980392157298e-01,0.000000000000000000e+00
1.007228484013632328e-03,9.019607843137255054e-01,3.921568627450980338e-02
1.007230484013575764e-03,9.019607843137255054e-01,-7.843137254901960675e-02
1.007232484013519200e-03,9.411764705882352811e-01,7.843137254901960675e-02
1.007234484013462637e-03,8.235294117647058432e-01,0.000000000000000000e+00
1.007236484013406073e-03,9.019607843137255054e-01,3.921568627450980338e-02
1.007238484013349509e-03,9.019607843137255054e-01,7.843137254901960675e-02
1.007240484013292945e-03,9.411764705882352811e-01,-3.921568627450980338e-02
1.007242484013236381e-03,8.235294117647058432e-01,7.843137254901960675e-02
1.007244484013179817e-03,9.019607843137255054e-01,0.000000000000000000e+00
1.007246484013123253e-03,9.019607843137255054e-01,3.921568627450980338e-02
1.007248484013066690e-03,9.019607843137255054e-01,0.000000000000000000e+00
1.007250484013010126e-03,9.019607843137255054e-01,-3.921568627450980338e-02
1.007252484012953562e-03,8.627450980392157298e-01,3.921568627450980338e-02
1.007254484012896998e-03,9.019607843137255054e-01,0.000000000000000000e+00
1.007256484012840434e-03,9.411764705882352811e-01,-3.921568627450980338e-02
1.007258484012783870e-03,9.019607843137255054e-01,7.843137254901960675e-02
1.007260484012727306e-03,9.411764705882352811e-01,0.000000000000000000e+00
1.007262484012670743e-03,8.627450980392157298e-01,7.843137254901960675e-02
1.007264484012614179e-03,9.411764705882352811e-01,0.000000000000000000e+00
1.007266484012557615e-03,8.627450980392157298e-01,-3.921568627450980338e-02
1.007268484012501051e-03,8.627450980392157298e-01,7.843137254901960675e-02
1.007270484012444487e-03,9.019607843137255054e-01,-7.843137254901960675e-02
1.007272484012387923e-03,9.411764705882352811e-01,7.843137254901960675e-02
1.007274484012331359e-03,8.627450980392157298e-01,0.000000000000000000e+00
1.007276484012274795e-03,9.019607843137255054e-01,3.921568627450980338e-02
1.007278484012218232e-03,8.627450980392157298e-01,7.843137254901960675e-02
1.007280484012161668e-03,9.411764705882352811e-01,-3.921568627450980338e-02
1.007282484012105104e-03,8.627450980392157298e-01,7.843137254901960675e-02
1.007284484012048540e-03,9.019607843137255054e-01,0.000000000000000000e+00
1.007286484011991976e-03,9.411764705882352811e-01,7.843137254901960675e-02
1.007288484011935412e-03,9.411764705882352811e-01,7.843137254901960675e-02
1.007290484011878848e-03,8.627450980392157298e-01,-7.843137254901960675e-02
1.007292484011822285e-03,9.019607843137255054e-01,7.843137254901960675e-02
1.007294484011765721e-03,9.019607843137255054e-01,0.000000000000000000e+00
1.007296484011709157e-03,9.411764705882352811e-01,0.000000000000000000e+00
1.007298484011652593e-03,8.627450980392157298e-01,1.176470588235294101e-01
1.007300484011596029e-03,9.019607843137255054e-01,-1.568627450980392135e-01
1.007302484011539465e-03,8.627450980392157298e-01,1.568627450980392135e-01
1.007304484011482901e-03,9.411764705882352811e-01,-3.921568627450980338e-02
1.007306484011426338e-03,8.627450980392157298e-01,0.000000000000000000e+00
1.007308484011369774e-03,8.627450980392157298e-01,7.843137254901960675e-02
1.007310484011313210e-03,9.411764705882352811e-01,0.000000000000000000e+00
1.007312484011256646e-03,9.411764705882352811e-01,7.843137254901960675e-02
1.007314484011200082e-03,8.627450980392157298e-01,0.000000000000000000e+00
1.007316484011143518e-03,9.411764705882352811e-01,3.921568627450980338e-02
1.007318484011086954e-03,9.019607843137255054e-01,3.921568627450980338e-02
1.007320484011030391e-03,9.411764705882352811e-01,-7.843137254901960675e-02
1.007322484010973827e-03,8.627450980392157298e-01,3.921568627450980338e-02
1.007324484010917263e-03,9.019607843137255054e-01,0.000000000000000000e+00
1.007326484010860699e-03,8.627450980392157298e-01,7.843137254901960675e-02
1.007328484010804135e-03,9.411764705882352811e-01,3.921568627450980338e-02
1.007330484010747571e-03,8.235294117647058432e-01,-7.843137254901960675e-02
1.007332484010691007e-03,9.019607843137255054e-01,7.843137254901960675e-02
1.007334484010634443e-03,9.019607843137255054e-01,-3.921568627450980338e-02
1.007336484010577880e-03,9.411764705882352811e-01,-3.921568627450980338e-02
1.007338484010521316e-03,8.627450980392157298e-01,7.843137254901960675e-02
1.007340484010464752e-03,9.019607843137255054e-01,-1.568627450980392135e-01
1.007342484010408188e-03,9.019607843137255054e-01,1.176470588235294101e-01
1.007344484010351624e-03,9.411764705882352811e-01,0.000000000000000000e+00
1.007346484010295060e-03,8.235294117647058432e-01,0.000000000000000000e+00
1.007348484010238496e-03,8.627450980392157298e-01,7.843137254901960675e-02
1.007350484010181933e-03,9.411764705882352811e-01,-3.921568627450980338e-02
1.007352484010125369e-03,9.019607843137255054e-01,3.921568627450980338e-02
1.007354484010068805e-03,8.627450980392157298e-01,-3.921568627450980338e-02
1.007356484010012241e-03,9.019607843137255054e-01,3.921568627450980338e-02
1.007358484009955677e-03,9.019607843137255054e-01,7.843137254901960675e-02
1.007360484009899113e-03,9.411764705882352811e-01,-7.843137254901960675e-02
1.007362484009842549e-03,8.235294117647058432e-01,7.843137254901960675e-02
1.007364484009785986e-03,8.627450980392157298e-01,0.000000000000000000e+00
1.007366484009729422e-03,9.411764705882352811e-01,3.921568627450980338e-02
1.007368484009672858e-03,9.411764705882352811e-01,3.921568627450980338e-02
1.007370484009616294e-03,9.019607843137255054e-01,-7.843137254901960675e-02
1.007372484009559730e-03,8.627450980392157298e-01,3.921568627450980338e-02
1.007374484009503166e-03,9.019607843137255054e-01,0.000000000000000000e+00
1.007376484009446602e-03,9.411764705882352811e-01,-3.921568627450980338e-02
1.007378484009390038e-03,8.235294117647058432e-01,7.843137254901960675e-02
1.007380484009333475e-03,9.019607843137255054e-01,-7.843137254901960675e-02
1.007382484009276911e-03,9.019607843137255054e-01,7.843137254901960675e-02
1.007384484009220347e-03,9.411764705882352811e-01,0.000000000000000000e+00
1.007386484009163783e-03,8.235294117647058432e-01,0.000000000000000000e+00
1.007388484009107219e-03,8.627450980392157298e-01,7.843137254901960675e-02
1.007390484009050655e-03,9.019607843137255054e-01,3.921568627450980338e-02
1.007392484008994091e-03,9.411764705882352811e-01,3.921568627450980338e-02
1.007394484008937528e-03,8.627450980392157298e-01,0.000000000000000000e+00
1.007396484008880964e-03,8.235294117647058432e-01,0.000000000000000000e+00
1.007398484008824400e-03,9.019607843137255054e-01,3.921568627450980338e-02
1.007400484008767836e-03,9.411764705882352811e-01,-7.843137254901960675e-02
1.007402484008711272e-03,8.235294117647058432e-01,7.843137254901960675e-02
1.007404484008654708e-03,8.627450980392157298e-01,0.000000000000000000e+00
1.007406484008598144e-03,9.411764705882352811e-01,7.843137254901960675e-02
1.007408484008541581e-03,9.019607843137255054e-01,3.921568627450980338e-02
1.007410484008485017e-03,8.627450980392157298e-01,-7.843137254901960675e-02
1.007412484008428453e-03,8.627450980392157298e-01,7.843137254901960675e-02
1.007414484008371889e-03,9.019607843137255054e-01,0.000000000000000000e+00
1.007416484008315325e-03,9.411764705882352811e-01,0.000000000000000000e+00
1.007418484008258761e-03,8.627450980392157298e-01,3.921568627450980338e-02
1.007420484008202197e-03,8.627450980392157298e-01,-1.568627450980392135e-01
1.007422484008145633e-03,9.019607843137255054e-01,7.843137254901960675e-02
1.007424484008089070e-03,9.411764705882352811e-01,0.000000000000000000e+00
1.007426484008032506e-03,8.627450980392157298e-01,0.000000000000000000e+00
1.007428484007975942e-03,8.627450980392157298e-01,7.843137254901960675e-02
1.007430484007919378e-03,9.019607843137255054e-01,-3.921568627450980338e-02
1.007432484007862814e-03,9.411764705882352811e-01,3.921568627450980338e-02
1.007434484007806250e-03,8.627450980392157298e-01,0.000000000000000000e+00
1.007436484007749686e-03,9.019607843137255054e-01,0.000000000000000000e+00
1.007438484007693123e-03,9.019607843137255054e-01,3.921568627450980338e-02
1.007440484007636559e-03,9.411764705882352811e-01,-7.843137254901960675e-02
1.007442484007579995e-03,8.627450980392157298e-01,7.843137254901960675e-02
1.007444484007523431e-03,9.019607843137255054e-01,0.000000000000000000e+00
1.007446484007466867e-03,9.019607843137255054e-01,7.843137254901960675e-02
1.007448484007410303e-03,9.411764705882352811e-01,3.921568627450980338e-02
1.007450484007353739e-03,8.235294117647058432e-01,-7.843137254901960675e-02
1.007452484007297176e-03,9.019607843137255054e-01,3.921568627450980338e-02
1.007454484007240612e-03,9.019607843137255054e-01,0.000000000000000000e+00
1.007456484007184048e-03,9.411764705882352811e-01,0.000000000000000000e+00
1.007458484007127484e-03,8.627450980392157298e-01,7.843137254901960675e-02
1.007460484007070920e-03,9.019607843137255054e-01,-7.843137254901960675e-02
1.007462484007014356e-03,9.019607843137255054e-01,7.843137254901960675e-02
1.007464484006957792e-03,9.411764705882352811e-01,0.000000000000000000e+00
1.007466484006901229e-03,8.235294117647058432e-01,0.000000000000000000e+00
1.007468484006844665e-03,8.627450980392157298e-01,1.176470588235294101e-01
1.007470484006788101e-03,9.411764705882352811e-01,-7.843137254901960675e-02
1.007472484006731537e-03,9.411764705882352811e-01,7.843137254901960675e-02
1.007474484006674973e-03,8.627450980392157298e-01,-3.921568627450980338e-02
1.007476484006618409e-03,8.627450980392157298e-01,0.000000000000000000e+00
1.007478484006561845e-03,9.019607843137255054e-01,7.843137254901960675e-02
1.007480484006505281e-03,9.411764705882352811e-01,-3.921568627450980338e-02
1.007482484006448718e-03,8.627450980392157298e-01,1.176470588235294101e-01
1.007484484006392154e-03,9.019607843137255054e-01,0.000000000000000000e+00
1.007486484006335590e-03,8.627450980392157298e-01,7.843137254901960675e-02
1.007488484006279026e-03,9.411764705882352811e-01,7.843137254901960675e-02
1.007490484006222462e-03,8.627450980392157298e-01,-7.843137254901960675e-02
1.007492484006165898e-03,8.627450980392157298e-01,3.921568627450980338e-02
1.007494484006109334e-03,9.019607843137255054e-01,0.000000000000000000e+00
1.007496484006052771e-03,9.019607843137255054e-01,-3.921568627450980338e-02
1.007498484005996207e-03,8.235294117647058432e-01,7.843137254901960675e-02
1.007500484005939643e-03,9.019607843137255054e-01,-1.568627450980392135e-01
1.007502484005883079e-03,8.627450980392157298e-01,1.176470588235294101e-01
1.007504484005826515e-03,9.411764705882352811e-01,0.000000000000000000e+00
1.007506484005769951e-03,8.627450980392157298e-01,-3.921568627450980338e-02
1.007508484005713387e-03,9.019607843137255054e-01,7.843137254901960675e-02
1.007510484005656824e-03,9.019607843137255054e-01,0.000000000000000000e+00
1.007512484005600260e-03,9.411764705882352811e-01,3.921568627450980338e-02
1.007514484005543696e-03,8.627450980392157298e-01,0.000000000000000000e+00
1.007516484005487132e-03,8.627450980392157298e-01,3.921568627450980338e-02
1.007518484005430568e-03,9.019607843137255054e-01,7.843137254901960675e-02
1.007520484005374004e-03,9.411764705882352811e-01,-3.921568627450980338e-02
1.007522484005317440e-03,8.235294117647058432e-01,3.921568627450980338e-02
1.007524484005260876e-03,9.019607843137255054e-01,-7.843137254901960675e-02
1.007526484005204313e-03,9.019607843137255054e-01,1.176470588235294101e-01
1.007528484005147749e-03,9.019607843137255054e-01,3.921568627450980338e-02
1.007530484005091185e-03,8.627450980392157298e-01,-3.921568627450980338e-02
1.007532484005034621e-03,8.627450980392157298e-01,7.843137254901960675e-02
1.007534484004978057e-03,9.019607843137255054e-01,0.000000000000000000e+00
1.007536484004921493e-03,9.411764705882352811e-01,-3.921568627450980338e-02
1.007538484004864929e-03,8.235294117647058432e-01,7.843137254901960675e-02
1.007540484004808366e-03,8.627450980392157298e-01,-7.843137254901960675e-02
1.007542484004751802e-03,9.019607843137255054e-01,1.568627450980392135e-01
1.007544484004695238e-03,9.411764705882352811e-01,-7.843137254901960675e-02
1.007546484004638674e-03,8.627450980392157298e-01,0.000000000000000000e+00
1.007548484004582110e-03,9.019607843137255054e-01,7.843137254901960675e-02
1.007550484004525546e-03,9.411764705882352811e-01,-3.921568627450980338e-02
1.007552484004468982e-03,9.019607843137255054e-01,7.843137254901960675e-02
1.007554484004412419e-03,9.019607843137255054e-01,0.000000000000000000e+00
1.007556484004355855e-03,8.235294117647058432e-01,0.000000000000000000e+00
1.007558484004299291e-03,8.627450980392157298e-01,3.921568627450980338e-02
1.007560484004242727e-03,9.411764705882352811e-01,-7.843137254901960675e-02
1.007562484004186163e-03,8.627450980392157298e-01,7.843137254901960675e-02
1.007564484004129599e-03,8.627450980392157298e-01,0.000000000000000000e+00
1.007566484004073035e-03,9.019607843137255054e-01,7.843137254901960675e-02
1.007568484004016472e-03,9.411764705882352811e-01,3.921568627450980338e-02
1.007570484003959908e-03,8.627450980392157298e-01,-7.843137254901960675e-02
1.007572484003903344e-03,8.627450980392157298e-01,3.921568627450980338e-02
1.007574484003846780e-03,9.019607843137255054e-01,-3.921568627450980338e-02
1.007576484003790216e-03,9.411764705882352811e-01,0.000000000000000000e+00
1.007578484003733652e-03,8.235294117647058432e-01,7.843137254901960675e-02
1.007580484003677088e-03,8.627450980392157298e-01,-1.568627450980392135e-01
1.007582484003620524e-03,8.627450980392157298e-01,1.176470588235294101e-01
1.007584484003563961e-03,9.411764705882352811e-01,0.000000000000000000e+00
1.007586484003507397e-03,8.235294117647058432e-01,-3.921568627450980338e-02
1.007588484003450833e-03,8.627450980392157298e-01,7.843137254901960675e-02
1.007590484003394269e-03,9.411764705882352811e-01,-3.921568627450980338e-02
1.007592484003337705e-03,9.411764705882352811e-01,7.843137254901960675e-02
1.007594484003281141e-03,8.627450980392157298e-01,0.000000000000000000e+00
1.007596484003224577e-03,9.019607843137255054e-01,3.921568627450980338e-02
1.007598484003168014e-03,9.019607843137255054e-01,7.843137254901960675e-02
1.007600484003111450e-03,9.411764705882352811e-01,-7.843137254901960675e-02
1.007602484003054886e-03,8.627450980392157298e-01,7.843137254901960675e-02
1.007604484002998322e-03,8.627450980392157298e-01,0.000000000000000000e+00
1.007606484002941758e-03,9.019607843137255054e-01,7.843137254901960675e-02
1.007608484002885194e-03,9.411764705882352811e-01,7.843137254901960675e-02
1.007610484002828630e-03,8.627450980392157298e-01,-7.843137254901960675e-02
1.007612484002772067e-03,8.235294117647058432e-01,7.843137254901960675e-02
1.007614484002715503e-03,9.019607843137255054e-01,0.000000000000000000e+00
1.007616484002658939e-03,9.411764705882352811e-01,0.000000000000000000e+00
1.007618484002602375e-03,8.627450980392157298e-01,7.843137254901960675e-02
1.007620484002545811e-03,9.411764705882352811e-01,-1.568627450980392135e-01
1.007622484002489247e-03,8.627450980392157298e-01,1.568627450980392135e-01
1.007624484002432683e-03,9.411764705882352811e-01,-7.843137254901960675e-02
1.007626484002376119e-03,8.627450980392157298e-01,0.000000000000000000e+00
1.007628484002319556e-03,9.019607843137255054e-01,3.921568627450980338e-02
1.007630484002262992e-03,9.019607843137255054e-01,-3.921568627450980338e-02
1.007632484002206428e-03,9.411764705882352811e-01,3.921568627450980338e-02
1.007634484002149864e-03,8.627450980392157298e-01,0.000000000000000000e+00
1.007636484002093300e-03,9.019607843137255054e-01,3.921568627450980338e-02
1.007638484002036736e-03,9.411764705882352811e-01,7.843137254901960675e-02
1.007640484001980172e-03,9.411764705882352811e-01,-7.843137254901960675e-02
1.007642484001923609e-03,8.235294117647058432e-01,3.921568627450980338e-02
1.007644484001867045e-03,9.019607843137255054e-01,0.000000000000000000e+00
1.007646484001810481e-03,8.627450980392157298e-01,3.921568627450980338e-02
1.007648484001753917e-03,9.411764705882352811e-01,7.843137254901960675e-02
1.007650484001697353e-03,8.627450980392157298e-01,-7.843137254901960675e-02
1.007652484001640789e-03,9.019607843137255054e-01,1.176470588235294101e-01
1.007654484001584225e-03,9.019607843137255054e-01,0.000000000000000000e+00
1.007656484001527662e-03,9.411764705882352811e-01,-3.921568627450980338e-02
1.007658484001471098e-03,8.235294117647058432e-01,7.843137254901960675e-02
1.007660484001414534e-03,9.019607843137255054e-01,-1.568627450980392135e-01
1.007662484001357970e-03,9.019607843137255054e-01,1.176470588235294101e-01
1.007664484001301406e-03,9.411764705882352811e-01,0.000000000000000000e+00
1.007666484001244842e-03,8.627450980392157298e-01,0.000000000000000000e+00
1.007668484001188278e-03,9.019607843137255054e-01,7.843137254901960675e-02
1.007670484001131714e-03,9.019607843137255054e-01,-3.921568627450980338e-02
1.007672484001075151e-03,9.411764705882352811e-01,7.843137254901960675e-02
1.007674484001018587e-03,8.235294117647058432e-01,0.000000000000000000e+00
1.007676484000962023e-03,9.019607843137255054e-01,0.000000000000000000e+00
1.007678484000905459e-03,9.019607843137255054e-01,7.843137254901960675e-02
1.007680484000848895e-03,9.411764705882352811e-01,-7.843137254901960675e-02
1.007682484000792331e-03,8.235294117647058432e-01,3.921568627450980338e-02
1.007684484000735767e-03,8.627450980392157298e-01,-7.843137254901960675e-02
1.007686484000679204e-03,9.019607843137255054e-01,1.176470588235294101e-01
1.007688484000622640e-03,9.411764705882352811e-01,0.000000000000000000e+00
1.007690484000566076e-03,8.627450980392157298e-01,-7.843137254901960675e-02
1.007692484000509512e-03,8.627450980392157298e-01,7.843137254901960675e-02
1.007694484000452948e-03,9.019607843137255054e-01,0.000000000000000000e+00
1.007696484000396384e-03,9.411764705882352811e-01,-3.921568627450980338e-02
1.007698484000339820e-03,8.627450980392157298e-01,7.843137254901960675e-02
1.007700484000283257e-03,9.019607843137255054e-01,-1.568627450980392135e-01
1.007702484000226693e-03,9.411764705882352811e-01,7.843137254901960675e-02
1.007704484000170129e-03,9.411764705882352811e-01,0.000000000000000000e+00
1.007706484000113565e-03,8.627450980392157298e-01,-3.921568627450980338e-02
1.007708484000057001e-03,9.019607843137255054e-01,3.921568627450980338e-02
1.007710484000000437e-03,9.019607843137255054e-01,-7.843137254901960675e-02
1.007712483999943873e-03,9.411764705882352811e-01,7.843137254901960675e-02
1.007714483999887310e-03,8.627450980392157298e-01,0.000000000000000000e+00
1.007716483999830746e-03,8.627450980392157298e-01,3.921568627450980338e-02
1.007718483999774182e-03,9.019607843137255054e-01,7.843137254901960675e-02
1.007720483999717618e-03,9.411764705882352811e-01,-7.843137254901960675e-02
1.007722483999661054e-03,8.235294117647058432e-01,7.843137254901960675e-02
1.007724483999604490e-03,8.627450980392157298e-01,-7.843137254901960675e-02
1.007726483999547926e-03,9.019607843137255054e-01,7.843137254901960675e-02
1.007728483999491362e-03,9.411764705882352811e-01,3.921568627450980338e-02
1.007730483999434799e-03,8.627450980392157298e-01,-7.843137254901960675e-02
1.007732483999378235e-03,8.627450980392157298e-01,7.843137254901960675e-02
1.007734483999321671e-03,9.019607843137255054e-01,0.000000000000000000e+00
1.007736483999265107e-03,9.411764705882352811e-01,-3.921568627450980338e-02
1.007738483999208543e-03,8.235294117647058432e-01,7.843137254901960675e-02
1.007740483999151979e-03,8.627450980392157298e-01,-1.568627450980392135e-01
1.007742483999095415e-03,9.411764705882352811e-01,1.568627450980392135e-01
1.007744483999038852e-03,9.411764705882352811e-01,-3.921568627450980338e-02
1.007746483998982288e-03,8.235294117647058432e-01,0.000000000000000000e+00
1.007748483998925724e-03,8.627450980392157298e-01,3.921568627450980338e-02
1.007750483998869160e-03,9.019607843137255054e-01,0.000000000000000000e+00
1.007752483998812596e-03,9.411764705882352811e-01,7.843137254901960675e-02
1.007754483998756032e-03,8.627450980392157298e-01,-3.921568627450980338e-02
1.007756483998699468e-03,9.019607843137255054e-01,3.921568627450980338e-02
1.007758483998642905e-03,8.627450980392157298e-01,7.843137254901960675e-02
1.007760483998586341e-03,9.803921568627450567e-01,-7.843137254901960675e-02
1.007762483998529777e-03,8.627450980392157298e-01,7.843137254901960675e-02
1.007764483998473213e-03,9.019607843137255054e-01,0.000000000000000000e+00
1.007766483998416649e-03,9.019607843137255054e-01,7.843137254901960675e-02
1.007768483998360085e-03,9.411764705882352811e-01,3.921568627450980338e-02
1.007770483998303521e-03,8.627450980392157298e-01,-7.843137254901960675e-02
1.007772483998246957e-03,8.627450980392157298e-01,7.843137254901960675e-02
1.007774483998190394e-03,8.627450980392157298e-01,0.000000000000000000e+00
1.007776483998133830e-03,9.411764705882352811e-01,-3.921568627450980338e-02
1.007778483998077266e-03,8.235294117647058432e-01,7.843137254901960675e-02
1.007780483998020702e-03,9.019607843137255054e-01,-1.568627450980392135e-01
1.007782483997964138e-03,9.019607843137255054e-01,7.843137254901960675e-02
1.007784483997907574e-03,9.411764705882352811e-01,0.000000000000000000e+00
1.007786483997851010e-03,8.235294117647058432e-01,0.000000000000000000e+00
1.007788483997794447e-03,8.627450980392157298e-01,7.843137254901960675e-02
1.007790483997737883e-03,9.019607843137255054e-01,0.000000000000000000e+00
1.007792483997681319e-03,9.411764705882352811e-01,3.921568627450980338e-02
1.007794483997624755e-03,8.235294117647058432e-01,0.000000000000000000e+00
1.007796483997568191e-03,9.019607843137255054e-01,3.921568627450980338e-02
1.007798483997511627e-03,8.627450980392157298e-01,3.921568627450980338e-02
1.007800483997455063e-03,9.411764705882352811e-01,-7.843137254901960675e-02
1.007802483997398500e-03,8.627450980392157298e-01,7.843137254901960675e-02
1.007804483997341936e-03,9.019607843137255054e-01,0.000000000000000000e+00
1.007806483997285372e-03,9.019607843137255054e-01,7.843137254901960675e-02
1.007808483997228808e-03,9.411764705882352811e-01,7.843137254901960675e-02
1.007810483997172244e-03,8.627450980392157298e-01,-7.843137254901960675e-02
1.007812483997115680e-03,9.019607843137255054e-01,3.921568627450980338e-02
1.007814483997059116e-03,9.019607843137255054e-01,0.000000000000000000e+00
1.007816483997002553e-03,9.411764705882352811e-01,-3.921568627450980338e-02
1.007818483996945989e-03,8.627450980392157298e-01,7.843137254901960675e-02
1.007820483996889425e-03,9.019607843137255054e-01,-1.568627450980392135e-01
1.007822483996832861e-03,9.019607843137255054e-01,1.176470588235294101e-01
1.007824483996776297e-03,9.411764705882352811e-01,0.000000000000000000e+00
1.007826483996719733e-03,8.627450980392157298e-01,0.000000000000000000e+00
1.007828483996663169e-03,9.019607843137255054e-01,7.843137254901960675e-02
1.007830483996606605e-03,9.411764705882352811e-01,-3.921568627450980338e-02
1.007832483996550042e-03,9.411764705882352811e-01,7.843137254901960675e-02
1.007834483996493478e-03,8.627450980392157298e-01,0.000000000000000000e+00
1.007836483996436914e-03,8.627450980392157298e-01,0.000000000000000000e+00
1.007838483996380350e-03,9.019607843137255054e-01,7.843137254901960675e-02
1.007840483996323786e-03,9.411764705882352811e-01,-7.843137254901960675e-02
1.007842483996267222e-03,8.627450980392157298e-01,3.921568627450980338e-02
1.007844483996210658e-03,9.019607843137255054e-01,0.000000000000000000e+00
1.007846483996154095e-03,9.019607843137255054e-01,7.843137254901960675e-02
1.007848483996097531e-03,9.411764705882352811e-01,7.843137254901960675e-02
1.007850483996040967e-03,8.235294117647058432e-01,-7.843137254901960675e-02
1.007852483995984403e-03,9.019607843137255054e-01,7.843137254901960675e-02
1.007854483995927839e-03,9.019607843137255054e-01,0.000000000000000000e+00
1.007856483995871275e-03,9.411764705882352811e-01,-3.921568627450980338e-02
1.007858483995814711e-03,8.627450980392157298e-01,7.843137254901960675e-02
1.007860483995758148e-03,9.019607843137255054e-01,-7.843137254901960675e-02
1.007862483995701584e-03,9.411764705882352811e-01,1.176470588235294101e-01
1.007864483995645020e-03,9.411764705882352811e-01,0.000000000000000000e+00
1.007866483995588456e-03,8.235294117647058432e-01,0.000000000000000000e+00
1.007868483995531892e-03,8.627450980392157298e-01,7.843137254901960675e-02
1.007870483995475328e-03,9.019607843137255054e-01,-3.921568627450980338e-02
1.007872483995418764e-03,9.411764705882352811e-01,7.843137254901960675e-02
1.007874483995362200e-03,8.627450980392157298e-01,0.000000000000000000e+00
1.007876483995305637e-03,8.235294117647058432e-01,3.921568627450980338e-02
1.007878483995249073e-03,9.019607843137255054e-01,7.843137254901960675e-02
1.007880483995192509e-03,9.411764705882352811e-01,-7.843137254901960675e-02
1.007882483995135945e-03,8.235294117647058432e-01,7.843137254901960675e-02
1.007884483995079381e-03,9.019607843137255054e-01,-7.843137254901960675e-02
1.007886483995022817e-03,9.019607843137255054e-01,3.921568627450980338e-02
1.007888483994966253e-03,9.019607843137255054e-01,3.921568627450980338e-02
1.007890483994909690e-03,8.627450980392157298e-01,-7.843137254901960675e-02
1.007892483994853126e-03,8.627450980392157298e-01,1.176470588235294101e-01
1.007894483994796562e-03,9.019607843137255054e-01,0.000000000000000000e+00
1.007896483994739998e-03,9.411764705882352811e-01,-3.921568627450980338e-02
1.007898483994683434e-03,8.627450980392157298e-01,7.843137254901960675e-02
1.007900483994626870e-03,9.019607843137255054e-01,-1.568627450980392135e-01
1.007902483994570306e-03,9.019607843137255054e-01,7.843137254901960675e-02
1.007904483994513743e-03,9.411764705882352811e-01,0.000000000000000000e+00
1.007906483994457179e-03,8.235294117647058432e-01,-3.921568627450980338e-02
1.007908483994400615e-03,9.019607843137255054e-01,7.843137254901960675e-02
1.007910483994344051e-03,9.411764705882352811e-01,-3.921568627450980338e-02
1.007912483994287487e-03,9.411764705882352811e-01,7.843137254901960675e-02
1.007914483994230923e-03,8.627450980392157298e-01,0.000000000000000000e+00
1.007916483994174359e-03,9.019607843137255054e-01,3.921568627450980338e-02
1.007918483994117795e-03,8.627450980392157298e-01,7.843137254901960675e-02
1.007920483994061232e-03,9.411764705882352811e-01,-7.843137254901960675e-02
1.007922483994004668e-03,8.627450980392157298e-01,7.843137254901960675e-02
1.007924483993948104e-03,8.627450980392157298e-01,0.000000000000000000e+00
1.007926483993891540e-03,9.019607843137255054e-01,7.843137254901960675e-02
1.007928483993834976e-03,9.019607843137255054e-01,0.000000000000000000e+00
1.007930483993778412e-03,9.019607843137255054e-01,-7.843137254901960675e-02
1.007932483993721848e-03,9.019607843137255054e-01,3.921568627450980338e-02
1.007934483993665285e-03,9.019607843137255054e-01,0.000000000000000000e+00
1.007936483993608721e-03,9.411764705882352811e-01,-3.921568627450980338e-02
1.007938483993552157e-03,8.627450980392157298e-01,3.921568627450980338e-02
1.007940483993495593e-03,9.019607843137255054e-01,-3.921568627450980338e-02
1.007942483993439029e-03,9.019607843137255054e-01,1.568627450980392135e-01
1.007944483993382465e-03,9.411764705882352811e-01,-3.921568627450980338e-02
1.007946483993325901e-03,8.235294117647058432e-01,-3.921568627450980338e-02
1.007948483993269338e-03,8.627450980392157298e-01,3.921568627450980338e-02
1.007950483993212774e-03,9.019607843137255054e-01,-3.921568627450980338e-02
1.007952483993156210e-03,9.411764705882352811e-01,7.843137254901960675e-02
1.007954483993099646e-03,8.235294117647058432e-01,0.000000000000000000e+00
1.007956483993043082e-03,9.019607843137255054e-01,3.921568627450980338e-02
1.007958483992986518e-03,9.019607843137255054e-01,7.843137254901960675e-02
1.007960483992929954e-03,9.411764705882352811e-01,-7.843137254901960675e-02
1.007962483992873391e-03,8.627450980392157298e-01,7.843137254901960675e-02
1.007964483992816827e-03,8.627450980392157298e-01,0.000000000000000000e+00
1.007966483992760263e-03,9.019607843137255054e-01,3.921568627450980338e-02
1.007968483992703699e-03,9.411764705882352811e-01,3.921568627450980338e-02
1.007970483992647135e-03,8.627450980392157298e-01,-7.843137254901960675e-02
1.007972483992590571e-03,9.019607843137255054e-01,3.921568627450980338e-02
1.007974483992534007e-03,9.019607843137255054e-01,0.000000000000000000e+00
1.007976483992477443e-03,9.411764705882352811e-01,-3.921568627450980338e-02
1.007978483992420880e-03,8.627450980392157298e-01,7.843137254901960675e-02
1.007980483992364316e-03,8.627450980392157298e-01,-1.568627450980392135e-01
1.007982483992307752e-03,8.627450980392157298e-01,1.568627450980392135e-01
1.007984483992251188e-03,9.411764705882352811e-01,-3.921568627450980338e-02
1.007986483992194624e-03,8.627450980392157298e-01,0.000000000000000000e+00
1.007988483992138060e-03,9.019607843137255054e-01,7.843137254901960675e-02
1.007990483992081496e-03,9.019607843137255054e-01,-3.921568627450980338e-02
1.007992483992024933e-03,9.019607843137255054e-01,7.843137254901960675e-02
1.007994483991968369e-03,8.627450980392157298e-01,-3.921568627450980338e-02
1.007996483991911805e-03,9.019607843137255054e-01,3.921568627450980338e-02
1.007998483991855241e-03,9.019607843137255054e-01,7.843137254901960675e-02
1.008000483991798677e-03,9.411764705882352811e-01,-7.843137254901960675e-02
1.008002483991742113e-03,8.235294117647058432e-01,3.921568627450980338e-02
1.008004483991685549e-03,8.627450980392157298e-01,0.000000000000000000e+00
1.008006483991628986e-03,9.411764705882352811e-01,7.843137254901960675e-02
1.008008483991572422e-03,9.019607843137255054e-01,3.921568627450980338e-02
1.008010483991515858e-03,8.627450980392157298e-01,-3.921568627450980338e-02
1.008012483991459294e-03,8.627450980392157298e-01,3.921568627450980338e-02
1.008014483991402730e-03,9.411764705882352811e-01,0.000000000000000000e+00
1.008016483991346166e-03,9.411764705882352811e-01,0.000000000000000000e+00
1.008018483991289602e-03,8.235294117647058432e-01,7.843137254901960675e-02
1.008020483991233038e-03,8.627450980392157298e-01,-1.568627450980392135e-01
1.008022483991176475e-03,8.627450980392157298e-01,1.176470588235294101e-01
1.008024483991119911e-03,9.019607843137255054e-01,3.921568627450980338e-02
1.008026483991063347e-03,8.627450980392157298e-01,0.000000000000000000e+00
1.008028483991006783e-03,8.235294117647058432e-01,7.843137254901960675e-02
1.008030483990950219e-03,9.019607843137255054e-01,0.000000000000000000e+00
1.008032483990893655e-03,9.411764705882352811e-01,7.843137254901960675e-02
1.008034483990837091e-03,8.627450980392157298e-01,0.000000000000000000e+00
1.008036483990780528e-03,8.627450980392157298e-01,0.000000000000000000e+00
1.008038483990723964e-03,9.019607843137255054e-01,3.921568627450980338e-02
1.008040483990667400e-03,9.411764705882352811e-01,-3.921568627450980338e-02
1.008042483990610836e-03,8.235294117647058432e-01,7.843137254901960675e-02
1.008044483990554272e-03,9.411764705882352811e-01,0.000000000000000000e+00
1.008046483990497708e-03,9.411764705882352811e-01,7.843137254901960675e-02
1.008048483990441144e-03,9.411764705882352811e-01,3.921568627450980338e-02
1.008050483990384581e-03,8.627450980392157298e-01,-7.843137254901960675e-02
1.008052483990328017e-03,8.627450980392157298e-01,3.921568627450980338e-02
1.008054483990271453e-03,9.019607843137255054e-01,0.000000000000000000e+00
1.008056483990214889e-03,9.411764705882352811e-01,0.000000000000000000e+00
1.008058483990158325e-03,8.627450980392157298e-01,7.843137254901960675e-02
1.008060483990101761e-03,9.019607843137255054e-01,-1.568627450980392135e-01
1.008062483990045197e-03,9.019607843137255054e-01,1.176470588235294101e-01
1.008064483989988633e-03,9.411764705882352811e-01,0.000000000000000000e+00
1.008066483989932070e-03,8.235294117647058432e-01,-3.921568627450980338e-02
1.008068483989875506e-03,9.019607843137255054e-01,7.843137254901960675e-02
1.008070483989818942e-03,9.019607843137255054e-01,-3.921568627450980338e-02
1.008072483989762378e-03,9.411764705882352811e-01,7.843137254901960675e-02
1.008074483989705814e-03,9.019607843137255054e-01,-3.921568627450980338e-02
1.008076483989649250e-03,9.019607843137255054e-01,3.921568627450980338e-02
1.008078483989592686e-03,8.627450980392157298e-01,3.921568627450980338e-02
1.008080483989536123e-03,9.411764705882352811e-01,-7.843137254901960675e-02
1.008082483989479559e-03,8.235294117647058432e-01,7.843137254901960675e-02
1.008084483989422995e-03,9.019607843137255054e-01,0.000000000000000000e+00
1.008086483989366431e-03,9.019607843137255054e-01,7.843137254901960675e-02
1.008088483989309867e-03,9.411764705882352811e-01,3.921568627450980338e-02
1.008090483989253303e-03,8.627450980392157298e-01,-3.921568627450980338e-02
1.008092483989196739e-03,9.019607843137255054e-01,3.921568627450980338e-02
1.008094483989140176e-03,9.019607843137255054e-01,0.000000000000000000e+00
1.008096483989083612e-03,9.411764705882352811e-01,0.000000000000000000e+00
1.008098483989027048e-03,8.235294117647058432e-01,7.843137254901960675e-02
1.008100483988970484e-03,9.019607843137255054e-01,-1.568627450980392135e-01
1.008102483988913920e-03,8.627450980392157298e-01,1.568627450980392135e-01
1.008104483988857356e-03,9.411764705882352811e-01,-3.921568627450980338e-02
1.008106483988800792e-03,8.627450980392157298e-01,-3.921568627450980338e-02
1.008108483988744229e-03,8.627450980392157298e-01,3.921568627450980338e-02
1.008110483988687665e-03,9.411764705882352811e-01,-3.921568627450980338e-02
1.008112483988631101e-03,9.019607843137255054e-01,7.843137254901960675e-02
1.008114483988574537e-03,8.627450980392157298e-01,0.000000000000000000e+00
1.008116483988517973e-03,8.627450980392157298e-01,3.921568627450980338e-02
1.008118483988461409e-03,8.627450980392157298e-01,3.921568627450980338e-02
1.008120483988404845e-03,9.411764705882352811e-01,-3.921568627450980338e-02
1.008122483988348281e-03,8.627450980392157298e-01,7.843137254901960675e-02
1.008124483988291718e-03,9.019607843137255054e-01,0.000000000000000000e+00
1.008126483988235154e-03,9.019607843137255054e-01,7.843137254901960675e-02
1.008128483988178590e-03,9.411764705882352811e-01,3.921568627450980338e-02
1.008130483988122026e-03,9.019607843137255054e-01,-7.843137254901960675e-02
1.008132483988065462e-03,8.627450980392157298e-01,3.921568627450980338e-02
1.008134483988008898e-03,9.019607843137255054e-01,0.000000000000000000e+00
1.008136483987952334e-03,9.411764705882352811e-01,0.000000000000000000e+00
1.008138483987895771e-03,8.235294117647058432e-01,7.843137254901960675e-02
1.008140483987839207e-03,9.411764705882352811e-01,-1.568627450980392135e-01
1.008142483987782643e-03,9.019607843137255054e-01,1.568627450980392135e-01
1.008144483987726079e-03,9.411764705882352811e-01,-3.921568627450980338e-02
1.008146483987669515e-03,8.235294117647058432e-01,0.000000000000000000e+00
1.008148483987612951e-03,8.627450980392157298e-01,3.921568627450980338e-02
1.008150483987556387e-03,9.019607843137255054e-01,-3.921568627450980338e-02
1.008152483987499824e-03,9.411764705882352811e-01,7.843137254901960675e-02
1.008154483987443260e-03,8.627450980392157298e-01,0.000000000000000000e+00
1.008156483987386696e-03,9.019607843137255054e-01,3.921568627450980338e-02
1.008158483987330132e-03,9.019607843137255054e-01,7.843137254901960675e-02
1.008160483987273568e-03,9.411764705882352811e-01,-7.843137254901960675e-02
1.008162483987217004e-03,8.235294117647058432e-01,3.921568627450980338e-02
1.008164483987160440e-03,9.019607843137255054e-01,0.000000000000000000e+00
1.008166483987103876e-03,8.627450980392157298e-01,3.921568627450980338e-02
1.008168483987047313e-03,9.411764705882352811e-01,3.921568627450980338e-02
1.008170483986990749e-03,8.235294117647058432e-01,-7.843137254901960675e-02
1.008172483986934185e-03,8.235294117647058432e-01,7.843137254901960675e-02
1.008174483986877621e-03,8.627450980392157298e-01,0.000000000000000000e+00
1.008176483986821057e-03,9.411764705882352811e-01,0.000000000000000000e+00
1.008178483986764493e-03,8.627450980392157298e-01,7.843137254901960675e-02
1.008180483986707929e-03,9.019607843137255054e-01,-1.568627450980392135e-01
1.008182483986651366e-03,9.019607843137255054e-01,7.843137254901960675e-02
1.008184483986594802e-03,9.411764705882352811e-01,3.921568627450980338e-02
1.008186483986538238e-03,8.627450980392157298e-01,-3.921568627450980338e-02
1.008188483986481674e-03,8.627450980392157298e-01,7.843137254901960675e-02
1.008190483986425110e-03,9.019607843137255054e-01,-3.921568627450980338e-02
1.008192483986368546e-03,9.411764705882352811e-01,3.921568627450980338e-02
1.008194483986311982e-03,8.627450980392157298e-01,-3.921568627450980338e-02
1.008196483986255419e-03,8.235294117647058432e-01,3.921568627450980338e-02
1.008198483986198855e-03,9.019607843137255054e-01,7.843137254901960675e-02
1.008200483986142291e-03,9.411764705882352811e-01,-7.843137254901960675e-02
1.008202483986085727e-03,8.235294117647058432e-01,7.843137254901960675e-02
1.008204483986029163e-03,8.627450980392157298e-01,0.000000000000000000e+00
1.008206483985972599e-03,9.019607843137255054e-01,3.921568627450980338e-02
1.008208483985916035e-03,9.411764705882352811e-01,3.921568627450980338e-02
1.008210483985859472e-03,8.627450980392157298e-01,-7.843137254901960675e-02
1.008212483985802908e-03,8.627450980392157298e-01,3.921568627450980338e-02
1.008214483985746344e-03,9.019607843137255054e-01,0.000000000000000000e+00
1.008216483985689780e-03,9.411764705882352811e-01,-7.843137254901960675e-02
1.008218483985633216e-03,8.627450980392157298e-01,7.843137254901960675e-02
1.008220483985576652e-03,8.627450980392157298e-01,-1.568627450980392135e-01
1.008222483985520088e-03,9.019607843137255054e-01,1.568627450980392135e-01
1.008224483985463524e-03,9.411764705882352811e-01,0.000000000000000000e+00
1.008226483985406961e-03,8.627450980392157298e-01,0.000000000000000000e+00
1.008228483985350397e-03,9.019607843137255054e-01,7.843137254901960675e-02
1.008230483985293833e-03,9.411764705882352811e-01,-7.843137254901960675e-02
1.008232483985237269e-03,9.019607843137255054e-01,7.843137254901960675e-02
1.008234483985180705e-03,8.627450980392157298e-01,-3.921568627450980338e-02
1.008236483985124141e-03,8.627450980392157298e-01,-1.568627450980392135e-01
1.008238483985067577e-03,9.019607843137255054e-01,3.921568627450980338e-02
1.008240483985011014e-03,9.411764705882352811e-01,-7.843137254901960675e-02
1.008242483984954450e-03,8.627450980392157298e-01,3.921568627450980338e-02
1.008244483984897886e-03,9.019607843137255054e-01,0.000000000000000000e+00
1.008246483984841322e-03,9.019607843137255054e-01,7.843137254901960675e-02
1.008248483984784758e-03,9.411764705882352811e-01,3.921568627450980338e-02
1.008250483984728194e-03,8.627450980392157298e-01,-7.843137254901960675e-02
1.008252483984671630e-03,8.627450980392157298e-01,3.921568627450980338e-02
1.008254483984615067e-03,9.411764705882352811e-01,0.000000000000000000e+00
1.008256483984558503e-03,9.411764705882352811e-01,0.000000000000000000e+00
1.008258483984501939e-03,8.627450980392157298e-01,7.843137254901960675e-02
1.008260483984445375e-03,9.019607843137255054e-01,-1.568627450980392135e-01
1.008262483984388811e-03,9.019607843137255054e-01,1.176470588235294101e-01
1.008264483984332247e-03,9.411764705882352811e-01,0.000000000000000000e+00
1.008266483984275683e-03,8.627450980392157298e-01,0.000000000000000000e+00
1.008268483984219119e-03,9.019607843137255054e-01,7.843137254901960675e-02
1.008270483984162556e-03,9.411764705882352811e-01,0.000000000000000000e+00
1.008272483984105992e-03,9.019607843137255054e-01,0.000000000000000000e+00
1.008274483984049428e-03,8.627450980392157298e-01,0.000000000000000000e+00
1.008276483983992864e-03,9.019607843137255054e-01,0.000000000000000000e+00
1.008278483983936300e-03,9.019607843137255054e-01,3.921568627450980338e-02
1.008280483983879736e-03,9.411764705882352811e-01,-3.921568627450980338e-02
1.008282483983823172e-03,8.235294117647058432e-01,7.843137254901960675e-02
1.008284483983766609e-03,8.627450980392157298e-01,0.000000000000000000e+00
1.008286483983710045e-03,9.019607843137255054e-01,7.843137254901960675e-02
1.008288483983653481e-03,9.411764705882352811e-01,3.921568627450980338e-02
1.008290483983596917e-03,8.235294117647058432e-01,-3.921568627450980338e-02
1.008292483983540353e-03,9.019607843137255054e-01,3.921568627450980338e-02
1.008294483983483789e-03,9.411764705882352811e-01,0.000000000000000000e+00
1.008296483983427225e-03,9.411764705882352811e-01,-3.921568627450980338e-02
1.008298483983370662e-03,8.627450980392157298e-01,7.843137254901960675e-02
1.008300483983314098e-03,8.627450980392157298e-01,-1.568627450980392135e-01
1.008302483983257534e-03,9.019607843137255054e-01,1.176470588235294101e-01
1.008304483983200970e-03,9.411764705882352811e-01,0.000000000000000000e+00
1.008306483983144406e-03,8.235294117647058432e-01,0.000000000000000000e+00
1.008308483983087842e-03,8.627450980392157298e-01,7.843137254901960675e-02
1.008310483983031278e-03,9.411764705882352811e-01,-7.843137254901960675e-02
1.008312483982974714e-03,9.411764705882352811e-01,3.921568627450980338e-02
1.008314483982918151e-03,8.627450980392157298e-01,0.000000000000000000e+00
1.008316483982861587e-03,8.627450980392157298e-01,0.000000000000000000e+00
1.008318483982805023e-03,8.627450980392157298e-01,3.921568627450980338e-02
1.008320483982748459e-03,9.411764705882352811e-01,-7.843137254901960675e-02
1.008322483982691895e-03,8.627450980392157298e-01,7.843137254901960675e-02
1.008324483982635331e-03,9.019607843137255054e-01,0.000000000000000000e+00
1.008326483982578767e-03,9.411764705882352811e-01,7.843137254901960675e-02
1.008328483982522204e-03,9.411764705882352811e-01,3.921568627450980338e-02
1.008330483982465640e-03,8.235294117647058432e-01,-7.843137254901960675e-02
1.008332483982409076e-03,8.627450980392157298e-01,3.921568627450980338e-02
1.008334483982352512e-03,9.019607843137255054e-01,-3.921568627450980338e-02
1.008336483982295948e-03,9.411764705882352811e-01,0.000000000000000000e+00
1.008338483982239384e-03,8.235294117647058432e-01,7.843137254901960675e-02
1.008340483982182820e-03,9.019607843137255054e-01,-1.568627450980392135e-01
1.008342483982126257e-03,8.627450980392157298e-01,7.843137254901960675e-02
1.008344483982069693e-03,9.411764705882352811e-01,0.000000000000000000e+00
1.008346483982013129e-03,8.235294117647058432e-01,0.000000000000000000e+00
1.008348483981956565e-03,9.019607843137255054e-01,7.843137254901960675e-02
1.008350483981900001e-03,9.019607843137255054e-01,-3.921568627450980338e-02
1.008352483981843437e-03,9.411764705882352811e-01,7.843137254901960675e-02
1.008354483981786873e-03,8.627450980392157298e-01,0.000000000000000000e+00
1.008356483981730310e-03,8.627450980392157298e-01,0.000000000000000000e+00
1.008358483981673746e-03,8.627450980392157298e-01,7.843137254901960675e-02
1.008360483981617182e-03,9.411764705882352811e-01,-7.843137254901960675e-02
1.008362483981560618e-03,8.627450980392157298e-01,7.843137254901960675e-02
1.008364483981504054e-03,9.019607843137255054e-01,0.000000000000000000e+00
1.008366483981447490e-03,9.019607843137255054e-01,7.843137254901960675e-02
1.008368483981390926e-03,9.411764705882352811e-01,7.843137254901960675e-02
1.008370483981334362e-03,8.627450980392157298e-01,-7.843137254901960675e-02
1.008372483981277799e-03,8.627450980392157298e-01,7.843137254901960675e-02
1.008374483981221235e-03,9.019607843137255054e-01,0.000000000000000000e+00
1.008376483981164671e-03,9.411764705882352811e-01,0.000000000000000000e+00
1.008378483981108107e-03,8.627450980392157298e-01,7.843137254901960675e-02
1.008380483981051543e-03,9.019607843137255054e-01,-1.568627450980392135e-01
1.008382483980994979e-03,9.019607843137255054e-01,1.176470588235294101e-01
1.008384483980938415e-03,9.411764705882352811e-01,0.000000000000000000e+00
1.008386483980881852e-03,9.019607843137255054e-01,-3.921568627450980338e-02
1.008388483980825288e-03,8.627450980392157298e-01,7.843137254901960675e-02
1.008390483980768724e-03,9.019607843137255054e-01,0.000000000000000000e+00
1.008392483980712160e-03,9.411764705882352811e-01,3.921568627450980338e-02
1.008394483980655596e-03,8.235294117647058432e-01,0.000000000000000000e+00
1.008396483980599032e-03,9.019607843137255054e-01,7.843137254901960675e-02
1.008398483980542468e-03,9.019607843137255054e-01,7.843137254901960675e-02
1.008400483980485905e-03,9.411764705882352811e-01,-7.843137254901960675e-02
1.008402483980429341e-03,8.235294117647058432e-01,7.843137254901960675e-02
1.008404483980372777e-03,9.019607843137255054e-01,0.000000000000000000e+00
1.008406483980316213e-03,9.019607843137255054e-01,3.921568627450980338e-02
1.008408483980259649e-03,9.411764705882352811e-01,7.843137254901960675e-02
1.008410483980203085e-03,8.235294117647058432e-01,-7.843137254901960675e-02
1.008412483980146521e-03,8.627450980392157298e-01,1.176470588235294101e-01
1.008414483980089957e-03,9.019607843137255054e-01,0.000000000000000000e+00
1.008416483980033394e-03,9.411764705882352811e-01,-3.921568627450980338e-02
1.008418483979976830e-03,8.627450980392157298e-01,7.843137254901960675e-02
1.008420483979920266e-03,9.019607843137255054e-01,-7.843137254901960675e-02
1.008422483979863702e-03,9.019607843137255054e-01,1.568627450980392135e-01
1.008424483979807138e-03,9.411764705882352811e-01,-3.921568627450980338e-02
1.008426483979750574e-03,8.627450980392157298e-01,0.000000000000000000e+00
1.008428483979694010e-03,8.627450980392157298e-01,7.843137254901960675e-02
1.008430483979637447e-03,9.019607843137255054e-01,-3.921568627450980338e-02
1.008432483979580883e-03,9.411764705882352811e-01,7.843137254901960675e-02
1.008434483979524319e-03,8.627450980392157298e-01,0.000000000000000000e+00
1.008436483979467755e-03,9.019607843137255054e-01,0.000000000000000000e+00
1.008438483979411191e-03,9.019607843137255054e-01,7.843137254901960675e-02
1.008440483979354627e-03,9.411764705882352811e-01,-7.843137254901960675e-02
1.008442483979298063e-03,8.235294117647058432e-01,7.843137254901960675e-02
1.008444483979241500e-03,9.019607843137255054e-01,0.000000000000000000e+00
1.008446483979184936e-03,9.019607843137255054e-01,3.921568627450980338e-02
1.008448483979128372e-03,9.019607843137255054e-01,0.000000000000000000e+00
1.008450483979071808e-03,8.627450980392157298e-01,-3.921568627450980338e-02
1.008452483979015244e-03,8.627450980392157298e-01,7.843137254901960675e-02
1.008454483978958680e-03,9.019607843137255054e-01,0.000000000000000000e+00
1.008456483978902116e-03,9.411764705882352811e-01,0.000000000000000000e+00
1.008458483978845553e-03,8.235294117647058432e-01,7.843137254901960675e-02
1.008460483978788989e-03,9.019607843137255054e-01,-1.568627450980392135e-01
1.008462483978732425e-03,9.019607843137255054e-01,7.843137254901960675e-02
1.008464483978675861e-03,9.411764705882352811e-01,0.000000000000000000e+00
1.008466483978619297e-03,8.627450980392157298e-01,-3.921568627450980338e-02
1.008468483978562733e-03,8.627450980392157298e-01,7.843137254901960675e-02
1.008470483978506169e-03,9.019607843137255054e-01,-3.921568627450980338e-02
1.008472483978449605e-03,9.411764705882352811e-01,7.843137254901960675e-02
1.008474483978393042e-03,8.627450980392157298e-01,0.000000000000000000e+00
1.008476483978336478e-03,9.019607843137255054e-01,3.921568627450980338e-02
1.008478483978279914e-03,9.019607843137255054e-01,7.843137254901960675e-02
1.008480483978223350e-03,9.411764705882352811e-01,-7.843137254901960675e-02
1.008482483978166786e-03,8.235294117647058432e-01,7.843137254901960675e-02
1.008484483978110222e-03,9.019607843137255054e-01,0.000000000000000000e+00
1.008486483978053658e-03,9.019607843137255054e-01,3.921568627450980338e-02
1.008488483977997095e-03,9.411764705882352811e-01,3.921568627450980338e-02
1.008490483977940531e-03,8.627450980392157298e-01,0.000000000000000000e+00
1.008492483977883967e-03,8.627450980392157298e-01,7.843137254901960675e-02
1.008494483977827403e-03,9.019607843137255054e-01,0.000000000000000000e+00
1.008496483977770839e-03,9.411764705882352811e-01,-3.921568627450980338e-02
1.008498483977714275e-03,8.627450980392157298e-01,7.843137254901960675e-02
1.008500483977657711e-03,9.019607843137255054e-01,-1.568627450980392135e-01
1.008502483977601148e-03,9.019607843137255054e-01,1.568627450980392135e-01
1.008504483977544584e-03,9.411764705882352811e-01,-3.921568627450980338e-02
1.008506483977488020e-03,8.235294117647058432e-01,0.000000000000000000e+00
1.008508483977431456e-03,8.627450980392157298e-01,7.843137254901960675e-02
1.008510483977374892e-03,9.019607843137255054e-01,-3.921568627450980338e-02
1.008512483977318328e-03,9.019607843137255054e-01,7.843137254901960675e-02
1.008514483977261764e-03,8.627450980392157298e-01,0.000000000000000000e+00
1.008516483977205200e-03,9.019607843137255054e-01,3.921568627450980338e-02
1.008518483977148637e-03,8.627450980392157298e-01,7.843137254901960675e-02
1.008520483977092073e-03,9.411764705882352811e-01,-7.843137254901960675e-02
1.008522483977035509e-03,8.627450980392157298e-01,7.843137254901960675e-02
1.008524483976978945e-03,9.019607843137255054e-01,0.000000000000000000e+00
1.008526483976922381e-03,9.411764705882352811e-01,3.921568627450980338e-02
1.008528483976865817e-03,9.411764705882352811e-01,7.843137254901960675e-02
1.008530483976809253e-03,8.627450980392157298e-01,-7.843137254901960675e-02
1.008532483976752690e-03,8.627450980392157298e-01,3.921568627450980338e-02
1.008534483976696126e-03,9.019607843137255054e-01,0.000000000000000000e+00
1.008536483976639562e-03,9.411764705882352811e-01,-3.921568627450980338e-02
1.008538483976582998e-03,8.235294117647058432e-01,1.176470588235294101e-01
1.008540483976526434e-03,9.019607843137255054e-01,-7.843137254901960675e-02
1.008542483976469870e-03,9.019607843137255054e-01,7.843137254901960675e-02
1.008544483976413306e-03,9.411764705882352811e-01,3.921568627450980338e-02
1.008546483976356743e-03,8.627450980392157298e-01,-3.921568627450980338e-02
1.008548483976300179e-03,9.019607843137255054e-01,7.843137254901960675e-02
1.008550483976243615e-03,9.019607843137255054e-01,-3.921568627450980338e-02
1.008552483976187051e-03,9.411764705882352811e-01,3.921568627450980338e-02
1.008554483976130487e-03,8.627450980392157298e-01,0.000000000000000000e+00
1.008556483976073923e-03,9.019607843137255054e-01,7.843137254901960675e-02
1.008558483976017359e-03,9.019607843137255054e-01,7.843137254901960675e-02
1.008560483975960795e-03,9.411764705882352811e-01,-7.843137254901960675e-02
1.008562483975904232e-03,8.627450980392157298e-01,7.843137254901960675e-02
1.008564483975847668e-03,9.411764705882352811e-01,0.000000000000000000e+00
1.008566483975791104e-03,9.019607843137255054e-01,7.843137254901960675e-02
1.008568483975734540e-03,9.019607843137255054e-01,7.843137254901960675e-02
1.008570483975677976e-03,8.235294117647058432e-01,-7.843137254901960675e-02
1.008572483975621412e-03,9.019607843137255054e-01,7.843137254901960675e-02
1.008574483975564848e-03,9.019607843137255054e-01,0.000000000000000000e+00
1.008576483975508285e-03,9.411764705882352811e-01,-3.921568627450980338e-02
1.008578483975451721e-03,8.627450980392157298e-01,7.843137254901960675e-02
1.008580483975395157e-03,8.627450980392157298e-01,-7.843137254901960675e-02
1.008582483975338593e-03,9.019607843137255054e-01,1.568627450980392135e-01
1.008584483975282029e-03,9.411764705882352811e-01,-7.843137254901960675e-02
1.008586483975225465e-03,8.627450980392157298e-01,0.000000000000000000e+00
1.008588483975168901e-03,8.627450980392157298e-01,7.843137254901960675e-02
1.008590483975112338e-03,9.411764705882352811e-01,-3.921568627450980338e-02
1.008592483975055774e-03,9.411764705882352811e-01,7.843137254901960675e-02
1.008594483974999210e-03,8.235294117647058432e-01,-7.843137254901960675e-02
1.008596483974942646e-03,9.019607843137255054e-01,0.000000000000000000e+00
1.008598483974886082e-03,9.019607843137255054e-01,7.843137254901960675e-02
1.008600483974829518e-03,9.411764705882352811e-01,-7.843137254901960675e-02
1.008602483974772954e-03,8.235294117647058432e-01,7.843137254901960675e-02
1.008604483974716391e-03,8.627450980392157298e-01,0.000000000000000000e+00
1.008606483974659827e-03,9.019607843137255054e-01,3.921568627450980338e-02
1.008608483974603263e-03,9.411764705882352811e-01,7.843137254901960675e-02
1.008610483974546699e-03,8.235294117647058432e-01,-7.843137254901960675e-02
1.008612483974490135e-03,8.627450980392157298e-01,7.843137254901960675e-02
1.008614483974433571e-03,8.627450980392157298e-01,0.000000000000000000e+00
1.008616483974377007e-03,9.019607843137255054e-01,0.000000000000000000e+00
1.008618483974320443e-03,8.627450980392157298e-01,7.843137254901960675e-02
1.008620483974263880e-03,9.019607843137255054e-01,-1.568627450980392135e-01
1.008622483974207316e-03,9.019607843137255054e-01,1.176470588235294101e-01
1.008624483974150752e-03,9.411764705882352811e-01,0.000000000000000000e+00
1.008626483974094188e-03,8.235294117647058432e-01,-3.921568627450980338e-02
1.008628483974037624e-03,9.019607843137255054e-01,7.843137254901960675e-02
1.008630483973981060e-03,9.411764705882352811e-01,-3.921568627450980338e-02
1.008632483973924496e-03,9.411764705882352811e-01,3.921568627450980338e-02
1.008634483973867933e-03,8.627450980392157298e-01,0.000000000000000000e+00
1.008636483973811369e-03,8.627450980392157298e-01,0.000000000000000000e+00
1.008638483973754805e-03,9.019607843137255054e-01,7.843137254901960675e-02
1.008640483973698241e-03,9.411764705882352811e-01,-7.843137254901960675e-02
1.008642483973641677e-03,8.627450980392157298e-01,7.843137254901960675e-02
1.008644483973585113e-03,9.019607843137255054e-01,0.000000000000000000e+00
1.008646483973528549e-03,9.019607843137255054e-01,7.843137254901960675e-02
1.008648483973471986e-03,9.019607843137255054e-01,7.843137254901960675e-02
1.008650483973415422e-03,8.627450980392157298e-01,-7.843137254901960675e-02
1.008652483973358858e-03,8.627450980392157298e-01,1.176470588235294101e-01
1.008654483973302294e-03,9.019607843137255054e-01,3.921568627450980338e-02
1.008656483973245730e-03,9.411764705882352811e-01,-3.921568627450980338e-02
1.008658483973189166e-03,8.235294117647058432e-01,3.921568627450980338e-02
1.008660483973132602e-03,9.019607843137255054e-01,-1.568627450980392135e-01
1.008662483973076038e-03,8.627450980392157298e-01,1.568627450980392135e-01
1.008664483973019475e-03,9.411764705882352811e-01,-3.921568627450980338e-02
1.008666483972962911e-03,8.235294117647058432e-01,0.000000000000000000e+00
1.008668483972906347e-03,9.019607843137255054e-01,7.843137254901960675e-02
1.008670483972849783e-03,9.019607843137255054e-01,-3.921568627450980338e-02
1.008672483972793219e-03,9.411764705882352811e-01,7.843137254901960675e-02
1.008674483972736655e-03,8.627450980392157298e-01,0.000000000000000000e+00
1.008676483972680091e-03,8.235294117647058432e-01,0.000000000000000000e+00
1.008678483972623528e-03,9.019607843137255054e-01,7.843137254901960675e-02
1.008680483972566964e-03,9.411764705882352811e-01,-3.921568627450980338e-02
1.008682483972510400e-03,8.235294117647058432e-01,3.921568627450980338e-02
1.008684483972453836e-03,9.019607843137255054e-01,0.000000000000000000e+00
1.008686483972397272e-03,9.019607843137255054e-01,7.843137254901960675e-02
1.008688483972340708e-03,9.411764705882352811e-01,3.921568627450980338e-02
1.008690483972284144e-03,8.627450980392157298e-01,-7.843137254901960675e-02
1.008692483972227581e-03,8.627450980392157298e-01,1.176470588235294101e-01
1.008694483972171017e-03,8.627450980392157298e-01,0.000000000000000000e+00
1.008696483972114453e-03,9.411764705882352811e-01,0.000000000000000000e+00
1.008698483972057889e-03,8.235294117647058432e-01,7.843137254901960675e-02
1.008700483972001325e-03,9.019607843137255054e-01,-1.568627450980392135e-01
1.008702483971944761e-03,8.627450980392157298e-01,1.176470588235294101e-01
1.008704483971888197e-03,9.019607843137255054e-01,0.000000000000000000e+00
1.008706483971831634e-03,8.627450980392157298e-01,-3.921568627450980338e-02
1.008708483971775070e-03,8.627450980392157298e-01,7.843137254901960675e-02
1.008710483971718506e-03,9.411764705882352811e-01,-3.921568627450980338e-02
1.008712483971661942e-03,9.411764705882352811e-01,7.843137254901960675e-02
1.008714483971605378e-03,8.627450980392157298e-01,0.000000000000000000e+00
1.008716483971548814e-03,8.627450980392157298e-01,3.921568627450980338e-02
1.008718483971492250e-03,9.019607843137255054e-01,7.843137254901960675e-02
1.008720483971435686e-03,9.411764705882352811e-01,-7.843137254901960675e-02
1.008722483971379123e-03,8.235294117647058432e-01,7.843137254901960675e-02
1.008724483971322559e-03,8.627450980392157298e-01,0.000000000000000000e+00
1.008726483971265995e-03,9.019607843137255054e-01,7.843137254901960675e-02
1.008728483971209431e-03,9.411764705882352811e-01,3.921568627450980338e-02
1.008730483971152867e-03,8.235294117647058432e-01,-3.921568627450980338e-02
1.008732483971096303e-03,9.019607843137255054e-01,7.843137254901960675e-02
1.008734483971039739e-03,9.019607843137255054e-01,0.000000000000000000e+00
1.008736483970983176e-03,9.411764705882352811e-01,0.000000000000000000e+00
1.008738483970926612e-03,8.627450980392157298e-01,7.843137254901960675e-02
1.008740483970870048e-03,8.627450980392157298e-01,-7.843137254901960675e-02
1.008742483970813484e-03,8.627450980392157298e-01,1.568627450980392135e-01
1.008744483970756920e-03,9.411764705882352811e-01,-3.921568627450980338e-02
1.008746483970700356e-03,8.627450980392157298e-01,0.000000000000000000e+00
1.008748483970643792e-03,9.019607843137255054e-01,7.843137254901960675e-02
1.008750483970587229e-03,9.019607843137255054e-01,-3.921568627450980338e-02
1.008752483970530665e-03,9.411764705882352811e-01,7.843137254901960675e-02
1.008754483970474101e-03,8.627450980392157298e-01,0.000000000000000000e+00
1.008756483970417537e-03,9.019607843137255054e-01,3.921568627450980338e-02
1.008758483970360973e-03,9.019607843137255054e-01,7.843137254901960675e-02
1.008760483970304409e-03,9.411764705882352811e-01,-7.843137254901960675e-02
1.008762483970247845e-03,8.235294117647058432e-01,7.843137254901960675e-02
1.008764483970191281e-03,9.019607843137255054e-01,0.000000000000000000e+00
1.008766483970134718e-03,9.019607843137255054e-01,7.843137254901960675e-02
1.008768483970078154e-03,9.411764705882352811e-01,3.921568627450980338e-02
1.008770483970021590e-03,8.627450980392157298e-01,-7.843137254901960675e-02
1.008772483969965026e-03,8.627450980392157298e-01,3.921568627450980338e-02
1.008774483969908462e-03,9.019607843137255054e-01,0.000000000000000000e+00
1.008776483969851898e-03,9.411764705882352811e-01,0.000000000000000000e+00
1.008778483969795334e-03,8.235294117647058432e-01,1.568627450980392135e-01
1.008780483969738771e-03,9.411764705882352811e-01,-1.568627450980392135e-01
1.008782483969682207e-03,8.627450980392157298e-01,1.176470588235294101e-01
1.008784483969625643e-03,9.411764705882352811e-01,3.921568627450980338e-02
1.008786483969569079e-03,8.627450980392157298e-01,0.000000000000000000e+00
1.008788483969512515e-03,8.627450980392157298e-01,3.921568627450980338e-02
1.008790483969455951e-03,9.019607843137255054e-01,-3.921568627450980338e-02
1.008792483969399387e-03,9.411764705882352811e-01,7.843137254901960675e-02
1.008794483969342824e-03,8.627450980392157298e-01,-3.921568627450980338e-02
1.008796483969286260e-03,8.627450980392157298e-01,3.921568627450980338e-02
1.008798483969229696e-03,9.019607843137255054e-01,7.843137254901960675e-02
1.008800483969173132e-03,9.411764705882352811e-01,-7.843137254901960675e-02
1.008802483969116568e-03,8.627450980392157298e-01,7.843137254901960675e-02
1.008804483969060004e-03,9.019607843137255054e-01,0.000000000000000000e+00
1.008806483969003440e-03,9.019607843137255054e-01,7.843137254901960675e-02
1.008808483968946876e-03,9.411764705882352811e-01,3.921568627450980338e-02
1.008810483968890313e-03,8.627450980392157298e-01,-7.843137254901960675e-02
1.008812483968833749e-03,9.019607843137255054e-01,3.921568627450980338e-02
1.008814483968777185e-03,9.019607843137255054e-01,0.000000000000000000e+00
1.008816483968720621e-03,9.411764705882352811e-01,3.921568627450980338e-02
1.008818483968664057e-03,8.627450980392157298e-01,7.843137254901960675e-02
1.008820483968607493e-03,9.019607843137255054e-01,-1.568627450980392135e-01
1.008822483968550929e-03,9.019607843137255054e-01,7.843137254901960675e-02
1.008824483968494366e-03,9.411764705882352811e-01,0.000000000000000000e+00
1.008826483968437802e-03,8.627450980392157298e-01,0.000000000000000000e+00
1.008828483968381238e-03,9.019607843137255054e-01,7.843137254901960675e-02
1.008830483968324674e-03,9.019607843137255054e-01,0.000000000000000000e+00
1.008832483968268110e-03,9.019607843137255054e-01,3.921568627450980338e-02
1.008834483968211546e-03,8.627450980392157298e-01,0.000000000000000000e+00
1.008836483968154982e-03,8.627450980392157298e-01,0.000000000000000000e+00
1.008838483968098419e-03,9.019607843137255054e-01,7.843137254901960675e-02
1.008840483968041855e-03,9.411764705882352811e-01,-7.843137254901960675e-02
1.008842483967985291e-03,8.235294117647058432e-01,3.921568627450980338e-02
1.008844483967928727e-03,8.627450980392157298e-01,3.921568627450980338e-02
1.008846483967872163e-03,9.019607843137255054e-01,3.921568627450980338e-02
1.008848483967815599e-03,9.411764705882352811e-01,7.843137254901960675e-02
1.008850483967759035e-03,8.627450980392157298e-01,-7.843137254901960675e-02
1.008852483967702472e-03,9.019607843137255054e-01,7.843137254901960675e-02
1.008854483967645908e-03,9.019607843137255054e-01,0.000000000000000000e+00
1.008856483967589344e-03,9.411764705882352811e-01,-3.921568627450980338e-02
1.008858483967532780e-03,8.627450980392157298e-01,7.843137254901960675e-02
1.008860483967476216e-03,9.019607843137255054e-01,-1.568627450980392135e-01
1.008862483967419652e-03,9.019607843137255054e-01,1.176470588235294101e-01
1.008864483967363088e-03,9.019607843137255054e-01,3.921568627450980338e-02
1.008866483967306524e-03,8.627450980392157298e-01,0.000000000000000000e+00
1.008868483967249961e-03,9.019607843137255054e-01,7.843137254901960675e-02
1.008870483967193397e-03,9.019607843137255054e-01,-3.921568627450980338e-02
1.008872483967136833e-03,9.019607843137255054e-01,7.843137254901960675e-02
1.008874483967080269e-03,8.627450980392157298e-01,0.000000000000000000e+00
1.008876483967023705e-03,8.235294117647058432e-01,0.000000000000000000e+00
1.008878483966967141e-03,9.019607843137255054e-01,7.843137254901960675e-02
1.008880483966910577e-03,9.411764705882352811e-01,-7.843137254901960675e-02
1.008882483966854014e-03,8.235294117647058432e-01,7.843137254901960675e-02
1.008884483966797450e-03,8.235294117647058432e-01,0.000000000000000000e+00
1.008886483966740886e-03,9.019607843137255054e-01,7.843137254901960675e-02
1.008888483966684322e-03,9.411764705882352811e-01,3.921568627450980338e-02
1.008890483966627758e-03,8.627450980392157298e-01,-3.921568627450980338e-02
1.008892483966571194e-03,8.627450980392157298e-01,7.843137254901960675e-02
1.008894483966514630e-03,9.019607843137255054e-01,0.000000000000000000e+00
1.008896483966458067e-03,9.411764705882352811e-01,-3.921568627450980338e-02
1.008898483966401503e-03,8.235294117647058432e-01,7.843137254901960675e-02
1.008900483966344939e-03,8.627450980392157298e-01,-7.843137254901960675e-02
1.008902483966288375e-03,9.019607843137255054e-01,1.176470588235294101e-01
1.008904483966231811e-03,9.411764705882352811e-01,0.000000000000000000e+00
1.008906483966175247e-03,8.627450980392157298e-01,-3.921568627450980338e-02
1.008908483966118683e-03,8.627450980392157298e-01,3.921568627450980338e-02
1.008910483966062119e-03,9.019607843137255054e-01,-3.921568627450980338e-02
1.008912483966005556e-03,9.411764705882352811e-01,7.843137254901960675e-02
1.008914483965948992e-03,9.019607843137255054e-01,0.000000000000000000e+00
1.008916483965892428e-03,8.627450980392157298e-01,3.921568627450980338e-02
1.008918483965835864e-03,9.019607843137255054e-01,7.843137254901960675e-02
1.008920483965779300e-03,9.411764705882352811e-01,-3.921568627450980338e-02
1.008922483965722736e-03,8.627450980392157298e-01,7.843137254901960675e-02
1.008924483965666172e-03,9.019607843137255054e-01,0.000000000000000000e+00
1.008926483965609609e-03,9.019607843137255054e-01,1.176470588235294101e-01
1.008928483965553045e-03,9.411764705882352811e-01,3.921568627450980338e-02
1.008930483965496481e-03,8.627450980392157298e-01,-3.921568627450980338e-02
1.008932483965439917e-03,8.235294117647058432e-01,3.921568627450980338e-02
1.008934483965383353e-03,9.019607843137255054e-01,0.000000000000000000e+00
1.008936483965326789e-03,9.411764705882352811e-01,0.000000000000000000e+00
1.008938483965270225e-03,8.627450980392157298e-01,7.843137254901960675e-02
1.008940483965213662e-03,9.019607843137255054e-01,-1.568627450980392135e-01
1.008942483965157098e-03,9.019607843137255054e-01,1.568627450980392135e-01
1.008944483965100534e-03,9.411764705882352811e-01,-3.921568627450980338e-02
1.008946483965043970e-03,8.627450980392157298e-01,-3.921568627450980338e-02
1.008948483964987406e-03,8.235294117647058432e-01,7.843137254901960675e-02
1.008950483964930842e-03,9.411764705882352811e-01,-3.921568627450980338e-02
1.008952483964874278e-03,9.411764705882352811e-01,7.843137254901960675e-02
1.008954483964817714e-03,8.627450980392157298e-01,0.000000000000000000e+00
1.008956483964761151e-03,9.019607843137255054e-01,3.921568627450980338e-02
1.008958483964704587e-03,9.019607843137255054e-01,7.843137254901960675e-02
1.008960483964648023e-03,9.411764705882352811e-01,-7.843137254901960675e-02
1.008962483964591459e-03,8.627450980392157298e-01,7.843137254901960675e-02
1.008964483964534895e-03,8.627450980392157298e-01,0.000000000000000000e+00
1.008966483964478331e-03,9.019607843137255054e-01,3.921568627450980338e-02
1.008968483964421767e-03,9.019607843137255054e-01,7.843137254901960675e-02
1.008970483964365204e-03,8.627450980392157298e-01,-7.843137254901960675e-02
1.008972483964308640e-03,9.019607843137255054e-01,3.921568627450980338e-02
1.008974483964252076e-03,8.627450980392157298e-01,0.000000000000000000e+00
1.008976483964195512e-03,9.411764705882352811e-01,0.000000000000000000e+00
1.008978483964138948e-03,8.627450980392157298e-01,7.843137254901960675e-02
1.008980483964082384e-03,9.019607843137255054e-01,-1.568627450980392135e-01
1.008982483964025820e-03,9.019607843137255054e-01,1.176470588235294101e-01
1.008984483963969257e-03,9.411764705882352811e-01,-3.921568627450980338e-02
1.008986483963912693e-03,8.235294117647058432e-01,0.000000000000000000e+00
1.008988483963856129e-03,9.019607843137255054e-01,7.843137254901960675e-02
1.008990483963799565e-03,9.019607843137255054e-01,-3.921568627450980338e-02
1.008992483963743001e-03,9.411764705882352811e-01,7.843137254901960675e-02
1.008994483963686437e-03,8.627450980392157298e-01,0.000000000000000000e+00
1.008996483963629873e-03,9.411764705882352811e-01,3.921568627450980338e-02
1.008998483963573310e-03,9.019607843137255054e-01,3.921568627450980338e-02
1.009000483963516746e-03,9.411764705882352811e-01,-7.843137254901960675e-02
1.009002483963460182e-03,8.627450980392157298e-01,7.843137254901960675e-02
1.009004483963403618e-03,9.411764705882352811e-01,0.000000000000000000e+00
1.009006483963347054e-03,9.019607843137255054e-01,3.921568627450980338e-02
1.009008483963290490e-03,9.411764705882352811e-01,3.921568627450980338e-02
1.009010483963233926e-03,8.627450980392157298e-01,-7.843137254901960675e-02
1.009012483963177362e-03,9.019607843137255054e-01,7.843137254901960675e-02
1.009014483963120799e-03,9.019607843137255054e-01,0.000000000000000000e+00
1.009016483963064235e-03,9.411764705882352811e-01,-3.921568627450980338e-02
1.009018483963007671e-03,8.627450980392157298e-01,7.843137254901960675e-02
1.009020483962951107e-03,8.627450980392157298e-01,-1.568627450980392135e-01
1.009022483962894543e-03,9.019607843137255054e-01,7.843137254901960675e-02
1.009024483962837979e-03,9.411764705882352811e-01,0.000000000000000000e+00
1.009026483962781415e-03,8.627450980392157298e-01,-3.921568627450980338e-02
1.009028483962724852e-03,8.627450980392157298e-01,7.843137254901960675e-02
1.009030483962668288e-03,9.019607843137255054e-01,-3.921568627450980338e-02
1.009032483962611724e-03,9.019607843137255054e-01,7.843137254901960675e-02
1.009034483962555160e-03,8.235294117647058432e-01,0.000000000000000000e+00
1.009036483962498596e-03,9.019607843137255054e-01,7.843137254901960675e-02
1.009038483962442032e-03,9.019607843137255054e-01,7.843137254901960675e-02
1.009040483962385468e-03,9.411764705882352811e-01,-3.921568627450980338e-02
1.009042483962328905e-03,8.627450980392157298e-01,7.843137254901960675e-02
1.009044483962272341e-03,9.019607843137255054e-01,0.000000000000000000e+00
1.009046483962215777e-03,9.019607843137255054e-01,7.843137254901960675e-02
1.009048483962159213e-03,9.411764705882352811e-01,7.843137254901960675e-02
1.009050483962102649e-03,8.627450980392157298e-01,-7.843137254901960675e-02
1.009052483962046085e-03,9.019607843137255054e-01,3.921568627450980338e-02
1.009054483961989521e-03,9.019607843137255054e-01,0.000000000000000000e+00
1.009056483961932957e-03,9.411764705882352811e-01,-3.921568627450980338e-02
1.009058483961876394e-03,8.627450980392157298e-01,7.843137254901960675e-02
1.009060483961819830e-03,9.019607843137255054e-01,-1.568627450980392135e-01
1.009062483961763266e-03,8.627450980392157298e-01,1.568627450980392135e-01
1.009064483961706702e-03,9.411764705882352811e-01,-3.921568627450980338e-02
1.009066483961650138e-03,8.627450980392157298e-01,0.000000000000000000e+00
1.009068483961593574e-03,8.235294117647058432e-01,3.921568627450980338e-02
1.009070483961537010e-03,9.411764705882352811e-01,-1.568627450980392135e-01
1.009072483961480447e-03,9.411764705882352811e-01,7.843137254901960675e-02
1.009074483961423883e-03,8.627450980392157298e-01,0.000000000000000000e+00
1.009076483961367319e-03,8.627450980392157298e-01,3.921568627450980338e-02
1.009078483961310755e-03,9.019607843137255054e-01,7.843137254901960675e-02
1.009080483961254191e-03,9.411764705882352811e-01,-7.843137254901960675e-02
1.009082483961197627e-03,8.627450980392157298e-01,0.000000000000000000e+00
1.009084483961141063e-03,9.019607843137255054e-01,0.000000000000000000e+00
1.009086483961084500e-03,8.627450980392157298e-01,7.843137254901960675e-02
1.009088483961027936e-03,9.411764705882352811e-01,7.843137254901960675e-02
1.009090483960971372e-03,8.627450980392157298e-01,-7.843137254901960675e-02
1.009092483960914808e-03,9.019607843137255054e-01,7.843137254901960675e-02
1.009094483960858244e-03,9.019607843137255054e-01,-3.921568627450980338e-02
1.009096483960801680e-03,9.411764705882352811e-01,-3.921568627450980338e-02
1.009098483960745116e-03,8.627450980392157298e-01,7.843137254901960675e-02
1.009100483960688553e-03,9.019607843137255054e-01,-1.568627450980392135e-01
1.009102483960631989e-03,9.019607843137255054e-01,7.843137254901960675e-02
1.009104483960575425e-03,9.411764705882352811e-01,0.000000000000000000e+00
1.009106483960518861e-03,8.235294117647058432e-01,-3.921568627450980338e-02
1.009108483960462297e-03,9.019607843137255054e-01,1.176470588235294101e-01
1.009110483960405733e-03,9.019607843137255054e-01,-3.921568627450980338e-02
1.009112483960349169e-03,9.019607843137255054e-01,7.843137254901960675e-02
1.009114483960292605e-03,8.627450980392157298e-01,0.000000000000000000e+00
1.009116483960236042e-03,9.019607843137255054e-01,3.921568627450980338e-02
1.009118483960179478e-03,9.019607843137255054e-01,7.843137254901960675e-02
1.009120483960122914e-03,9.411764705882352811e-01,-7.843137254901960675e-02
1.009122483960066350e-03,8.627450980392157298e-01,3.921568627450980338e-02
1.009124483960009786e-03,9.411764705882352811e-01,3.921568627450980338e-02
1.009126483959953222e-03,9.019607843137255054e-01,3.921568627450980338e-02
1.009128483959896658e-03,9.019607843137255054e-01,7.843137254901960675e-02
1.009130483959840095e-03,8.627450980392157298e-01,-7.843137254901960675e-02
1.009132483959783531e-03,9.019607843137255054e-01,7.843137254901960675e-02
1.009134483959726967e-03,9.019607843137255054e-01,0.000000000000000000e+00
1.009136483959670403e-03,9.411764705882352811e-01,0.000000000000000000e+00
1.009138483959613839e-03,8.235294117647058432e-01,7.843137254901960675e-02
1.009140483959557275e-03,9.019607843137255054e-01,-1.568627450980392135e-01
1.009142483959500711e-03,9.019607843137255054e-01,1.176470588235294101e-01
1.009144483959444148e-03,9.411764705882352811e-01,-3.921568627450980338e-02
1.009146483959387584e-03,8.235294117647058432e-01,0.000000000000000000e+00
1.009148483959331020e-03,8.627450980392157298e-01,7.843137254901960675e-02
1.009150483959274456e-03,9.019607843137255054e-01,-3.921568627450980338e-02
1.009152483959217892e-03,9.411764705882352811e-01,7.843137254901960675e-02
1.009154483959161328e-03,8.627450980392157298e-01,0.000000000000000000e+00
1.009156483959104764e-03,9.411764705882352811e-01,3.921568627450980338e-02
1.009158483959048200e-03,9.019607843137255054e-01,1.176470588235294101e-01
1.009160483958991637e-03,9.411764705882352811e-01,-7.843137254901960675e-02
1.009162483958935073e-03,8.627450980392157298e-01,7.843137254901960675e-02
1.009164483958878509e-03,9.019607843137255054e-01,0.000000000000000000e+00
1.009166483958821945e-03,9.411764705882352811e-01,7.843137254901960675e-02
1.009168483958765381e-03,9.019607843137255054e-01,7.843137254901960675e-02
1.009170483958708817e-03,9.019607843137255054e-01,-7.843137254901960675e-02
1.009172483958652253e-03,9.411764705882352811e-01,7.843137254901960675e-02
1.009174483958595690e-03,9.019607843137255054e-01,0.000000000000000000e+00
1.009176483958539126e-03,9.411764705882352811e-01,-3.921568627450980338e-02
1.009178483958482562e-03,8.627450980392157298e-01,7.843137254901960675e-02
1.009180483958425998e-03,9.019607843137255054e-01,-3.921568627450980338e-02
1.009182483958369434e-03,9.019607843137255054e-01,7.843137254901960675e-02
1.009184483958312870e-03,9.411764705882352811e-01,0.000000000000000000e+00
1.009186483958256306e-03,8.627450980392157298e-01,-3.921568627450980338e-02
1.009188483958199743e-03,8.627450980392157298e-01,7.843137254901960675e-02
1.009190483958143179e-03,9.411764705882352811e-01,-3.921568627450980338e-02
1.009192483958086615e-03,9.019607843137255054e-01,7.843137254901960675e-02
1.009194483958030051e-03,8.627450980392157298e-01,0.000000000000000000e+00
1.009196483957973487e-03,8.627450980392157298e-01,3.921568627450980338e-02
1.009198483957916923e-03,9.019607843137255054e-01,7.843137254901960675e-02
1.009200483957860359e-03,9.803921568627450567e-01,-7.843137254901960675e-02
1.009202483957803795e-03,8.235294117647058432e-01,7.843137254901960675e-02
1.009204483957747232e-03,8.627450980392157298e-01,0.000000000000000000e+00
1.009206483957690668e-03,9.019607843137255054e-01,7.843137254901960675e-02
1.009208483957634104e-03,9.411764705882352811e-01,7.843137254901960675e-02
1.009210483957577540e-03,8.235294117647058432e-01,-7.843137254901960675e-02
1.009212483957520976e-03,8.627450980392157298e-01,7.843137254901960675e-02
1.009214483957464412e-03,9.019607843137255054e-01,0.000000000000000000e+00
1.009216483957407848e-03,9.411764705882352811e-01,-3.921568627450980338e-02
1.009218483957351285e-03,8.235294117647058432e-01,7.843137254901960675e-02
1.009220483957294721e-03,8.627450980392157298e-01,-1.568627450980392135e-01
1.009222483957238157e-03,8.627450980392157298e-01,1.568627450980392135e-01
1.009224483957181593e-03,9.019607843137255054e-01,-3.921568627450980338e-02
1.009226483957125029e-03,8.235294117647058432e-01,0.000000000000000000e+00
1.009228483957068465e-03,8.627450980392157298e-01,7.843137254901960675e-02
1.009230483957011901e-03,9.019607843137255054e-01,-3.921568627450980338e-02
1.009232483956955338e-03,9.411764705882352811e-01,7.843137254901960675e-02
1.009234483956898774e-03,8.235294117647058432e-01,0.000000000000000000e+00
1.009236483956842210e-03,8.627450980392157298e-01,3.921568627450980338e-02
1.009238483956785646e-03,9.019607843137255054e-01,1.176470588235294101e-01
1.009240483956729082e-03,9.411764705882352811e-01,-7.843137254901960675e-02
1.009242483956672518e-03,8.235294117647058432e-01,3.921568627450980338e-02
1.009244483956615954e-03,9.411764705882352811e-01,-7.843137254901960675e-02
1.009246483956559391e-03,9.019607843137255054e-01,3.921568627450980338e-02
1.009248483956502827e-03,9.411764705882352811e-01,7.843137254901960675e-02
1.009250483956446263e-03,8.627450980392157298e-01,-7.843137254901960675e-02
1.009252483956389699e-03,8.627450980392157298e-01,7.843137254901960675e-02
1.009254483956333135e-03,9.019607843137255054e-01,0.000000000000000000e+00
1.009256483956276571e-03,9.411764705882352811e-01,-3.921568627450980338e-02
1.009258483956220007e-03,8.235294117647058432e-01,7.843137254901960675e-02
1.009260483956163443e-03,9.019607843137255054e-01,-1.568627450980392135e-01
1.009262483956106880e-03,9.019607843137255054e-01,7.843137254901960675e-02
1.009264483956050316e-03,9.411764705882352811e-01,0.000000000000000000e+00
1.009266483955993752e-03,8.627450980392157298e-01,-3.921568627450980338e-02
1.009268483955937188e-03,9.019607843137255054e-01,1.176470588235294101e-01
1.009270483955880624e-03,9.411764705882352811e-01,-7.843137254901960675e-02
1.009272483955824060e-03,9.411764705882352811e-01,3.921568627450980338e-02
1.009274483955767496e-03,8.627450980392157298e-01,0.000000000000000000e+00
1.009276483955710933e-03,8.627450980392157298e-01,0.000000000000000000e+00
1.009278483955654369e-03,9.019607843137255054e-01,7.843137254901960675e-02
1.009280483955597805e-03,9.411764705882352811e-01,-7.843137254901960675e-02
1.009282483955541241e-03,8.627450980392157298e-01,3.921568627450980338e-02
1.009284483955484677e-03,9.019607843137255054e-01,0.000000000000000000e+00
1.009286483955428113e-03,9.019607843137255054e-01,3.921568627450980338e-02
1.009288483955371549e-03,9.019607843137255054e-01,7.843137254901960675e-02
1.009290483955314986e-03,8.627450980392157298e-01,-7.843137254901960675e-02
1.009292483955258422e-03,8.627450980392157298e-01,7.843137254901960675e-02
1.009294483955201858e-03,9.019607843137255054e-01,0.000000000000000000e+00
1.009296483955145294e-03,9.411764705882352811e-01,-3.921568627450980338e-02
1.009298483955088730e-03,8.627450980392157298e-01,7.843137254901960675e-02
1.009300483955032166e-03,9.019607843137255054e-01,-1.568627450980392135e-01
1.009302483954975602e-03,9.019607843137255054e-01,1.568627450980392135e-01
1.009304483954919038e-03,9.411764705882352811e-01,0.000000000000000000e+00
1.009306483954862475e-03,8.627450980392157298e-01,0.000000000000000000e+00
1.009308483954805911e-03,9.019607843137255054e-01,7.843137254901960675e-02
1.009310483954749347e-03,9.019607843137255054e-01,-3.921568627450980338e-02
1.009312483954692783e-03,9.411764705882352811e-01,3.921568627450980338e-02
1.009314483954636219e-03,8.235294117647058432e-01,-3.921568627450980338e-02
1.009316483954579655e-03,8.627450980392157298e-01,0.000000000000000000e+00
1.009318483954523091e-03,8.627450980392157298e-01,7.843137254901960675e-02
1.009320483954466528e-03,9.411764705882352811e-01,-3.921568627450980338e-02
1.009322483954409964e-03,8.627450980392157298e-01,3.921568627450980338e-02
1.009324483954353400e-03,9.019607843137255054e-01,-3.921568627450980338e-02
1.009326483954296836e-03,9.019607843137255054e-01,7.843137254901960675e-02
1.009328483954240272e-03,9.019607843137255054e-01,7.843137254901960675e-02
1.009330483954183708e-03,8.627450980392157298e-01,-7.843137254901960675e-02
1.009332483954127144e-03,8.627450980392157298e-01,7.843137254901960675e-02
1.009334483954070581e-03,9.019607843137255054e-01,0.000000000000000000e+00
1.009336483954014017e-03,9.411764705882352811e-01,-3.921568627450980338e-02
1.009338483953957453e-03,8.627450980392157298e-01,7.843137254901960675e-02
1.009340483953900889e-03,9.019607843137255054e-01,-1.568627450980392135e-01
1.009342483953844325e-03,8.627450980392157298e-01,1.176470588235294101e-01
1.009344483953787761e-03,9.411764705882352811e-01,3.921568627450980338e-02
1.009346483953731197e-03,8.627450980392157298e-01,0.000000000000000000e+00
1.009348483953674634e-03,8.627450980392157298e-01,7.843137254901960675e-02
1.009350483953618070e-03,9.019607843137255054e-01,0.000000000000000000e+00
1.009352483953561506e-03,9.411764705882352811e-01,3.921568627450980338e-02
1.009354483953504942e-03,8.627450980392157298e-01,0.000000000000000000e+00
1.009356483953448378e-03,9.019607843137255054e-01,0.000000000000000000e+00
1.009358483953391814e-03,8.627450980392157298e-01,7.843137254901960675e-02
1.009360483953335250e-03,9.803921568627450567e-01,-3.921568627450980338e-02
1.009362483953278686e-03,8.627450980392157298e-01,0.000000000000000000e+00
1.009364483953222123e-03,8.627450980392157298e-01,-7.843137254901960675e-02
1.009366483953165559e-03,9.019607843137255054e-01,7.843137254901960675e-02
1.009368483953108995e-03,9.411764705882352811e-01,7.843137254901960675e-02
1.009370483953052431e-03,8.627450980392157298e-01,-3.921568627450980338e-02
1.009372483952995867e-03,9.019607843137255054e-01,7.843137254901960675e-02
1.009374483952939303e-03,9.019607843137255054e-01,0.000000000000000000e+00
1.009376483952882739e-03,9.411764705882352811e-01,-7.843137254901960675e-02
1.009378483952826176e-03,8.627450980392157298e-01,7.843137254901960675e-02
1.009380483952769612e-03,8.627450980392157298e-01,-7.843137254901960675e-02
1.009382483952713048e-03,9.019607843137255054e-01,1.176470588235294101e-01
1.009384483952656484e-03,9.411764705882352811e-01,0.000000000000000000e+00
1.009386483952599920e-03,8.627450980392157298e-01,0.000000000000000000e+00
1.009388483952543356e-03,9.019607843137255054e-01,7.843137254901960675e-02
1.009390483952486792e-03,9.411764705882352811e-01,-3.921568627450980338e-02
1.009392483952430229e-03,9.411764705882352811e-01,7.843137254901960675e-02
1.009394483952373665e-03,8.627450980392157298e-01,0.000000000000000000e+00
1.009396483952317101e-03,9.019607843137255054e-01,0.000000000000000000e+00
1.009398483952260537e-03,9.019607843137255054e-01,7.843137254901960675e-02
1.009400483952203973e-03,9.411764705882352811e-01,-7.843137254901960675e-02
1.009402483952147409e-03,8.235294117647058432e-01,3.921568627450980338e-02
1.009404483952090845e-03,8.235294117647058432e-01,0.000000000000000000e+00
1.009406483952034281e-03,9.019607843137255054e-01,3.921568627450980338e-02
1.009408483951977718e-03,9.411764705882352811e-01,3.921568627450980338e-02
1.009410483951921154e-03,8.627450980392157298e-01,-7.843137254901960675e-02
1.009412483951864590e-03,8.627450980392157298e-01,7.843137254901960675e-02
1.009414483951808026e-03,9.411764705882352811e-01,0.000000000000000000e+00
1.009416483951751462e-03,9.411764705882352811e-01,0.000000000000000000e+00
1.009418483951694898e-03,8.627450980392157298e-01,7.843137254901960675e-02
1.009420483951638334e-03,9.019607843137255054e-01,-7.843137254901960675e-02
1.009422483951581771e-03,9.019607843137255054e-01,1.176470588235294101e-01
1.009424483951525207e-03,9.411764705882352811e-01,0.000000000000000000e+00
1.009426483951468643e-03,8.627450980392157298e-01,-3.921568627450980338e-02
1.009428483951412079e-03,9.019607843137255054e-01,7.843137254901960675e-02
1.009430483951355515e-03,9.411764705882352811e-01,-3.921568627450980338e-02
1.009432483951298951e-03,9.411764705882352811e-01,3.921568627450980338e-02
1.009434483951242387e-03,8.627450980392157298e-01,0.000000000000000000e+00
1.009436483951185824e-03,9.019607843137255054e-01,0.000000000000000000e+00
1.009438483951129260e-03,9.019607843137255054e-01,7.843137254901960675e-02
1.009440483951072696e-03,9.411764705882352811e-01,-7.843137254901960675e-02
1.009442483951016132e-03,8.627450980392157298e-01,7.843137254901960675e-02
1.009444483950959568e-03,9.019607843137255054e-01,0.000000000000000000e+00
1.009446483950903004e-03,9.019607843137255054e-01,7.843137254901960675e-02
1.009448483950846440e-03,9.411764705882352811e-01,3.921568627450980338e-02
1.009450483950789876e-03,8.627450980392157298e-01,-3.921568627450980338e-02
1.009452483950733313e-03,8.235294117647058432e-01,7.843137254901960675e-02
1.009454483950676749e-03,9.019607843137255054e-01,0.000000000000000000e+00
1.009456483950620185e-03,9.411764705882352811e-01,-3.921568627450980338e-02
1.009458483950563621e-03,8.235294117647058432e-01,7.843137254901960675e-02
1.009460483950507057e-03,9.019607843137255054e-01,0.000000000000000000e+00
1.009462483950450493e-03,8.627450980392157298e-01,1.568627450980392135e-01
1.009464483950393929e-03,9.411764705882352811e-01,-3.921568627450980338e-02
1.009466483950337366e-03,8.235294117647058432e-01,0.000000000000000000e+00
1.009468483950280802e-03,9.019607843137255054e-01,7.843137254901960675e-02
1.009470483950224238e-03,9.019607843137255054e-01,-3.921568627450980338e-02
1.009472483950167674e-03,9.411764705882352811e-01,3.921568627450980338e-02
1.009474483950111110e-03,8.235294117647058432e-01,0.000000000000000000e+00
1.009476483950054546e-03,9.019607843137255054e-01,0.000000000000000000e+00
1.009478483949997982e-03,9.411764705882352811e-01,7.843137254901960675e-02
1.009480483949941419e-03,9.411764705882352811e-01,-7.843137254901960675e-02
1.009482483949884855e-03,8.627450980392157298e-01,7.843137254901960675e-02
1.009484483949828291e-03,8.235294117647058432e-01,0.000000000000000000e+00
1.009486483949771727e-03,9.019607843137255054e-01,3.921568627450980338e-02
1.009488483949715163e-03,9.019607843137255054e-01,3.921568627450980338e-02
1.009490483949658599e-03,8.627450980392157298e-01,-7.843137254901960675e-02
1.009492483949602035e-03,8.627450980392157298e-01,3.921568627450980338e-02
1.009494483949545472e-03,9.019607843137255054e-01,0.000000000000000000e+00
1.009496483949488908e-03,9.411764705882352811e-01,-3.921568627450980338e-02
1.009498483949432344e-03,8.235294117647058432e-01,7.843137254901960675e-02
1.009500483949375780e-03,9.019607843137255054e-01,-1.568627450980392135e-01
1.009502483949319216e-03,9.019607843137255054e-01,7.843137254901960675e-02
1.009504483949262652e-03,9.411764705882352811e-01,0.000000000000000000e+00
1.009506483949206088e-03,8.627450980392157298e-01,0.000000000000000000e+00
1.009508483949149524e-03,9.019607843137255054e-01,1.176470588235294101e-01
1.009510483949092961e-03,9.019607843137255054e-01,-3.921568627450980338e-02
1.009512483949036397e-03,9.411764705882352811e-01,3.921568627450980338e-02
1.009514483948979833e-03,8.627450980392157298e-01,0.000000000000000000e+00
1.009516483948923269e-03,8.627450980392157298e-01,0.000000000000000000e+00
1.009518483948866705e-03,9.019607843137255054e-01,7.843137254901960675e-02
1.009520483948810141e-03,9.411764705882352811e-01,-7.843137254901960675e-02
1.009522483948753577e-03,8.235294117647058432e-01,7.843137254901960675e-02
1.009524483948697014e-03,8.627450980392157298e-01,0.000000000000000000e+00
1.009526483948640450e-03,9.411764705882352811e-01,3.921568627450980338e-02
1.009528483948583886e-03,9.411764705882352811e-01,7.843137254901960675e-02
1.009530483948527322e-03,8.627450980392157298e-01,-7.843137254901960675e-02
1.009532483948470758e-03,9.019607843137255054e-01,3.921568627450980338e-02
1.009534483948414194e-03,9.019607843137255054e-01,0.000000000000000000e+00
1.009536483948357630e-03,9.411764705882352811e-01,0.000000000000000000e+00
1.009538483948301067e-03,8.627450980392157298e-01,7.843137254901960675e-02
1.009540483948244503e-03,8.627450980392157298e-01,-1.568627450980392135e-01
1.009542483948187939e-03,9.019607843137255054e-01,7.843137254901960675e-02
1.009544483948131375e-03,9.411764705882352811e-01,0.000000000000000000e+00
1.009546483948074811e-03,8.627450980392157298e-01,0.000000000000000000e+00
1.009548483948018247e-03,9.019607843137255054e-01,1.176470588235294101e-01
1.009550483947961683e-03,9.411764705882352811e-01,-7.843137254901960675e-02
1.009552483947905119e-03,9.411764705882352811e-01,7.843137254901960675e-02
1.009554483947848556e-03,8.627450980392157298e-01,0.000000000000000000e+00
1.009556483947791992e-03,9.019607843137255054e-01,0.000000000000000000e+00
1.009558483947735428e-03,9.019607843137255054e-01,7.843137254901960675e-02
1.009560483947678864e-03,9.411764705882352811e-01,-7.843137254901960675e-02
1.009562483947622300e-03,8.235294117647058432e-01,7.843137254901960675e-02
1.009564483947565736e-03,8.627450980392157298e-01,0.000000000000000000e+00
1.009566483947509172e-03,9.019607843137255054e-01,3.921568627450980338e-02
1.009568483947452609e-03,9.411764705882352811e-01,7.843137254901960675e-02
1.009570483947396045e-03,8.627450980392157298e-01,-7.843137254901960675e-02
1.009572483947339481e-03,9.019607843137255054e-01,1.176470588235294101e-01
1.009574483947282917e-03,9.411764705882352811e-01,0.000000000000000000e+00
1.009576483947226353e-03,9.411764705882352811e-01,0.000000000000000000e+00
1.009578483947169789e-03,8.627450980392157298e-01,7.843137254901960675e-02
1.009580483947113225e-03,9.019607843137255054e-01,-1.568627450980392135e-01
1.009582483947056662e-03,9.019607843137255054e-01,1.176470588235294101e-01
1.009584483947000098e-03,9.411764705882352811e-01,3.921568627450980338e-02
1.009586483946943534e-03,8.235294117647058432e-01,0.000000000000000000e+00
1.009588483946886970e-03,8.627450980392157298e-01,7.843137254901960675e-02
1.009590483946830406e-03,9.019607843137255054e-01,-3.921568627450980338e-02
1.009592483946773842e-03,9.411764705882352811e-01,7.843137254901960675e-02
1.009594483946717278e-03,8.235294117647058432e-01,0.000000000000000000e+00
1.009596483946660714e-03,9.019607843137255054e-01,3.921568627450980338e-02
1.009598483946604151e-03,9.019607843137255054e-01,3.921568627450980338e-02
1.009600483946547587e-03,9.411764705882352811e-01,-7.843137254901960675e-02
1.009602483946491023e-03,8.627450980392157298e-01,3.921568627450980338e-02
1.009604483946434459e-03,8.627450980392157298e-01,0.000000000000000000e+00
1.009606483946377895e-03,9.019607843137255054e-01,3.921568627450980338e-02
1.009608483946321331e-03,9.803921568627450567e-01,3.921568627450980338e-02
1.009610483946264767e-03,8.627450980392157298e-01,-3.921568627450980338e-02
1.009612483946208204e-03,9.019607843137255054e-01,1.176470588235294101e-01
1.009614483946151640e-03,9.411764705882352811e-01,0.000000000000000000e+00
1.009616483946095076e-03,9.411764705882352811e-01,-3.921568627450980338e-02
1.009618483946038512e-03,8.235294117647058432e-01,7.843137254901960675e-02
1.009620483945981948e-03,8.627450980392157298e-01,-7.843137254901960675e-02
1.009622483945925384e-03,9.019607843137255054e-01,7.843137254901960675e-02
1.009624483945868820e-03,9.411764705882352811e-01,0.000000000000000000e+00
1.009626483945812257e-03,8.627450980392157298e-01,-7.843137254901960675e-02
1.009628483945755693e-03,8.627450980392157298e-01,7.843137254901960675e-02
1.009630483945699129e-03,9.019607843137255054e-01,-3.921568627450980338e-02
1.009632483945642565e-03,9.411764705882352811e-01,7.843137254901960675e-02
1.009634483945586001e-03,9.019607843137255054e-01,0.000000000000000000e+00
1.009636483945529437e-03,9.019607843137255054e-01,3.921568627450980338e-02
1.009638483945472873e-03,9.019607843137255054e-01,7.843137254901960675e-02
1.009640483945416310e-03,9.411764705882352811e-01,-7.843137254901960675e-02
1.009642483945359746e-03,8.627450980392157298e-01,7.843137254901960675e-02
1.009644483945303182e-03,9.019607843137255054e-01,0.000000000000000000e+00
1.009646483945246618e-03,9.019607843137255054e-01,3.921568627450980338e-02
1.009648483945190054e-03,9.411764705882352811e-01,3.921568627450980338e-02
1.009650483945133490e-03,8.627450980392157298e-01,-7.843137254901960675e-02
1.009652483945076926e-03,8.627450980392157298e-01,7.843137254901960675e-02
1.009654483945020362e-03,9.019607843137255054e-01,0.000000000000000000e+00
1.009656483944963799e-03,9.411764705882352811e-01,0.000000000000000000e+00
1.009658483944907235e-03,8.235294117647058432e-01,3.921568627450980338e-02
1.009660483944850671e-03,9.019607843137255054e-01,-1.568627450980392135e-01
1.009662483944794107e-03,9.019607843137255054e-01,1.568627450980392135e-01
1.009664483944737543e-03,9.411764705882352811e-01,-3.921568627450980338e-02
1.009666483944680979e-03,8.235294117647058432e-01,0.000000000000000000e+00
1.009668483944624415e-03,8.235294117647058432e-01,7.843137254901960675e-02
1.009670483944567852e-03,9.019607843137255054e-01,-3.921568627450980338e-02
1.009672483944511288e-03,9.411764705882352811e-01,7.843137254901960675e-02
1.009674483944454724e-03,9.019607843137255054e-01,0.000000000000000000e+00
1.009676483944398160e-03,8.627450980392157298e-01,3.921568627450980338e-02
1.009678483944341596e-03,9.019607843137255054e-01,7.843137254901960675e-02
1.009680483944285032e-03,9.411764705882352811e-01,-7.843137254901960675e-02
1.009682483944228468e-03,8.627450980392157298e-01,7.843137254901960675e-02
1.009684483944171905e-03,8.627450980392157298e-01,3.921568627450980338e-02
1.009686483944115341e-03,9.019607843137255054e-01,3.921568627450980338e-02
1.009688483944058777e-03,9.019607843137255054e-01,7.843137254901960675e-02
1.009690483944002213e-03,8.627450980392157298e-01,-7.843137254901960675e-02
1.009692483943945649e-03,8.627450980392157298e-01,7.843137254901960675e-02
1.009694483943889085e-03,9.019607843137255054e-01,0.000000000000000000e+00
1.009696483943832521e-03,9.411764705882352811e-01,-3.921568627450980338e-02
1.009698483943775957e-03,8.627450980392157298e-01,7.843137254901960675e-02
1.009700483943719394e-03,9.019607843137255054e-01,-7.843137254901960675e-02
1.009702483943662830e-03,9.411764705882352811e-01,1.176470588235294101e-01
1.009704483943606266e-03,9.019607843137255054e-01,7.843137254901960675e-02
1.009706483943549702e-03,8.235294117647058432e-01,0.000000000000000000e+00
1.009708483943493138e-03,8.235294117647058432e-01,7.843137254901960675e-02
1.009710483943436574e-03,9.019607843137255054e-01,-3.921568627450980338e-02
1.009712483943380010e-03,9.411764705882352811e-01,3.921568627450980338e-02
1.009714483943323447e-03,8.627450980392157298e-01,0.000000000000000000e+00
1.009716483943266883e-03,8.235294117647058432e-01,3.921568627450980338e-02
1.009718483943210319e-03,8.627450980392157298e-01,1.176470588235294101e-01
1.009720483943153755e-03,9.411764705882352811e-01,-7.843137254901960675e-02
1.009722483943097191e-03,8.235294117647058432e-01,0.000000000000000000e+00
1.009724483943040627e-03,8.627450980392157298e-01,0.000000000000000000e+00
1.009726483942984063e-03,9.411764705882352811e-01,3.921568627450980338e-02
1.009728483942927500e-03,9.411764705882352811e-01,7.843137254901960675e-02
1.009730483942870936e-03,8.627450980392157298e-01,-7.843137254901960675e-02
1.009732483942814372e-03,9.019607843137255054e-01,7.843137254901960675e-02
1.009734483942757808e-03,9.019607843137255054e-01,0.000000000000000000e+00
1.009736483942701244e-03,9.411764705882352811e-01,-3.921568627450980338e-02
1.009738483942644680e-03,8.235294117647058432e-01,3.921568627450980338e-02
1.009740483942588116e-03,9.019607843137255054e-01,-1.568627450980392135e-01
1.009742483942531553e-03,8.627450980392157298e-01,7.843137254901960675e-02
1.009744483942474989e-03,9.411764705882352811e-01,0.000000000000000000e+00
1.009746483942418425e-03,8.235294117647058432e-01,0.000000000000000000e+00
1.009748483942361861e-03,9.019607843137255054e-01,1.176470588235294101e-01
1.009750483942305297e-03,9.019607843137255054e-01,-3.921568627450980338e-02
1.009752483942248733e-03,9.411764705882352811e-01,7.843137254901960675e-02
1.009754483942192169e-03,8.627450980392157298e-01,0.000000000000000000e+00
1.009756483942135605e-03,9.019607843137255054e-01,0.000000000000000000e+00
1.009758483942079042e-03,8.627450980392157298e-01,1.176470588235294101e-01
1.009760483942022478e-03,9.411764705882352811e-01,-3.921568627450980338e-02
1.009762483941965914e-03,8.627450980392157298e-01,0.000000000000000000e+00
1.009764483941909350e-03,9.019607843137255054e-01,0.000000000000000000e+00
1.009766483941852786e-03,9.411764705882352811e-01,3.921568627450980338e-02
1.009768483941796222e-03,9.411764705882352811e-01,7.843137254901960675e-02
1.009770483941739658e-03,8.235294117647058432e-01,-7.843137254901960675e-02
1.009772483941683095e-03,8.235294117647058432e-01,7.843137254901960675e-02
1.009774483941626531e-03,9.019607843137255054e-01,0.000000000000000000e+00
1.009776483941569967e-03,9.411764705882352811e-01,-3.921568627450980338e-02
1.009778483941513403e-03,8.627450980392157298e-01,7.843137254901960675e-02
1.009780483941456839e-03,9.019607843137255054e-01,0.000000000000000000e+00
1.009782483941400275e-03,9.019607843137255054e-01,1.176470588235294101e-01
1.009784483941343711e-03,9.411764705882352811e-01,0.000000000000000000e+00
1.009786483941287148e-03,8.627450980392157298e-01,-7.843137254901960675e-02
1.009788483941230584e-03,8.627450980392157298e-01,7.843137254901960675e-02
1.009790483941174020e-03,9.019607843137255054e-01,-3.921568627450980338e-02
1.009792483941117456e-03,9.411764705882352811e-01,7.843137254901960675e-02
1.009794483941060892e-03,8.627450980392157298e-01,0.000000000000000000e+00
1.009796483941004328e-03,8.627450980392157298e-01,3.921568627450980338e-02
1.009798483940947764e-03,9.019607843137255054e-01,3.921568627450980338e-02
1.009800483940891200e-03,9.411764705882352811e-01,-7.843137254901960675e-02
1.009802483940834637e-03,8.235294117647058432e-01,3.921568627450980338e-02
1.009804483940778073e-03,9.019607843137255054e-01,0.000000000000000000e+00
1.009806483940721509e-03,9.019607843137255054e-01,7.843137254901960675e-02
1.009808483940664945e-03,9.411764705882352811e-01,7.843137254901960675e-02
1.009810483940608381e-03,8.627450980392157298e-01,-7.843137254901960675e-02
1.009812483940551817e-03,8.627450980392157298e-01,1.176470588235294101e-01
1.009814483940495253e-03,9.019607843137255054e-01,0.000000000000000000e+00
1.009816483940438690e-03,9.411764705882352811e-01,-3.921568627450980338e-02
1.009818483940382126e-03,8.627450980392157298e-01,7.843137254901960675e-02
1.009820483940325562e-03,8.627450980392157298e-01,-1.568627450980392135e-01
1.009822483940268998e-03,8.627450980392157298e-01,1.176470588235294101e-01
1.009824483940212434e-03,9.411764705882352811e-01,-3.921568627450980338e-02
1.009826483940155870e-03,8.627450980392157298e-01,0.000000000000000000e+00
1.009828483940099306e-03,8.627450980392157298e-01,7.843137254901960675e-02
1.009830483940042743e-03,9.019607843137255054e-01,-3.921568627450980338e-02
1.009832483939986179e-03,9.411764705882352811e-01,7.843137254901960675e-02
1.009834483939929615e-03,8.627450980392157298e-01,0.000000000000000000e+00
1.009836483939873051e-03,9.019607843137255054e-01,3.921568627450980338e-02
1.009838483939816487e-03,9.019607843137255054e-01,7.843137254901960675e-02
1.009840483939759923e-03,9.411764705882352811e-01,-3.921568627450980338e-02
1.009842483939703359e-03,8.627450980392157298e-01,3.921568627450980338e-02
1.009844483939646795e-03,9.019607843137255054e-01,0.000000000000000000e+00
1.009846483939590232e-03,9.019607843137255054e-01,3.921568627450980338e-02
1.009848483939533668e-03,9.411764705882352811e-01,3.921568627450980338e-02
1.009850483939477104e-03,8.627450980392157298e-01,-3.921568627450980338e-02
1.009852483939420540e-03,9.019607843137255054e-01,1.176470588235294101e-01
1.009854483939363976e-03,9.019607843137255054e-01,0.000000000000000000e+00
1.009856483939307412e-03,9.411764705882352811e-01,-7.843137254901960675e-02
1.009858483939250848e-03,8.235294117647058432e-01,7.843137254901960675e-02
1.009860483939194285e-03,9.019607843137255054e-01,-1.568627450980392135e-01
1.009862483939137721e-03,9.019607843137255054e-01,1.176470588235294101e-01
1.009864483939081157e-03,9.411764705882352811e-01,0.000000000000000000e+00
1.009866483939024593e-03,8.627450980392157298e-01,-7.843137254901960675e-02
1.009868483938968029e-03,9.019607843137255054e-01,7.843137254901960675e-02
1.009870483938911465e-03,9.411764705882352811e-01,0.000000000000000000e+00
1.009872483938854901e-03,9.411764705882352811e-01,7.843137254901960675e-02
1.009874483938798338e-03,8.235294117647058432e-01,0.000000000000000000e+00
1.009876483938741774e-03,9.019607843137255054e-01,3.921568627450980338e-02
1.009878483938685210e-03,9.019607843137255054e-01,1.176470588235294101e-01
1.009880483938628646e-03,9.411764705882352811e-01,-7.843137254901960675e-02
1.009882483938572082e-03,8.627450980392157298e-01,7.843137254901960675e-02
1.009884483938515518e-03,8.627450980392157298e-01,3.921568627450980338e-02
1.009886483938458954e-03,9.019607843137255054e-01,0.000000000000000000e+00
1.009888483938402391e-03,9.411764705882352811e-01,3.921568627450980338e-02
1.009890483938345827e-03,8.627450980392157298e-01,-7.843137254901960675e-02
1.009892483938289263e-03,9.019607843137255054e-01,3.921568627450980338e-02
1.009894483938232699e-03,9.019607843137255054e-01,0.000000000000000000e+00
1.009896483938176135e-03,9.411764705882352811e-01,0.000000000000000000e+00
1.009898483938119571e-03,8.627450980392157298e-01,7.843137254901960675e-02
1.009900483938063007e-03,9.019607843137255054e-01,-7.843137254901960675e-02
1.009902483938006443e-03,9.019607843137255054e-01,1.568627450980392135e-01
1.009904483937949880e-03,9.411764705882352811e-01,0.000000000000000000e+00
1.009906483937893316e-03,8.235294117647058432e-01,0.000000000000000000e+00
1.009908483937836752e-03,8.627450980392157298e-01,7.843137254901960675e-02
1.009910483937780188e-03,9.019607843137255054e-01,0.000000000000000000e+00
1.009912483937723624e-03,9.019607843137255054e-01,7.843137254901960675e-02
1.009914483937667060e-03,8.627450980392157298e-01,0.000000000000000000e+00
1.009916483937610496e-03,8.627450980392157298e-01,3.921568627450980338e-02
1.009918483937553933e-03,9.019607843137255054e-01,1.176470588235294101e-01
1.009920483937497369e-03,9.411764705882352811e-01,-3.921568627450980338e-02
1.009922483937440805e-03,8.627450980392157298e-01,3.921568627450980338e-02
1.009924483937384241e-03,9.019607843137255054e-01,3.921568627450980338e-02
1.009926483937327677e-03,9.019607843137255054e-01,3.921568627450980338e-02
1.009928483937271113e-03,9.411764705882352811e-01,7.843137254901960675e-02
1.009930483937214549e-03,8.627450980392157298e-01,-7.843137254901960675e-02
1.009932483937157986e-03,8.627450980392157298e-01,7.843137254901960675e-02
1.009934483937101422e-03,9.019607843137255054e-01,0.000000000000000000e+00
1.009936483937044858e-03,9.411764705882352811e-01,0.000000000000000000e+00
1.009938483936988294e-03,8.627450980392157298e-01,7.843137254901960675e-02
1.009940483936931730e-03,9.019607843137255054e-01,-7.843137254901960675e-02
1.009942483936875166e-03,9.019607843137255054e-01,1.176470588235294101e-01
1.009944483936818602e-03,9.411764705882352811e-01,3.921568627450980338e-02
1.009946483936762038e-03,8.627450980392157298e-01,-3.921568627450980338e-02
1.009948483936705475e-03,8.235294117647058432e-01,7.843137254901960675e-02
1.009950483936648911e-03,9.019607843137255054e-01,-3.921568627450980338e-02
1.009952483936592347e-03,9.411764705882352811e-01,7.843137254901960675e-02
1.009954483936535783e-03,8.627450980392157298e-01,0.000000000000000000e+00
1.009956483936479219e-03,8.627450980392157298e-01,3.921568627450980338e-02
1.009958483936422655e-03,9.411764705882352811e-01,7.843137254901960675e-02
1.009960483936366091e-03,9.411764705882352811e-01,-7.843137254901960675e-02
1.009962483936309528e-03,8.627450980392157298e-01,3.921568627450980338e-02
1.009964483936252964e-03,9.019607843137255054e-01,0.000000000000000000e+00
1.009966483936196400e-03,9.411764705882352811e-01,3.921568627450980338e-02
1.009968483936139836e-03,9.411764705882352811e-01,7.843137254901960675e-02
1.009970483936083272e-03,8.627450980392157298e-01,-7.843137254901960675e-02
1.009972483936026708e-03,9.019607843137255054e-01,7.843137254901960675e-02
1.009974483935970144e-03,9.019607843137255054e-01,0.000000000000000000e+00
1.009976483935913581e-03,9.411764705882352811e-01,0.000000000000000000e+00
1.009978483935857017e-03,8.627450980392157298e-01,7.843137254901960675e-02
1.009980483935800453e-03,9.411764705882352811e-01,-3.921568627450980338e-02
1.009982483935743889e-03,9.019607843137255054e-01,1.568627450980392135e-01
1.009984483935687325e-03,9.411764705882352811e-01,-3.921568627450980338e-02
1.009986483935630761e-03,8.627450980392157298e-01,-3.921568627450980338e-02
1.009988483935574197e-03,9.019607843137255054e-01,3.921568627450980338e-02
1.009990483935517634e-03,9.411764705882352811e-01,0.000000000000000000e+00
1.009992483935461070e-03,9.411764705882352811e-01,7.843137254901960675e-02
1.009994483935404506e-03,8.235294117647058432e-01,0.000000000000000000e+00
1.009996483935347942e-03,9.411764705882352811e-01,3.921568627450980338e-02
1.009998483935291378e-03,9.019607843137255054e-01,7.843137254901960675e-02
