time_s,CH1_V,CH2_V
9.900018963429387930e-04,8.627450980392157298e-01,0.000000000000000000e+00
9.900038963428822291e-04,9.019607843137255054e-01,0.000000000000000000e+00
9.900058963428256652e-04,9.019607843137255054e-01,0.000000000000000000e+00
9.900078963427691014e-04,9.411764705882352811e-01,7.843137254901960675e-02
9.900098963427125375e-04,8.627450980392157298e-01,-3.921568627450980338e-02
9.900118963426559737e-04,9.019607843137255054e-01,7.843137254901960675e-02
9.900138963425994098e-04,9.411764705882352811e-01,0.000000000000000000e+00
9.900158963425428459e-04,9.411764705882352811e-01,-7.843137254901960675e-02
9.900178963424862821e-04,8.235294117647058432e-01,7.843137254901960675e-02
9.900198963424297182e-04,9.019607843137255054e-01,0.000000000000000000e+00
9.900218963423731543e-04,9.019607843137255054e-01,7.843137254901960675e-02
9.900238963423165905e-04,9.411764705882352811e-01,3.921568627450980338e-02
9.900258963422600266e-04,8.627450980392157298e-01,-3.921568627450980338e-02
9.900278963422034628e-04,8.235294117647058432e-01,7.843137254901960675e-02
9.900298963421468989e-04,9.019607843137255054e-01,-3.921568627450980338e-02
9.900318963420903350e-04,9.411764705882352811e-01,3.921568627450980338e-02
9.900338963420337712e-04,8.627450980392157298e-01,0.000000000000000000e+00
9.900358963419772073e-04,9.019607843137255054e-01,0.000000000000000000e+00
9.900378963419206434e-04,9.019607843137255054e-01,7.843137254901960675e-02
9.900398963418640796e-04,9.411764705882352811e-01,-7.843137254901960675e-02
9.900418963418075157e-04,8.627450980392157298e-01,3.921568627450980338e-02
9.900438963417509518e-04,9.019607843137255054e-01,0.000000000000000000e+00
9.900458963416943880e-04,9.019607843137255054e-01,3.921568627450980338e-02
9.900478963416378241e-04,9.019607843137255054e-01,3.921568627450980338e-02
9.900498963415812603e-04,8.235294117647058432e-01,-7.843137254901960675e-02
9.900518963415246964e-04,8.627450980392157298e-01,7.843137254901960675e-02
9.900538963414681325e-04,9.019607843137255054e-01,0.000000000000000000e+00
9.900558963414115687e-04,9.411764705882352811e-01,-3.921568627450980338e-02
9.900578963413550048e-04,8.627450980392157298e-01,7.843137254901960675e-02
9.900598963412984409e-04,9.019607843137255054e-01,-1.568627450980392135e-01
9.900618963412418771e-04,8.627450980392157298e-01,1.176470588235294101e-01
9.900638963411853132e-04,9.411764705882352811e-01,0.000000000000000000e+00
9.900658963411287494e-04,8.627450980392157298e-01,-3.921568627450980338e-02
9.900678963410721855e-04,9.019607843137255054e-01,7.843137254901960675e-02
9.900698963410156216e-04,9.411764705882352811e-01,-3.921568627450980338e-02
9.900718963409590578e-04,9.411764705882352811e-01,3.921568627450980338e-02
9.900738963409024939e-04,9.019607843137255054e-01,3.921568627450980338e-02
9.900758963408459300e-04,9.019607843137255054e-01,-7.843137254901960675e-02
9.900778963407893662e-04,8.627450980392157298e-01,7.843137254901960675e-02
9.900798963407328023e-04,9.411764705882352811e-01,-7.843137254901960675e-02
9.900818963406762385e-04,8.627450980392157298e-01,3.921568627450980338e-02
9.900838963406196746e-04,9.019607843137255054e-01,0.000000000000000000e+00
9.900858963405631107e-04,9.019607843137255054e-01,0.000000000000000000e+00
9.900878963405065469e-04,9.411764705882352811e-01,7.843137254901960675e-02
9.900898963404499830e-04,8.627450980392157298e-01,-7.843137254901960675e-02
9.900918963403934191e-04,8.627450980392157298e-01,3.921568627450980338e-02
9.900938963403368553e-04,9.019607843137255054e-01,0.000000000000000000e+00
9.900958963402802914e-04,9.411764705882352811e-01,-3.921568627450980338e-02
9.900978963402237275e-04,8.235294117647058432e-01,7.843137254901960675e-02
9.900998963401671637e-04,8.627450980392157298e-01,-1.568627450980392135e-01
9.901018963401105998e-04,9.019607843137255054e-01,1.568627450980392135e-01
9.901038963400540360e-04,9.411764705882352811e-01,0.000000000000000000e+00
9.901058963399974721e-04,8.627450980392157298e-01,0.000000000000000000e+00
9.901078963399409082e-04,8.627450980392157298e-01,7.843137254901960675e-02
9.901098963398843444e-04,9.019607843137255054e-01,-1.568627450980392135e-01
9.901118963398277805e-04,9.411764705882352811e-01,7.843137254901960675e-02
9.901138963397712166e-04,8.235294117647058432e-01,3.921568627450980338e-02
9.901158963397146528e-04,9.019607843137255054e-01,0.000000000000000000e+00
9.901178963396580889e-04,9.019607843137255054e-01,7.843137254901960675e-02
9.901198963396015251e-04,9.411764705882352811e-01,-7.843137254901960675e-02
9.901218963395449612e-04,8.235294117647058432e-01,0.000000000000000000e+00
9.901238963394883973e-04,8.627450980392157298e-01,0.000000000000000000e+00
9.901258963394318335e-04,9.019607843137255054e-01,0.000000000000000000e+00
9.901278963393752696e-04,9.411764705882352811e-01,7.843137254901960675e-02
9.901298963393187057e-04,8.627450980392157298e-01,-7.843137254901960675e-02
9.901318963392621419e-04,9.019607843137255054e-01,7.843137254901960675e-02
9.901338963392055780e-04,8.627450980392157298e-01,0.000000000000000000e+00
9.901358963391490142e-04,9.411764705882352811e-01,-3.921568627450980338e-02
9.901378963390924503e-04,8.627450980392157298e-01,7.843137254901960675e-02
9.901398963390358864e-04,8.235294117647058432e-01,-1.568627450980392135e-01
9.901418963389793226e-04,8.627450980392157298e-01,1.176470588235294101e-01
9.901438963389227587e-04,9.411764705882352811e-01,3.921568627450980338e-02
9.901458963388661948e-04,9.019607843137255054e-01,-3.921568627450980338e-02
9.901478963388096310e-04,8.627450980392157298e-01,7.843137254901960675e-02
9.901498963387530671e-04,9.411764705882352811e-01,-7.843137254901960675e-02
9.901518963386965032e-04,9.411764705882352811e-01,3.921568627450980338e-02
9.901538963386399394e-04,8.627450980392157298e-01,3.921568627450980338e-02
9.901558963385833755e-04,9.019607843137255054e-01,0.000000000000000000e+00
9.901578963385268117e-04,9.411764705882352811e-01,1.176470588235294101e-01
9.901598963384702478e-04,9.411764705882352811e-01,-7.843137254901960675e-02
9.901618963384136839e-04,8.627450980392157298e-01,0.000000000000000000e+00
9.901638963383571201e-04,8.627450980392157298e-01,3.921568627450980338e-02
9.901658963383005562e-04,9.019607843137255054e-01,3.921568627450980338e-02
9.901678963382439923e-04,9.411764705882352811e-01,7.843137254901960675e-02
9.901698963381874285e-04,8.627450980392157298e-01,-7.843137254901960675e-02
9.901718963381308646e-04,8.627450980392157298e-01,7.843137254901960675e-02
9.901738963380743008e-04,8.627450980392157298e-01,0.000000000000000000e+00
9.901758963380177369e-04,9.019607843137255054e-01,-3.921568627450980338e-02
9.901778963379611730e-04,8.627450980392157298e-01,7.843137254901960675e-02
9.901798963379046092e-04,8.627450980392157298e-01,-7.843137254901960675e-02
9.901818963378480453e-04,9.019607843137255054e-01,1.176470588235294101e-01
9.901838963377914814e-04,9.411764705882352811e-01,0.000000000000000000e+00
9.901858963377349176e-04,8.235294117647058432e-01,0.000000000000000000e+00
9.901878963376783537e-04,8.627450980392157298e-01,7.843137254901960675e-02
9.901898963376217899e-04,9.019607843137255054e-01,-3.921568627450980338e-02
9.901918963375652260e-04,9.411764705882352811e-01,3.921568627450980338e-02
9.901938963375086621e-04,8.627450980392157298e-01,0.000000000000000000e+00
9.901958963374520983e-04,9.019607843137255054e-01,-1.568627450980392135e-01
9.901978963373955344e-04,9.019607843137255054e-01,7.843137254901960675e-02
9.901998963373389705e-04,9.411764705882352811e-01,-7.843137254901960675e-02
9.902018963372824067e-04,8.627450980392157298e-01,3.921568627450980338e-02
9.902038963372258428e-04,9.019607843137255054e-01,0.000000000000000000e+00
9.902058963371692790e-04,9.019607843137255054e-01,3.921568627450980338e-02
9.902078963371127151e-04,9.411764705882352811e-01,7.843137254901960675e-02
9.902098963370561512e-04,8.627450980392157298e-01,-3.921568627450980338e-02
9.902118963369995874e-04,8.627450980392157298e-01,7.843137254901960675e-02
9.902138963369430235e-04,9.019607843137255054e-01,0.000000000000000000e+00
9.902158963368864596e-04,9.411764705882352811e-01,-7.843137254901960675e-02
9.902178963368298958e-04,8.627450980392157298e-01,7.843137254901960675e-02
9.902198963367733319e-04,9.019607843137255054e-01,-1.568627450980392135e-01
9.902218963367167680e-04,8.627450980392157298e-01,7.843137254901960675e-02
9.902238963366602042e-04,9.411764705882352811e-01,0.000000000000000000e+00
9.902258963366036403e-04,8.235294117647058432e-01,-3.921568627450980338e-02
9.902278963365470765e-04,8.627450980392157298e-01,1.176470588235294101e-01
9.902298963364905126e-04,9.019607843137255054e-01,-3.921568627450980338e-02
9.902318963364339487e-04,9.411764705882352811e-01,3.921568627450980338e-02
9.902338963363773849e-04,8.627450980392157298e-01,3.921568627450980338e-02
9.902358963363208210e-04,9.019607843137255054e-01,0.000000000000000000e+00
9.902378963362642571e-04,9.019607843137255054e-01,1.176470588235294101e-01
9.902398963362076933e-04,9.411764705882352811e-01,-7.843137254901960675e-02
9.902418963361511294e-04,8.627450980392157298e-01,7.843137254901960675e-02
9.902438963360945656e-04,9.019607843137255054e-01,3.921568627450980338e-02
9.902458963360380017e-04,9.019607843137255054e-01,3.921568627450980338e-02
9.902478963359814378e-04,9.019607843137255054e-01,3.921568627450980338e-02
9.902498963359248740e-04,8.627450980392157298e-01,-7.843137254901960675e-02
9.902518963358683101e-04,9.019607843137255054e-01,7.843137254901960675e-02
9.902538963358117462e-04,9.019607843137255054e-01,0.000000000000000000e+00
9.902558963357551824e-04,9.411764705882352811e-01,-3.921568627450980338e-02
9.902578963356986185e-04,8.627450980392157298e-01,7.843137254901960675e-02
9.902598963356420547e-04,8.627450980392157298e-01,-1.568627450980392135e-01
9.902618963355854908e-04,9.019607843137255054e-01,1.176470588235294101e-01
9.902638963355289269e-04,9.411764705882352811e-01,0.000000000000000000e+00
9.902658963354723631e-04,8.627450980392157298e-01,0.000000000000000000e+00
9.902678963354157992e-04,8.627450980392157298e-01,7.843137254901960675e-02
9.902698963353592353e-04,9.411764705882352811e-01,-1.568627450980392135e-01
9.902718963353026715e-04,9.411764705882352811e-01,7.843137254901960675e-02
9.902738963352461076e-04,8.627450980392157298e-01,0.000000000000000000e+00
9.902758963351895437e-04,9.019607843137255054e-01,-7.843137254901960675e-02
9.902778963351329799e-04,9.019607843137255054e-01,1.176470588235294101e-01
9.902798963350764160e-04,9.411764705882352811e-01,-3.921568627450980338e-02
9.902818963350198522e-04,8.627450980392157298e-01,7.843137254901960675e-02
9.902838963349632883e-04,8.627450980392157298e-01,3.921568627450980338e-02
9.902858963349067244e-04,9.411764705882352811e-01,3.921568627450980338e-02
9.902878963348501606e-04,9.411764705882352811e-01,7.843137254901960675e-02
9.902898963347935967e-04,8.627450980392157298e-01,-3.921568627450980338e-02
9.902918963347370328e-04,8.235294117647058432e-01,3.921568627450980338e-02
9.902938963346804690e-04,9.019607843137255054e-01,3.921568627450980338e-02
9.902958963346239051e-04,9.411764705882352811e-01,-7.843137254901960675e-02
9.902978963345673413e-04,8.627450980392157298e-01,7.843137254901960675e-02
9.902998963345107774e-04,9.019607843137255054e-01,-1.568627450980392135e-01
9.903018963344542135e-04,9.019607843137255054e-01,7.843137254901960675e-02
9.903038963343976497e-04,9.411764705882352811e-01,0.000000000000000000e+00
9.903058963343410858e-04,8.235294117647058432e-01,-3.921568627450980338e-02
9.903078963342845219e-04,9.019607843137255054e-01,7.843137254901960675e-02
9.903098963342279581e-04,9.019607843137255054e-01,-3.921568627450980338e-02
9.903118963341713942e-04,9.411764705882352811e-01,3.921568627450980338e-02
9.903138963341148304e-04,8.627450980392157298e-01,0.000000000000000000e+00
9.903158963340582665e-04,9.019607843137255054e-01,0.000000000000000000e+00
9.903178963340017026e-04,9.019607843137255054e-01,1.176470588235294101e-01
9.903198963339451388e-04,9.411764705882352811e-01,-7.843137254901960675e-02
9.903218963338885749e-04,8.235294117647058432e-01,3.921568627450980338e-02
9.903238963338320110e-04,9.019607843137255054e-01,0.000000000000000000e+00
9.903258963337754472e-04,9.019607843137255054e-01,0.000000000000000000e+00
9.903278963337188833e-04,9.411764705882352811e-01,3.921568627450980338e-02
9.903298963336623194e-04,8.627450980392157298e-01,-7.843137254901960675e-02
9.903318963336057556e-04,8.627450980392157298e-01,7.843137254901960675e-02
9.903338963335491917e-04,9.019607843137255054e-01,0.000000000000000000e+00
9.903358963334926279e-04,9.411764705882352811e-01,-7.843137254901960675e-02
9.903378963334360640e-04,8.627450980392157298e-01,1.568627450980392135e-01
9.903398963333795001e-04,9.019607843137255054e-01,-1.568627450980392135e-01
9.903418963333229363e-04,9.019607843137255054e-01,1.176470588235294101e-01
9.903438963332663724e-04,9.411764705882352811e-01,0.000000000000000000e+00
9.903458963332098085e-04,8.627450980392157298e-01,0.000000000000000000e+00
9.903478963331532447e-04,8.235294117647058432e-01,7.843137254901960675e-02
9.903498963330966808e-04,9.019607843137255054e-01,-3.921568627450980338e-02
9.903518963330401170e-04,9.019607843137255054e-01,3.921568627450980338e-02
9.903538963329835531e-04,9.019607843137255054e-01,0.000000000000000000e+00
9.903558963329269892e-04,9.019607843137255054e-01,-1.568627450980392135e-01
9.903578963328704254e-04,9.019607843137255054e-01,7.843137254901960675e-02
9.903598963328138615e-04,9.411764705882352811e-01,-7.843137254901960675e-02
9.903618963327572976e-04,8.627450980392157298e-01,3.921568627450980338e-02
9.903638963327007338e-04,8.627450980392157298e-01,3.921568627450980338e-02
9.903658963326441699e-04,9.019607843137255054e-01,3.921568627450980338e-02
9.903678963325876061e-04,9.411764705882352811e-01,7.843137254901960675e-02
9.903698963325310422e-04,8.627450980392157298e-01,-7.843137254901960675e-02
9.903718963324744783e-04,8.235294117647058432e-01,0.000000000000000000e+00
9.903738963324179145e-04,9.019607843137255054e-01,3.921568627450980338e-02
9.903758963323613506e-04,9.411764705882352811e-01,-3.921568627450980338e-02
9.903778963323047867e-04,8.627450980392157298e-01,7.843137254901960675e-02
9.903798963322482229e-04,9.019607843137255054e-01,-7.843137254901960675e-02
9.903818963321916590e-04,9.019607843137255054e-01,1.176470588235294101e-01
9.903838963321350952e-04,9.411764705882352811e-01,0.000000000000000000e+00
9.903858963320785313e-04,8.627450980392157298e-01,-3.921568627450980338e-02
9.903878963320219674e-04,8.627450980392157298e-01,7.843137254901960675e-02
9.903898963319654036e-04,9.411764705882352811e-01,-3.921568627450980338e-02
9.903918963319088397e-04,9.411764705882352811e-01,3.921568627450980338e-02
9.903938963318522758e-04,8.627450980392157298e-01,3.921568627450980338e-02
9.903958963317957120e-04,9.019607843137255054e-01,-7.843137254901960675e-02
9.903978963317391481e-04,8.627450980392157298e-01,1.176470588235294101e-01
9.903998963316825842e-04,9.411764705882352811e-01,-7.843137254901960675e-02
9.904018963316260204e-04,8.627450980392157298e-01,0.000000000000000000e+00
9.904038963315694565e-04,9.411764705882352811e-01,3.921568627450980338e-02
9.904058963315128927e-04,9.019607843137255054e-01,0.000000000000000000e+00
9.904078963314563288e-04,9.411764705882352811e-01,3.921568627450980338e-02
9.904098963313997649e-04,8.627450980392157298e-01,-7.843137254901960675e-02
9.904118963313432011e-04,9.019607843137255054e-01,7.843137254901960675e-02
9.904138963312866372e-04,9.411764705882352811e-01,0.000000000000000000e+00
9.904158963312300733e-04,9.411764705882352811e-01,-3.921568627450980338e-02
9.904178963311735095e-04,8.235294117647058432e-01,7.843137254901960675e-02
9.904198963311169456e-04,8.627450980392157298e-01,-1.568627450980392135e-01
9.904218963310603818e-04,9.019607843137255054e-01,1.176470588235294101e-01
9.904238963310038179e-04,9.019607843137255054e-01,0.000000000000000000e+00
9.904258963309472540e-04,8.235294117647058432e-01,-3.921568627450980338e-02
9.904278963308906902e-04,9.019607843137255054e-01,7.843137254901960675e-02
9.904298963308341263e-04,9.019607843137255054e-01,-3.921568627450980338e-02
9.904318963307775624e-04,9.411764705882352811e-01,3.921568627450980338e-02
9.904338963307209986e-04,8.627450980392157298e-01,0.000000000000000000e+00
9.904358963306644347e-04,9.019607843137255054e-01,-1.568627450980392135e-01
9.904378963306078709e-04,9.411764705882352811e-01,7.843137254901960675e-02
9.904398963305513070e-04,9.019607843137255054e-01,-7.843137254901960675e-02
9.904418963304947431e-04,8.627450980392157298e-01,7.843137254901960675e-02
9.904438963304381793e-04,8.627450980392157298e-01,0.000000000000000000e+00
9.904458963303816154e-04,9.019607843137255054e-01,3.921568627450980338e-02
9.904478963303250515e-04,9.411764705882352811e-01,7.843137254901960675e-02
9.904498963302684877e-04,8.235294117647058432e-01,-3.921568627450980338e-02
9.904518963302119238e-04,8.627450980392157298e-01,7.843137254901960675e-02
9.904538963301553599e-04,9.019607843137255054e-01,0.000000000000000000e+00
9.904558963300987961e-04,9.411764705882352811e-01,-7.843137254901960675e-02
9.904578963300422322e-04,8.235294117647058432e-01,7.843137254901960675e-02
9.904598963299856684e-04,9.019607843137255054e-01,-1.568627450980392135e-01
9.904618963299291045e-04,8.627450980392157298e-01,1.176470588235294101e-01
9.904638963298725406e-04,9.411764705882352811e-01,0.000000000000000000e+00
9.904658963298159768e-04,8.627450980392157298e-01,0.000000000000000000e+00
9.904678963297594129e-04,8.627450980392157298e-01,7.843137254901960675e-02
9.904698963297028490e-04,9.019607843137255054e-01,0.000000000000000000e+00
9.904718963296462852e-04,9.019607843137255054e-01,7.843137254901960675e-02
9.904738963295897213e-04,8.235294117647058432e-01,0.000000000000000000e+00
9.904758963295331575e-04,8.627450980392157298e-01,-7.843137254901960675e-02
9.904778963294765936e-04,9.019607843137255054e-01,1.176470588235294101e-01
9.904798963294200297e-04,9.411764705882352811e-01,-1.568627450980392135e-01
9.904818963293634659e-04,8.627450980392157298e-01,3.921568627450980338e-02
9.904838963293069020e-04,9.019607843137255054e-01,0.000000000000000000e+00
9.904858963292503381e-04,9.019607843137255054e-01,0.000000000000000000e+00
9.904878963291937743e-04,9.411764705882352811e-01,3.921568627450980338e-02
9.904898963291372104e-04,8.627450980392157298e-01,-7.843137254901960675e-02
9.904918963290806466e-04,8.627450980392157298e-01,3.921568627450980338e-02
9.904938963290240827e-04,8.627450980392157298e-01,0.000000000000000000e+00
9.904958963289675188e-04,9.411764705882352811e-01,-7.843137254901960675e-02
9.904978963289109550e-04,8.627450980392157298e-01,7.843137254901960675e-02
9.904998963288543911e-04,9.019607843137255054e-01,-7.843137254901960675e-02
9.905018963287978272e-04,9.019607843137255054e-01,1.176470588235294101e-01
9.905038963287412634e-04,9.411764705882352811e-01,0.000000000000000000e+00
9.905058963286846995e-04,8.627450980392157298e-01,-7.843137254901960675e-02
9.905078963286281356e-04,8.627450980392157298e-01,3.921568627450980338e-02
9.905098963285715718e-04,9.019607843137255054e-01,-7.843137254901960675e-02
9.905118963285150079e-04,9.411764705882352811e-01,3.921568627450980338e-02
9.905138963284584441e-04,8.235294117647058432e-01,0.000000000000000000e+00
9.905158963284018802e-04,9.019607843137255054e-01,0.000000000000000000e+00
9.905178963283453163e-04,9.019607843137255054e-01,1.176470588235294101e-01
9.905198963282887525e-04,9.411764705882352811e-01,-7.843137254901960675e-02
9.905218963282321886e-04,8.627450980392157298e-01,3.921568627450980338e-02
9.905238963281756247e-04,8.627450980392157298e-01,0.000000000000000000e+00
9.905258963281190609e-04,9.019607843137255054e-01,0.000000000000000000e+00
9.905278963280624970e-04,9.019607843137255054e-01,7.843137254901960675e-02
9.905298963280059332e-04,8.627450980392157298e-01,-3.921568627450980338e-02
9.905318963279493693e-04,8.627450980392157298e-01,0.000000000000000000e+00
9.905338963278928054e-04,9.019607843137255054e-01,0.000000000000000000e+00
9.905358963278362416e-04,9.411764705882352811e-01,-3.921568627450980338e-02
9.905378963277796777e-04,8.627450980392157298e-01,1.176470588235294101e-01
9.905398963277231138e-04,9.019607843137255054e-01,-1.568627450980392135e-01
9.905418963276665500e-04,9.019607843137255054e-01,1.176470588235294101e-01
9.905438963276099861e-04,9.411764705882352811e-01,0.000000000000000000e+00
9.905458963275534223e-04,8.627450980392157298e-01,0.000000000000000000e+00
9.905478963274968584e-04,8.627450980392157298e-01,7.843137254901960675e-02
9.905498963274402945e-04,9.019607843137255054e-01,-7.843137254901960675e-02
9.905518963273837307e-04,9.411764705882352811e-01,7.843137254901960675e-02
9.905538963273271668e-04,8.627450980392157298e-01,0.000000000000000000e+00
9.905558963272706029e-04,9.019607843137255054e-01,-1.568627450980392135e-01
9.905578963272140391e-04,9.019607843137255054e-01,7.843137254901960675e-02
9.905598963271574752e-04,9.411764705882352811e-01,-7.843137254901960675e-02
9.905618963271009113e-04,8.627450980392157298e-01,3.921568627450980338e-02
9.905638963270443475e-04,8.627450980392157298e-01,0.000000000000000000e+00
9.905658963269877836e-04,8.627450980392157298e-01,3.921568627450980338e-02
9.905678963269312198e-04,9.019607843137255054e-01,7.843137254901960675e-02
9.905698963268746559e-04,8.235294117647058432e-01,-7.843137254901960675e-02
9.905718963268180920e-04,9.019607843137255054e-01,7.843137254901960675e-02
9.905738963267615282e-04,9.411764705882352811e-01,0.000000000000000000e+00
9.905758963267049643e-04,9.411764705882352811e-01,-7.843137254901960675e-02
9.905778963266484004e-04,8.627450980392157298e-01,7.843137254901960675e-02
9.905798963265918366e-04,9.019607843137255054e-01,-1.568627450980392135e-01
9.905818963265352727e-04,9.019607843137255054e-01,1.176470588235294101e-01
9.905838963264787089e-04,9.411764705882352811e-01,0.000000000000000000e+00
9.905858963264221450e-04,8.627450980392157298e-01,-7.843137254901960675e-02
9.905878963263655811e-04,8.627450980392157298e-01,7.843137254901960675e-02
9.905898963263090173e-04,9.019607843137255054e-01,-3.921568627450980338e-02
9.905918963262524534e-04,9.411764705882352811e-01,3.921568627450980338e-02
9.905938963261958895e-04,8.627450980392157298e-01,3.921568627450980338e-02
9.905958963261393257e-04,9.411764705882352811e-01,3.921568627450980338e-02
9.905978963260827618e-04,9.019607843137255054e-01,7.843137254901960675e-02
9.905998963260261980e-04,9.411764705882352811e-01,-7.843137254901960675e-02
9.906018963259696341e-04,8.627450980392157298e-01,0.000000000000000000e+00
9.906038963259130702e-04,8.235294117647058432e-01,0.000000000000000000e+00
9.906058963258565064e-04,9.019607843137255054e-01,0.000000000000000000e+00
9.906078963257999425e-04,9.411764705882352811e-01,7.843137254901960675e-02
9.906098963257433786e-04,8.627450980392157298e-01,-7.843137254901960675e-02
9.906118963256868148e-04,9.019607843137255054e-01,7.843137254901960675e-02
9.906138963256302509e-04,9.019607843137255054e-01,7.843137254901960675e-02
9.906158963255736871e-04,9.411764705882352811e-01,-7.843137254901960675e-02
9.906178963255171232e-04,8.235294117647058432e-01,7.843137254901960675e-02
9.906198963254605593e-04,9.019607843137255054e-01,0.000000000000000000e+00
9.906218963254039955e-04,9.019607843137255054e-01,1.176470588235294101e-01
9.906238963253474316e-04,9.411764705882352811e-01,0.000000000000000000e+00
9.906258963252908677e-04,8.627450980392157298e-01,-3.921568627450980338e-02
9.906278963252343039e-04,9.019607843137255054e-01,7.843137254901960675e-02
9.906298963251777400e-04,9.019607843137255054e-01,-7.843137254901960675e-02
9.906318963251211761e-04,9.019607843137255054e-01,3.921568627450980338e-02
9.906338963250646123e-04,8.627450980392157298e-01,3.921568627450980338e-02
9.906358963250080484e-04,9.019607843137255054e-01,-1.568627450980392135e-01
9.906378963249514846e-04,9.019607843137255054e-01,7.843137254901960675e-02
9.906398963248949207e-04,9.411764705882352811e-01,-7.843137254901960675e-02
9.906418963248383568e-04,8.627450980392157298e-01,0.000000000000000000e+00
9.906438963247817930e-04,9.019607843137255054e-01,3.921568627450980338e-02
9.906458963247252291e-04,9.019607843137255054e-01,3.921568627450980338e-02
9.906478963246686652e-04,9.411764705882352811e-01,7.843137254901960675e-02
9.906498963246121014e-04,8.627450980392157298e-01,-7.843137254901960675e-02
9.906518963245555375e-04,8.627450980392157298e-01,7.843137254901960675e-02
9.906538963244989737e-04,9.019607843137255054e-01,-3.921568627450980338e-02
9.906558963244424098e-04,9.411764705882352811e-01,-3.921568627450980338e-02
9.906578963243858459e-04,8.627450980392157298e-01,7.843137254901960675e-02
9.906598963243292821e-04,8.627450980392157298e-01,-7.843137254901960675e-02
9.906618963242727182e-04,8.627450980392157298e-01,7.843137254901960675e-02
9.906638963242161543e-04,9.411764705882352811e-01,0.000000000000000000e+00
9.906658963241595905e-04,8.627450980392157298e-01,0.000000000000000000e+00
9.906678963241030266e-04,8.627450980392157298e-01,7.843137254901960675e-02
9.906698963240464628e-04,9.019607843137255054e-01,-7.843137254901960675e-02
9.906718963239898989e-04,9.019607843137255054e-01,3.921568627450980338e-02
9.906738963239333350e-04,8.627450980392157298e-01,0.000000000000000000e+00
9.906758963238767712e-04,9.411764705882352811e-01,-3.921568627450980338e-02
9.906778963238202073e-04,9.019607843137255054e-01,7.843137254901960675e-02
9.906798963237636434e-04,9.411764705882352811e-01,-7.843137254901960675e-02
9.906818963237070796e-04,8.627450980392157298e-01,0.000000000000000000e+00
9.906838963236505157e-04,9.019607843137255054e-01,0.000000000000000000e+00
9.906858963235939518e-04,9.019607843137255054e-01,3.921568627450980338e-02
9.906878963235373880e-04,9.019607843137255054e-01,7.843137254901960675e-02
9.906898963234808241e-04,8.627450980392157298e-01,-3.921568627450980338e-02
9.906918963234242603e-04,8.627450980392157298e-01,7.843137254901960675e-02
9.906938963233676964e-04,9.019607843137255054e-01,0.000000000000000000e+00
9.906958963233111325e-04,9.411764705882352811e-01,-3.921568627450980338e-02
9.906978963232545687e-04,8.235294117647058432e-01,7.843137254901960675e-02
9.906998963231980048e-04,9.411764705882352811e-01,-1.568627450980392135e-01
9.907018963231414409e-04,9.411764705882352811e-01,1.176470588235294101e-01
9.907038963230848771e-04,9.411764705882352811e-01,0.000000000000000000e+00
9.907058963230283132e-04,8.627450980392157298e-01,-7.843137254901960675e-02
9.907078963229717494e-04,8.235294117647058432e-01,1.176470588235294101e-01
9.907098963229151855e-04,9.411764705882352811e-01,-3.921568627450980338e-02
9.907118963228586216e-04,9.411764705882352811e-01,3.921568627450980338e-02
9.907138963228020578e-04,8.627450980392157298e-01,3.921568627450980338e-02
9.907158963227454939e-04,8.627450980392157298e-01,0.000000000000000000e+00
9.907178963226889300e-04,9.019607843137255054e-01,1.176470588235294101e-01
9.907198963226323662e-04,9.411764705882352811e-01,-3.921568627450980338e-02
9.907218963225758023e-04,8.627450980392157298e-01,3.921568627450980338e-02
9.907238963225192385e-04,8.627450980392157298e-01,0.000000000000000000e+00
9.907258963224626746e-04,9.019607843137255054e-01,3.921568627450980338e-02
9.907278963224061107e-04,9.411764705882352811e-01,7.843137254901960675e-02
9.907298963223495469e-04,8.627450980392157298e-01,0.000000000000000000e+00
9.907318963222929830e-04,9.019607843137255054e-01,7.843137254901960675e-02
9.907338963222364191e-04,9.019607843137255054e-01,0.000000000000000000e+00
9.907358963221798553e-04,9.411764705882352811e-01,-7.843137254901960675e-02
9.907378963221232914e-04,8.235294117647058432e-01,7.843137254901960675e-02
9.907398963220667275e-04,9.019607843137255054e-01,-1.568627450980392135e-01
9.907418963220101637e-04,9.019607843137255054e-01,1.568627450980392135e-01
9.907438963219535998e-04,9.411764705882352811e-01,0.000000000000000000e+00
9.907458963218970360e-04,8.627450980392157298e-01,0.000000000000000000e+00
9.907478963218404721e-04,9.019607843137255054e-01,1.176470588235294101e-01
9.907498963217839082e-04,9.019607843137255054e-01,-7.843137254901960675e-02
9.907518963217273444e-04,9.411764705882352811e-01,7.843137254901960675e-02
9.907538963216707805e-04,8.627450980392157298e-01,3.921568627450980338e-02
9.907558963216142166e-04,9.019607843137255054e-01,-7.843137254901960675e-02
9.907578963215576528e-04,9.411764705882352811e-01,1.176470588235294101e-01
9.907598963215010889e-04,9.411764705882352811e-01,-7.843137254901960675e-02
9.907618963214445251e-04,8.627450980392157298e-01,0.000000000000000000e+00
9.907638963213879612e-04,8.627450980392157298e-01,0.000000000000000000e+00
9.907658963213313973e-04,9.019607843137255054e-01,0.000000000000000000e+00
9.907678963212748335e-04,9.019607843137255054e-01,7.843137254901960675e-02
9.907698963212182696e-04,9.019607843137255054e-01,-7.843137254901960675e-02
9.907718963211617057e-04,9.019607843137255054e-01,7.843137254901960675e-02
9.907738963211051419e-04,9.019607843137255054e-01,0.000000000000000000e+00
9.907758963210485780e-04,9.411764705882352811e-01,-7.843137254901960675e-02
9.907778963209920142e-04,8.627450980392157298e-01,7.843137254901960675e-02
9.907798963209354503e-04,9.019607843137255054e-01,-1.568627450980392135e-01
9.907818963208788864e-04,9.411764705882352811e-01,1.176470588235294101e-01
9.907838963208223226e-04,9.411764705882352811e-01,0.000000000000000000e+00
9.907858963207657587e-04,8.235294117647058432e-01,-7.843137254901960675e-02
9.907878963207091948e-04,8.627450980392157298e-01,7.843137254901960675e-02
9.907898963206526310e-04,9.019607843137255054e-01,-3.921568627450980338e-02
9.907918963205960671e-04,9.019607843137255054e-01,3.921568627450980338e-02
9.907938963205395033e-04,8.627450980392157298e-01,0.000000000000000000e+00
9.907958963204829394e-04,9.019607843137255054e-01,0.000000000000000000e+00
9.907978963204263755e-04,9.411764705882352811e-01,1.176470588235294101e-01
9.907998963203698117e-04,9.411764705882352811e-01,-7.843137254901960675e-02
9.908018963203132478e-04,8.235294117647058432e-01,0.000000000000000000e+00
9.908038963202566839e-04,9.019607843137255054e-01,0.000000000000000000e+00
9.908058963202001201e-04,9.019607843137255054e-01,3.921568627450980338e-02
9.908078963201435562e-04,9.411764705882352811e-01,7.843137254901960675e-02
9.908098963200869923e-04,8.627450980392157298e-01,-3.921568627450980338e-02
9.908118963200304285e-04,8.627450980392157298e-01,7.843137254901960675e-02
9.908138963199738646e-04,8.627450980392157298e-01,0.000000000000000000e+00
9.908158963199173008e-04,9.411764705882352811e-01,-7.843137254901960675e-02
9.908178963198607369e-04,8.235294117647058432e-01,7.843137254901960675e-02
9.908198963198041730e-04,9.019607843137255054e-01,-7.843137254901960675e-02
9.908218963197476092e-04,8.627450980392157298e-01,1.176470588235294101e-01
9.908238963196910453e-04,9.411764705882352811e-01,0.000000000000000000e+00
9.908258963196344814e-04,8.235294117647058432e-01,0.000000000000000000e+00
9.908278963195779176e-04,8.627450980392157298e-01,7.843137254901960675e-02
9.908298963195213537e-04,9.411764705882352811e-01,-3.921568627450980338e-02
9.908318963194647899e-04,9.411764705882352811e-01,7.843137254901960675e-02
9.908338963194082260e-04,8.235294117647058432e-01,0.000000000000000000e+00
9.908358963193516621e-04,9.411764705882352811e-01,-7.843137254901960675e-02
9.908378963192950983e-04,9.019607843137255054e-01,1.176470588235294101e-01
9.908398963192385344e-04,9.803921568627450567e-01,-3.921568627450980338e-02
9.908418963191819705e-04,8.627450980392157298e-01,0.000000000000000000e+00
9.908438963191254067e-04,9.019607843137255054e-01,0.000000000000000000e+00
9.908458963190688428e-04,9.019607843137255054e-01,3.921568627450980338e-02
9.908478963190122790e-04,9.411764705882352811e-01,3.921568627450980338e-02
9.908498963189557151e-04,8.627450980392157298e-01,-3.921568627450980338e-02
9.908518963188991512e-04,9.019607843137255054e-01,7.843137254901960675e-02
9.908538963188425874e-04,9.019607843137255054e-01,0.000000000000000000e+00
9.908558963187860235e-04,9.411764705882352811e-01,0.000000000000000000e+00
9.908578963187294596e-04,8.627450980392157298e-01,7.843137254901960675e-02
9.908598963186728958e-04,9.019607843137255054e-01,-1.568627450980392135e-01
9.908618963186163319e-04,9.019607843137255054e-01,7.843137254901960675e-02
9.908638963185597680e-04,9.411764705882352811e-01,0.000000000000000000e+00
9.908658963185032042e-04,8.235294117647058432e-01,-3.921568627450980338e-02
9.908678963184466403e-04,9.019607843137255054e-01,7.843137254901960675e-02
9.908698963183900765e-04,9.411764705882352811e-01,0.000000000000000000e+00
9.908718963183335126e-04,9.411764705882352811e-01,7.843137254901960675e-02
9.908738963182769487e-04,8.627450980392157298e-01,3.921568627450980338e-02
9.908758963182203849e-04,9.019607843137255054e-01,0.000000000000000000e+00
9.908778963181638210e-04,9.019607843137255054e-01,1.176470588235294101e-01
9.908798963181072571e-04,9.411764705882352811e-01,-7.843137254901960675e-02
9.908818963180506933e-04,8.627450980392157298e-01,7.843137254901960675e-02
9.908838963179941294e-04,8.235294117647058432e-01,0.000000000000000000e+00
9.908858963179375656e-04,9.019607843137255054e-01,0.000000000000000000e+00
9.908878963178810017e-04,9.411764705882352811e-01,3.921568627450980338e-02
9.908898963178244378e-04,8.627450980392157298e-01,-7.843137254901960675e-02
9.908918963177678740e-04,8.627450980392157298e-01,3.921568627450980338e-02
9.908938963177113101e-04,9.019607843137255054e-01,0.000000000000000000e+00
9.908958963176547462e-04,9.411764705882352811e-01,-7.843137254901960675e-02
9.908978963175981824e-04,8.627450980392157298e-01,7.843137254901960675e-02
9.908998963175416185e-04,9.019607843137255054e-01,-1.568627450980392135e-01
9.909018963174850547e-04,8.627450980392157298e-01,7.843137254901960675e-02
9.909038963174284908e-04,9.411764705882352811e-01,0.000000000000000000e+00
9.909058963173719269e-04,8.627450980392157298e-01,0.000000000000000000e+00
9.909078963173153631e-04,8.627450980392157298e-01,7.843137254901960675e-02
9.909098963172587992e-04,9.019607843137255054e-01,-3.921568627450980338e-02
9.909118963172022353e-04,9.411764705882352811e-01,3.921568627450980338e-02
9.909138963171456715e-04,8.627450980392157298e-01,3.921568627450980338e-02
9.909158963170891076e-04,8.627450980392157298e-01,0.000000000000000000e+00
9.909178963170325437e-04,9.411764705882352811e-01,1.176470588235294101e-01
9.909198963169759799e-04,9.411764705882352811e-01,-7.843137254901960675e-02
9.909218963169194160e-04,8.235294117647058432e-01,3.921568627450980338e-02
9.909238963168628522e-04,8.627450980392157298e-01,0.000000000000000000e+00
9.909258963168062883e-04,9.411764705882352811e-01,0.000000000000000000e+00
9.909278963167497244e-04,9.019607843137255054e-01,3.921568627450980338e-02
9.909298963166931606e-04,8.235294117647058432e-01,-7.843137254901960675e-02
9.909318963166365967e-04,8.627450980392157298e-01,7.843137254901960675e-02
9.909338963165800328e-04,9.019607843137255054e-01,0.000000000000000000e+00
9.909358963165234690e-04,9.411764705882352811e-01,-3.921568627450980338e-02
9.909378963164669051e-04,8.627450980392157298e-01,7.843137254901960675e-02
9.909398963164103413e-04,9.019607843137255054e-01,-7.843137254901960675e-02
9.909418963163537774e-04,8.627450980392157298e-01,7.843137254901960675e-02
9.909438963162972135e-04,9.411764705882352811e-01,3.921568627450980338e-02
9.909458963162406497e-04,8.627450980392157298e-01,-3.921568627450980338e-02
9.909478963161840858e-04,8.627450980392157298e-01,7.843137254901960675e-02
9.909498963161275219e-04,9.019607843137255054e-01,-3.921568627450980338e-02
9.909518963160709581e-04,9.411764705882352811e-01,3.921568627450980338e-02
9.909538963160143942e-04,8.235294117647058432e-01,0.000000000000000000e+00
9.909558963159578304e-04,8.235294117647058432e-01,-1.568627450980392135e-01
9.909578963159012665e-04,8.627450980392157298e-01,1.176470588235294101e-01
9.909598963158447026e-04,9.411764705882352811e-01,-3.921568627450980338e-02
9.909618963157881388e-04,8.235294117647058432e-01,3.921568627450980338e-02
9.909638963157315749e-04,8.627450980392157298e-01,0.000000000000000000e+00
9.909658963156750110e-04,9.019607843137255054e-01,3.921568627450980338e-02
9.909678963156184472e-04,9.411764705882352811e-01,3.921568627450980338e-02
9.909698963155618833e-04,8.627450980392157298e-01,-7.843137254901960675e-02
9.909718963155053194e-04,9.019607843137255054e-01,3.921568627450980338e-02
9.909738963154487556e-04,9.019607843137255054e-01,3.921568627450980338e-02
9.909758963153921917e-04,9.411764705882352811e-01,-7.843137254901960675e-02
9.909778963153356279e-04,8.235294117647058432e-01,7.843137254901960675e-02
9.909798963152790640e-04,9.019607843137255054e-01,-7.843137254901960675e-02
9.909818963152225001e-04,9.019607843137255054e-01,1.176470588235294101e-01
9.909838963151659363e-04,9.411764705882352811e-01,0.000000000000000000e+00
9.909858963151093724e-04,8.627450980392157298e-01,-3.921568627450980338e-02
9.909878963150528085e-04,8.627450980392157298e-01,7.843137254901960675e-02
9.909898963149962447e-04,9.019607843137255054e-01,-3.921568627450980338e-02
9.909918963149396808e-04,9.411764705882352811e-01,3.921568627450980338e-02
9.909938963148831170e-04,8.235294117647058432e-01,0.000000000000000000e+00
9.909958963148265531e-04,8.627450980392157298e-01,-1.568627450980392135e-01
9.909978963147699892e-04,9.019607843137255054e-01,1.176470588235294101e-01
9.909998963147134254e-04,9.411764705882352811e-01,-7.843137254901960675e-02
9.910018963146568615e-04,8.627450980392157298e-01,7.843137254901960675e-02
9.910038963146002976e-04,9.411764705882352811e-01,0.000000000000000000e+00
9.910058963145437338e-04,9.019607843137255054e-01,0.000000000000000000e+00
9.910078963144871699e-04,9.411764705882352811e-01,3.921568627450980338e-02
9.910098963144306061e-04,8.627450980392157298e-01,-7.843137254901960675e-02
9.910118963143740422e-04,8.627450980392157298e-01,0.000000000000000000e+00
9.910138963143174783e-04,9.411764705882352811e-01,0.000000000000000000e+00
9.910158963142609145e-04,9.411764705882352811e-01,-3.921568627450980338e-02
9.910178963142043506e-04,8.627450980392157298e-01,7.843137254901960675e-02
9.910198963141477867e-04,9.019607843137255054e-01,-1.568627450980392135e-01
9.910218963140912229e-04,9.019607843137255054e-01,1.176470588235294101e-01
9.910238963140346590e-04,9.411764705882352811e-01,0.000000000000000000e+00
9.910258963139780952e-04,8.627450980392157298e-01,0.000000000000000000e+00
9.910278963139215313e-04,9.019607843137255054e-01,1.176470588235294101e-01
9.910298963138649674e-04,9.019607843137255054e-01,-3.921568627450980338e-02
9.910318963138084036e-04,9.019607843137255054e-01,3.921568627450980338e-02
9.910338963137518397e-04,8.627450980392157298e-01,0.000000000000000000e+00
9.910358963136952758e-04,9.019607843137255054e-01,-7.843137254901960675e-02
9.910378963136387120e-04,9.411764705882352811e-01,1.568627450980392135e-01
9.910398963135821481e-04,9.411764705882352811e-01,-7.843137254901960675e-02
9.910418963135255842e-04,8.235294117647058432e-01,3.921568627450980338e-02
9.910438963134690204e-04,9.019607843137255054e-01,3.921568627450980338e-02
9.910458963134124565e-04,9.019607843137255054e-01,0.000000000000000000e+00
9.910478963133558927e-04,9.411764705882352811e-01,7.843137254901960675e-02
9.910498963132993288e-04,8.235294117647058432e-01,-3.921568627450980338e-02
9.910518963132427649e-04,8.235294117647058432e-01,3.921568627450980338e-02
9.910538963131862011e-04,9.019607843137255054e-01,3.921568627450980338e-02
9.910558963131296372e-04,9.411764705882352811e-01,-7.843137254901960675e-02
9.910578963130730733e-04,8.627450980392157298e-01,7.843137254901960675e-02
9.910598963130165095e-04,9.019607843137255054e-01,-1.568627450980392135e-01
9.910618963129599456e-04,8.627450980392157298e-01,7.843137254901960675e-02
9.910638963129033818e-04,9.411764705882352811e-01,0.000000000000000000e+00
9.910658963128468179e-04,8.627450980392157298e-01,-3.921568627450980338e-02
9.910678963127902540e-04,8.235294117647058432e-01,7.843137254901960675e-02
9.910698963127336902e-04,9.019607843137255054e-01,-7.843137254901960675e-02
9.910718963126771263e-04,9.411764705882352811e-01,3.921568627450980338e-02
9.910738963126205624e-04,8.235294117647058432e-01,3.921568627450980338e-02
9.910758963125639986e-04,9.019607843137255054e-01,-7.843137254901960675e-02
9.910778963125074347e-04,9.019607843137255054e-01,7.843137254901960675e-02
9.910798963124508709e-04,9.411764705882352811e-01,-7.843137254901960675e-02
9.910818963123943070e-04,8.235294117647058432e-01,0.000000000000000000e+00
9.910838963123377431e-04,9.411764705882352811e-01,3.921568627450980338e-02
9.910858963122811793e-04,9.019607843137255054e-01,3.921568627450980338e-02
9.910878963122246154e-04,9.019607843137255054e-01,7.843137254901960675e-02
9.910898963121680515e-04,8.627450980392157298e-01,-3.921568627450980338e-02
9.910918963121114877e-04,8.235294117647058432e-01,7.843137254901960675e-02
9.910938963120549238e-04,9.019607843137255054e-01,0.000000000000000000e+00
9.910958963119983599e-04,9.411764705882352811e-01,-3.921568627450980338e-02
9.910978963119417961e-04,8.627450980392157298e-01,1.568627450980392135e-01
9.910998963118852322e-04,8.627450980392157298e-01,-1.568627450980392135e-01
9.911018963118286684e-04,9.019607843137255054e-01,1.176470588235294101e-01
9.911038963117721045e-04,9.411764705882352811e-01,0.000000000000000000e+00
9.911058963117155406e-04,8.627450980392157298e-01,-3.921568627450980338e-02
9.911078963116589768e-04,8.235294117647058432e-01,7.843137254901960675e-02
9.911098963116024129e-04,9.019607843137255054e-01,-7.843137254901960675e-02
9.911118963115458490e-04,9.411764705882352811e-01,3.921568627450980338e-02
9.911138963114892852e-04,8.627450980392157298e-01,3.921568627450980338e-02
9.911158963114327213e-04,9.019607843137255054e-01,-7.843137254901960675e-02
9.911178963113761575e-04,9.019607843137255054e-01,1.176470588235294101e-01
9.911198963113195936e-04,9.411764705882352811e-01,-7.843137254901960675e-02
9.911218963112630297e-04,8.627450980392157298e-01,0.000000000000000000e+00
9.911238963112064659e-04,9.019607843137255054e-01,3.921568627450980338e-02
9.911258963111499020e-04,9.411764705882352811e-01,3.921568627450980338e-02
9.911278963110933381e-04,9.411764705882352811e-01,7.843137254901960675e-02
9.911298963110367743e-04,8.627450980392157298e-01,-3.921568627450980338e-02
9.911318963109802104e-04,9.019607843137255054e-01,7.843137254901960675e-02
9.911338963109236466e-04,9.019607843137255054e-01,0.000000000000000000e+00
9.911358963108670827e-04,9.411764705882352811e-01,-7.843137254901960675e-02
9.911378963108105188e-04,8.627450980392157298e-01,7.843137254901960675e-02
9.911398963107539550e-04,9.019607843137255054e-01,-1.568627450980392135e-01
9.911418963106973911e-04,9.019607843137255054e-01,1.176470588235294101e-01
9.911438963106408272e-04,9.411764705882352811e-01,0.000000000000000000e+00
9.911458963105842634e-04,8.627450980392157298e-01,-3.921568627450980338e-02
9.911478963105276995e-04,9.019607843137255054e-01,1.176470588235294101e-01
9.911498963104711356e-04,9.019607843137255054e-01,-3.921568627450980338e-02
9.911518963104145718e-04,9.411764705882352811e-01,3.921568627450980338e-02
9.911538963103580079e-04,8.627450980392157298e-01,0.000000000000000000e+00
9.911558963103014441e-04,9.019607843137255054e-01,-1.568627450980392135e-01
9.911578963102448802e-04,9.019607843137255054e-01,1.176470588235294101e-01
9.911598963101883163e-04,9.411764705882352811e-01,-7.843137254901960675e-02
9.911618963101317525e-04,8.235294117647058432e-01,0.000000000000000000e+00
9.911638963100751886e-04,8.627450980392157298e-01,3.921568627450980338e-02
9.911658963100186247e-04,9.019607843137255054e-01,0.000000000000000000e+00
9.911678963099620609e-04,9.411764705882352811e-01,3.921568627450980338e-02
9.911698963099054970e-04,8.627450980392157298e-01,-3.921568627450980338e-02
9.911718963098489332e-04,8.627450980392157298e-01,7.843137254901960675e-02
9.911738963097923693e-04,9.019607843137255054e-01,0.000000000000000000e+00
9.911758963097358054e-04,9.411764705882352811e-01,-3.921568627450980338e-02
9.911778963096792416e-04,8.235294117647058432e-01,7.843137254901960675e-02
9.911798963096226777e-04,9.019607843137255054e-01,0.000000000000000000e+00
9.911818963095661138e-04,8.627450980392157298e-01,1.176470588235294101e-01
9.911838963095095500e-04,9.411764705882352811e-01,-3.921568627450980338e-02
9.911858963094529861e-04,8.627450980392157298e-01,0.000000000000000000e+00
9.911878963093964223e-04,8.627450980392157298e-01,7.843137254901960675e-02
9.911898963093398584e-04,9.019607843137255054e-01,-3.921568627450980338e-02
9.911918963092832945e-04,9.411764705882352811e-01,7.843137254901960675e-02
9.911938963092267307e-04,8.627450980392157298e-01,3.921568627450980338e-02
9.911958963091701668e-04,8.627450980392157298e-01,0.000000000000000000e+00
9.911978963091136029e-04,8.627450980392157298e-01,1.176470588235294101e-01
9.911998963090570391e-04,9.411764705882352811e-01,-7.843137254901960675e-02
9.912018963090004752e-04,8.627450980392157298e-01,3.921568627450980338e-02
9.912038963089439114e-04,9.019607843137255054e-01,0.000000000000000000e+00
9.912058963088873475e-04,8.627450980392157298e-01,3.921568627450980338e-02
9.912078963088307836e-04,9.019607843137255054e-01,3.921568627450980338e-02
9.912098963087742198e-04,9.019607843137255054e-01,-7.843137254901960675e-02
9.912118963087176559e-04,8.627450980392157298e-01,0.000000000000000000e+00
9.912138963086610920e-04,9.019607843137255054e-01,0.000000000000000000e+00
9.912158963086045282e-04,9.411764705882352811e-01,-3.921568627450980338e-02
9.912178963085479643e-04,8.235294117647058432e-01,7.843137254901960675e-02
9.912198963084914004e-04,8.627450980392157298e-01,-7.843137254901960675e-02
9.912218963084348366e-04,9.019607843137255054e-01,7.843137254901960675e-02
9.912238963083782727e-04,9.411764705882352811e-01,3.921568627450980338e-02
9.912258963083217089e-04,8.627450980392157298e-01,-7.843137254901960675e-02
9.912278963082651450e-04,8.235294117647058432e-01,7.843137254901960675e-02
9.912298963082085811e-04,9.019607843137255054e-01,-3.921568627450980338e-02
9.912318963081520173e-04,9.411764705882352811e-01,3.921568627450980338e-02
9.912338963080954534e-04,8.627450980392157298e-01,0.000000000000000000e+00
9.912358963080388895e-04,9.019607843137255054e-01,0.000000000000000000e+00
9.912378963079823257e-04,9.019607843137255054e-01,1.176470588235294101e-01
9.912398963079257618e-04,9.411764705882352811e-01,-7.843137254901960675e-02
9.912418963078691980e-04,8.627450980392157298e-01,3.921568627450980338e-02
9.912438963078126341e-04,9.019607843137255054e-01,0.000000000000000000e+00
9.912458963077560702e-04,9.019607843137255054e-01,0.000000000000000000e+00
9.912478963076995064e-04,9.019607843137255054e-01,0.000000000000000000e+00
9.912498963076429425e-04,8.627450980392157298e-01,-7.843137254901960675e-02
9.912518963075863786e-04,8.627450980392157298e-01,3.921568627450980338e-02
9.912538963075298148e-04,9.019607843137255054e-01,0.000000000000000000e+00
9.912558963074732509e-04,9.411764705882352811e-01,-7.843137254901960675e-02
9.912578963074166871e-04,8.627450980392157298e-01,1.176470588235294101e-01
9.912598963073601232e-04,9.019607843137255054e-01,-7.843137254901960675e-02
9.912618963073035593e-04,9.019607843137255054e-01,1.176470588235294101e-01
9.912638963072469955e-04,9.411764705882352811e-01,0.000000000000000000e+00
9.912658963071904316e-04,8.627450980392157298e-01,-3.921568627450980338e-02
9.912678963071338677e-04,9.019607843137255054e-01,7.843137254901960675e-02
9.912698963070773039e-04,9.019607843137255054e-01,-3.921568627450980338e-02
9.912718963070207400e-04,9.411764705882352811e-01,7.843137254901960675e-02
9.912738963069641761e-04,8.235294117647058432e-01,0.000000000000000000e+00
9.912758963069076123e-04,8.627450980392157298e-01,-7.843137254901960675e-02
9.912778963068510484e-04,9.019607843137255054e-01,7.843137254901960675e-02
9.912798963067944846e-04,9.411764705882352811e-01,-7.843137254901960675e-02
9.912818963067379207e-04,8.627450980392157298e-01,3.921568627450980338e-02
9.912838963066813568e-04,8.627450980392157298e-01,3.921568627450980338e-02
9.912858963066247930e-04,8.627450980392157298e-01,0.000000000000000000e+00
9.912878963065682291e-04,9.411764705882352811e-01,7.843137254901960675e-02
9.912898963065116652e-04,8.627450980392157298e-01,-3.921568627450980338e-02
9.912918963064551014e-04,9.019607843137255054e-01,7.843137254901960675e-02
9.912938963063985375e-04,9.411764705882352811e-01,0.000000000000000000e+00
9.912958963063419737e-04,9.411764705882352811e-01,-3.921568627450980338e-02
9.912978963062854098e-04,8.627450980392157298e-01,7.843137254901960675e-02
9.912998963062288459e-04,8.627450980392157298e-01,-1.568627450980392135e-01
9.913018963061722821e-04,9.019607843137255054e-01,1.176470588235294101e-01
9.913038963061157182e-04,9.411764705882352811e-01,0.000000000000000000e+00
9.913058963060591543e-04,8.235294117647058432e-01,-3.921568627450980338e-02
9.913078963060025905e-04,9.019607843137255054e-01,7.843137254901960675e-02
9.913098963059460266e-04,8.627450980392157298e-01,-3.921568627450980338e-02
9.913118963058894628e-04,9.411764705882352811e-01,7.843137254901960675e-02
9.913138963058328989e-04,8.627450980392157298e-01,0.000000000000000000e+00
9.913158963057763350e-04,9.019607843137255054e-01,0.000000000000000000e+00
9.913178963057197712e-04,9.019607843137255054e-01,7.843137254901960675e-02
9.913198963056632073e-04,9.803921568627450567e-01,-7.843137254901960675e-02
9.913218963056066434e-04,8.235294117647058432e-01,0.000000000000000000e+00
9.913238963055500796e-04,8.627450980392157298e-01,0.000000000000000000e+00
9.913258963054935157e-04,9.019607843137255054e-01,0.000000000000000000e+00
9.913278963054369518e-04,9.411764705882352811e-01,7.843137254901960675e-02
9.913298963053803880e-04,8.235294117647058432e-01,-7.843137254901960675e-02
9.913318963053238241e-04,9.019607843137255054e-01,7.843137254901960675e-02
9.913338963052672603e-04,8.627450980392157298e-01,0.000000000000000000e+00
9.913358963052106964e-04,9.411764705882352811e-01,-7.843137254901960675e-02
9.913378963051541325e-04,8.627450980392157298e-01,7.843137254901960675e-02
9.913398963050975687e-04,9.019607843137255054e-01,-1.568627450980392135e-01
9.913418963050410048e-04,9.019607843137255054e-01,1.176470588235294101e-01
9.913438963049844409e-04,9.411764705882352811e-01,0.000000000000000000e+00
9.913458963049278771e-04,8.627450980392157298e-01,-7.843137254901960675e-02
9.913478963048713132e-04,9.019607843137255054e-01,7.843137254901960675e-02
9.913498963048147494e-04,9.019607843137255054e-01,-3.921568627450980338e-02
9.913518963047581855e-04,9.411764705882352811e-01,3.921568627450980338e-02
9.913538963047016216e-04,8.627450980392157298e-01,0.000000000000000000e+00
9.913558963046450578e-04,9.019607843137255054e-01,0.000000000000000000e+00
9.913578963045884939e-04,9.019607843137255054e-01,1.176470588235294101e-01
9.913598963045319300e-04,9.411764705882352811e-01,-3.921568627450980338e-02
9.913618963044753662e-04,8.627450980392157298e-01,0.000000000000000000e+00
9.913638963044188023e-04,9.019607843137255054e-01,0.000000000000000000e+00
9.913658963043622385e-04,9.019607843137255054e-01,0.000000000000000000e+00
9.913678963043056746e-04,9.019607843137255054e-01,7.843137254901960675e-02
9.913698963042491107e-04,8.627450980392157298e-01,-7.843137254901960675e-02
9.913718963041925469e-04,9.019607843137255054e-01,7.843137254901960675e-02
9.913738963041359830e-04,9.411764705882352811e-01,7.843137254901960675e-02
9.913758963040794191e-04,9.411764705882352811e-01,-7.843137254901960675e-02
9.913778963040228553e-04,8.627450980392157298e-01,7.843137254901960675e-02
9.913798963039662914e-04,8.627450980392157298e-01,-1.568627450980392135e-01
9.913818963039097275e-04,9.019607843137255054e-01,1.176470588235294101e-01
9.913838963038531637e-04,9.411764705882352811e-01,-3.921568627450980338e-02
9.913858963037965998e-04,8.627450980392157298e-01,0.000000000000000000e+00
9.913878963037400360e-04,8.627450980392157298e-01,7.843137254901960675e-02
9.913898963036834721e-04,9.019607843137255054e-01,-3.921568627450980338e-02
9.913918963036269082e-04,9.411764705882352811e-01,3.921568627450980338e-02
9.913938963035703444e-04,9.019607843137255054e-01,0.000000000000000000e+00
9.913958963035137805e-04,9.411764705882352811e-01,-1.568627450980392135e-01
9.913978963034572166e-04,9.019607843137255054e-01,7.843137254901960675e-02
9.913998963034006528e-04,9.411764705882352811e-01,-7.843137254901960675e-02
9.914018963033440889e-04,8.627450980392157298e-01,0.000000000000000000e+00
9.914038963032875251e-04,8.627450980392157298e-01,0.000000000000000000e+00
9.914058963032309612e-04,9.019607843137255054e-01,0.000000000000000000e+00
9.914078963031743973e-04,9.411764705882352811e-01,7.843137254901960675e-02
9.914098963031178335e-04,8.627450980392157298e-01,-7.843137254901960675e-02
9.914118963030612696e-04,9.411764705882352811e-01,7.843137254901960675e-02
9.914138963030047057e-04,9.019607843137255054e-01,3.921568627450980338e-02
9.914158963029481419e-04,9.411764705882352811e-01,-3.921568627450980338e-02
9.914178963028915780e-04,8.627450980392157298e-01,7.843137254901960675e-02
9.914198963028350142e-04,8.627450980392157298e-01,-1.568627450980392135e-01
9.914218963027784503e-04,9.019607843137255054e-01,7.843137254901960675e-02
9.914238963027218864e-04,9.411764705882352811e-01,0.000000000000000000e+00
9.914258963026653226e-04,8.627450980392157298e-01,-3.921568627450980338e-02
9.914278963026087587e-04,8.627450980392157298e-01,7.843137254901960675e-02
9.914298963025521948e-04,9.019607843137255054e-01,-3.921568627450980338e-02
9.914318963024956310e-04,9.019607843137255054e-01,3.921568627450980338e-02
9.914338963024390671e-04,8.627450980392157298e-01,3.921568627450980338e-02
9.914358963023825033e-04,8.627450980392157298e-01,-7.843137254901960675e-02
9.914378963023259394e-04,9.019607843137255054e-01,1.176470588235294101e-01
9.914398963022693755e-04,9.411764705882352811e-01,-7.843137254901960675e-02
9.914418963022128117e-04,8.627450980392157298e-01,0.000000000000000000e+00
9.914438963021562478e-04,9.019607843137255054e-01,3.921568627450980338e-02
9.914458963020996839e-04,9.019607843137255054e-01,0.000000000000000000e+00
9.914478963020431201e-04,9.019607843137255054e-01,7.843137254901960675e-02
9.914498963019865562e-04,8.627450980392157298e-01,-7.843137254901960675e-02
9.914518963019299923e-04,9.019607843137255054e-01,7.843137254901960675e-02
9.914538963018734285e-04,9.019607843137255054e-01,0.000000000000000000e+00
9.914558963018168646e-04,9.411764705882352811e-01,-7.843137254901960675e-02
9.914578963017603008e-04,8.627450980392157298e-01,7.843137254901960675e-02
9.914598963017037369e-04,9.019607843137255054e-01,-7.843137254901960675e-02
9.914618963016471730e-04,9.019607843137255054e-01,1.176470588235294101e-01
9.914638963015906092e-04,9.411764705882352811e-01,0.000000000000000000e+00
9.914658963015340453e-04,8.627450980392157298e-01,-7.843137254901960675e-02
9.914678963014774814e-04,8.627450980392157298e-01,7.843137254901960675e-02
9.914698963014209176e-04,9.019607843137255054e-01,-7.843137254901960675e-02
9.914718963013643537e-04,9.411764705882352811e-01,3.921568627450980338e-02
9.914738963013077899e-04,8.627450980392157298e-01,0.000000000000000000e+00
9.914758963012512260e-04,9.019607843137255054e-01,-1.568627450980392135e-01
9.914778963011946621e-04,9.019607843137255054e-01,1.176470588235294101e-01
9.914798963011380983e-04,9.803921568627450567e-01,-7.843137254901960675e-02
9.914818963010815344e-04,9.019607843137255054e-01,0.000000000000000000e+00
9.914838963010249705e-04,9.019607843137255054e-01,3.921568627450980338e-02
9.914858963009684067e-04,9.411764705882352811e-01,0.000000000000000000e+00
9.914878963009118428e-04,9.411764705882352811e-01,7.843137254901960675e-02
9.914898963008552790e-04,8.627450980392157298e-01,-3.921568627450980338e-02
9.914918963007987151e-04,8.627450980392157298e-01,7.843137254901960675e-02
9.914938963007421512e-04,9.019607843137255054e-01,0.000000000000000000e+00
9.914958963006855874e-04,9.411764705882352811e-01,-3.921568627450980338e-02
9.914978963006290235e-04,8.627450980392157298e-01,7.843137254901960675e-02
9.914998963005724596e-04,9.019607843137255054e-01,-7.843137254901960675e-02
9.915018963005158958e-04,9.019607843137255054e-01,7.843137254901960675e-02
9.915038963004593319e-04,9.411764705882352811e-01,0.000000000000000000e+00
9.915058963004027680e-04,8.627450980392157298e-01,-3.921568627450980338e-02
9.915078963003462042e-04,8.627450980392157298e-01,7.843137254901960675e-02
9.915098963002896403e-04,9.019607843137255054e-01,-3.921568627450980338e-02
9.915118963002330765e-04,9.411764705882352811e-01,3.921568627450980338e-02
9.915138963001765126e-04,8.627450980392157298e-01,3.921568627450980338e-02
9.915158963001199487e-04,9.019607843137255054e-01,-1.568627450980392135e-01
9.915178963000633849e-04,9.019607843137255054e-01,7.843137254901960675e-02
9.915198963000068210e-04,9.411764705882352811e-01,-3.921568627450980338e-02
9.915218962999502571e-04,8.235294117647058432e-01,3.921568627450980338e-02
9.915238962998936933e-04,9.019607843137255054e-01,0.000000000000000000e+00
9.915258962998371294e-04,8.627450980392157298e-01,0.000000000000000000e+00
9.915278962997805656e-04,9.411764705882352811e-01,3.921568627450980338e-02
9.915298962997240017e-04,8.235294117647058432e-01,-3.921568627450980338e-02
9.915318962996674378e-04,8.235294117647058432e-01,7.843137254901960675e-02
9.915338962996108740e-04,9.411764705882352811e-01,0.000000000000000000e+00
9.915358962995543101e-04,9.411764705882352811e-01,-7.843137254901960675e-02
9.915378962994977462e-04,8.627450980392157298e-01,7.843137254901960675e-02
9.915398962994411824e-04,8.627450980392157298e-01,-1.568627450980392135e-01
9.915418962993846185e-04,9.019607843137255054e-01,1.176470588235294101e-01
9.915438962993280547e-04,9.411764705882352811e-01,0.000000000000000000e+00
9.915458962992714908e-04,8.235294117647058432e-01,-7.843137254901960675e-02
9.915478962992149269e-04,9.019607843137255054e-01,7.843137254901960675e-02
9.915498962991583631e-04,9.019607843137255054e-01,-1.568627450980392135e-01
9.915518962991017992e-04,9.411764705882352811e-01,0.000000000000000000e+00
9.915538962990452353e-04,8.627450980392157298e-01,3.921568627450980338e-02
9.915558962989886715e-04,8.627450980392157298e-01,-7.843137254901960675e-02
9.915578962989321076e-04,8.627450980392157298e-01,1.176470588235294101e-01
9.915598962988755437e-04,9.411764705882352811e-01,-7.843137254901960675e-02
9.915618962988189799e-04,8.235294117647058432e-01,3.921568627450980338e-02
9.915638962987624160e-04,9.019607843137255054e-01,0.000000000000000000e+00
9.915658962987058522e-04,9.019607843137255054e-01,0.000000000000000000e+00
9.915678962986492883e-04,9.411764705882352811e-01,7.843137254901960675e-02
9.915698962985927244e-04,8.627450980392157298e-01,-3.921568627450980338e-02
9.915718962985361606e-04,8.627450980392157298e-01,0.000000000000000000e+00
9.915738962984795967e-04,9.411764705882352811e-01,7.843137254901960675e-02
9.915758962984230328e-04,9.411764705882352811e-01,-7.843137254901960675e-02
9.915778962983664690e-04,8.235294117647058432e-01,1.568627450980392135e-01
9.915798962983099051e-04,8.627450980392157298e-01,-1.568627450980392135e-01
9.915818962982533413e-04,9.019607843137255054e-01,1.176470588235294101e-01
9.915838962981967774e-04,9.411764705882352811e-01,0.000000000000000000e+00
9.915858962981402135e-04,8.627450980392157298e-01,-3.921568627450980338e-02
9.915878962980836497e-04,9.411764705882352811e-01,7.843137254901960675e-02
9.915898962980270858e-04,9.019607843137255054e-01,-3.921568627450980338e-02
9.915918962979705219e-04,9.411764705882352811e-01,3.921568627450980338e-02
9.915938962979139581e-04,8.627450980392157298e-01,0.000000000000000000e+00
9.915958962978573942e-04,9.019607843137255054e-01,-1.568627450980392135e-01
9.915978962978008304e-04,9.019607843137255054e-01,7.843137254901960675e-02
9.915998962977442665e-04,9.803921568627450567e-01,-3.921568627450980338e-02
9.916018962976877026e-04,8.627450980392157298e-01,0.000000000000000000e+00
9.916038962976311388e-04,9.019607843137255054e-01,0.000000000000000000e+00
9.916058962975745749e-04,9.019607843137255054e-01,0.000000000000000000e+00
9.916078962975180110e-04,9.411764705882352811e-01,3.921568627450980338e-02
9.916098962974614472e-04,8.235294117647058432e-01,-3.921568627450980338e-02
9.916118962974048833e-04,8.235294117647058432e-01,7.843137254901960675e-02
9.916138962973483195e-04,9.019607843137255054e-01,0.000000000000000000e+00
9.916158962972917556e-04,9.411764705882352811e-01,-7.843137254901960675e-02
9.916178962972351917e-04,8.235294117647058432e-01,7.843137254901960675e-02
9.916198962971786279e-04,9.019607843137255054e-01,-1.568627450980392135e-01
9.916218962971220640e-04,9.019607843137255054e-01,1.176470588235294101e-01
9.916238962970655001e-04,9.411764705882352811e-01,0.000000000000000000e+00
9.916258962970089363e-04,8.627450980392157298e-01,-3.921568627450980338e-02
9.916278962969523724e-04,8.627450980392157298e-01,7.843137254901960675e-02
9.916298962968958085e-04,9.019607843137255054e-01,-7.843137254901960675e-02
9.916318962968392447e-04,9.411764705882352811e-01,3.921568627450980338e-02
9.916338962967826808e-04,8.627450980392157298e-01,0.000000000000000000e+00
9.916358962967261170e-04,9.019607843137255054e-01,-1.568627450980392135e-01
9.916378962966695531e-04,9.019607843137255054e-01,1.176470588235294101e-01
9.916398962966129892e-04,9.411764705882352811e-01,-7.843137254901960675e-02
9.916418962965564254e-04,8.627450980392157298e-01,3.921568627450980338e-02
9.916438962964998615e-04,9.019607843137255054e-01,0.000000000000000000e+00
9.916458962964432976e-04,9.019607843137255054e-01,0.000000000000000000e+00
9.916478962963867338e-04,9.411764705882352811e-01,7.843137254901960675e-02
9.916498962963301699e-04,8.627450980392157298e-01,-7.843137254901960675e-02
9.916518962962736061e-04,9.019607843137255054e-01,3.921568627450980338e-02
9.916538962962170422e-04,9.019607843137255054e-01,0.000000000000000000e+00
9.916558962961604783e-04,9.411764705882352811e-01,-7.843137254901960675e-02
9.916578962961039145e-04,8.235294117647058432e-01,7.843137254901960675e-02
9.916598962960473506e-04,8.235294117647058432e-01,-1.568627450980392135e-01
9.916618962959907867e-04,9.019607843137255054e-01,1.176470588235294101e-01
9.916638962959342229e-04,9.411764705882352811e-01,-3.921568627450980338e-02
9.916658962958776590e-04,8.627450980392157298e-01,0.000000000000000000e+00
9.916678962958210952e-04,9.411764705882352811e-01,7.843137254901960675e-02
9.916698962957645313e-04,9.019607843137255054e-01,-3.921568627450980338e-02
9.916718962957079674e-04,9.411764705882352811e-01,3.921568627450980338e-02
9.916738962956514036e-04,8.627450980392157298e-01,0.000000000000000000e+00
9.916758962955948397e-04,8.627450980392157298e-01,-1.568627450980392135e-01
9.916778962955382758e-04,9.019607843137255054e-01,7.843137254901960675e-02
9.916798962954817120e-04,9.411764705882352811e-01,-7.843137254901960675e-02
9.916818962954251481e-04,8.627450980392157298e-01,0.000000000000000000e+00
9.916838962953685842e-04,9.019607843137255054e-01,3.921568627450980338e-02
9.916858962953120204e-04,9.019607843137255054e-01,3.921568627450980338e-02
9.916878962952554565e-04,9.411764705882352811e-01,7.843137254901960675e-02
9.916898962951988927e-04,8.627450980392157298e-01,-3.921568627450980338e-02
9.916918962951423288e-04,9.019607843137255054e-01,7.843137254901960675e-02
9.916938962950857649e-04,9.019607843137255054e-01,-3.921568627450980338e-02
9.916958962950292011e-04,9.411764705882352811e-01,0.000000000000000000e+00
9.916978962949726372e-04,8.235294117647058432e-01,7.843137254901960675e-02
9.916998962949160733e-04,8.627450980392157298e-01,-7.843137254901960675e-02
9.917018962948595095e-04,9.019607843137255054e-01,7.843137254901960675e-02
9.917038962948029456e-04,9.411764705882352811e-01,0.000000000000000000e+00
9.917058962947463818e-04,8.627450980392157298e-01,-3.921568627450980338e-02
9.917078962946898179e-04,8.235294117647058432e-01,1.176470588235294101e-01
9.917098962946332540e-04,9.411764705882352811e-01,-3.921568627450980338e-02
9.917118962945766902e-04,9.411764705882352811e-01,3.921568627450980338e-02
9.917138962945201263e-04,8.627450980392157298e-01,3.921568627450980338e-02
9.917158962944635624e-04,9.019607843137255054e-01,-1.568627450980392135e-01
9.917178962944069986e-04,9.019607843137255054e-01,1.176470588235294101e-01
9.917198962943504347e-04,9.411764705882352811e-01,-7.843137254901960675e-02
9.917218962942938709e-04,8.627450980392157298e-01,3.921568627450980338e-02
9.917238962942373070e-04,9.019607843137255054e-01,0.000000000000000000e+00
9.917258962941807431e-04,9.411764705882352811e-01,0.000000000000000000e+00
9.917278962941241793e-04,8.235294117647058432e-01,3.921568627450980338e-02
9.917298962940676154e-04,8.627450980392157298e-01,-3.921568627450980338e-02
9.917318962940110515e-04,9.019607843137255054e-01,7.843137254901960675e-02
9.917338962939544877e-04,8.627450980392157298e-01,0.000000000000000000e+00
9.917358962938979238e-04,9.411764705882352811e-01,-3.921568627450980338e-02
9.917378962938413599e-04,8.235294117647058432e-01,7.843137254901960675e-02
9.917398962937847961e-04,9.019607843137255054e-01,-1.568627450980392135e-01
9.917418962937282322e-04,9.019607843137255054e-01,1.176470588235294101e-01
9.917438962936716684e-04,9.411764705882352811e-01,0.000000000000000000e+00
9.917458962936151045e-04,8.235294117647058432e-01,0.000000000000000000e+00
9.917478962935585406e-04,8.627450980392157298e-01,7.843137254901960675e-02
9.917498962935019768e-04,9.019607843137255054e-01,-7.843137254901960675e-02
9.917518962934454129e-04,9.411764705882352811e-01,7.843137254901960675e-02
9.917538962933888490e-04,8.627450980392157298e-01,0.000000000000000000e+00
9.917558962933322852e-04,9.019607843137255054e-01,-7.843137254901960675e-02
9.917578962932757213e-04,9.019607843137255054e-01,1.176470588235294101e-01
9.917598962932191575e-04,9.411764705882352811e-01,-7.843137254901960675e-02
9.917618962931625936e-04,8.627450980392157298e-01,7.843137254901960675e-02
9.917638962931060297e-04,9.019607843137255054e-01,0.000000000000000000e+00
9.917658962930494659e-04,9.411764705882352811e-01,3.921568627450980338e-02
9.917678962929929020e-04,9.411764705882352811e-01,3.921568627450980338e-02
9.917698962929363381e-04,8.627450980392157298e-01,0.000000000000000000e+00
9.917718962928797743e-04,9.019607843137255054e-01,3.921568627450980338e-02
9.917738962928232104e-04,9.019607843137255054e-01,0.000000000000000000e+00
9.917758962927666466e-04,9.411764705882352811e-01,-7.843137254901960675e-02
9.917778962927100827e-04,8.235294117647058432e-01,7.843137254901960675e-02
9.917798962926535188e-04,8.627450980392157298e-01,-1.568627450980392135e-01
9.917818962925969550e-04,8.627450980392157298e-01,3.921568627450980338e-02
9.917838962925403911e-04,9.411764705882352811e-01,0.000000000000000000e+00
9.917858962924838272e-04,8.627450980392157298e-01,-3.921568627450980338e-02
9.917878962924272634e-04,8.235294117647058432e-01,7.843137254901960675e-02
9.917898962923706995e-04,9.019607843137255054e-01,0.000000000000000000e+00
9.917918962923141356e-04,9.411764705882352811e-01,3.921568627450980338e-02
9.917938962922575718e-04,8.627450980392157298e-01,3.921568627450980338e-02
9.917958962922010079e-04,9.019607843137255054e-01,0.000000000000000000e+00
9.917978962921444441e-04,9.019607843137255054e-01,7.843137254901960675e-02
9.917998962920878802e-04,9.411764705882352811e-01,-1.568627450980392135e-01
9.918018962920313163e-04,8.235294117647058432e-01,3.921568627450980338e-02
9.918038962919747525e-04,9.019607843137255054e-01,0.000000000000000000e+00
9.918058962919181886e-04,9.019607843137255054e-01,-3.921568627450980338e-02
9.918078962918616247e-04,9.411764705882352811e-01,1.176470588235294101e-01
9.918098962918050609e-04,8.627450980392157298e-01,-7.843137254901960675e-02
9.918118962917484970e-04,8.627450980392157298e-01,3.921568627450980338e-02
9.918138962916919332e-04,9.411764705882352811e-01,3.921568627450980338e-02
9.918158962916353693e-04,9.411764705882352811e-01,-3.921568627450980338e-02
9.918178962915788054e-04,8.627450980392157298e-01,7.843137254901960675e-02
9.918198962915222416e-04,9.019607843137255054e-01,-1.568627450980392135e-01
9.918218962914656777e-04,9.019607843137255054e-01,1.176470588235294101e-01
9.918238962914091138e-04,9.411764705882352811e-01,0.000000000000000000e+00
9.918258962913525500e-04,8.627450980392157298e-01,0.000000000000000000e+00
9.918278962912959861e-04,9.019607843137255054e-01,7.843137254901960675e-02
9.918298962912394223e-04,9.411764705882352811e-01,-3.921568627450980338e-02
9.918318962911828584e-04,9.411764705882352811e-01,7.843137254901960675e-02
9.918338962911262945e-04,8.627450980392157298e-01,0.000000000000000000e+00
9.918358962910697307e-04,9.019607843137255054e-01,-1.568627450980392135e-01
9.918378962910131668e-04,9.019607843137255054e-01,7.843137254901960675e-02
9.918398962909566029e-04,9.411764705882352811e-01,-7.843137254901960675e-02
9.918418962909000391e-04,8.235294117647058432e-01,3.921568627450980338e-02
9.918438962908434752e-04,9.019607843137255054e-01,3.921568627450980338e-02
9.918458962907869114e-04,9.019607843137255054e-01,3.921568627450980338e-02
9.918478962907303475e-04,9.411764705882352811e-01,7.843137254901960675e-02
9.918498962906737836e-04,8.627450980392157298e-01,-7.843137254901960675e-02
9.918518962906172198e-04,8.627450980392157298e-01,3.921568627450980338e-02
9.918538962905606559e-04,9.019607843137255054e-01,0.000000000000000000e+00
9.918558962905040920e-04,9.411764705882352811e-01,-7.843137254901960675e-02
9.918578962904475282e-04,8.235294117647058432e-01,7.843137254901960675e-02
9.918598962903909643e-04,9.019607843137255054e-01,-1.568627450980392135e-01
9.918618962903344004e-04,9.019607843137255054e-01,7.843137254901960675e-02
9.918638962902778366e-04,9.411764705882352811e-01,3.921568627450980338e-02
9.918658962902212727e-04,8.235294117647058432e-01,-7.843137254901960675e-02
9.918678962901647089e-04,9.019607843137255054e-01,7.843137254901960675e-02
9.918698962901081450e-04,9.019607843137255054e-01,0.000000000000000000e+00
9.918718962900515811e-04,9.411764705882352811e-01,0.000000000000000000e+00
9.918738962899950173e-04,8.627450980392157298e-01,3.921568627450980338e-02
9.918758962899384534e-04,8.627450980392157298e-01,0.000000000000000000e+00
9.918778962898818895e-04,9.019607843137255054e-01,1.176470588235294101e-01
9.918798962898253257e-04,9.411764705882352811e-01,-7.843137254901960675e-02
9.918818962897687618e-04,8.627450980392157298e-01,0.000000000000000000e+00
9.918838962897121980e-04,9.411764705882352811e-01,0.000000000000000000e+00
9.918858962896556341e-04,9.019607843137255054e-01,0.000000000000000000e+00
9.918878962895990702e-04,9.411764705882352811e-01,7.843137254901960675e-02
9.918898962895425064e-04,8.627450980392157298e-01,-3.921568627450980338e-02
9.918918962894859425e-04,8.235294117647058432e-01,7.843137254901960675e-02
9.918938962894293786e-04,9.019607843137255054e-01,3.921568627450980338e-02
9.918958962893728148e-04,9.411764705882352811e-01,-3.921568627450980338e-02
9.918978962893162509e-04,8.627450980392157298e-01,7.843137254901960675e-02
9.918998962892596871e-04,8.235294117647058432e-01,-7.843137254901960675e-02
9.919018962892031232e-04,9.019607843137255054e-01,1.176470588235294101e-01
9.919038962891465593e-04,9.411764705882352811e-01,0.000000000000000000e+00
9.919058962890899955e-04,8.627450980392157298e-01,-3.921568627450980338e-02
9.919078962890334316e-04,8.627450980392157298e-01,7.843137254901960675e-02
9.919098962889768677e-04,9.019607843137255054e-01,-3.921568627450980338e-02
9.919118962889203039e-04,9.411764705882352811e-01,3.921568627450980338e-02
9.919138962888637400e-04,8.627450980392157298e-01,3.921568627450980338e-02
9.919158962888071761e-04,8.627450980392157298e-01,0.000000000000000000e+00
9.919178962887506123e-04,9.411764705882352811e-01,1.176470588235294101e-01
9.919198962886940484e-04,9.411764705882352811e-01,-7.843137254901960675e-02
9.919218962886374846e-04,8.627450980392157298e-01,3.921568627450980338e-02
9.919238962885809207e-04,8.627450980392157298e-01,3.921568627450980338e-02
9.919258962885243568e-04,9.019607843137255054e-01,3.921568627450980338e-02
9.919278962884677930e-04,9.411764705882352811e-01,7.843137254901960675e-02
9.919298962884112291e-04,8.627450980392157298e-01,-3.921568627450980338e-02
9.919318962883546652e-04,9.019607843137255054e-01,7.843137254901960675e-02
9.919338962882981014e-04,9.019607843137255054e-01,0.000000000000000000e+00
9.919358962882415375e-04,9.411764705882352811e-01,0.000000000000000000e+00
9.919378962881849737e-04,9.019607843137255054e-01,1.568627450980392135e-01
9.919398962881284098e-04,9.019607843137255054e-01,-1.568627450980392135e-01
9.919418962880718459e-04,9.019607843137255054e-01,7.843137254901960675e-02
9.919438962880152821e-04,9.411764705882352811e-01,0.000000000000000000e+00
9.919458962879587182e-04,8.235294117647058432e-01,0.000000000000000000e+00
9.919478962879021543e-04,8.627450980392157298e-01,7.843137254901960675e-02
9.919498962878455905e-04,9.411764705882352811e-01,-7.843137254901960675e-02
9.919518962877890266e-04,9.411764705882352811e-01,3.921568627450980338e-02
9.919538962877324628e-04,8.627450980392157298e-01,0.000000000000000000e+00
9.919558962876758989e-04,8.627450980392157298e-01,-7.843137254901960675e-02
9.919578962876193350e-04,9.019607843137255054e-01,1.176470588235294101e-01
9.919598962875627712e-04,9.411764705882352811e-01,-7.843137254901960675e-02
9.919618962875062073e-04,8.627450980392157298e-01,3.921568627450980338e-02
9.919638962874496434e-04,9.019607843137255054e-01,3.921568627450980338e-02
9.919658962873930796e-04,9.019607843137255054e-01,-3.921568627450980338e-02
9.919678962873365157e-04,9.411764705882352811e-01,7.843137254901960675e-02
9.919698962872799518e-04,9.019607843137255054e-01,-3.921568627450980338e-02
9.919718962872233880e-04,9.019607843137255054e-01,7.843137254901960675e-02
9.919738962871668241e-04,8.627450980392157298e-01,0.000000000000000000e+00
9.919758962871102603e-04,9.411764705882352811e-01,-7.843137254901960675e-02
9.919778962870536964e-04,8.235294117647058432e-01,7.843137254901960675e-02
9.919798962869971325e-04,9.019607843137255054e-01,-7.843137254901960675e-02
9.919818962869405687e-04,8.627450980392157298e-01,3.921568627450980338e-02
9.919838962868840048e-04,9.411764705882352811e-01,0.000000000000000000e+00
9.919858962868274409e-04,8.627450980392157298e-01,-3.921568627450980338e-02
9.919878962867708771e-04,9.019607843137255054e-01,1.176470588235294101e-01
9.919898962867143132e-04,9.019607843137255054e-01,-7.843137254901960675e-02
9.919918962866577494e-04,9.411764705882352811e-01,3.921568627450980338e-02
9.919938962866011855e-04,8.627450980392157298e-01,3.921568627450980338e-02
9.919958962865446216e-04,9.019607843137255054e-01,-1.568627450980392135e-01
9.919978962864880578e-04,9.019607843137255054e-01,1.176470588235294101e-01
9.919998962864314939e-04,9.411764705882352811e-01,-7.843137254901960675e-02
9.920018962863749300e-04,8.627450980392157298e-01,3.921568627450980338e-02
9.920038962863183662e-04,9.019607843137255054e-01,3.921568627450980338e-02
9.920058962862618023e-04,9.019607843137255054e-01,0.000000000000000000e+00
9.920078962862052385e-04,9.411764705882352811e-01,7.843137254901960675e-02
9.920098962861486746e-04,8.627450980392157298e-01,0.000000000000000000e+00
9.920118962860921107e-04,9.019607843137255054e-01,7.843137254901960675e-02
9.920138962860355469e-04,9.019607843137255054e-01,0.000000000000000000e+00
9.920158962859789830e-04,9.411764705882352811e-01,-3.921568627450980338e-02
9.920178962859224191e-04,8.627450980392157298e-01,7.843137254901960675e-02
9.920198962858658553e-04,9.019607843137255054e-01,-7.843137254901960675e-02
9.920218962858092914e-04,9.019607843137255054e-01,1.176470588235294101e-01
9.920238962857527276e-04,9.411764705882352811e-01,-3.921568627450980338e-02
9.920258962856961637e-04,8.627450980392157298e-01,-3.921568627450980338e-02
9.920278962856395998e-04,8.627450980392157298e-01,7.843137254901960675e-02
9.920298962855830360e-04,9.411764705882352811e-01,-1.568627450980392135e-01
9.920318962855264721e-04,9.411764705882352811e-01,3.921568627450980338e-02
9.920338962854699082e-04,8.627450980392157298e-01,3.921568627450980338e-02
9.920358962854133444e-04,9.019607843137255054e-01,0.000000000000000000e+00
9.920378962853567805e-04,9.019607843137255054e-01,1.176470588235294101e-01
9.920398962853002166e-04,9.411764705882352811e-01,-7.843137254901960675e-02
9.920418962852436528e-04,8.627450980392157298e-01,3.921568627450980338e-02
9.920438962851870889e-04,9.019607843137255054e-01,3.921568627450980338e-02
9.920458962851305251e-04,9.019607843137255054e-01,-3.921568627450980338e-02
9.920478962850739612e-04,9.411764705882352811e-01,7.843137254901960675e-02
9.920498962850173973e-04,8.627450980392157298e-01,-3.921568627450980338e-02
9.920518962849608335e-04,8.627450980392157298e-01,7.843137254901960675e-02
9.920538962849042696e-04,9.019607843137255054e-01,0.000000000000000000e+00
9.920558962848477057e-04,9.411764705882352811e-01,-7.843137254901960675e-02
9.920578962847911419e-04,8.627450980392157298e-01,1.568627450980392135e-01
9.920598962847345780e-04,9.019607843137255054e-01,-3.921568627450980338e-02
9.920618962846780142e-04,8.627450980392157298e-01,1.176470588235294101e-01
9.920638962846214503e-04,9.411764705882352811e-01,0.000000000000000000e+00
9.920658962845648864e-04,8.235294117647058432e-01,-3.921568627450980338e-02
9.920678962845083226e-04,9.019607843137255054e-01,7.843137254901960675e-02
9.920698962844517587e-04,9.019607843137255054e-01,-7.843137254901960675e-02
9.920718962843951948e-04,9.411764705882352811e-01,3.921568627450980338e-02
9.920738962843386310e-04,8.235294117647058432e-01,3.921568627450980338e-02
9.920758962842820671e-04,9.019607843137255054e-01,-1.568627450980392135e-01
9.920778962842255033e-04,9.019607843137255054e-01,1.176470588235294101e-01
9.920798962841689394e-04,9.411764705882352811e-01,-7.843137254901960675e-02
9.920818962841123755e-04,8.627450980392157298e-01,0.000000000000000000e+00
9.920838962840558117e-04,9.019607843137255054e-01,3.921568627450980338e-02
9.920858962839992478e-04,9.411764705882352811e-01,0.000000000000000000e+00
9.920878962839426839e-04,9.411764705882352811e-01,7.843137254901960675e-02
9.920898962838861201e-04,9.019607843137255054e-01,-3.921568627450980338e-02
9.920918962838295562e-04,9.411764705882352811e-01,7.843137254901960675e-02
9.920938962837729923e-04,9.411764705882352811e-01,0.000000000000000000e+00
9.920958962837164285e-04,9.411764705882352811e-01,-7.843137254901960675e-02
9.920978962836598646e-04,8.627450980392157298e-01,1.176470588235294101e-01
9.920998962836033008e-04,9.019607843137255054e-01,-7.843137254901960675e-02
9.921018962835467369e-04,9.019607843137255054e-01,1.176470588235294101e-01
9.921038962834901730e-04,9.411764705882352811e-01,0.000000000000000000e+00
9.921058962834336092e-04,9.019607843137255054e-01,-3.921568627450980338e-02
9.921078962833770453e-04,8.627450980392157298e-01,3.921568627450980338e-02
9.921098962833204814e-04,9.411764705882352811e-01,-7.843137254901960675e-02
9.921118962832639176e-04,9.411764705882352811e-01,3.921568627450980338e-02
9.921138962832073537e-04,8.627450980392157298e-01,3.921568627450980338e-02
9.921158962831507899e-04,9.019607843137255054e-01,0.000000000000000000e+00
9.921178962830942260e-04,9.019607843137255054e-01,1.176470588235294101e-01
9.921198962830376621e-04,9.411764705882352811e-01,-3.921568627450980338e-02
9.921218962829810983e-04,8.235294117647058432e-01,0.000000000000000000e+00
9.921238962829245344e-04,8.627450980392157298e-01,3.921568627450980338e-02
9.921258962828679705e-04,9.019607843137255054e-01,0.000000000000000000e+00
9.921278962828114067e-04,9.019607843137255054e-01,3.921568627450980338e-02
9.921298962827548428e-04,9.019607843137255054e-01,-3.921568627450980338e-02
9.921318962826982790e-04,9.019607843137255054e-01,7.843137254901960675e-02
9.921338962826417151e-04,8.627450980392157298e-01,0.000000000000000000e+00
9.921358962825851512e-04,9.411764705882352811e-01,-7.843137254901960675e-02
9.921378962825285874e-04,8.235294117647058432e-01,7.843137254901960675e-02
9.921398962824720235e-04,8.627450980392157298e-01,-7.843137254901960675e-02
9.921418962824154596e-04,9.019607843137255054e-01,1.176470588235294101e-01
9.921438962823588958e-04,9.019607843137255054e-01,-3.921568627450980338e-02
9.921458962823023319e-04,8.235294117647058432e-01,-3.921568627450980338e-02
9.921478962822457680e-04,9.411764705882352811e-01,1.176470588235294101e-01
9.921498962821892042e-04,9.019607843137255054e-01,-7.843137254901960675e-02
9.921518962821326403e-04,9.411764705882352811e-01,0.000000000000000000e+00
9.921538962820760765e-04,8.627450980392157298e-01,0.000000000000000000e+00
9.921558962820195126e-04,9.019607843137255054e-01,-1.568627450980392135e-01
9.921578962819629487e-04,9.019607843137255054e-01,7.843137254901960675e-02
9.921598962819063849e-04,9.411764705882352811e-01,-7.843137254901960675e-02
9.921618962818498210e-04,8.627450980392157298e-01,3.921568627450980338e-02
9.921638962817932571e-04,9.019607843137255054e-01,3.921568627450980338e-02
9.921658962817366933e-04,9.411764705882352811e-01,0.000000000000000000e+00
9.921678962816801294e-04,9.411764705882352811e-01,3.921568627450980338e-02
9.921698962816235656e-04,8.627450980392157298e-01,-3.921568627450980338e-02
9.921718962815670017e-04,9.019607843137255054e-01,0.000000000000000000e+00
9.921738962815104378e-04,9.019607843137255054e-01,0.000000000000000000e+00
9.921758962814538740e-04,9.411764705882352811e-01,-3.921568627450980338e-02
9.921778962813973101e-04,8.627450980392157298e-01,7.843137254901960675e-02
9.921798962813407462e-04,8.235294117647058432e-01,-7.843137254901960675e-02
9.921818962812841824e-04,9.019607843137255054e-01,1.176470588235294101e-01
9.921838962812276185e-04,9.019607843137255054e-01,-3.921568627450980338e-02
9.921858962811710547e-04,8.627450980392157298e-01,0.000000000000000000e+00
9.921878962811144908e-04,8.627450980392157298e-01,7.843137254901960675e-02
9.921898962810579269e-04,9.411764705882352811e-01,-7.843137254901960675e-02
9.921918962810013631e-04,9.411764705882352811e-01,7.843137254901960675e-02
9.921938962809447992e-04,8.627450980392157298e-01,3.921568627450980338e-02
9.921958962808882353e-04,9.019607843137255054e-01,-1.568627450980392135e-01
9.921978962808316715e-04,9.019607843137255054e-01,7.843137254901960675e-02
9.921998962807751076e-04,9.411764705882352811e-01,-7.843137254901960675e-02
9.922018962807185437e-04,8.627450980392157298e-01,3.921568627450980338e-02
9.922038962806619799e-04,9.019607843137255054e-01,3.921568627450980338e-02
9.922058962806054160e-04,9.019607843137255054e-01,3.921568627450980338e-02
9.922078962805488522e-04,9.411764705882352811e-01,3.921568627450980338e-02
9.922098962804922883e-04,8.235294117647058432e-01,-7.843137254901960675e-02
9.922118962804357244e-04,8.627450980392157298e-01,3.921568627450980338e-02
9.922138962803791606e-04,9.019607843137255054e-01,0.000000000000000000e+00
9.922158962803225967e-04,9.019607843137255054e-01,-3.921568627450980338e-02
9.922178962802660328e-04,8.627450980392157298e-01,7.843137254901960675e-02
9.922198962802094690e-04,8.627450980392157298e-01,-3.921568627450980338e-02
9.922218962801529051e-04,9.411764705882352811e-01,7.843137254901960675e-02
9.922238962800963413e-04,9.411764705882352811e-01,3.921568627450980338e-02
9.922258962800397774e-04,8.627450980392157298e-01,-3.921568627450980338e-02
9.922278962799832135e-04,9.019607843137255054e-01,7.843137254901960675e-02
9.922298962799266497e-04,9.019607843137255054e-01,-3.921568627450980338e-02
9.922318962798700858e-04,9.411764705882352811e-01,0.000000000000000000e+00
9.922338962798135219e-04,8.235294117647058432e-01,3.921568627450980338e-02
9.922358962797569581e-04,9.019607843137255054e-01,0.000000000000000000e+00
9.922378962797003942e-04,9.019607843137255054e-01,7.843137254901960675e-02
9.922398962796438304e-04,9.411764705882352811e-01,-7.843137254901960675e-02
9.922418962795872665e-04,8.627450980392157298e-01,3.921568627450980338e-02
9.922438962795307026e-04,9.019607843137255054e-01,0.000000000000000000e+00
9.922458962794741388e-04,9.019607843137255054e-01,0.000000000000000000e+00
9.922478962794175749e-04,9.019607843137255054e-01,7.843137254901960675e-02
9.922498962793610110e-04,8.627450980392157298e-01,-3.921568627450980338e-02
9.922518962793044472e-04,8.235294117647058432e-01,3.921568627450980338e-02
9.922538962792478833e-04,9.019607843137255054e-01,3.921568627450980338e-02
9.922558962791913195e-04,9.411764705882352811e-01,-7.843137254901960675e-02
9.922578962791347556e-04,8.235294117647058432e-01,7.843137254901960675e-02
9.922598962790781917e-04,9.019607843137255054e-01,-7.843137254901960675e-02
9.922618962790216279e-04,9.019607843137255054e-01,1.176470588235294101e-01
9.922638962789650640e-04,9.411764705882352811e-01,0.000000000000000000e+00
9.922658962789085001e-04,8.627450980392157298e-01,-3.921568627450980338e-02
9.922678962788519363e-04,9.019607843137255054e-01,7.843137254901960675e-02
9.922698962787953724e-04,9.019607843137255054e-01,-1.568627450980392135e-01
9.922718962787388085e-04,9.411764705882352811e-01,3.921568627450980338e-02
9.922738962786822447e-04,8.627450980392157298e-01,3.921568627450980338e-02
9.922758962786256808e-04,9.019607843137255054e-01,-7.843137254901960675e-02
9.922778962785691170e-04,8.627450980392157298e-01,1.568627450980392135e-01
9.922798962785125531e-04,9.411764705882352811e-01,-3.921568627450980338e-02
9.922818962784559892e-04,8.627450980392157298e-01,3.921568627450980338e-02
9.922838962783994254e-04,9.019607843137255054e-01,3.921568627450980338e-02
9.922858962783428615e-04,9.019607843137255054e-01,3.921568627450980338e-02
9.922878962782862976e-04,9.019607843137255054e-01,3.921568627450980338e-02
9.922898962782297338e-04,9.019607843137255054e-01,-7.843137254901960675e-02
9.922918962781731699e-04,8.627450980392157298e-01,7.843137254901960675e-02
9.922938962781166061e-04,9.019607843137255054e-01,0.000000000000000000e+00
9.922958962780600422e-04,9.803921568627450567e-01,-3.921568627450980338e-02
9.922978962780034783e-04,8.627450980392157298e-01,7.843137254901960675e-02
9.922998962779469145e-04,8.627450980392157298e-01,-7.843137254901960675e-02
9.923018962778903506e-04,9.019607843137255054e-01,1.176470588235294101e-01
9.923038962778337867e-04,9.411764705882352811e-01,-3.921568627450980338e-02
9.923058962777772229e-04,8.627450980392157298e-01,-3.921568627450980338e-02
9.923078962777206590e-04,9.019607843137255054e-01,7.843137254901960675e-02
9.923098962776640952e-04,9.019607843137255054e-01,-1.568627450980392135e-01
9.923118962776075313e-04,9.411764705882352811e-01,3.921568627450980338e-02
9.923138962775509674e-04,8.235294117647058432e-01,3.921568627450980338e-02
9.923158962774944036e-04,8.627450980392157298e-01,-1.568627450980392135e-01
9.923178962774378397e-04,9.019607843137255054e-01,1.176470588235294101e-01
9.923198962773812758e-04,9.411764705882352811e-01,-7.843137254901960675e-02
9.923218962773247120e-04,8.627450980392157298e-01,3.921568627450980338e-02
9.923238962772681481e-04,8.235294117647058432e-01,3.921568627450980338e-02
9.923258962772115842e-04,9.411764705882352811e-01,0.000000000000000000e+00
9.923278962771550204e-04,9.411764705882352811e-01,7.843137254901960675e-02
9.923298962770984565e-04,8.627450980392157298e-01,-3.921568627450980338e-02
9.923318962770418927e-04,8.235294117647058432e-01,3.921568627450980338e-02
9.923338962769853288e-04,8.627450980392157298e-01,3.921568627450980338e-02
9.923358962769287649e-04,9.803921568627450567e-01,-3.921568627450980338e-02
9.923378962768722011e-04,8.627450980392157298e-01,7.843137254901960675e-02
9.923398962768156372e-04,9.019607843137255054e-01,-1.568627450980392135e-01
9.923418962767590733e-04,9.019607843137255054e-01,7.843137254901960675e-02
9.923438962767025095e-04,9.411764705882352811e-01,0.000000000000000000e+00
9.923458962766459456e-04,8.627450980392157298e-01,0.000000000000000000e+00
9.923478962765893818e-04,9.019607843137255054e-01,1.176470588235294101e-01
9.923498962765328179e-04,9.019607843137255054e-01,-1.568627450980392135e-01
9.923518962764762540e-04,9.411764705882352811e-01,3.921568627450980338e-02
9.923538962764196902e-04,8.627450980392157298e-01,3.921568627450980338e-02
9.923558962763631263e-04,9.019607843137255054e-01,-7.843137254901960675e-02
9.923578962763065624e-04,9.019607843137255054e-01,1.176470588235294101e-01
9.923598962762499986e-04,9.803921568627450567e-01,-3.921568627450980338e-02
9.923618962761934347e-04,8.235294117647058432e-01,3.921568627450980338e-02
9.923638962761368709e-04,9.019607843137255054e-01,3.921568627450980338e-02
9.923658962760803070e-04,9.411764705882352811e-01,0.000000000000000000e+00
9.923678962760237431e-04,9.411764705882352811e-01,7.843137254901960675e-02
9.923698962759671793e-04,8.627450980392157298e-01,-3.921568627450980338e-02
9.923718962759106154e-04,8.235294117647058432e-01,3.921568627450980338e-02
9.923738962758540515e-04,9.019607843137255054e-01,3.921568627450980338e-02
9.923758962757974877e-04,9.411764705882352811e-01,-3.921568627450980338e-02
9.923778962757409238e-04,8.627450980392157298e-01,7.843137254901960675e-02
9.923798962756843599e-04,8.627450980392157298e-01,-3.921568627450980338e-02
9.923818962756277961e-04,9.019607843137255054e-01,7.843137254901960675e-02
9.923838962755712322e-04,9.411764705882352811e-01,0.000000000000000000e+00
9.923858962755146684e-04,8.627450980392157298e-01,-3.921568627450980338e-02
9.923878962754581045e-04,8.627450980392157298e-01,1.176470588235294101e-01
9.923898962754015406e-04,9.019607843137255054e-01,-3.921568627450980338e-02
9.923918962753449768e-04,9.411764705882352811e-01,3.921568627450980338e-02
9.923938962752884129e-04,8.627450980392157298e-01,0.000000000000000000e+00
9.923958962752318490e-04,8.627450980392157298e-01,-7.843137254901960675e-02
9.923978962751752852e-04,9.019607843137255054e-01,1.176470588235294101e-01
9.923998962751187213e-04,9.803921568627450567e-01,-7.843137254901960675e-02
9.924018962750621575e-04,7.843137254901960675e-01,0.000000000000000000e+00
9.924038962750055936e-04,8.627450980392157298e-01,0.000000000000000000e+00
9.924058962749490297e-04,9.411764705882352811e-01,0.000000000000000000e+00
9.924078962748924659e-04,9.411764705882352811e-01,3.921568627450980338e-02
9.924098962748359020e-04,8.627450980392157298e-01,-7.843137254901960675e-02
9.924118962747793381e-04,9.019607843137255054e-01,7.843137254901960675e-02
9.924138962747227743e-04,9.019607843137255054e-01,0.000000000000000000e+00
9.924158962746662104e-04,9.411764705882352811e-01,-3.921568627450980338e-02
9.924178962746096466e-04,8.627450980392157298e-01,7.843137254901960675e-02
9.924198962745530827e-04,9.019607843137255054e-01,-1.568627450980392135e-01
9.924218962744965188e-04,9.019607843137255054e-01,1.176470588235294101e-01
9.924238962744399550e-04,9.411764705882352811e-01,0.000000000000000000e+00
9.924258962743833911e-04,8.627450980392157298e-01,-7.843137254901960675e-02
9.924278962743268272e-04,9.019607843137255054e-01,7.843137254901960675e-02
9.924298962742702634e-04,9.411764705882352811e-01,-3.921568627450980338e-02
9.924318962742136995e-04,9.411764705882352811e-01,3.921568627450980338e-02
9.924338962741571357e-04,8.235294117647058432e-01,0.000000000000000000e+00
9.924358962741005718e-04,9.019607843137255054e-01,-1.568627450980392135e-01
9.924378962740440079e-04,9.019607843137255054e-01,7.843137254901960675e-02
9.924398962739874441e-04,9.803921568627450567e-01,-3.921568627450980338e-02
9.924418962739308802e-04,8.235294117647058432e-01,3.921568627450980338e-02
9.924438962738743163e-04,9.019607843137255054e-01,0.000000000000000000e+00
9.924458962738177525e-04,8.627450980392157298e-01,0.000000000000000000e+00
9.924478962737611886e-04,9.411764705882352811e-01,7.843137254901960675e-02
9.924498962737046247e-04,8.627450980392157298e-01,-3.921568627450980338e-02
9.924518962736480609e-04,8.627450980392157298e-01,3.921568627450980338e-02
9.924538962735914970e-04,9.019607843137255054e-01,0.000000000000000000e+00
9.924558962735349332e-04,9.411764705882352811e-01,-7.843137254901960675e-02
9.924578962734783693e-04,8.235294117647058432e-01,1.568627450980392135e-01
9.924598962734218054e-04,9.019607843137255054e-01,-7.843137254901960675e-02
9.924618962733652416e-04,9.411764705882352811e-01,1.176470588235294101e-01
9.924638962733086777e-04,9.803921568627450567e-01,0.000000000000000000e+00
9.924658962732521138e-04,8.235294117647058432e-01,-7.843137254901960675e-02
9.924678962731955500e-04,9.019607843137255054e-01,7.843137254901960675e-02
9.924698962731389861e-04,9.019607843137255054e-01,-3.921568627450980338e-02
9.924718962730824223e-04,9.411764705882352811e-01,3.921568627450980338e-02
9.924738962730258584e-04,8.627450980392157298e-01,3.921568627450980338e-02
9.924758962729692945e-04,9.019607843137255054e-01,-1.568627450980392135e-01
9.924778962729127307e-04,9.019607843137255054e-01,1.176470588235294101e-01
9.924798962728561668e-04,9.411764705882352811e-01,-7.843137254901960675e-02
9.924818962727996029e-04,8.627450980392157298e-01,3.921568627450980338e-02
9.924838962727430391e-04,9.019607843137255054e-01,3.921568627450980338e-02
9.924858962726864752e-04,9.019607843137255054e-01,3.921568627450980338e-02
9.924878962726299114e-04,9.411764705882352811e-01,3.921568627450980338e-02
9.924898962725733475e-04,9.019607843137255054e-01,-3.921568627450980338e-02
9.924918962725167836e-04,9.019607843137255054e-01,7.843137254901960675e-02
9.924938962724602198e-04,9.019607843137255054e-01,0.000000000000000000e+00
9.924958962724036559e-04,9.411764705882352811e-01,-3.921568627450980338e-02
9.924978962723470920e-04,8.235294117647058432e-01,7.843137254901960675e-02
9.924998962722905282e-04,9.411764705882352811e-01,-7.843137254901960675e-02
9.925018962722339643e-04,9.019607843137255054e-01,1.176470588235294101e-01
9.925038962721774004e-04,9.411764705882352811e-01,0.000000000000000000e+00
9.925058962721208366e-04,8.235294117647058432e-01,-3.921568627450980338e-02
9.925078962720642727e-04,8.235294117647058432e-01,7.843137254901960675e-02
9.925098962720077089e-04,9.019607843137255054e-01,-3.921568627450980338e-02
9.925118962719511450e-04,9.411764705882352811e-01,0.000000000000000000e+00
9.925138962718945811e-04,8.627450980392157298e-01,0.000000000000000000e+00
9.925158962718380173e-04,9.019607843137255054e-01,0.000000000000000000e+00
9.925178962717814534e-04,9.019607843137255054e-01,1.176470588235294101e-01
9.925198962717248895e-04,9.411764705882352811e-01,-7.843137254901960675e-02
9.925218962716683257e-04,8.627450980392157298e-01,3.921568627450980338e-02
9.925238962716117618e-04,8.627450980392157298e-01,0.000000000000000000e+00
9.925258962715551980e-04,9.019607843137255054e-01,0.000000000000000000e+00
9.925278962714986341e-04,9.411764705882352811e-01,3.921568627450980338e-02
9.925298962714420702e-04,9.019607843137255054e-01,-3.921568627450980338e-02
9.925318962713855064e-04,9.019607843137255054e-01,3.921568627450980338e-02
9.925338962713289425e-04,8.627450980392157298e-01,0.000000000000000000e+00
9.925358962712723786e-04,9.411764705882352811e-01,-7.843137254901960675e-02
9.925378962712158148e-04,8.627450980392157298e-01,7.843137254901960675e-02
9.925398962711592509e-04,9.019607843137255054e-01,-1.568627450980392135e-01
9.925418962711026871e-04,9.019607843137255054e-01,1.176470588235294101e-01
9.925438962710461232e-04,9.411764705882352811e-01,0.000000000000000000e+00
9.925458962709895593e-04,8.627450980392157298e-01,-3.921568627450980338e-02
9.925478962709329955e-04,8.627450980392157298e-01,7.843137254901960675e-02
9.925498962708764316e-04,9.019607843137255054e-01,-3.921568627450980338e-02
9.925518962708198677e-04,9.411764705882352811e-01,3.921568627450980338e-02
9.925538962707633039e-04,8.627450980392157298e-01,3.921568627450980338e-02
9.925558962707067400e-04,9.019607843137255054e-01,-7.843137254901960675e-02
9.925578962706501761e-04,9.019607843137255054e-01,1.176470588235294101e-01
9.925598962705936123e-04,9.411764705882352811e-01,-7.843137254901960675e-02
9.925618962705370484e-04,8.627450980392157298e-01,3.921568627450980338e-02
9.925638962704804846e-04,9.019607843137255054e-01,0.000000000000000000e+00
9.925658962704239207e-04,9.019607843137255054e-01,0.000000000000000000e+00
9.925678962703673568e-04,9.411764705882352811e-01,7.843137254901960675e-02
9.925698962703107930e-04,8.627450980392157298e-01,-3.921568627450980338e-02
9.925718962702542291e-04,8.627450980392157298e-01,3.921568627450980338e-02
9.925738962701976652e-04,8.627450980392157298e-01,0.000000000000000000e+00
9.925758962701411014e-04,9.411764705882352811e-01,-7.843137254901960675e-02
9.925778962700845375e-04,8.627450980392157298e-01,1.176470588235294101e-01
9.925798962700279737e-04,8.627450980392157298e-01,-1.568627450980392135e-01
9.925818962699714098e-04,8.627450980392157298e-01,7.843137254901960675e-02
9.925838962699148459e-04,9.411764705882352811e-01,0.000000000000000000e+00
9.925858962698582821e-04,8.627450980392157298e-01,-3.921568627450980338e-02
9.925878962698017182e-04,8.627450980392157298e-01,7.843137254901960675e-02
9.925898962697451543e-04,9.019607843137255054e-01,-7.843137254901960675e-02
9.925918962696885905e-04,9.411764705882352811e-01,7.843137254901960675e-02
9.925938962696320266e-04,8.627450980392157298e-01,0.000000000000000000e+00
9.925958962695754628e-04,9.019607843137255054e-01,0.000000000000000000e+00
9.925978962695188989e-04,9.019607843137255054e-01,1.176470588235294101e-01
9.925998962694623350e-04,9.411764705882352811e-01,-7.843137254901960675e-02
9.926018962694057712e-04,8.627450980392157298e-01,0.000000000000000000e+00
9.926038962693492073e-04,9.019607843137255054e-01,3.921568627450980338e-02
9.926058962692926434e-04,9.019607843137255054e-01,0.000000000000000000e+00
9.926078962692360796e-04,9.411764705882352811e-01,7.843137254901960675e-02
9.926098962691795157e-04,8.627450980392157298e-01,-3.921568627450980338e-02
9.926118962691229518e-04,9.019607843137255054e-01,7.843137254901960675e-02
9.926138962690663880e-04,9.019607843137255054e-01,0.000000000000000000e+00
9.926158962690098241e-04,9.019607843137255054e-01,-7.843137254901960675e-02
9.926178962689532603e-04,8.627450980392157298e-01,7.843137254901960675e-02
9.926198962688966964e-04,9.411764705882352811e-01,-1.568627450980392135e-01
9.926218962688401325e-04,9.019607843137255054e-01,1.176470588235294101e-01
9.926238962687835687e-04,9.411764705882352811e-01,0.000000000000000000e+00
9.926258962687270048e-04,8.627450980392157298e-01,-3.921568627450980338e-02
9.926278962686704409e-04,8.627450980392157298e-01,3.921568627450980338e-02
9.926298962686138771e-04,9.019607843137255054e-01,-3.921568627450980338e-02
9.926318962685573132e-04,9.411764705882352811e-01,3.921568627450980338e-02
9.926338962685007494e-04,8.627450980392157298e-01,0.000000000000000000e+00
9.926358962684441855e-04,8.627450980392157298e-01,0.000000000000000000e+00
9.926378962683876216e-04,9.019607843137255054e-01,1.176470588235294101e-01
9.926398962683310578e-04,9.411764705882352811e-01,-7.843137254901960675e-02
9.926418962682744939e-04,8.627450980392157298e-01,0.000000000000000000e+00
9.926438962682179300e-04,9.019607843137255054e-01,0.000000000000000000e+00
9.926458962681613662e-04,9.019607843137255054e-01,0.000000000000000000e+00
9.926478962681048023e-04,9.019607843137255054e-01,3.921568627450980338e-02
9.926498962680482385e-04,8.627450980392157298e-01,-7.843137254901960675e-02
9.926518962679916746e-04,8.627450980392157298e-01,3.921568627450980338e-02
9.926538962679351107e-04,9.019607843137255054e-01,0.000000000000000000e+00
9.926558962678785469e-04,9.411764705882352811e-01,-7.843137254901960675e-02
9.926578962678219830e-04,9.019607843137255054e-01,7.843137254901960675e-02
9.926598962677654191e-04,9.019607843137255054e-01,-7.843137254901960675e-02
9.926618962677088553e-04,9.019607843137255054e-01,1.176470588235294101e-01
9.926638962676522914e-04,9.411764705882352811e-01,0.000000000000000000e+00
9.926658962675957276e-04,8.627450980392157298e-01,0.000000000000000000e+00
9.926678962675391637e-04,8.627450980392157298e-01,7.843137254901960675e-02
9.926698962674825998e-04,9.019607843137255054e-01,-3.921568627450980338e-02
9.926718962674260360e-04,9.411764705882352811e-01,3.921568627450980338e-02
9.926738962673694721e-04,8.235294117647058432e-01,3.921568627450980338e-02
9.926758962673129082e-04,8.627450980392157298e-01,-1.568627450980392135e-01
9.926778962672563444e-04,8.627450980392157298e-01,1.176470588235294101e-01
9.926798962671997805e-04,9.411764705882352811e-01,-3.921568627450980338e-02
9.926818962671432166e-04,8.627450980392157298e-01,3.921568627450980338e-02
9.926838962670866528e-04,9.019607843137255054e-01,3.921568627450980338e-02
9.926858962670300889e-04,9.411764705882352811e-01,0.000000000000000000e+00
9.926878962669735251e-04,9.411764705882352811e-01,7.843137254901960675e-02
9.926898962669169612e-04,8.627450980392157298e-01,-7.843137254901960675e-02
9.926918962668603973e-04,8.627450980392157298e-01,3.921568627450980338e-02
9.926938962668038335e-04,9.019607843137255054e-01,0.000000000000000000e+00
9.926958962667472696e-04,9.411764705882352811e-01,-3.921568627450980338e-02
9.926978962666907057e-04,8.627450980392157298e-01,7.843137254901960675e-02
9.926998962666341419e-04,8.627450980392157298e-01,-1.568627450980392135e-01
9.927018962665775780e-04,8.627450980392157298e-01,7.843137254901960675e-02
9.927038962665210142e-04,9.411764705882352811e-01,0.000000000000000000e+00
9.927058962664644503e-04,8.627450980392157298e-01,-7.843137254901960675e-02
9.927078962664078864e-04,9.019607843137255054e-01,7.843137254901960675e-02
9.927098962663513226e-04,9.019607843137255054e-01,-7.843137254901960675e-02
9.927118962662947587e-04,9.411764705882352811e-01,0.000000000000000000e+00
9.927138962662381948e-04,8.235294117647058432e-01,3.921568627450980338e-02
9.927158962661816310e-04,9.019607843137255054e-01,0.000000000000000000e+00
9.927178962661250671e-04,9.019607843137255054e-01,1.176470588235294101e-01
9.927198962660685033e-04,9.411764705882352811e-01,-3.921568627450980338e-02
9.927218962660119394e-04,8.627450980392157298e-01,0.000000000000000000e+00
9.927238962659553755e-04,8.627450980392157298e-01,0.000000000000000000e+00
9.927258962658988117e-04,9.019607843137255054e-01,0.000000000000000000e+00
9.927278962658422478e-04,9.411764705882352811e-01,7.843137254901960675e-02
9.927298962657856839e-04,8.235294117647058432e-01,-7.843137254901960675e-02
9.927318962657291201e-04,9.019607843137255054e-01,7.843137254901960675e-02
9.927338962656725562e-04,9.411764705882352811e-01,0.000000000000000000e+00
9.927358962656159923e-04,9.019607843137255054e-01,-7.843137254901960675e-02
9.927378962655594285e-04,8.235294117647058432e-01,7.843137254901960675e-02
9.927398962655028646e-04,9.411764705882352811e-01,-1.568627450980392135e-01
9.927418962654463008e-04,9.019607843137255054e-01,7.843137254901960675e-02
9.927438962653897369e-04,9.803921568627450567e-01,3.921568627450980338e-02
9.927458962653331730e-04,8.627450980392157298e-01,-3.921568627450980338e-02
9.927478962652766092e-04,8.627450980392157298e-01,7.843137254901960675e-02
9.927498962652200453e-04,9.019607843137255054e-01,-7.843137254901960675e-02
9.927518962651634814e-04,9.411764705882352811e-01,3.921568627450980338e-02
9.927538962651069176e-04,8.627450980392157298e-01,0.000000000000000000e+00
9.927558962650503537e-04,8.627450980392157298e-01,-7.843137254901960675e-02
9.927578962649937899e-04,8.627450980392157298e-01,1.176470588235294101e-01
9.927598962649372260e-04,9.411764705882352811e-01,-7.843137254901960675e-02
9.927618962648806621e-04,8.627450980392157298e-01,0.000000000000000000e+00
9.927638962648240983e-04,8.627450980392157298e-01,3.921568627450980338e-02
9.927658962647675344e-04,9.019607843137255054e-01,0.000000000000000000e+00
9.927678962647109705e-04,9.803921568627450567e-01,7.843137254901960675e-02
9.927698962646544067e-04,8.627450980392157298e-01,-3.921568627450980338e-02
9.927718962645978428e-04,8.627450980392157298e-01,7.843137254901960675e-02
9.927738962645412790e-04,9.019607843137255054e-01,3.921568627450980338e-02
9.927758962644847151e-04,9.411764705882352811e-01,-7.843137254901960675e-02
9.927778962644281512e-04,8.235294117647058432e-01,7.843137254901960675e-02
9.927798962643715874e-04,9.019607843137255054e-01,-1.568627450980392135e-01
9.927818962643150235e-04,9.019607843137255054e-01,1.176470588235294101e-01
9.927838962642584596e-04,9.411764705882352811e-01,0.000000000000000000e+00
9.927858962642018958e-04,8.627450980392157298e-01,0.000000000000000000e+00
9.927878962641453319e-04,8.627450980392157298e-01,7.843137254901960675e-02
9.927898962640887680e-04,9.019607843137255054e-01,-3.921568627450980338e-02
9.927918962640322042e-04,9.411764705882352811e-01,7.843137254901960675e-02
9.927938962639756403e-04,8.627450980392157298e-01,3.921568627450980338e-02
9.927958962639190765e-04,9.019607843137255054e-01,-7.843137254901960675e-02
9.927978962638625126e-04,9.019607843137255054e-01,7.843137254901960675e-02
9.927998962638059487e-04,9.803921568627450567e-01,-7.843137254901960675e-02
9.928018962637493849e-04,8.627450980392157298e-01,0.000000000000000000e+00
9.928038962636928210e-04,9.411764705882352811e-01,0.000000000000000000e+00
9.928058962636362571e-04,9.019607843137255054e-01,0.000000000000000000e+00
9.928078962635796933e-04,9.411764705882352811e-01,7.843137254901960675e-02
9.928098962635231294e-04,9.019607843137255054e-01,-3.921568627450980338e-02
9.928118962634665656e-04,9.019607843137255054e-01,7.843137254901960675e-02
9.928138962634100017e-04,9.019607843137255054e-01,0.000000000000000000e+00
9.928158962633534378e-04,9.411764705882352811e-01,-7.843137254901960675e-02
9.928178962632968740e-04,8.627450980392157298e-01,7.843137254901960675e-02
9.928198962632403101e-04,9.019607843137255054e-01,0.000000000000000000e+00
9.928218962631837462e-04,9.019607843137255054e-01,7.843137254901960675e-02
9.928238962631271824e-04,9.411764705882352811e-01,3.921568627450980338e-02
9.928258962630706185e-04,8.627450980392157298e-01,-7.843137254901960675e-02
9.928278962630140547e-04,9.019607843137255054e-01,7.843137254901960675e-02
9.928298962629574908e-04,9.019607843137255054e-01,-7.843137254901960675e-02
9.928318962629009269e-04,9.411764705882352811e-01,0.000000000000000000e+00
9.928338962628443631e-04,8.627450980392157298e-01,3.921568627450980338e-02
9.928358962627877992e-04,9.019607843137255054e-01,0.000000000000000000e+00
9.928378962627312353e-04,9.019607843137255054e-01,1.176470588235294101e-01
9.928398962626746715e-04,9.019607843137255054e-01,-7.843137254901960675e-02
9.928418962626181076e-04,8.627450980392157298e-01,0.000000000000000000e+00
9.928438962625615438e-04,9.019607843137255054e-01,0.000000000000000000e+00
9.928458962625049799e-04,9.019607843137255054e-01,0.000000000000000000e+00
9.928478962624484160e-04,9.411764705882352811e-01,3.921568627450980338e-02
9.928498962623918522e-04,9.019607843137255054e-01,-7.843137254901960675e-02
9.928518962623352883e-04,8.235294117647058432e-01,7.843137254901960675e-02
9.928538962622787244e-04,8.627450980392157298e-01,0.000000000000000000e+00
9.928558962622221606e-04,9.411764705882352811e-01,-3.921568627450980338e-02
9.928578962621655967e-04,8.627450980392157298e-01,1.176470588235294101e-01
9.928598962621090328e-04,9.019607843137255054e-01,-1.568627450980392135e-01
9.928618962620524690e-04,9.019607843137255054e-01,1.176470588235294101e-01
9.928638962619959051e-04,9.411764705882352811e-01,0.000000000000000000e+00
9.928658962619393413e-04,8.627450980392157298e-01,-3.921568627450980338e-02
9.928678962618827774e-04,9.019607843137255054e-01,7.843137254901960675e-02
9.928698962618262135e-04,9.019607843137255054e-01,-3.921568627450980338e-02
9.928718962617696497e-04,9.019607843137255054e-01,3.921568627450980338e-02
9.928738962617130858e-04,8.627450980392157298e-01,3.921568627450980338e-02
9.928758962616565219e-04,8.627450980392157298e-01,-7.843137254901960675e-02
9.928778962615999581e-04,9.019607843137255054e-01,7.843137254901960675e-02
9.928798962615433942e-04,9.411764705882352811e-01,-7.843137254901960675e-02
9.928818962614868304e-04,8.627450980392157298e-01,3.921568627450980338e-02
9.928838962614302665e-04,9.019607843137255054e-01,3.921568627450980338e-02
9.928858962613737026e-04,9.019607843137255054e-01,0.000000000000000000e+00
9.928878962613171388e-04,9.411764705882352811e-01,7.843137254901960675e-02
9.928898962612605749e-04,8.627450980392157298e-01,-7.843137254901960675e-02
9.928918962612040110e-04,8.627450980392157298e-01,3.921568627450980338e-02
9.928938962611474472e-04,9.019607843137255054e-01,3.921568627450980338e-02
9.928958962610908833e-04,9.411764705882352811e-01,-7.843137254901960675e-02
9.928978962610343195e-04,8.627450980392157298e-01,7.843137254901960675e-02
9.928998962609777556e-04,9.019607843137255054e-01,-1.568627450980392135e-01
9.929018962609211917e-04,9.019607843137255054e-01,7.843137254901960675e-02
9.929038962608646279e-04,9.411764705882352811e-01,0.000000000000000000e+00
9.929058962608080640e-04,8.627450980392157298e-01,-3.921568627450980338e-02
9.929078962607515001e-04,8.627450980392157298e-01,7.843137254901960675e-02
9.929098962606949363e-04,9.019607843137255054e-01,-7.843137254901960675e-02
9.929118962606383724e-04,9.411764705882352811e-01,7.843137254901960675e-02
9.929138962605818085e-04,9.019607843137255054e-01,3.921568627450980338e-02
9.929158962605252447e-04,9.019607843137255054e-01,-1.568627450980392135e-01
9.929178962604686808e-04,9.019607843137255054e-01,7.843137254901960675e-02
9.929198962604121170e-04,9.803921568627450567e-01,-7.843137254901960675e-02
9.929218962603555531e-04,8.627450980392157298e-01,0.000000000000000000e+00
9.929238962602989892e-04,9.019607843137255054e-01,3.921568627450980338e-02
9.929258962602424254e-04,9.019607843137255054e-01,0.000000000000000000e+00
9.929278962601858615e-04,9.411764705882352811e-01,7.843137254901960675e-02
9.929298962601292976e-04,8.627450980392157298e-01,-7.843137254901960675e-02
9.929318962600727338e-04,9.019607843137255054e-01,7.843137254901960675e-02
9.929338962600161699e-04,8.627450980392157298e-01,0.000000000000000000e+00
9.929358962599596061e-04,9.411764705882352811e-01,-3.921568627450980338e-02
9.929378962599030422e-04,8.627450980392157298e-01,7.843137254901960675e-02
9.929398962598464783e-04,9.019607843137255054e-01,-1.568627450980392135e-01
9.929418962597899145e-04,9.019607843137255054e-01,7.843137254901960675e-02
9.929438962597333506e-04,9.019607843137255054e-01,0.000000000000000000e+00
9.929458962596767867e-04,8.627450980392157298e-01,-3.921568627450980338e-02
9.929478962596202229e-04,8.235294117647058432e-01,3.921568627450980338e-02
9.929498962595636590e-04,9.411764705882352811e-01,-1.568627450980392135e-01
9.929518962595070952e-04,9.411764705882352811e-01,0.000000000000000000e+00
9.929538962594505313e-04,8.627450980392157298e-01,3.921568627450980338e-02
9.929558962593939674e-04,8.627450980392157298e-01,0.000000000000000000e+00
9.929578962593374036e-04,8.627450980392157298e-01,1.176470588235294101e-01
9.929598962592808397e-04,9.411764705882352811e-01,-7.843137254901960675e-02
9.929618962592242758e-04,8.235294117647058432e-01,0.000000000000000000e+00
9.929638962591677120e-04,8.627450980392157298e-01,3.921568627450980338e-02
9.929658962591111481e-04,9.019607843137255054e-01,0.000000000000000000e+00
9.929678962590545842e-04,9.411764705882352811e-01,7.843137254901960675e-02
9.929698962589980204e-04,8.235294117647058432e-01,-7.843137254901960675e-02
9.929718962589414565e-04,8.235294117647058432e-01,7.843137254901960675e-02
9.929738962588848927e-04,9.411764705882352811e-01,0.000000000000000000e+00
9.929758962588283288e-04,9.019607843137255054e-01,-7.843137254901960675e-02
9.929778962587717649e-04,8.627450980392157298e-01,1.176470588235294101e-01
9.929798962587152011e-04,8.235294117647058432e-01,-1.568627450980392135e-01
9.929818962586586372e-04,9.411764705882352811e-01,1.176470588235294101e-01
9.929838962586020733e-04,9.411764705882352811e-01,0.000000000000000000e+00
9.929858962585455095e-04,8.627450980392157298e-01,-3.921568627450980338e-02
9.929878962584889456e-04,9.019607843137255054e-01,7.843137254901960675e-02
9.929898962584323818e-04,9.019607843137255054e-01,-7.843137254901960675e-02
9.929918962583758179e-04,9.411764705882352811e-01,7.843137254901960675e-02
9.929938962583192540e-04,8.235294117647058432e-01,0.000000000000000000e+00
9.929958962582626902e-04,9.019607843137255054e-01,-1.568627450980392135e-01
9.929978962582061263e-04,8.627450980392157298e-01,7.843137254901960675e-02
9.929998962581495624e-04,9.411764705882352811e-01,-7.843137254901960675e-02
9.930018962580929986e-04,9.019607843137255054e-01,0.000000000000000000e+00
9.930038962580364347e-04,9.019607843137255054e-01,0.000000000000000000e+00
9.930058962579798709e-04,9.411764705882352811e-01,0.000000000000000000e+00
9.930078962579233070e-04,9.411764705882352811e-01,7.843137254901960675e-02
9.930098962578667431e-04,8.627450980392157298e-01,-3.921568627450980338e-02
9.930118962578101793e-04,8.627450980392157298e-01,7.843137254901960675e-02
9.930138962577536154e-04,9.411764705882352811e-01,3.921568627450980338e-02
9.930158962576970515e-04,9.411764705882352811e-01,-7.843137254901960675e-02
9.930178962576404877e-04,8.627450980392157298e-01,7.843137254901960675e-02
9.930198962575839238e-04,9.019607843137255054e-01,0.000000000000000000e+00
9.930218962575273599e-04,9.019607843137255054e-01,7.843137254901960675e-02
9.930238962574707961e-04,9.411764705882352811e-01,0.000000000000000000e+00
9.930258962574142322e-04,8.235294117647058432e-01,-7.843137254901960675e-02
9.930278962573576684e-04,9.019607843137255054e-01,7.843137254901960675e-02
9.930298962573011045e-04,9.019607843137255054e-01,-7.843137254901960675e-02
9.930318962572445406e-04,9.411764705882352811e-01,3.921568627450980338e-02
9.930338962571879768e-04,8.235294117647058432e-01,0.000000000000000000e+00
9.930358962571314129e-04,9.019607843137255054e-01,0.000000000000000000e+00
9.930378962570748490e-04,9.019607843137255054e-01,1.176470588235294101e-01
9.930398962570182852e-04,9.411764705882352811e-01,-7.843137254901960675e-02
9.930418962569617213e-04,8.627450980392157298e-01,0.000000000000000000e+00
9.930438962569051575e-04,9.019607843137255054e-01,3.921568627450980338e-02
9.930458962568485936e-04,8.627450980392157298e-01,0.000000000000000000e+00
9.930478962567920297e-04,9.411764705882352811e-01,3.921568627450980338e-02
9.930498962567354659e-04,8.627450980392157298e-01,-7.843137254901960675e-02
9.930518962566789020e-04,9.019607843137255054e-01,3.921568627450980338e-02
9.930538962566223381e-04,9.411764705882352811e-01,0.000000000000000000e+00
9.930558962565657743e-04,9.411764705882352811e-01,-7.843137254901960675e-02
9.930578962565092104e-04,8.627450980392157298e-01,7.843137254901960675e-02
9.930598962564526466e-04,9.019607843137255054e-01,-7.843137254901960675e-02
9.930618962563960827e-04,9.019607843137255054e-01,7.843137254901960675e-02
9.930638962563395188e-04,9.411764705882352811e-01,0.000000000000000000e+00
9.930658962562829550e-04,8.235294117647058432e-01,-3.921568627450980338e-02
9.930678962562263911e-04,8.627450980392157298e-01,7.843137254901960675e-02
9.930698962561698272e-04,9.019607843137255054e-01,-3.921568627450980338e-02
9.930718962561132634e-04,9.411764705882352811e-01,3.921568627450980338e-02
9.930738962560566995e-04,8.627450980392157298e-01,0.000000000000000000e+00
9.930758962560001357e-04,9.019607843137255054e-01,-7.843137254901960675e-02
9.930778962559435718e-04,8.627450980392157298e-01,1.176470588235294101e-01
9.930798962558870079e-04,9.411764705882352811e-01,-7.843137254901960675e-02
9.930818962558304441e-04,8.235294117647058432e-01,3.921568627450980338e-02
9.930838962557738802e-04,8.627450980392157298e-01,3.921568627450980338e-02
9.930858962557173163e-04,9.411764705882352811e-01,0.000000000000000000e+00
9.930878962556607525e-04,9.411764705882352811e-01,7.843137254901960675e-02
9.930898962556041886e-04,8.627450980392157298e-01,-3.921568627450980338e-02
9.930918962555476247e-04,8.627450980392157298e-01,3.921568627450980338e-02
9.930938962554910609e-04,9.019607843137255054e-01,0.000000000000000000e+00
9.930958962554344970e-04,9.411764705882352811e-01,-7.843137254901960675e-02
9.930978962553779332e-04,8.235294117647058432e-01,7.843137254901960675e-02
9.930998962553213693e-04,8.627450980392157298e-01,-1.568627450980392135e-01
9.931018962552648054e-04,9.019607843137255054e-01,7.843137254901960675e-02
9.931038962552082416e-04,9.019607843137255054e-01,0.000000000000000000e+00
9.931058962551516777e-04,8.627450980392157298e-01,-7.843137254901960675e-02
9.931078962550951138e-04,9.019607843137255054e-01,7.843137254901960675e-02
9.931098962550385500e-04,9.019607843137255054e-01,-3.921568627450980338e-02
9.931118962549819861e-04,9.411764705882352811e-01,3.921568627450980338e-02
9.931138962549254223e-04,8.235294117647058432e-01,0.000000000000000000e+00
9.931158962548688584e-04,8.627450980392157298e-01,-1.568627450980392135e-01
9.931178962548122945e-04,9.019607843137255054e-01,7.843137254901960675e-02
9.931198962547557307e-04,9.411764705882352811e-01,-7.843137254901960675e-02
9.931218962546991668e-04,8.627450980392157298e-01,0.000000000000000000e+00
9.931238962546426029e-04,9.019607843137255054e-01,3.921568627450980338e-02
9.931258962545860391e-04,9.019607843137255054e-01,3.921568627450980338e-02
9.931278962545294752e-04,9.411764705882352811e-01,7.843137254901960675e-02
9.931298962544729114e-04,8.627450980392157298e-01,-3.921568627450980338e-02
9.931318962544163475e-04,8.235294117647058432e-01,7.843137254901960675e-02
9.931338962543597836e-04,9.019607843137255054e-01,3.921568627450980338e-02
9.931358962543032198e-04,9.411764705882352811e-01,-3.921568627450980338e-02
9.931378962542466559e-04,8.627450980392157298e-01,7.843137254901960675e-02
9.931398962541900920e-04,8.235294117647058432e-01,-1.568627450980392135e-01
9.931418962541335282e-04,9.019607843137255054e-01,1.176470588235294101e-01
9.931438962540769643e-04,9.411764705882352811e-01,0.000000000000000000e+00
9.931458962540204004e-04,8.627450980392157298e-01,-3.921568627450980338e-02
9.931478962539638366e-04,8.627450980392157298e-01,7.843137254901960675e-02
9.931498962539072727e-04,9.019607843137255054e-01,-3.921568627450980338e-02
9.931518962538507089e-04,9.411764705882352811e-01,0.000000000000000000e+00
9.931538962537941450e-04,8.627450980392157298e-01,3.921568627450980338e-02
9.931558962537375811e-04,9.019607843137255054e-01,-1.568627450980392135e-01
9.931578962536810173e-04,9.019607843137255054e-01,7.843137254901960675e-02
9.931598962536244534e-04,9.411764705882352811e-01,-7.843137254901960675e-02
9.931618962535678895e-04,8.627450980392157298e-01,0.000000000000000000e+00
9.931638962535113257e-04,9.019607843137255054e-01,3.921568627450980338e-02
9.931658962534547618e-04,9.019607843137255054e-01,3.921568627450980338e-02
9.931678962533981980e-04,9.019607843137255054e-01,7.843137254901960675e-02
9.931698962533416341e-04,8.235294117647058432e-01,-3.921568627450980338e-02
9.931718962532850702e-04,8.235294117647058432e-01,3.921568627450980338e-02
9.931738962532285064e-04,8.627450980392157298e-01,0.000000000000000000e+00
9.931758962531719425e-04,9.411764705882352811e-01,-7.843137254901960675e-02
9.931778962531153786e-04,8.627450980392157298e-01,7.843137254901960675e-02
9.931798962530588148e-04,9.019607843137255054e-01,-1.568627450980392135e-01
9.931818962530022509e-04,9.019607843137255054e-01,1.176470588235294101e-01
9.931838962529456871e-04,9.411764705882352811e-01,0.000000000000000000e+00
9.931858962528891232e-04,8.627450980392157298e-01,-3.921568627450980338e-02
9.931878962528325593e-04,8.627450980392157298e-01,7.843137254901960675e-02
9.931898962527759955e-04,9.019607843137255054e-01,-3.921568627450980338e-02
9.931918962527194316e-04,9.411764705882352811e-01,0.000000000000000000e+00
9.931938962526628677e-04,8.627450980392157298e-01,3.921568627450980338e-02
9.931958962526063039e-04,9.019607843137255054e-01,0.000000000000000000e+00
9.931978962525497400e-04,9.411764705882352811e-01,1.176470588235294101e-01
9.931998962524931761e-04,9.411764705882352811e-01,-7.843137254901960675e-02
9.932018962524366123e-04,9.019607843137255054e-01,0.000000000000000000e+00
9.932038962523800484e-04,8.627450980392157298e-01,3.921568627450980338e-02
9.932058962523234846e-04,9.019607843137255054e-01,0.000000000000000000e+00
9.932078962522669207e-04,9.019607843137255054e-01,7.843137254901960675e-02
9.932098962522103568e-04,8.627450980392157298e-01,-3.921568627450980338e-02
9.932118962521537930e-04,9.019607843137255054e-01,7.843137254901960675e-02
9.932138962520972291e-04,9.019607843137255054e-01,3.921568627450980338e-02
9.932158962520406652e-04,9.411764705882352811e-01,-3.921568627450980338e-02
9.932178962519841014e-04,8.235294117647058432e-01,7.843137254901960675e-02
9.932198962519275375e-04,8.627450980392157298e-01,-7.843137254901960675e-02
9.932218962518709737e-04,9.019607843137255054e-01,7.843137254901960675e-02
9.932238962518144098e-04,9.411764705882352811e-01,-3.921568627450980338e-02
9.932258962517578459e-04,8.627450980392157298e-01,-7.843137254901960675e-02
9.932278962517012821e-04,8.627450980392157298e-01,7.843137254901960675e-02
9.932298962516447182e-04,9.411764705882352811e-01,-7.843137254901960675e-02
9.932318962515881543e-04,9.411764705882352811e-01,3.921568627450980338e-02
9.932338962515315905e-04,8.627450980392157298e-01,3.921568627450980338e-02
9.932358962514750266e-04,9.019607843137255054e-01,-1.568627450980392135e-01
9.932378962514184628e-04,9.411764705882352811e-01,1.176470588235294101e-01
9.932398962513618989e-04,9.411764705882352811e-01,-7.843137254901960675e-02
9.932418962513053350e-04,8.627450980392157298e-01,0.000000000000000000e+00
9.932438962512487712e-04,8.235294117647058432e-01,0.000000000000000000e+00
9.932458962511922073e-04,9.019607843137255054e-01,0.000000000000000000e+00
9.932478962511356434e-04,9.411764705882352811e-01,7.843137254901960675e-02
9.932498962510790796e-04,8.235294117647058432e-01,-3.921568627450980338e-02
9.932518962510225157e-04,8.627450980392157298e-01,7.843137254901960675e-02
9.932538962509659519e-04,8.627450980392157298e-01,0.000000000000000000e+00
9.932558962509093880e-04,9.411764705882352811e-01,-3.921568627450980338e-02
9.932578962508528241e-04,8.235294117647058432e-01,7.843137254901960675e-02
9.932598962507962603e-04,9.019607843137255054e-01,0.000000000000000000e+00
9.932618962507396964e-04,9.019607843137255054e-01,1.176470588235294101e-01
9.932638962506831325e-04,9.411764705882352811e-01,0.000000000000000000e+00
9.932658962506265687e-04,8.235294117647058432e-01,-7.843137254901960675e-02
9.932678962505700048e-04,8.627450980392157298e-01,7.843137254901960675e-02
9.932698962505134409e-04,9.019607843137255054e-01,-3.921568627450980338e-02
9.932718962504568771e-04,9.411764705882352811e-01,0.000000000000000000e+00
9.932738962504003132e-04,8.627450980392157298e-01,3.921568627450980338e-02
9.932758962503437494e-04,9.019607843137255054e-01,-1.568627450980392135e-01
9.932778962502871855e-04,9.019607843137255054e-01,1.568627450980392135e-01
9.932798962502306216e-04,9.411764705882352811e-01,-7.843137254901960675e-02
9.932818962501740578e-04,8.235294117647058432e-01,0.000000000000000000e+00
9.932838962501174939e-04,9.019607843137255054e-01,3.921568627450980338e-02
9.932858962500609300e-04,9.019607843137255054e-01,0.000000000000000000e+00
9.932878962500043662e-04,9.411764705882352811e-01,3.921568627450980338e-02
9.932898962499478023e-04,8.235294117647058432e-01,-3.921568627450980338e-02
9.932918962498912385e-04,8.627450980392157298e-01,7.843137254901960675e-02
9.932938962498346746e-04,9.019607843137255054e-01,0.000000000000000000e+00
9.932958962497781107e-04,9.411764705882352811e-01,-3.921568627450980338e-02
9.932978962497215469e-04,8.235294117647058432e-01,7.843137254901960675e-02
9.932998962496649830e-04,8.627450980392157298e-01,-7.843137254901960675e-02
9.933018962496084191e-04,9.019607843137255054e-01,1.176470588235294101e-01
9.933038962495518553e-04,9.411764705882352811e-01,3.921568627450980338e-02
9.933058962494952914e-04,8.235294117647058432e-01,-3.921568627450980338e-02
9.933078962494387276e-04,8.235294117647058432e-01,1.176470588235294101e-01
9.933098962493821637e-04,9.019607843137255054e-01,-3.921568627450980338e-02
9.933118962493255998e-04,9.411764705882352811e-01,3.921568627450980338e-02
9.933138962492690360e-04,8.627450980392157298e-01,3.921568627450980338e-02
9.933158962492124721e-04,8.627450980392157298e-01,-1.568627450980392135e-01
9.933178962491559082e-04,9.019607843137255054e-01,7.843137254901960675e-02
9.933198962490993444e-04,9.411764705882352811e-01,-3.921568627450980338e-02
9.933218962490427805e-04,8.627450980392157298e-01,3.921568627450980338e-02
9.933238962489862166e-04,9.019607843137255054e-01,3.921568627450980338e-02
9.933258962489296528e-04,9.411764705882352811e-01,3.921568627450980338e-02
9.933278962488730889e-04,9.411764705882352811e-01,3.921568627450980338e-02
9.933298962488165251e-04,8.627450980392157298e-01,-7.843137254901960675e-02
9.933318962487599612e-04,8.627450980392157298e-01,0.000000000000000000e+00
9.933338962487033973e-04,9.019607843137255054e-01,3.921568627450980338e-02
9.933358962486468335e-04,9.411764705882352811e-01,-3.921568627450980338e-02
9.933378962485902696e-04,8.627450980392157298e-01,1.568627450980392135e-01
9.933398962485337057e-04,9.019607843137255054e-01,-7.843137254901960675e-02
9.933418962484771419e-04,8.627450980392157298e-01,1.176470588235294101e-01
9.933438962484205780e-04,9.411764705882352811e-01,-3.921568627450980338e-02
9.933458962483640142e-04,8.627450980392157298e-01,-3.921568627450980338e-02
9.933478962483074503e-04,8.627450980392157298e-01,1.176470588235294101e-01
9.933498962482508864e-04,9.019607843137255054e-01,-3.921568627450980338e-02
9.933518962481943226e-04,9.411764705882352811e-01,3.921568627450980338e-02
9.933538962481377587e-04,8.627450980392157298e-01,3.921568627450980338e-02
9.933558962480811948e-04,9.019607843137255054e-01,-7.843137254901960675e-02
9.933578962480246310e-04,9.019607843137255054e-01,7.843137254901960675e-02
9.933598962479680671e-04,9.411764705882352811e-01,-7.843137254901960675e-02
9.933618962479115033e-04,8.235294117647058432e-01,3.921568627450980338e-02
9.933638962478549394e-04,9.019607843137255054e-01,3.921568627450980338e-02
9.933658962477983755e-04,9.019607843137255054e-01,0.000000000000000000e+00
9.933678962477418117e-04,9.411764705882352811e-01,3.921568627450980338e-02
9.933698962476852478e-04,8.627450980392157298e-01,-3.921568627450980338e-02
9.933718962476286839e-04,9.019607843137255054e-01,3.921568627450980338e-02
9.933738962475721201e-04,9.019607843137255054e-01,0.000000000000000000e+00
9.933758962475155562e-04,9.411764705882352811e-01,-7.843137254901960675e-02
9.933778962474589923e-04,8.235294117647058432e-01,7.843137254901960675e-02
9.933798962474024285e-04,8.627450980392157298e-01,-1.568627450980392135e-01
9.933818962473458646e-04,8.627450980392157298e-01,1.176470588235294101e-01
9.933838962472893008e-04,9.411764705882352811e-01,-3.921568627450980338e-02
9.933858962472327369e-04,8.627450980392157298e-01,-3.921568627450980338e-02
9.933878962471761730e-04,8.627450980392157298e-01,7.843137254901960675e-02
9.933898962471196092e-04,9.019607843137255054e-01,-3.921568627450980338e-02
9.933918962470630453e-04,9.411764705882352811e-01,3.921568627450980338e-02
9.933938962470064814e-04,8.627450980392157298e-01,3.921568627450980338e-02
9.933958962469499176e-04,9.019607843137255054e-01,-1.568627450980392135e-01
9.933978962468933537e-04,9.019607843137255054e-01,7.843137254901960675e-02
9.933998962468367899e-04,9.411764705882352811e-01,-3.921568627450980338e-02
9.934018962467802260e-04,8.627450980392157298e-01,7.843137254901960675e-02
9.934038962467236621e-04,9.019607843137255054e-01,3.921568627450980338e-02
9.934058962466670983e-04,8.627450980392157298e-01,0.000000000000000000e+00
9.934078962466105344e-04,9.411764705882352811e-01,3.921568627450980338e-02
9.934098962465539705e-04,8.627450980392157298e-01,-3.921568627450980338e-02
9.934118962464974067e-04,8.627450980392157298e-01,3.921568627450980338e-02
9.934138962464408428e-04,9.019607843137255054e-01,0.000000000000000000e+00
9.934158962463842790e-04,9.019607843137255054e-01,-3.921568627450980338e-02
9.934178962463277151e-04,8.627450980392157298e-01,1.176470588235294101e-01
9.934198962462711512e-04,8.627450980392157298e-01,-7.843137254901960675e-02
9.934218962462145874e-04,9.019607843137255054e-01,1.176470588235294101e-01
9.934238962461580235e-04,9.411764705882352811e-01,0.000000000000000000e+00
9.934258962461014596e-04,8.627450980392157298e-01,-3.921568627450980338e-02
9.934278962460448958e-04,9.019607843137255054e-01,7.843137254901960675e-02
9.934298962459883319e-04,9.411764705882352811e-01,-3.921568627450980338e-02
9.934318962459317680e-04,9.411764705882352811e-01,0.000000000000000000e+00
9.934338962458752042e-04,8.627450980392157298e-01,3.921568627450980338e-02
9.934358962458186403e-04,9.019607843137255054e-01,-1.568627450980392135e-01
9.934378962457620765e-04,9.019607843137255054e-01,7.843137254901960675e-02
9.934398962457055126e-04,9.411764705882352811e-01,-3.921568627450980338e-02
9.934418962456489487e-04,8.235294117647058432e-01,3.921568627450980338e-02
9.934438962455923849e-04,9.019607843137255054e-01,0.000000000000000000e+00
9.934458962455358210e-04,9.019607843137255054e-01,0.000000000000000000e+00
9.934478962454792571e-04,9.411764705882352811e-01,7.843137254901960675e-02
9.934498962454226933e-04,8.627450980392157298e-01,-7.843137254901960675e-02
9.934518962453661294e-04,8.235294117647058432e-01,3.921568627450980338e-02
9.934538962453095656e-04,9.019607843137255054e-01,0.000000000000000000e+00
9.934558962452530017e-04,9.411764705882352811e-01,-3.921568627450980338e-02
9.934578962451964378e-04,8.235294117647058432e-01,7.843137254901960675e-02
9.934598962451398740e-04,9.019607843137255054e-01,-7.843137254901960675e-02
9.934618962450833101e-04,9.019607843137255054e-01,7.843137254901960675e-02
9.934638962450267462e-04,9.803921568627450567e-01,0.000000000000000000e+00
9.934658962449701824e-04,8.627450980392157298e-01,-3.921568627450980338e-02
9.934678962449136185e-04,9.019607843137255054e-01,7.843137254901960675e-02
9.934698962448570547e-04,9.019607843137255054e-01,-7.843137254901960675e-02
9.934718962448004908e-04,9.411764705882352811e-01,0.000000000000000000e+00
9.934738962447439269e-04,8.235294117647058432e-01,3.921568627450980338e-02
9.934758962446873631e-04,8.627450980392157298e-01,-7.843137254901960675e-02
9.934778962446307992e-04,9.019607843137255054e-01,1.176470588235294101e-01
9.934798962445742353e-04,9.411764705882352811e-01,-7.843137254901960675e-02
9.934818962445176715e-04,8.235294117647058432e-01,3.921568627450980338e-02
9.934838962444611076e-04,8.627450980392157298e-01,3.921568627450980338e-02
9.934858962444045438e-04,9.019607843137255054e-01,0.000000000000000000e+00
9.934878962443479799e-04,9.411764705882352811e-01,7.843137254901960675e-02
9.934898962442914160e-04,8.627450980392157298e-01,-7.843137254901960675e-02
9.934918962442348522e-04,8.627450980392157298e-01,7.843137254901960675e-02
9.934938962441782883e-04,9.019607843137255054e-01,0.000000000000000000e+00
9.934958962441217244e-04,9.411764705882352811e-01,-7.843137254901960675e-02
9.934978962440651606e-04,8.627450980392157298e-01,7.843137254901960675e-02
9.934998962440085967e-04,8.627450980392157298e-01,-7.843137254901960675e-02
9.935018962439520328e-04,9.019607843137255054e-01,1.176470588235294101e-01
9.935038962438954690e-04,9.411764705882352811e-01,0.000000000000000000e+00
9.935058962438389051e-04,8.627450980392157298e-01,-3.921568627450980338e-02
9.935078962437823413e-04,8.627450980392157298e-01,7.843137254901960675e-02
9.935098962437257774e-04,9.019607843137255054e-01,-7.843137254901960675e-02
9.935118962436692135e-04,9.411764705882352811e-01,3.921568627450980338e-02
9.935138962436126497e-04,8.627450980392157298e-01,3.921568627450980338e-02
9.935158962435560858e-04,9.019607843137255054e-01,-7.843137254901960675e-02
9.935178962434995219e-04,9.019607843137255054e-01,1.176470588235294101e-01
9.935198962434429581e-04,9.411764705882352811e-01,-7.843137254901960675e-02
9.935218962433863942e-04,8.235294117647058432e-01,3.921568627450980338e-02
9.935238962433298304e-04,8.627450980392157298e-01,0.000000000000000000e+00
9.935258962432732665e-04,9.019607843137255054e-01,3.921568627450980338e-02
9.935278962432167026e-04,9.411764705882352811e-01,7.843137254901960675e-02
9.935298962431601388e-04,9.019607843137255054e-01,-3.921568627450980338e-02
9.935318962431035749e-04,9.019607843137255054e-01,7.843137254901960675e-02
9.935338962430470110e-04,9.019607843137255054e-01,3.921568627450980338e-02
9.935358962429904472e-04,9.411764705882352811e-01,-7.843137254901960675e-02
9.935378962429338833e-04,8.627450980392157298e-01,7.843137254901960675e-02
9.935398962428773195e-04,9.019607843137255054e-01,0.000000000000000000e+00
9.935418962428207556e-04,9.019607843137255054e-01,7.843137254901960675e-02
9.935438962427641917e-04,9.411764705882352811e-01,0.000000000000000000e+00
9.935458962427076279e-04,8.627450980392157298e-01,-3.921568627450980338e-02
9.935478962426510640e-04,9.019607843137255054e-01,7.843137254901960675e-02
9.935498962425945001e-04,9.411764705882352811e-01,-7.843137254901960675e-02
9.935518962425379363e-04,9.411764705882352811e-01,7.843137254901960675e-02
9.935538962424813724e-04,8.627450980392157298e-01,3.921568627450980338e-02
9.935558962424248085e-04,8.627450980392157298e-01,-1.568627450980392135e-01
9.935578962423682447e-04,9.019607843137255054e-01,7.843137254901960675e-02
9.935598962423116808e-04,9.411764705882352811e-01,-7.843137254901960675e-02
9.935618962422551170e-04,8.627450980392157298e-01,0.000000000000000000e+00
9.935638962421985531e-04,9.019607843137255054e-01,3.921568627450980338e-02
9.935658962421419892e-04,9.411764705882352811e-01,0.000000000000000000e+00
9.935678962420854254e-04,9.411764705882352811e-01,7.843137254901960675e-02
9.935698962420288615e-04,8.235294117647058432e-01,-3.921568627450980338e-02
9.935718962419722976e-04,8.627450980392157298e-01,3.921568627450980338e-02
9.935738962419157338e-04,9.019607843137255054e-01,0.000000000000000000e+00
9.935758962418591699e-04,9.411764705882352811e-01,-7.843137254901960675e-02
9.935778962418026061e-04,8.235294117647058432e-01,7.843137254901960675e-02
9.935798962417460422e-04,8.627450980392157298e-01,-1.568627450980392135e-01
9.935818962416894783e-04,9.019607843137255054e-01,7.843137254901960675e-02
9.935838962416329145e-04,9.411764705882352811e-01,3.921568627450980338e-02
9.935858962415763506e-04,8.235294117647058432e-01,0.000000000000000000e+00
9.935878962415197867e-04,8.627450980392157298e-01,7.843137254901960675e-02
9.935898962414632229e-04,9.019607843137255054e-01,-7.843137254901960675e-02
9.935918962414066590e-04,9.411764705882352811e-01,3.921568627450980338e-02
9.935938962413500952e-04,8.235294117647058432e-01,3.921568627450980338e-02
9.935958962412935313e-04,8.627450980392157298e-01,0.000000000000000000e+00
9.935978962412369674e-04,9.019607843137255054e-01,1.568627450980392135e-01
9.935998962411804036e-04,9.411764705882352811e-01,-3.921568627450980338e-02
9.936018962411238397e-04,8.235294117647058432e-01,0.000000000000000000e+00
9.936038962410672758e-04,8.235294117647058432e-01,0.000000000000000000e+00
9.936058962410107120e-04,9.019607843137255054e-01,0.000000000000000000e+00
9.936078962409541481e-04,9.411764705882352811e-01,7.843137254901960675e-02
9.936098962408975842e-04,8.627450980392157298e-01,-7.843137254901960675e-02
9.936118962408410204e-04,8.627450980392157298e-01,3.921568627450980338e-02
9.936138962407844565e-04,9.019607843137255054e-01,3.921568627450980338e-02
9.936158962407278927e-04,9.411764705882352811e-01,-7.843137254901960675e-02
9.936178962406713288e-04,8.627450980392157298e-01,7.843137254901960675e-02
9.936198962406147649e-04,9.019607843137255054e-01,-7.843137254901960675e-02
9.936218962405582011e-04,9.411764705882352811e-01,7.843137254901960675e-02
9.936238962405016372e-04,9.411764705882352811e-01,3.921568627450980338e-02
9.936258962404450733e-04,8.627450980392157298e-01,-3.921568627450980338e-02
9.936278962403885095e-04,8.627450980392157298e-01,1.176470588235294101e-01
9.936298962403319456e-04,9.019607843137255054e-01,-3.921568627450980338e-02
9.936318962402753818e-04,9.411764705882352811e-01,3.921568627450980338e-02
9.936338962402188179e-04,8.627450980392157298e-01,3.921568627450980338e-02
9.936358962401622540e-04,8.627450980392157298e-01,-1.568627450980392135e-01
9.936378962401056902e-04,8.627450980392157298e-01,7.843137254901960675e-02
9.936398962400491263e-04,9.411764705882352811e-01,-7.843137254901960675e-02
9.936418962399925624e-04,8.627450980392157298e-01,0.000000000000000000e+00
9.936438962399359986e-04,8.627450980392157298e-01,0.000000000000000000e+00
9.936458962398794347e-04,9.019607843137255054e-01,3.921568627450980338e-02
9.936478962398228709e-04,9.411764705882352811e-01,7.843137254901960675e-02
9.936498962397663070e-04,8.627450980392157298e-01,-7.843137254901960675e-02
9.936518962397097431e-04,8.627450980392157298e-01,7.843137254901960675e-02
9.936538962396531793e-04,9.411764705882352811e-01,7.843137254901960675e-02
9.936558962395966154e-04,9.411764705882352811e-01,-3.921568627450980338e-02
9.936578962395400515e-04,8.235294117647058432e-01,7.843137254901960675e-02
9.936598962394834877e-04,9.019607843137255054e-01,-1.568627450980392135e-01
9.936618962394269238e-04,9.019607843137255054e-01,1.176470588235294101e-01
9.936638962393703600e-04,9.411764705882352811e-01,0.000000000000000000e+00
9.936658962393137961e-04,8.627450980392157298e-01,0.000000000000000000e+00
9.936678962392572322e-04,9.019607843137255054e-01,7.843137254901960675e-02
9.936698962392006684e-04,9.019607843137255054e-01,-7.843137254901960675e-02
9.936718962391441045e-04,9.411764705882352811e-01,3.921568627450980338e-02
9.936738962390875406e-04,8.627450980392157298e-01,3.921568627450980338e-02
9.936758962390309768e-04,9.019607843137255054e-01,-1.568627450980392135e-01
9.936778962389744129e-04,9.411764705882352811e-01,1.176470588235294101e-01
9.936798962389178490e-04,9.803921568627450567e-01,-7.843137254901960675e-02
9.936818962388612852e-04,8.627450980392157298e-01,0.000000000000000000e+00
9.936838962388047213e-04,8.235294117647058432e-01,0.000000000000000000e+00
9.936858962387481575e-04,9.019607843137255054e-01,3.921568627450980338e-02
9.936878962386915936e-04,9.411764705882352811e-01,7.843137254901960675e-02
9.936898962386350297e-04,8.627450980392157298e-01,0.000000000000000000e+00
9.936918962385784659e-04,9.019607843137255054e-01,7.843137254901960675e-02
9.936938962385219020e-04,9.019607843137255054e-01,0.000000000000000000e+00
9.936958962384653381e-04,9.411764705882352811e-01,-7.843137254901960675e-02
9.936978962384087743e-04,8.627450980392157298e-01,7.843137254901960675e-02
9.936998962383522104e-04,9.019607843137255054e-01,-1.568627450980392135e-01
9.937018962382956466e-04,8.627450980392157298e-01,7.843137254901960675e-02
9.937038962382390827e-04,9.411764705882352811e-01,0.000000000000000000e+00
9.937058962381825188e-04,8.235294117647058432e-01,-3.921568627450980338e-02
9.937078962381259550e-04,8.627450980392157298e-01,1.176470588235294101e-01
9.937098962380693911e-04,9.411764705882352811e-01,-3.921568627450980338e-02
9.937118962380128272e-04,9.411764705882352811e-01,0.000000000000000000e+00
9.937138962379562634e-04,8.627450980392157298e-01,7.843137254901960675e-02
9.937158962378996995e-04,9.019607843137255054e-01,-1.568627450980392135e-01
9.937178962378431357e-04,9.019607843137255054e-01,7.843137254901960675e-02
9.937198962377865718e-04,9.411764705882352811e-01,-7.843137254901960675e-02
9.937218962377300079e-04,8.627450980392157298e-01,0.000000000000000000e+00
9.937238962376734441e-04,9.019607843137255054e-01,0.000000000000000000e+00
9.937258962376168802e-04,9.019607843137255054e-01,-3.921568627450980338e-02
9.937278962375603163e-04,9.019607843137255054e-01,1.176470588235294101e-01
9.937298962375037525e-04,8.627450980392157298e-01,-3.921568627450980338e-02
9.937318962374471886e-04,8.235294117647058432e-01,7.843137254901960675e-02
9.937338962373906247e-04,9.019607843137255054e-01,3.921568627450980338e-02
9.937358962373340609e-04,9.411764705882352811e-01,-7.843137254901960675e-02
9.937378962372774970e-04,8.235294117647058432e-01,1.176470588235294101e-01
9.937398962372209332e-04,9.019607843137255054e-01,-1.568627450980392135e-01
9.937418962371643693e-04,9.019607843137255054e-01,1.176470588235294101e-01
9.937438962371078054e-04,9.411764705882352811e-01,0.000000000000000000e+00
9.937458962370512416e-04,8.627450980392157298e-01,-3.921568627450980338e-02
9.937478962369946777e-04,9.019607843137255054e-01,1.176470588235294101e-01
9.937498962369381138e-04,9.411764705882352811e-01,-7.843137254901960675e-02
9.937518962368815500e-04,9.803921568627450567e-01,7.843137254901960675e-02
9.937538962368249861e-04,8.235294117647058432e-01,7.843137254901960675e-02
9.937558962367684223e-04,8.235294117647058432e-01,-1.568627450980392135e-01
9.937578962367118584e-04,9.019607843137255054e-01,1.176470588235294101e-01
9.937598962366552945e-04,9.411764705882352811e-01,-7.843137254901960675e-02
9.937618962365987307e-04,8.235294117647058432e-01,3.921568627450980338e-02
9.937638962365421668e-04,8.627450980392157298e-01,0.000000000000000000e+00
9.937658962364856029e-04,9.019607843137255054e-01,0.000000000000000000e+00
9.937678962364290391e-04,9.019607843137255054e-01,7.843137254901960675e-02
9.937698962363724752e-04,8.627450980392157298e-01,-3.921568627450980338e-02
9.937718962363159114e-04,8.627450980392157298e-01,3.921568627450980338e-02
9.937738962362593475e-04,8.627450980392157298e-01,0.000000000000000000e+00
9.937758962362027836e-04,9.411764705882352811e-01,-7.843137254901960675e-02
9.937778962361462198e-04,8.235294117647058432e-01,7.843137254901960675e-02
9.937798962360896559e-04,9.019607843137255054e-01,-3.921568627450980338e-02
9.937818962360330920e-04,9.019607843137255054e-01,1.176470588235294101e-01
9.937838962359765282e-04,9.411764705882352811e-01,0.000000000000000000e+00
9.937858962359199643e-04,8.235294117647058432e-01,-3.921568627450980338e-02
9.937878962358634004e-04,9.019607843137255054e-01,7.843137254901960675e-02
9.937898962358068366e-04,9.019607843137255054e-01,-3.921568627450980338e-02
9.937918962357502727e-04,9.411764705882352811e-01,3.921568627450980338e-02
9.937938962356937089e-04,8.627450980392157298e-01,3.921568627450980338e-02
9.937958962356371450e-04,9.019607843137255054e-01,0.000000000000000000e+00
9.937978962355805811e-04,9.019607843137255054e-01,7.843137254901960675e-02
9.937998962355240173e-04,9.411764705882352811e-01,-7.843137254901960675e-02
9.938018962354674534e-04,8.627450980392157298e-01,0.000000000000000000e+00
9.938038962354108895e-04,8.627450980392157298e-01,0.000000000000000000e+00
9.938058962353543257e-04,9.019607843137255054e-01,0.000000000000000000e+00
9.938078962352977618e-04,9.019607843137255054e-01,7.843137254901960675e-02
9.938098962352411980e-04,8.627450980392157298e-01,-3.921568627450980338e-02
9.938118962351846341e-04,8.627450980392157298e-01,7.843137254901960675e-02
9.938138962351280702e-04,9.019607843137255054e-01,0.000000000000000000e+00
9.938158962350715064e-04,9.411764705882352811e-01,-3.921568627450980338e-02
9.938178962350149425e-04,8.235294117647058432e-01,7.843137254901960675e-02
9.938198962349583786e-04,9.019607843137255054e-01,-7.843137254901960675e-02
9.938218962349018148e-04,9.019607843137255054e-01,7.843137254901960675e-02
9.938238962348452509e-04,9.411764705882352811e-01,0.000000000000000000e+00
9.938258962347886871e-04,8.627450980392157298e-01,-3.921568627450980338e-02
9.938278962347321232e-04,9.019607843137255054e-01,1.176470588235294101e-01
9.938298962346755593e-04,9.411764705882352811e-01,-3.921568627450980338e-02
9.938318962346189955e-04,9.411764705882352811e-01,0.000000000000000000e+00
9.938338962345624316e-04,8.627450980392157298e-01,3.921568627450980338e-02
9.938358962345058677e-04,8.627450980392157298e-01,0.000000000000000000e+00
9.938378962344493039e-04,9.019607843137255054e-01,1.176470588235294101e-01
9.938398962343927400e-04,9.411764705882352811e-01,-7.843137254901960675e-02
9.938418962343361761e-04,8.235294117647058432e-01,3.921568627450980338e-02
9.938438962342796123e-04,8.627450980392157298e-01,0.000000000000000000e+00
9.938458962342230484e-04,9.019607843137255054e-01,0.000000000000000000e+00
9.938478962341664846e-04,9.411764705882352811e-01,3.921568627450980338e-02
9.938498962341099207e-04,8.627450980392157298e-01,-7.843137254901960675e-02
9.938518962340533568e-04,8.627450980392157298e-01,3.921568627450980338e-02
9.938538962339967930e-04,9.019607843137255054e-01,0.000000000000000000e+00
9.938558962339402291e-04,9.411764705882352811e-01,-7.843137254901960675e-02
9.938578962338836652e-04,8.627450980392157298e-01,7.843137254901960675e-02
9.938598962338271014e-04,9.019607843137255054e-01,-1.568627450980392135e-01
9.938618962337705375e-04,9.019607843137255054e-01,1.176470588235294101e-01
9.938638962337139737e-04,9.411764705882352811e-01,-3.921568627450980338e-02
9.938658962336574098e-04,8.627450980392157298e-01,-3.921568627450980338e-02
9.938678962336008459e-04,9.019607843137255054e-01,7.843137254901960675e-02
9.938698962335442821e-04,9.411764705882352811e-01,-1.568627450980392135e-01
9.938718962334877182e-04,9.411764705882352811e-01,7.843137254901960675e-02
9.938738962334311543e-04,8.235294117647058432e-01,3.921568627450980338e-02
9.938758962333745905e-04,8.627450980392157298e-01,-1.568627450980392135e-01
9.938778962333180266e-04,9.019607843137255054e-01,7.843137254901960675e-02
9.938798962332614628e-04,9.411764705882352811e-01,-3.921568627450980338e-02
9.938818962332048989e-04,8.235294117647058432e-01,3.921568627450980338e-02
9.938838962331483350e-04,9.019607843137255054e-01,3.921568627450980338e-02
9.938858962330917712e-04,9.019607843137255054e-01,0.000000000000000000e+00
9.938878962330352073e-04,9.411764705882352811e-01,3.921568627450980338e-02
9.938898962329786434e-04,8.627450980392157298e-01,-7.843137254901960675e-02
9.938918962329220796e-04,9.019607843137255054e-01,3.921568627450980338e-02
9.938938962328655157e-04,9.019607843137255054e-01,7.843137254901960675e-02
9.938958962328089519e-04,9.411764705882352811e-01,-7.843137254901960675e-02
9.938978962327523880e-04,8.627450980392157298e-01,7.843137254901960675e-02
9.938998962326958241e-04,9.019607843137255054e-01,-1.568627450980392135e-01
9.939018962326392603e-04,9.019607843137255054e-01,1.176470588235294101e-01
9.939038962325826964e-04,9.019607843137255054e-01,0.000000000000000000e+00
9.939058962325261325e-04,8.627450980392157298e-01,-3.921568627450980338e-02
9.939078962324695687e-04,8.627450980392157298e-01,7.843137254901960675e-02
9.939098962324130048e-04,9.019607843137255054e-01,-3.921568627450980338e-02
9.939118962323564409e-04,9.411764705882352811e-01,3.921568627450980338e-02
9.939138962322998771e-04,8.627450980392157298e-01,7.843137254901960675e-02
9.939158962322433132e-04,9.411764705882352811e-01,0.000000000000000000e+00
9.939178962321867494e-04,9.411764705882352811e-01,7.843137254901960675e-02
9.939198962321301855e-04,9.411764705882352811e-01,-3.921568627450980338e-02
9.939218962320736216e-04,8.627450980392157298e-01,3.921568627450980338e-02
9.939238962320170578e-04,8.627450980392157298e-01,3.921568627450980338e-02
9.939258962319604939e-04,9.019607843137255054e-01,3.921568627450980338e-02
9.939278962319039300e-04,9.411764705882352811e-01,3.921568627450980338e-02
9.939298962318473662e-04,8.627450980392157298e-01,-3.921568627450980338e-02
9.939318962317908023e-04,9.019607843137255054e-01,3.921568627450980338e-02
9.939338962317342385e-04,9.019607843137255054e-01,0.000000000000000000e+00
9.939358962316776746e-04,9.411764705882352811e-01,-7.843137254901960675e-02
9.939378962316211107e-04,8.235294117647058432e-01,7.843137254901960675e-02
9.939398962315645469e-04,8.627450980392157298e-01,-1.568627450980392135e-01
9.939418962315079830e-04,8.627450980392157298e-01,1.176470588235294101e-01
9.939438962314514191e-04,9.411764705882352811e-01,0.000000000000000000e+00
9.939458962313948553e-04,8.627450980392157298e-01,0.000000000000000000e+00
9.939478962313382914e-04,9.019607843137255054e-01,1.176470588235294101e-01
9.939498962312817276e-04,9.411764705882352811e-01,-7.843137254901960675e-02
9.939518962312251637e-04,9.411764705882352811e-01,3.921568627450980338e-02
9.939538962311685998e-04,8.235294117647058432e-01,3.921568627450980338e-02
9.939558962311120360e-04,8.627450980392157298e-01,-1.568627450980392135e-01
9.939578962310554721e-04,9.019607843137255054e-01,7.843137254901960675e-02
9.939598962309989082e-04,9.411764705882352811e-01,-7.843137254901960675e-02
9.939618962309423444e-04,8.235294117647058432e-01,3.921568627450980338e-02
9.939638962308857805e-04,8.627450980392157298e-01,0.000000000000000000e+00
9.939658962308292166e-04,9.019607843137255054e-01,0.000000000000000000e+00
9.939678962307726528e-04,9.411764705882352811e-01,3.921568627450980338e-02
9.939698962307160889e-04,8.627450980392157298e-01,0.000000000000000000e+00
9.939718962306595251e-04,9.019607843137255054e-01,0.000000000000000000e+00
9.939738962306029612e-04,9.019607843137255054e-01,0.000000000000000000e+00
9.939758962305463973e-04,9.411764705882352811e-01,-3.921568627450980338e-02
9.939778962304898335e-04,8.627450980392157298e-01,7.843137254901960675e-02
9.939798962304332696e-04,8.627450980392157298e-01,-3.921568627450980338e-02
9.939818962303767057e-04,9.019607843137255054e-01,1.176470588235294101e-01
9.939838962303201419e-04,9.411764705882352811e-01,0.000000000000000000e+00
9.939858962302635780e-04,8.627450980392157298e-01,-3.921568627450980338e-02
9.939878962302070142e-04,9.019607843137255054e-01,7.843137254901960675e-02
9.939898962301504503e-04,9.411764705882352811e-01,-3.921568627450980338e-02
9.939918962300938864e-04,9.411764705882352811e-01,3.921568627450980338e-02
9.939938962300373226e-04,8.627450980392157298e-01,3.921568627450980338e-02
9.939958962299807587e-04,9.019607843137255054e-01,-1.568627450980392135e-01
9.939978962299241948e-04,9.019607843137255054e-01,1.176470588235294101e-01
9.939998962298676310e-04,9.411764705882352811e-01,-3.921568627450980338e-02
9.940018962298110671e-04,8.235294117647058432e-01,3.921568627450980338e-02
9.940038962297545033e-04,9.019607843137255054e-01,3.921568627450980338e-02
9.940058962296979394e-04,9.411764705882352811e-01,-3.921568627450980338e-02
9.940078962296413755e-04,9.019607843137255054e-01,7.843137254901960675e-02
9.940098962295848117e-04,8.627450980392157298e-01,-7.843137254901960675e-02
9.940118962295282478e-04,9.019607843137255054e-01,3.921568627450980338e-02
9.940138962294716839e-04,9.019607843137255054e-01,3.921568627450980338e-02
9.940158962294151201e-04,9.411764705882352811e-01,-7.843137254901960675e-02
9.940178962293585562e-04,8.627450980392157298e-01,7.843137254901960675e-02
9.940198962293019923e-04,9.019607843137255054e-01,-3.921568627450980338e-02
9.940218962292454285e-04,9.019607843137255054e-01,1.176470588235294101e-01
9.940238962291888646e-04,9.411764705882352811e-01,0.000000000000000000e+00
9.940258962291323008e-04,8.235294117647058432e-01,-3.921568627450980338e-02
9.940278962290757369e-04,8.627450980392157298e-01,7.843137254901960675e-02
9.940298962290191730e-04,9.411764705882352811e-01,-3.921568627450980338e-02
9.940318962289626092e-04,9.411764705882352811e-01,0.000000000000000000e+00
9.940338962289060453e-04,8.627450980392157298e-01,3.921568627450980338e-02
9.940358962288494814e-04,9.019607843137255054e-01,-1.568627450980392135e-01
9.940378962287929176e-04,9.019607843137255054e-01,1.176470588235294101e-01
9.940398962287363537e-04,9.411764705882352811e-01,-7.843137254901960675e-02
9.940418962286797899e-04,8.627450980392157298e-01,0.000000000000000000e+00
9.940438962286232260e-04,8.627450980392157298e-01,0.000000000000000000e+00
9.940458962285666621e-04,9.411764705882352811e-01,3.921568627450980338e-02
9.940478962285100983e-04,9.411764705882352811e-01,7.843137254901960675e-02
9.940498962284535344e-04,8.627450980392157298e-01,-3.921568627450980338e-02
9.940518962283969705e-04,9.019607843137255054e-01,3.921568627450980338e-02
9.940538962283404067e-04,9.019607843137255054e-01,3.921568627450980338e-02
9.940558962282838428e-04,9.411764705882352811e-01,-7.843137254901960675e-02
9.940578962282272790e-04,8.627450980392157298e-01,7.843137254901960675e-02
9.940598962281707151e-04,8.627450980392157298e-01,-1.568627450980392135e-01
9.940618962281141512e-04,8.627450980392157298e-01,7.843137254901960675e-02
9.940638962280575874e-04,9.411764705882352811e-01,3.921568627450980338e-02
9.940658962280010235e-04,8.627450980392157298e-01,-3.921568627450980338e-02
9.940678962279444596e-04,9.019607843137255054e-01,7.843137254901960675e-02
9.940698962278878958e-04,9.411764705882352811e-01,-7.843137254901960675e-02
9.940718962278313319e-04,9.411764705882352811e-01,3.921568627450980338e-02
9.940738962277747681e-04,8.235294117647058432e-01,3.921568627450980338e-02
9.940758962277182042e-04,9.019607843137255054e-01,-7.843137254901960675e-02
9.940778962276616403e-04,8.627450980392157298e-01,7.843137254901960675e-02
9.940798962276050765e-04,9.411764705882352811e-01,-7.843137254901960675e-02
9.940818962275485126e-04,8.235294117647058432e-01,0.000000000000000000e+00
9.940838962274919487e-04,9.019607843137255054e-01,3.921568627450980338e-02
9.940858962274353849e-04,9.019607843137255054e-01,3.921568627450980338e-02
9.940878962273788210e-04,9.411764705882352811e-01,3.921568627450980338e-02
9.940898962273222571e-04,8.235294117647058432e-01,-3.921568627450980338e-02
9.940918962272656933e-04,8.627450980392157298e-01,3.921568627450980338e-02
9.940938962272091294e-04,9.019607843137255054e-01,0.000000000000000000e+00
9.940958962271525656e-04,9.411764705882352811e-01,-7.843137254901960675e-02
9.940978962270960017e-04,8.235294117647058432e-01,7.843137254901960675e-02
9.940998962270394378e-04,8.627450980392157298e-01,-1.568627450980392135e-01
9.941018962269828740e-04,9.019607843137255054e-01,7.843137254901960675e-02
9.941038962269263101e-04,9.411764705882352811e-01,0.000000000000000000e+00
9.941058962268697462e-04,8.235294117647058432e-01,-3.921568627450980338e-02
9.941078962268131824e-04,9.019607843137255054e-01,7.843137254901960675e-02
9.941098962267566185e-04,9.019607843137255054e-01,-1.568627450980392135e-01
9.941118962267000547e-04,9.411764705882352811e-01,3.921568627450980338e-02
9.941138962266434908e-04,8.627450980392157298e-01,0.000000000000000000e+00
9.941158962265869269e-04,9.019607843137255054e-01,-1.568627450980392135e-01
9.941178962265303631e-04,9.019607843137255054e-01,7.843137254901960675e-02
9.941198962264737992e-04,9.411764705882352811e-01,-3.921568627450980338e-02
9.941218962264172353e-04,8.627450980392157298e-01,0.000000000000000000e+00
9.941238962263606715e-04,8.627450980392157298e-01,3.921568627450980338e-02
9.941258962263041076e-04,9.019607843137255054e-01,0.000000000000000000e+00
9.941278962262475438e-04,9.019607843137255054e-01,0.000000000000000000e+00
9.941298962261909799e-04,8.627450980392157298e-01,-3.921568627450980338e-02
9.941318962261344160e-04,8.627450980392157298e-01,0.000000000000000000e+00
9.941338962260778522e-04,8.627450980392157298e-01,0.000000000000000000e+00
9.941358962260212883e-04,9.411764705882352811e-01,-7.843137254901960675e-02
9.941378962259647244e-04,8.627450980392157298e-01,1.176470588235294101e-01
9.941398962259081606e-04,8.627450980392157298e-01,-1.568627450980392135e-01
9.941418962258515967e-04,9.019607843137255054e-01,1.176470588235294101e-01
9.941438962257950328e-04,9.411764705882352811e-01,0.000000000000000000e+00
9.941458962257384690e-04,9.019607843137255054e-01,-3.921568627450980338e-02
9.941478962256819051e-04,9.019607843137255054e-01,7.843137254901960675e-02
9.941498962256253413e-04,9.019607843137255054e-01,0.000000000000000000e+00
9.941518962255687774e-04,9.411764705882352811e-01,0.000000000000000000e+00
9.941538962255122135e-04,8.627450980392157298e-01,3.921568627450980338e-02
9.941558962254556497e-04,8.627450980392157298e-01,-1.568627450980392135e-01
9.941578962253990858e-04,9.019607843137255054e-01,1.176470588235294101e-01
9.941598962253425219e-04,9.411764705882352811e-01,0.000000000000000000e+00
9.941618962252859581e-04,8.627450980392157298e-01,3.921568627450980338e-02
9.941638962252293942e-04,9.019607843137255054e-01,3.921568627450980338e-02
9.941658962251728304e-04,9.019607843137255054e-01,0.000000000000000000e+00
9.941678962251162665e-04,9.411764705882352811e-01,3.921568627450980338e-02
9.941698962250597026e-04,8.627450980392157298e-01,-7.843137254901960675e-02
9.941718962250031388e-04,9.019607843137255054e-01,3.921568627450980338e-02
9.941738962249465749e-04,9.019607843137255054e-01,0.000000000000000000e+00
9.941758962248900110e-04,9.411764705882352811e-01,-7.843137254901960675e-02
9.941778962248334472e-04,8.627450980392157298e-01,7.843137254901960675e-02
9.941798962247768833e-04,8.627450980392157298e-01,-1.568627450980392135e-01
9.941818962247203195e-04,9.019607843137255054e-01,7.843137254901960675e-02
9.941838962246637556e-04,9.411764705882352811e-01,0.000000000000000000e+00
9.941858962246071917e-04,8.627450980392157298e-01,-3.921568627450980338e-02
9.941878962245506279e-04,8.235294117647058432e-01,7.843137254901960675e-02
9.941898962244940640e-04,9.019607843137255054e-01,-3.921568627450980338e-02
9.941918962244375001e-04,9.411764705882352811e-01,0.000000000000000000e+00
9.941938962243809363e-04,8.627450980392157298e-01,0.000000000000000000e+00
9.941958962243243724e-04,8.627450980392157298e-01,-7.843137254901960675e-02
9.941978962242678085e-04,9.019607843137255054e-01,1.176470588235294101e-01
9.941998962242112447e-04,9.411764705882352811e-01,-3.921568627450980338e-02
9.942018962241546808e-04,8.627450980392157298e-01,3.921568627450980338e-02
9.942038962240981170e-04,8.627450980392157298e-01,3.921568627450980338e-02
9.942058962240415531e-04,9.019607843137255054e-01,0.000000000000000000e+00
9.942078962239849892e-04,9.411764705882352811e-01,3.921568627450980338e-02
9.942098962239284254e-04,8.627450980392157298e-01,-7.843137254901960675e-02
9.942118962238718615e-04,9.019607843137255054e-01,3.921568627450980338e-02
9.942138962238152976e-04,8.627450980392157298e-01,3.921568627450980338e-02
9.942158962237587338e-04,9.411764705882352811e-01,-7.843137254901960675e-02
9.942178962237021699e-04,8.627450980392157298e-01,7.843137254901960675e-02
9.942198962236456061e-04,9.019607843137255054e-01,-1.568627450980392135e-01
9.942218962235890422e-04,9.019607843137255054e-01,1.176470588235294101e-01
9.942238962235324783e-04,9.411764705882352811e-01,3.921568627450980338e-02
9.942258962234759145e-04,8.627450980392157298e-01,-3.921568627450980338e-02
9.942278962234193506e-04,8.627450980392157298e-01,7.843137254901960675e-02
9.942298962233627867e-04,9.411764705882352811e-01,-3.921568627450980338e-02
9.942318962233062229e-04,9.019607843137255054e-01,3.921568627450980338e-02
9.942338962232496590e-04,8.627450980392157298e-01,7.843137254901960675e-02
9.942358962231930952e-04,9.019607843137255054e-01,-1.568627450980392135e-01
9.942378962231365313e-04,9.019607843137255054e-01,1.176470588235294101e-01
9.942398962230799674e-04,9.411764705882352811e-01,-7.843137254901960675e-02
9.942418962230234036e-04,8.627450980392157298e-01,0.000000000000000000e+00
9.942438962229668397e-04,8.627450980392157298e-01,0.000000000000000000e+00
9.942458962229102758e-04,9.019607843137255054e-01,0.000000000000000000e+00
9.942478962228537120e-04,9.411764705882352811e-01,7.843137254901960675e-02
9.942498962227971481e-04,8.627450980392157298e-01,-7.843137254901960675e-02
9.942518962227405842e-04,9.019607843137255054e-01,3.921568627450980338e-02
9.942538962226840204e-04,9.411764705882352811e-01,0.000000000000000000e+00
9.942558962226274565e-04,9.803921568627450567e-01,-7.843137254901960675e-02
9.942578962225708927e-04,8.235294117647058432e-01,7.843137254901960675e-02
9.942598962225143288e-04,9.411764705882352811e-01,-7.843137254901960675e-02
9.942618962224577649e-04,9.019607843137255054e-01,7.843137254901960675e-02
9.942638962224012011e-04,9.411764705882352811e-01,0.000000000000000000e+00
9.942658962223446372e-04,8.627450980392157298e-01,-3.921568627450980338e-02
9.942678962222880733e-04,9.019607843137255054e-01,7.843137254901960675e-02
9.942698962222315095e-04,9.411764705882352811e-01,-7.843137254901960675e-02
9.942718962221749456e-04,9.411764705882352811e-01,0.000000000000000000e+00
9.942738962221183818e-04,8.627450980392157298e-01,3.921568627450980338e-02
9.942758962220618179e-04,9.019607843137255054e-01,-1.568627450980392135e-01
9.942778962220052540e-04,9.019607843137255054e-01,7.843137254901960675e-02
9.942798962219486902e-04,9.411764705882352811e-01,-7.843137254901960675e-02
9.942818962218921263e-04,8.627450980392157298e-01,0.000000000000000000e+00
9.942838962218355624e-04,9.019607843137255054e-01,0.000000000000000000e+00
9.942858962217789986e-04,9.019607843137255054e-01,0.000000000000000000e+00
9.942878962217224347e-04,9.411764705882352811e-01,3.921568627450980338e-02
9.942898962216658709e-04,8.627450980392157298e-01,-7.843137254901960675e-02
9.942918962216093070e-04,9.019607843137255054e-01,7.843137254901960675e-02
9.942938962215527431e-04,9.411764705882352811e-01,0.000000000000000000e+00
9.942958962214961793e-04,9.411764705882352811e-01,-3.921568627450980338e-02
9.942978962214396154e-04,8.235294117647058432e-01,7.843137254901960675e-02
9.942998962213830515e-04,9.019607843137255054e-01,-1.568627450980392135e-01
9.943018962213264877e-04,9.019607843137255054e-01,1.176470588235294101e-01
9.943038962212699238e-04,9.411764705882352811e-01,0.000000000000000000e+00
9.943058962212133600e-04,8.235294117647058432e-01,-3.921568627450980338e-02
9.943078962211567961e-04,8.627450980392157298e-01,7.843137254901960675e-02
9.943098962211002322e-04,9.411764705882352811e-01,-7.843137254901960675e-02
9.943118962210436684e-04,9.411764705882352811e-01,3.921568627450980338e-02
9.943138962209871045e-04,8.627450980392157298e-01,3.921568627450980338e-02
9.943158962209305406e-04,9.411764705882352811e-01,-1.568627450980392135e-01
9.943178962208739768e-04,8.627450980392157298e-01,1.176470588235294101e-01
9.943198962208174129e-04,9.411764705882352811e-01,-7.843137254901960675e-02
9.943218962207608490e-04,8.627450980392157298e-01,0.000000000000000000e+00
9.943238962207042852e-04,8.627450980392157298e-01,3.921568627450980338e-02
9.943258962206477213e-04,9.019607843137255054e-01,0.000000000000000000e+00
9.943278962205911575e-04,9.411764705882352811e-01,7.843137254901960675e-02
9.943298962205345936e-04,8.627450980392157298e-01,-3.921568627450980338e-02
9.943318962204780297e-04,9.019607843137255054e-01,0.000000000000000000e+00
9.943338962204214659e-04,9.411764705882352811e-01,3.921568627450980338e-02
9.943358962203649020e-04,9.411764705882352811e-01,-7.843137254901960675e-02
9.943378962203083381e-04,8.235294117647058432e-01,7.843137254901960675e-02
9.943398962202517743e-04,9.019607843137255054e-01,-1.568627450980392135e-01
9.943418962201952104e-04,8.627450980392157298e-01,1.176470588235294101e-01
9.943438962201386466e-04,9.019607843137255054e-01,3.921568627450980338e-02
9.943458962200820827e-04,8.627450980392157298e-01,0.000000000000000000e+00
9.943478962200255188e-04,9.019607843137255054e-01,7.843137254901960675e-02
9.943498962199689550e-04,9.411764705882352811e-01,-3.921568627450980338e-02
9.943518962199123911e-04,9.411764705882352811e-01,0.000000000000000000e+00
9.943538962198558272e-04,8.235294117647058432e-01,3.921568627450980338e-02
9.943558962197992634e-04,9.411764705882352811e-01,-7.843137254901960675e-02
9.943578962197426995e-04,9.019607843137255054e-01,7.843137254901960675e-02
9.943598962196861357e-04,9.411764705882352811e-01,-7.843137254901960675e-02
9.943618962196295718e-04,8.627450980392157298e-01,0.000000000000000000e+00
9.943638962195730079e-04,9.019607843137255054e-01,0.000000000000000000e+00
9.943658962195164441e-04,9.411764705882352811e-01,0.000000000000000000e+00
9.943678962194598802e-04,9.411764705882352811e-01,7.843137254901960675e-02
9.943698962194033163e-04,8.627450980392157298e-01,-3.921568627450980338e-02
9.943718962193467525e-04,9.019607843137255054e-01,3.921568627450980338e-02
9.943738962192901886e-04,9.019607843137255054e-01,3.921568627450980338e-02
9.943758962192336247e-04,9.411764705882352811e-01,-7.843137254901960675e-02
9.943778962191770609e-04,8.235294117647058432e-01,7.843137254901960675e-02
9.943798962191204970e-04,9.019607843137255054e-01,-1.568627450980392135e-01
9.943818962190639332e-04,9.019607843137255054e-01,7.843137254901960675e-02
9.943838962190073693e-04,9.411764705882352811e-01,3.921568627450980338e-02
9.943858962189508054e-04,8.627450980392157298e-01,-3.921568627450980338e-02
9.943878962188942416e-04,9.019607843137255054e-01,7.843137254901960675e-02
9.943898962188376777e-04,9.411764705882352811e-01,-7.843137254901960675e-02
9.943918962187811138e-04,9.411764705882352811e-01,3.921568627450980338e-02
9.943938962187245500e-04,8.627450980392157298e-01,3.921568627450980338e-02
9.943958962186679861e-04,9.019607843137255054e-01,-1.568627450980392135e-01
9.943978962186114223e-04,9.411764705882352811e-01,1.176470588235294101e-01
9.943998962185548584e-04,9.411764705882352811e-01,-7.843137254901960675e-02
9.944018962184982945e-04,8.235294117647058432e-01,0.000000000000000000e+00
9.944038962184417307e-04,9.411764705882352811e-01,3.921568627450980338e-02
9.944058962183851668e-04,9.019607843137255054e-01,0.000000000000000000e+00
9.944078962183286029e-04,9.411764705882352811e-01,7.843137254901960675e-02
9.944098962182720391e-04,8.235294117647058432e-01,-7.843137254901960675e-02
9.944118962182154752e-04,8.627450980392157298e-01,3.921568627450980338e-02
9.944138962181589114e-04,9.019607843137255054e-01,0.000000000000000000e+00
9.944158962181023475e-04,9.411764705882352811e-01,-7.843137254901960675e-02
9.944178962180457836e-04,8.627450980392157298e-01,1.176470588235294101e-01
9.944198962179892198e-04,8.235294117647058432e-01,-1.568627450980392135e-01
9.944218962179326559e-04,8.627450980392157298e-01,1.176470588235294101e-01
9.944238962178760920e-04,9.411764705882352811e-01,-3.921568627450980338e-02
9.944258962178195282e-04,8.235294117647058432e-01,-3.921568627450980338e-02
9.944278962177629643e-04,9.019607843137255054e-01,7.843137254901960675e-02
9.944298962177064004e-04,9.019607843137255054e-01,-7.843137254901960675e-02
9.944318962176498366e-04,9.411764705882352811e-01,0.000000000000000000e+00
9.944338962175932727e-04,8.235294117647058432e-01,3.921568627450980338e-02
9.944358962175367089e-04,8.627450980392157298e-01,-1.568627450980392135e-01
9.944378962174801450e-04,9.019607843137255054e-01,1.176470588235294101e-01
9.944398962174235811e-04,9.411764705882352811e-01,0.000000000000000000e+00
9.944418962173670173e-04,8.627450980392157298e-01,0.000000000000000000e+00
9.944438962173104534e-04,9.019607843137255054e-01,0.000000000000000000e+00
9.944458962172538895e-04,9.019607843137255054e-01,0.000000000000000000e+00
9.944478962171973257e-04,9.411764705882352811e-01,7.843137254901960675e-02
9.944498962171407618e-04,8.627450980392157298e-01,-7.843137254901960675e-02
9.944518962170841980e-04,9.019607843137255054e-01,3.921568627450980338e-02
9.944538962170276341e-04,9.019607843137255054e-01,3.921568627450980338e-02
9.944558962169710702e-04,9.411764705882352811e-01,-7.843137254901960675e-02
9.944578962169145064e-04,8.235294117647058432e-01,1.176470588235294101e-01
9.944598962168579425e-04,9.019607843137255054e-01,0.000000000000000000e+00
9.944618962168013786e-04,9.019607843137255054e-01,1.176470588235294101e-01
9.944638962167448148e-04,9.411764705882352811e-01,0.000000000000000000e+00
9.944658962166882509e-04,8.627450980392157298e-01,-7.843137254901960675e-02
9.944678962166316871e-04,8.627450980392157298e-01,7.843137254901960675e-02
9.944698962165751232e-04,9.019607843137255054e-01,-3.921568627450980338e-02
9.944718962165185593e-04,9.411764705882352811e-01,0.000000000000000000e+00
9.944738962164619955e-04,8.627450980392157298e-01,3.921568627450980338e-02
9.944758962164054316e-04,9.019607843137255054e-01,-1.568627450980392135e-01
9.944778962163488677e-04,8.627450980392157298e-01,1.176470588235294101e-01
9.944798962162923039e-04,9.411764705882352811e-01,-7.843137254901960675e-02
9.944818962162357400e-04,8.627450980392157298e-01,0.000000000000000000e+00
9.944838962161791762e-04,8.627450980392157298e-01,3.921568627450980338e-02
9.944858962161226123e-04,9.019607843137255054e-01,0.000000000000000000e+00
9.944878962160660484e-04,9.411764705882352811e-01,7.843137254901960675e-02
9.944898962160094846e-04,8.627450980392157298e-01,-7.843137254901960675e-02
9.944918962159529207e-04,8.627450980392157298e-01,3.921568627450980338e-02
9.944938962158963568e-04,9.019607843137255054e-01,3.921568627450980338e-02
9.944958962158397930e-04,9.411764705882352811e-01,-7.843137254901960675e-02
9.944978962157832291e-04,8.627450980392157298e-01,7.843137254901960675e-02
9.944998962157266652e-04,9.019607843137255054e-01,-7.843137254901960675e-02
9.945018962156701014e-04,8.627450980392157298e-01,1.176470588235294101e-01
9.945038962156135375e-04,9.411764705882352811e-01,3.921568627450980338e-02
9.945058962155569737e-04,8.627450980392157298e-01,-7.843137254901960675e-02
9.945078962155004098e-04,8.627450980392157298e-01,7.843137254901960675e-02
9.945098962154438459e-04,9.019607843137255054e-01,-3.921568627450980338e-02
9.945118962153872821e-04,9.411764705882352811e-01,0.000000000000000000e+00
9.945138962153307182e-04,8.627450980392157298e-01,3.921568627450980338e-02
9.945158962152741543e-04,9.411764705882352811e-01,-1.568627450980392135e-01
9.945178962152175905e-04,9.019607843137255054e-01,1.176470588235294101e-01
9.945198962151610266e-04,9.411764705882352811e-01,-3.921568627450980338e-02
9.945218962151044628e-04,8.627450980392157298e-01,0.000000000000000000e+00
9.945238962150478989e-04,9.019607843137255054e-01,3.921568627450980338e-02
9.945258962149913350e-04,9.019607843137255054e-01,0.000000000000000000e+00
9.945278962149347712e-04,9.411764705882352811e-01,7.843137254901960675e-02
9.945298962148782073e-04,8.627450980392157298e-01,-3.921568627450980338e-02
9.945318962148216434e-04,9.019607843137255054e-01,7.843137254901960675e-02
9.945338962147650796e-04,9.019607843137255054e-01,3.921568627450980338e-02
9.945358962147085157e-04,9.411764705882352811e-01,-3.921568627450980338e-02
9.945378962146519519e-04,8.235294117647058432e-01,7.843137254901960675e-02
9.945398962145953880e-04,8.627450980392157298e-01,-7.843137254901960675e-02
9.945418962145388241e-04,9.019607843137255054e-01,1.176470588235294101e-01
9.945438962144822603e-04,9.411764705882352811e-01,3.921568627450980338e-02
9.945458962144256964e-04,8.627450980392157298e-01,-7.843137254901960675e-02
9.945478962143691325e-04,9.019607843137255054e-01,7.843137254901960675e-02
9.945498962143125687e-04,9.411764705882352811e-01,-3.921568627450980338e-02
9.945518962142560048e-04,9.019607843137255054e-01,0.000000000000000000e+00
9.945538962141994409e-04,8.627450980392157298e-01,0.000000000000000000e+00
9.945558962141428771e-04,9.411764705882352811e-01,-7.843137254901960675e-02
9.945578962140863132e-04,9.411764705882352811e-01,7.843137254901960675e-02
9.945598962140297494e-04,9.411764705882352811e-01,-7.843137254901960675e-02
9.945618962139731855e-04,8.627450980392157298e-01,0.000000000000000000e+00
9.945638962139166216e-04,8.627450980392157298e-01,3.921568627450980338e-02
9.945658962138600578e-04,9.019607843137255054e-01,0.000000000000000000e+00
9.945678962138034939e-04,9.411764705882352811e-01,7.843137254901960675e-02
9.945698962137469300e-04,8.627450980392157298e-01,0.000000000000000000e+00
9.945718962136903662e-04,9.019607843137255054e-01,3.921568627450980338e-02
9.945738962136338023e-04,9.019607843137255054e-01,0.000000000000000000e+00
9.945758962135772385e-04,9.411764705882352811e-01,-7.843137254901960675e-02
9.945778962135206746e-04,8.627450980392157298e-01,7.843137254901960675e-02
9.945798962134641107e-04,8.627450980392157298e-01,-7.843137254901960675e-02
9.945818962134075469e-04,8.627450980392157298e-01,1.176470588235294101e-01
9.945838962133509830e-04,9.411764705882352811e-01,0.000000000000000000e+00
9.945858962132944191e-04,8.627450980392157298e-01,-7.843137254901960675e-02
9.945878962132378553e-04,9.019607843137255054e-01,7.843137254901960675e-02
9.945898962131812914e-04,9.411764705882352811e-01,-7.843137254901960675e-02
9.945918962131247276e-04,9.411764705882352811e-01,3.921568627450980338e-02
9.945938962130681637e-04,8.235294117647058432e-01,3.921568627450980338e-02
9.945958962130115998e-04,9.411764705882352811e-01,-1.568627450980392135e-01
9.945978962129550360e-04,9.411764705882352811e-01,1.176470588235294101e-01
9.945998962128984721e-04,9.411764705882352811e-01,-7.843137254901960675e-02
9.946018962128419082e-04,8.235294117647058432e-01,0.000000000000000000e+00
9.946038962127853444e-04,9.019607843137255054e-01,7.843137254901960675e-02
9.946058962127287805e-04,9.411764705882352811e-01,-3.921568627450980338e-02
9.946078962126722166e-04,9.411764705882352811e-01,7.843137254901960675e-02
9.946098962126156528e-04,9.019607843137255054e-01,-3.921568627450980338e-02
9.946118962125590889e-04,8.627450980392157298e-01,7.843137254901960675e-02
9.946138962125025251e-04,9.019607843137255054e-01,3.921568627450980338e-02
9.946158962124459612e-04,9.411764705882352811e-01,-7.843137254901960675e-02
9.946178962123893973e-04,8.627450980392157298e-01,1.176470588235294101e-01
9.946198962123328335e-04,8.627450980392157298e-01,-7.843137254901960675e-02
9.946218962122762696e-04,9.019607843137255054e-01,1.176470588235294101e-01
9.946238962122197057e-04,9.411764705882352811e-01,3.921568627450980338e-02
9.946258962121631419e-04,8.627450980392157298e-01,0.000000000000000000e+00
9.946278962121065780e-04,9.019607843137255054e-01,1.176470588235294101e-01
9.946298962120500142e-04,9.411764705882352811e-01,-3.921568627450980338e-02
9.946318962119934503e-04,9.019607843137255054e-01,3.921568627450980338e-02
9.946338962119368864e-04,8.627450980392157298e-01,3.921568627450980338e-02
9.946358962118803226e-04,9.019607843137255054e-01,0.000000000000000000e+00
9.946378962118237587e-04,9.411764705882352811e-01,7.843137254901960675e-02
9.946398962117671948e-04,9.411764705882352811e-01,-3.921568627450980338e-02
9.946418962117106310e-04,8.627450980392157298e-01,0.000000000000000000e+00
9.946438962116540671e-04,9.019607843137255054e-01,3.921568627450980338e-02
9.946458962115975033e-04,9.411764705882352811e-01,0.000000000000000000e+00
9.946478962115409394e-04,9.019607843137255054e-01,7.843137254901960675e-02
9.946498962114843755e-04,8.627450980392157298e-01,-3.921568627450980338e-02
9.946518962114278117e-04,8.627450980392157298e-01,3.921568627450980338e-02
9.946538962113712478e-04,9.019607843137255054e-01,3.921568627450980338e-02
9.946558962113146839e-04,9.411764705882352811e-01,-7.843137254901960675e-02
9.946578962112581201e-04,8.627450980392157298e-01,7.843137254901960675e-02
9.946598962112015562e-04,9.019607843137255054e-01,-1.568627450980392135e-01
9.946618962111449923e-04,8.627450980392157298e-01,7.843137254901960675e-02
9.946638962110884285e-04,9.411764705882352811e-01,0.000000000000000000e+00
9.946658962110318646e-04,8.235294117647058432e-01,-3.921568627450980338e-02
9.946678962109753008e-04,8.627450980392157298e-01,7.843137254901960675e-02
9.946698962109187369e-04,9.019607843137255054e-01,-3.921568627450980338e-02
9.946718962108621730e-04,9.411764705882352811e-01,0.000000000000000000e+00
9.946738962108056092e-04,8.627450980392157298e-01,3.921568627450980338e-02
9.946758962107490453e-04,9.019607843137255054e-01,-7.843137254901960675e-02
9.946778962106924814e-04,9.019607843137255054e-01,1.176470588235294101e-01
9.946798962106359176e-04,9.411764705882352811e-01,-7.843137254901960675e-02
9.946818962105793537e-04,8.627450980392157298e-01,0.000000000000000000e+00
9.946838962105227899e-04,9.019607843137255054e-01,3.921568627450980338e-02
9.946858962104662260e-04,9.019607843137255054e-01,0.000000000000000000e+00
9.946878962104096621e-04,9.411764705882352811e-01,3.921568627450980338e-02
9.946898962103530983e-04,8.235294117647058432e-01,-3.921568627450980338e-02
9.946918962102965344e-04,9.019607843137255054e-01,3.921568627450980338e-02
9.946938962102399705e-04,9.019607843137255054e-01,0.000000000000000000e+00
9.946958962101834067e-04,9.411764705882352811e-01,-7.843137254901960675e-02
9.946978962101268428e-04,8.627450980392157298e-01,7.843137254901960675e-02
9.946998962100702790e-04,9.019607843137255054e-01,-1.568627450980392135e-01
9.947018962100137151e-04,9.019607843137255054e-01,1.176470588235294101e-01
9.947038962099571512e-04,9.411764705882352811e-01,0.000000000000000000e+00
9.947058962099005874e-04,8.627450980392157298e-01,0.000000000000000000e+00
9.947078962098440235e-04,8.627450980392157298e-01,7.843137254901960675e-02
9.947098962097874596e-04,9.019607843137255054e-01,-3.921568627450980338e-02
9.947118962097308958e-04,9.411764705882352811e-01,3.921568627450980338e-02
9.947138962096743319e-04,8.235294117647058432e-01,3.921568627450980338e-02
9.947158962096177681e-04,8.627450980392157298e-01,-1.568627450980392135e-01
9.947178962095612042e-04,9.019607843137255054e-01,1.176470588235294101e-01
9.947198962095046403e-04,9.411764705882352811e-01,-3.921568627450980338e-02
9.947218962094480765e-04,8.627450980392157298e-01,0.000000000000000000e+00
9.947238962093915126e-04,9.019607843137255054e-01,3.921568627450980338e-02
9.947258962093349487e-04,9.411764705882352811e-01,0.000000000000000000e+00
9.947278962092783849e-04,9.411764705882352811e-01,3.921568627450980338e-02
9.947298962092218210e-04,8.627450980392157298e-01,-7.843137254901960675e-02
9.947318962091652571e-04,8.627450980392157298e-01,0.000000000000000000e+00
9.947338962091086933e-04,9.019607843137255054e-01,3.921568627450980338e-02
9.947358962090521294e-04,9.411764705882352811e-01,-7.843137254901960675e-02
9.947378962089955656e-04,8.627450980392157298e-01,1.176470588235294101e-01
9.947398962089390017e-04,9.019607843137255054e-01,0.000000000000000000e+00
9.947418962088824378e-04,9.411764705882352811e-01,7.843137254901960675e-02
9.947438962088258740e-04,9.411764705882352811e-01,3.921568627450980338e-02
9.947458962087693101e-04,8.235294117647058432e-01,-7.843137254901960675e-02
9.947478962087127462e-04,8.235294117647058432e-01,7.843137254901960675e-02
9.947498962086561824e-04,9.019607843137255054e-01,-3.921568627450980338e-02
9.947518962085996185e-04,9.411764705882352811e-01,0.000000000000000000e+00
9.947538962085430547e-04,8.627450980392157298e-01,3.921568627450980338e-02
9.947558962084864908e-04,8.627450980392157298e-01,-1.568627450980392135e-01
9.947578962084299269e-04,9.019607843137255054e-01,1.176470588235294101e-01
9.947598962083733631e-04,9.411764705882352811e-01,-3.921568627450980338e-02
9.947618962083167992e-04,8.235294117647058432e-01,3.921568627450980338e-02
9.947638962082602353e-04,9.411764705882352811e-01,3.921568627450980338e-02
9.947658962082036715e-04,9.019607843137255054e-01,0.000000000000000000e+00
9.947678962081471076e-04,9.411764705882352811e-01,7.843137254901960675e-02
9.947698962080905438e-04,8.627450980392157298e-01,-7.843137254901960675e-02
9.947718962080339799e-04,9.019607843137255054e-01,0.000000000000000000e+00
9.947738962079774160e-04,9.411764705882352811e-01,3.921568627450980338e-02
9.947758962079208522e-04,9.411764705882352811e-01,-3.921568627450980338e-02
9.947778962078642883e-04,8.235294117647058432e-01,7.843137254901960675e-02
9.947798962078077244e-04,9.411764705882352811e-01,-7.843137254901960675e-02
9.947818962077511606e-04,9.019607843137255054e-01,1.176470588235294101e-01
9.947838962076945967e-04,9.411764705882352811e-01,3.921568627450980338e-02
9.947858962076380328e-04,8.627450980392157298e-01,-3.921568627450980338e-02
9.947878962075814690e-04,9.019607843137255054e-01,7.843137254901960675e-02
9.947898962075249051e-04,9.019607843137255054e-01,-3.921568627450980338e-02
9.947918962074683413e-04,9.019607843137255054e-01,0.000000000000000000e+00
9.947938962074117774e-04,8.627450980392157298e-01,3.921568627450980338e-02
9.947958962073552135e-04,8.627450980392157298e-01,-7.843137254901960675e-02
9.947978962072986497e-04,8.627450980392157298e-01,7.843137254901960675e-02
9.947998962072420858e-04,9.411764705882352811e-01,-3.921568627450980338e-02
9.948018962071855219e-04,8.627450980392157298e-01,0.000000000000000000e+00
9.948038962071289581e-04,9.019607843137255054e-01,3.921568627450980338e-02
9.948058962070723942e-04,9.411764705882352811e-01,3.921568627450980338e-02
9.948078962070158304e-04,9.411764705882352811e-01,7.843137254901960675e-02
9.948098962069592665e-04,8.627450980392157298e-01,-3.921568627450980338e-02
9.948118962069027026e-04,9.019607843137255054e-01,3.921568627450980338e-02
9.948138962068461388e-04,9.019607843137255054e-01,0.000000000000000000e+00
9.948158962067895749e-04,9.019607843137255054e-01,-7.843137254901960675e-02
9.948178962067330110e-04,8.627450980392157298e-01,7.843137254901960675e-02
9.948198962066764472e-04,9.019607843137255054e-01,-3.921568627450980338e-02
9.948218962066198833e-04,9.019607843137255054e-01,1.176470588235294101e-01
9.948238962065633195e-04,9.411764705882352811e-01,0.000000000000000000e+00
9.948258962065067556e-04,8.627450980392157298e-01,-3.921568627450980338e-02
9.948278962064501917e-04,8.627450980392157298e-01,7.843137254901960675e-02
9.948298962063936279e-04,9.019607843137255054e-01,-7.843137254901960675e-02
9.948318962063370640e-04,9.411764705882352811e-01,3.921568627450980338e-02
9.948338962062805001e-04,8.627450980392157298e-01,3.921568627450980338e-02
9.948358962062239363e-04,9.019607843137255054e-01,-1.568627450980392135e-01
9.948378962061673724e-04,9.019607843137255054e-01,1.176470588235294101e-01
9.948398962061108085e-04,9.411764705882352811e-01,-7.843137254901960675e-02
9.948418962060542447e-04,8.627450980392157298e-01,0.000000000000000000e+00
9.948438962059976808e-04,9.019607843137255054e-01,0.000000000000000000e+00
9.948458962059411170e-04,9.019607843137255054e-01,0.000000000000000000e+00
9.948478962058845531e-04,9.411764705882352811e-01,3.921568627450980338e-02
9.948498962058279892e-04,8.627450980392157298e-01,-3.921568627450980338e-02
9.948518962057714254e-04,8.627450980392157298e-01,3.921568627450980338e-02
9.948538962057148615e-04,9.019607843137255054e-01,3.921568627450980338e-02
9.948558962056582976e-04,9.411764705882352811e-01,-7.843137254901960675e-02
9.948578962056017338e-04,8.235294117647058432e-01,7.843137254901960675e-02
9.948598962055451699e-04,9.019607843137255054e-01,0.000000000000000000e+00
9.948618962054886061e-04,9.019607843137255054e-01,7.843137254901960675e-02
9.948638962054320422e-04,9.019607843137255054e-01,0.000000000000000000e+00
9.948658962053754783e-04,8.627450980392157298e-01,-7.843137254901960675e-02
9.948678962053189145e-04,8.627450980392157298e-01,7.843137254901960675e-02
9.948698962052623506e-04,9.411764705882352811e-01,-7.843137254901960675e-02
9.948718962052057867e-04,9.411764705882352811e-01,0.000000000000000000e+00
9.948738962051492229e-04,9.019607843137255054e-01,3.921568627450980338e-02
9.948758962050926590e-04,9.019607843137255054e-01,-1.568627450980392135e-01
9.948778962050360952e-04,9.019607843137255054e-01,1.176470588235294101e-01
9.948798962049795313e-04,9.411764705882352811e-01,-7.843137254901960675e-02
9.948818962049229674e-04,8.627450980392157298e-01,0.000000000000000000e+00
9.948838962048664036e-04,8.627450980392157298e-01,3.921568627450980338e-02
9.948858962048098397e-04,9.019607843137255054e-01,0.000000000000000000e+00
9.948878962047532758e-04,9.411764705882352811e-01,3.921568627450980338e-02
9.948898962046967120e-04,8.627450980392157298e-01,-3.921568627450980338e-02
9.948918962046401481e-04,9.019607843137255054e-01,3.921568627450980338e-02
9.948938962045835843e-04,9.411764705882352811e-01,0.000000000000000000e+00
9.948958962045270204e-04,9.411764705882352811e-01,-3.921568627450980338e-02
9.948978962044704565e-04,8.627450980392157298e-01,7.843137254901960675e-02
9.948998962044138927e-04,8.627450980392157298e-01,-7.843137254901960675e-02
9.949018962043573288e-04,8.627450980392157298e-01,7.843137254901960675e-02
9.949038962043007649e-04,9.019607843137255054e-01,0.000000000000000000e+00
9.949058962042442011e-04,8.627450980392157298e-01,-3.921568627450980338e-02
9.949078962041876372e-04,9.019607843137255054e-01,7.843137254901960675e-02
9.949098962041310733e-04,9.411764705882352811e-01,-3.921568627450980338e-02
9.949118962040745095e-04,9.411764705882352811e-01,3.921568627450980338e-02
9.949138962040179456e-04,8.627450980392157298e-01,3.921568627450980338e-02
9.949158962039613818e-04,9.019607843137255054e-01,-1.568627450980392135e-01
9.949178962039048179e-04,9.019607843137255054e-01,7.843137254901960675e-02
9.949198962038482540e-04,9.411764705882352811e-01,-3.921568627450980338e-02
9.949218962037916902e-04,8.627450980392157298e-01,0.000000000000000000e+00
9.949238962037351263e-04,9.019607843137255054e-01,3.921568627450980338e-02
9.949258962036785624e-04,9.019607843137255054e-01,0.000000000000000000e+00
9.949278962036219986e-04,9.411764705882352811e-01,3.921568627450980338e-02
9.949298962035654347e-04,9.019607843137255054e-01,-3.921568627450980338e-02
9.949318962035088709e-04,9.019607843137255054e-01,0.000000000000000000e+00
9.949338962034523070e-04,9.411764705882352811e-01,0.000000000000000000e+00
9.949358962033957431e-04,9.411764705882352811e-01,-7.843137254901960675e-02
9.949378962033391793e-04,8.235294117647058432e-01,7.843137254901960675e-02
9.949398962032826154e-04,8.627450980392157298e-01,-1.568627450980392135e-01
9.949418962032260515e-04,9.019607843137255054e-01,1.176470588235294101e-01
9.949438962031694877e-04,9.411764705882352811e-01,3.921568627450980338e-02
9.949458962031129238e-04,8.627450980392157298e-01,-3.921568627450980338e-02
9.949478962030563600e-04,9.019607843137255054e-01,7.843137254901960675e-02
9.949498962029997961e-04,9.411764705882352811e-01,-1.568627450980392135e-01
9.949518962029432322e-04,9.411764705882352811e-01,0.000000000000000000e+00
9.949538962028866684e-04,8.627450980392157298e-01,7.843137254901960675e-02
9.949558962028301045e-04,9.019607843137255054e-01,-1.568627450980392135e-01
9.949578962027735406e-04,9.019607843137255054e-01,7.843137254901960675e-02
9.949598962027169768e-04,9.411764705882352811e-01,-3.921568627450980338e-02
9.949618962026604129e-04,8.627450980392157298e-01,3.921568627450980338e-02
9.949638962026038490e-04,9.411764705882352811e-01,3.921568627450980338e-02
9.949658962025472852e-04,9.411764705882352811e-01,0.000000000000000000e+00
9.949678962024907213e-04,9.411764705882352811e-01,7.843137254901960675e-02
9.949698962024341575e-04,8.627450980392157298e-01,-7.843137254901960675e-02
9.949718962023775936e-04,9.019607843137255054e-01,3.921568627450980338e-02
9.949738962023210297e-04,8.627450980392157298e-01,0.000000000000000000e+00
9.949758962022644659e-04,9.411764705882352811e-01,-1.568627450980392135e-01
9.949778962022079020e-04,8.235294117647058432e-01,7.843137254901960675e-02
9.949798962021513381e-04,9.019607843137255054e-01,-7.843137254901960675e-02
9.949818962020947743e-04,9.019607843137255054e-01,1.176470588235294101e-01
9.949838962020382104e-04,9.411764705882352811e-01,0.000000000000000000e+00
9.949858962019816466e-04,8.235294117647058432e-01,-3.921568627450980338e-02
9.949878962019250827e-04,9.019607843137255054e-01,7.843137254901960675e-02
9.949898962018685188e-04,9.411764705882352811e-01,-7.843137254901960675e-02
9.949918962018119550e-04,9.411764705882352811e-01,3.921568627450980338e-02
9.949938962017553911e-04,8.627450980392157298e-01,7.843137254901960675e-02
9.949958962016988272e-04,9.411764705882352811e-01,-7.843137254901960675e-02
9.949978962016422634e-04,9.019607843137255054e-01,7.843137254901960675e-02
9.949998962015856995e-04,9.019607843137255054e-01,-7.843137254901960675e-02
9.950018962015291357e-04,8.235294117647058432e-01,0.000000000000000000e+00
9.950038962014725718e-04,9.019607843137255054e-01,3.921568627450980338e-02
9.950058962014160079e-04,9.411764705882352811e-01,0.000000000000000000e+00
9.950078962013594441e-04,9.411764705882352811e-01,7.843137254901960675e-02
9.950098962013028802e-04,8.627450980392157298e-01,-7.843137254901960675e-02
9.950118962012463163e-04,9.019607843137255054e-01,3.921568627450980338e-02
9.950138962011897525e-04,9.019607843137255054e-01,3.921568627450980338e-02
9.950158962011331886e-04,9.411764705882352811e-01,-7.843137254901960675e-02
9.950178962010766247e-04,8.627450980392157298e-01,7.843137254901960675e-02
9.950198962010200609e-04,9.411764705882352811e-01,-1.568627450980392135e-01
9.950218962009634970e-04,9.019607843137255054e-01,1.176470588235294101e-01
9.950238962009069332e-04,9.411764705882352811e-01,0.000000000000000000e+00
9.950258962008503693e-04,8.235294117647058432e-01,-3.921568627450980338e-02
9.950278962007938054e-04,9.019607843137255054e-01,7.843137254901960675e-02
9.950298962007372416e-04,9.019607843137255054e-01,-3.921568627450980338e-02
9.950318962006806777e-04,9.411764705882352811e-01,3.921568627450980338e-02
9.950338962006241138e-04,8.627450980392157298e-01,3.921568627450980338e-02
9.950358962005675500e-04,8.627450980392157298e-01,-1.568627450980392135e-01
9.950378962005109861e-04,9.019607843137255054e-01,1.176470588235294101e-01
9.950398962004544223e-04,9.411764705882352811e-01,-7.843137254901960675e-02
9.950418962003978584e-04,8.235294117647058432e-01,0.000000000000000000e+00
9.950438962003412945e-04,8.627450980392157298e-01,3.921568627450980338e-02
9.950458962002847307e-04,9.019607843137255054e-01,3.921568627450980338e-02
9.950478962002281668e-04,9.411764705882352811e-01,7.843137254901960675e-02
9.950498962001716029e-04,8.235294117647058432e-01,-3.921568627450980338e-02
9.950518962001150391e-04,8.627450980392157298e-01,3.921568627450980338e-02
9.950538962000584752e-04,9.411764705882352811e-01,3.921568627450980338e-02
9.950558962000019114e-04,9.411764705882352811e-01,-3.921568627450980338e-02
9.950578961999453475e-04,8.627450980392157298e-01,7.843137254901960675e-02
9.950598961998887836e-04,8.627450980392157298e-01,0.000000000000000000e+00
9.950618961998322198e-04,9.019607843137255054e-01,7.843137254901960675e-02
9.950638961997756559e-04,9.411764705882352811e-01,0.000000000000000000e+00
9.950658961997190920e-04,8.235294117647058432e-01,-7.843137254901960675e-02
9.950678961996625282e-04,9.019607843137255054e-01,7.843137254901960675e-02
9.950698961996059643e-04,9.411764705882352811e-01,-7.843137254901960675e-02
9.950718961995494004e-04,9.019607843137255054e-01,0.000000000000000000e+00
9.950738961994928366e-04,8.627450980392157298e-01,3.921568627450980338e-02
9.950758961994362727e-04,9.019607843137255054e-01,-1.568627450980392135e-01
9.950778961993797089e-04,9.019607843137255054e-01,1.176470588235294101e-01
9.950798961993231450e-04,9.411764705882352811e-01,-3.921568627450980338e-02
9.950818961992665811e-04,8.627450980392157298e-01,0.000000000000000000e+00
9.950838961992100173e-04,9.019607843137255054e-01,3.921568627450980338e-02
9.950858961991534534e-04,9.019607843137255054e-01,0.000000000000000000e+00
9.950878961990968895e-04,9.411764705882352811e-01,7.843137254901960675e-02
9.950898961990403257e-04,8.627450980392157298e-01,-3.921568627450980338e-02
9.950918961989837618e-04,9.019607843137255054e-01,3.921568627450980338e-02
9.950938961989271980e-04,9.019607843137255054e-01,0.000000000000000000e+00
9.950958961988706341e-04,9.411764705882352811e-01,-7.843137254901960675e-02
9.950978961988140702e-04,8.627450980392157298e-01,7.843137254901960675e-02
9.950998961987575064e-04,8.627450980392157298e-01,-7.843137254901960675e-02
9.951018961987009425e-04,9.019607843137255054e-01,7.843137254901960675e-02
9.951038961986443786e-04,9.411764705882352811e-01,3.921568627450980338e-02
9.951058961985878148e-04,8.627450980392157298e-01,-7.843137254901960675e-02
9.951078961985312509e-04,8.627450980392157298e-01,7.843137254901960675e-02
9.951098961984746871e-04,9.019607843137255054e-01,-3.921568627450980338e-02
9.951118961984181232e-04,9.411764705882352811e-01,0.000000000000000000e+00
9.951138961983615593e-04,8.627450980392157298e-01,3.921568627450980338e-02
9.951158961983049955e-04,9.019607843137255054e-01,-1.568627450980392135e-01
9.951178961982484316e-04,9.019607843137255054e-01,7.843137254901960675e-02
9.951198961981918677e-04,9.411764705882352811e-01,-3.921568627450980338e-02
9.951218961981353039e-04,8.627450980392157298e-01,0.000000000000000000e+00
9.951238961980787400e-04,8.627450980392157298e-01,3.921568627450980338e-02
9.951258961980221762e-04,9.411764705882352811e-01,0.000000000000000000e+00
9.951278961979656123e-04,9.411764705882352811e-01,3.921568627450980338e-02
9.951298961979090484e-04,8.627450980392157298e-01,-3.921568627450980338e-02
9.951318961978524846e-04,9.019607843137255054e-01,7.843137254901960675e-02
9.951338961977959207e-04,9.019607843137255054e-01,3.921568627450980338e-02
9.951358961977393568e-04,9.411764705882352811e-01,-7.843137254901960675e-02
9.951378961976827930e-04,8.627450980392157298e-01,1.176470588235294101e-01
9.951398961976262291e-04,9.411764705882352811e-01,-1.568627450980392135e-01
9.951418961975696652e-04,9.019607843137255054e-01,1.176470588235294101e-01
9.951438961975131014e-04,9.411764705882352811e-01,0.000000000000000000e+00
9.951458961974565375e-04,8.627450980392157298e-01,-3.921568627450980338e-02
9.951478961973999737e-04,8.627450980392157298e-01,7.843137254901960675e-02
9.951498961973434098e-04,9.019607843137255054e-01,-7.843137254901960675e-02
9.951518961972868459e-04,9.411764705882352811e-01,0.000000000000000000e+00
9.951538961972302821e-04,8.627450980392157298e-01,3.921568627450980338e-02
9.951558961971737182e-04,9.019607843137255054e-01,-7.843137254901960675e-02
9.951578961971171543e-04,9.411764705882352811e-01,7.843137254901960675e-02
9.951598961970605905e-04,9.411764705882352811e-01,-7.843137254901960675e-02
9.951618961970040266e-04,8.627450980392157298e-01,0.000000000000000000e+00
9.951638961969474628e-04,9.411764705882352811e-01,3.921568627450980338e-02
9.951658961968908989e-04,9.411764705882352811e-01,0.000000000000000000e+00
9.951678961968343350e-04,9.411764705882352811e-01,3.921568627450980338e-02
9.951698961967777712e-04,8.627450980392157298e-01,-3.921568627450980338e-02
9.951718961967212073e-04,9.019607843137255054e-01,0.000000000000000000e+00
9.951738961966646434e-04,9.019607843137255054e-01,0.000000000000000000e+00
9.951758961966080796e-04,9.411764705882352811e-01,-7.843137254901960675e-02
9.951778961965515157e-04,8.235294117647058432e-01,1.176470588235294101e-01
9.951798961964949519e-04,9.019607843137255054e-01,-1.568627450980392135e-01
9.951818961964383880e-04,9.411764705882352811e-01,1.176470588235294101e-01
9.951838961963818241e-04,9.019607843137255054e-01,3.921568627450980338e-02
9.951858961963252603e-04,8.627450980392157298e-01,0.000000000000000000e+00
9.951878961962686964e-04,8.627450980392157298e-01,1.176470588235294101e-01
9.951898961962121325e-04,9.019607843137255054e-01,-7.843137254901960675e-02
9.951918961961555687e-04,9.019607843137255054e-01,0.000000000000000000e+00
9.951938961960990048e-04,8.627450980392157298e-01,3.921568627450980338e-02
9.951958961960424409e-04,9.019607843137255054e-01,-1.568627450980392135e-01
9.951978961959858771e-04,9.019607843137255054e-01,7.843137254901960675e-02
9.951998961959293132e-04,9.411764705882352811e-01,-7.843137254901960675e-02
9.952018961958727494e-04,8.627450980392157298e-01,0.000000000000000000e+00
9.952038961958161855e-04,9.019607843137255054e-01,3.921568627450980338e-02
9.952058961957596216e-04,9.411764705882352811e-01,0.000000000000000000e+00
9.952078961957030578e-04,9.411764705882352811e-01,3.921568627450980338e-02
9.952098961956464939e-04,8.235294117647058432e-01,-7.843137254901960675e-02
9.952118961955899300e-04,9.019607843137255054e-01,0.000000000000000000e+00
9.952138961955333662e-04,9.019607843137255054e-01,0.000000000000000000e+00
9.952158961954768023e-04,9.411764705882352811e-01,-7.843137254901960675e-02
9.952178961954202385e-04,8.235294117647058432e-01,7.843137254901960675e-02
9.952198961953636746e-04,9.019607843137255054e-01,-3.921568627450980338e-02
9.952218961953071107e-04,8.627450980392157298e-01,7.843137254901960675e-02
9.952238961952505469e-04,9.411764705882352811e-01,0.000000000000000000e+00
9.952258961951939830e-04,8.235294117647058432e-01,-3.921568627450980338e-02
9.952278961951374191e-04,8.235294117647058432e-01,7.843137254901960675e-02
9.952298961950808553e-04,9.411764705882352811e-01,-3.921568627450980338e-02
9.952318961950242914e-04,9.019607843137255054e-01,3.921568627450980338e-02
9.952338961949677276e-04,8.627450980392157298e-01,3.921568627450980338e-02
9.952358961949111637e-04,9.411764705882352811e-01,-1.568627450980392135e-01
9.952378961948545998e-04,9.019607843137255054e-01,1.176470588235294101e-01
9.952398961947980360e-04,9.411764705882352811e-01,-7.843137254901960675e-02
9.952418961947414721e-04,8.235294117647058432e-01,3.921568627450980338e-02
9.952438961946849082e-04,9.019607843137255054e-01,3.921568627450980338e-02
9.952458961946283444e-04,9.411764705882352811e-01,0.000000000000000000e+00
9.952478961945717805e-04,9.411764705882352811e-01,7.843137254901960675e-02
9.952498961945152166e-04,8.235294117647058432e-01,-7.843137254901960675e-02
9.952518961944586528e-04,8.627450980392157298e-01,3.921568627450980338e-02
9.952538961944020889e-04,9.019607843137255054e-01,0.000000000000000000e+00
9.952558961943455251e-04,9.411764705882352811e-01,-7.843137254901960675e-02
9.952578961942889612e-04,8.627450980392157298e-01,7.843137254901960675e-02
9.952598961942323973e-04,9.019607843137255054e-01,-1.568627450980392135e-01
9.952618961941758335e-04,8.627450980392157298e-01,7.843137254901960675e-02
9.952638961941192696e-04,9.411764705882352811e-01,0.000000000000000000e+00
9.952658961940627057e-04,8.627450980392157298e-01,-3.921568627450980338e-02
9.952678961940061419e-04,8.235294117647058432e-01,7.843137254901960675e-02
9.952698961939495780e-04,9.411764705882352811e-01,-3.921568627450980338e-02
9.952718961938930142e-04,9.411764705882352811e-01,0.000000000000000000e+00
9.952738961938364503e-04,8.627450980392157298e-01,3.921568627450980338e-02
9.952758961937798864e-04,8.627450980392157298e-01,-1.568627450980392135e-01
9.952778961937233226e-04,9.019607843137255054e-01,1.176470588235294101e-01
9.952798961936667587e-04,9.411764705882352811e-01,0.000000000000000000e+00
9.952818961936101948e-04,8.235294117647058432e-01,3.921568627450980338e-02
9.952838961935536310e-04,9.019607843137255054e-01,3.921568627450980338e-02
9.952858961934970671e-04,9.411764705882352811e-01,0.000000000000000000e+00
9.952878961934405033e-04,9.411764705882352811e-01,7.843137254901960675e-02
9.952898961933839394e-04,8.627450980392157298e-01,-7.843137254901960675e-02
9.952918961933273755e-04,9.019607843137255054e-01,7.843137254901960675e-02
9.952938961932708117e-04,9.411764705882352811e-01,3.921568627450980338e-02
9.952958961932142478e-04,9.411764705882352811e-01,-7.843137254901960675e-02
9.952978961931576839e-04,8.235294117647058432e-01,7.843137254901960675e-02
9.952998961931011201e-04,9.019607843137255054e-01,0.000000000000000000e+00
9.953018961930445562e-04,8.627450980392157298e-01,1.176470588235294101e-01
9.953038961929879924e-04,9.411764705882352811e-01,3.921568627450980338e-02
9.953058961929314285e-04,8.627450980392157298e-01,-3.921568627450980338e-02
9.953078961928748646e-04,8.627450980392157298e-01,7.843137254901960675e-02
9.953098961928183008e-04,8.627450980392157298e-01,-3.921568627450980338e-02
9.953118961927617369e-04,9.411764705882352811e-01,3.921568627450980338e-02
9.953138961927051730e-04,8.235294117647058432e-01,3.921568627450980338e-02
9.953158961926486092e-04,9.019607843137255054e-01,-7.843137254901960675e-02
9.953178961925920453e-04,9.019607843137255054e-01,7.843137254901960675e-02
9.953198961925354814e-04,9.803921568627450567e-01,-7.843137254901960675e-02
9.953218961924789176e-04,8.235294117647058432e-01,0.000000000000000000e+00
9.953238961924223537e-04,8.627450980392157298e-01,3.921568627450980338e-02
9.953258961923657899e-04,8.627450980392157298e-01,3.921568627450980338e-02
9.953278961923092260e-04,9.019607843137255054e-01,7.843137254901960675e-02
9.953298961922526621e-04,8.627450980392157298e-01,-3.921568627450980338e-02
9.953318961921960983e-04,8.627450980392157298e-01,3.921568627450980338e-02
9.953338961921395344e-04,9.019607843137255054e-01,0.000000000000000000e+00
9.953358961920829705e-04,9.411764705882352811e-01,-7.843137254901960675e-02
9.953378961920264067e-04,8.627450980392157298e-01,7.843137254901960675e-02
9.953398961919698428e-04,9.411764705882352811e-01,-7.843137254901960675e-02
9.953418961919132790e-04,8.627450980392157298e-01,1.176470588235294101e-01
9.953438961918567151e-04,9.019607843137255054e-01,0.000000000000000000e+00
9.953458961918001512e-04,8.627450980392157298e-01,-3.921568627450980338e-02
9.953478961917435874e-04,8.235294117647058432e-01,7.843137254901960675e-02
9.953498961916870235e-04,9.019607843137255054e-01,-1.568627450980392135e-01
9.953518961916304596e-04,9.411764705882352811e-01,3.921568627450980338e-02
9.953538961915738958e-04,8.627450980392157298e-01,7.843137254901960675e-02
9.953558961915173319e-04,9.019607843137255054e-01,-1.568627450980392135e-01
9.953578961914607681e-04,9.019607843137255054e-01,1.176470588235294101e-01
9.953598961914042042e-04,9.411764705882352811e-01,-7.843137254901960675e-02
9.953618961913476403e-04,8.235294117647058432e-01,0.000000000000000000e+00
9.953638961912910765e-04,9.019607843137255054e-01,3.921568627450980338e-02
9.953658961912345126e-04,9.019607843137255054e-01,0.000000000000000000e+00
9.953678961911779487e-04,9.411764705882352811e-01,3.921568627450980338e-02
9.953698961911213849e-04,8.627450980392157298e-01,0.000000000000000000e+00
9.953718961910648210e-04,8.627450980392157298e-01,3.921568627450980338e-02
9.953738961910082571e-04,9.019607843137255054e-01,7.843137254901960675e-02
9.953758961909516933e-04,9.019607843137255054e-01,-7.843137254901960675e-02
9.953778961908951294e-04,8.235294117647058432e-01,1.568627450980392135e-01
9.953798961908385656e-04,8.627450980392157298e-01,-1.568627450980392135e-01
9.953818961907820017e-04,9.019607843137255054e-01,7.843137254901960675e-02
9.953838961907254378e-04,9.411764705882352811e-01,3.921568627450980338e-02
9.953858961906688740e-04,8.235294117647058432e-01,-3.921568627450980338e-02
9.953878961906123101e-04,8.235294117647058432e-01,7.843137254901960675e-02
9.953898961905557462e-04,9.019607843137255054e-01,-3.921568627450980338e-02
9.953918961904991824e-04,9.411764705882352811e-01,0.000000000000000000e+00
9.953938961904426185e-04,8.627450980392157298e-01,3.921568627450980338e-02
9.953958961903860547e-04,9.019607843137255054e-01,-1.568627450980392135e-01
9.953978961903294908e-04,9.019607843137255054e-01,1.176470588235294101e-01
9.953998961902729269e-04,9.803921568627450567e-01,-3.921568627450980338e-02
9.954018961902163631e-04,8.627450980392157298e-01,0.000000000000000000e+00
9.954038961901597992e-04,9.019607843137255054e-01,3.921568627450980338e-02
9.954058961901032353e-04,9.411764705882352811e-01,-3.921568627450980338e-02
9.954078961900466715e-04,9.411764705882352811e-01,7.843137254901960675e-02
9.954098961899901076e-04,9.019607843137255054e-01,-3.921568627450980338e-02
9.954118961899335438e-04,9.411764705882352811e-01,3.921568627450980338e-02
9.954138961898769799e-04,9.019607843137255054e-01,3.921568627450980338e-02
9.954158961898204160e-04,9.411764705882352811e-01,-7.843137254901960675e-02
9.954178961897638522e-04,8.627450980392157298e-01,7.843137254901960675e-02
9.954198961897072883e-04,9.019607843137255054e-01,-1.568627450980392135e-01
9.954218961896507244e-04,9.019607843137255054e-01,7.843137254901960675e-02
9.954238961895941606e-04,9.411764705882352811e-01,0.000000000000000000e+00
9.954258961895375967e-04,8.627450980392157298e-01,-3.921568627450980338e-02
9.954278961894810328e-04,8.235294117647058432e-01,7.843137254901960675e-02
9.954298961894244690e-04,9.019607843137255054e-01,-3.921568627450980338e-02
9.954318961893679051e-04,9.803921568627450567e-01,3.921568627450980338e-02
9.954338961893113413e-04,8.627450980392157298e-01,3.921568627450980338e-02
9.954358961892547774e-04,8.627450980392157298e-01,-7.843137254901960675e-02
9.954378961891982135e-04,9.019607843137255054e-01,1.176470588235294101e-01
9.954398961891416497e-04,9.411764705882352811e-01,-3.921568627450980338e-02
9.954418961890850858e-04,8.235294117647058432e-01,0.000000000000000000e+00
9.954438961890285219e-04,9.019607843137255054e-01,3.921568627450980338e-02
9.954458961889719581e-04,9.019607843137255054e-01,0.000000000000000000e+00
9.954478961889153942e-04,9.019607843137255054e-01,3.921568627450980338e-02
9.954498961888588304e-04,8.235294117647058432e-01,0.000000000000000000e+00
9.954518961888022665e-04,8.627450980392157298e-01,3.921568627450980338e-02
9.954538961887457026e-04,9.019607843137255054e-01,3.921568627450980338e-02
9.954558961886891388e-04,9.411764705882352811e-01,-7.843137254901960675e-02
9.954578961886325749e-04,8.627450980392157298e-01,7.843137254901960675e-02
9.954598961885760110e-04,9.019607843137255054e-01,-1.568627450980392135e-01
9.954618961885194472e-04,9.019607843137255054e-01,1.176470588235294101e-01
9.954638961884628833e-04,9.411764705882352811e-01,0.000000000000000000e+00
9.954658961884063195e-04,8.627450980392157298e-01,-3.921568627450980338e-02
9.954678961883497556e-04,9.019607843137255054e-01,7.843137254901960675e-02
9.954698961882931917e-04,9.411764705882352811e-01,-3.921568627450980338e-02
9.954718961882366279e-04,9.411764705882352811e-01,3.921568627450980338e-02
9.954738961881800640e-04,8.627450980392157298e-01,3.921568627450980338e-02
9.954758961881235001e-04,9.019607843137255054e-01,-1.568627450980392135e-01
9.954778961880669363e-04,9.019607843137255054e-01,7.843137254901960675e-02
9.954798961880103724e-04,9.803921568627450567e-01,-7.843137254901960675e-02
9.954818961879538085e-04,8.627450980392157298e-01,3.921568627450980338e-02
9.954838961878972447e-04,8.627450980392157298e-01,3.921568627450980338e-02
9.954858961878406808e-04,9.019607843137255054e-01,0.000000000000000000e+00
9.954878961877841170e-04,9.411764705882352811e-01,7.843137254901960675e-02
9.954898961877275531e-04,8.627450980392157298e-01,-3.921568627450980338e-02
9.954918961876709892e-04,9.019607843137255054e-01,0.000000000000000000e+00
9.954938961876144254e-04,9.019607843137255054e-01,3.921568627450980338e-02
9.954958961875578615e-04,9.411764705882352811e-01,-7.843137254901960675e-02
9.954978961875012976e-04,8.627450980392157298e-01,7.843137254901960675e-02
9.954998961874447338e-04,9.019607843137255054e-01,-3.921568627450980338e-02
9.955018961873881699e-04,9.019607843137255054e-01,7.843137254901960675e-02
9.955038961873316061e-04,9.019607843137255054e-01,3.921568627450980338e-02
9.955058961872750422e-04,8.235294117647058432e-01,-3.921568627450980338e-02
9.955078961872184783e-04,8.627450980392157298e-01,7.843137254901960675e-02
9.955098961871619145e-04,9.019607843137255054e-01,-3.921568627450980338e-02
9.955118961871053506e-04,9.411764705882352811e-01,3.921568627450980338e-02
9.955138961870487867e-04,8.235294117647058432e-01,7.843137254901960675e-02
9.955158961869922229e-04,9.019607843137255054e-01,-1.960784313725490169e-01
9.955178961869356590e-04,9.019607843137255054e-01,7.843137254901960675e-02
9.955198961868790952e-04,9.411764705882352811e-01,-3.921568627450980338e-02
9.955218961868225313e-04,8.235294117647058432e-01,0.000000000000000000e+00
9.955238961867659674e-04,8.627450980392157298e-01,3.921568627450980338e-02
9.955258961867094036e-04,9.019607843137255054e-01,0.000000000000000000e+00
9.955278961866528397e-04,9.411764705882352811e-01,7.843137254901960675e-02
9.955298961865962758e-04,8.627450980392157298e-01,-7.843137254901960675e-02
9.955318961865397120e-04,8.627450980392157298e-01,7.843137254901960675e-02
9.955338961864831481e-04,9.019607843137255054e-01,3.921568627450980338e-02
9.955358961864265843e-04,9.411764705882352811e-01,-3.921568627450980338e-02
9.955378961863700204e-04,8.627450980392157298e-01,7.843137254901960675e-02
9.955398961863134565e-04,8.235294117647058432e-01,0.000000000000000000e+00
9.955418961862568927e-04,8.627450980392157298e-01,7.843137254901960675e-02
9.955438961862003288e-04,9.411764705882352811e-01,3.921568627450980338e-02
9.955458961861437649e-04,8.627450980392157298e-01,-7.843137254901960675e-02
9.955478961860872011e-04,9.019607843137255054e-01,7.843137254901960675e-02
9.955498961860306372e-04,9.019607843137255054e-01,-7.843137254901960675e-02
9.955518961859740733e-04,9.411764705882352811e-01,3.921568627450980338e-02
9.955538961859175095e-04,8.627450980392157298e-01,3.921568627450980338e-02
9.955558961858609456e-04,9.411764705882352811e-01,-1.568627450980392135e-01
9.955578961858043818e-04,9.411764705882352811e-01,1.176470588235294101e-01
9.955598961857478179e-04,9.411764705882352811e-01,-7.843137254901960675e-02
9.955618961856912540e-04,8.627450980392157298e-01,3.921568627450980338e-02
9.955638961856346902e-04,8.627450980392157298e-01,3.921568627450980338e-02
9.955658961855781263e-04,9.019607843137255054e-01,0.000000000000000000e+00
9.955678961855215624e-04,9.411764705882352811e-01,3.921568627450980338e-02
9.955698961854649986e-04,8.627450980392157298e-01,-3.921568627450980338e-02
9.955718961854084347e-04,9.019607843137255054e-01,3.921568627450980338e-02
9.955738961853518709e-04,9.019607843137255054e-01,0.000000000000000000e+00
9.955758961852953070e-04,9.411764705882352811e-01,-7.843137254901960675e-02
9.955778961852387431e-04,8.235294117647058432e-01,7.843137254901960675e-02
9.955798961851821793e-04,9.019607843137255054e-01,-7.843137254901960675e-02
9.955818961851256154e-04,8.627450980392157298e-01,7.843137254901960675e-02
9.955838961850690515e-04,9.411764705882352811e-01,0.000000000000000000e+00
9.955858961850124877e-04,8.627450980392157298e-01,-7.843137254901960675e-02
9.955878961849559238e-04,8.627450980392157298e-01,7.843137254901960675e-02
9.955898961848993600e-04,9.411764705882352811e-01,-3.921568627450980338e-02
9.955918961848427961e-04,9.019607843137255054e-01,3.921568627450980338e-02
9.955938961847862322e-04,8.235294117647058432e-01,3.921568627450980338e-02
9.955958961847296684e-04,9.411764705882352811e-01,-1.568627450980392135e-01
9.955978961846731045e-04,9.019607843137255054e-01,1.176470588235294101e-01
9.955998961846165406e-04,9.411764705882352811e-01,-7.843137254901960675e-02
9.956018961845599768e-04,8.235294117647058432e-01,0.000000000000000000e+00
9.956038961845034129e-04,8.627450980392157298e-01,3.921568627450980338e-02
9.956058961844468490e-04,9.019607843137255054e-01,0.000000000000000000e+00
9.956078961843902852e-04,9.019607843137255054e-01,3.921568627450980338e-02
9.956098961843337213e-04,8.627450980392157298e-01,-3.921568627450980338e-02
9.956118961842771575e-04,8.627450980392157298e-01,0.000000000000000000e+00
9.956138961842205936e-04,9.019607843137255054e-01,0.000000000000000000e+00
9.956158961841640297e-04,9.411764705882352811e-01,-7.843137254901960675e-02
9.956178961841074659e-04,8.235294117647058432e-01,1.568627450980392135e-01
9.956198961840509020e-04,8.235294117647058432e-01,-3.921568627450980338e-02
9.956218961839943381e-04,9.019607843137255054e-01,7.843137254901960675e-02
9.956238961839377743e-04,9.411764705882352811e-01,3.921568627450980338e-02
9.956258961838812104e-04,8.627450980392157298e-01,-7.843137254901960675e-02
9.956278961838246466e-04,9.019607843137255054e-01,7.843137254901960675e-02
9.956298961837680827e-04,9.019607843137255054e-01,-3.921568627450980338e-02
9.956318961837115188e-04,9.411764705882352811e-01,0.000000000000000000e+00
9.956338961836549550e-04,8.627450980392157298e-01,3.921568627450980338e-02
9.956358961835983911e-04,9.411764705882352811e-01,-1.568627450980392135e-01
9.956378961835418272e-04,9.019607843137255054e-01,1.176470588235294101e-01
9.956398961834852634e-04,9.411764705882352811e-01,-7.843137254901960675e-02
9.956418961834286995e-04,8.627450980392157298e-01,0.000000000000000000e+00
9.956438961833721357e-04,9.019607843137255054e-01,3.921568627450980338e-02
9.956458961833155718e-04,9.019607843137255054e-01,0.000000000000000000e+00
9.956478961832590079e-04,9.411764705882352811e-01,7.843137254901960675e-02
9.956498961832024441e-04,9.019607843137255054e-01,-7.843137254901960675e-02
9.956518961831458802e-04,9.019607843137255054e-01,0.000000000000000000e+00
9.956538961830893163e-04,9.019607843137255054e-01,3.921568627450980338e-02
9.956558961830327525e-04,9.411764705882352811e-01,-7.843137254901960675e-02
9.956578961829761886e-04,8.235294117647058432e-01,1.568627450980392135e-01
9.956598961829196247e-04,8.627450980392157298e-01,-7.843137254901960675e-02
9.956618961828630609e-04,9.019607843137255054e-01,1.176470588235294101e-01
9.956638961828064970e-04,9.411764705882352811e-01,0.000000000000000000e+00
9.956658961827499332e-04,8.627450980392157298e-01,-3.921568627450980338e-02
9.956678961826933693e-04,8.627450980392157298e-01,7.843137254901960675e-02
9.956698961826368054e-04,9.411764705882352811e-01,-3.921568627450980338e-02
9.956718961825802416e-04,9.411764705882352811e-01,3.921568627450980338e-02
9.956738961825236777e-04,8.627450980392157298e-01,3.921568627450980338e-02
9.956758961824671138e-04,9.019607843137255054e-01,-7.843137254901960675e-02
9.956778961824105500e-04,9.019607843137255054e-01,1.176470588235294101e-01
9.956798961823539861e-04,9.411764705882352811e-01,-3.921568627450980338e-02
9.956818961822974223e-04,8.627450980392157298e-01,0.000000000000000000e+00
9.956838961822408584e-04,8.627450980392157298e-01,3.921568627450980338e-02
9.956858961821842945e-04,9.411764705882352811e-01,0.000000000000000000e+00
9.956878961821277307e-04,9.411764705882352811e-01,7.843137254901960675e-02
9.956898961820711668e-04,8.627450980392157298e-01,-3.921568627450980338e-02
9.956918961820146029e-04,9.019607843137255054e-01,3.921568627450980338e-02
9.956938961819580391e-04,9.019607843137255054e-01,3.921568627450980338e-02
9.956958961819014752e-04,9.411764705882352811e-01,-7.843137254901960675e-02
9.956978961818449114e-04,8.627450980392157298e-01,7.843137254901960675e-02
9.956998961817883475e-04,9.019607843137255054e-01,0.000000000000000000e+00
9.957018961817317836e-04,8.627450980392157298e-01,7.843137254901960675e-02
9.957038961816752198e-04,9.411764705882352811e-01,0.000000000000000000e+00
9.957058961816186559e-04,8.235294117647058432e-01,-7.843137254901960675e-02
9.957078961815620920e-04,8.235294117647058432e-01,7.843137254901960675e-02
9.957098961815055282e-04,9.411764705882352811e-01,-3.921568627450980338e-02
9.957118961814489643e-04,9.411764705882352811e-01,0.000000000000000000e+00
9.957138961813924005e-04,8.627450980392157298e-01,3.921568627450980338e-02
9.957158961813358366e-04,9.019607843137255054e-01,-1.568627450980392135e-01
9.957178961812792727e-04,9.019607843137255054e-01,1.176470588235294101e-01
9.957198961812227089e-04,9.411764705882352811e-01,-7.843137254901960675e-02
9.957218961811661450e-04,8.235294117647058432e-01,0.000000000000000000e+00
9.957238961811095811e-04,9.411764705882352811e-01,7.843137254901960675e-02
9.957258961810530173e-04,9.019607843137255054e-01,0.000000000000000000e+00
9.957278961809964534e-04,9.411764705882352811e-01,3.921568627450980338e-02
9.957298961809398895e-04,8.235294117647058432e-01,-7.843137254901960675e-02
9.957318961808833257e-04,8.627450980392157298e-01,7.843137254901960675e-02
9.957338961808267618e-04,9.019607843137255054e-01,0.000000000000000000e+00
9.957358961807701980e-04,9.411764705882352811e-01,-7.843137254901960675e-02
9.957378961807136341e-04,8.235294117647058432e-01,1.176470588235294101e-01
9.957398961806570702e-04,9.019607843137255054e-01,-1.568627450980392135e-01
9.957418961806005064e-04,9.019607843137255054e-01,7.843137254901960675e-02
9.957438961805439425e-04,9.411764705882352811e-01,0.000000000000000000e+00
9.957458961804873786e-04,8.627450980392157298e-01,-7.843137254901960675e-02
9.957478961804308148e-04,9.019607843137255054e-01,7.843137254901960675e-02
9.957498961803742509e-04,9.019607843137255054e-01,-3.921568627450980338e-02
9.957518961803176871e-04,9.411764705882352811e-01,0.000000000000000000e+00
9.957538961802611232e-04,8.627450980392157298e-01,3.921568627450980338e-02
9.957558961802045593e-04,9.019607843137255054e-01,-1.568627450980392135e-01
9.957578961801479955e-04,9.019607843137255054e-01,1.176470588235294101e-01
9.957598961800914316e-04,9.411764705882352811e-01,-3.921568627450980338e-02
9.957618961800348677e-04,8.627450980392157298e-01,0.000000000000000000e+00
9.957638961799783039e-04,9.019607843137255054e-01,3.921568627450980338e-02
9.957658961799217400e-04,8.627450980392157298e-01,0.000000000000000000e+00
9.957678961798651762e-04,9.411764705882352811e-01,3.921568627450980338e-02
9.957698961798086123e-04,8.627450980392157298e-01,-3.921568627450980338e-02
9.957718961797520484e-04,9.019607843137255054e-01,3.921568627450980338e-02
9.957738961796954846e-04,9.019607843137255054e-01,3.921568627450980338e-02
9.957758961796389207e-04,9.019607843137255054e-01,-7.843137254901960675e-02
9.957778961795823568e-04,8.235294117647058432e-01,1.176470588235294101e-01
9.957798961795257930e-04,9.019607843137255054e-01,-1.568627450980392135e-01
9.957818961794692291e-04,8.627450980392157298e-01,1.176470588235294101e-01
9.957838961794126652e-04,9.411764705882352811e-01,0.000000000000000000e+00
9.957858961793561014e-04,8.627450980392157298e-01,-3.921568627450980338e-02
9.957878961792995375e-04,8.627450980392157298e-01,7.843137254901960675e-02
9.957898961792429737e-04,9.019607843137255054e-01,-3.921568627450980338e-02
9.957918961791864098e-04,9.411764705882352811e-01,0.000000000000000000e+00
9.957938961791298459e-04,8.627450980392157298e-01,3.921568627450980338e-02
9.957958961790732821e-04,9.019607843137255054e-01,-7.843137254901960675e-02
9.957978961790167182e-04,9.019607843137255054e-01,1.176470588235294101e-01
9.957998961789601543e-04,9.411764705882352811e-01,-3.921568627450980338e-02
9.958018961789035905e-04,8.627450980392157298e-01,3.921568627450980338e-02
9.958038961788470266e-04,9.019607843137255054e-01,3.921568627450980338e-02
9.958058961787904628e-04,9.411764705882352811e-01,-3.921568627450980338e-02
9.958078961787338989e-04,9.411764705882352811e-01,3.921568627450980338e-02
9.958098961786773350e-04,8.627450980392157298e-01,-3.921568627450980338e-02
9.958118961786207712e-04,8.235294117647058432e-01,0.000000000000000000e+00
9.958138961785642073e-04,9.019607843137255054e-01,0.000000000000000000e+00
9.958158961785076434e-04,9.411764705882352811e-01,-7.843137254901960675e-02
9.958178961784510796e-04,8.235294117647058432e-01,1.176470588235294101e-01
9.958198961783945157e-04,8.627450980392157298e-01,-7.843137254901960675e-02
9.958218961783379519e-04,9.019607843137255054e-01,7.843137254901960675e-02
9.958238961782813880e-04,9.411764705882352811e-01,0.000000000000000000e+00
9.958258961782248241e-04,8.627450980392157298e-01,-3.921568627450980338e-02
9.958278961781682603e-04,9.019607843137255054e-01,1.176470588235294101e-01
9.958298961781116964e-04,9.019607843137255054e-01,-3.921568627450980338e-02
9.958318961780551325e-04,9.411764705882352811e-01,0.000000000000000000e+00
9.958338961779985687e-04,8.627450980392157298e-01,3.921568627450980338e-02
9.958358961779420048e-04,9.019607843137255054e-01,-1.568627450980392135e-01
9.958378961778854409e-04,9.019607843137255054e-01,1.176470588235294101e-01
9.958398961778288771e-04,9.411764705882352811e-01,-7.843137254901960675e-02
9.958418961777723132e-04,8.627450980392157298e-01,0.000000000000000000e+00
9.958438961777157494e-04,9.019607843137255054e-01,3.921568627450980338e-02
9.958458961776591855e-04,9.019607843137255054e-01,0.000000000000000000e+00
9.958478961776026216e-04,9.019607843137255054e-01,3.921568627450980338e-02
9.958498961775460578e-04,8.627450980392157298e-01,-3.921568627450980338e-02
9.958518961774894939e-04,9.019607843137255054e-01,0.000000000000000000e+00
9.958538961774329300e-04,9.019607843137255054e-01,3.921568627450980338e-02
9.958558961773763662e-04,9.411764705882352811e-01,-7.843137254901960675e-02
9.958578961773198023e-04,8.627450980392157298e-01,1.176470588235294101e-01
9.958598961772632385e-04,8.627450980392157298e-01,0.000000000000000000e+00
9.958618961772066746e-04,8.627450980392157298e-01,7.843137254901960675e-02
9.958638961771501107e-04,9.019607843137255054e-01,0.000000000000000000e+00
9.958658961770935469e-04,8.235294117647058432e-01,-3.921568627450980338e-02
9.958678961770369830e-04,9.019607843137255054e-01,7.843137254901960675e-02
9.958698961769804191e-04,9.019607843137255054e-01,-7.843137254901960675e-02
9.958718961769238553e-04,9.411764705882352811e-01,3.921568627450980338e-02
9.958738961768672914e-04,8.627450980392157298e-01,3.921568627450980338e-02
9.958758961768107276e-04,9.019607843137255054e-01,-7.843137254901960675e-02
9.958778961767541637e-04,9.019607843137255054e-01,1.176470588235294101e-01
9.958798961766975998e-04,9.411764705882352811e-01,-3.921568627450980338e-02
9.958818961766410360e-04,8.627450980392157298e-01,0.000000000000000000e+00
9.958838961765844721e-04,8.627450980392157298e-01,3.921568627450980338e-02
9.958858961765279082e-04,9.019607843137255054e-01,0.000000000000000000e+00
9.958878961764713444e-04,9.019607843137255054e-01,3.921568627450980338e-02
9.958898961764147805e-04,8.627450980392157298e-01,-3.921568627450980338e-02
9.958918961763582166e-04,8.627450980392157298e-01,0.000000000000000000e+00
9.958938961763016528e-04,9.019607843137255054e-01,0.000000000000000000e+00
9.958958961762450889e-04,9.411764705882352811e-01,-3.921568627450980338e-02
9.958978961761885251e-04,8.627450980392157298e-01,7.843137254901960675e-02
9.958998961761319612e-04,8.627450980392157298e-01,0.000000000000000000e+00
9.959018961760753973e-04,9.019607843137255054e-01,7.843137254901960675e-02
9.959038961760188335e-04,9.411764705882352811e-01,0.000000000000000000e+00
9.959058961759622696e-04,8.627450980392157298e-01,-3.921568627450980338e-02
9.959078961759057057e-04,9.019607843137255054e-01,7.843137254901960675e-02
9.959098961758491419e-04,9.019607843137255054e-01,-3.921568627450980338e-02
9.959118961757925780e-04,9.411764705882352811e-01,0.000000000000000000e+00
9.959138961757360142e-04,8.627450980392157298e-01,7.843137254901960675e-02
9.959158961756794503e-04,9.019607843137255054e-01,-1.568627450980392135e-01
9.959178961756228864e-04,9.019607843137255054e-01,1.176470588235294101e-01
9.959198961755663226e-04,9.411764705882352811e-01,-7.843137254901960675e-02
9.959218961755097587e-04,8.627450980392157298e-01,0.000000000000000000e+00
9.959238961754531948e-04,8.627450980392157298e-01,3.921568627450980338e-02
9.959258961753966310e-04,9.019607843137255054e-01,0.000000000000000000e+00
9.959278961753400671e-04,9.019607843137255054e-01,3.921568627450980338e-02
9.959298961752835033e-04,8.627450980392157298e-01,-3.921568627450980338e-02
9.959318961752269394e-04,9.019607843137255054e-01,0.000000000000000000e+00
9.959338961751703755e-04,9.019607843137255054e-01,0.000000000000000000e+00
9.959358961751138117e-04,9.411764705882352811e-01,-3.921568627450980338e-02
9.959378961750572478e-04,8.627450980392157298e-01,7.843137254901960675e-02
9.959398961750006839e-04,9.019607843137255054e-01,-1.568627450980392135e-01
9.959418961749441201e-04,9.019607843137255054e-01,1.176470588235294101e-01
9.959438961748875562e-04,9.411764705882352811e-01,0.000000000000000000e+00
9.959458961748309924e-04,8.627450980392157298e-01,0.000000000000000000e+00
9.959478961747744285e-04,9.019607843137255054e-01,7.843137254901960675e-02
9.959498961747178646e-04,9.019607843137255054e-01,-7.843137254901960675e-02
9.959518961746613008e-04,9.411764705882352811e-01,3.921568627450980338e-02
9.959538961746047369e-04,9.019607843137255054e-01,3.921568627450980338e-02
9.959558961745481730e-04,9.019607843137255054e-01,-1.568627450980392135e-01
9.959578961744916092e-04,9.019607843137255054e-01,1.176470588235294101e-01
9.959598961744350453e-04,9.411764705882352811e-01,-7.843137254901960675e-02
9.959618961743784814e-04,8.627450980392157298e-01,0.000000000000000000e+00
9.959638961743219176e-04,9.019607843137255054e-01,3.921568627450980338e-02
9.959658961742653537e-04,9.019607843137255054e-01,0.000000000000000000e+00
9.959678961742087899e-04,9.411764705882352811e-01,3.921568627450980338e-02
9.959698961741522260e-04,8.627450980392157298e-01,-3.921568627450980338e-02
9.959718961740956621e-04,9.019607843137255054e-01,0.000000000000000000e+00
9.959738961740390983e-04,9.019607843137255054e-01,3.921568627450980338e-02
9.959758961739825344e-04,9.411764705882352811e-01,-7.843137254901960675e-02
9.959778961739259705e-04,9.019607843137255054e-01,7.843137254901960675e-02
9.959798961738694067e-04,9.019607843137255054e-01,-3.921568627450980338e-02
9.959818961738128428e-04,9.019607843137255054e-01,7.843137254901960675e-02
9.959838961737562790e-04,9.411764705882352811e-01,3.921568627450980338e-02
9.959858961736997151e-04,8.627450980392157298e-01,0.000000000000000000e+00
9.959878961736431512e-04,8.627450980392157298e-01,1.176470588235294101e-01
9.959898961735865874e-04,9.411764705882352811e-01,-3.921568627450980338e-02
9.959918961735300235e-04,9.411764705882352811e-01,3.921568627450980338e-02
9.959938961734734596e-04,8.627450980392157298e-01,3.921568627450980338e-02
9.959958961734168958e-04,8.627450980392157298e-01,-1.568627450980392135e-01
9.959978961733603319e-04,9.019607843137255054e-01,1.176470588235294101e-01
9.959998961733037681e-04,9.411764705882352811e-01,-7.843137254901960675e-02
9.960018961732472042e-04,8.627450980392157298e-01,0.000000000000000000e+00
9.960038961731906403e-04,9.019607843137255054e-01,3.921568627450980338e-02
9.960058961731340765e-04,9.019607843137255054e-01,0.000000000000000000e+00
9.960078961730775126e-04,9.411764705882352811e-01,3.921568627450980338e-02
9.960098961730209487e-04,9.019607843137255054e-01,-3.921568627450980338e-02
9.960118961729643849e-04,9.019607843137255054e-01,0.000000000000000000e+00
9.960138961729078210e-04,9.019607843137255054e-01,0.000000000000000000e+00
9.960158961728512571e-04,9.411764705882352811e-01,-3.921568627450980338e-02
9.960178961727946933e-04,8.627450980392157298e-01,7.843137254901960675e-02
9.960198961727381294e-04,9.411764705882352811e-01,0.000000000000000000e+00
9.960218961726815656e-04,8.627450980392157298e-01,7.843137254901960675e-02
9.960238961726250017e-04,9.411764705882352811e-01,0.000000000000000000e+00
9.960258961725684378e-04,8.235294117647058432e-01,-3.921568627450980338e-02
9.960278961725118740e-04,8.627450980392157298e-01,1.176470588235294101e-01
9.960298961724553101e-04,9.019607843137255054e-01,-3.921568627450980338e-02
9.960318961723987462e-04,9.411764705882352811e-01,0.000000000000000000e+00
9.960338961723421824e-04,8.627450980392157298e-01,3.921568627450980338e-02
9.960358961722856185e-04,8.627450980392157298e-01,-1.568627450980392135e-01
9.960378961722290547e-04,9.019607843137255054e-01,1.176470588235294101e-01
9.960398961721724908e-04,9.411764705882352811e-01,-7.843137254901960675e-02
9.960418961721159269e-04,8.235294117647058432e-01,0.000000000000000000e+00
9.960438961720593631e-04,9.019607843137255054e-01,3.921568627450980338e-02
9.960458961720027992e-04,9.411764705882352811e-01,0.000000000000000000e+00
9.960478961719462353e-04,9.411764705882352811e-01,3.921568627450980338e-02
9.960498961718896715e-04,8.627450980392157298e-01,-7.843137254901960675e-02
9.960518961718331076e-04,9.019607843137255054e-01,0.000000000000000000e+00
9.960538961717765438e-04,9.019607843137255054e-01,3.921568627450980338e-02
9.960558961717199799e-04,9.411764705882352811e-01,-7.843137254901960675e-02
9.960578961716634160e-04,8.235294117647058432e-01,7.843137254901960675e-02
9.960598961716068522e-04,8.627450980392157298e-01,-1.568627450980392135e-01
9.960618961715502883e-04,8.627450980392157298e-01,7.843137254901960675e-02
9.960638961714937244e-04,9.411764705882352811e-01,3.921568627450980338e-02
9.960658961714371606e-04,8.627450980392157298e-01,-3.921568627450980338e-02
9.960678961713805967e-04,9.019607843137255054e-01,7.843137254901960675e-02
9.960698961713240328e-04,9.019607843137255054e-01,-7.843137254901960675e-02
9.960718961712674690e-04,9.411764705882352811e-01,3.921568627450980338e-02
9.960738961712109051e-04,8.627450980392157298e-01,3.921568627450980338e-02
9.960758961711543413e-04,9.019607843137255054e-01,-1.568627450980392135e-01
9.960778961710977774e-04,9.019607843137255054e-01,7.843137254901960675e-02
9.960798961710412135e-04,9.411764705882352811e-01,-7.843137254901960675e-02
9.960818961709846497e-04,8.235294117647058432e-01,0.000000000000000000e+00
9.960838961709280858e-04,9.019607843137255054e-01,3.921568627450980338e-02
9.960858961708715219e-04,9.019607843137255054e-01,0.000000000000000000e+00
9.960878961708149581e-04,9.019607843137255054e-01,7.843137254901960675e-02
9.960898961707583942e-04,8.235294117647058432e-01,-3.921568627450980338e-02
9.960918961707018304e-04,8.627450980392157298e-01,0.000000000000000000e+00
9.960938961706452665e-04,9.019607843137255054e-01,3.921568627450980338e-02
9.960958961705887026e-04,9.411764705882352811e-01,-7.843137254901960675e-02
9.960978961705321388e-04,8.235294117647058432e-01,7.843137254901960675e-02
9.960998961704755749e-04,9.411764705882352811e-01,-7.843137254901960675e-02
9.961018961704190110e-04,9.019607843137255054e-01,1.176470588235294101e-01
9.961038961703624472e-04,9.411764705882352811e-01,0.000000000000000000e+00
9.961058961703058833e-04,8.627450980392157298e-01,-7.843137254901960675e-02
9.961078961702493195e-04,9.019607843137255054e-01,3.921568627450980338e-02
9.961098961701927556e-04,9.019607843137255054e-01,-7.843137254901960675e-02
9.961118961701361917e-04,9.411764705882352811e-01,3.921568627450980338e-02
9.961138961700796279e-04,8.235294117647058432e-01,3.921568627450980338e-02
9.961158961700230640e-04,9.019607843137255054e-01,-1.568627450980392135e-01
9.961178961699665001e-04,9.019607843137255054e-01,1.176470588235294101e-01
9.961198961699099363e-04,9.411764705882352811e-01,-3.921568627450980338e-02
9.961218961698533724e-04,8.627450980392157298e-01,0.000000000000000000e+00
9.961238961697968086e-04,8.627450980392157298e-01,3.921568627450980338e-02
9.961258961697402447e-04,9.019607843137255054e-01,0.000000000000000000e+00
9.961278961696836808e-04,9.411764705882352811e-01,3.921568627450980338e-02
9.961298961696271170e-04,8.627450980392157298e-01,-3.921568627450980338e-02
9.961318961695705531e-04,8.627450980392157298e-01,3.921568627450980338e-02
9.961338961695139892e-04,9.019607843137255054e-01,3.921568627450980338e-02
9.961358961694574254e-04,9.411764705882352811e-01,-7.843137254901960675e-02
9.961378961694008615e-04,8.627450980392157298e-01,7.843137254901960675e-02
9.961398961693442976e-04,9.019607843137255054e-01,-1.568627450980392135e-01
9.961418961692877338e-04,9.019607843137255054e-01,1.176470588235294101e-01
9.961438961692311699e-04,9.411764705882352811e-01,0.000000000000000000e+00
9.961458961691746061e-04,8.627450980392157298e-01,-7.843137254901960675e-02
9.961478961691180422e-04,8.235294117647058432e-01,7.843137254901960675e-02
9.961498961690614783e-04,9.019607843137255054e-01,-3.921568627450980338e-02
9.961518961690049145e-04,9.411764705882352811e-01,3.921568627450980338e-02
9.961538961689483506e-04,8.235294117647058432e-01,3.921568627450980338e-02
9.961558961688917867e-04,9.019607843137255054e-01,-1.568627450980392135e-01
9.961578961688352229e-04,9.019607843137255054e-01,1.568627450980392135e-01
9.961598961687786590e-04,9.803921568627450567e-01,0.000000000000000000e+00
9.961618961687220952e-04,8.627450980392157298e-01,0.000000000000000000e+00
9.961638961686655313e-04,9.019607843137255054e-01,3.921568627450980338e-02
9.961658961686089674e-04,9.019607843137255054e-01,0.000000000000000000e+00
9.961678961685524036e-04,9.411764705882352811e-01,3.921568627450980338e-02
9.961698961684958397e-04,8.627450980392157298e-01,-3.921568627450980338e-02
9.961718961684392758e-04,9.411764705882352811e-01,0.000000000000000000e+00
9.961738961683827120e-04,9.019607843137255054e-01,0.000000000000000000e+00
9.961758961683261481e-04,9.411764705882352811e-01,-7.843137254901960675e-02
9.961778961682695843e-04,8.627450980392157298e-01,7.843137254901960675e-02
9.961798961682130204e-04,9.019607843137255054e-01,-1.568627450980392135e-01
9.961818961681564565e-04,9.019607843137255054e-01,7.843137254901960675e-02
9.961838961680998927e-04,9.411764705882352811e-01,3.921568627450980338e-02
9.961858961680433288e-04,8.627450980392157298e-01,-3.921568627450980338e-02
9.961878961679867649e-04,9.019607843137255054e-01,1.176470588235294101e-01
9.961898961679302011e-04,9.019607843137255054e-01,-3.921568627450980338e-02
9.961918961678736372e-04,9.411764705882352811e-01,0.000000000000000000e+00
9.961938961678170733e-04,8.627450980392157298e-01,3.921568627450980338e-02
9.961958961677605095e-04,9.019607843137255054e-01,-7.843137254901960675e-02
9.961978961677039456e-04,8.627450980392157298e-01,1.176470588235294101e-01
9.961998961676473818e-04,9.411764705882352811e-01,-3.921568627450980338e-02
9.962018961675908179e-04,8.235294117647058432e-01,3.921568627450980338e-02
9.962038961675342540e-04,8.627450980392157298e-01,3.921568627450980338e-02
9.962058961674776902e-04,9.019607843137255054e-01,0.000000000000000000e+00
9.962078961674211263e-04,9.411764705882352811e-01,3.921568627450980338e-02
9.962098961673645624e-04,9.019607843137255054e-01,-3.921568627450980338e-02
9.962118961673079986e-04,8.627450980392157298e-01,0.000000000000000000e+00
9.962138961672514347e-04,9.019607843137255054e-01,0.000000000000000000e+00
9.962158961671948709e-04,9.411764705882352811e-01,-7.843137254901960675e-02
9.962178961671383070e-04,9.019607843137255054e-01,1.176470588235294101e-01
9.962198961670817431e-04,8.627450980392157298e-01,-1.568627450980392135e-01
9.962218961670251793e-04,9.019607843137255054e-01,1.176470588235294101e-01
9.962238961669686154e-04,9.411764705882352811e-01,-3.921568627450980338e-02
9.962258961669120515e-04,8.627450980392157298e-01,-7.843137254901960675e-02
9.962278961668554877e-04,9.019607843137255054e-01,7.843137254901960675e-02
9.962298961667989238e-04,9.411764705882352811e-01,-3.921568627450980338e-02
9.962318961667423600e-04,9.411764705882352811e-01,3.921568627450980338e-02
9.962338961666857961e-04,8.627450980392157298e-01,3.921568627450980338e-02
9.962358961666292322e-04,9.019607843137255054e-01,-7.843137254901960675e-02
9.962378961665726684e-04,9.019607843137255054e-01,1.176470588235294101e-01
9.962398961665161045e-04,9.411764705882352811e-01,-7.843137254901960675e-02
9.962418961664595406e-04,8.627450980392157298e-01,3.921568627450980338e-02
9.962438961664029768e-04,9.019607843137255054e-01,7.843137254901960675e-02
9.962458961663464129e-04,9.411764705882352811e-01,0.000000000000000000e+00
9.962478961662898490e-04,9.019607843137255054e-01,3.921568627450980338e-02
9.962498961662332852e-04,8.627450980392157298e-01,-3.921568627450980338e-02
9.962518961661767213e-04,8.627450980392157298e-01,0.000000000000000000e+00
9.962538961661201575e-04,9.019607843137255054e-01,3.921568627450980338e-02
9.962558961660635936e-04,9.411764705882352811e-01,-7.843137254901960675e-02
9.962578961660070297e-04,8.627450980392157298e-01,7.843137254901960675e-02
9.962598961659504659e-04,9.019607843137255054e-01,0.000000000000000000e+00
9.962618961658939020e-04,8.627450980392157298e-01,1.176470588235294101e-01
9.962638961658373381e-04,9.411764705882352811e-01,3.921568627450980338e-02
9.962658961657807743e-04,8.235294117647058432e-01,-7.843137254901960675e-02
9.962678961657242104e-04,9.019607843137255054e-01,7.843137254901960675e-02
9.962698961656676466e-04,9.019607843137255054e-01,-3.921568627450980338e-02
9.962718961656110827e-04,9.411764705882352811e-01,3.921568627450980338e-02
9.962738961655545188e-04,8.627450980392157298e-01,0.000000000000000000e+00
9.962758961654979550e-04,9.019607843137255054e-01,-1.568627450980392135e-01
9.962778961654413911e-04,9.411764705882352811e-01,1.176470588235294101e-01
9.962798961653848272e-04,9.411764705882352811e-01,-3.921568627450980338e-02
9.962818961653282634e-04,8.627450980392157298e-01,0.000000000000000000e+00
9.962838961652716995e-04,9.019607843137255054e-01,3.921568627450980338e-02
9.962858961652151357e-04,9.019607843137255054e-01,0.000000000000000000e+00
9.962878961651585718e-04,9.411764705882352811e-01,3.921568627450980338e-02
9.962898961651020079e-04,8.627450980392157298e-01,-3.921568627450980338e-02
9.962918961650454441e-04,9.411764705882352811e-01,0.000000000000000000e+00
9.962938961649888802e-04,9.411764705882352811e-01,3.921568627450980338e-02
9.962958961649323163e-04,9.411764705882352811e-01,-3.921568627450980338e-02
9.962978961648757525e-04,8.235294117647058432e-01,7.843137254901960675e-02
9.962998961648191886e-04,9.019607843137255054e-01,-7.843137254901960675e-02
9.963018961647626247e-04,9.019607843137255054e-01,7.843137254901960675e-02
9.963038961647060609e-04,9.411764705882352811e-01,3.921568627450980338e-02
9.963058961646494970e-04,8.627450980392157298e-01,-3.921568627450980338e-02
9.963078961645929332e-04,8.627450980392157298e-01,7.843137254901960675e-02
9.963098961645363693e-04,9.019607843137255054e-01,-3.921568627450980338e-02
9.963118961644798054e-04,9.411764705882352811e-01,0.000000000000000000e+00
9.963138961644232416e-04,8.627450980392157298e-01,0.000000000000000000e+00
9.963158961643666777e-04,9.019607843137255054e-01,-1.568627450980392135e-01
9.963178961643101138e-04,9.019607843137255054e-01,1.176470588235294101e-01
9.963198961642535500e-04,9.411764705882352811e-01,-3.921568627450980338e-02
9.963218961641969861e-04,8.235294117647058432e-01,0.000000000000000000e+00
9.963238961641404223e-04,9.019607843137255054e-01,3.921568627450980338e-02
9.963258961640838584e-04,9.411764705882352811e-01,0.000000000000000000e+00
9.963278961640272945e-04,9.411764705882352811e-01,3.921568627450980338e-02
9.963298961639707307e-04,8.627450980392157298e-01,-3.921568627450980338e-02
9.963318961639141668e-04,8.627450980392157298e-01,0.000000000000000000e+00
9.963338961638576029e-04,9.019607843137255054e-01,0.000000000000000000e+00
9.963358961638010391e-04,9.411764705882352811e-01,-3.921568627450980338e-02
9.963378961637444752e-04,8.235294117647058432e-01,7.843137254901960675e-02
9.963398961636879114e-04,8.627450980392157298e-01,-1.568627450980392135e-01
9.963418961636313475e-04,9.019607843137255054e-01,1.176470588235294101e-01
9.963438961635747836e-04,9.411764705882352811e-01,0.000000000000000000e+00
9.963458961635182198e-04,8.627450980392157298e-01,-3.921568627450980338e-02
9.963478961634616559e-04,8.627450980392157298e-01,7.843137254901960675e-02
9.963498961634050920e-04,9.019607843137255054e-01,-7.843137254901960675e-02
9.963518961633485282e-04,9.019607843137255054e-01,0.000000000000000000e+00
9.963538961632919643e-04,8.627450980392157298e-01,3.921568627450980338e-02
9.963558961632354005e-04,9.019607843137255054e-01,-7.843137254901960675e-02
9.963578961631788366e-04,9.019607843137255054e-01,7.843137254901960675e-02
9.963598961631222727e-04,9.411764705882352811e-01,0.000000000000000000e+00
9.963618961630657089e-04,8.235294117647058432e-01,0.000000000000000000e+00
9.963638961630091450e-04,8.627450980392157298e-01,3.921568627450980338e-02
9.963658961629525811e-04,9.019607843137255054e-01,0.000000000000000000e+00
9.963678961628960173e-04,9.411764705882352811e-01,3.921568627450980338e-02
9.963698961628394534e-04,8.627450980392157298e-01,-3.921568627450980338e-02
9.963718961627828895e-04,8.627450980392157298e-01,0.000000000000000000e+00
9.963738961627263257e-04,9.019607843137255054e-01,3.921568627450980338e-02
9.963758961626697618e-04,9.411764705882352811e-01,-7.843137254901960675e-02
9.963778961626131980e-04,8.235294117647058432e-01,7.843137254901960675e-02
9.963798961625566341e-04,8.627450980392157298e-01,-1.568627450980392135e-01
9.963818961625000702e-04,9.019607843137255054e-01,7.843137254901960675e-02
9.963838961624435064e-04,9.411764705882352811e-01,0.000000000000000000e+00
9.963858961623869425e-04,8.627450980392157298e-01,-3.921568627450980338e-02
9.963878961623303786e-04,8.627450980392157298e-01,7.843137254901960675e-02
9.963898961622738148e-04,9.019607843137255054e-01,-3.921568627450980338e-02
9.963918961622172509e-04,9.411764705882352811e-01,3.921568627450980338e-02
9.963938961621606871e-04,8.627450980392157298e-01,3.921568627450980338e-02
9.963958961621041232e-04,9.019607843137255054e-01,-1.568627450980392135e-01
9.963978961620475593e-04,8.627450980392157298e-01,7.843137254901960675e-02
9.963998961619909955e-04,9.411764705882352811e-01,-7.843137254901960675e-02
9.964018961619344316e-04,8.235294117647058432e-01,0.000000000000000000e+00
9.964038961618778677e-04,8.627450980392157298e-01,3.921568627450980338e-02
9.964058961618213039e-04,9.411764705882352811e-01,3.921568627450980338e-02
9.964078961617647400e-04,9.411764705882352811e-01,3.921568627450980338e-02
9.964098961617081762e-04,8.627450980392157298e-01,-3.921568627450980338e-02
9.964118961616516123e-04,9.019607843137255054e-01,0.000000000000000000e+00
9.964138961615950484e-04,9.019607843137255054e-01,0.000000000000000000e+00
9.964158961615384846e-04,9.803921568627450567e-01,-7.843137254901960675e-02
9.964178961614819207e-04,8.627450980392157298e-01,1.568627450980392135e-01
9.964198961614253568e-04,8.627450980392157298e-01,0.000000000000000000e+00
9.964218961613687930e-04,9.019607843137255054e-01,1.176470588235294101e-01
9.964238961613122291e-04,9.411764705882352811e-01,3.921568627450980338e-02
9.964258961612556652e-04,8.627450980392157298e-01,-7.843137254901960675e-02
9.964278961611991014e-04,9.019607843137255054e-01,7.843137254901960675e-02
9.964298961611425375e-04,9.411764705882352811e-01,-7.843137254901960675e-02
9.964318961610859737e-04,9.411764705882352811e-01,3.921568627450980338e-02
9.964338961610294098e-04,8.235294117647058432e-01,3.921568627450980338e-02
9.964358961609728459e-04,8.627450980392157298e-01,-7.843137254901960675e-02
9.964378961609162821e-04,9.411764705882352811e-01,1.176470588235294101e-01
9.964398961608597182e-04,9.411764705882352811e-01,-3.921568627450980338e-02
9.964418961608031543e-04,8.235294117647058432e-01,0.000000000000000000e+00
9.964438961607465905e-04,9.019607843137255054e-01,3.921568627450980338e-02
9.964458961606900266e-04,9.411764705882352811e-01,0.000000000000000000e+00
9.964478961606334628e-04,9.411764705882352811e-01,3.921568627450980338e-02
9.964498961605768989e-04,8.627450980392157298e-01,-3.921568627450980338e-02
9.964518961605203350e-04,8.235294117647058432e-01,0.000000000000000000e+00
9.964538961604637712e-04,9.019607843137255054e-01,3.921568627450980338e-02
9.964558961604072073e-04,9.019607843137255054e-01,-3.921568627450980338e-02
9.964578961603506434e-04,8.627450980392157298e-01,7.843137254901960675e-02
9.964598961602940796e-04,9.411764705882352811e-01,-7.843137254901960675e-02
9.964618961602375157e-04,9.411764705882352811e-01,1.176470588235294101e-01
9.964638961601809519e-04,9.411764705882352811e-01,0.000000000000000000e+00
9.964658961601243880e-04,8.627450980392157298e-01,-7.843137254901960675e-02
9.964678961600678241e-04,8.235294117647058432e-01,7.843137254901960675e-02
9.964698961600112603e-04,9.019607843137255054e-01,-3.921568627450980338e-02
9.964718961599546964e-04,9.411764705882352811e-01,0.000000000000000000e+00
9.964738961598981325e-04,8.627450980392157298e-01,3.921568627450980338e-02
9.964758961598415687e-04,8.627450980392157298e-01,-1.568627450980392135e-01
9.964778961597850048e-04,9.019607843137255054e-01,1.176470588235294101e-01
9.964798961597284409e-04,9.411764705882352811e-01,-7.843137254901960675e-02
9.964818961596718771e-04,8.627450980392157298e-01,0.000000000000000000e+00
9.964838961596153132e-04,8.627450980392157298e-01,3.921568627450980338e-02
9.964858961595587494e-04,9.019607843137255054e-01,3.921568627450980338e-02
9.964878961595021855e-04,9.411764705882352811e-01,7.843137254901960675e-02
9.964898961594456216e-04,8.627450980392157298e-01,-3.921568627450980338e-02
9.964918961593890578e-04,8.627450980392157298e-01,0.000000000000000000e+00
9.964938961593324939e-04,9.411764705882352811e-01,3.921568627450980338e-02
9.964958961592759300e-04,9.411764705882352811e-01,-3.921568627450980338e-02
9.964978961592193662e-04,8.235294117647058432e-01,7.843137254901960675e-02
9.964998961591628023e-04,9.411764705882352811e-01,-1.568627450980392135e-01
9.965018961591062385e-04,9.411764705882352811e-01,3.921568627450980338e-02
9.965038961590496746e-04,9.411764705882352811e-01,0.000000000000000000e+00
9.965058961589931107e-04,8.627450980392157298e-01,-7.843137254901960675e-02
9.965078961589365469e-04,9.019607843137255054e-01,7.843137254901960675e-02
9.965098961588799830e-04,9.019607843137255054e-01,-3.921568627450980338e-02
9.965118961588234191e-04,9.411764705882352811e-01,-3.921568627450980338e-02
9.965138961587668553e-04,8.627450980392157298e-01,3.921568627450980338e-02
9.965158961587102914e-04,9.019607843137255054e-01,-1.568627450980392135e-01
9.965178961586537276e-04,9.019607843137255054e-01,1.176470588235294101e-01
9.965198961585971637e-04,9.411764705882352811e-01,-3.921568627450980338e-02
9.965218961585405998e-04,8.627450980392157298e-01,0.000000000000000000e+00
9.965238961584840360e-04,9.019607843137255054e-01,3.921568627450980338e-02
9.965258961584274721e-04,9.019607843137255054e-01,0.000000000000000000e+00
9.965278961583709082e-04,9.411764705882352811e-01,3.921568627450980338e-02
9.965298961583143444e-04,8.235294117647058432e-01,-7.843137254901960675e-02
9.965318961582577805e-04,9.019607843137255054e-01,3.921568627450980338e-02
9.965338961582012167e-04,9.019607843137255054e-01,3.921568627450980338e-02
9.965358961581446528e-04,9.411764705882352811e-01,-3.921568627450980338e-02
9.965378961580880889e-04,8.235294117647058432e-01,7.843137254901960675e-02
9.965398961580315251e-04,9.019607843137255054e-01,-1.568627450980392135e-01
9.965418961579749612e-04,9.019607843137255054e-01,1.176470588235294101e-01
9.965438961579183973e-04,9.411764705882352811e-01,3.921568627450980338e-02
9.965458961578618335e-04,8.627450980392157298e-01,-3.921568627450980338e-02
9.965478961578052696e-04,8.235294117647058432e-01,7.843137254901960675e-02
9.965498961577487057e-04,9.019607843137255054e-01,-3.921568627450980338e-02
9.965518961576921419e-04,9.411764705882352811e-01,0.000000000000000000e+00
9.965538961576355780e-04,8.627450980392157298e-01,7.843137254901960675e-02
9.965558961575790142e-04,9.019607843137255054e-01,-1.568627450980392135e-01
9.965578961575224503e-04,9.019607843137255054e-01,1.176470588235294101e-01
9.965598961574658864e-04,9.411764705882352811e-01,-3.921568627450980338e-02
9.965618961574093226e-04,8.627450980392157298e-01,0.000000000000000000e+00
9.965638961573527587e-04,9.019607843137255054e-01,3.921568627450980338e-02
9.965658961572961948e-04,9.019607843137255054e-01,0.000000000000000000e+00
9.965678961572396310e-04,9.411764705882352811e-01,3.921568627450980338e-02
9.965698961571830671e-04,8.627450980392157298e-01,-7.843137254901960675e-02
9.965718961571265033e-04,9.019607843137255054e-01,0.000000000000000000e+00
9.965738961570699394e-04,9.411764705882352811e-01,3.921568627450980338e-02
9.965758961570133755e-04,9.411764705882352811e-01,-7.843137254901960675e-02
9.965778961569568117e-04,8.235294117647058432e-01,7.843137254901960675e-02
9.965798961569002478e-04,8.627450980392157298e-01,0.000000000000000000e+00
9.965818961568436839e-04,8.627450980392157298e-01,1.176470588235294101e-01
9.965838961567871201e-04,9.411764705882352811e-01,3.921568627450980338e-02
9.965858961567305562e-04,8.627450980392157298e-01,-7.843137254901960675e-02
9.965878961566739924e-04,8.627450980392157298e-01,7.843137254901960675e-02
9.965898961566174285e-04,9.019607843137255054e-01,-7.843137254901960675e-02
9.965918961565608646e-04,9.411764705882352811e-01,0.000000000000000000e+00
9.965938961565043008e-04,8.627450980392157298e-01,3.921568627450980338e-02
9.965958961564477369e-04,9.019607843137255054e-01,-1.568627450980392135e-01
9.965978961563911730e-04,9.019607843137255054e-01,1.176470588235294101e-01
9.965998961563346092e-04,9.411764705882352811e-01,-3.921568627450980338e-02
9.966018961562780453e-04,8.627450980392157298e-01,3.921568627450980338e-02
9.966038961562214814e-04,8.627450980392157298e-01,3.921568627450980338e-02
9.966058961561649176e-04,9.019607843137255054e-01,0.000000000000000000e+00
9.966078961561083537e-04,9.019607843137255054e-01,3.921568627450980338e-02
9.966098961560517899e-04,8.235294117647058432e-01,-7.843137254901960675e-02
9.966118961559952260e-04,9.019607843137255054e-01,0.000000000000000000e+00
9.966138961559386621e-04,9.019607843137255054e-01,0.000000000000000000e+00
9.966158961558820983e-04,9.019607843137255054e-01,-3.921568627450980338e-02
9.966178961558255344e-04,8.235294117647058432e-01,7.843137254901960675e-02
9.966198961557689705e-04,8.627450980392157298e-01,0.000000000000000000e+00
9.966218961557124067e-04,8.627450980392157298e-01,1.176470588235294101e-01
9.966238961556558428e-04,9.411764705882352811e-01,0.000000000000000000e+00
9.966258961555992790e-04,8.627450980392157298e-01,-7.843137254901960675e-02
9.966278961555427151e-04,8.627450980392157298e-01,7.843137254901960675e-02
9.966298961554861512e-04,9.411764705882352811e-01,-7.843137254901960675e-02
9.966318961554295874e-04,9.411764705882352811e-01,0.000000000000000000e+00
9.966338961553730235e-04,8.627450980392157298e-01,7.843137254901960675e-02
9.966358961553164596e-04,9.019607843137255054e-01,-1.568627450980392135e-01
9.966378961552598958e-04,8.627450980392157298e-01,1.176470588235294101e-01
9.966398961552033319e-04,9.411764705882352811e-01,-3.921568627450980338e-02
9.966418961551467681e-04,8.627450980392157298e-01,0.000000000000000000e+00
9.966438961550902042e-04,9.019607843137255054e-01,3.921568627450980338e-02
9.966458961550336403e-04,9.411764705882352811e-01,0.000000000000000000e+00
9.966478961549770765e-04,9.411764705882352811e-01,3.921568627450980338e-02
9.966498961549205126e-04,8.627450980392157298e-01,-3.921568627450980338e-02
9.966518961548639487e-04,8.627450980392157298e-01,0.000000000000000000e+00
9.966538961548073849e-04,9.019607843137255054e-01,3.921568627450980338e-02
9.966558961547508210e-04,9.411764705882352811e-01,-7.843137254901960675e-02
9.966578961546942571e-04,8.627450980392157298e-01,7.843137254901960675e-02
9.966598961546376933e-04,8.627450980392157298e-01,-1.568627450980392135e-01
9.966618961545811294e-04,9.019607843137255054e-01,1.176470588235294101e-01
9.966638961545245656e-04,9.411764705882352811e-01,0.000000000000000000e+00
9.966658961544680017e-04,8.627450980392157298e-01,-3.921568627450980338e-02
9.966678961544114378e-04,9.019607843137255054e-01,7.843137254901960675e-02
9.966698961543548740e-04,9.411764705882352811e-01,-7.843137254901960675e-02
9.966718961542983101e-04,9.411764705882352811e-01,0.000000000000000000e+00
9.966738961542417462e-04,8.627450980392157298e-01,3.921568627450980338e-02
9.966758961541851824e-04,9.019607843137255054e-01,-1.568627450980392135e-01
9.966778961541286185e-04,9.019607843137255054e-01,1.176470588235294101e-01
9.966798961540720547e-04,9.411764705882352811e-01,-3.921568627450980338e-02
9.966818961540154908e-04,8.627450980392157298e-01,0.000000000000000000e+00
9.966838961539589269e-04,9.019607843137255054e-01,3.921568627450980338e-02
9.966858961539023631e-04,9.411764705882352811e-01,0.000000000000000000e+00
9.966878961538457992e-04,9.803921568627450567e-01,3.921568627450980338e-02
9.966898961537892353e-04,8.627450980392157298e-01,-3.921568627450980338e-02
9.966918961537326715e-04,8.627450980392157298e-01,0.000000000000000000e+00
9.966938961536761076e-04,9.019607843137255054e-01,3.921568627450980338e-02
9.966958961536195438e-04,9.411764705882352811e-01,-7.843137254901960675e-02
9.966978961535629799e-04,8.627450980392157298e-01,1.176470588235294101e-01
9.966998961535064160e-04,9.019607843137255054e-01,-1.568627450980392135e-01
9.967018961534498522e-04,9.019607843137255054e-01,7.843137254901960675e-02
9.967038961533932883e-04,9.411764705882352811e-01,3.921568627450980338e-02
9.967058961533367244e-04,8.627450980392157298e-01,-3.921568627450980338e-02
9.967078961532801606e-04,8.235294117647058432e-01,3.921568627450980338e-02
9.967098961532235967e-04,9.019607843137255054e-01,-3.921568627450980338e-02
9.967118961531670328e-04,9.411764705882352811e-01,0.000000000000000000e+00
9.967138961531104690e-04,8.235294117647058432e-01,3.921568627450980338e-02
9.967158961530539051e-04,9.411764705882352811e-01,-1.568627450980392135e-01
9.967178961529973413e-04,9.411764705882352811e-01,7.843137254901960675e-02
9.967198961529407774e-04,9.411764705882352811e-01,-3.921568627450980338e-02
9.967218961528842135e-04,8.235294117647058432e-01,0.000000000000000000e+00
9.967238961528276497e-04,9.019607843137255054e-01,3.921568627450980338e-02
9.967258961527710858e-04,9.019607843137255054e-01,0.000000000000000000e+00
9.967278961527145219e-04,9.411764705882352811e-01,3.921568627450980338e-02
9.967298961526579581e-04,8.627450980392157298e-01,-3.921568627450980338e-02
9.967318961526013942e-04,9.019607843137255054e-01,0.000000000000000000e+00
9.967338961525448304e-04,9.019607843137255054e-01,0.000000000000000000e+00
9.967358961524882665e-04,9.411764705882352811e-01,-7.843137254901960675e-02
9.967378961524317026e-04,8.235294117647058432e-01,7.843137254901960675e-02
9.967398961523751388e-04,9.019607843137255054e-01,-7.843137254901960675e-02
9.967418961523185749e-04,8.627450980392157298e-01,1.176470588235294101e-01
9.967438961522620110e-04,9.019607843137255054e-01,3.921568627450980338e-02
9.967458961522054472e-04,8.627450980392157298e-01,-3.921568627450980338e-02
9.967478961521488833e-04,9.019607843137255054e-01,7.843137254901960675e-02
9.967498961520923195e-04,9.019607843137255054e-01,-1.568627450980392135e-01
9.967518961520357556e-04,9.411764705882352811e-01,0.000000000000000000e+00
9.967538961519791917e-04,8.627450980392157298e-01,3.921568627450980338e-02
9.967558961519226279e-04,9.019607843137255054e-01,-1.568627450980392135e-01
9.967578961518660640e-04,9.019607843137255054e-01,7.843137254901960675e-02
9.967598961518095001e-04,9.411764705882352811e-01,-3.921568627450980338e-02
9.967618961517529363e-04,8.627450980392157298e-01,0.000000000000000000e+00
9.967638961516963724e-04,9.019607843137255054e-01,3.921568627450980338e-02
9.967658961516398086e-04,9.019607843137255054e-01,0.000000000000000000e+00
9.967678961515832447e-04,9.411764705882352811e-01,3.921568627450980338e-02
9.967698961515266808e-04,8.627450980392157298e-01,-7.843137254901960675e-02
9.967718961514701170e-04,9.019607843137255054e-01,0.000000000000000000e+00
9.967738961514135531e-04,9.019607843137255054e-01,0.000000000000000000e+00
9.967758961513569892e-04,9.411764705882352811e-01,-7.843137254901960675e-02
9.967778961513004254e-04,8.235294117647058432e-01,7.843137254901960675e-02
9.967798961512438615e-04,8.627450980392157298e-01,0.000000000000000000e+00
9.967818961511872976e-04,8.627450980392157298e-01,1.176470588235294101e-01
9.967838961511307338e-04,9.803921568627450567e-01,0.000000000000000000e+00
9.967858961510741699e-04,8.627450980392157298e-01,-3.921568627450980338e-02
9.967878961510176061e-04,9.019607843137255054e-01,7.843137254901960675e-02
9.967898961509610422e-04,9.411764705882352811e-01,-3.921568627450980338e-02
9.967918961509044783e-04,9.411764705882352811e-01,0.000000000000000000e+00
9.967938961508479145e-04,8.627450980392157298e-01,3.921568627450980338e-02
9.967958961507913506e-04,9.019607843137255054e-01,-1.568627450980392135e-01
9.967978961507347867e-04,9.019607843137255054e-01,7.843137254901960675e-02
9.967998961506782229e-04,9.411764705882352811e-01,-3.921568627450980338e-02
9.968018961506216590e-04,8.627450980392157298e-01,3.921568627450980338e-02
9.968038961505650952e-04,9.019607843137255054e-01,3.921568627450980338e-02
9.968058961505085313e-04,9.019607843137255054e-01,3.921568627450980338e-02
9.968078961504519674e-04,9.019607843137255054e-01,7.843137254901960675e-02
9.968098961503954036e-04,8.627450980392157298e-01,-7.843137254901960675e-02
9.968118961503388397e-04,9.019607843137255054e-01,0.000000000000000000e+00
9.968138961502822758e-04,9.019607843137255054e-01,0.000000000000000000e+00
9.968158961502257120e-04,9.411764705882352811e-01,-3.921568627450980338e-02
9.968178961501691481e-04,8.235294117647058432e-01,1.568627450980392135e-01
9.968198961501125843e-04,9.019607843137255054e-01,0.000000000000000000e+00
9.968218961500560204e-04,9.019607843137255054e-01,7.843137254901960675e-02
9.968238961499994565e-04,9.411764705882352811e-01,0.000000000000000000e+00
9.968258961499428927e-04,8.627450980392157298e-01,-7.843137254901960675e-02
9.968278961498863288e-04,8.627450980392157298e-01,7.843137254901960675e-02
9.968298961498297649e-04,9.411764705882352811e-01,-7.843137254901960675e-02
9.968318961497732011e-04,9.411764705882352811e-01,3.921568627450980338e-02
9.968338961497166372e-04,8.627450980392157298e-01,7.843137254901960675e-02
9.968358961496600733e-04,9.019607843137255054e-01,-1.568627450980392135e-01
9.968378961496035095e-04,9.019607843137255054e-01,1.176470588235294101e-01
9.968398961495469456e-04,9.411764705882352811e-01,-3.921568627450980338e-02
9.968418961494903818e-04,8.627450980392157298e-01,0.000000000000000000e+00
9.968438961494338179e-04,9.019607843137255054e-01,0.000000000000000000e+00
9.968458961493772540e-04,9.019607843137255054e-01,3.921568627450980338e-02
9.968478961493206902e-04,9.019607843137255054e-01,3.921568627450980338e-02
9.968498961492641263e-04,8.627450980392157298e-01,-3.921568627450980338e-02
9.968518961492075624e-04,8.627450980392157298e-01,7.843137254901960675e-02
9.968538961491509986e-04,9.019607843137255054e-01,3.921568627450980338e-02
9.968558961490944347e-04,9.411764705882352811e-01,-3.921568627450980338e-02
9.968578961490378709e-04,8.627450980392157298e-01,1.176470588235294101e-01
9.968598961489813070e-04,9.411764705882352811e-01,0.000000000000000000e+00
9.968618961489247431e-04,8.627450980392157298e-01,1.176470588235294101e-01
9.968638961488681793e-04,9.411764705882352811e-01,3.921568627450980338e-02
9.968658961488116154e-04,8.235294117647058432e-01,-7.843137254901960675e-02
9.968678961487550515e-04,8.627450980392157298e-01,1.176470588235294101e-01
9.968698961486984877e-04,9.019607843137255054e-01,-3.921568627450980338e-02
9.968718961486419238e-04,9.411764705882352811e-01,0.000000000000000000e+00
9.968738961485853600e-04,8.627450980392157298e-01,3.921568627450980338e-02
9.968758961485287961e-04,9.019607843137255054e-01,-1.568627450980392135e-01
9.968778961484722322e-04,9.019607843137255054e-01,7.843137254901960675e-02
9.968798961484156684e-04,9.411764705882352811e-01,-7.843137254901960675e-02
9.968818961483591045e-04,8.627450980392157298e-01,3.921568627450980338e-02
9.968838961483025406e-04,9.019607843137255054e-01,3.921568627450980338e-02
9.968858961482459768e-04,9.019607843137255054e-01,3.921568627450980338e-02
9.968878961481894129e-04,9.411764705882352811e-01,3.921568627450980338e-02
9.968898961481328490e-04,8.627450980392157298e-01,-3.921568627450980338e-02
9.968918961480762852e-04,8.235294117647058432e-01,0.000000000000000000e+00
9.968938961480197213e-04,9.019607843137255054e-01,0.000000000000000000e+00
9.968958961479631575e-04,9.411764705882352811e-01,-7.843137254901960675e-02
9.968978961479065936e-04,8.627450980392157298e-01,7.843137254901960675e-02
9.968998961478500297e-04,9.411764705882352811e-01,-1.568627450980392135e-01
9.969018961477934659e-04,9.019607843137255054e-01,7.843137254901960675e-02
9.969038961477369020e-04,9.411764705882352811e-01,0.000000000000000000e+00
9.969058961476803381e-04,8.627450980392157298e-01,-7.843137254901960675e-02
9.969078961476237743e-04,8.627450980392157298e-01,7.843137254901960675e-02
9.969098961475672104e-04,9.019607843137255054e-01,-3.921568627450980338e-02
9.969118961475106466e-04,9.411764705882352811e-01,0.000000000000000000e+00
9.969138961474540827e-04,8.627450980392157298e-01,3.921568627450980338e-02
9.969158961473975188e-04,9.019607843137255054e-01,-7.843137254901960675e-02
9.969178961473409550e-04,9.019607843137255054e-01,1.176470588235294101e-01
9.969198961472843911e-04,9.411764705882352811e-01,-3.921568627450980338e-02
9.969218961472278272e-04,8.235294117647058432e-01,3.921568627450980338e-02
9.969238961471712634e-04,9.019607843137255054e-01,3.921568627450980338e-02
9.969258961471146995e-04,9.019607843137255054e-01,0.000000000000000000e+00
9.969278961470581357e-04,9.411764705882352811e-01,3.921568627450980338e-02
9.969298961470015718e-04,8.627450980392157298e-01,-3.921568627450980338e-02
9.969318961469450079e-04,8.627450980392157298e-01,0.000000000000000000e+00
9.969338961468884441e-04,9.019607843137255054e-01,0.000000000000000000e+00
9.969358961468318802e-04,9.411764705882352811e-01,-7.843137254901960675e-02
9.969378961467753163e-04,8.627450980392157298e-01,7.843137254901960675e-02
9.969398961467187525e-04,9.019607843137255054e-01,-7.843137254901960675e-02
9.969418961466621886e-04,9.019607843137255054e-01,7.843137254901960675e-02
9.969438961466056248e-04,9.411764705882352811e-01,3.921568627450980338e-02
9.969458961465490609e-04,8.627450980392157298e-01,-3.921568627450980338e-02
9.969478961464924970e-04,8.627450980392157298e-01,7.843137254901960675e-02
9.969498961464359332e-04,9.019607843137255054e-01,-3.921568627450980338e-02
9.969518961463793693e-04,9.019607843137255054e-01,3.921568627450980338e-02
9.969538961463228054e-04,8.627450980392157298e-01,3.921568627450980338e-02
9.969558961462662416e-04,9.019607843137255054e-01,0.000000000000000000e+00
9.969578961462096777e-04,8.627450980392157298e-01,7.843137254901960675e-02
9.969598961461531138e-04,9.411764705882352811e-01,-7.843137254901960675e-02
9.969618961460965500e-04,8.627450980392157298e-01,0.000000000000000000e+00
9.969638961460399861e-04,9.019607843137255054e-01,3.921568627450980338e-02
9.969658961459834223e-04,9.411764705882352811e-01,0.000000000000000000e+00
9.969678961459268584e-04,9.411764705882352811e-01,7.843137254901960675e-02
9.969698961458702945e-04,8.627450980392157298e-01,-3.921568627450980338e-02
9.969718961458137307e-04,9.019607843137255054e-01,0.000000000000000000e+00
9.969738961457571668e-04,9.019607843137255054e-01,0.000000000000000000e+00
9.969758961457006029e-04,9.411764705882352811e-01,-7.843137254901960675e-02
9.969778961456440391e-04,8.627450980392157298e-01,7.843137254901960675e-02
9.969798961455874752e-04,9.019607843137255054e-01,0.000000000000000000e+00
9.969818961455309114e-04,9.019607843137255054e-01,1.176470588235294101e-01
9.969838961454743475e-04,9.411764705882352811e-01,0.000000000000000000e+00
9.969858961454177836e-04,9.019607843137255054e-01,-3.921568627450980338e-02
9.969878961453612198e-04,9.019607843137255054e-01,7.843137254901960675e-02
9.969898961453046559e-04,9.411764705882352811e-01,-3.921568627450980338e-02
9.969918961452480920e-04,9.411764705882352811e-01,0.000000000000000000e+00
9.969938961451915282e-04,8.627450980392157298e-01,3.921568627450980338e-02
9.969958961451349643e-04,9.019607843137255054e-01,-1.568627450980392135e-01
9.969978961450784005e-04,9.019607843137255054e-01,1.176470588235294101e-01
9.969998961450218366e-04,9.411764705882352811e-01,-7.843137254901960675e-02
9.970018961449652727e-04,8.235294117647058432e-01,0.000000000000000000e+00
9.970038961449087089e-04,8.627450980392157298e-01,3.921568627450980338e-02
9.970058961448521450e-04,9.411764705882352811e-01,0.000000000000000000e+00
9.970078961447955811e-04,9.411764705882352811e-01,3.921568627450980338e-02
9.970098961447390173e-04,8.627450980392157298e-01,-3.921568627450980338e-02
9.970118961446824534e-04,8.235294117647058432e-01,3.921568627450980338e-02
9.970138961446258895e-04,9.019607843137255054e-01,0.000000000000000000e+00
9.970158961445693257e-04,9.411764705882352811e-01,-7.843137254901960675e-02
9.970178961445127618e-04,8.627450980392157298e-01,7.843137254901960675e-02
9.970198961444561980e-04,9.019607843137255054e-01,-7.843137254901960675e-02
9.970218961443996341e-04,9.019607843137255054e-01,7.843137254901960675e-02
9.970238961443430702e-04,9.411764705882352811e-01,3.921568627450980338e-02
9.970258961442865064e-04,8.235294117647058432e-01,-3.921568627450980338e-02
9.970278961442299425e-04,9.019607843137255054e-01,7.843137254901960675e-02
9.970298961441733786e-04,8.627450980392157298e-01,-3.921568627450980338e-02
9.970318961441168148e-04,9.411764705882352811e-01,3.921568627450980338e-02
9.970338961440602509e-04,8.627450980392157298e-01,7.843137254901960675e-02
9.970358961440036871e-04,9.019607843137255054e-01,-1.568627450980392135e-01
9.970378961439471232e-04,9.019607843137255054e-01,1.176470588235294101e-01
9.970398961438905593e-04,9.411764705882352811e-01,-3.921568627450980338e-02
9.970418961438339955e-04,8.235294117647058432e-01,3.921568627450980338e-02
9.970438961437774316e-04,9.019607843137255054e-01,3.921568627450980338e-02
9.970458961437208677e-04,9.411764705882352811e-01,0.000000000000000000e+00
9.970478961436643039e-04,9.411764705882352811e-01,3.921568627450980338e-02
9.970498961436077400e-04,8.627450980392157298e-01,-3.921568627450980338e-02
9.970518961435511762e-04,8.627450980392157298e-01,0.000000000000000000e+00
9.970538961434946123e-04,9.019607843137255054e-01,0.000000000000000000e+00
9.970558961434380484e-04,9.411764705882352811e-01,-3.921568627450980338e-02
9.970578961433814846e-04,8.235294117647058432e-01,7.843137254901960675e-02
9.970598961433249207e-04,9.019607843137255054e-01,-7.843137254901960675e-02
9.970618961432683568e-04,8.627450980392157298e-01,7.843137254901960675e-02
9.970638961432117930e-04,9.411764705882352811e-01,3.921568627450980338e-02
9.970658961431552291e-04,8.627450980392157298e-01,-3.921568627450980338e-02
9.970678961430986652e-04,8.627450980392157298e-01,7.843137254901960675e-02
9.970698961430421014e-04,8.627450980392157298e-01,-3.921568627450980338e-02
9.970718961429855375e-04,9.411764705882352811e-01,0.000000000000000000e+00
9.970738961429289737e-04,8.627450980392157298e-01,3.921568627450980338e-02
9.970758961428724098e-04,9.019607843137255054e-01,-1.568627450980392135e-01
9.970778961428158459e-04,9.411764705882352811e-01,7.843137254901960675e-02
9.970798961427592821e-04,9.411764705882352811e-01,-3.921568627450980338e-02
9.970818961427027182e-04,8.235294117647058432e-01,3.921568627450980338e-02
9.970838961426461543e-04,9.019607843137255054e-01,3.921568627450980338e-02
9.970858961425895905e-04,9.019607843137255054e-01,0.000000000000000000e+00
9.970878961425330266e-04,9.411764705882352811e-01,3.921568627450980338e-02
9.970898961424764628e-04,8.627450980392157298e-01,-3.921568627450980338e-02
9.970918961424198989e-04,9.019607843137255054e-01,0.000000000000000000e+00
9.970938961423633350e-04,9.019607843137255054e-01,3.921568627450980338e-02
9.970958961423067712e-04,9.803921568627450567e-01,-3.921568627450980338e-02
9.970978961422502073e-04,8.235294117647058432e-01,7.843137254901960675e-02
9.970998961421936434e-04,9.019607843137255054e-01,-1.568627450980392135e-01
9.971018961421370796e-04,8.627450980392157298e-01,1.176470588235294101e-01
9.971038961420805157e-04,9.411764705882352811e-01,0.000000000000000000e+00
9.971058961420239519e-04,8.627450980392157298e-01,-3.921568627450980338e-02
9.971078961419673880e-04,9.019607843137255054e-01,7.843137254901960675e-02
9.971098961419108241e-04,9.411764705882352811e-01,-7.843137254901960675e-02
9.971118961418542603e-04,9.411764705882352811e-01,0.000000000000000000e+00
9.971138961417976964e-04,8.235294117647058432e-01,3.921568627450980338e-02
9.971158961417411325e-04,9.019607843137255054e-01,-1.568627450980392135e-01
9.971178961416845687e-04,9.019607843137255054e-01,1.176470588235294101e-01
9.971198961416280048e-04,9.411764705882352811e-01,-3.921568627450980338e-02
9.971218961415714409e-04,8.235294117647058432e-01,0.000000000000000000e+00
9.971238961415148771e-04,8.235294117647058432e-01,3.921568627450980338e-02
9.971258961414583132e-04,9.019607843137255054e-01,0.000000000000000000e+00
9.971278961414017494e-04,9.411764705882352811e-01,3.921568627450980338e-02
9.971298961413451855e-04,8.627450980392157298e-01,-3.921568627450980338e-02
9.971318961412886216e-04,8.627450980392157298e-01,0.000000000000000000e+00
9.971338961412320578e-04,9.019607843137255054e-01,3.921568627450980338e-02
9.971358961411754939e-04,9.411764705882352811e-01,-7.843137254901960675e-02
9.971378961411189300e-04,8.235294117647058432e-01,7.843137254901960675e-02
9.971398961410623662e-04,9.019607843137255054e-01,-7.843137254901960675e-02
9.971418961410058023e-04,9.019607843137255054e-01,7.843137254901960675e-02
9.971438961409492385e-04,9.411764705882352811e-01,0.000000000000000000e+00
9.971458961408926746e-04,8.627450980392157298e-01,-7.843137254901960675e-02
9.971478961408361107e-04,9.019607843137255054e-01,7.843137254901960675e-02
9.971498961407795469e-04,9.019607843137255054e-01,-1.568627450980392135e-01
9.971518961407229830e-04,9.411764705882352811e-01,0.000000000000000000e+00
9.971538961406664191e-04,8.627450980392157298e-01,3.921568627450980338e-02
9.971558961406098553e-04,9.411764705882352811e-01,-7.843137254901960675e-02
9.971578961405532914e-04,9.019607843137255054e-01,1.568627450980392135e-01
9.971598961404967276e-04,9.411764705882352811e-01,-7.843137254901960675e-02
9.971618961404401637e-04,8.627450980392157298e-01,0.000000000000000000e+00
9.971638961403835998e-04,9.019607843137255054e-01,3.921568627450980338e-02
9.971658961403270360e-04,9.411764705882352811e-01,0.000000000000000000e+00
9.971678961402704721e-04,9.411764705882352811e-01,3.921568627450980338e-02
9.971698961402139082e-04,8.627450980392157298e-01,-3.921568627450980338e-02
9.971718961401573444e-04,8.627450980392157298e-01,0.000000000000000000e+00
9.971738961401007805e-04,9.019607843137255054e-01,3.921568627450980338e-02
9.971758961400442167e-04,9.411764705882352811e-01,-7.843137254901960675e-02
9.971778961399876528e-04,8.235294117647058432e-01,7.843137254901960675e-02
9.971798961399310889e-04,9.019607843137255054e-01,-1.568627450980392135e-01
9.971818961398745251e-04,8.627450980392157298e-01,1.176470588235294101e-01
9.971838961398179612e-04,9.411764705882352811e-01,3.921568627450980338e-02
9.971858961397613973e-04,8.627450980392157298e-01,-7.843137254901960675e-02
9.971878961397048335e-04,8.627450980392157298e-01,7.843137254901960675e-02
9.971898961396482696e-04,9.019607843137255054e-01,-3.921568627450980338e-02
9.971918961395917057e-04,9.019607843137255054e-01,3.921568627450980338e-02
9.971938961395351419e-04,9.019607843137255054e-01,3.921568627450980338e-02
9.971958961394785780e-04,9.411764705882352811e-01,-7.843137254901960675e-02
9.971978961394220142e-04,9.019607843137255054e-01,7.843137254901960675e-02
9.971998961393654503e-04,9.411764705882352811e-01,-3.921568627450980338e-02
9.972018961393088864e-04,8.235294117647058432e-01,3.921568627450980338e-02
9.972038961392523226e-04,9.019607843137255054e-01,3.921568627450980338e-02
9.972058961391957587e-04,9.019607843137255054e-01,0.000000000000000000e+00
9.972078961391391948e-04,9.019607843137255054e-01,3.921568627450980338e-02
9.972098961390826310e-04,8.627450980392157298e-01,-3.921568627450980338e-02
9.972118961390260671e-04,9.019607843137255054e-01,0.000000000000000000e+00
9.972138961389695033e-04,9.019607843137255054e-01,0.000000000000000000e+00
9.972158961389129394e-04,9.411764705882352811e-01,-7.843137254901960675e-02
9.972178961388563755e-04,8.627450980392157298e-01,1.176470588235294101e-01
9.972198961387998117e-04,9.019607843137255054e-01,-7.843137254901960675e-02
9.972218961387432478e-04,9.019607843137255054e-01,7.843137254901960675e-02
9.972238961386866839e-04,9.411764705882352811e-01,3.921568627450980338e-02
9.972258961386301201e-04,8.627450980392157298e-01,-7.843137254901960675e-02
9.972278961385735562e-04,8.627450980392157298e-01,7.843137254901960675e-02
9.972298961385169924e-04,9.019607843137255054e-01,-3.921568627450980338e-02
9.972318961384604285e-04,9.411764705882352811e-01,0.000000000000000000e+00
9.972338961384038646e-04,9.019607843137255054e-01,3.921568627450980338e-02
9.972358961383473008e-04,9.411764705882352811e-01,0.000000000000000000e+00
9.972378961382907369e-04,8.627450980392157298e-01,1.176470588235294101e-01
9.972398961382341730e-04,9.411764705882352811e-01,-3.921568627450980338e-02
9.972418961381776092e-04,8.627450980392157298e-01,3.921568627450980338e-02
9.972438961381210453e-04,9.019607843137255054e-01,7.843137254901960675e-02
9.972458961380644814e-04,9.019607843137255054e-01,0.000000000000000000e+00
9.972478961380079176e-04,9.411764705882352811e-01,3.921568627450980338e-02
9.972498961379513537e-04,8.627450980392157298e-01,-7.843137254901960675e-02
9.972518961378947899e-04,9.411764705882352811e-01,0.000000000000000000e+00
9.972538961378382260e-04,8.627450980392157298e-01,0.000000000000000000e+00
9.972558961377816621e-04,9.411764705882352811e-01,-7.843137254901960675e-02
9.972578961377250983e-04,8.627450980392157298e-01,7.843137254901960675e-02
9.972598961376685344e-04,9.019607843137255054e-01,-1.568627450980392135e-01
9.972618961376119705e-04,9.019607843137255054e-01,1.176470588235294101e-01
9.972638961375554067e-04,9.019607843137255054e-01,3.921568627450980338e-02
9.972658961374988428e-04,8.235294117647058432e-01,-3.921568627450980338e-02
9.972678961374422790e-04,8.627450980392157298e-01,3.921568627450980338e-02
9.972698961373857151e-04,9.411764705882352811e-01,-3.921568627450980338e-02
9.972718961373291512e-04,9.411764705882352811e-01,0.000000000000000000e+00
9.972738961372725874e-04,8.627450980392157298e-01,3.921568627450980338e-02
9.972758961372160235e-04,9.019607843137255054e-01,-3.921568627450980338e-02
9.972778961371594596e-04,9.019607843137255054e-01,1.176470588235294101e-01
9.972798961371028958e-04,9.411764705882352811e-01,-3.921568627450980338e-02
9.972818961370463319e-04,8.627450980392157298e-01,3.921568627450980338e-02
9.972838961369897681e-04,8.627450980392157298e-01,7.843137254901960675e-02
9.972858961369332042e-04,9.411764705882352811e-01,0.000000000000000000e+00
9.972878961368766403e-04,9.019607843137255054e-01,7.843137254901960675e-02
9.972898961368200765e-04,8.627450980392157298e-01,-7.843137254901960675e-02
9.972918961367635126e-04,8.627450980392157298e-01,0.000000000000000000e+00
9.972938961367069487e-04,9.019607843137255054e-01,3.921568627450980338e-02
9.972958961366503849e-04,9.411764705882352811e-01,-7.843137254901960675e-02
9.972978961365938210e-04,8.627450980392157298e-01,7.843137254901960675e-02
9.972998961365372571e-04,9.019607843137255054e-01,0.000000000000000000e+00
9.973018961364806933e-04,8.627450980392157298e-01,7.843137254901960675e-02
9.973038961364241294e-04,9.411764705882352811e-01,0.000000000000000000e+00
9.973058961363675656e-04,8.235294117647058432e-01,-3.921568627450980338e-02
9.973078961363110017e-04,8.627450980392157298e-01,7.843137254901960675e-02
9.973098961362544378e-04,9.019607843137255054e-01,-3.921568627450980338e-02
9.973118961361978740e-04,9.411764705882352811e-01,0.000000000000000000e+00
9.973138961361413101e-04,8.627450980392157298e-01,3.921568627450980338e-02
9.973158961360847462e-04,9.019607843137255054e-01,-1.568627450980392135e-01
9.973178961360281824e-04,9.019607843137255054e-01,7.843137254901960675e-02
9.973198961359716185e-04,9.411764705882352811e-01,-3.921568627450980338e-02
9.973218961359150547e-04,8.235294117647058432e-01,0.000000000000000000e+00
9.973238961358584908e-04,9.019607843137255054e-01,3.921568627450980338e-02
9.973258961358019269e-04,9.019607843137255054e-01,0.000000000000000000e+00
9.973278961357453631e-04,9.411764705882352811e-01,7.843137254901960675e-02
9.973298961356887992e-04,8.235294117647058432e-01,-3.921568627450980338e-02
9.973318961356322353e-04,8.627450980392157298e-01,3.921568627450980338e-02
9.973338961355756715e-04,9.019607843137255054e-01,3.921568627450980338e-02
9.973358961355191076e-04,9.411764705882352811e-01,-3.921568627450980338e-02
9.973378961354625438e-04,8.235294117647058432e-01,7.843137254901960675e-02
9.973398961354059799e-04,9.019607843137255054e-01,-7.843137254901960675e-02
9.973418961353494160e-04,9.019607843137255054e-01,7.843137254901960675e-02
9.973438961352928522e-04,9.411764705882352811e-01,3.921568627450980338e-02
9.973458961352362883e-04,8.627450980392157298e-01,-7.843137254901960675e-02
9.973478961351797244e-04,8.235294117647058432e-01,7.843137254901960675e-02
9.973498961351231606e-04,9.411764705882352811e-01,-3.921568627450980338e-02
9.973518961350665967e-04,9.411764705882352811e-01,0.000000000000000000e+00
9.973538961350100329e-04,8.627450980392157298e-01,7.843137254901960675e-02
9.973558961349534690e-04,8.627450980392157298e-01,-1.568627450980392135e-01
9.973578961348969051e-04,9.019607843137255054e-01,7.843137254901960675e-02
9.973598961348403413e-04,9.411764705882352811e-01,-3.921568627450980338e-02
9.973618961347837774e-04,8.627450980392157298e-01,0.000000000000000000e+00
9.973638961347272135e-04,8.627450980392157298e-01,3.921568627450980338e-02
9.973658961346706497e-04,9.019607843137255054e-01,0.000000000000000000e+00
9.973678961346140858e-04,9.019607843137255054e-01,3.921568627450980338e-02
9.973698961345575219e-04,8.627450980392157298e-01,0.000000000000000000e+00
9.973718961345009581e-04,9.019607843137255054e-01,3.921568627450980338e-02
9.973738961344443942e-04,9.019607843137255054e-01,0.000000000000000000e+00
9.973758961343878304e-04,9.019607843137255054e-01,-3.921568627450980338e-02
9.973778961343312665e-04,8.627450980392157298e-01,7.843137254901960675e-02
9.973798961342747026e-04,8.627450980392157298e-01,0.000000000000000000e+00
9.973818961342181388e-04,9.019607843137255054e-01,7.843137254901960675e-02
9.973838961341615749e-04,9.411764705882352811e-01,3.921568627450980338e-02
9.973858961341050110e-04,8.235294117647058432e-01,-3.921568627450980338e-02
9.973878961340484472e-04,9.019607843137255054e-01,7.843137254901960675e-02
9.973898961339918833e-04,9.019607843137255054e-01,-7.843137254901960675e-02
9.973918961339353195e-04,9.411764705882352811e-01,0.000000000000000000e+00
9.973938961338787556e-04,8.235294117647058432e-01,7.843137254901960675e-02
9.973958961338221917e-04,9.019607843137255054e-01,-1.568627450980392135e-01
9.973978961337656279e-04,9.019607843137255054e-01,7.843137254901960675e-02
9.973998961337090640e-04,9.411764705882352811e-01,-7.843137254901960675e-02
9.974018961336525001e-04,8.627450980392157298e-01,0.000000000000000000e+00
9.974038961335959363e-04,9.019607843137255054e-01,3.921568627450980338e-02
9.974058961335393724e-04,9.411764705882352811e-01,-3.921568627450980338e-02
9.974078961334828086e-04,9.411764705882352811e-01,7.843137254901960675e-02
9.974098961334262447e-04,8.627450980392157298e-01,-3.921568627450980338e-02
9.974118961333696808e-04,9.019607843137255054e-01,0.000000000000000000e+00
9.974138961333131170e-04,8.627450980392157298e-01,3.921568627450980338e-02
9.974158961332565531e-04,9.411764705882352811e-01,-7.843137254901960675e-02
9.974178961331999892e-04,8.627450980392157298e-01,1.176470588235294101e-01
9.974198961331434254e-04,9.019607843137255054e-01,-7.843137254901960675e-02
9.974218961330868615e-04,9.019607843137255054e-01,7.843137254901960675e-02
9.974238961330302976e-04,9.411764705882352811e-01,3.921568627450980338e-02
9.974258961329737338e-04,8.627450980392157298e-01,-7.843137254901960675e-02
9.974278961329171699e-04,8.627450980392157298e-01,7.843137254901960675e-02
9.974298961328606061e-04,9.019607843137255054e-01,-7.843137254901960675e-02
9.974318961328040422e-04,9.411764705882352811e-01,0.000000000000000000e+00
9.974338961327474783e-04,8.627450980392157298e-01,7.843137254901960675e-02
9.974358961326909145e-04,9.019607843137255054e-01,-1.568627450980392135e-01
9.974378961326343506e-04,9.411764705882352811e-01,1.176470588235294101e-01
9.974398961325777867e-04,9.411764705882352811e-01,-3.921568627450980338e-02
9.974418961325212229e-04,8.235294117647058432e-01,0.000000000000000000e+00
9.974438961324646590e-04,8.627450980392157298e-01,3.921568627450980338e-02
9.974458961324080952e-04,9.019607843137255054e-01,0.000000000000000000e+00
9.974478961323515313e-04,9.411764705882352811e-01,7.843137254901960675e-02
9.974498961322949674e-04,8.627450980392157298e-01,0.000000000000000000e+00
9.974518961322384036e-04,9.019607843137255054e-01,3.921568627450980338e-02
9.974538961321818397e-04,9.019607843137255054e-01,3.921568627450980338e-02
9.974558961321252758e-04,9.411764705882352811e-01,-7.843137254901960675e-02
9.974578961320687120e-04,8.627450980392157298e-01,7.843137254901960675e-02
9.974598961320121481e-04,9.019607843137255054e-01,-7.843137254901960675e-02
9.974618961319555843e-04,9.019607843137255054e-01,7.843137254901960675e-02
9.974638961318990204e-04,9.411764705882352811e-01,3.921568627450980338e-02
9.974658961318424565e-04,8.627450980392157298e-01,-3.921568627450980338e-02
9.974678961317858927e-04,9.019607843137255054e-01,1.176470588235294101e-01
9.974698961317293288e-04,9.019607843137255054e-01,-3.921568627450980338e-02
9.974718961316727649e-04,9.411764705882352811e-01,0.000000000000000000e+00
9.974738961316162011e-04,8.627450980392157298e-01,7.843137254901960675e-02
9.974758961315596372e-04,8.627450980392157298e-01,-1.568627450980392135e-01
9.974778961315030733e-04,8.627450980392157298e-01,1.176470588235294101e-01
9.974798961314465095e-04,9.411764705882352811e-01,-3.921568627450980338e-02
9.974818961313899456e-04,8.235294117647058432e-01,0.000000000000000000e+00
9.974838961313333818e-04,8.627450980392157298e-01,3.921568627450980338e-02
9.974858961312768179e-04,9.019607843137255054e-01,0.000000000000000000e+00
9.974878961312202540e-04,9.411764705882352811e-01,7.843137254901960675e-02
9.974898961311636902e-04,8.627450980392157298e-01,-3.921568627450980338e-02
9.974918961311071263e-04,8.627450980392157298e-01,7.843137254901960675e-02
9.974938961310505624e-04,9.019607843137255054e-01,3.921568627450980338e-02
9.974958961309939986e-04,9.411764705882352811e-01,-7.843137254901960675e-02
9.974978961309374347e-04,8.235294117647058432e-01,7.843137254901960675e-02
9.974998961308808709e-04,9.019607843137255054e-01,-1.568627450980392135e-01
9.975018961308243070e-04,8.627450980392157298e-01,7.843137254901960675e-02
9.975038961307677431e-04,9.411764705882352811e-01,0.000000000000000000e+00
9.975058961307111793e-04,8.627450980392157298e-01,0.000000000000000000e+00
9.975078961306546154e-04,8.235294117647058432e-01,7.843137254901960675e-02
9.975098961305980515e-04,9.019607843137255054e-01,-7.843137254901960675e-02
9.975118961305414877e-04,9.411764705882352811e-01,3.921568627450980338e-02
9.975138961304849238e-04,8.235294117647058432e-01,7.843137254901960675e-02
9.975158961304283600e-04,9.019607843137255054e-01,-1.568627450980392135e-01
9.975178961303717961e-04,9.019607843137255054e-01,1.176470588235294101e-01
9.975198961303152322e-04,9.803921568627450567e-01,-3.921568627450980338e-02
9.975218961302586684e-04,8.627450980392157298e-01,0.000000000000000000e+00
9.975238961302021045e-04,8.627450980392157298e-01,3.921568627450980338e-02
9.975258961301455406e-04,9.019607843137255054e-01,0.000000000000000000e+00
9.975278961300889768e-04,9.019607843137255054e-01,3.921568627450980338e-02
9.975298961300324129e-04,8.627450980392157298e-01,-3.921568627450980338e-02
9.975318961299758490e-04,8.627450980392157298e-01,3.921568627450980338e-02
9.975338961299192852e-04,9.019607843137255054e-01,3.921568627450980338e-02
9.975358961298627213e-04,9.411764705882352811e-01,-7.843137254901960675e-02
9.975378961298061575e-04,8.235294117647058432e-01,7.843137254901960675e-02
9.975398961297495936e-04,9.411764705882352811e-01,-7.843137254901960675e-02
9.975418961296930297e-04,9.019607843137255054e-01,7.843137254901960675e-02
9.975438961296364659e-04,9.411764705882352811e-01,7.843137254901960675e-02
9.975458961295799020e-04,8.627450980392157298e-01,-7.843137254901960675e-02
9.975478961295233381e-04,8.627450980392157298e-01,1.176470588235294101e-01
9.975498961294667743e-04,9.019607843137255054e-01,-3.921568627450980338e-02
9.975518961294102104e-04,9.411764705882352811e-01,0.000000000000000000e+00
9.975538961293536466e-04,8.627450980392157298e-01,7.843137254901960675e-02
9.975558961292970827e-04,9.019607843137255054e-01,-1.568627450980392135e-01
9.975578961292405188e-04,9.019607843137255054e-01,1.176470588235294101e-01
9.975598961291839550e-04,9.411764705882352811e-01,-7.843137254901960675e-02
9.975618961291273911e-04,8.627450980392157298e-01,0.000000000000000000e+00
9.975638961290708272e-04,9.019607843137255054e-01,3.921568627450980338e-02
9.975658961290142634e-04,9.411764705882352811e-01,0.000000000000000000e+00
9.975678961289576995e-04,9.019607843137255054e-01,3.921568627450980338e-02
9.975698961289011357e-04,8.627450980392157298e-01,-3.921568627450980338e-02
9.975718961288445718e-04,8.627450980392157298e-01,0.000000000000000000e+00
9.975738961287880079e-04,9.019607843137255054e-01,0.000000000000000000e+00
9.975758961287314441e-04,9.411764705882352811e-01,-7.843137254901960675e-02
9.975778961286748802e-04,8.627450980392157298e-01,3.921568627450980338e-02
9.975798961286183163e-04,9.019607843137255054e-01,-7.843137254901960675e-02
9.975818961285617525e-04,9.019607843137255054e-01,7.843137254901960675e-02
9.975838961285051886e-04,9.411764705882352811e-01,0.000000000000000000e+00
9.975858961284486248e-04,8.627450980392157298e-01,-3.921568627450980338e-02
9.975878961283920609e-04,9.019607843137255054e-01,1.176470588235294101e-01
9.975898961283354970e-04,9.411764705882352811e-01,-3.921568627450980338e-02
9.975918961282789332e-04,9.411764705882352811e-01,3.921568627450980338e-02
9.975938961282223693e-04,8.235294117647058432e-01,3.921568627450980338e-02
9.975958961281658054e-04,9.019607843137255054e-01,-1.568627450980392135e-01
9.975978961281092416e-04,9.019607843137255054e-01,1.176470588235294101e-01
9.975998961280526777e-04,9.411764705882352811e-01,-3.921568627450980338e-02
9.976018961279961138e-04,8.235294117647058432e-01,3.921568627450980338e-02
9.976038961279395500e-04,9.019607843137255054e-01,3.921568627450980338e-02
9.976058961278829861e-04,9.019607843137255054e-01,0.000000000000000000e+00
9.976078961278264223e-04,9.019607843137255054e-01,3.921568627450980338e-02
9.976098961277698584e-04,8.627450980392157298e-01,-3.921568627450980338e-02
9.976118961277132945e-04,9.019607843137255054e-01,0.000000000000000000e+00
9.976138961276567307e-04,9.019607843137255054e-01,3.921568627450980338e-02
9.976158961276001668e-04,9.411764705882352811e-01,-7.843137254901960675e-02
9.976178961275436029e-04,8.235294117647058432e-01,7.843137254901960675e-02
9.976198961274870391e-04,9.019607843137255054e-01,-3.921568627450980338e-02
9.976218961274304752e-04,9.019607843137255054e-01,7.843137254901960675e-02
9.976238961273739114e-04,9.411764705882352811e-01,0.000000000000000000e+00
9.976258961273173475e-04,8.627450980392157298e-01,-3.921568627450980338e-02
9.976278961272607836e-04,9.019607843137255054e-01,7.843137254901960675e-02
9.976298961272042198e-04,9.019607843137255054e-01,-1.568627450980392135e-01
9.976318961271476559e-04,9.411764705882352811e-01,0.000000000000000000e+00
9.976338961270910920e-04,8.235294117647058432e-01,3.921568627450980338e-02
9.976358961270345282e-04,8.627450980392157298e-01,-1.568627450980392135e-01
9.976378961269779643e-04,9.019607843137255054e-01,1.176470588235294101e-01
9.976398961269214005e-04,9.411764705882352811e-01,-3.921568627450980338e-02
9.976418961268648366e-04,8.627450980392157298e-01,3.921568627450980338e-02
9.976438961268082727e-04,8.627450980392157298e-01,3.921568627450980338e-02
9.976458961267517089e-04,9.019607843137255054e-01,0.000000000000000000e+00
9.976478961266951450e-04,9.411764705882352811e-01,3.921568627450980338e-02
9.976498961266385811e-04,8.627450980392157298e-01,0.000000000000000000e+00
9.976518961265820173e-04,9.019607843137255054e-01,0.000000000000000000e+00
9.976538961265254534e-04,9.411764705882352811e-01,0.000000000000000000e+00
9.976558961264688895e-04,9.411764705882352811e-01,-7.843137254901960675e-02
9.976578961264123257e-04,8.627450980392157298e-01,1.568627450980392135e-01
9.976598961263557618e-04,9.019607843137255054e-01,0.000000000000000000e+00
9.976618961262991980e-04,9.019607843137255054e-01,7.843137254901960675e-02
9.976638961262426341e-04,9.411764705882352811e-01,3.921568627450980338e-02
9.976658961261860702e-04,8.627450980392157298e-01,-7.843137254901960675e-02
9.976678961261295064e-04,8.627450980392157298e-01,7.843137254901960675e-02
9.976698961260729425e-04,9.019607843137255054e-01,-1.568627450980392135e-01
9.976718961260163786e-04,9.411764705882352811e-01,0.000000000000000000e+00
9.976738961259598148e-04,8.235294117647058432e-01,3.921568627450980338e-02
9.976758961259032509e-04,9.411764705882352811e-01,-1.568627450980392135e-01
9.976778961258466871e-04,8.627450980392157298e-01,1.176470588235294101e-01
9.976798961257901232e-04,9.411764705882352811e-01,-3.921568627450980338e-02
9.976818961257335593e-04,8.627450980392157298e-01,0.000000000000000000e+00
9.976838961256769955e-04,9.019607843137255054e-01,7.843137254901960675e-02
9.976858961256204316e-04,9.019607843137255054e-01,-3.921568627450980338e-02
9.976878961255638677e-04,9.411764705882352811e-01,7.843137254901960675e-02
9.976898961255073039e-04,8.627450980392157298e-01,-7.843137254901960675e-02
9.976918961254507400e-04,9.019607843137255054e-01,0.000000000000000000e+00
9.976938961253941762e-04,9.019607843137255054e-01,3.921568627450980338e-02
9.976958961253376123e-04,9.411764705882352811e-01,-7.843137254901960675e-02
9.976978961252810484e-04,8.235294117647058432e-01,7.843137254901960675e-02
9.976998961252244846e-04,8.627450980392157298e-01,0.000000000000000000e+00
9.977018961251679207e-04,9.019607843137255054e-01,3.921568627450980338e-02
9.977038961251113568e-04,9.411764705882352811e-01,0.000000000000000000e+00
9.977058961250547930e-04,9.019607843137255054e-01,-7.843137254901960675e-02
9.977078961249982291e-04,8.627450980392157298e-01,7.843137254901960675e-02
9.977098961249416652e-04,9.019607843137255054e-01,-3.921568627450980338e-02
9.977118961248851014e-04,9.411764705882352811e-01,0.000000000000000000e+00
9.977138961248285375e-04,8.627450980392157298e-01,7.843137254901960675e-02
9.977158961247719737e-04,9.019607843137255054e-01,-1.568627450980392135e-01
9.977178961247154098e-04,9.019607843137255054e-01,1.176470588235294101e-01
9.977198961246588459e-04,9.411764705882352811e-01,-3.921568627450980338e-02
9.977218961246022821e-04,8.627450980392157298e-01,0.000000000000000000e+00
9.977238961245457182e-04,9.019607843137255054e-01,3.921568627450980338e-02
9.977258961244891543e-04,9.019607843137255054e-01,0.000000000000000000e+00
9.977278961244325905e-04,9.411764705882352811e-01,7.843137254901960675e-02
9.977298961243760266e-04,8.627450980392157298e-01,0.000000000000000000e+00
9.977318961243194628e-04,8.627450980392157298e-01,3.921568627450980338e-02
9.977338961242628989e-04,8.627450980392157298e-01,3.921568627450980338e-02
9.977358961242063350e-04,9.411764705882352811e-01,-3.921568627450980338e-02
9.977378961241497712e-04,8.235294117647058432e-01,7.843137254901960675e-02
9.977398961240932073e-04,9.019607843137255054e-01,-7.843137254901960675e-02
9.977418961240366434e-04,9.411764705882352811e-01,7.843137254901960675e-02
9.977438961239800796e-04,9.411764705882352811e-01,3.921568627450980338e-02
9.977458961239235157e-04,8.627450980392157298e-01,-7.843137254901960675e-02
9.977478961238669519e-04,8.627450980392157298e-01,7.843137254901960675e-02
9.977498961238103880e-04,8.627450980392157298e-01,-3.921568627450980338e-02
9.977518961237538241e-04,9.411764705882352811e-01,0.000000000000000000e+00
9.977538961236972603e-04,8.627450980392157298e-01,7.843137254901960675e-02
9.977558961236406964e-04,9.019607843137255054e-01,-1.568627450980392135e-01
9.977578961235841325e-04,9.019607843137255054e-01,1.176470588235294101e-01
9.977598961235275687e-04,9.411764705882352811e-01,-3.921568627450980338e-02
9.977618961234710048e-04,8.235294117647058432e-01,0.000000000000000000e+00
9.977638961234144410e-04,8.627450980392157298e-01,7.843137254901960675e-02
9.977658961233578771e-04,9.019607843137255054e-01,-7.843137254901960675e-02
9.977678961233013132e-04,9.411764705882352811e-01,1.176470588235294101e-01
9.977698961232447494e-04,8.627450980392157298e-01,-3.921568627450980338e-02
9.977718961231881855e-04,9.019607843137255054e-01,7.843137254901960675e-02
9.977738961231316216e-04,8.627450980392157298e-01,3.921568627450980338e-02
9.977758961230750578e-04,9.411764705882352811e-01,-7.843137254901960675e-02
9.977778961230184939e-04,8.235294117647058432e-01,1.176470588235294101e-01
9.977798961229619300e-04,9.019607843137255054e-01,-7.843137254901960675e-02
9.977818961229053662e-04,9.019607843137255054e-01,1.176470588235294101e-01
9.977838961228488023e-04,9.411764705882352811e-01,3.921568627450980338e-02
9.977858961227922385e-04,8.235294117647058432e-01,-3.921568627450980338e-02
9.977878961227356746e-04,8.627450980392157298e-01,7.843137254901960675e-02
9.977898961226791107e-04,9.411764705882352811e-01,-3.921568627450980338e-02
9.977918961226225469e-04,9.411764705882352811e-01,0.000000000000000000e+00
9.977938961225659830e-04,8.627450980392157298e-01,3.921568627450980338e-02
9.977958961225094191e-04,9.019607843137255054e-01,-1.568627450980392135e-01
9.977978961224528553e-04,8.627450980392157298e-01,1.176470588235294101e-01
9.977998961223962914e-04,9.411764705882352811e-01,0.000000000000000000e+00
9.978018961223397276e-04,8.627450980392157298e-01,0.000000000000000000e+00
9.978038961222831637e-04,8.627450980392157298e-01,3.921568627450980338e-02
9.978058961222265998e-04,9.019607843137255054e-01,0.000000000000000000e+00
9.978078961221700360e-04,9.411764705882352811e-01,7.843137254901960675e-02
9.978098961221134721e-04,8.235294117647058432e-01,0.000000000000000000e+00
9.978118961220569082e-04,8.627450980392157298e-01,3.921568627450980338e-02
9.978138961220003444e-04,9.019607843137255054e-01,3.921568627450980338e-02
9.978158961219437805e-04,9.411764705882352811e-01,-7.843137254901960675e-02
9.978178961218872167e-04,8.235294117647058432e-01,7.843137254901960675e-02
9.978198961218306528e-04,8.627450980392157298e-01,0.000000000000000000e+00
9.978218961217740889e-04,9.019607843137255054e-01,7.843137254901960675e-02
9.978238961217175251e-04,9.411764705882352811e-01,0.000000000000000000e+00
9.978258961216609612e-04,8.235294117647058432e-01,-3.921568627450980338e-02
9.978278961216043973e-04,8.627450980392157298e-01,7.843137254901960675e-02
9.978298961215478335e-04,8.627450980392157298e-01,-3.921568627450980338e-02
9.978318961214912696e-04,9.411764705882352811e-01,0.000000000000000000e+00
9.978338961214347057e-04,8.627450980392157298e-01,7.843137254901960675e-02
9.978358961213781419e-04,9.019607843137255054e-01,-7.843137254901960675e-02
9.978378961213215780e-04,9.019607843137255054e-01,1.568627450980392135e-01
9.978398961212650142e-04,9.411764705882352811e-01,-3.921568627450980338e-02
9.978418961212084503e-04,8.627450980392157298e-01,0.000000000000000000e+00
9.978438961211518864e-04,8.235294117647058432e-01,7.843137254901960675e-02
9.978458961210953226e-04,9.019607843137255054e-01,-7.843137254901960675e-02
9.978478961210387587e-04,9.411764705882352811e-01,7.843137254901960675e-02
9.978498961209821948e-04,8.627450980392157298e-01,0.000000000000000000e+00
9.978518961209256310e-04,8.627450980392157298e-01,3.921568627450980338e-02
9.978538961208690671e-04,8.627450980392157298e-01,7.843137254901960675e-02
9.978558961208125033e-04,9.411764705882352811e-01,-7.843137254901960675e-02
9.978578961207559394e-04,8.627450980392157298e-01,7.843137254901960675e-02
9.978598961206993755e-04,9.019607843137255054e-01,-7.843137254901960675e-02
9.978618961206428117e-04,9.019607843137255054e-01,7.843137254901960675e-02
9.978638961205862478e-04,9.019607843137255054e-01,3.921568627450980338e-02
9.978658961205296839e-04,8.627450980392157298e-01,-7.843137254901960675e-02
9.978678961204731201e-04,9.019607843137255054e-01,1.176470588235294101e-01
9.978698961204165562e-04,9.019607843137255054e-01,-3.921568627450980338e-02
9.978718961203599924e-04,9.411764705882352811e-01,0.000000000000000000e+00
9.978738961203034285e-04,8.627450980392157298e-01,7.843137254901960675e-02
9.978758961202468646e-04,8.235294117647058432e-01,-7.843137254901960675e-02
9.978778961201903008e-04,9.019607843137255054e-01,7.843137254901960675e-02
9.978798961201337369e-04,9.019607843137255054e-01,-3.921568627450980338e-02
9.978818961200771730e-04,8.235294117647058432e-01,0.000000000000000000e+00
9.978838961200206092e-04,8.627450980392157298e-01,7.843137254901960675e-02
9.978858961199640453e-04,9.019607843137255054e-01,0.000000000000000000e+00
9.978878961199074814e-04,9.411764705882352811e-01,7.843137254901960675e-02
9.978898961198509176e-04,8.627450980392157298e-01,-3.921568627450980338e-02
9.978918961197943537e-04,8.627450980392157298e-01,3.921568627450980338e-02
9.978938961197377899e-04,9.019607843137255054e-01,3.921568627450980338e-02
9.978958961196812260e-04,9.411764705882352811e-01,-3.921568627450980338e-02
9.978978961196246621e-04,8.627450980392157298e-01,7.843137254901960675e-02
9.978998961195680983e-04,8.235294117647058432e-01,-7.843137254901960675e-02
9.979018961195115344e-04,9.019607843137255054e-01,7.843137254901960675e-02
9.979038961194549705e-04,9.411764705882352811e-01,0.000000000000000000e+00
9.979058961193984067e-04,8.627450980392157298e-01,-7.843137254901960675e-02
9.979078961193418428e-04,9.019607843137255054e-01,7.843137254901960675e-02
9.979098961192852790e-04,9.019607843137255054e-01,-3.921568627450980338e-02
9.979118961192287151e-04,9.411764705882352811e-01,3.921568627450980338e-02
9.979138961191721512e-04,8.627450980392157298e-01,7.843137254901960675e-02
9.979158961191155874e-04,8.627450980392157298e-01,-1.568627450980392135e-01
9.979178961190590235e-04,8.627450980392157298e-01,7.843137254901960675e-02
9.979198961190024596e-04,9.411764705882352811e-01,-3.921568627450980338e-02
9.979218961189458958e-04,8.627450980392157298e-01,0.000000000000000000e+00
9.979238961188893319e-04,9.019607843137255054e-01,7.843137254901960675e-02
9.979258961188327681e-04,8.627450980392157298e-01,0.000000000000000000e+00
9.979278961187762042e-04,9.411764705882352811e-01,3.921568627450980338e-02
9.979298961187196403e-04,8.627450980392157298e-01,0.000000000000000000e+00
9.979318961186630765e-04,8.627450980392157298e-01,3.921568627450980338e-02
9.979338961186065126e-04,9.019607843137255054e-01,3.921568627450980338e-02
9.979358961185499487e-04,9.411764705882352811e-01,-7.843137254901960675e-02
9.979378961184933849e-04,8.235294117647058432e-01,7.843137254901960675e-02
9.979398961184368210e-04,9.019607843137255054e-01,-7.843137254901960675e-02
9.979418961183802571e-04,9.019607843137255054e-01,7.843137254901960675e-02
9.979438961183236933e-04,9.411764705882352811e-01,3.921568627450980338e-02
9.979458961182671294e-04,8.627450980392157298e-01,-7.843137254901960675e-02
9.979478961182105656e-04,8.627450980392157298e-01,7.843137254901960675e-02
9.979498961181540017e-04,9.019607843137255054e-01,-3.921568627450980338e-02
9.979518961180974378e-04,9.019607843137255054e-01,0.000000000000000000e+00
9.979538961180408740e-04,8.235294117647058432e-01,7.843137254901960675e-02
9.979558961179843101e-04,9.019607843137255054e-01,-1.568627450980392135e-01
9.979578961179277462e-04,9.019607843137255054e-01,1.176470588235294101e-01
9.979598961178711824e-04,9.411764705882352811e-01,0.000000000000000000e+00
9.979618961178146185e-04,8.627450980392157298e-01,0.000000000000000000e+00
9.979638961177580547e-04,8.627450980392157298e-01,7.843137254901960675e-02
9.979658961177014908e-04,9.019607843137255054e-01,-3.921568627450980338e-02
9.979678961176449269e-04,9.411764705882352811e-01,7.843137254901960675e-02
9.979698961175883631e-04,8.627450980392157298e-01,-7.843137254901960675e-02
9.979718961175317992e-04,9.019607843137255054e-01,0.000000000000000000e+00
9.979738961174752353e-04,9.019607843137255054e-01,3.921568627450980338e-02
9.979758961174186715e-04,9.019607843137255054e-01,-7.843137254901960675e-02
9.979778961173621076e-04,8.627450980392157298e-01,7.843137254901960675e-02
9.979798961173055438e-04,9.019607843137255054e-01,-3.921568627450980338e-02
9.979818961172489799e-04,9.019607843137255054e-01,7.843137254901960675e-02
9.979838961171924160e-04,9.411764705882352811e-01,0.000000000000000000e+00
9.979858961171358522e-04,8.627450980392157298e-01,-3.921568627450980338e-02
9.979878961170792883e-04,9.019607843137255054e-01,7.843137254901960675e-02
9.979898961170227244e-04,9.019607843137255054e-01,-7.843137254901960675e-02
9.979918961169661606e-04,9.411764705882352811e-01,0.000000000000000000e+00
9.979938961169095967e-04,8.235294117647058432e-01,3.921568627450980338e-02
9.979958961168530329e-04,8.627450980392157298e-01,-1.568627450980392135e-01
9.979978961167964690e-04,9.019607843137255054e-01,1.176470588235294101e-01
9.979998961167399051e-04,9.411764705882352811e-01,-3.921568627450980338e-02
9.980018961166833413e-04,8.627450980392157298e-01,0.000000000000000000e+00
9.980038961166267774e-04,9.019607843137255054e-01,3.921568627450980338e-02
9.980058961165702135e-04,9.019607843137255054e-01,-3.921568627450980338e-02
9.980078961165136497e-04,9.411764705882352811e-01,7.843137254901960675e-02
9.980098961164570858e-04,8.627450980392157298e-01,-3.921568627450980338e-02
9.980118961164005219e-04,8.627450980392157298e-01,3.921568627450980338e-02
9.980138961163439581e-04,9.019607843137255054e-01,3.921568627450980338e-02
9.980158961162873942e-04,9.411764705882352811e-01,-7.843137254901960675e-02
9.980178961162308304e-04,8.235294117647058432e-01,7.843137254901960675e-02
9.980198961161742665e-04,9.019607843137255054e-01,-7.843137254901960675e-02
9.980218961161177026e-04,9.019607843137255054e-01,7.843137254901960675e-02
9.980238961160611388e-04,9.411764705882352811e-01,3.921568627450980338e-02
9.980258961160045749e-04,8.627450980392157298e-01,-3.921568627450980338e-02
9.980278961159480110e-04,8.627450980392157298e-01,7.843137254901960675e-02
9.980298961158914472e-04,9.019607843137255054e-01,-3.921568627450980338e-02
9.980318961158348833e-04,9.411764705882352811e-01,3.921568627450980338e-02
9.980338961157783195e-04,8.235294117647058432e-01,3.921568627450980338e-02
9.980358961157217556e-04,8.627450980392157298e-01,-1.568627450980392135e-01
9.980378961156651917e-04,9.411764705882352811e-01,7.843137254901960675e-02
9.980398961156086279e-04,9.411764705882352811e-01,-3.921568627450980338e-02
9.980418961155520640e-04,8.627450980392157298e-01,0.000000000000000000e+00
9.980438961154955001e-04,9.019607843137255054e-01,3.921568627450980338e-02
9.980458961154389363e-04,9.019607843137255054e-01,0.000000000000000000e+00
9.980478961153823724e-04,9.411764705882352811e-01,3.921568627450980338e-02
9.980498961153258086e-04,8.235294117647058432e-01,-3.921568627450980338e-02
9.980518961152692447e-04,9.019607843137255054e-01,3.921568627450980338e-02
9.980538961152126808e-04,9.019607843137255054e-01,3.921568627450980338e-02
9.980558961151561170e-04,9.411764705882352811e-01,-7.843137254901960675e-02
9.980578961150995531e-04,8.627450980392157298e-01,7.843137254901960675e-02
9.980598961150429892e-04,9.019607843137255054e-01,-7.843137254901960675e-02
9.980618961149864254e-04,9.019607843137255054e-01,7.843137254901960675e-02
9.980638961149298615e-04,9.411764705882352811e-01,3.921568627450980338e-02
9.980658961148732976e-04,8.627450980392157298e-01,-3.921568627450980338e-02
9.980678961148167338e-04,9.019607843137255054e-01,7.843137254901960675e-02
9.980698961147601699e-04,9.019607843137255054e-01,-1.568627450980392135e-01
9.980718961147036061e-04,9.411764705882352811e-01,0.000000000000000000e+00
9.980738961146470422e-04,8.235294117647058432e-01,7.843137254901960675e-02
9.980758961145904783e-04,8.627450980392157298e-01,-1.960784313725490169e-01
9.980778961145339145e-04,9.019607843137255054e-01,1.176470588235294101e-01
9.980798961144773506e-04,9.411764705882352811e-01,-7.843137254901960675e-02
9.980818961144207867e-04,8.235294117647058432e-01,0.000000000000000000e+00
9.980838961143642229e-04,9.019607843137255054e-01,7.843137254901960675e-02
9.980858961143076590e-04,9.019607843137255054e-01,0.000000000000000000e+00
9.980878961142510952e-04,9.019607843137255054e-01,3.921568627450980338e-02
9.980898961141945313e-04,8.627450980392157298e-01,-3.921568627450980338e-02
9.980918961141379674e-04,9.019607843137255054e-01,0.000000000000000000e+00
9.980938961140814036e-04,9.019607843137255054e-01,0.000000000000000000e+00
9.980958961140248397e-04,9.411764705882352811e-01,-7.843137254901960675e-02
9.980978961139682758e-04,8.627450980392157298e-01,7.843137254901960675e-02
9.980998961139117120e-04,9.019607843137255054e-01,0.000000000000000000e+00
9.981018961138551481e-04,8.627450980392157298e-01,7.843137254901960675e-02
9.981038961137985843e-04,9.019607843137255054e-01,0.000000000000000000e+00
9.981058961137420204e-04,8.627450980392157298e-01,-7.843137254901960675e-02
9.981078961136854565e-04,8.627450980392157298e-01,7.843137254901960675e-02
9.981098961136288927e-04,8.627450980392157298e-01,-7.843137254901960675e-02
9.981118961135723288e-04,9.019607843137255054e-01,3.921568627450980338e-02
9.981138961135157649e-04,8.627450980392157298e-01,1.176470588235294101e-01
9.981158961134592011e-04,9.019607843137255054e-01,-1.568627450980392135e-01
9.981178961134026372e-04,9.019607843137255054e-01,1.176470588235294101e-01
9.981198961133460733e-04,9.411764705882352811e-01,-3.921568627450980338e-02
9.981218961132895095e-04,8.627450980392157298e-01,0.000000000000000000e+00
9.981238961132329456e-04,8.627450980392157298e-01,7.843137254901960675e-02
9.981258961131763818e-04,9.019607843137255054e-01,0.000000000000000000e+00
9.981278961131198179e-04,9.411764705882352811e-01,0.000000000000000000e+00
9.981298961130632540e-04,8.627450980392157298e-01,-3.921568627450980338e-02
9.981318961130066902e-04,9.019607843137255054e-01,0.000000000000000000e+00
9.981338961129501263e-04,9.019607843137255054e-01,3.921568627450980338e-02
9.981358961128935624e-04,9.411764705882352811e-01,-3.921568627450980338e-02
9.981378961128369986e-04,8.235294117647058432e-01,7.843137254901960675e-02
9.981398961127804347e-04,8.627450980392157298e-01,-1.568627450980392135e-01
9.981418961127238709e-04,9.019607843137255054e-01,7.843137254901960675e-02
9.981438961126673070e-04,9.411764705882352811e-01,7.843137254901960675e-02
9.981458961126107431e-04,8.627450980392157298e-01,-7.843137254901960675e-02
9.981478961125541793e-04,8.627450980392157298e-01,1.176470588235294101e-01
9.981498961124976154e-04,9.019607843137255054e-01,-3.921568627450980338e-02
9.981518961124410515e-04,9.411764705882352811e-01,0.000000000000000000e+00
9.981538961123844877e-04,8.627450980392157298e-01,3.921568627450980338e-02
9.981558961123279238e-04,9.411764705882352811e-01,-1.568627450980392135e-01
9.981578961122713600e-04,9.019607843137255054e-01,1.176470588235294101e-01
9.981598961122147961e-04,9.411764705882352811e-01,-3.921568627450980338e-02
9.981618961121582322e-04,8.627450980392157298e-01,0.000000000000000000e+00
9.981638961121016684e-04,9.019607843137255054e-01,3.921568627450980338e-02
9.981658961120451045e-04,9.411764705882352811e-01,0.000000000000000000e+00
9.981678961119885406e-04,9.411764705882352811e-01,3.921568627450980338e-02
9.981698961119319768e-04,8.627450980392157298e-01,0.000000000000000000e+00
9.981718961118754129e-04,8.627450980392157298e-01,0.000000000000000000e+00
9.981738961118188491e-04,8.627450980392157298e-01,3.921568627450980338e-02
9.981758961117622852e-04,9.411764705882352811e-01,-7.843137254901960675e-02
9.981778961117057213e-04,8.627450980392157298e-01,7.843137254901960675e-02
9.981798961116491575e-04,8.627450980392157298e-01,0.000000000000000000e+00
9.981818961115925936e-04,9.019607843137255054e-01,1.176470588235294101e-01
9.981838961115360297e-04,9.411764705882352811e-01,0.000000000000000000e+00
9.981858961114794659e-04,8.627450980392157298e-01,-7.843137254901960675e-02
9.981878961114229020e-04,9.019607843137255054e-01,1.176470588235294101e-01
9.981898961113663381e-04,8.627450980392157298e-01,-3.921568627450980338e-02
9.981918961113097743e-04,9.019607843137255054e-01,0.000000000000000000e+00
9.981938961112532104e-04,8.627450980392157298e-01,0.000000000000000000e+00
9.981958961111966466e-04,8.627450980392157298e-01,-1.568627450980392135e-01
9.981978961111400827e-04,9.019607843137255054e-01,1.176470588235294101e-01
9.981998961110835188e-04,9.411764705882352811e-01,-3.921568627450980338e-02
9.982018961110269550e-04,8.235294117647058432e-01,0.000000000000000000e+00
9.982038961109703911e-04,9.019607843137255054e-01,3.921568627450980338e-02
9.982058961109138272e-04,9.019607843137255054e-01,-3.921568627450980338e-02
9.982078961108572634e-04,9.411764705882352811e-01,1.176470588235294101e-01
9.982098961108006995e-04,8.627450980392157298e-01,-3.921568627450980338e-02
9.982118961107441357e-04,8.235294117647058432e-01,0.000000000000000000e+00
9.982138961106875718e-04,9.019607843137255054e-01,3.921568627450980338e-02
9.982158961106310079e-04,9.019607843137255054e-01,-7.843137254901960675e-02
9.982178961105744441e-04,8.627450980392157298e-01,7.843137254901960675e-02
9.982198961105178802e-04,9.019607843137255054e-01,0.000000000000000000e+00
9.982218961104613163e-04,9.019607843137255054e-01,7.843137254901960675e-02
9.982238961104047525e-04,9.411764705882352811e-01,0.000000000000000000e+00
9.982258961103481886e-04,8.627450980392157298e-01,-7.843137254901960675e-02
9.982278961102916248e-04,8.627450980392157298e-01,7.843137254901960675e-02
9.982298961102350609e-04,9.411764705882352811e-01,-3.921568627450980338e-02
9.982318961101784970e-04,9.411764705882352811e-01,3.921568627450980338e-02
9.982338961101219332e-04,8.627450980392157298e-01,3.921568627450980338e-02
9.982358961100653693e-04,9.019607843137255054e-01,-1.568627450980392135e-01
9.982378961100088054e-04,8.627450980392157298e-01,7.843137254901960675e-02
9.982398961099522416e-04,9.411764705882352811e-01,0.000000000000000000e+00
9.982418961098956777e-04,8.627450980392157298e-01,0.000000000000000000e+00
9.982438961098391138e-04,9.019607843137255054e-01,3.921568627450980338e-02
9.982458961097825500e-04,9.019607843137255054e-01,0.000000000000000000e+00
9.982478961097259861e-04,9.019607843137255054e-01,7.843137254901960675e-02
9.982498961096694223e-04,8.627450980392157298e-01,0.000000000000000000e+00
9.982518961096128584e-04,8.235294117647058432e-01,3.921568627450980338e-02
9.982538961095562945e-04,9.019607843137255054e-01,3.921568627450980338e-02
9.982558961094997307e-04,9.411764705882352811e-01,-3.921568627450980338e-02
9.982578961094431668e-04,8.627450980392157298e-01,7.843137254901960675e-02
9.982598961093866029e-04,9.019607843137255054e-01,-1.568627450980392135e-01
9.982618961093300391e-04,9.019607843137255054e-01,7.843137254901960675e-02
9.982638961092734752e-04,9.411764705882352811e-01,3.921568627450980338e-02
9.982658961092169114e-04,8.627450980392157298e-01,-3.921568627450980338e-02
9.982678961091603475e-04,8.627450980392157298e-01,7.843137254901960675e-02
9.982698961091037836e-04,9.411764705882352811e-01,-3.921568627450980338e-02
9.982718961090472198e-04,9.019607843137255054e-01,0.000000000000000000e+00
9.982738961089906559e-04,8.627450980392157298e-01,7.843137254901960675e-02
9.982758961089340920e-04,9.019607843137255054e-01,-1.568627450980392135e-01
9.982778961088775282e-04,9.019607843137255054e-01,1.176470588235294101e-01
9.982798961088209643e-04,9.411764705882352811e-01,-7.843137254901960675e-02
9.982818961087644005e-04,8.627450980392157298e-01,0.000000000000000000e+00
9.982838961087078366e-04,8.235294117647058432e-01,7.843137254901960675e-02
9.982858961086512727e-04,9.019607843137255054e-01,-3.921568627450980338e-02
9.982878961085947089e-04,9.411764705882352811e-01,7.843137254901960675e-02
9.982898961085381450e-04,8.627450980392157298e-01,-7.843137254901960675e-02
9.982918961084815811e-04,9.019607843137255054e-01,3.921568627450980338e-02
9.982938961084250173e-04,9.019607843137255054e-01,3.921568627450980338e-02
9.982958961083684534e-04,9.411764705882352811e-01,-7.843137254901960675e-02
9.982978961083118895e-04,8.627450980392157298e-01,7.843137254901960675e-02
9.982998961082553257e-04,9.019607843137255054e-01,-7.843137254901960675e-02
9.983018961081987618e-04,9.019607843137255054e-01,7.843137254901960675e-02
9.983038961081421980e-04,9.411764705882352811e-01,3.921568627450980338e-02
9.983058961080856341e-04,8.627450980392157298e-01,-3.921568627450980338e-02
9.983078961080290702e-04,8.235294117647058432e-01,3.921568627450980338e-02
9.983098961079725064e-04,9.019607843137255054e-01,-3.921568627450980338e-02
9.983118961079159425e-04,9.411764705882352811e-01,3.921568627450980338e-02
9.983138961078593786e-04,8.235294117647058432e-01,7.843137254901960675e-02
9.983158961078028148e-04,8.627450980392157298e-01,-1.568627450980392135e-01
9.983178961077462509e-04,9.019607843137255054e-01,1.176470588235294101e-01
9.983198961076896871e-04,9.411764705882352811e-01,-3.921568627450980338e-02
9.983218961076331232e-04,8.627450980392157298e-01,0.000000000000000000e+00
9.983238961075765593e-04,8.627450980392157298e-01,3.921568627450980338e-02
9.983258961075199955e-04,9.019607843137255054e-01,0.000000000000000000e+00
9.983278961074634316e-04,9.411764705882352811e-01,7.843137254901960675e-02
9.983298961074068677e-04,8.627450980392157298e-01,0.000000000000000000e+00
9.983318961073503039e-04,8.627450980392157298e-01,3.921568627450980338e-02
9.983338961072937400e-04,9.411764705882352811e-01,0.000000000000000000e+00
9.983358961072371762e-04,9.411764705882352811e-01,-7.843137254901960675e-02
9.983378961071806123e-04,8.627450980392157298e-01,1.176470588235294101e-01
9.983398961071240484e-04,8.627450980392157298e-01,0.000000000000000000e+00
9.983418961070674846e-04,9.019607843137255054e-01,1.176470588235294101e-01
9.983438961070109207e-04,9.411764705882352811e-01,0.000000000000000000e+00
9.983458961069543568e-04,8.627450980392157298e-01,-3.921568627450980338e-02
9.983478961068977930e-04,9.019607843137255054e-01,7.843137254901960675e-02
9.983498961068412291e-04,9.019607843137255054e-01,-3.921568627450980338e-02
9.983518961067846652e-04,9.411764705882352811e-01,3.921568627450980338e-02
9.983538961067281014e-04,8.627450980392157298e-01,7.843137254901960675e-02
9.983558961066715375e-04,9.019607843137255054e-01,-1.960784313725490169e-01
9.983578961066149737e-04,9.019607843137255054e-01,1.176470588235294101e-01
9.983598961065584098e-04,9.803921568627450567e-01,-3.921568627450980338e-02
9.983618961065018459e-04,8.627450980392157298e-01,0.000000000000000000e+00
9.983638961064452821e-04,9.019607843137255054e-01,3.921568627450980338e-02
9.983658961063887182e-04,9.411764705882352811e-01,-3.921568627450980338e-02
9.983678961063321543e-04,9.411764705882352811e-01,7.843137254901960675e-02
9.983698961062755905e-04,8.235294117647058432e-01,-3.921568627450980338e-02
9.983718961062190266e-04,9.019607843137255054e-01,7.843137254901960675e-02
9.983738961061624628e-04,9.019607843137255054e-01,3.921568627450980338e-02
9.983758961061058989e-04,9.411764705882352811e-01,-7.843137254901960675e-02
9.983778961060493350e-04,8.627450980392157298e-01,7.843137254901960675e-02
9.983798961059927712e-04,9.019607843137255054e-01,0.000000000000000000e+00
9.983818961059362073e-04,8.627450980392157298e-01,7.843137254901960675e-02
9.983838961058796434e-04,9.411764705882352811e-01,3.921568627450980338e-02
9.983858961058230796e-04,8.627450980392157298e-01,-7.843137254901960675e-02
9.983878961057665157e-04,8.627450980392157298e-01,7.843137254901960675e-02
9.983898961057099519e-04,9.019607843137255054e-01,-3.921568627450980338e-02
9.983918961056533880e-04,9.411764705882352811e-01,0.000000000000000000e+00
9.983938961055968241e-04,8.627450980392157298e-01,7.843137254901960675e-02
9.983958961055402603e-04,9.019607843137255054e-01,-1.568627450980392135e-01
9.983978961054836964e-04,9.019607843137255054e-01,7.843137254901960675e-02
9.983998961054271325e-04,9.411764705882352811e-01,-7.843137254901960675e-02
9.984018961053705687e-04,8.235294117647058432e-01,0.000000000000000000e+00
9.984038961053140048e-04,9.019607843137255054e-01,0.000000000000000000e+00
9.984058961052574410e-04,9.019607843137255054e-01,0.000000000000000000e+00
9.984078961052008771e-04,9.411764705882352811e-01,7.843137254901960675e-02
9.984098961051443132e-04,8.627450980392157298e-01,0.000000000000000000e+00
9.984118961050877494e-04,8.627450980392157298e-01,3.921568627450980338e-02
9.984138961050311855e-04,9.411764705882352811e-01,7.843137254901960675e-02
9.984158961049746216e-04,9.411764705882352811e-01,-7.843137254901960675e-02
9.984178961049180578e-04,8.235294117647058432e-01,1.176470588235294101e-01
9.984198961048614939e-04,9.019607843137255054e-01,0.000000000000000000e+00
9.984218961048049300e-04,9.019607843137255054e-01,7.843137254901960675e-02
9.984238961047483662e-04,9.803921568627450567e-01,3.921568627450980338e-02
9.984258961046918023e-04,8.627450980392157298e-01,-3.921568627450980338e-02
9.984278961046352385e-04,9.019607843137255054e-01,7.843137254901960675e-02
9.984298961045786746e-04,9.019607843137255054e-01,-7.843137254901960675e-02
9.984318961045221107e-04,9.411764705882352811e-01,0.000000000000000000e+00
9.984338961044655469e-04,8.627450980392157298e-01,3.921568627450980338e-02
9.984358961044089830e-04,9.019607843137255054e-01,-1.568627450980392135e-01
9.984378961043524191e-04,9.019607843137255054e-01,7.843137254901960675e-02
9.984398961042958553e-04,9.803921568627450567e-01,-3.921568627450980338e-02
9.984418961042392914e-04,8.627450980392157298e-01,0.000000000000000000e+00
9.984438961041827276e-04,8.627450980392157298e-01,7.843137254901960675e-02
9.984458961041261637e-04,9.019607843137255054e-01,-3.921568627450980338e-02
9.984478961040695998e-04,9.411764705882352811e-01,7.843137254901960675e-02
9.984498961040130360e-04,8.627450980392157298e-01,0.000000000000000000e+00
9.984518961039564721e-04,9.019607843137255054e-01,3.921568627450980338e-02
9.984538961038999082e-04,9.019607843137255054e-01,3.921568627450980338e-02
9.984558961038433444e-04,9.411764705882352811e-01,-7.843137254901960675e-02
9.984578961037867805e-04,8.235294117647058432e-01,7.843137254901960675e-02
9.984598961037302167e-04,8.627450980392157298e-01,0.000000000000000000e+00
9.984618961036736528e-04,9.019607843137255054e-01,1.176470588235294101e-01
9.984638961036170889e-04,9.411764705882352811e-01,0.000000000000000000e+00
9.984658961035605251e-04,8.627450980392157298e-01,-7.843137254901960675e-02
9.984678961035039612e-04,8.627450980392157298e-01,7.843137254901960675e-02
9.984698961034473973e-04,9.019607843137255054e-01,-3.921568627450980338e-02
9.984718961033908335e-04,9.411764705882352811e-01,0.000000000000000000e+00
9.984738961033342696e-04,8.627450980392157298e-01,3.921568627450980338e-02
9.984758961032777057e-04,9.019607843137255054e-01,-1.568627450980392135e-01
9.984778961032211419e-04,9.411764705882352811e-01,7.843137254901960675e-02
9.984798961031645780e-04,9.411764705882352811e-01,0.000000000000000000e+00
9.984818961031080142e-04,8.627450980392157298e-01,0.000000000000000000e+00
9.984838961030514503e-04,9.019607843137255054e-01,3.921568627450980338e-02
9.984858961029948864e-04,9.019607843137255054e-01,-3.921568627450980338e-02
9.984878961029383226e-04,9.411764705882352811e-01,7.843137254901960675e-02
9.984898961028817587e-04,9.019607843137255054e-01,-3.921568627450980338e-02
9.984918961028251948e-04,9.019607843137255054e-01,3.921568627450980338e-02
9.984938961027686310e-04,9.019607843137255054e-01,3.921568627450980338e-02
9.984958961027120671e-04,9.411764705882352811e-01,-7.843137254901960675e-02
9.984978961026555033e-04,8.627450980392157298e-01,7.843137254901960675e-02
9.984998961025989394e-04,8.627450980392157298e-01,-7.843137254901960675e-02
9.985018961025423755e-04,9.019607843137255054e-01,1.176470588235294101e-01
9.985038961024858117e-04,9.411764705882352811e-01,7.843137254901960675e-02
9.985058961024292478e-04,8.627450980392157298e-01,-3.921568627450980338e-02
9.985078961023726839e-04,9.019607843137255054e-01,7.843137254901960675e-02
9.985098961023161201e-04,9.019607843137255054e-01,0.000000000000000000e+00
9.985118961022595562e-04,9.411764705882352811e-01,0.000000000000000000e+00
9.985138961022029924e-04,8.627450980392157298e-01,7.843137254901960675e-02
9.985158961021464285e-04,9.019607843137255054e-01,0.000000000000000000e+00
9.985178961020898646e-04,9.411764705882352811e-01,1.176470588235294101e-01
9.985198961020333008e-04,9.411764705882352811e-01,-3.921568627450980338e-02
9.985218961019767369e-04,8.235294117647058432e-01,0.000000000000000000e+00
9.985238961019201730e-04,9.019607843137255054e-01,7.843137254901960675e-02
9.985258961018636092e-04,9.019607843137255054e-01,0.000000000000000000e+00
9.985278961018070453e-04,9.411764705882352811e-01,3.921568627450980338e-02
9.985298961017504814e-04,8.627450980392157298e-01,-3.921568627450980338e-02
9.985318961016939176e-04,8.627450980392157298e-01,3.921568627450980338e-02
9.985338961016373537e-04,9.019607843137255054e-01,3.921568627450980338e-02
9.985358961015807899e-04,9.411764705882352811e-01,-7.843137254901960675e-02
9.985378961015242260e-04,8.627450980392157298e-01,7.843137254901960675e-02
9.985398961014676621e-04,9.019607843137255054e-01,-7.843137254901960675e-02
9.985418961014110983e-04,9.019607843137255054e-01,3.921568627450980338e-02
9.985438961013545344e-04,9.411764705882352811e-01,3.921568627450980338e-02
9.985458961012979705e-04,8.627450980392157298e-01,-3.921568627450980338e-02
9.985478961012414067e-04,8.627450980392157298e-01,7.843137254901960675e-02
9.985498961011848428e-04,9.411764705882352811e-01,-3.921568627450980338e-02
9.985518961011282790e-04,9.411764705882352811e-01,0.000000000000000000e+00
9.985538961010717151e-04,8.627450980392157298e-01,3.921568627450980338e-02
9.985558961010151512e-04,9.019607843137255054e-01,-1.568627450980392135e-01
9.985578961009585874e-04,9.019607843137255054e-01,7.843137254901960675e-02
9.985598961009020235e-04,9.411764705882352811e-01,-3.921568627450980338e-02
9.985618961008454596e-04,8.627450980392157298e-01,0.000000000000000000e+00
9.985638961007888958e-04,9.019607843137255054e-01,3.921568627450980338e-02
9.985658961007323319e-04,9.411764705882352811e-01,0.000000000000000000e+00
9.985678961006757681e-04,9.411764705882352811e-01,3.921568627450980338e-02
9.985698961006192042e-04,8.627450980392157298e-01,-3.921568627450980338e-02
9.985718961005626403e-04,8.627450980392157298e-01,0.000000000000000000e+00
9.985738961005060765e-04,9.019607843137255054e-01,0.000000000000000000e+00
9.985758961004495126e-04,9.411764705882352811e-01,-7.843137254901960675e-02
9.985778961003929487e-04,8.627450980392157298e-01,7.843137254901960675e-02
9.985798961003363849e-04,9.411764705882352811e-01,-7.843137254901960675e-02
9.985818961002798210e-04,9.019607843137255054e-01,7.843137254901960675e-02
9.985838961002232572e-04,9.411764705882352811e-01,3.921568627450980338e-02
9.985858961001666933e-04,8.627450980392157298e-01,-7.843137254901960675e-02
9.985878961001101294e-04,9.019607843137255054e-01,7.843137254901960675e-02
9.985898961000535656e-04,9.019607843137255054e-01,-7.843137254901960675e-02
9.985918960999970017e-04,9.411764705882352811e-01,0.000000000000000000e+00
9.985938960999404378e-04,8.627450980392157298e-01,3.921568627450980338e-02
9.985958960998838740e-04,9.019607843137255054e-01,-1.568627450980392135e-01
9.985978960998273101e-04,9.019607843137255054e-01,7.843137254901960675e-02
9.985998960997707462e-04,9.411764705882352811e-01,-7.843137254901960675e-02
9.986018960997141824e-04,8.627450980392157298e-01,0.000000000000000000e+00
9.986038960996576185e-04,9.019607843137255054e-01,3.921568627450980338e-02
9.986058960996010547e-04,9.411764705882352811e-01,0.000000000000000000e+00
9.986078960995444908e-04,9.019607843137255054e-01,3.921568627450980338e-02
9.986098960994879269e-04,8.627450980392157298e-01,-3.921568627450980338e-02
9.986118960994313631e-04,9.019607843137255054e-01,0.000000000000000000e+00
9.986138960993747992e-04,9.019607843137255054e-01,3.921568627450980338e-02
9.986158960993182353e-04,9.411764705882352811e-01,-7.843137254901960675e-02
9.986178960992616715e-04,8.627450980392157298e-01,7.843137254901960675e-02
9.986198960992051076e-04,9.019607843137255054e-01,0.000000000000000000e+00
9.986218960991485438e-04,9.019607843137255054e-01,7.843137254901960675e-02
9.986238960990919799e-04,9.411764705882352811e-01,3.921568627450980338e-02
9.986258960990354160e-04,8.627450980392157298e-01,-7.843137254901960675e-02
9.986278960989788522e-04,9.019607843137255054e-01,7.843137254901960675e-02
9.986298960989222883e-04,9.019607843137255054e-01,-3.921568627450980338e-02
9.986318960988657244e-04,9.411764705882352811e-01,0.000000000000000000e+00
9.986338960988091606e-04,8.627450980392157298e-01,0.000000000000000000e+00
9.986358960987525967e-04,9.019607843137255054e-01,-1.568627450980392135e-01
9.986378960986960329e-04,9.019607843137255054e-01,1.176470588235294101e-01
9.986398960986394690e-04,9.411764705882352811e-01,-3.921568627450980338e-02
9.986418960985829051e-04,8.235294117647058432e-01,0.000000000000000000e+00
9.986438960985263413e-04,9.019607843137255054e-01,3.921568627450980338e-02
9.986458960984697774e-04,9.019607843137255054e-01,0.000000000000000000e+00
9.986478960984132135e-04,9.411764705882352811e-01,3.921568627450980338e-02
9.986498960983566497e-04,8.627450980392157298e-01,-3.921568627450980338e-02
9.986518960983000858e-04,9.019607843137255054e-01,0.000000000000000000e+00
9.986538960982435219e-04,9.019607843137255054e-01,3.921568627450980338e-02
9.986558960981869581e-04,9.411764705882352811e-01,-7.843137254901960675e-02
9.986578960981303942e-04,8.627450980392157298e-01,7.843137254901960675e-02
9.986598960980738304e-04,9.019607843137255054e-01,0.000000000000000000e+00
9.986618960980172665e-04,9.019607843137255054e-01,1.176470588235294101e-01
9.986638960979607026e-04,9.019607843137255054e-01,3.921568627450980338e-02
9.986658960979041388e-04,8.627450980392157298e-01,-3.921568627450980338e-02
9.986678960978475749e-04,9.019607843137255054e-01,7.843137254901960675e-02
9.986698960977910110e-04,9.019607843137255054e-01,-3.921568627450980338e-02
9.986718960977344472e-04,9.411764705882352811e-01,0.000000000000000000e+00
9.986738960976778833e-04,8.627450980392157298e-01,0.000000000000000000e+00
9.986758960976213195e-04,9.019607843137255054e-01,-7.843137254901960675e-02
9.986778960975647556e-04,9.019607843137255054e-01,7.843137254901960675e-02
9.986798960975081917e-04,9.411764705882352811e-01,0.000000000000000000e+00
9.986818960974516279e-04,8.627450980392157298e-01,0.000000000000000000e+00
9.986838960973950640e-04,8.627450980392157298e-01,3.921568627450980338e-02
9.986858960973385001e-04,9.019607843137255054e-01,0.000000000000000000e+00
9.986878960972819363e-04,9.411764705882352811e-01,3.921568627450980338e-02
9.986898960972253724e-04,8.627450980392157298e-01,-7.843137254901960675e-02
9.986918960971688086e-04,8.235294117647058432e-01,0.000000000000000000e+00
9.986938960971122447e-04,9.019607843137255054e-01,3.921568627450980338e-02
9.986958960970556808e-04,9.411764705882352811e-01,-7.843137254901960675e-02
9.986978960969991170e-04,8.627450980392157298e-01,1.176470588235294101e-01
9.986998960969425531e-04,8.627450980392157298e-01,0.000000000000000000e+00
9.987018960968859892e-04,9.019607843137255054e-01,7.843137254901960675e-02
9.987038960968294254e-04,9.411764705882352811e-01,0.000000000000000000e+00
9.987058960967728615e-04,8.627450980392157298e-01,-7.843137254901960675e-02
9.987078960967162976e-04,9.019607843137255054e-01,7.843137254901960675e-02
9.987098960966597338e-04,9.411764705882352811e-01,-3.921568627450980338e-02
9.987118960966031699e-04,9.411764705882352811e-01,0.000000000000000000e+00
9.987138960965466061e-04,8.627450980392157298e-01,3.921568627450980338e-02
9.987158960964900422e-04,9.019607843137255054e-01,-1.568627450980392135e-01
9.987178960964334783e-04,9.019607843137255054e-01,1.176470588235294101e-01
9.987198960963769145e-04,9.411764705882352811e-01,-7.843137254901960675e-02
9.987218960963203506e-04,8.627450980392157298e-01,0.000000000000000000e+00
9.987238960962637867e-04,8.627450980392157298e-01,3.921568627450980338e-02
9.987258960962072229e-04,9.019607843137255054e-01,0.000000000000000000e+00
9.987278960961506590e-04,9.411764705882352811e-01,7.843137254901960675e-02
9.987298960960940952e-04,8.627450980392157298e-01,-3.921568627450980338e-02
9.987318960960375313e-04,9.019607843137255054e-01,0.000000000000000000e+00
9.987338960959809674e-04,9.019607843137255054e-01,3.921568627450980338e-02
9.987358960959244036e-04,9.019607843137255054e-01,-3.921568627450980338e-02
9.987378960958678397e-04,8.627450980392157298e-01,7.843137254901960675e-02
9.987398960958112758e-04,9.019607843137255054e-01,-1.568627450980392135e-01
9.987418960957547120e-04,9.019607843137255054e-01,7.843137254901960675e-02
9.987438960956981481e-04,9.411764705882352811e-01,0.000000000000000000e+00
9.987458960956415843e-04,8.235294117647058432e-01,-7.843137254901960675e-02
9.987478960955850204e-04,8.627450980392157298e-01,7.843137254901960675e-02
9.987498960955284565e-04,9.019607843137255054e-01,-3.921568627450980338e-02
9.987518960954718927e-04,9.411764705882352811e-01,0.000000000000000000e+00
9.987538960954153288e-04,8.627450980392157298e-01,7.843137254901960675e-02
9.987558960953587649e-04,9.019607843137255054e-01,-1.568627450980392135e-01
9.987578960953022011e-04,9.019607843137255054e-01,1.176470588235294101e-01
9.987598960952456372e-04,9.411764705882352811e-01,-3.921568627450980338e-02
9.987618960951890733e-04,8.627450980392157298e-01,0.000000000000000000e+00
9.987638960951325095e-04,9.411764705882352811e-01,7.843137254901960675e-02
9.987658960950759456e-04,9.411764705882352811e-01,0.000000000000000000e+00
9.987678960950193818e-04,9.411764705882352811e-01,3.921568627450980338e-02
9.987698960949628179e-04,8.627450980392157298e-01,-3.921568627450980338e-02
9.987718960949062540e-04,8.627450980392157298e-01,3.921568627450980338e-02
9.987738960948496902e-04,9.019607843137255054e-01,7.843137254901960675e-02
9.987758960947931263e-04,9.411764705882352811e-01,-7.843137254901960675e-02
9.987778960947365624e-04,8.627450980392157298e-01,1.176470588235294101e-01
9.987798960946799986e-04,9.019607843137255054e-01,-1.568627450980392135e-01
9.987818960946234347e-04,9.019607843137255054e-01,7.843137254901960675e-02
9.987838960945668709e-04,9.411764705882352811e-01,3.921568627450980338e-02
9.987858960945103070e-04,9.019607843137255054e-01,-7.843137254901960675e-02
9.987878960944537431e-04,9.019607843137255054e-01,7.843137254901960675e-02
9.987898960943971793e-04,9.019607843137255054e-01,-3.921568627450980338e-02
9.987918960943406154e-04,9.411764705882352811e-01,0.000000000000000000e+00
9.987938960942840515e-04,8.627450980392157298e-01,7.843137254901960675e-02
9.987958960942274877e-04,9.019607843137255054e-01,-1.568627450980392135e-01
9.987978960941709238e-04,9.019607843137255054e-01,1.176470588235294101e-01
9.987998960941143600e-04,9.411764705882352811e-01,-3.921568627450980338e-02
9.988018960940577961e-04,8.627450980392157298e-01,0.000000000000000000e+00
9.988038960940012322e-04,9.019607843137255054e-01,3.921568627450980338e-02
9.988058960939446684e-04,9.019607843137255054e-01,0.000000000000000000e+00
9.988078960938881045e-04,9.411764705882352811e-01,3.921568627450980338e-02
9.988098960938315406e-04,8.627450980392157298e-01,0.000000000000000000e+00
9.988118960937749768e-04,8.627450980392157298e-01,0.000000000000000000e+00
9.988138960937184129e-04,9.019607843137255054e-01,3.921568627450980338e-02
9.988158960936618491e-04,9.411764705882352811e-01,-3.921568627450980338e-02
9.988178960936052852e-04,8.627450980392157298e-01,7.843137254901960675e-02
9.988198960935487213e-04,9.411764705882352811e-01,-7.843137254901960675e-02
9.988218960934921575e-04,9.019607843137255054e-01,7.843137254901960675e-02
9.988238960934355936e-04,9.411764705882352811e-01,3.921568627450980338e-02
9.988258960933790297e-04,8.627450980392157298e-01,-7.843137254901960675e-02
9.988278960933224659e-04,8.627450980392157298e-01,7.843137254901960675e-02
9.988298960932659020e-04,9.019607843137255054e-01,-3.921568627450980338e-02
9.988318960932093381e-04,9.411764705882352811e-01,0.000000000000000000e+00
9.988338960931527743e-04,8.627450980392157298e-01,3.921568627450980338e-02
9.988358960930962104e-04,9.019607843137255054e-01,-1.568627450980392135e-01
9.988378960930396466e-04,9.019607843137255054e-01,7.843137254901960675e-02
9.988398960929830827e-04,9.803921568627450567e-01,-3.921568627450980338e-02
9.988418960929265188e-04,8.627450980392157298e-01,0.000000000000000000e+00
9.988438960928699550e-04,9.019607843137255054e-01,7.843137254901960675e-02
9.988458960928133911e-04,9.411764705882352811e-01,-3.921568627450980338e-02
9.988478960927568272e-04,9.411764705882352811e-01,7.843137254901960675e-02
9.988498960927002634e-04,8.627450980392157298e-01,-7.843137254901960675e-02
9.988518960926436995e-04,9.019607843137255054e-01,0.000000000000000000e+00
9.988538960925871357e-04,9.019607843137255054e-01,3.921568627450980338e-02
9.988558960925305718e-04,9.411764705882352811e-01,-7.843137254901960675e-02
9.988578960924740079e-04,8.627450980392157298e-01,7.843137254901960675e-02
9.988598960924174441e-04,9.019607843137255054e-01,0.000000000000000000e+00
9.988618960923608802e-04,9.019607843137255054e-01,7.843137254901960675e-02
9.988638960923043163e-04,9.411764705882352811e-01,3.921568627450980338e-02
9.988658960922477525e-04,9.019607843137255054e-01,-3.921568627450980338e-02
9.988678960921911886e-04,9.019607843137255054e-01,7.843137254901960675e-02
9.988698960921346248e-04,9.019607843137255054e-01,-3.921568627450980338e-02
9.988718960920780609e-04,9.411764705882352811e-01,0.000000000000000000e+00
9.988738960920214970e-04,9.019607843137255054e-01,7.843137254901960675e-02
9.988758960919649332e-04,9.019607843137255054e-01,-1.568627450980392135e-01
9.988778960919083693e-04,9.019607843137255054e-01,1.176470588235294101e-01
9.988798960918518054e-04,9.411764705882352811e-01,-3.921568627450980338e-02
9.988818960917952416e-04,8.235294117647058432e-01,0.000000000000000000e+00
9.988838960917386777e-04,9.019607843137255054e-01,3.921568627450980338e-02
9.988858960916821138e-04,9.019607843137255054e-01,0.000000000000000000e+00
9.988878960916255500e-04,9.411764705882352811e-01,7.843137254901960675e-02
9.988898960915689861e-04,8.627450980392157298e-01,0.000000000000000000e+00
9.988918960915124223e-04,9.019607843137255054e-01,3.921568627450980338e-02
9.988938960914558584e-04,9.019607843137255054e-01,7.843137254901960675e-02
9.988958960913992945e-04,9.411764705882352811e-01,-3.921568627450980338e-02
9.988978960913427307e-04,8.627450980392157298e-01,7.843137254901960675e-02
9.988998960912861668e-04,9.019607843137255054e-01,-7.843137254901960675e-02
9.989018960912296029e-04,9.019607843137255054e-01,7.843137254901960675e-02
9.989038960911730391e-04,9.411764705882352811e-01,3.921568627450980338e-02
9.989058960911164752e-04,8.627450980392157298e-01,-3.921568627450980338e-02
9.989078960910599114e-04,9.019607843137255054e-01,7.843137254901960675e-02
9.989098960910033475e-04,9.019607843137255054e-01,-7.843137254901960675e-02
9.989118960909467836e-04,9.411764705882352811e-01,0.000000000000000000e+00
9.989138960908902198e-04,8.235294117647058432e-01,7.843137254901960675e-02
9.989158960908336559e-04,9.411764705882352811e-01,-7.843137254901960675e-02
9.989178960907770920e-04,9.019607843137255054e-01,7.843137254901960675e-02
9.989198960907205282e-04,9.803921568627450567e-01,-3.921568627450980338e-02
9.989218960906639643e-04,8.627450980392157298e-01,0.000000000000000000e+00
9.989238960906074005e-04,9.019607843137255054e-01,3.921568627450980338e-02
9.989258960905508366e-04,9.411764705882352811e-01,-3.921568627450980338e-02
9.989278960904942727e-04,9.411764705882352811e-01,7.843137254901960675e-02
9.989298960904377089e-04,8.235294117647058432e-01,-3.921568627450980338e-02
9.989318960903811450e-04,8.627450980392157298e-01,3.921568627450980338e-02
9.989338960903245811e-04,9.411764705882352811e-01,7.843137254901960675e-02
9.989358960902680173e-04,9.411764705882352811e-01,-7.843137254901960675e-02
9.989378960902114534e-04,8.235294117647058432e-01,7.843137254901960675e-02
9.989398960901548895e-04,8.627450980392157298e-01,-7.843137254901960675e-02
9.989418960900983257e-04,8.627450980392157298e-01,7.843137254901960675e-02
9.989438960900417618e-04,9.411764705882352811e-01,3.921568627450980338e-02
9.989458960899851980e-04,8.627450980392157298e-01,-7.843137254901960675e-02
9.989478960899286341e-04,9.019607843137255054e-01,7.843137254901960675e-02
9.989498960898720702e-04,9.019607843137255054e-01,-1.568627450980392135e-01
9.989518960898155064e-04,9.411764705882352811e-01,3.921568627450980338e-02
9.989538960897589425e-04,8.627450980392157298e-01,7.843137254901960675e-02
9.989558960897023786e-04,9.019607843137255054e-01,-1.568627450980392135e-01
9.989578960896458148e-04,9.019607843137255054e-01,1.176470588235294101e-01
9.989598960895892509e-04,9.411764705882352811e-01,-3.921568627450980338e-02
9.989618960895326871e-04,8.235294117647058432e-01,0.000000000000000000e+00
9.989638960894761232e-04,9.019607843137255054e-01,3.921568627450980338e-02
9.989658960894195593e-04,8.627450980392157298e-01,0.000000000000000000e+00
9.989678960893629955e-04,9.411764705882352811e-01,7.843137254901960675e-02
9.989698960893064316e-04,8.627450980392157298e-01,0.000000000000000000e+00
9.989718960892498677e-04,8.627450980392157298e-01,3.921568627450980338e-02
9.989738960891933039e-04,8.627450980392157298e-01,7.843137254901960675e-02
9.989758960891367400e-04,9.411764705882352811e-01,-7.843137254901960675e-02
9.989778960890801762e-04,8.627450980392157298e-01,7.843137254901960675e-02
9.989798960890236123e-04,9.019607843137255054e-01,-7.843137254901960675e-02
9.989818960889670484e-04,9.019607843137255054e-01,1.176470588235294101e-01
9.989838960889104846e-04,9.411764705882352811e-01,7.843137254901960675e-02
9.989858960888539207e-04,8.627450980392157298e-01,-7.843137254901960675e-02
9.989878960887973568e-04,8.627450980392157298e-01,7.843137254901960675e-02
9.989898960887407930e-04,9.019607843137255054e-01,-3.921568627450980338e-02
9.989918960886842291e-04,9.411764705882352811e-01,0.000000000000000000e+00
9.989938960886276653e-04,8.627450980392157298e-01,7.843137254901960675e-02
9.989958960885711014e-04,9.019607843137255054e-01,-1.568627450980392135e-01
9.989978960885145375e-04,9.019607843137255054e-01,7.843137254901960675e-02
9.989998960884579737e-04,9.803921568627450567e-01,-3.921568627450980338e-02
9.990018960884014098e-04,8.235294117647058432e-01,0.000000000000000000e+00
9.990038960883448459e-04,9.019607843137255054e-01,7.843137254901960675e-02
9.990058960882882821e-04,9.411764705882352811e-01,-3.921568627450980338e-02
9.990078960882317182e-04,9.411764705882352811e-01,7.843137254901960675e-02
9.990098960881751543e-04,8.627450980392157298e-01,-3.921568627450980338e-02
9.990118960881185905e-04,9.019607843137255054e-01,3.921568627450980338e-02
9.990138960880620266e-04,9.019607843137255054e-01,7.843137254901960675e-02
9.990158960880054628e-04,9.411764705882352811e-01,-7.843137254901960675e-02
9.990178960879488989e-04,8.627450980392157298e-01,7.843137254901960675e-02
9.990198960878923350e-04,9.019607843137255054e-01,-3.921568627450980338e-02
9.990218960878357712e-04,9.019607843137255054e-01,3.921568627450980338e-02
9.990238960877792073e-04,9.019607843137255054e-01,3.921568627450980338e-02
9.990258960877226434e-04,8.627450980392157298e-01,-7.843137254901960675e-02
9.990278960876660796e-04,8.627450980392157298e-01,1.176470588235294101e-01
9.990298960876095157e-04,9.019607843137255054e-01,-7.843137254901960675e-02
9.990318960875529519e-04,9.411764705882352811e-01,0.000000000000000000e+00
9.990338960874963880e-04,8.627450980392157298e-01,7.843137254901960675e-02
9.990358960874398241e-04,8.627450980392157298e-01,-1.568627450980392135e-01
9.990378960873832603e-04,9.019607843137255054e-01,1.176470588235294101e-01
9.990398960873266964e-04,9.803921568627450567e-01,0.000000000000000000e+00
9.990418960872701325e-04,8.235294117647058432e-01,-3.921568627450980338e-02
9.990438960872135687e-04,9.019607843137255054e-01,3.921568627450980338e-02
9.990458960871570048e-04,9.019607843137255054e-01,0.000000000000000000e+00
9.990478960871004410e-04,9.411764705882352811e-01,3.921568627450980338e-02
9.990498960870438771e-04,8.627450980392157298e-01,0.000000000000000000e+00
9.990518960869873132e-04,9.019607843137255054e-01,3.921568627450980338e-02
9.990538960869307494e-04,9.411764705882352811e-01,7.843137254901960675e-02
9.990558960868741855e-04,9.411764705882352811e-01,-7.843137254901960675e-02
9.990578960868176216e-04,8.627450980392157298e-01,7.843137254901960675e-02
9.990598960867610578e-04,9.019607843137255054e-01,-7.843137254901960675e-02
9.990618960867044939e-04,9.019607843137255054e-01,7.843137254901960675e-02
9.990638960866479300e-04,9.411764705882352811e-01,0.000000000000000000e+00
9.990658960865913662e-04,8.627450980392157298e-01,-3.921568627450980338e-02
9.990678960865348023e-04,9.019607843137255054e-01,3.921568627450980338e-02
9.990698960864782385e-04,9.411764705882352811e-01,0.000000000000000000e+00
9.990718960864216746e-04,9.411764705882352811e-01,3.921568627450980338e-02
9.990738960863651107e-04,8.627450980392157298e-01,3.921568627450980338e-02
9.990758960863085469e-04,8.627450980392157298e-01,-1.568627450980392135e-01
9.990778960862519830e-04,9.019607843137255054e-01,1.568627450980392135e-01
9.990798960861954191e-04,9.411764705882352811e-01,-7.843137254901960675e-02
9.990818960861388553e-04,8.627450980392157298e-01,0.000000000000000000e+00
9.990838960860822914e-04,9.019607843137255054e-01,3.921568627450980338e-02
9.990858960860257276e-04,9.019607843137255054e-01,-3.921568627450980338e-02
9.990878960859691637e-04,9.411764705882352811e-01,7.843137254901960675e-02
9.990898960859125998e-04,8.627450980392157298e-01,-3.921568627450980338e-02
9.990918960858560360e-04,9.019607843137255054e-01,0.000000000000000000e+00
9.990938960857994721e-04,9.019607843137255054e-01,7.843137254901960675e-02
9.990958960857429082e-04,9.803921568627450567e-01,-7.843137254901960675e-02
9.990978960856863444e-04,8.235294117647058432e-01,7.843137254901960675e-02
9.990998960856297805e-04,8.627450980392157298e-01,0.000000000000000000e+00
9.991018960855732167e-04,8.627450980392157298e-01,7.843137254901960675e-02
9.991038960855166528e-04,9.411764705882352811e-01,3.921568627450980338e-02
9.991058960854600889e-04,8.235294117647058432e-01,-7.843137254901960675e-02
9.991078960854035251e-04,9.019607843137255054e-01,7.843137254901960675e-02
9.991098960853469612e-04,9.019607843137255054e-01,0.000000000000000000e+00
9.991118960852903973e-04,9.019607843137255054e-01,0.000000000000000000e+00
9.991138960852338335e-04,8.627450980392157298e-01,7.843137254901960675e-02
9.991158960851772696e-04,9.019607843137255054e-01,-1.960784313725490169e-01
9.991178960851207057e-04,9.411764705882352811e-01,1.176470588235294101e-01
9.991198960850641419e-04,9.411764705882352811e-01,-3.921568627450980338e-02
9.991218960850075780e-04,8.627450980392157298e-01,0.000000000000000000e+00
9.991238960849510142e-04,9.019607843137255054e-01,7.843137254901960675e-02
9.991258960848944503e-04,9.411764705882352811e-01,0.000000000000000000e+00
9.991278960848378864e-04,9.411764705882352811e-01,3.921568627450980338e-02
9.991298960847813226e-04,8.627450980392157298e-01,0.000000000000000000e+00
9.991318960847247587e-04,9.019607843137255054e-01,0.000000000000000000e+00
9.991338960846681948e-04,9.019607843137255054e-01,3.921568627450980338e-02
9.991358960846116310e-04,9.411764705882352811e-01,-3.921568627450980338e-02
9.991378960845550671e-04,8.235294117647058432e-01,7.843137254901960675e-02
9.991398960844985033e-04,9.019607843137255054e-01,0.000000000000000000e+00
9.991418960844419394e-04,9.019607843137255054e-01,7.843137254901960675e-02
9.991438960843853755e-04,9.411764705882352811e-01,7.843137254901960675e-02
9.991458960843288117e-04,8.627450980392157298e-01,-3.921568627450980338e-02
9.991478960842722478e-04,8.627450980392157298e-01,7.843137254901960675e-02
9.991498960842156839e-04,9.411764705882352811e-01,0.000000000000000000e+00
9.991518960841591201e-04,9.411764705882352811e-01,0.000000000000000000e+00
9.991538960841025562e-04,8.235294117647058432e-01,7.843137254901960675e-02
9.991558960840459924e-04,9.411764705882352811e-01,-7.843137254901960675e-02
9.991578960839894285e-04,9.019607843137255054e-01,1.176470588235294101e-01
9.991598960839328646e-04,9.411764705882352811e-01,-3.921568627450980338e-02
9.991618960838763008e-04,8.627450980392157298e-01,0.000000000000000000e+00
9.991638960838197369e-04,9.019607843137255054e-01,7.843137254901960675e-02
9.991658960837631730e-04,9.019607843137255054e-01,-3.921568627450980338e-02
9.991678960837066092e-04,9.411764705882352811e-01,7.843137254901960675e-02
9.991698960836500453e-04,8.627450980392157298e-01,-3.921568627450980338e-02
9.991718960835934814e-04,8.627450980392157298e-01,0.000000000000000000e+00
9.991738960835369176e-04,9.019607843137255054e-01,3.921568627450980338e-02
9.991758960834803537e-04,9.411764705882352811e-01,-7.843137254901960675e-02
9.991778960834237899e-04,8.627450980392157298e-01,7.843137254901960675e-02
9.991798960833672260e-04,9.019607843137255054e-01,-7.843137254901960675e-02
9.991818960833106621e-04,8.627450980392157298e-01,7.843137254901960675e-02
9.991838960832540983e-04,9.411764705882352811e-01,3.921568627450980338e-02
9.991858960831975344e-04,8.627450980392157298e-01,-3.921568627450980338e-02
9.991878960831409705e-04,8.627450980392157298e-01,1.568627450980392135e-01
9.991898960830844067e-04,9.019607843137255054e-01,-3.921568627450980338e-02
9.991918960830278428e-04,9.411764705882352811e-01,0.000000000000000000e+00
9.991938960829712790e-04,8.627450980392157298e-01,3.921568627450980338e-02
9.991958960829147151e-04,9.019607843137255054e-01,-1.568627450980392135e-01
9.991978960828581512e-04,9.019607843137255054e-01,1.176470588235294101e-01
9.991998960828015874e-04,9.803921568627450567e-01,0.000000000000000000e+00
9.992018960827450235e-04,9.019607843137255054e-01,0.000000000000000000e+00
9.992038960826884596e-04,9.019607843137255054e-01,3.921568627450980338e-02
9.992058960826318958e-04,8.627450980392157298e-01,0.000000000000000000e+00
9.992078960825753319e-04,9.411764705882352811e-01,3.921568627450980338e-02
9.992098960825187681e-04,8.627450980392157298e-01,0.000000000000000000e+00
9.992118960824622042e-04,9.019607843137255054e-01,3.921568627450980338e-02
9.992138960824056403e-04,9.019607843137255054e-01,7.843137254901960675e-02
9.992158960823490765e-04,9.411764705882352811e-01,-3.921568627450980338e-02
9.992178960822925126e-04,8.627450980392157298e-01,1.176470588235294101e-01
9.992198960822359487e-04,9.411764705882352811e-01,-7.843137254901960675e-02
9.992218960821793849e-04,9.411764705882352811e-01,7.843137254901960675e-02
9.992238960821228210e-04,9.019607843137255054e-01,0.000000000000000000e+00
9.992258960820662572e-04,8.627450980392157298e-01,-7.843137254901960675e-02
9.992278960820096933e-04,8.627450980392157298e-01,7.843137254901960675e-02
9.992298960819531294e-04,9.019607843137255054e-01,-3.921568627450980338e-02
9.992318960818965656e-04,9.411764705882352811e-01,0.000000000000000000e+00
9.992338960818400017e-04,8.627450980392157298e-01,3.921568627450980338e-02
9.992358960817834378e-04,9.019607843137255054e-01,-7.843137254901960675e-02
9.992378960817268740e-04,8.627450980392157298e-01,7.843137254901960675e-02
9.992398960816703101e-04,9.411764705882352811e-01,-3.921568627450980338e-02
9.992418960816137462e-04,8.627450980392157298e-01,0.000000000000000000e+00
9.992438960815571824e-04,8.627450980392157298e-01,7.843137254901960675e-02
9.992458960815006185e-04,9.019607843137255054e-01,-7.843137254901960675e-02
9.992478960814440547e-04,9.411764705882352811e-01,7.843137254901960675e-02
9.992498960813874908e-04,8.627450980392157298e-01,-3.921568627450980338e-02
9.992518960813309269e-04,9.019607843137255054e-01,0.000000000000000000e+00
9.992538960812743631e-04,9.019607843137255054e-01,3.921568627450980338e-02
9.992558960812177992e-04,9.411764705882352811e-01,-7.843137254901960675e-02
9.992578960811612353e-04,8.627450980392157298e-01,7.843137254901960675e-02
9.992598960811046715e-04,9.019607843137255054e-01,-1.568627450980392135e-01
9.992618960810481076e-04,9.019607843137255054e-01,7.843137254901960675e-02
9.992638960809915438e-04,9.411764705882352811e-01,0.000000000000000000e+00
9.992658960809349799e-04,8.235294117647058432e-01,-3.921568627450980338e-02
9.992678960808784160e-04,9.019607843137255054e-01,7.843137254901960675e-02
9.992698960808218522e-04,9.019607843137255054e-01,-3.921568627450980338e-02
9.992718960807652883e-04,9.411764705882352811e-01,0.000000000000000000e+00
9.992738960807087244e-04,8.627450980392157298e-01,3.921568627450980338e-02
9.992758960806521606e-04,9.019607843137255054e-01,-1.568627450980392135e-01
9.992778960805955967e-04,9.019607843137255054e-01,1.176470588235294101e-01
9.992798960805390329e-04,9.411764705882352811e-01,-3.921568627450980338e-02
9.992818960804824690e-04,8.627450980392157298e-01,0.000000000000000000e+00
9.992838960804259051e-04,9.019607843137255054e-01,3.921568627450980338e-02
9.992858960803693413e-04,9.019607843137255054e-01,-3.921568627450980338e-02
9.992878960803127774e-04,9.411764705882352811e-01,3.921568627450980338e-02
9.992898960802562135e-04,8.627450980392157298e-01,0.000000000000000000e+00
9.992918960801996497e-04,9.019607843137255054e-01,3.921568627450980338e-02
9.992938960801430858e-04,9.019607843137255054e-01,3.921568627450980338e-02
9.992958960800865219e-04,9.411764705882352811e-01,-7.843137254901960675e-02
9.992978960800299581e-04,8.235294117647058432e-01,7.843137254901960675e-02
9.992998960799733942e-04,8.627450980392157298e-01,-7.843137254901960675e-02
9.993018960799168304e-04,9.019607843137255054e-01,7.843137254901960675e-02
9.993038960798602665e-04,9.411764705882352811e-01,3.921568627450980338e-02
9.993058960798037026e-04,8.627450980392157298e-01,-3.921568627450980338e-02
9.993078960797471388e-04,9.019607843137255054e-01,7.843137254901960675e-02
9.993098960796905749e-04,9.411764705882352811e-01,-3.921568627450980338e-02
9.993118960796340110e-04,9.411764705882352811e-01,0.000000000000000000e+00
9.993138960795774472e-04,9.019607843137255054e-01,7.843137254901960675e-02
9.993158960795208833e-04,8.627450980392157298e-01,-1.568627450980392135e-01
9.993178960794643195e-04,8.627450980392157298e-01,1.176470588235294101e-01
9.993198960794077556e-04,9.411764705882352811e-01,-3.921568627450980338e-02
9.993218960793511917e-04,8.627450980392157298e-01,0.000000000000000000e+00
9.993238960792946279e-04,8.627450980392157298e-01,7.843137254901960675e-02
9.993258960792380640e-04,9.411764705882352811e-01,-3.921568627450980338e-02
9.993278960791815001e-04,9.411764705882352811e-01,7.843137254901960675e-02
9.993298960791249363e-04,8.627450980392157298e-01,0.000000000000000000e+00
9.993318960790683724e-04,9.411764705882352811e-01,0.000000000000000000e+00
9.993338960790118086e-04,9.019607843137255054e-01,3.921568627450980338e-02
9.993358960789552447e-04,9.411764705882352811e-01,-7.843137254901960675e-02
9.993378960788986808e-04,8.627450980392157298e-01,7.843137254901960675e-02
9.993398960788421170e-04,8.627450980392157298e-01,-3.921568627450980338e-02
9.993418960787855531e-04,9.019607843137255054e-01,7.843137254901960675e-02
9.993438960787289892e-04,9.411764705882352811e-01,3.921568627450980338e-02
9.993458960786724254e-04,8.235294117647058432e-01,-7.843137254901960675e-02
9.993478960786158615e-04,8.627450980392157298e-01,3.921568627450980338e-02
9.993498960785592976e-04,9.019607843137255054e-01,-7.843137254901960675e-02
9.993518960785027338e-04,9.411764705882352811e-01,0.000000000000000000e+00
9.993538960784461699e-04,8.235294117647058432e-01,7.843137254901960675e-02
9.993558960783896061e-04,9.019607843137255054e-01,-1.568627450980392135e-01
9.993578960783330422e-04,9.019607843137255054e-01,1.568627450980392135e-01
9.993598960782764783e-04,9.411764705882352811e-01,-3.921568627450980338e-02
9.993618960782199145e-04,8.627450980392157298e-01,0.000000000000000000e+00
9.993638960781633506e-04,9.019607843137255054e-01,7.843137254901960675e-02
9.993658960781067867e-04,9.411764705882352811e-01,-3.921568627450980338e-02
9.993678960780502229e-04,9.411764705882352811e-01,7.843137254901960675e-02
9.993698960779936590e-04,8.627450980392157298e-01,-3.921568627450980338e-02
9.993718960779370952e-04,8.627450980392157298e-01,3.921568627450980338e-02
9.993738960778805313e-04,9.411764705882352811e-01,3.921568627450980338e-02
9.993758960778239674e-04,9.411764705882352811e-01,-7.843137254901960675e-02
9.993778960777674036e-04,8.627450980392157298e-01,7.843137254901960675e-02
9.993798960777108397e-04,9.019607843137255054e-01,-7.843137254901960675e-02
9.993818960776542758e-04,8.627450980392157298e-01,7.843137254901960675e-02
9.993838960775977120e-04,9.411764705882352811e-01,3.921568627450980338e-02
9.993858960775411481e-04,8.627450980392157298e-01,-7.843137254901960675e-02
9.993878960774845843e-04,8.627450980392157298e-01,7.843137254901960675e-02
9.993898960774280204e-04,9.019607843137255054e-01,-3.921568627450980338e-02
9.993918960773714565e-04,9.411764705882352811e-01,0.000000000000000000e+00
9.993938960773148927e-04,8.627450980392157298e-01,3.921568627450980338e-02
9.993958960772583288e-04,8.627450980392157298e-01,-7.843137254901960675e-02
9.993978960772017649e-04,9.019607843137255054e-01,1.176470588235294101e-01
9.993998960771452011e-04,9.411764705882352811e-01,-3.921568627450980338e-02
9.994018960770886372e-04,8.235294117647058432e-01,0.000000000000000000e+00
9.994038960770320734e-04,8.235294117647058432e-01,3.921568627450980338e-02
9.994058960769755095e-04,9.019607843137255054e-01,0.000000000000000000e+00
9.994078960769189456e-04,9.019607843137255054e-01,0.000000000000000000e+00
9.994098960768623818e-04,8.235294117647058432e-01,0.000000000000000000e+00
9.994118960768058179e-04,8.627450980392157298e-01,3.921568627450980338e-02
9.994138960767492540e-04,9.019607843137255054e-01,3.921568627450980338e-02
9.994158960766926902e-04,9.019607843137255054e-01,-3.921568627450980338e-02
9.994178960766361263e-04,8.235294117647058432e-01,7.843137254901960675e-02
9.994198960765795624e-04,8.627450980392157298e-01,-1.568627450980392135e-01
9.994218960765229986e-04,9.019607843137255054e-01,7.843137254901960675e-02
9.994238960764664347e-04,9.411764705882352811e-01,3.921568627450980338e-02
9.994258960764098709e-04,8.627450980392157298e-01,-7.843137254901960675e-02
9.994278960763533070e-04,9.019607843137255054e-01,7.843137254901960675e-02
9.994298960762967431e-04,9.411764705882352811e-01,-3.921568627450980338e-02
9.994318960762401793e-04,9.411764705882352811e-01,3.921568627450980338e-02
9.994338960761836154e-04,8.627450980392157298e-01,7.843137254901960675e-02
9.994358960761270515e-04,8.627450980392157298e-01,-1.568627450980392135e-01
9.994378960760704877e-04,9.019607843137255054e-01,1.176470588235294101e-01
9.994398960760139238e-04,9.411764705882352811e-01,0.000000000000000000e+00
9.994418960759573600e-04,8.627450980392157298e-01,0.000000000000000000e+00
9.994438960759007961e-04,8.627450980392157298e-01,3.921568627450980338e-02
9.994458960758442322e-04,9.411764705882352811e-01,-7.843137254901960675e-02
9.994478960757876684e-04,9.411764705882352811e-01,7.843137254901960675e-02
9.994498960757311045e-04,8.627450980392157298e-01,-3.921568627450980338e-02
9.994518960756745406e-04,9.019607843137255054e-01,3.921568627450980338e-02
9.994538960756179768e-04,9.019607843137255054e-01,3.921568627450980338e-02
9.994558960755614129e-04,9.411764705882352811e-01,-7.843137254901960675e-02
9.994578960755048491e-04,8.627450980392157298e-01,1.568627450980392135e-01
9.994598960754482852e-04,9.019607843137255054e-01,-3.921568627450980338e-02
9.994618960753917213e-04,9.019607843137255054e-01,7.843137254901960675e-02
9.994638960753351575e-04,9.411764705882352811e-01,3.921568627450980338e-02
9.994658960752785936e-04,8.235294117647058432e-01,-7.843137254901960675e-02
9.994678960752220297e-04,8.627450980392157298e-01,7.843137254901960675e-02
9.994698960751654659e-04,9.411764705882352811e-01,-3.921568627450980338e-02
9.994718960751089020e-04,9.411764705882352811e-01,0.000000000000000000e+00
9.994738960750523381e-04,8.235294117647058432e-01,3.921568627450980338e-02
9.994758960749957743e-04,9.019607843137255054e-01,-1.960784313725490169e-01
9.994778960749392104e-04,8.627450980392157298e-01,1.176470588235294101e-01
9.994798960748826466e-04,9.411764705882352811e-01,-3.921568627450980338e-02
9.994818960748260827e-04,8.235294117647058432e-01,0.000000000000000000e+00
9.994838960747695188e-04,9.019607843137255054e-01,7.843137254901960675e-02
9.994858960747129550e-04,9.019607843137255054e-01,0.000000000000000000e+00
9.994878960746563911e-04,9.411764705882352811e-01,0.000000000000000000e+00
9.994898960745998272e-04,8.235294117647058432e-01,0.000000000000000000e+00
9.994918960745432634e-04,8.627450980392157298e-01,0.000000000000000000e+00
9.994938960744866995e-04,9.411764705882352811e-01,3.921568627450980338e-02
9.994958960744301357e-04,9.411764705882352811e-01,-7.843137254901960675e-02
9.994978960743735718e-04,8.627450980392157298e-01,7.843137254901960675e-02
9.994998960743170079e-04,9.019607843137255054e-01,0.000000000000000000e+00
9.995018960742604441e-04,9.019607843137255054e-01,7.843137254901960675e-02
9.995038960742038802e-04,9.411764705882352811e-01,3.921568627450980338e-02
9.995058960741473163e-04,8.235294117647058432e-01,-7.843137254901960675e-02
9.995078960740907525e-04,9.019607843137255054e-01,3.921568627450980338e-02
9.995098960740341886e-04,9.019607843137255054e-01,-3.921568627450980338e-02
9.995118960739776248e-04,9.411764705882352811e-01,0.000000000000000000e+00
9.995138960739210609e-04,8.627450980392157298e-01,7.843137254901960675e-02
9.995158960738644970e-04,9.411764705882352811e-01,-1.568627450980392135e-01
9.995178960738079332e-04,9.411764705882352811e-01,7.843137254901960675e-02
9.995198960737513693e-04,9.411764705882352811e-01,-3.921568627450980338e-02
9.995218960736948054e-04,8.235294117647058432e-01,0.000000000000000000e+00
9.995238960736382416e-04,9.019607843137255054e-01,7.843137254901960675e-02
9.995258960735816777e-04,9.019607843137255054e-01,-3.921568627450980338e-02
9.995278960735251138e-04,9.411764705882352811e-01,7.843137254901960675e-02
9.995298960734685500e-04,8.235294117647058432e-01,-7.843137254901960675e-02
9.995318960734119861e-04,8.627450980392157298e-01,0.000000000000000000e+00
9.995338960733554223e-04,9.019607843137255054e-01,3.921568627450980338e-02
9.995358960732988584e-04,9.803921568627450567e-01,-7.843137254901960675e-02
9.995378960732422945e-04,8.627450980392157298e-01,7.843137254901960675e-02
9.995398960731857307e-04,9.019607843137255054e-01,-1.568627450980392135e-01
9.995418960731291668e-04,9.019607843137255054e-01,1.176470588235294101e-01
9.995438960730726029e-04,9.411764705882352811e-01,3.921568627450980338e-02
9.995458960730160391e-04,8.627450980392157298e-01,-7.843137254901960675e-02
9.995478960729594752e-04,8.627450980392157298e-01,7.843137254901960675e-02
9.995498960729029114e-04,9.411764705882352811e-01,-3.921568627450980338e-02
9.995518960728463475e-04,9.411764705882352811e-01,3.921568627450980338e-02
9.995538960727897836e-04,8.627450980392157298e-01,7.843137254901960675e-02
9.995558960727332198e-04,9.019607843137255054e-01,-1.568627450980392135e-01
9.995578960726766559e-04,9.019607843137255054e-01,1.176470588235294101e-01
9.995598960726200920e-04,9.411764705882352811e-01,-3.921568627450980338e-02
9.995618960725635282e-04,8.627450980392157298e-01,-3.921568627450980338e-02
9.995638960725069643e-04,8.627450980392157298e-01,3.921568627450980338e-02
9.995658960724504005e-04,9.411764705882352811e-01,0.000000000000000000e+00
9.995678960723938366e-04,9.411764705882352811e-01,3.921568627450980338e-02
9.995698960723372727e-04,8.627450980392157298e-01,-3.921568627450980338e-02
9.995718960722807089e-04,9.019607843137255054e-01,3.921568627450980338e-02
9.995738960722241450e-04,9.019607843137255054e-01,7.843137254901960675e-02
9.995758960721675811e-04,9.411764705882352811e-01,-7.843137254901960675e-02
9.995778960721110173e-04,8.627450980392157298e-01,1.568627450980392135e-01
9.995798960720544534e-04,8.627450980392157298e-01,0.000000000000000000e+00
9.995818960719978895e-04,8.627450980392157298e-01,7.843137254901960675e-02
9.995838960719413257e-04,9.411764705882352811e-01,3.921568627450980338e-02
9.995858960718847618e-04,8.235294117647058432e-01,-7.843137254901960675e-02
9.995878960718281980e-04,8.627450980392157298e-01,7.843137254901960675e-02
9.995898960717716341e-04,9.019607843137255054e-01,-3.921568627450980338e-02
9.995918960717150702e-04,9.411764705882352811e-01,0.000000000000000000e+00
9.995938960716585064e-04,8.235294117647058432e-01,7.843137254901960675e-02
9.995958960716019425e-04,9.411764705882352811e-01,-1.568627450980392135e-01
9.995978960715453786e-04,9.019607843137255054e-01,1.176470588235294101e-01
9.995998960714888148e-04,9.411764705882352811e-01,-7.843137254901960675e-02
9.996018960714322509e-04,8.235294117647058432e-01,0.000000000000000000e+00
9.996038960713756871e-04,9.019607843137255054e-01,7.843137254901960675e-02
9.996058960713191232e-04,9.411764705882352811e-01,-3.921568627450980338e-02
9.996078960712625593e-04,9.803921568627450567e-01,7.843137254901960675e-02
9.996098960712059955e-04,8.627450980392157298e-01,0.000000000000000000e+00
9.996118960711494316e-04,8.627450980392157298e-01,0.000000000000000000e+00
9.996138960710928677e-04,8.627450980392157298e-01,7.843137254901960675e-02
9.996158960710363039e-04,9.411764705882352811e-01,-3.921568627450980338e-02
9.996178960709797400e-04,8.627450980392157298e-01,7.843137254901960675e-02
9.996198960709231762e-04,9.019607843137255054e-01,-3.921568627450980338e-02
9.996218960708666123e-04,9.019607843137255054e-01,3.921568627450980338e-02
9.996238960708100484e-04,9.411764705882352811e-01,7.843137254901960675e-02
9.996258960707534846e-04,8.627450980392157298e-01,-7.843137254901960675e-02
9.996278960706969207e-04,9.019607843137255054e-01,7.843137254901960675e-02
9.996298960706403568e-04,9.019607843137255054e-01,-3.921568627450980338e-02
9.996318960705837930e-04,9.411764705882352811e-01,0.000000000000000000e+00
9.996338960705272291e-04,8.627450980392157298e-01,3.921568627450980338e-02
9.996358960704706653e-04,9.019607843137255054e-01,-1.568627450980392135e-01
9.996378960704141014e-04,9.019607843137255054e-01,1.176470588235294101e-01
9.996398960703575375e-04,9.411764705882352811e-01,-3.921568627450980338e-02
9.996418960703009737e-04,8.235294117647058432e-01,0.000000000000000000e+00
9.996438960702444098e-04,9.019607843137255054e-01,7.843137254901960675e-02
9.996458960701878459e-04,9.019607843137255054e-01,-3.921568627450980338e-02
9.996478960701312821e-04,9.411764705882352811e-01,7.843137254901960675e-02
9.996498960700747182e-04,8.627450980392157298e-01,-3.921568627450980338e-02
9.996518960700181543e-04,8.627450980392157298e-01,3.921568627450980338e-02
9.996538960699615905e-04,9.019607843137255054e-01,3.921568627450980338e-02
9.996558960699050266e-04,9.411764705882352811e-01,-7.843137254901960675e-02
9.996578960698484628e-04,8.627450980392157298e-01,1.176470588235294101e-01
9.996598960697918989e-04,8.627450980392157298e-01,0.000000000000000000e+00
9.996618960697353350e-04,9.019607843137255054e-01,7.843137254901960675e-02
9.996638960696787712e-04,9.411764705882352811e-01,7.843137254901960675e-02
9.996658960696222073e-04,8.627450980392157298e-01,-3.921568627450980338e-02
9.996678960695656434e-04,8.627450980392157298e-01,1.176470588235294101e-01
9.996698960695090796e-04,9.019607843137255054e-01,-3.921568627450980338e-02
9.996718960694525157e-04,9.411764705882352811e-01,0.000000000000000000e+00
9.996738960693959519e-04,8.627450980392157298e-01,7.843137254901960675e-02
9.996758960693393880e-04,9.411764705882352811e-01,-1.568627450980392135e-01
9.996778960692828241e-04,9.019607843137255054e-01,1.176470588235294101e-01
9.996798960692262603e-04,9.411764705882352811e-01,-3.921568627450980338e-02
9.996818960691696964e-04,8.627450980392157298e-01,0.000000000000000000e+00
9.996838960691131325e-04,8.627450980392157298e-01,3.921568627450980338e-02
9.996858960690565687e-04,9.019607843137255054e-01,3.921568627450980338e-02
9.996878960690000048e-04,9.411764705882352811e-01,3.921568627450980338e-02
9.996898960689434410e-04,8.627450980392157298e-01,0.000000000000000000e+00
9.996918960688868771e-04,8.235294117647058432e-01,0.000000000000000000e+00
9.996938960688303132e-04,9.019607843137255054e-01,3.921568627450980338e-02
9.996958960687737494e-04,9.411764705882352811e-01,-7.843137254901960675e-02
9.996978960687171855e-04,8.627450980392157298e-01,7.843137254901960675e-02
9.996998960686606216e-04,8.627450980392157298e-01,0.000000000000000000e+00
9.997018960686040578e-04,9.019607843137255054e-01,7.843137254901960675e-02
9.997038960685474939e-04,9.411764705882352811e-01,3.921568627450980338e-02
9.997058960684909300e-04,8.627450980392157298e-01,-7.843137254901960675e-02
9.997078960684343662e-04,9.019607843137255054e-01,1.176470588235294101e-01
9.997098960683778023e-04,9.019607843137255054e-01,-1.568627450980392135e-01
9.997118960683212385e-04,9.411764705882352811e-01,0.000000000000000000e+00
9.997138960682646746e-04,8.627450980392157298e-01,3.921568627450980338e-02
9.997158960682081107e-04,9.019607843137255054e-01,-1.568627450980392135e-01
9.997178960681515469e-04,8.627450980392157298e-01,7.843137254901960675e-02
9.997198960680949830e-04,9.411764705882352811e-01,-3.921568627450980338e-02
9.997218960680384191e-04,8.235294117647058432e-01,0.000000000000000000e+00
9.997238960679818553e-04,9.019607843137255054e-01,3.921568627450980338e-02
9.997258960679252914e-04,9.019607843137255054e-01,-3.921568627450980338e-02
9.997278960678687276e-04,9.411764705882352811e-01,1.176470588235294101e-01
9.997298960678121637e-04,9.019607843137255054e-01,-3.921568627450980338e-02
9.997318960677555998e-04,9.019607843137255054e-01,0.000000000000000000e+00
9.997338960676990360e-04,9.019607843137255054e-01,7.843137254901960675e-02
9.997358960676424721e-04,9.411764705882352811e-01,-7.843137254901960675e-02
9.997378960675859082e-04,8.627450980392157298e-01,7.843137254901960675e-02
9.997398960675293444e-04,9.411764705882352811e-01,-7.843137254901960675e-02
9.997418960674727805e-04,9.411764705882352811e-01,7.843137254901960675e-02
9.997438960674162167e-04,9.411764705882352811e-01,0.000000000000000000e+00
9.997458960673596528e-04,8.627450980392157298e-01,-7.843137254901960675e-02
9.997478960673030889e-04,8.627450980392157298e-01,7.843137254901960675e-02
9.997498960672465251e-04,9.411764705882352811e-01,-3.921568627450980338e-02
9.997518960671899612e-04,9.411764705882352811e-01,0.000000000000000000e+00
9.997538960671333973e-04,8.235294117647058432e-01,7.843137254901960675e-02
9.997558960670768335e-04,9.019607843137255054e-01,-1.568627450980392135e-01
9.997578960670202696e-04,8.627450980392157298e-01,1.176470588235294101e-01
9.997598960669637057e-04,9.803921568627450567e-01,0.000000000000000000e+00
9.997618960669071419e-04,8.627450980392157298e-01,0.000000000000000000e+00
9.997638960668505780e-04,8.627450980392157298e-01,3.921568627450980338e-02
9.997658960667940142e-04,9.019607843137255054e-01,0.000000000000000000e+00
9.997678960667374503e-04,9.411764705882352811e-01,3.921568627450980338e-02
9.997698960666808864e-04,8.627450980392157298e-01,0.000000000000000000e+00
9.997718960666243226e-04,9.019607843137255054e-01,3.921568627450980338e-02
9.997738960665677587e-04,9.019607843137255054e-01,7.843137254901960675e-02
9.997758960665111948e-04,9.411764705882352811e-01,-7.843137254901960675e-02
9.997778960664546310e-04,8.235294117647058432e-01,7.843137254901960675e-02
9.997798960663980671e-04,9.411764705882352811e-01,-7.843137254901960675e-02
9.997818960663415033e-04,9.019607843137255054e-01,7.843137254901960675e-02
9.997838960662849394e-04,9.019607843137255054e-01,3.921568627450980338e-02
9.997858960662283755e-04,8.627450980392157298e-01,-7.843137254901960675e-02
9.997878960661718117e-04,8.627450980392157298e-01,1.176470588235294101e-01
9.997898960661152478e-04,9.019607843137255054e-01,-3.921568627450980338e-02
9.997918960660586839e-04,9.803921568627450567e-01,0.000000000000000000e+00
9.997938960660021201e-04,8.627450980392157298e-01,7.843137254901960675e-02
9.997958960659455562e-04,9.019607843137255054e-01,-1.568627450980392135e-01
9.997978960658889924e-04,9.019607843137255054e-01,1.176470588235294101e-01
9.997998960658324285e-04,9.411764705882352811e-01,-7.843137254901960675e-02
9.998018960657758646e-04,8.627450980392157298e-01,0.000000000000000000e+00
9.998038960657193008e-04,9.019607843137255054e-01,7.843137254901960675e-02
9.998058960656627369e-04,9.411764705882352811e-01,-7.843137254901960675e-02
9.998078960656061730e-04,9.411764705882352811e-01,7.843137254901960675e-02
9.998098960655496092e-04,8.627450980392157298e-01,-3.921568627450980338e-02
9.998118960654930453e-04,9.019607843137255054e-01,0.000000000000000000e+00
9.998138960654364815e-04,9.019607843137255054e-01,7.843137254901960675e-02
9.998158960653799176e-04,9.411764705882352811e-01,-7.843137254901960675e-02
9.998178960653233537e-04,8.627450980392157298e-01,1.176470588235294101e-01
9.998198960652667899e-04,8.627450980392157298e-01,0.000000000000000000e+00
9.998218960652102260e-04,9.019607843137255054e-01,1.176470588235294101e-01
9.998238960651536621e-04,9.411764705882352811e-01,0.000000000000000000e+00
9.998258960650970983e-04,8.627450980392157298e-01,-3.921568627450980338e-02
9.998278960650405344e-04,9.019607843137255054e-01,7.843137254901960675e-02
9.998298960649839705e-04,8.627450980392157298e-01,-3.921568627450980338e-02
9.998318960649274067e-04,9.411764705882352811e-01,0.000000000000000000e+00
9.998338960648708428e-04,8.627450980392157298e-01,7.843137254901960675e-02
9.998358960648142790e-04,9.019607843137255054e-01,-1.568627450980392135e-01
9.998378960647577151e-04,9.019607843137255054e-01,7.843137254901960675e-02
9.998398960647011512e-04,9.411764705882352811e-01,-3.921568627450980338e-02
9.998418960646445874e-04,8.235294117647058432e-01,0.000000000000000000e+00
9.998438960645880235e-04,9.019607843137255054e-01,3.921568627450980338e-02
9.998458960645314596e-04,9.019607843137255054e-01,0.000000000000000000e+00
9.998478960644748958e-04,9.411764705882352811e-01,7.843137254901960675e-02
9.998498960644183319e-04,8.627450980392157298e-01,-3.921568627450980338e-02
9.998518960643617681e-04,9.411764705882352811e-01,3.921568627450980338e-02
9.998538960643052042e-04,9.019607843137255054e-01,3.921568627450980338e-02
9.998558960642486403e-04,9.411764705882352811e-01,-3.921568627450980338e-02
9.998578960641920765e-04,8.235294117647058432e-01,7.843137254901960675e-02
9.998598960641355126e-04,9.019607843137255054e-01,0.000000000000000000e+00
9.998618960640789487e-04,9.019607843137255054e-01,7.843137254901960675e-02
9.998638960640223849e-04,9.411764705882352811e-01,3.921568627450980338e-02
9.998658960639658210e-04,8.627450980392157298e-01,-7.843137254901960675e-02
9.998678960639092572e-04,8.627450980392157298e-01,7.843137254901960675e-02
9.998698960638526933e-04,9.019607843137255054e-01,-3.921568627450980338e-02
9.998718960637961294e-04,9.411764705882352811e-01,0.000000000000000000e+00
9.998738960637395656e-04,8.627450980392157298e-01,7.843137254901960675e-02
9.998758960636830017e-04,8.627450980392157298e-01,-1.568627450980392135e-01
9.998778960636264378e-04,9.019607843137255054e-01,4.313725490196078094e-01
9.998798960635698740e-04,9.411764705882352811e-01,1.921568627450980449e+00
9.998818960635133101e-04,8.627450980392157298e-01,3.294117647058823373e+00
9.998838960634567462e-04,9.019607843137255054e-01,4.196078431372549211e+00
9.998858960634001824e-04,9.019607843137255054e-01,4.078431372549020217e+00
9.998878960633436185e-04,9.019607843137255054e-01,3.686274509803921351e+00
9.998898960632870547e-04,9.019607843137255054e-01,3.137254901960784270e+00
9.998918960632304908e-04,9.019607843137255054e-01,2.980392156862744724e+00
9.998938960631739269e-04,9.019607843137255054e-01,3.254901960784313708e+00
9.998958960631173631e-04,9.411764705882352811e-01,3.215686274509803599e+00
9.998978960630607992e-04,9.019607843137255054e-01,3.294117647058823373e+00
9.998998960630042353e-04,8.235294117647058432e-01,3.254901960784313708e+00
9.999018960629476715e-04,9.019607843137255054e-01,3.372549019607843146e+00
9.999038960628911076e-04,9.411764705882352811e-01,3.294117647058823373e+00
9.999058960628345438e-04,8.627450980392157298e-01,3.294117647058823373e+00
9.999078960627779799e-04,8.627450980392157298e-01,3.294117647058823373e+00
9.999098960627214160e-04,9.019607843137255054e-01,3.098039215686274161e+00
9.999118960626648522e-04,9.411764705882352811e-01,3.176470588235293935e+00
9.999138960626082883e-04,8.235294117647058432e-01,3.333333333333333037e+00
9.999158960625517244e-04,9.019607843137255054e-01,3.137254901960784270e+00
9.999178960624951606e-04,9.411764705882352811e-01,3.372549019607843146e+00
9.999198960624385967e-04,9.411764705882352811e-01,3.215686274509803599e+00
9.999218960623820329e-04,8.627450980392157298e-01,3.294117647058823373e+00
9.999238960623254690e-04,8.235294117647058432e-01,3.254901960784313708e+00
9.999258960622689051e-04,9.019607843137255054e-01,3.176470588235293935e+00
9.999278960622123413e-04,9.411764705882352811e-01,3.372549019607843146e+00
9.999298960621557774e-04,8.627450980392157298e-01,3.215686274509803599e+00
9.999318960620992135e-04,8.627450980392157298e-01,3.215686274509803599e+00
9.999338960620426497e-04,9.019607843137255054e-01,3.294117647058823373e+00
9.999358960619860858e-04,9.411764705882352811e-01,3.137254901960784270e+00
9.999378960619295219e-04,8.627450980392157298e-01,3.372549019607843146e+00
9.999398960618729581e-04,8.627450980392157298e-01,3.176470588235293935e+00
9.999418960618163942e-04,9.019607843137255054e-01,3.254901960784313708e+00
9.999438960617598304e-04,9.411764705882352811e-01,3.333333333333333037e+00
9.999458960617032665e-04,8.627450980392157298e-01,3.176470588235293935e+00
9.999478960616467026e-04,9.019607843137255054e-01,3.333333333333333037e+00
9.999498960615901388e-04,9.019607843137255054e-01,3.215686274509803599e+00
9.999518960615335749e-04,9.411764705882352811e-01,3.254901960784313708e+00
9.999538960614770110e-04,7.843137254901960675e-01,3.333333333333333037e+00
9.999558960614204472e-04,8.627450980392157298e-01,3.137254901960784270e+00
9.999578960613638833e-04,8.627450980392157298e-01,3.333333333333333037e+00
9.999598960613073195e-04,9.411764705882352811e-01,3.176470588235293935e+00
9.999618960612507556e-04,8.627450980392157298e-01,3.294117647058823373e+00
9.999638960611941917e-04,8.627450980392157298e-01,3.294117647058823373e+00
9.999658960611376279e-04,9.019607843137255054e-01,3.176470588235293935e+00
9.999678960610810640e-04,9.411764705882352811e-01,3.333333333333333037e+00
9.999698960610245001e-04,8.627450980392157298e-01,3.254901960784313708e+00
9.999718960609679363e-04,8.627450980392157298e-01,3.254901960784313708e+00
9.999738960609113724e-04,9.019607843137255054e-01,3.294117647058823373e+00
9.999758960608548086e-04,9.411764705882352811e-01,3.137254901960784270e+00
9.999778960607982447e-04,8.627450980392157298e-01,3.372549019607843146e+00
9.999798960607416808e-04,9.019607843137255054e-01,3.137254901960784270e+00
9.999818960606851170e-04,9.411764705882352811e-01,3.215686274509803599e+00
9.999838960606285531e-04,9.411764705882352811e-01,3.254901960784313708e+00
9.999858960605719892e-04,8.627450980392157298e-01,3.176470588235293935e+00
9.999878960605154254e-04,8.235294117647058432e-01,2.941176470588235059e+00
9.999898960604588615e-04,9.019607843137255054e-01,1.254901960784313708e+00
9.999918960604022976e-04,9.411764705882352811e-01,2.352941176470588203e-01
9.999938960603457338e-04,8.235294117647058432e-01,-7.450980392156862919e-01
9.999958960602891699e-04,9.411764705882352811e-01,-9.019607843137253944e-01
9.999978960602326061e-04,8.627450980392157298e-01,-4.313725490196078094e-01
9.999998960601760422e-04,9.411764705882352811e-01,7.843137254901960675e-02
1.000001896060119478e-03,8.627450980392157298e-01,2.352941176470588203e-01
1.000003896060062914e-03,8.627450980392157298e-01,1.176470588235294101e-01
1.000005896060006351e-03,9.019607843137255054e-01,-3.921568627450980338e-02
1.000007896059949787e-03,9.411764705882352811e-01,1.568627450980392135e-01
1.000009896059893223e-03,9.019607843137255054e-01,-1.568627450980392135e-01
1.000011896059836659e-03,8.627450980392157298e-01,0.000000000000000000e+00
1.000013896059780095e-03,9.019607843137255054e-01,7.843137254901960675e-02
1.000015896059723531e-03,9.803921568627450567e-01,-1.568627450980392135e-01
1.000017896059666967e-03,8.235294117647058432e-01,7.843137254901960675e-02
1.000019896059610404e-03,9.019607843137255054e-01,3.921568627450980338e-02
1.000021896059553840e-03,9.019607843137255054e-01,3.921568627450980338e-02
1.000023896059497276e-03,9.411764705882352811e-01,0.000000000000000000e+00
1.000025896059440712e-03,8.627450980392157298e-01,-7.843137254901960675e-02
1.000027896059384148e-03,8.627450980392157298e-01,7.843137254901960675e-02
1.000029896059327584e-03,9.019607843137255054e-01,-7.843137254901960675e-02
1.000031896059271020e-03,9.411764705882352811e-01,0.000000000000000000e+00
1.000033896059214457e-03,8.235294117647058432e-01,7.843137254901960675e-02
1.000035896059157893e-03,9.019607843137255054e-01,-1.568627450980392135e-01
1.000037896059101329e-03,9.019607843137255054e-01,1.176470588235294101e-01
1.000039896059044765e-03,9.411764705882352811e-01,-7.843137254901960675e-02
1.000041896058988201e-03,8.627450980392157298e-01,0.000000000000000000e+00
1.000043896058931637e-03,9.019607843137255054e-01,7.843137254901960675e-02
1.000045896058875073e-03,9.411764705882352811e-01,0.000000000000000000e+00
1.000047896058818509e-03,9.411764705882352811e-01,7.843137254901960675e-02
1.000049896058761946e-03,8.627450980392157298e-01,-3.921568627450980338e-02
1.000051896058705382e-03,8.235294117647058432e-01,3.921568627450980338e-02
1.000053896058648818e-03,9.019607843137255054e-01,3.921568627450980338e-02
1.000055896058592254e-03,9.803921568627450567e-01,-7.843137254901960675e-02
1.000057896058535690e-03,8.627450980392157298e-01,7.843137254901960675e-02
1.000059896058479126e-03,8.627450980392157298e-01,-3.921568627450980338e-02
1.000061896058422562e-03,9.019607843137255054e-01,7.843137254901960675e-02
1.000063896058365999e-03,9.411764705882352811e-01,3.921568627450980338e-02
1.000065896058309435e-03,8.627450980392157298e-01,-3.921568627450980338e-02
1.000067896058252871e-03,9.411764705882352811e-01,1.176470588235294101e-01
1.000069896058196307e-03,9.411764705882352811e-01,-3.921568627450980338e-02
1.000071896058139743e-03,9.411764705882352811e-01,0.000000000000000000e+00
1.000073896058083179e-03,8.235294117647058432e-01,7.843137254901960675e-02
1.000075896058026615e-03,8.627450980392157298e-01,-1.568627450980392135e-01
1.000077896057970052e-03,9.019607843137255054e-01,1.176470588235294101e-01
1.000079896057913488e-03,9.019607843137255054e-01,-3.921568627450980338e-02
1.000081896057856924e-03,8.235294117647058432e-01,-3.921568627450980338e-02
1.000083896057800360e-03,9.019607843137255054e-01,3.921568627450980338e-02
1.000085896057743796e-03,9.019607843137255054e-01,-3.921568627450980338e-02
1.000087896057687232e-03,9.411764705882352811e-01,3.921568627450980338e-02
1.000089896057630668e-03,8.627450980392157298e-01,0.000000000000000000e+00
1.000091896057574105e-03,8.627450980392157298e-01,3.921568627450980338e-02
1.000093896057517541e-03,8.627450980392157298e-01,0.000000000000000000e+00
1.000095896057460977e-03,9.411764705882352811e-01,-7.843137254901960675e-02
1.000097896057404413e-03,8.627450980392157298e-01,7.843137254901960675e-02
1.000099896057347849e-03,8.627450980392157298e-01,-7.843137254901960675e-02
1.000101896057291285e-03,9.019607843137255054e-01,7.843137254901960675e-02
1.000103896057234721e-03,9.411764705882352811e-01,0.000000000000000000e+00
1.000105896057178157e-03,8.627450980392157298e-01,-3.921568627450980338e-02
1.000107896057121594e-03,9.019607843137255054e-01,7.843137254901960675e-02
1.000109896057065030e-03,9.019607843137255054e-01,-7.843137254901960675e-02
1.000111896057008466e-03,9.411764705882352811e-01,0.000000000000000000e+00
1.000113896056951902e-03,8.627450980392157298e-01,7.843137254901960675e-02
1.000115896056895338e-03,9.019607843137255054e-01,-1.568627450980392135e-01
1.000117896056838774e-03,9.019607843137255054e-01,1.568627450980392135e-01
1.000119896056782210e-03,9.411764705882352811e-01,-7.843137254901960675e-02
1.000121896056725647e-03,8.627450980392157298e-01,0.000000000000000000e+00
1.000123896056669083e-03,8.627450980392157298e-01,3.921568627450980338e-02
1.000125896056612519e-03,9.019607843137255054e-01,-3.921568627450980338e-02
1.000127896056555955e-03,9.411764705882352811e-01,1.176470588235294101e-01
1.000129896056499391e-03,8.627450980392157298e-01,0.000000000000000000e+00
1.000131896056442827e-03,8.627450980392157298e-01,0.000000000000000000e+00
1.000133896056386263e-03,9.019607843137255054e-01,7.843137254901960675e-02
1.000135896056329700e-03,9.411764705882352811e-01,-7.843137254901960675e-02
1.000137896056273136e-03,8.235294117647058432e-01,7.843137254901960675e-02
1.000139896056216572e-03,8.627450980392157298e-01,0.000000000000000000e+00
1.000141896056160008e-03,9.019607843137255054e-01,3.921568627450980338e-02
1.000143896056103444e-03,9.411764705882352811e-01,3.921568627450980338e-02
1.000145896056046880e-03,8.627450980392157298e-01,-7.843137254901960675e-02
1.000147896055990316e-03,9.019607843137255054e-01,7.843137254901960675e-02
1.000149896055933752e-03,9.411764705882352811e-01,-3.921568627450980338e-02
1.000151896055877189e-03,9.411764705882352811e-01,0.000000000000000000e+00
1.000153896055820625e-03,8.627450980392157298e-01,7.843137254901960675e-02
1.000155896055764061e-03,9.019607843137255054e-01,-1.568627450980392135e-01
1.000157896055707497e-03,9.019607843137255054e-01,1.568627450980392135e-01
1.000159896055650933e-03,9.411764705882352811e-01,-3.921568627450980338e-02
1.000161896055594369e-03,8.627450980392157298e-01,0.000000000000000000e+00
1.000163896055537805e-03,8.627450980392157298e-01,7.843137254901960675e-02
1.000165896055481242e-03,9.019607843137255054e-01,-3.921568627450980338e-02
1.000167896055424678e-03,9.411764705882352811e-01,7.843137254901960675e-02
1.000169896055368114e-03,8.627450980392157298e-01,-3.921568627450980338e-02
1.000171896055311550e-03,8.627450980392157298e-01,3.921568627450980338e-02
1.000173896055254986e-03,9.019607843137255054e-01,3.921568627450980338e-02
1.000175896055198422e-03,9.411764705882352811e-01,-3.921568627450980338e-02
1.000177896055141858e-03,9.019607843137255054e-01,7.843137254901960675e-02
1.000179896055085295e-03,9.019607843137255054e-01,0.000000000000000000e+00
1.000181896055028731e-03,9.019607843137255054e-01,7.843137254901960675e-02
1.000183896054972167e-03,9.411764705882352811e-01,3.921568627450980338e-02
1.000185896054915603e-03,8.235294117647058432e-01,-7.843137254901960675e-02
1.000187896054859039e-03,8.627450980392157298e-01,3.921568627450980338e-02
1.000189896054802475e-03,9.019607843137255054e-01,-3.921568627450980338e-02
1.000191896054745911e-03,9.411764705882352811e-01,0.000000000000000000e+00
1.000193896054689347e-03,8.627450980392157298e-01,7.843137254901960675e-02
1.000195896054632784e-03,9.019607843137255054e-01,-1.568627450980392135e-01
1.000197896054576220e-03,9.019607843137255054e-01,1.176470588235294101e-01
1.000199896054519656e-03,9.411764705882352811e-01,-3.921568627450980338e-02
1.000201896054463092e-03,8.627450980392157298e-01,0.000000000000000000e+00
1.000203896054406528e-03,8.627450980392157298e-01,7.843137254901960675e-02
1.000205896054349964e-03,9.019607843137255054e-01,0.000000000000000000e+00
1.000207896054293400e-03,9.411764705882352811e-01,3.921568627450980338e-02
1.000209896054236837e-03,8.627450980392157298e-01,0.000000000000000000e+00
1.000211896054180273e-03,8.235294117647058432e-01,0.000000000000000000e+00
1.000213896054123709e-03,9.019607843137255054e-01,3.921568627450980338e-02
1.000215896054067145e-03,9.411764705882352811e-01,-7.843137254901960675e-02
1.000217896054010581e-03,8.627450980392157298e-01,7.843137254901960675e-02
1.000219896053954017e-03,8.627450980392157298e-01,0.000000000000000000e+00
1.000221896053897453e-03,8.627450980392157298e-01,3.921568627450980338e-02
1.000223896053840890e-03,9.411764705882352811e-01,0.000000000000000000e+00
1.000225896053784326e-03,8.627450980392157298e-01,-7.843137254901960675e-02
1.000227896053727762e-03,8.235294117647058432e-01,7.843137254901960675e-02
1.000229896053671198e-03,9.019607843137255054e-01,0.000000000000000000e+00
1.000231896053614634e-03,9.411764705882352811e-01,0.000000000000000000e+00
1.000233896053558070e-03,8.627450980392157298e-01,7.843137254901960675e-02
1.000235896053501506e-03,9.019607843137255054e-01,-7.843137254901960675e-02
1.000237896053444943e-03,8.627450980392157298e-01,1.176470588235294101e-01
1.000239896053388379e-03,9.411764705882352811e-01,0.000000000000000000e+00
1.000241896053331815e-03,8.627450980392157298e-01,0.000000000000000000e+00
1.000243896053275251e-03,9.019607843137255054e-01,7.843137254901960675e-02
1.000245896053218687e-03,9.019607843137255054e-01,-3.921568627450980338e-02
1.000247896053162123e-03,9.411764705882352811e-01,7.843137254901960675e-02
1.000249896053105559e-03,8.627450980392157298e-01,-3.921568627450980338e-02
1.000251896053048995e-03,8.627450980392157298e-01,0.000000000000000000e+00
1.000253896052992432e-03,9.019607843137255054e-01,7.843137254901960675e-02
1.000255896052935868e-03,9.411764705882352811e-01,-7.843137254901960675e-02
1.000257896052879304e-03,8.627450980392157298e-01,7.843137254901960675e-02
1.000259896052822740e-03,9.019607843137255054e-01,-7.843137254901960675e-02
1.000261896052766176e-03,9.411764705882352811e-01,7.843137254901960675e-02
1.000263896052709612e-03,9.411764705882352811e-01,3.921568627450980338e-02
1.000265896052653048e-03,8.627450980392157298e-01,-7.843137254901960675e-02
1.000267896052596485e-03,9.019607843137255054e-01,7.843137254901960675e-02
1.000269896052539921e-03,9.019607843137255054e-01,-3.921568627450980338e-02
1.000271896052483357e-03,9.411764705882352811e-01,0.000000000000000000e+00
1.000273896052426793e-03,8.627450980392157298e-01,7.843137254901960675e-02
1.000275896052370229e-03,9.019607843137255054e-01,0.000000000000000000e+00
1.000277896052313665e-03,9.019607843137255054e-01,1.176470588235294101e-01
1.000279896052257101e-03,9.411764705882352811e-01,-3.921568627450980338e-02
1.000281896052200538e-03,8.627450980392157298e-01,0.000000000000000000e+00
1.000283896052143974e-03,8.627450980392157298e-01,3.921568627450980338e-02
1.000285896052087410e-03,9.411764705882352811e-01,-3.921568627450980338e-02
1.000287896052030846e-03,9.411764705882352811e-01,3.921568627450980338e-02
1.000289896051974282e-03,8.627450980392157298e-01,-3.921568627450980338e-02
1.000291896051917718e-03,8.627450980392157298e-01,3.921568627450980338e-02
1.000293896051861154e-03,9.019607843137255054e-01,3.921568627450980338e-02
1.000295896051804590e-03,9.411764705882352811e-01,-7.843137254901960675e-02
1.000297896051748027e-03,8.235294117647058432e-01,7.843137254901960675e-02
1.000299896051691463e-03,9.019607843137255054e-01,-7.843137254901960675e-02
1.000301896051634899e-03,8.627450980392157298e-01,7.843137254901960675e-02
1.000303896051578335e-03,9.411764705882352811e-01,3.921568627450980338e-02
1.000305896051521771e-03,8.235294117647058432e-01,-3.921568627450980338e-02
1.000307896051465207e-03,9.019607843137255054e-01,7.843137254901960675e-02
1.000309896051408643e-03,9.411764705882352811e-01,-7.843137254901960675e-02
1.000311896051352080e-03,9.019607843137255054e-01,0.000000000000000000e+00
1.000313896051295516e-03,8.627450980392157298e-01,7.843137254901960675e-02
1.000315896051238952e-03,9.019607843137255054e-01,-1.568627450980392135e-01
1.000317896051182388e-03,9.019607843137255054e-01,7.843137254901960675e-02
1.000319896051125824e-03,9.411764705882352811e-01,-3.921568627450980338e-02
1.000321896051069260e-03,8.235294117647058432e-01,0.000000000000000000e+00
1.000323896051012696e-03,9.019607843137255054e-01,3.921568627450980338e-02
1.000325896050956133e-03,9.019607843137255054e-01,0.000000000000000000e+00
1.000327896050899569e-03,9.411764705882352811e-01,3.921568627450980338e-02
1.000329896050843005e-03,8.235294117647058432e-01,0.000000000000000000e+00
1.000331896050786441e-03,8.627450980392157298e-01,0.000000000000000000e+00
1.000333896050729877e-03,8.627450980392157298e-01,7.843137254901960675e-02
1.000335896050673313e-03,9.411764705882352811e-01,-3.921568627450980338e-02
1.000337896050616749e-03,8.627450980392157298e-01,7.843137254901960675e-02
1.000339896050560186e-03,9.019607843137255054e-01,-3.921568627450980338e-02
1.000341896050503622e-03,9.019607843137255054e-01,7.843137254901960675e-02
1.000343896050447058e-03,9.411764705882352811e-01,3.921568627450980338e-02
1.000345896050390494e-03,8.627450980392157298e-01,-3.921568627450980338e-02
1.000347896050333930e-03,8.627450980392157298e-01,7.843137254901960675e-02
1.000349896050277366e-03,9.019607843137255054e-01,-3.921568627450980338e-02
1.000351896050220802e-03,9.411764705882352811e-01,0.000000000000000000e+00
1.000353896050164238e-03,8.235294117647058432e-01,7.843137254901960675e-02
1.000355896050107675e-03,8.627450980392157298e-01,-1.568627450980392135e-01
1.000357896050051111e-03,9.019607843137255054e-01,1.176470588235294101e-01
1.000359896049994547e-03,9.411764705882352811e-01,-3.921568627450980338e-02
1.000361896049937983e-03,8.627450980392157298e-01,0.000000000000000000e+00
1.000363896049881419e-03,9.019607843137255054e-01,7.843137254901960675e-02
1.000365896049824855e-03,9.019607843137255054e-01,-3.921568627450980338e-02
1.000367896049768291e-03,9.411764705882352811e-01,7.843137254901960675e-02
1.000369896049711728e-03,8.627450980392157298e-01,-7.843137254901960675e-02
1.000371896049655164e-03,8.627450980392157298e-01,0.000000000000000000e+00
1.000373896049598600e-03,9.019607843137255054e-01,7.843137254901960675e-02
1.000375896049542036e-03,9.803921568627450567e-01,-7.843137254901960675e-02
1.000377896049485472e-03,8.627450980392157298e-01,7.843137254901960675e-02
1.000379896049428908e-03,9.019607843137255054e-01,0.000000000000000000e+00
1.000381896049372344e-03,9.019607843137255054e-01,3.921568627450980338e-02
1.000383896049315781e-03,9.411764705882352811e-01,3.921568627450980338e-02
1.000385896049259217e-03,8.627450980392157298e-01,-7.843137254901960675e-02
1.000387896049202653e-03,8.627450980392157298e-01,3.921568627450980338e-02
1.000389896049146089e-03,8.627450980392157298e-01,-3.921568627450980338e-02
1.000391896049089525e-03,9.411764705882352811e-01,-3.921568627450980338e-02
1.000393896049032961e-03,8.627450980392157298e-01,3.921568627450980338e-02
1.000395896048976397e-03,9.019607843137255054e-01,-1.568627450980392135e-01
1.000397896048919833e-03,9.411764705882352811e-01,1.176470588235294101e-01
1.000399896048863270e-03,9.803921568627450567e-01,0.000000000000000000e+00
1.000401896048806706e-03,8.235294117647058432e-01,0.000000000000000000e+00
1.000403896048750142e-03,9.019607843137255054e-01,3.921568627450980338e-02
1.000405896048693578e-03,9.019607843137255054e-01,0.000000000000000000e+00
1.000407896048637014e-03,9.411764705882352811e-01,3.921568627450980338e-02
1.000409896048580450e-03,8.627450980392157298e-01,0.000000000000000000e+00
1.000411896048523886e-03,8.627450980392157298e-01,3.921568627450980338e-02
1.000413896048467323e-03,9.019607843137255054e-01,7.843137254901960675e-02
1.000415896048410759e-03,9.411764705882352811e-01,-3.921568627450980338e-02
1.000417896048354195e-03,8.627450980392157298e-01,7.843137254901960675e-02
1.000419896048297631e-03,9.019607843137255054e-01,-7.843137254901960675e-02
1.000421896048241067e-03,8.627450980392157298e-01,7.843137254901960675e-02
1.000423896048184503e-03,9.411764705882352811e-01,7.843137254901960675e-02
1.000425896048127939e-03,8.235294117647058432e-01,-3.921568627450980338e-02
1.000427896048071376e-03,8.627450980392157298e-01,3.921568627450980338e-02
1.000429896048014812e-03,9.019607843137255054e-01,-3.921568627450980338e-02
1.000431896047958248e-03,9.411764705882352811e-01,0.000000000000000000e+00
1.000433896047901684e-03,8.235294117647058432e-01,3.921568627450980338e-02
1.000435896047845120e-03,9.019607843137255054e-01,-1.568627450980392135e-01
1.000437896047788556e-03,9.019607843137255054e-01,1.176470588235294101e-01
1.000439896047731992e-03,9.411764705882352811e-01,-3.921568627450980338e-02
1.000441896047675428e-03,8.235294117647058432e-01,0.000000000000000000e+00
1.000443896047618865e-03,8.627450980392157298e-01,7.843137254901960675e-02
1.000445896047562301e-03,9.019607843137255054e-01,-3.921568627450980338e-02
1.000447896047505737e-03,9.019607843137255054e-01,7.843137254901960675e-02
1.000449896047449173e-03,8.627450980392157298e-01,0.000000000000000000e+00
1.000451896047392609e-03,9.019607843137255054e-01,0.000000000000000000e+00
1.000453896047336045e-03,9.019607843137255054e-01,7.843137254901960675e-02
1.000455896047279481e-03,9.411764705882352811e-01,-7.843137254901960675e-02
1.000457896047222918e-03,8.235294117647058432e-01,7.843137254901960675e-02
1.000459896047166354e-03,9.019607843137255054e-01,0.000000000000000000e+00
1.000461896047109790e-03,8.627450980392157298e-01,7.843137254901960675e-02
1.000463896047053226e-03,9.411764705882352811e-01,3.921568627450980338e-02
1.000465896046996662e-03,8.627450980392157298e-01,-7.843137254901960675e-02
1.000467896046940098e-03,9.019607843137255054e-01,1.176470588235294101e-01
1.000469896046883534e-03,9.019607843137255054e-01,-7.843137254901960675e-02
1.000471896046826971e-03,9.411764705882352811e-01,0.000000000000000000e+00
1.000473896046770407e-03,8.627450980392157298e-01,3.921568627450980338e-02
1.000475896046713843e-03,9.019607843137255054e-01,-1.568627450980392135e-01
1.000477896046657279e-03,9.019607843137255054e-01,1.176470588235294101e-01
1.000479896046600715e-03,9.411764705882352811e-01,0.000000000000000000e+00
1.000481896046544151e-03,8.627450980392157298e-01,0.000000000000000000e+00
1.000483896046487587e-03,8.627450980392157298e-01,7.843137254901960675e-02
1.000485896046431024e-03,9.411764705882352811e-01,0.000000000000000000e+00
1.000487896046374460e-03,9.411764705882352811e-01,7.843137254901960675e-02
1.000489896046317896e-03,9.019607843137255054e-01,-3.921568627450980338e-02
1.000491896046261332e-03,9.019607843137255054e-01,3.921568627450980338e-02
1.000493896046204768e-03,9.019607843137255054e-01,7.843137254901960675e-02
1.000495896046148204e-03,9.411764705882352811e-01,-7.843137254901960675e-02
1.000497896046091640e-03,8.235294117647058432e-01,7.843137254901960675e-02
1.000499896046035076e-03,9.019607843137255054e-01,0.000000000000000000e+00
1.000501896045978513e-03,9.019607843137255054e-01,1.176470588235294101e-01
1.000503896045921949e-03,9.411764705882352811e-01,0.000000000000000000e+00
1.000505896045865385e-03,8.627450980392157298e-01,-7.843137254901960675e-02
1.000507896045808821e-03,9.019607843137255054e-01,7.843137254901960675e-02
1.000509896045752257e-03,9.019607843137255054e-01,0.000000000000000000e+00
1.000511896045695693e-03,9.411764705882352811e-01,0.000000000000000000e+00
1.000513896045639129e-03,8.627450980392157298e-01,3.921568627450980338e-02
1.000515896045582566e-03,9.019607843137255054e-01,-7.843137254901960675e-02
1.000517896045526002e-03,9.019607843137255054e-01,7.843137254901960675e-02
1.000519896045469438e-03,9.411764705882352811e-01,0.000000000000000000e+00
1.000521896045412874e-03,8.235294117647058432e-01,-3.921568627450980338e-02
1.000523896045356310e-03,8.627450980392157298e-01,3.921568627450980338e-02
1.000525896045299746e-03,9.411764705882352811e-01,0.000000000000000000e+00
1.000527896045243182e-03,9.803921568627450567e-01,7.843137254901960675e-02
1.000529896045186619e-03,8.627450980392157298e-01,0.000000000000000000e+00
1.000531896045130055e-03,9.019607843137255054e-01,3.921568627450980338e-02
1.000533896045073491e-03,9.019607843137255054e-01,7.843137254901960675e-02
1.000535896045016927e-03,9.411764705882352811e-01,-7.843137254901960675e-02
1.000537896044960363e-03,8.627450980392157298e-01,7.843137254901960675e-02
1.000539896044903799e-03,9.019607843137255054e-01,-7.843137254901960675e-02
1.000541896044847235e-03,9.019607843137255054e-01,1.176470588235294101e-01
1.000543896044790671e-03,9.411764705882352811e-01,3.921568627450980338e-02
1.000545896044734108e-03,8.627450980392157298e-01,-3.921568627450980338e-02
1.000547896044677544e-03,8.627450980392157298e-01,3.921568627450980338e-02
1.000549896044620980e-03,9.019607843137255054e-01,-3.921568627450980338e-02
1.000551896044564416e-03,9.411764705882352811e-01,0.000000000000000000e+00
1.000553896044507852e-03,8.627450980392157298e-01,3.921568627450980338e-02
1.000555896044451288e-03,9.019607843137255054e-01,-1.568627450980392135e-01
1.000557896044394724e-03,9.019607843137255054e-01,1.176470588235294101e-01
1.000559896044338161e-03,9.411764705882352811e-01,-7.843137254901960675e-02
1.000561896044281597e-03,8.235294117647058432e-01,-3.921568627450980338e-02
1.000563896044225033e-03,9.019607843137255054e-01,7.843137254901960675e-02
1.000565896044168469e-03,9.411764705882352811e-01,-3.921568627450980338e-02
1.000567896044111905e-03,9.411764705882352811e-01,1.176470588235294101e-01
1.000569896044055341e-03,8.235294117647058432e-01,-3.921568627450980338e-02
1.000571896043998777e-03,8.627450980392157298e-01,3.921568627450980338e-02
1.000573896043942214e-03,9.019607843137255054e-01,7.843137254901960675e-02
1.000575896043885650e-03,9.411764705882352811e-01,-7.843137254901960675e-02
1.000577896043829086e-03,8.627450980392157298e-01,1.568627450980392135e-01
1.000579896043772522e-03,9.019607843137255054e-01,0.000000000000000000e+00
1.000581896043715958e-03,8.627450980392157298e-01,1.176470588235294101e-01
1.000583896043659394e-03,9.411764705882352811e-01,3.921568627450980338e-02
1.000585896043602830e-03,8.627450980392157298e-01,-7.843137254901960675e-02
1.000587896043546266e-03,9.019607843137255054e-01,7.843137254901960675e-02
1.000589896043489703e-03,9.411764705882352811e-01,-3.921568627450980338e-02
1.000591896043433139e-03,9.411764705882352811e-01,0.000000000000000000e+00
1.000593896043376575e-03,9.019607843137255054e-01,7.843137254901960675e-02
1.000595896043320011e-03,9.019607843137255054e-01,-1.960784313725490169e-01
1.000597896043263447e-03,9.019607843137255054e-01,1.176470588235294101e-01
1.000599896043206883e-03,9.411764705882352811e-01,-7.843137254901960675e-02
1.000601896043150319e-03,8.235294117647058432e-01,0.000000000000000000e+00
1.000603896043093756e-03,9.019607843137255054e-01,7.843137254901960675e-02
1.000605896043037192e-03,9.411764705882352811e-01,-7.843137254901960675e-02
1.000607896042980628e-03,9.411764705882352811e-01,7.843137254901960675e-02
1.000609896042924064e-03,8.627450980392157298e-01,0.000000000000000000e+00
1.000611896042867500e-03,8.627450980392157298e-01,3.921568627450980338e-02
1.000613896042810936e-03,9.019607843137255054e-01,7.843137254901960675e-02
1.000615896042754372e-03,9.411764705882352811e-01,-7.843137254901960675e-02
1.000617896042697809e-03,8.235294117647058432e-01,7.843137254901960675e-02
1.000619896042641245e-03,9.019607843137255054e-01,0.000000000000000000e+00
1.000621896042584681e-03,9.019607843137255054e-01,7.843137254901960675e-02
1.000623896042528117e-03,9.411764705882352811e-01,3.921568627450980338e-02
1.000625896042471553e-03,8.235294117647058432e-01,-7.843137254901960675e-02
1.000627896042414989e-03,9.019607843137255054e-01,7.843137254901960675e-02
1.000629896042358425e-03,9.019607843137255054e-01,-3.921568627450980338e-02
1.000631896042301862e-03,9.411764705882352811e-01,0.000000000000000000e+00
1.000633896042245298e-03,8.235294117647058432e-01,7.843137254901960675e-02
1.000635896042188734e-03,8.235294117647058432e-01,-1.568627450980392135e-01
1.000637896042132170e-03,8.627450980392157298e-01,1.176470588235294101e-01
1.000639896042075606e-03,9.411764705882352811e-01,0.000000000000000000e+00
1.000641896042019042e-03,8.235294117647058432e-01,0.000000000000000000e+00
1.000643896041962478e-03,9.019607843137255054e-01,3.921568627450980338e-02
1.000645896041905914e-03,9.019607843137255054e-01,-3.921568627450980338e-02
1.000647896041849351e-03,9.411764705882352811e-01,7.843137254901960675e-02
1.000649896041792787e-03,8.627450980392157298e-01,-3.921568627450980338e-02
1.000651896041736223e-03,9.019607843137255054e-01,3.921568627450980338e-02
1.000653896041679659e-03,9.019607843137255054e-01,7.843137254901960675e-02
1.000655896041623095e-03,9.411764705882352811e-01,-7.843137254901960675e-02
1.000657896041566531e-03,8.627450980392157298e-01,7.843137254901960675e-02
1.000659896041509967e-03,9.019607843137255054e-01,0.000000000000000000e+00
1.000661896041453404e-03,9.019607843137255054e-01,7.843137254901960675e-02
1.000663896041396840e-03,9.411764705882352811e-01,7.843137254901960675e-02
1.000665896041340276e-03,8.235294117647058432e-01,-7.843137254901960675e-02
1.000667896041283712e-03,9.019607843137255054e-01,7.843137254901960675e-02
1.000669896041227148e-03,9.019607843137255054e-01,-3.921568627450980338e-02
1.000671896041170584e-03,9.411764705882352811e-01,0.000000000000000000e+00
1.000673896041114020e-03,8.235294117647058432e-01,7.843137254901960675e-02
1.000675896041057457e-03,9.019607843137255054e-01,-1.568627450980392135e-01
1.000677896041000893e-03,9.019607843137255054e-01,1.176470588235294101e-01
1.000679896040944329e-03,9.411764705882352811e-01,0.000000000000000000e+00
1.000681896040887765e-03,8.627450980392157298e-01,0.000000000000000000e+00
1.000683896040831201e-03,9.019607843137255054e-01,7.843137254901960675e-02
1.000685896040774637e-03,9.019607843137255054e-01,0.000000000000000000e+00
1.000687896040718073e-03,9.411764705882352811e-01,3.921568627450980338e-02
1.000689896040661509e-03,9.019607843137255054e-01,0.000000000000000000e+00
1.000691896040604946e-03,9.019607843137255054e-01,3.921568627450980338e-02
1.000693896040548382e-03,9.019607843137255054e-01,7.843137254901960675e-02
1.000695896040491818e-03,9.411764705882352811e-01,-7.843137254901960675e-02
1.000697896040435254e-03,8.627450980392157298e-01,3.921568627450980338e-02
1.000699896040378690e-03,9.019607843137255054e-01,-7.843137254901960675e-02
1.000701896040322126e-03,9.019607843137255054e-01,7.843137254901960675e-02
1.000703896040265562e-03,9.411764705882352811e-01,7.843137254901960675e-02
1.000705896040208999e-03,8.627450980392157298e-01,-7.843137254901960675e-02
1.000707896040152435e-03,9.019607843137255054e-01,1.176470588235294101e-01
1.000709896040095871e-03,9.019607843137255054e-01,-3.921568627450980338e-02
1.000711896040039307e-03,9.411764705882352811e-01,0.000000000000000000e+00
1.000713896039982743e-03,8.235294117647058432e-01,7.843137254901960675e-02
1.000715896039926179e-03,9.411764705882352811e-01,-7.843137254901960675e-02
1.000717896039869615e-03,9.411764705882352811e-01,1.176470588235294101e-01
1.000719896039813052e-03,9.411764705882352811e-01,-3.921568627450980338e-02
1.000721896039756488e-03,8.627450980392157298e-01,0.000000000000000000e+00
1.000723896039699924e-03,8.627450980392157298e-01,7.843137254901960675e-02
1.000725896039643360e-03,9.411764705882352811e-01,-7.843137254901960675e-02
1.000727896039586796e-03,9.411764705882352811e-01,7.843137254901960675e-02
1.000729896039530232e-03,8.627450980392157298e-01,-3.921568627450980338e-02
1.000731896039473668e-03,9.019607843137255054e-01,0.000000000000000000e+00
1.000733896039417105e-03,8.627450980392157298e-01,7.843137254901960675e-02
1.000735896039360541e-03,9.411764705882352811e-01,-7.843137254901960675e-02
1.000737896039303977e-03,8.627450980392157298e-01,7.843137254901960675e-02
1.000739896039247413e-03,9.019607843137255054e-01,-1.568627450980392135e-01
1.000741896039190849e-03,9.019607843137255054e-01,7.843137254901960675e-02
1.000743896039134285e-03,9.411764705882352811e-01,0.000000000000000000e+00
1.000745896039077721e-03,8.627450980392157298e-01,-7.843137254901960675e-02
1.000747896039021157e-03,8.627450980392157298e-01,1.176470588235294101e-01
1.000749896038964594e-03,9.019607843137255054e-01,-7.843137254901960675e-02
1.000751896038908030e-03,9.019607843137255054e-01,0.000000000000000000e+00
1.000753896038851466e-03,8.627450980392157298e-01,7.843137254901960675e-02
1.000755896038794902e-03,9.019607843137255054e-01,-1.568627450980392135e-01
1.000757896038738338e-03,9.019607843137255054e-01,1.568627450980392135e-01
1.000759896038681774e-03,9.411764705882352811e-01,-3.921568627450980338e-02
1.000761896038625210e-03,8.235294117647058432e-01,-3.921568627450980338e-02
1.000763896038568647e-03,9.019607843137255054e-01,7.843137254901960675e-02
1.000765896038512083e-03,9.019607843137255054e-01,0.000000000000000000e+00
1.000767896038455519e-03,9.411764705882352811e-01,3.921568627450980338e-02
1.000769896038398955e-03,8.627450980392157298e-01,0.000000000000000000e+00
1.000771896038342391e-03,9.019607843137255054e-01,3.921568627450980338e-02
1.000773896038285827e-03,9.019607843137255054e-01,7.843137254901960675e-02
1.000775896038229263e-03,9.411764705882352811e-01,-7.843137254901960675e-02
1.000777896038172700e-03,8.627450980392157298e-01,7.843137254901960675e-02
1.000779896038116136e-03,8.627450980392157298e-01,-7.843137254901960675e-02
1.000781896038059572e-03,9.019607843137255054e-01,7.843137254901960675e-02
1.000783896038003008e-03,9.019607843137255054e-01,0.000000000000000000e+00
1.000785896037946444e-03,8.627450980392157298e-01,-7.843137254901960675e-02
1.000787896037889880e-03,8.627450980392157298e-01,7.843137254901960675e-02
1.000789896037833316e-03,9.411764705882352811e-01,-3.921568627450980338e-02
1.000791896037776752e-03,9.411764705882352811e-01,0.000000000000000000e+00
1.000793896037720189e-03,8.627450980392157298e-01,3.921568627450980338e-02
1.000795896037663625e-03,9.019607843137255054e-01,-1.568627450980392135e-01
1.000797896037607061e-03,8.627450980392157298e-01,1.176470588235294101e-01
1.000799896037550497e-03,9.803921568627450567e-01,0.000000000000000000e+00
1.000801896037493933e-03,8.627450980392157298e-01,0.000000000000000000e+00
1.000803896037437369e-03,9.019607843137255054e-01,7.843137254901960675e-02
1.000805896037380805e-03,9.019607843137255054e-01,-3.921568627450980338e-02
1.000807896037324242e-03,9.411764705882352811e-01,7.843137254901960675e-02
1.000809896037267678e-03,8.627450980392157298e-01,-7.843137254901960675e-02
1.000811896037211114e-03,9.411764705882352811e-01,0.000000000000000000e+00
1.000813896037154550e-03,9.019607843137255054e-01,3.921568627450980338e-02
1.000815896037097986e-03,9.411764705882352811e-01,-7.843137254901960675e-02
1.000817896037041422e-03,8.627450980392157298e-01,7.843137254901960675e-02
1.000819896036984858e-03,9.019607843137255054e-01,-7.843137254901960675e-02
1.000821896036928295e-03,9.019607843137255054e-01,7.843137254901960675e-02
1.000823896036871731e-03,9.411764705882352811e-01,3.921568627450980338e-02
1.000825896036815167e-03,8.627450980392157298e-01,-3.921568627450980338e-02
1.000827896036758603e-03,9.019607843137255054e-01,7.843137254901960675e-02
1.000829896036702039e-03,9.019607843137255054e-01,0.000000000000000000e+00
1.000831896036645475e-03,9.411764705882352811e-01,-3.921568627450980338e-02
1.000833896036588911e-03,8.627450980392157298e-01,7.843137254901960675e-02
1.000835896036532347e-03,9.019607843137255054e-01,-1.568627450980392135e-01
1.000837896036475784e-03,9.019607843137255054e-01,1.176470588235294101e-01
1.000839896036419220e-03,9.411764705882352811e-01,-3.921568627450980338e-02
1.000841896036362656e-03,8.627450980392157298e-01,0.000000000000000000e+00
1.000843896036306092e-03,8.627450980392157298e-01,7.843137254901960675e-02
1.000845896036249528e-03,9.019607843137255054e-01,-3.921568627450980338e-02
1.000847896036192964e-03,9.019607843137255054e-01,3.921568627450980338e-02
1.000849896036136400e-03,8.627450980392157298e-01,-3.921568627450980338e-02
1.000851896036079837e-03,9.019607843137255054e-01,0.000000000000000000e+00
1.000853896036023273e-03,9.019607843137255054e-01,3.921568627450980338e-02
1.000855896035966709e-03,9.411764705882352811e-01,-3.921568627450980338e-02
1.000857896035910145e-03,8.627450980392157298e-01,7.843137254901960675e-02
1.000859896035853581e-03,8.627450980392157298e-01,-7.843137254901960675e-02
1.000861896035797017e-03,9.019607843137255054e-01,7.843137254901960675e-02
1.000863896035740453e-03,9.411764705882352811e-01,3.921568627450980338e-02
1.000865896035683890e-03,8.627450980392157298e-01,-7.843137254901960675e-02
1.000867896035627326e-03,8.627450980392157298e-01,7.843137254901960675e-02
1.000869896035570762e-03,9.411764705882352811e-01,-3.921568627450980338e-02
1.000871896035514198e-03,9.411764705882352811e-01,0.000000000000000000e+00
1.000873896035457634e-03,8.627450980392157298e-01,7.843137254901960675e-02
1.000875896035401070e-03,9.019607843137255054e-01,-7.843137254901960675e-02
1.000877896035344506e-03,9.019607843137255054e-01,1.176470588235294101e-01
1.000879896035287943e-03,9.411764705882352811e-01,0.000000000000000000e+00
1.000881896035231379e-03,9.019607843137255054e-01,0.000000000000000000e+00
1.000883896035174815e-03,8.627450980392157298e-01,7.843137254901960675e-02
1.000885896035118251e-03,9.019607843137255054e-01,0.000000000000000000e+00
1.000887896035061687e-03,9.411764705882352811e-01,3.921568627450980338e-02
1.000889896035005123e-03,8.235294117647058432e-01,0.000000000000000000e+00
1.000891896034948559e-03,9.411764705882352811e-01,0.000000000000000000e+00
1.000893896034891995e-03,9.411764705882352811e-01,7.843137254901960675e-02
1.000895896034835432e-03,9.411764705882352811e-01,-7.843137254901960675e-02
1.000897896034778868e-03,8.627450980392157298e-01,7.843137254901960675e-02
1.000899896034722304e-03,9.019607843137255054e-01,0.000000000000000000e+00
1.000901896034665740e-03,8.627450980392157298e-01,7.843137254901960675e-02
1.000903896034609176e-03,9.411764705882352811e-01,7.843137254901960675e-02
1.000905896034552612e-03,8.235294117647058432e-01,-7.843137254901960675e-02
1.000907896034496048e-03,8.627450980392157298e-01,7.843137254901960675e-02
1.000909896034439485e-03,9.019607843137255054e-01,0.000000000000000000e+00
1.000911896034382921e-03,9.411764705882352811e-01,0.000000000000000000e+00
1.000913896034326357e-03,8.627450980392157298e-01,7.843137254901960675e-02
1.000915896034269793e-03,9.019607843137255054e-01,-1.568627450980392135e-01
1.000917896034213229e-03,9.019607843137255054e-01,1.176470588235294101e-01
1.000919896034156665e-03,9.411764705882352811e-01,-3.921568627450980338e-02
1.000921896034100101e-03,8.627450980392157298e-01,0.000000000000000000e+00
1.000923896034043538e-03,8.627450980392157298e-01,7.843137254901960675e-02
1.000925896033986974e-03,9.019607843137255054e-01,-1.568627450980392135e-01
1.000927896033930410e-03,9.411764705882352811e-01,7.843137254901960675e-02
1.000929896033873846e-03,8.627450980392157298e-01,0.000000000000000000e+00
1.000931896033817282e-03,8.627450980392157298e-01,0.000000000000000000e+00
1.000933896033760718e-03,9.019607843137255054e-01,7.843137254901960675e-02
1.000935896033704154e-03,9.411764705882352811e-01,-7.843137254901960675e-02
1.000937896033647590e-03,8.235294117647058432e-01,7.843137254901960675e-02
1.000939896033591027e-03,9.019607843137255054e-01,0.000000000000000000e+00
1.000941896033534463e-03,9.019607843137255054e-01,3.921568627450980338e-02
1.000943896033477899e-03,9.411764705882352811e-01,7.843137254901960675e-02
1.000945896033421335e-03,8.627450980392157298e-01,-7.843137254901960675e-02
1.000947896033364771e-03,8.235294117647058432e-01,1.176470588235294101e-01
1.000949896033308207e-03,9.019607843137255054e-01,-3.921568627450980338e-02
1.000951896033251643e-03,9.411764705882352811e-01,0.000000000000000000e+00
1.000953896033195080e-03,8.627450980392157298e-01,7.843137254901960675e-02
1.000955896033138516e-03,9.019607843137255054e-01,-1.568627450980392135e-01
1.000957896033081952e-03,8.627450980392157298e-01,7.843137254901960675e-02
1.000959896033025388e-03,9.411764705882352811e-01,-3.921568627450980338e-02
1.000961896032968824e-03,8.235294117647058432e-01,-3.921568627450980338e-02
1.000963896032912260e-03,8.627450980392157298e-01,3.921568627450980338e-02
1.000965896032855696e-03,9.019607843137255054e-01,-3.921568627450980338e-02
1.000967896032799133e-03,9.411764705882352811e-01,7.843137254901960675e-02
1.000969896032742569e-03,8.627450980392157298e-01,0.000000000000000000e+00
1.000971896032686005e-03,9.019607843137255054e-01,3.921568627450980338e-02
1.000973896032629441e-03,9.019607843137255054e-01,7.843137254901960675e-02
1.000975896032572877e-03,9.411764705882352811e-01,-7.843137254901960675e-02
1.000977896032516313e-03,8.627450980392157298e-01,7.843137254901960675e-02
1.000979896032459749e-03,9.019607843137255054e-01,-3.921568627450980338e-02
1.000981896032403186e-03,9.019607843137255054e-01,7.843137254901960675e-02
1.000983896032346622e-03,9.019607843137255054e-01,3.921568627450980338e-02
1.000985896032290058e-03,8.627450980392157298e-01,-7.843137254901960675e-02
1.000987896032233494e-03,9.019607843137255054e-01,1.176470588235294101e-01
1.000989896032176930e-03,9.411764705882352811e-01,-3.921568627450980338e-02
1.000991896032120366e-03,9.411764705882352811e-01,0.000000000000000000e+00
1.000993896032063802e-03,8.627450980392157298e-01,7.843137254901960675e-02
1.000995896032007238e-03,9.019607843137255054e-01,-1.568627450980392135e-01
1.000997896031950675e-03,9.019607843137255054e-01,1.568627450980392135e-01
1.000999896031894111e-03,9.411764705882352811e-01,-7.843137254901960675e-02
1.001001896031837547e-03,8.627450980392157298e-01,0.000000000000000000e+00
1.001003896031780983e-03,9.019607843137255054e-01,3.921568627450980338e-02
1.001005896031724419e-03,9.019607843137255054e-01,-3.921568627450980338e-02
1.001007896031667855e-03,9.411764705882352811e-01,7.843137254901960675e-02
1.001009896031611291e-03,8.627450980392157298e-01,0.000000000000000000e+00
1.001011896031554728e-03,8.627450980392157298e-01,3.921568627450980338e-02
1.001013896031498164e-03,9.019607843137255054e-01,7.843137254901960675e-02
1.001015896031441600e-03,9.411764705882352811e-01,-7.843137254901960675e-02
1.001017896031385036e-03,8.627450980392157298e-01,7.843137254901960675e-02
1.001019896031328472e-03,8.627450980392157298e-01,0.000000000000000000e+00
1.001021896031271908e-03,9.411764705882352811e-01,7.843137254901960675e-02
1.001023896031215344e-03,9.411764705882352811e-01,3.921568627450980338e-02
1.001025896031158781e-03,8.627450980392157298e-01,-7.843137254901960675e-02
1.001027896031102217e-03,9.019607843137255054e-01,7.843137254901960675e-02
1.001029896031045653e-03,9.019607843137255054e-01,-3.921568627450980338e-02
1.001031896030989089e-03,9.411764705882352811e-01,0.000000000000000000e+00
1.001033896030932525e-03,8.627450980392157298e-01,7.843137254901960675e-02
1.001035896030875961e-03,8.627450980392157298e-01,-1.568627450980392135e-01
1.001037896030819397e-03,9.019607843137255054e-01,1.176470588235294101e-01
1.001039896030762833e-03,9.411764705882352811e-01,0.000000000000000000e+00
1.001041896030706270e-03,8.627450980392157298e-01,0.000000000000000000e+00
1.001043896030649706e-03,9.019607843137255054e-01,7.843137254901960675e-02
1.001045896030593142e-03,9.019607843137255054e-01,-7.843137254901960675e-02
1.001047896030536578e-03,9.411764705882352811e-01,7.843137254901960675e-02
1.001049896030480014e-03,8.627450980392157298e-01,0.000000000000000000e+00
1.001051896030423450e-03,8.627450980392157298e-01,3.921568627450980338e-02
1.001053896030366886e-03,9.019607843137255054e-01,7.843137254901960675e-02
1.001055896030310323e-03,9.411764705882352811e-01,-7.843137254901960675e-02
1.001057896030253759e-03,8.627450980392157298e-01,1.568627450980392135e-01
1.001059896030197195e-03,9.019607843137255054e-01,0.000000000000000000e+00
1.001061896030140631e-03,9.019607843137255054e-01,7.843137254901960675e-02
1.001063896030084067e-03,9.411764705882352811e-01,7.843137254901960675e-02
1.001065896030027503e-03,8.627450980392157298e-01,-7.843137254901960675e-02
1.001067896029970939e-03,8.235294117647058432e-01,7.843137254901960675e-02
1.001069896029914376e-03,9.411764705882352811e-01,-3.921568627450980338e-02
1.001071896029857812e-03,9.411764705882352811e-01,0.000000000000000000e+00
1.001073896029801248e-03,8.627450980392157298e-01,7.843137254901960675e-02
1.001075896029744684e-03,8.627450980392157298e-01,-1.568627450980392135e-01
1.001077896029688120e-03,9.019607843137255054e-01,1.176470588235294101e-01
1.001079896029631556e-03,9.411764705882352811e-01,-3.921568627450980338e-02
1.001081896029574992e-03,8.627450980392157298e-01,0.000000000000000000e+00
1.001083896029518428e-03,9.019607843137255054e-01,7.843137254901960675e-02
1.001085896029461865e-03,9.019607843137255054e-01,-7.843137254901960675e-02
1.001087896029405301e-03,9.411764705882352811e-01,7.843137254901960675e-02
1.001089896029348737e-03,8.627450980392157298e-01,0.000000000000000000e+00
1.001091896029292173e-03,9.019607843137255054e-01,3.921568627450980338e-02
1.001093896029235609e-03,9.019607843137255054e-01,7.843137254901960675e-02
1.001095896029179045e-03,9.411764705882352811e-01,-7.843137254901960675e-02
1.001097896029122481e-03,8.235294117647058432e-01,7.843137254901960675e-02
1.001099896029065918e-03,8.627450980392157298e-01,0.000000000000000000e+00
1.001101896029009354e-03,9.019607843137255054e-01,7.843137254901960675e-02
1.001103896028952790e-03,9.411764705882352811e-01,7.843137254901960675e-02
1.001105896028896226e-03,8.627450980392157298e-01,-3.921568627450980338e-02
1.001107896028839662e-03,9.019607843137255054e-01,7.843137254901960675e-02
1.001109896028783098e-03,9.019607843137255054e-01,-3.921568627450980338e-02
1.001111896028726534e-03,9.411764705882352811e-01,0.000000000000000000e+00
1.001113896028669971e-03,8.235294117647058432e-01,3.921568627450980338e-02
1.001115896028613407e-03,8.627450980392157298e-01,-1.568627450980392135e-01
1.001117896028556843e-03,9.411764705882352811e-01,1.176470588235294101e-01
1.001119896028500279e-03,9.411764705882352811e-01,-3.921568627450980338e-02
1.001121896028443715e-03,8.627450980392157298e-01,0.000000000000000000e+00
1.001123896028387151e-03,9.411764705882352811e-01,3.921568627450980338e-02
1.001125896028330587e-03,9.019607843137255054e-01,-3.921568627450980338e-02
1.001127896028274024e-03,9.411764705882352811e-01,7.843137254901960675e-02
1.001129896028217460e-03,9.019607843137255054e-01,-3.921568627450980338e-02
1.001131896028160896e-03,8.627450980392157298e-01,3.921568627450980338e-02
1.001133896028104332e-03,9.019607843137255054e-01,7.843137254901960675e-02
1.001135896028047768e-03,9.411764705882352811e-01,-7.843137254901960675e-02
1.001137896027991204e-03,8.627450980392157298e-01,3.921568627450980338e-02
1.001139896027934640e-03,8.627450980392157298e-01,0.000000000000000000e+00
1.001141896027878076e-03,9.019607843137255054e-01,7.843137254901960675e-02
1.001143896027821513e-03,9.411764705882352811e-01,7.843137254901960675e-02
1.001145896027764949e-03,8.627450980392157298e-01,-3.921568627450980338e-02
1.001147896027708385e-03,9.019607843137255054e-01,7.843137254901960675e-02
1.001149896027651821e-03,9.019607843137255054e-01,-7.843137254901960675e-02
1.001151896027595257e-03,9.411764705882352811e-01,0.000000000000000000e+00
1.001153896027538693e-03,8.235294117647058432e-01,7.843137254901960675e-02
1.001155896027482129e-03,9.019607843137255054e-01,-1.568627450980392135e-01
1.001157896027425566e-03,9.019607843137255054e-01,1.176470588235294101e-01
1.001159896027369002e-03,9.411764705882352811e-01,-3.921568627450980338e-02
1.001161896027312438e-03,8.627450980392157298e-01,0.000000000000000000e+00
1.001163896027255874e-03,9.019607843137255054e-01,7.843137254901960675e-02
1.001165896027199310e-03,9.019607843137255054e-01,-3.921568627450980338e-02
1.001167896027142746e-03,9.411764705882352811e-01,3.921568627450980338e-02
1.001169896027086182e-03,8.627450980392157298e-01,0.000000000000000000e+00
1.001171896027029619e-03,9.019607843137255054e-01,3.921568627450980338e-02
1.001173896026973055e-03,8.627450980392157298e-01,7.843137254901960675e-02
1.001175896026916491e-03,9.411764705882352811e-01,-7.843137254901960675e-02
1.001177896026859927e-03,8.627450980392157298e-01,7.843137254901960675e-02
1.001179896026803363e-03,8.235294117647058432e-01,0.000000000000000000e+00
1.001181896026746799e-03,9.019607843137255054e-01,3.921568627450980338e-02
1.001183896026690235e-03,9.411764705882352811e-01,3.921568627450980338e-02
1.001185896026633671e-03,8.627450980392157298e-01,-7.843137254901960675e-02
1.001187896026577108e-03,8.627450980392157298e-01,7.843137254901960675e-02
1.001189896026520544e-03,9.019607843137255054e-01,-3.921568627450980338e-02
1.001191896026463980e-03,9.411764705882352811e-01,0.000000000000000000e+00
1.001193896026407416e-03,8.627450980392157298e-01,3.921568627450980338e-02
1.001195896026350852e-03,9.019607843137255054e-01,-1.568627450980392135e-01
1.001197896026294288e-03,9.019607843137255054e-01,7.843137254901960675e-02
1.001199896026237724e-03,9.411764705882352811e-01,0.000000000000000000e+00
1.001201896026181161e-03,8.627450980392157298e-01,0.000000000000000000e+00
1.001203896026124597e-03,9.019607843137255054e-01,3.921568627450980338e-02
1.001205896026068033e-03,9.019607843137255054e-01,-3.921568627450980338e-02
1.001207896026011469e-03,9.411764705882352811e-01,7.843137254901960675e-02
1.001209896025954905e-03,8.235294117647058432e-01,0.000000000000000000e+00
1.001211896025898341e-03,8.627450980392157298e-01,0.000000000000000000e+00
1.001213896025841777e-03,9.019607843137255054e-01,7.843137254901960675e-02
1.001215896025785214e-03,9.019607843137255054e-01,-7.843137254901960675e-02
1.001217896025728650e-03,8.627450980392157298e-01,7.843137254901960675e-02
1.001219896025672086e-03,9.019607843137255054e-01,0.000000000000000000e+00
1.001221896025615522e-03,9.019607843137255054e-01,7.843137254901960675e-02
1.001223896025558958e-03,9.411764705882352811e-01,7.843137254901960675e-02
1.001225896025502394e-03,8.627450980392157298e-01,-7.843137254901960675e-02
1.001227896025445830e-03,8.627450980392157298e-01,7.843137254901960675e-02
1.001229896025389266e-03,9.411764705882352811e-01,-3.921568627450980338e-02
1.001231896025332703e-03,9.411764705882352811e-01,-3.921568627450980338e-02
1.001233896025276139e-03,8.627450980392157298e-01,7.843137254901960675e-02
1.001235896025219575e-03,9.019607843137255054e-01,0.000000000000000000e+00
1.001237896025163011e-03,9.019607843137255054e-01,1.176470588235294101e-01
1.001239896025106447e-03,9.411764705882352811e-01,0.000000000000000000e+00
1.001241896025049883e-03,9.019607843137255054e-01,-3.921568627450980338e-02
1.001243896024993319e-03,9.019607843137255054e-01,7.843137254901960675e-02
1.001245896024936756e-03,9.019607843137255054e-01,-3.921568627450980338e-02
1.001247896024880192e-03,9.411764705882352811e-01,7.843137254901960675e-02
1.001249896024823628e-03,8.627450980392157298e-01,-3.921568627450980338e-02
1.001251896024767064e-03,8.627450980392157298e-01,3.921568627450980338e-02
1.001253896024710500e-03,9.019607843137255054e-01,7.843137254901960675e-02
1.001255896024653936e-03,9.411764705882352811e-01,-1.568627450980392135e-01
1.001257896024597372e-03,8.627450980392157298e-01,7.843137254901960675e-02
1.001259896024540809e-03,9.019607843137255054e-01,-1.568627450980392135e-01
1.001261896024484245e-03,9.019607843137255054e-01,7.843137254901960675e-02
1.001263896024427681e-03,9.411764705882352811e-01,3.921568627450980338e-02
1.001265896024371117e-03,8.627450980392157298e-01,-7.843137254901960675e-02
1.001267896024314553e-03,9.019607843137255054e-01,1.176470588235294101e-01
1.001269896024257989e-03,9.019607843137255054e-01,-7.843137254901960675e-02
1.001271896024201425e-03,9.411764705882352811e-01,3.921568627450980338e-02
1.001273896024144862e-03,8.235294117647058432e-01,7.843137254901960675e-02
1.001275896024088298e-03,8.627450980392157298e-01,-1.568627450980392135e-01
1.001277896024031734e-03,9.019607843137255054e-01,1.568627450980392135e-01
1.001279896023975170e-03,9.411764705882352811e-01,-3.921568627450980338e-02
1.001281896023918606e-03,8.627450980392157298e-01,0.000000000000000000e+00
1.001283896023862042e-03,8.235294117647058432e-01,7.843137254901960675e-02
1.001285896023805478e-03,8.627450980392157298e-01,-3.921568627450980338e-02
1.001287896023748914e-03,9.411764705882352811e-01,7.843137254901960675e-02
1.001289896023692351e-03,8.627450980392157298e-01,-3.921568627450980338e-02
1.001291896023635787e-03,8.627450980392157298e-01,0.000000000000000000e+00
1.001293896023579223e-03,8.627450980392157298e-01,7.843137254901960675e-02
1.001295896023522659e-03,9.411764705882352811e-01,-7.843137254901960675e-02
1.001297896023466095e-03,8.627450980392157298e-01,7.843137254901960675e-02
1.001299896023409531e-03,9.019607843137255054e-01,0.000000000000000000e+00
1.001301896023352967e-03,9.019607843137255054e-01,7.843137254901960675e-02
1.001303896023296404e-03,9.411764705882352811e-01,3.921568627450980338e-02
1.001305896023239840e-03,8.627450980392157298e-01,-3.921568627450980338e-02
1.001307896023183276e-03,9.019607843137255054e-01,7.843137254901960675e-02
1.001309896023126712e-03,9.411764705882352811e-01,-3.921568627450980338e-02
1.001311896023070148e-03,9.411764705882352811e-01,0.000000000000000000e+00
1.001313896023013584e-03,8.235294117647058432e-01,7.843137254901960675e-02
1.001315896022957020e-03,8.627450980392157298e-01,-1.568627450980392135e-01
1.001317896022900457e-03,9.019607843137255054e-01,1.176470588235294101e-01
1.001319896022843893e-03,9.411764705882352811e-01,-3.921568627450980338e-02
1.001321896022787329e-03,8.235294117647058432e-01,-3.921568627450980338e-02
1.001323896022730765e-03,9.019607843137255054e-01,7.843137254901960675e-02
1.001325896022674201e-03,9.019607843137255054e-01,-3.921568627450980338e-02
1.001327896022617637e-03,9.411764705882352811e-01,3.921568627450980338e-02
1.001329896022561073e-03,9.019607843137255054e-01,0.000000000000000000e+00
1.001331896022504509e-03,9.019607843137255054e-01,0.000000000000000000e+00
1.001333896022447946e-03,9.019607843137255054e-01,3.921568627450980338e-02
1.001335896022391382e-03,9.411764705882352811e-01,-3.921568627450980338e-02
1.001337896022334818e-03,8.627450980392157298e-01,7.843137254901960675e-02
1.001339896022278254e-03,9.019607843137255054e-01,-7.843137254901960675e-02
1.001341896022221690e-03,8.627450980392157298e-01,3.921568627450980338e-02
1.001343896022165126e-03,9.411764705882352811e-01,0.000000000000000000e+00
1.001345896022108562e-03,8.627450980392157298e-01,-3.921568627450980338e-02
1.001347896022051999e-03,8.627450980392157298e-01,3.921568627450980338e-02
1.001349896021995435e-03,9.019607843137255054e-01,-3.921568627450980338e-02
1.001351896021938871e-03,9.411764705882352811e-01,0.000000000000000000e+00
1.001353896021882307e-03,8.627450980392157298e-01,7.843137254901960675e-02
1.001355896021825743e-03,9.019607843137255054e-01,-1.568627450980392135e-01
1.001357896021769179e-03,9.019607843137255054e-01,1.176470588235294101e-01
1.001359896021712615e-03,9.411764705882352811e-01,-7.843137254901960675e-02
1.001361896021656052e-03,8.235294117647058432e-01,0.000000000000000000e+00
1.001363896021599488e-03,9.019607843137255054e-01,3.921568627450980338e-02
1.001365896021542924e-03,9.411764705882352811e-01,-7.843137254901960675e-02
1.001367896021486360e-03,9.019607843137255054e-01,1.176470588235294101e-01
1.001369896021429796e-03,8.627450980392157298e-01,0.000000000000000000e+00
1.001371896021373232e-03,8.627450980392157298e-01,0.000000000000000000e+00
1.001373896021316668e-03,8.627450980392157298e-01,7.843137254901960675e-02
1.001375896021260105e-03,9.411764705882352811e-01,-7.843137254901960675e-02
1.001377896021203541e-03,8.235294117647058432e-01,3.921568627450980338e-02
1.001379896021146977e-03,9.411764705882352811e-01,-7.843137254901960675e-02
1.001381896021090413e-03,9.019607843137255054e-01,3.921568627450980338e-02
1.001383896021033849e-03,9.411764705882352811e-01,3.921568627450980338e-02
1.001385896020977285e-03,8.627450980392157298e-01,-3.921568627450980338e-02
1.001387896020920721e-03,9.019607843137255054e-01,3.921568627450980338e-02
1.001389896020864157e-03,9.411764705882352811e-01,-3.921568627450980338e-02
1.001391896020807594e-03,9.411764705882352811e-01,0.000000000000000000e+00
1.001393896020751030e-03,8.627450980392157298e-01,7.843137254901960675e-02
1.001395896020694466e-03,9.019607843137255054e-01,-1.568627450980392135e-01
1.001397896020637902e-03,9.019607843137255054e-01,7.843137254901960675e-02
1.001399896020581338e-03,9.411764705882352811e-01,-3.921568627450980338e-02
1.001401896020524774e-03,8.235294117647058432e-01,0.000000000000000000e+00
1.001403896020468210e-03,8.627450980392157298e-01,7.843137254901960675e-02
1.001405896020411647e-03,9.019607843137255054e-01,-3.921568627450980338e-02
1.001407896020355083e-03,9.411764705882352811e-01,7.843137254901960675e-02
1.001409896020298519e-03,8.235294117647058432e-01,-3.921568627450980338e-02
1.001411896020241955e-03,8.627450980392157298e-01,3.921568627450980338e-02
1.001413896020185391e-03,8.627450980392157298e-01,7.843137254901960675e-02
1.001415896020128827e-03,9.411764705882352811e-01,-3.921568627450980338e-02
1.001417896020072263e-03,8.627450980392157298e-01,7.843137254901960675e-02
1.001419896020015700e-03,9.019607843137255054e-01,0.000000000000000000e+00
1.001421896019959136e-03,9.019607843137255054e-01,7.843137254901960675e-02
1.001423896019902572e-03,9.411764705882352811e-01,0.000000000000000000e+00
1.001425896019846008e-03,8.627450980392157298e-01,-3.921568627450980338e-02
1.001427896019789444e-03,9.019607843137255054e-01,3.921568627450980338e-02
1.001429896019732880e-03,9.019607843137255054e-01,-7.843137254901960675e-02
1.001431896019676316e-03,9.411764705882352811e-01,3.921568627450980338e-02
1.001433896019619752e-03,8.235294117647058432e-01,7.843137254901960675e-02
1.001435896019563189e-03,9.019607843137255054e-01,-1.568627450980392135e-01
1.001437896019506625e-03,9.019607843137255054e-01,1.176470588235294101e-01
1.001439896019450061e-03,9.411764705882352811e-01,0.000000000000000000e+00
1.001441896019393497e-03,8.627450980392157298e-01,-3.921568627450980338e-02
1.001443896019336933e-03,8.627450980392157298e-01,7.843137254901960675e-02
1.001445896019280369e-03,9.019607843137255054e-01,-3.921568627450980338e-02
1.001447896019223805e-03,8.235294117647058432e-01,3.921568627450980338e-02
1.001449896019167242e-03,8.627450980392157298e-01,0.000000000000000000e+00
1.001451896019110678e-03,8.627450980392157298e-01,0.000000000000000000e+00
1.001453896019054114e-03,9.019607843137255054e-01,7.843137254901960675e-02
1.001455896018997550e-03,9.411764705882352811e-01,-7.843137254901960675e-02
1.001457896018940986e-03,8.235294117647058432e-01,7.843137254901960675e-02
1.001459896018884422e-03,9.019607843137255054e-01,-1.568627450980392135e-01
1.001461896018827858e-03,9.019607843137255054e-01,7.843137254901960675e-02
1.001463896018771295e-03,9.411764705882352811e-01,3.921568627450980338e-02
1.001465896018714731e-03,8.235294117647058432e-01,-7.843137254901960675e-02
1.001467896018658167e-03,9.019607843137255054e-01,7.843137254901960675e-02
1.001469896018601603e-03,9.019607843137255054e-01,-7.843137254901960675e-02
1.001471896018545039e-03,9.411764705882352811e-01,0.000000000000000000e+00
1.001473896018488475e-03,8.627450980392157298e-01,3.921568627450980338e-02
1.001475896018431911e-03,8.627450980392157298e-01,-1.568627450980392135e-01
1.001477896018375347e-03,8.627450980392157298e-01,1.568627450980392135e-01
1.001479896018318784e-03,9.411764705882352811e-01,-3.921568627450980338e-02
1.001481896018262220e-03,8.627450980392157298e-01,0.000000000000000000e+00
1.001483896018205656e-03,9.019607843137255054e-01,3.921568627450980338e-02
1.001485896018149092e-03,9.411764705882352811e-01,-3.921568627450980338e-02
1.001487896018092528e-03,9.411764705882352811e-01,7.843137254901960675e-02
1.001489896018035964e-03,8.627450980392157298e-01,0.000000000000000000e+00
1.001491896017979400e-03,8.627450980392157298e-01,0.000000000000000000e+00
1.001493896017922837e-03,9.019607843137255054e-01,7.843137254901960675e-02
1.001495896017866273e-03,9.803921568627450567e-01,-7.843137254901960675e-02
1.001497896017809709e-03,8.627450980392157298e-01,7.843137254901960675e-02
1.001499896017753145e-03,8.627450980392157298e-01,0.000000000000000000e+00
1.001501896017696581e-03,9.019607843137255054e-01,3.921568627450980338e-02
1.001503896017640017e-03,9.019607843137255054e-01,0.000000000000000000e+00
1.001505896017583453e-03,8.627450980392157298e-01,-7.843137254901960675e-02
1.001507896017526890e-03,9.019607843137255054e-01,7.843137254901960675e-02
1.001509896017470326e-03,9.019607843137255054e-01,-3.921568627450980338e-02
1.001511896017413762e-03,9.803921568627450567e-01,-3.921568627450980338e-02
1.001513896017357198e-03,8.627450980392157298e-01,3.921568627450980338e-02
1.001515896017300634e-03,9.019607843137255054e-01,-1.568627450980392135e-01
1.001517896017244070e-03,9.019607843137255054e-01,1.176470588235294101e-01
1.001519896017187506e-03,9.411764705882352811e-01,0.000000000000000000e+00
1.001521896017130943e-03,8.627450980392157298e-01,0.000000000000000000e+00
1.001523896017074379e-03,9.019607843137255054e-01,3.921568627450980338e-02
1.001525896017017815e-03,9.019607843137255054e-01,-3.921568627450980338e-02
1.001527896016961251e-03,9.019607843137255054e-01,7.843137254901960675e-02
1.001529896016904687e-03,8.627450980392157298e-01,0.000000000000000000e+00
1.001531896016848123e-03,8.627450980392157298e-01,3.921568627450980338e-02
1.001533896016791559e-03,9.019607843137255054e-01,7.843137254901960675e-02
1.001535896016734995e-03,9.411764705882352811e-01,-7.843137254901960675e-02
1.001537896016678432e-03,8.235294117647058432e-01,7.843137254901960675e-02
1.001539896016621868e-03,9.019607843137255054e-01,-7.843137254901960675e-02
1.001541896016565304e-03,9.411764705882352811e-01,7.843137254901960675e-02
1.001543896016508740e-03,9.411764705882352811e-01,7.843137254901960675e-02
1.001545896016452176e-03,8.627450980392157298e-01,-7.843137254901960675e-02
1.001547896016395612e-03,9.019607843137255054e-01,3.921568627450980338e-02
1.001549896016339048e-03,9.019607843137255054e-01,0.000000000000000000e+00
1.001551896016282485e-03,9.411764705882352811e-01,0.000000000000000000e+00
1.001553896016225921e-03,8.235294117647058432e-01,7.843137254901960675e-02
1.001555896016169357e-03,9.019607843137255054e-01,-1.568627450980392135e-01
1.001557896016112793e-03,8.627450980392157298e-01,7.843137254901960675e-02
1.001559896016056229e-03,9.411764705882352811e-01,0.000000000000000000e+00
1.001561896015999665e-03,8.235294117647058432e-01,0.000000000000000000e+00
1.001563896015943101e-03,8.627450980392157298e-01,7.843137254901960675e-02
1.001565896015886538e-03,9.019607843137255054e-01,-7.843137254901960675e-02
1.001567896015829974e-03,9.411764705882352811e-01,1.176470588235294101e-01
1.001569896015773410e-03,8.627450980392157298e-01,0.000000000000000000e+00
1.001571896015716846e-03,9.019607843137255054e-01,3.921568627450980338e-02
1.001573896015660282e-03,9.019607843137255054e-01,7.843137254901960675e-02
1.001575896015603718e-03,9.411764705882352811e-01,-7.843137254901960675e-02
1.001577896015547154e-03,8.235294117647058432e-01,3.921568627450980338e-02
1.001579896015490590e-03,8.627450980392157298e-01,0.000000000000000000e+00
1.001581896015434027e-03,8.627450980392157298e-01,7.843137254901960675e-02
1.001583896015377463e-03,9.411764705882352811e-01,3.921568627450980338e-02
1.001585896015320899e-03,8.235294117647058432e-01,-7.843137254901960675e-02
1.001587896015264335e-03,9.019607843137255054e-01,1.176470588235294101e-01
1.001589896015207771e-03,9.411764705882352811e-01,-7.843137254901960675e-02
1.001591896015151207e-03,9.411764705882352811e-01,0.000000000000000000e+00
1.001593896015094643e-03,8.627450980392157298e-01,7.843137254901960675e-02
1.001595896015038080e-03,8.627450980392157298e-01,0.000000000000000000e+00
1.001597896014981516e-03,9.411764705882352811e-01,1.176470588235294101e-01
1.001599896014924952e-03,9.411764705882352811e-01,-3.921568627450980338e-02
1.001601896014868388e-03,8.627450980392157298e-01,-3.921568627450980338e-02
1.001603896014811824e-03,8.627450980392157298e-01,7.843137254901960675e-02
1.001605896014755260e-03,9.019607843137255054e-01,-3.921568627450980338e-02
1.001607896014698696e-03,9.411764705882352811e-01,7.843137254901960675e-02
1.001609896014642133e-03,8.627450980392157298e-01,-3.921568627450980338e-02
1.001611896014585569e-03,9.019607843137255054e-01,3.921568627450980338e-02
1.001613896014529005e-03,9.019607843137255054e-01,7.843137254901960675e-02
1.001615896014472441e-03,9.411764705882352811e-01,-7.843137254901960675e-02
1.001617896014415877e-03,8.235294117647058432e-01,7.843137254901960675e-02
1.001619896014359313e-03,9.019607843137255054e-01,0.000000000000000000e+00
1.001621896014302749e-03,9.019607843137255054e-01,7.843137254901960675e-02
1.001623896014246186e-03,9.411764705882352811e-01,0.000000000000000000e+00
1.001625896014189622e-03,8.627450980392157298e-01,-3.921568627450980338e-02
1.001627896014133058e-03,9.019607843137255054e-01,7.843137254901960675e-02
1.001629896014076494e-03,9.019607843137255054e-01,0.000000000000000000e+00
1.001631896014019930e-03,9.411764705882352811e-01,3.921568627450980338e-02
1.001633896013963366e-03,8.627450980392157298e-01,7.843137254901960675e-02
1.001635896013906802e-03,9.019607843137255054e-01,-1.568627450980392135e-01
1.001637896013850238e-03,9.019607843137255054e-01,1.568627450980392135e-01
1.001639896013793675e-03,9.411764705882352811e-01,-7.843137254901960675e-02
1.001641896013737111e-03,8.235294117647058432e-01,0.000000000000000000e+00
1.001643896013680547e-03,8.627450980392157298e-01,7.843137254901960675e-02
1.001645896013623983e-03,9.411764705882352811e-01,-3.921568627450980338e-02
1.001647896013567419e-03,9.411764705882352811e-01,7.843137254901960675e-02
1.001649896013510855e-03,8.627450980392157298e-01,0.000000000000000000e+00
1.001651896013454291e-03,9.019607843137255054e-01,3.921568627450980338e-02
1.001653896013397728e-03,8.627450980392157298e-01,7.843137254901960675e-02
1.001655896013341164e-03,9.803921568627450567e-01,-3.921568627450980338e-02
1.001657896013284600e-03,8.235294117647058432e-01,7.843137254901960675e-02
1.001659896013228036e-03,8.627450980392157298e-01,0.000000000000000000e+00
1.001661896013171472e-03,9.019607843137255054e-01,7.843137254901960675e-02
1.001663896013114908e-03,9.411764705882352811e-01,0.000000000000000000e+00
1.001665896013058344e-03,8.627450980392157298e-01,-7.843137254901960675e-02
1.001667896013001781e-03,9.019607843137255054e-01,7.843137254901960675e-02
1.001669896012945217e-03,9.019607843137255054e-01,0.000000000000000000e+00
1.001671896012888653e-03,9.411764705882352811e-01,0.000000000000000000e+00
1.001673896012832089e-03,8.627450980392157298e-01,7.843137254901960675e-02
1.001675896012775525e-03,9.019607843137255054e-01,-1.568627450980392135e-01
1.001677896012718961e-03,9.019607843137255054e-01,1.176470588235294101e-01
1.001679896012662397e-03,9.411764705882352811e-01,0.000000000000000000e+00
1.001681896012605833e-03,8.235294117647058432e-01,0.000000000000000000e+00
1.001683896012549270e-03,9.019607843137255054e-01,3.921568627450980338e-02
1.001685896012492706e-03,9.411764705882352811e-01,-3.921568627450980338e-02
1.001687896012436142e-03,9.019607843137255054e-01,7.843137254901960675e-02
1.001689896012379578e-03,8.235294117647058432e-01,0.000000000000000000e+00
1.001691896012323014e-03,8.627450980392157298e-01,3.921568627450980338e-02
1.001693896012266450e-03,8.627450980392157298e-01,3.921568627450980338e-02
1.001695896012209886e-03,9.411764705882352811e-01,-7.843137254901960675e-02
1.001697896012153323e-03,8.627450980392157298e-01,7.843137254901960675e-02
1.001699896012096759e-03,9.019607843137255054e-01,-3.921568627450980338e-02
1.001701896012040195e-03,9.019607843137255054e-01,7.843137254901960675e-02
1.001703896011983631e-03,9.411764705882352811e-01,7.843137254901960675e-02
1.001705896011927067e-03,8.627450980392157298e-01,-7.843137254901960675e-02
1.001707896011870503e-03,8.235294117647058432e-01,7.843137254901960675e-02
1.001709896011813939e-03,9.019607843137255054e-01,0.000000000000000000e+00
1.001711896011757376e-03,9.411764705882352811e-01,0.000000000000000000e+00
1.001713896011700812e-03,8.627450980392157298e-01,7.843137254901960675e-02
1.001715896011644248e-03,9.019607843137255054e-01,-1.568627450980392135e-01
1.001717896011587684e-03,8.627450980392157298e-01,1.176470588235294101e-01
1.001719896011531120e-03,9.803921568627450567e-01,0.000000000000000000e+00
1.001721896011474556e-03,8.235294117647058432e-01,0.000000000000000000e+00
1.001723896011417992e-03,9.019607843137255054e-01,7.843137254901960675e-02
1.001725896011361428e-03,9.019607843137255054e-01,-3.921568627450980338e-02
1.001727896011304865e-03,9.019607843137255054e-01,7.843137254901960675e-02
1.001729896011248301e-03,8.627450980392157298e-01,0.000000000000000000e+00
1.001731896011191737e-03,9.019607843137255054e-01,3.921568627450980338e-02
1.001733896011135173e-03,9.019607843137255054e-01,1.176470588235294101e-01
1.001735896011078609e-03,9.411764705882352811e-01,-7.843137254901960675e-02
1.001737896011022045e-03,8.627450980392157298e-01,7.843137254901960675e-02
1.001739896010965481e-03,8.627450980392157298e-01,0.000000000000000000e+00
1.001741896010908918e-03,9.019607843137255054e-01,7.843137254901960675e-02
1.001743896010852354e-03,9.019607843137255054e-01,7.843137254901960675e-02
1.001745896010795790e-03,8.627450980392157298e-01,-7.843137254901960675e-02
1.001747896010739226e-03,8.627450980392157298e-01,1.176470588235294101e-01
1.001749896010682662e-03,9.019607843137255054e-01,-3.921568627450980338e-02
1.001751896010626098e-03,9.411764705882352811e-01,-3.921568627450980338e-02
1.001753896010569534e-03,8.627450980392157298e-01,7.843137254901960675e-02
1.001755896010512971e-03,9.019607843137255054e-01,-7.843137254901960675e-02
1.001757896010456407e-03,9.019607843137255054e-01,1.176470588235294101e-01
1.001759896010399843e-03,9.411764705882352811e-01,0.000000000000000000e+00
1.001761896010343279e-03,8.627450980392157298e-01,0.000000000000000000e+00
1.001763896010286715e-03,8.627450980392157298e-01,7.843137254901960675e-02
1.001765896010230151e-03,8.627450980392157298e-01,-3.921568627450980338e-02
1.001767896010173587e-03,9.411764705882352811e-01,7.843137254901960675e-02
1.001769896010117024e-03,8.627450980392157298e-01,-3.921568627450980338e-02
1.001771896010060460e-03,9.019607843137255054e-01,3.921568627450980338e-02
1.001773896010003896e-03,9.019607843137255054e-01,1.176470588235294101e-01
1.001775896009947332e-03,9.411764705882352811e-01,-7.843137254901960675e-02
1.001777896009890768e-03,8.627450980392157298e-01,7.843137254901960675e-02
1.001779896009834204e-03,8.627450980392157298e-01,-7.843137254901960675e-02
1.001781896009777640e-03,9.019607843137255054e-01,3.921568627450980338e-02
1.001783896009721076e-03,9.411764705882352811e-01,0.000000000000000000e+00
1.001785896009664513e-03,8.627450980392157298e-01,-7.843137254901960675e-02
1.001787896009607949e-03,9.019607843137255054e-01,1.176470588235294101e-01
1.001789896009551385e-03,9.019607843137255054e-01,-3.921568627450980338e-02
1.001791896009494821e-03,9.019607843137255054e-01,0.000000000000000000e+00
1.001793896009438257e-03,8.627450980392157298e-01,7.843137254901960675e-02
1.001795896009381693e-03,8.627450980392157298e-01,-1.568627450980392135e-01
1.001797896009325129e-03,9.019607843137255054e-01,7.843137254901960675e-02
1.001799896009268566e-03,9.411764705882352811e-01,0.000000000000000000e+00
1.001801896009212002e-03,8.235294117647058432e-01,0.000000000000000000e+00
1.001803896009155438e-03,9.019607843137255054e-01,7.843137254901960675e-02
1.001805896009098874e-03,9.019607843137255054e-01,-3.921568627450980338e-02
1.001807896009042310e-03,9.411764705882352811e-01,3.921568627450980338e-02
1.001809896008985746e-03,8.235294117647058432e-01,0.000000000000000000e+00
1.001811896008929182e-03,8.627450980392157298e-01,0.000000000000000000e+00
1.001813896008872619e-03,8.627450980392157298e-01,3.921568627450980338e-02
1.001815896008816055e-03,9.019607843137255054e-01,-3.921568627450980338e-02
1.001817896008759491e-03,8.627450980392157298e-01,7.843137254901960675e-02
1.001819896008702927e-03,9.019607843137255054e-01,-7.843137254901960675e-02
1.001821896008646363e-03,8.627450980392157298e-01,3.921568627450980338e-02
1.001823896008589799e-03,9.411764705882352811e-01,0.000000000000000000e+00
1.001825896008533235e-03,8.627450980392157298e-01,-7.843137254901960675e-02
1.001827896008476671e-03,9.019607843137255054e-01,7.843137254901960675e-02
1.001829896008420108e-03,9.019607843137255054e-01,-3.921568627450980338e-02
1.001831896008363544e-03,9.019607843137255054e-01,0.000000000000000000e+00
1.001833896008306980e-03,8.627450980392157298e-01,7.843137254901960675e-02
1.001835896008250416e-03,9.019607843137255054e-01,-1.568627450980392135e-01
1.001837896008193852e-03,8.627450980392157298e-01,7.843137254901960675e-02
1.001839896008137288e-03,9.411764705882352811e-01,0.000000000000000000e+00
1.001841896008080724e-03,8.235294117647058432e-01,0.000000000000000000e+00
1.001843896008024161e-03,8.627450980392157298e-01,7.843137254901960675e-02
1.001845896007967597e-03,9.019607843137255054e-01,-3.921568627450980338e-02
1.001847896007911033e-03,9.411764705882352811e-01,7.843137254901960675e-02
1.001849896007854469e-03,8.627450980392157298e-01,0.000000000000000000e+00
1.001851896007797905e-03,8.627450980392157298e-01,0.000000000000000000e+00
1.001853896007741341e-03,9.019607843137255054e-01,7.843137254901960675e-02
1.001855896007684777e-03,9.411764705882352811e-01,-7.843137254901960675e-02
1.001857896007628214e-03,8.627450980392157298e-01,7.843137254901960675e-02
1.001859896007571650e-03,9.019607843137255054e-01,-1.568627450980392135e-01
1.001861896007515086e-03,8.627450980392157298e-01,3.921568627450980338e-02
1.001863896007458522e-03,9.411764705882352811e-01,7.843137254901960675e-02
1.001865896007401958e-03,8.235294117647058432e-01,-3.921568627450980338e-02
1.001867896007345394e-03,8.627450980392157298e-01,7.843137254901960675e-02
1.001869896007288830e-03,9.411764705882352811e-01,-3.921568627450980338e-02
1.001871896007232266e-03,9.019607843137255054e-01,0.000000000000000000e+00
1.001873896007175703e-03,8.627450980392157298e-01,7.843137254901960675e-02
1.001875896007119139e-03,9.019607843137255054e-01,-1.568627450980392135e-01
1.001877896007062575e-03,8.627450980392157298e-01,1.176470588235294101e-01
1.001879896007006011e-03,9.411764705882352811e-01,-3.921568627450980338e-02
1.001881896006949447e-03,8.627450980392157298e-01,0.000000000000000000e+00
1.001883896006892883e-03,8.627450980392157298e-01,7.843137254901960675e-02
1.001885896006836319e-03,9.019607843137255054e-01,-3.921568627450980338e-02
1.001887896006779756e-03,9.019607843137255054e-01,7.843137254901960675e-02
1.001889896006723192e-03,8.627450980392157298e-01,0.000000000000000000e+00
1.001891896006666628e-03,9.019607843137255054e-01,7.843137254901960675e-02
1.001893896006610064e-03,9.019607843137255054e-01,7.843137254901960675e-02
1.001895896006553500e-03,9.411764705882352811e-01,-7.843137254901960675e-02
1.001897896006496936e-03,8.235294117647058432e-01,7.843137254901960675e-02
1.001899896006440372e-03,9.019607843137255054e-01,-7.843137254901960675e-02
1.001901896006383809e-03,8.627450980392157298e-01,3.921568627450980338e-02
1.001903896006327245e-03,9.019607843137255054e-01,3.921568627450980338e-02
1.001905896006270681e-03,8.627450980392157298e-01,-3.921568627450980338e-02
1.001907896006214117e-03,8.235294117647058432e-01,1.176470588235294101e-01
1.001909896006157553e-03,9.019607843137255054e-01,-3.921568627450980338e-02
1.001911896006100989e-03,9.411764705882352811e-01,0.000000000000000000e+00
1.001913896006044425e-03,8.235294117647058432e-01,7.843137254901960675e-02
1.001915896005987862e-03,8.627450980392157298e-01,-1.568627450980392135e-01
1.001917896005931298e-03,9.019607843137255054e-01,1.176470588235294101e-01
1.001919896005874734e-03,9.411764705882352811e-01,0.000000000000000000e+00
1.001921896005818170e-03,8.627450980392157298e-01,0.000000000000000000e+00
1.001923896005761606e-03,8.627450980392157298e-01,3.921568627450980338e-02
1.001925896005705042e-03,9.019607843137255054e-01,-7.843137254901960675e-02
1.001927896005648478e-03,9.019607843137255054e-01,7.843137254901960675e-02
1.001929896005591914e-03,8.627450980392157298e-01,0.000000000000000000e+00
1.001931896005535351e-03,9.411764705882352811e-01,3.921568627450980338e-02
1.001933896005478787e-03,9.019607843137255054e-01,7.843137254901960675e-02
1.001935896005422223e-03,9.411764705882352811e-01,-7.843137254901960675e-02
1.001937896005365659e-03,8.235294117647058432e-01,3.921568627450980338e-02
1.001939896005309095e-03,8.627450980392157298e-01,0.000000000000000000e+00
1.001941896005252531e-03,9.019607843137255054e-01,7.843137254901960675e-02
1.001943896005195967e-03,9.411764705882352811e-01,0.000000000000000000e+00
1.001945896005139404e-03,8.627450980392157298e-01,-3.921568627450980338e-02
1.001947896005082840e-03,8.627450980392157298e-01,7.843137254901960675e-02
1.001949896005026276e-03,9.019607843137255054e-01,-3.921568627450980338e-02
1.001951896004969712e-03,9.411764705882352811e-01,0.000000000000000000e+00
1.001953896004913148e-03,8.627450980392157298e-01,3.921568627450980338e-02
1.001955896004856584e-03,8.627450980392157298e-01,-1.568627450980392135e-01
1.001957896004800020e-03,8.627450980392157298e-01,1.176470588235294101e-01
1.001959896004743457e-03,9.411764705882352811e-01,-3.921568627450980338e-02
1.001961896004686893e-03,8.627450980392157298e-01,-3.921568627450980338e-02
1.001963896004630329e-03,8.627450980392157298e-01,7.843137254901960675e-02
1.001965896004573765e-03,9.019607843137255054e-01,-3.921568627450980338e-02
1.001967896004517201e-03,9.019607843137255054e-01,7.843137254901960675e-02
1.001969896004460637e-03,8.627450980392157298e-01,0.000000000000000000e+00
1.001971896004404073e-03,9.019607843137255054e-01,3.921568627450980338e-02
1.001973896004347509e-03,9.019607843137255054e-01,7.843137254901960675e-02
1.001975896004290946e-03,9.411764705882352811e-01,-7.843137254901960675e-02
1.001977896004234382e-03,8.235294117647058432e-01,7.843137254901960675e-02
1.001979896004177818e-03,9.019607843137255054e-01,0.000000000000000000e+00
1.001981896004121254e-03,9.411764705882352811e-01,7.843137254901960675e-02
1.001983896004064690e-03,9.411764705882352811e-01,3.921568627450980338e-02
1.001985896004008126e-03,8.627450980392157298e-01,-7.843137254901960675e-02
1.001987896003951562e-03,8.627450980392157298e-01,7.843137254901960675e-02
1.001989896003894999e-03,9.019607843137255054e-01,-3.921568627450980338e-02
1.001991896003838435e-03,9.411764705882352811e-01,0.000000000000000000e+00
1.001993896003781871e-03,8.627450980392157298e-01,7.843137254901960675e-02
1.001995896003725307e-03,9.411764705882352811e-01,-1.568627450980392135e-01
1.001997896003668743e-03,9.019607843137255054e-01,1.176470588235294101e-01
1.001999896003612179e-03,9.411764705882352811e-01,-7.843137254901960675e-02
1.002001896003555615e-03,8.627450980392157298e-01,0.000000000000000000e+00
1.002003896003499052e-03,8.627450980392157298e-01,3.921568627450980338e-02
1.002005896003442488e-03,9.019607843137255054e-01,-3.921568627450980338e-02
1.002007896003385924e-03,9.411764705882352811e-01,7.843137254901960675e-02
1.002009896003329360e-03,8.627450980392157298e-01,0.000000000000000000e+00
1.002011896003272796e-03,9.019607843137255054e-01,3.921568627450980338e-02
1.002013896003216232e-03,9.411764705882352811e-01,7.843137254901960675e-02
1.002015896003159668e-03,9.411764705882352811e-01,-7.843137254901960675e-02
1.002017896003103105e-03,8.235294117647058432e-01,7.843137254901960675e-02
1.002019896003046541e-03,9.019607843137255054e-01,0.000000000000000000e+00
1.002021896002989977e-03,9.019607843137255054e-01,7.843137254901960675e-02
1.002023896002933413e-03,9.019607843137255054e-01,3.921568627450980338e-02
1.002025896002876849e-03,8.627450980392157298e-01,-7.843137254901960675e-02
1.002027896002820285e-03,8.627450980392157298e-01,7.843137254901960675e-02
1.002029896002763721e-03,9.019607843137255054e-01,-3.921568627450980338e-02
1.002031896002707157e-03,9.019607843137255054e-01,0.000000000000000000e+00
1.002033896002650594e-03,8.627450980392157298e-01,7.843137254901960675e-02
1.002035896002594030e-03,9.019607843137255054e-01,-7.843137254901960675e-02
1.002037896002537466e-03,9.019607843137255054e-01,1.176470588235294101e-01
1.002039896002480902e-03,9.411764705882352811e-01,-3.921568627450980338e-02
1.002041896002424338e-03,8.627450980392157298e-01,0.000000000000000000e+00
1.002043896002367774e-03,9.019607843137255054e-01,7.843137254901960675e-02
1.002045896002311210e-03,9.411764705882352811e-01,-1.568627450980392135e-01
1.002047896002254647e-03,9.411764705882352811e-01,7.843137254901960675e-02
1.002049896002198083e-03,8.627450980392157298e-01,0.000000000000000000e+00
1.002051896002141519e-03,9.019607843137255054e-01,3.921568627450980338e-02
1.002053896002084955e-03,9.019607843137255054e-01,3.921568627450980338e-02
1.002055896002028391e-03,9.411764705882352811e-01,-1.568627450980392135e-01
1.002057896001971827e-03,8.627450980392157298e-01,3.921568627450980338e-02
1.002059896001915263e-03,8.627450980392157298e-01,0.000000000000000000e+00
1.002061896001858700e-03,9.019607843137255054e-01,7.843137254901960675e-02
1.002063896001802136e-03,9.019607843137255054e-01,3.921568627450980338e-02
1.002065896001745572e-03,8.627450980392157298e-01,-7.843137254901960675e-02
1.002067896001689008e-03,8.235294117647058432e-01,7.843137254901960675e-02
1.002069896001632444e-03,9.019607843137255054e-01,-3.921568627450980338e-02
1.002071896001575880e-03,9.411764705882352811e-01,0.000000000000000000e+00
1.002073896001519316e-03,8.627450980392157298e-01,7.843137254901960675e-02
1.002075896001462752e-03,9.411764705882352811e-01,-1.568627450980392135e-01
1.002077896001406189e-03,9.019607843137255054e-01,1.176470588235294101e-01
1.002079896001349625e-03,9.411764705882352811e-01,-3.921568627450980338e-02
1.002081896001293061e-03,8.235294117647058432e-01,-3.921568627450980338e-02
1.002083896001236497e-03,8.627450980392157298e-01,1.176470588235294101e-01
1.002085896001179933e-03,9.019607843137255054e-01,-7.843137254901960675e-02
1.002087896001123369e-03,9.411764705882352811e-01,3.921568627450980338e-02
1.002089896001066805e-03,8.627450980392157298e-01,-3.921568627450980338e-02
1.002091896001010242e-03,9.019607843137255054e-01,3.921568627450980338e-02
1.002093896000953678e-03,9.411764705882352811e-01,7.843137254901960675e-02
1.002095896000897114e-03,9.411764705882352811e-01,-3.921568627450980338e-02
1.002097896000840550e-03,8.627450980392157298e-01,7.843137254901960675e-02
1.002099896000783986e-03,9.019607843137255054e-01,0.000000000000000000e+00
1.002101896000727422e-03,9.019607843137255054e-01,3.921568627450980338e-02
1.002103896000670858e-03,9.411764705882352811e-01,3.921568627450980338e-02
1.002105896000614295e-03,8.627450980392157298e-01,-3.921568627450980338e-02
1.002107896000557731e-03,9.019607843137255054e-01,3.921568627450980338e-02
1.002109896000501167e-03,9.019607843137255054e-01,-7.843137254901960675e-02
1.002111896000444603e-03,9.411764705882352811e-01,-3.921568627450980338e-02
1.002113896000388039e-03,8.627450980392157298e-01,7.843137254901960675e-02
1.002115896000331475e-03,9.019607843137255054e-01,-1.960784313725490169e-01
1.002117896000274911e-03,9.019607843137255054e-01,1.568627450980392135e-01
1.002119896000218347e-03,9.411764705882352811e-01,-3.921568627450980338e-02
1.002121896000161784e-03,8.627450980392157298e-01,0.000000000000000000e+00
1.002123896000105220e-03,8.627450980392157298e-01,7.843137254901960675e-02
1.002125896000048656e-03,9.019607843137255054e-01,-3.921568627450980338e-02
1.002127895999992092e-03,9.411764705882352811e-01,7.843137254901960675e-02
1.002129895999935528e-03,8.627450980392157298e-01,0.000000000000000000e+00
1.002131895999878964e-03,8.627450980392157298e-01,0.000000000000000000e+00
1.002133895999822400e-03,9.019607843137255054e-01,7.843137254901960675e-02
1.002135895999765837e-03,9.411764705882352811e-01,-7.843137254901960675e-02
1.002137895999709273e-03,8.627450980392157298e-01,7.843137254901960675e-02
1.002139895999652709e-03,9.019607843137255054e-01,0.000000000000000000e+00
1.002141895999596145e-03,9.019607843137255054e-01,7.843137254901960675e-02
1.002143895999539581e-03,9.411764705882352811e-01,3.921568627450980338e-02
1.002145895999483017e-03,8.627450980392157298e-01,-3.921568627450980338e-02
1.002147895999426453e-03,8.627450980392157298e-01,7.843137254901960675e-02
1.002149895999369890e-03,9.019607843137255054e-01,-3.921568627450980338e-02
1.002151895999313326e-03,9.411764705882352811e-01,-3.921568627450980338e-02
1.002153895999256762e-03,8.627450980392157298e-01,7.843137254901960675e-02
1.002155895999200198e-03,9.019607843137255054e-01,-1.568627450980392135e-01
1.002157895999143634e-03,9.019607843137255054e-01,1.176470588235294101e-01
1.002159895999087070e-03,9.411764705882352811e-01,-3.921568627450980338e-02
1.002161895999030506e-03,8.627450980392157298e-01,0.000000000000000000e+00
1.002163895998973943e-03,8.627450980392157298e-01,7.843137254901960675e-02
1.002165895998917379e-03,9.019607843137255054e-01,-3.921568627450980338e-02
1.002167895998860815e-03,9.019607843137255054e-01,7.843137254901960675e-02
1.002169895998804251e-03,8.627450980392157298e-01,0.000000000000000000e+00
1.002171895998747687e-03,9.019607843137255054e-01,3.921568627450980338e-02
1.002173895998691123e-03,9.019607843137255054e-01,7.843137254901960675e-02
1.002175895998634559e-03,9.411764705882352811e-01,-7.843137254901960675e-02
1.002177895998577995e-03,8.627450980392157298e-01,7.843137254901960675e-02
1.002179895998521432e-03,9.019607843137255054e-01,0.000000000000000000e+00
1.002181895998464868e-03,9.019607843137255054e-01,7.843137254901960675e-02
1.002183895998408304e-03,9.411764705882352811e-01,3.921568627450980338e-02
1.002185895998351740e-03,8.627450980392157298e-01,-3.921568627450980338e-02
1.002187895998295176e-03,9.019607843137255054e-01,3.921568627450980338e-02
1.002189895998238612e-03,9.019607843137255054e-01,-7.843137254901960675e-02
1.002191895998182048e-03,9.411764705882352811e-01,0.000000000000000000e+00
1.002193895998125485e-03,8.627450980392157298e-01,3.921568627450980338e-02
1.002195895998068921e-03,9.019607843137255054e-01,-1.568627450980392135e-01
1.002197895998012357e-03,9.019607843137255054e-01,7.843137254901960675e-02
1.002199895997955793e-03,9.411764705882352811e-01,-3.921568627450980338e-02
1.002201895997899229e-03,8.627450980392157298e-01,-3.921568627450980338e-02
1.002203895997842665e-03,8.235294117647058432e-01,7.843137254901960675e-02
1.002205895997786101e-03,9.019607843137255054e-01,-3.921568627450980338e-02
1.002207895997729538e-03,9.411764705882352811e-01,7.843137254901960675e-02
1.002209895997672974e-03,9.019607843137255054e-01,0.000000000000000000e+00
1.002211895997616410e-03,9.019607843137255054e-01,7.843137254901960675e-02
1.002213895997559846e-03,8.627450980392157298e-01,7.843137254901960675e-02
1.002215895997503282e-03,9.411764705882352811e-01,-7.843137254901960675e-02
1.002217895997446718e-03,8.627450980392157298e-01,7.843137254901960675e-02
1.002219895997390154e-03,8.627450980392157298e-01,0.000000000000000000e+00
1.002221895997333590e-03,9.019607843137255054e-01,7.843137254901960675e-02
1.002223895997277027e-03,9.411764705882352811e-01,3.921568627450980338e-02
1.002225895997220463e-03,8.235294117647058432e-01,-7.843137254901960675e-02
1.002227895997163899e-03,8.627450980392157298e-01,7.843137254901960675e-02
1.002229895997107335e-03,9.019607843137255054e-01,-3.921568627450980338e-02
1.002231895997050771e-03,9.411764705882352811e-01,0.000000000000000000e+00
1.002233895996994207e-03,8.235294117647058432e-01,3.921568627450980338e-02
1.002235895996937643e-03,9.019607843137255054e-01,-1.568627450980392135e-01
1.002237895996881080e-03,9.019607843137255054e-01,1.568627450980392135e-01
1.002239895996824516e-03,9.411764705882352811e-01,-3.921568627450980338e-02
1.002241895996767952e-03,8.627450980392157298e-01,0.000000000000000000e+00
1.002243895996711388e-03,8.627450980392157298e-01,3.921568627450980338e-02
1.002245895996654824e-03,9.411764705882352811e-01,-3.921568627450980338e-02
1.002247895996598260e-03,9.411764705882352811e-01,7.843137254901960675e-02
1.002249895996541696e-03,8.627450980392157298e-01,0.000000000000000000e+00
1.002251895996485133e-03,8.627450980392157298e-01,3.921568627450980338e-02
1.002253895996428569e-03,8.627450980392157298e-01,7.843137254901960675e-02
1.002255895996372005e-03,9.411764705882352811e-01,-7.843137254901960675e-02
1.002257895996315441e-03,8.627450980392157298e-01,7.843137254901960675e-02
1.002259895996258877e-03,9.019607843137255054e-01,0.000000000000000000e+00
1.002261895996202313e-03,9.019607843137255054e-01,3.921568627450980338e-02
1.002263895996145749e-03,9.411764705882352811e-01,7.843137254901960675e-02
1.002265895996089186e-03,8.627450980392157298e-01,-7.843137254901960675e-02
1.002267895996032622e-03,8.627450980392157298e-01,7.843137254901960675e-02
1.002269895995976058e-03,9.019607843137255054e-01,0.000000000000000000e+00
1.002271895995919494e-03,9.411764705882352811e-01,-3.921568627450980338e-02
1.002273895995862930e-03,8.627450980392157298e-01,3.921568627450980338e-02
1.002275895995806366e-03,9.019607843137255054e-01,-1.568627450980392135e-01
1.002277895995749802e-03,9.019607843137255054e-01,1.176470588235294101e-01
1.002279895995693238e-03,9.411764705882352811e-01,0.000000000000000000e+00
1.002281895995636675e-03,8.627450980392157298e-01,0.000000000000000000e+00
1.002283895995580111e-03,9.411764705882352811e-01,7.843137254901960675e-02
1.002285895995523547e-03,9.019607843137255054e-01,-3.921568627450980338e-02
1.002287895995466983e-03,9.411764705882352811e-01,7.843137254901960675e-02
1.002289895995410419e-03,8.627450980392157298e-01,0.000000000000000000e+00
1.002291895995353855e-03,8.627450980392157298e-01,0.000000000000000000e+00
1.002293895995297291e-03,9.019607843137255054e-01,7.843137254901960675e-02
1.002295895995240728e-03,9.411764705882352811e-01,-7.843137254901960675e-02
1.002297895995184164e-03,8.627450980392157298e-01,7.843137254901960675e-02
1.002299895995127600e-03,9.019607843137255054e-01,0.000000000000000000e+00
1.002301895995071036e-03,9.019607843137255054e-01,7.843137254901960675e-02
1.002303895995014472e-03,9.411764705882352811e-01,3.921568627450980338e-02
1.002305895994957908e-03,8.627450980392157298e-01,-7.843137254901960675e-02
1.002307895994901344e-03,8.235294117647058432e-01,7.843137254901960675e-02
1.002309895994844781e-03,9.019607843137255054e-01,-3.921568627450980338e-02
1.002311895994788217e-03,9.411764705882352811e-01,0.000000000000000000e+00
1.002313895994731653e-03,8.627450980392157298e-01,7.843137254901960675e-02
1.002315895994675089e-03,9.019607843137255054e-01,-1.568627450980392135e-01
1.002317895994618525e-03,9.019607843137255054e-01,7.843137254901960675e-02
1.002319895994561961e-03,9.411764705882352811e-01,-3.921568627450980338e-02
1.002321895994505397e-03,8.627450980392157298e-01,-7.843137254901960675e-02
1.002323895994448833e-03,8.627450980392157298e-01,7.843137254901960675e-02
1.002325895994392270e-03,9.019607843137255054e-01,-7.843137254901960675e-02
1.002327895994335706e-03,9.411764705882352811e-01,7.843137254901960675e-02
1.002329895994279142e-03,8.627450980392157298e-01,-3.921568627450980338e-02
1.002331895994222578e-03,9.019607843137255054e-01,3.921568627450980338e-02
1.002333895994166014e-03,9.411764705882352811e-01,7.843137254901960675e-02
1.002335895994109450e-03,9.411764705882352811e-01,-7.843137254901960675e-02
1.002337895994052886e-03,8.627450980392157298e-01,3.921568627450980338e-02
1.002339895993996323e-03,9.019607843137255054e-01,0.000000000000000000e+00
1.002341895993939759e-03,9.019607843137255054e-01,7.843137254901960675e-02
1.002343895993883195e-03,9.019607843137255054e-01,7.843137254901960675e-02
1.002345895993826631e-03,8.627450980392157298e-01,-7.843137254901960675e-02
1.002347895993770067e-03,8.627450980392157298e-01,3.921568627450980338e-02
1.002349895993713503e-03,9.411764705882352811e-01,-3.921568627450980338e-02
1.002351895993656939e-03,9.411764705882352811e-01,-3.921568627450980338e-02
1.002353895993600376e-03,8.627450980392157298e-01,7.843137254901960675e-02
1.002355895993543812e-03,9.019607843137255054e-01,-1.568627450980392135e-01
1.002357895993487248e-03,9.019607843137255054e-01,1.568627450980392135e-01
1.002359895993430684e-03,9.411764705882352811e-01,-3.921568627450980338e-02
1.002361895993374120e-03,8.627450980392157298e-01,0.000000000000000000e+00
1.002363895993317556e-03,9.019607843137255054e-01,7.843137254901960675e-02
1.002365895993260992e-03,9.411764705882352811e-01,-7.843137254901960675e-02
1.002367895993204428e-03,9.411764705882352811e-01,7.843137254901960675e-02
1.002369895993147865e-03,8.627450980392157298e-01,0.000000000000000000e+00
1.002371895993091301e-03,9.019607843137255054e-01,0.000000000000000000e+00
1.002373895993034737e-03,9.019607843137255054e-01,7.843137254901960675e-02
1.002375895992978173e-03,9.411764705882352811e-01,-3.921568627450980338e-02
1.002377895992921609e-03,8.235294117647058432e-01,3.921568627450980338e-02
1.002379895992865045e-03,8.627450980392157298e-01,0.000000000000000000e+00
1.002381895992808481e-03,9.019607843137255054e-01,3.921568627450980338e-02
1.002383895992751918e-03,9.411764705882352811e-01,0.000000000000000000e+00
1.002385895992695354e-03,8.627450980392157298e-01,-7.843137254901960675e-02
1.002387895992638790e-03,9.411764705882352811e-01,1.176470588235294101e-01
1.002389895992582226e-03,9.411764705882352811e-01,-3.921568627450980338e-02
1.002391895992525662e-03,9.411764705882352811e-01,-3.921568627450980338e-02
1.002393895992469098e-03,8.235294117647058432e-01,7.843137254901960675e-02
1.002395895992412534e-03,9.019607843137255054e-01,-1.568627450980392135e-01
1.002397895992355971e-03,9.019607843137255054e-01,1.176470588235294101e-01
1.002399895992299407e-03,9.411764705882352811e-01,0.000000000000000000e+00
1.002401895992242843e-03,8.235294117647058432e-01,0.000000000000000000e+00
1.002403895992186279e-03,9.019607843137255054e-01,7.843137254901960675e-02
1.002405895992129715e-03,9.411764705882352811e-01,-3.921568627450980338e-02
1.002407895992073151e-03,9.411764705882352811e-01,7.843137254901960675e-02
1.002409895992016587e-03,8.235294117647058432e-01,0.000000000000000000e+00
1.002411895991960024e-03,9.019607843137255054e-01,3.921568627450980338e-02
1.002413895991903460e-03,8.627450980392157298e-01,3.921568627450980338e-02
1.002415895991846896e-03,9.411764705882352811e-01,-7.843137254901960675e-02
1.002417895991790332e-03,8.627450980392157298e-01,7.843137254901960675e-02
1.002419895991733768e-03,8.627450980392157298e-01,0.000000000000000000e+00
1.002421895991677204e-03,9.019607843137255054e-01,3.921568627450980338e-02
1.002423895991620640e-03,9.411764705882352811e-01,0.000000000000000000e+00
1.002425895991564076e-03,8.235294117647058432e-01,-3.921568627450980338e-02
1.002427895991507513e-03,9.019607843137255054e-01,3.921568627450980338e-02
1.002429895991450949e-03,9.019607843137255054e-01,-3.921568627450980338e-02
1.002431895991394385e-03,9.411764705882352811e-01,0.000000000000000000e+00
1.002433895991337821e-03,8.235294117647058432e-01,7.843137254901960675e-02
1.002435895991281257e-03,9.019607843137255054e-01,-1.960784313725490169e-01
1.002437895991224693e-03,9.019607843137255054e-01,1.176470588235294101e-01
1.002439895991168129e-03,9.411764705882352811e-01,0.000000000000000000e+00
1.002441895991111566e-03,8.627450980392157298e-01,-3.921568627450980338e-02
1.002443895991055002e-03,8.235294117647058432e-01,7.843137254901960675e-02
1.002445895990998438e-03,9.019607843137255054e-01,-3.921568627450980338e-02
1.002447895990941874e-03,9.411764705882352811e-01,7.843137254901960675e-02
1.002449895990885310e-03,8.627450980392157298e-01,0.000000000000000000e+00
1.002451895990828746e-03,9.019607843137255054e-01,3.921568627450980338e-02
1.002453895990772182e-03,9.019607843137255054e-01,7.843137254901960675e-02
1.002455895990715619e-03,9.411764705882352811e-01,-7.843137254901960675e-02
1.002457895990659055e-03,8.627450980392157298e-01,7.843137254901960675e-02
1.002459895990602491e-03,9.019607843137255054e-01,0.000000000000000000e+00
1.002461895990545927e-03,9.019607843137255054e-01,7.843137254901960675e-02
1.002463895990489363e-03,9.411764705882352811e-01,7.843137254901960675e-02
1.002465895990432799e-03,8.627450980392157298e-01,-7.843137254901960675e-02
1.002467895990376235e-03,9.019607843137255054e-01,7.843137254901960675e-02
1.002469895990319671e-03,9.019607843137255054e-01,-3.921568627450980338e-02
1.002471895990263108e-03,9.803921568627450567e-01,0.000000000000000000e+00
1.002473895990206544e-03,8.627450980392157298e-01,7.843137254901960675e-02
1.002475895990149980e-03,9.019607843137255054e-01,-1.568627450980392135e-01
1.002477895990093416e-03,8.627450980392157298e-01,1.176470588235294101e-01
1.002479895990036852e-03,9.411764705882352811e-01,-3.921568627450980338e-02
1.002481895989980288e-03,8.627450980392157298e-01,0.000000000000000000e+00
1.002483895989923724e-03,9.019607843137255054e-01,3.921568627450980338e-02
1.002485895989867161e-03,9.019607843137255054e-01,-7.843137254901960675e-02
1.002487895989810597e-03,9.411764705882352811e-01,7.843137254901960675e-02
1.002489895989754033e-03,8.627450980392157298e-01,0.000000000000000000e+00
1.002491895989697469e-03,8.235294117647058432e-01,3.921568627450980338e-02
1.002493895989640905e-03,9.019607843137255054e-01,7.843137254901960675e-02
1.002495895989584341e-03,9.411764705882352811e-01,-7.843137254901960675e-02
1.002497895989527777e-03,8.627450980392157298e-01,7.843137254901960675e-02
1.002499895989471214e-03,8.627450980392157298e-01,0.000000000000000000e+00
1.002501895989414650e-03,9.019607843137255054e-01,3.921568627450980338e-02
1.002503895989358086e-03,9.411764705882352811e-01,7.843137254901960675e-02
1.002505895989301522e-03,8.627450980392157298e-01,-7.843137254901960675e-02
1.002507895989244958e-03,8.627450980392157298e-01,1.176470588235294101e-01
1.002509895989188394e-03,9.019607843137255054e-01,-3.921568627450980338e-02
1.002511895989131830e-03,9.411764705882352811e-01,0.000000000000000000e+00
1.002513895989075266e-03,8.235294117647058432e-01,7.843137254901960675e-02
1.002515895989018703e-03,9.411764705882352811e-01,-1.568627450980392135e-01
1.002517895988962139e-03,9.019607843137255054e-01,7.843137254901960675e-02
1.002519895988905575e-03,9.803921568627450567e-01,0.000000000000000000e+00
1.002521895988849011e-03,8.627450980392157298e-01,0.000000000000000000e+00
1.002523895988792447e-03,9.411764705882352811e-01,7.843137254901960675e-02
1.002525895988735883e-03,9.019607843137255054e-01,-7.843137254901960675e-02
1.002527895988679319e-03,9.411764705882352811e-01,7.843137254901960675e-02
1.002529895988622756e-03,8.627450980392157298e-01,0.000000000000000000e+00
1.002531895988566192e-03,8.627450980392157298e-01,3.921568627450980338e-02
1.002533895988509628e-03,9.411764705882352811e-01,1.176470588235294101e-01
1.002535895988453064e-03,9.411764705882352811e-01,-7.843137254901960675e-02
1.002537895988396500e-03,8.235294117647058432e-01,7.843137254901960675e-02
1.002539895988339936e-03,9.019607843137255054e-01,0.000000000000000000e+00
1.002541895988283372e-03,9.019607843137255054e-01,7.843137254901960675e-02
1.002543895988226809e-03,9.411764705882352811e-01,3.921568627450980338e-02
1.002545895988170245e-03,8.627450980392157298e-01,-7.843137254901960675e-02
1.002547895988113681e-03,8.235294117647058432e-01,1.176470588235294101e-01
1.002549895988057117e-03,9.019607843137255054e-01,-3.921568627450980338e-02
1.002551895988000553e-03,9.411764705882352811e-01,0.000000000000000000e+00
1.002553895987943989e-03,8.627450980392157298e-01,7.843137254901960675e-02
1.002555895987887425e-03,9.019607843137255054e-01,-7.843137254901960675e-02
1.002557895987830862e-03,9.019607843137255054e-01,1.176470588235294101e-01
1.002559895987774298e-03,9.411764705882352811e-01,0.000000000000000000e+00
1.002561895987717734e-03,8.627450980392157298e-01,-3.921568627450980338e-02
1.002563895987661170e-03,8.627450980392157298e-01,7.843137254901960675e-02
1.002565895987604606e-03,9.411764705882352811e-01,-3.921568627450980338e-02
1.002567895987548042e-03,9.803921568627450567e-01,7.843137254901960675e-02
1.002569895987491478e-03,8.627450980392157298e-01,0.000000000000000000e+00
1.002571895987434914e-03,9.019607843137255054e-01,3.921568627450980338e-02
1.002573895987378351e-03,9.019607843137255054e-01,7.843137254901960675e-02
1.002575895987321787e-03,9.411764705882352811e-01,-3.921568627450980338e-02
1.002577895987265223e-03,8.627450980392157298e-01,1.176470588235294101e-01
1.002579895987208659e-03,8.627450980392157298e-01,0.000000000000000000e+00
1.002581895987152095e-03,9.019607843137255054e-01,7.843137254901960675e-02
1.002583895987095531e-03,9.411764705882352811e-01,0.000000000000000000e+00
1.002585895987038967e-03,8.627450980392157298e-01,-3.921568627450980338e-02
1.002587895986982404e-03,8.627450980392157298e-01,7.843137254901960675e-02
1.002589895986925840e-03,9.019607843137255054e-01,-3.921568627450980338e-02
1.002591895986869276e-03,9.411764705882352811e-01,0.000000000000000000e+00
1.002593895986812712e-03,8.627450980392157298e-01,7.843137254901960675e-02
1.002595895986756148e-03,9.019607843137255054e-01,-1.568627450980392135e-01
1.002597895986699584e-03,9.019607843137255054e-01,1.176470588235294101e-01
1.002599895986643020e-03,9.411764705882352811e-01,-7.843137254901960675e-02
1.002601895986586457e-03,8.235294117647058432e-01,0.000000000000000000e+00
1.002603895986529893e-03,9.019607843137255054e-01,3.921568627450980338e-02
1.002605895986473329e-03,9.411764705882352811e-01,-7.843137254901960675e-02
1.002607895986416765e-03,9.411764705882352811e-01,7.843137254901960675e-02
1.002609895986360201e-03,8.627450980392157298e-01,0.000000000000000000e+00
1.002611895986303637e-03,8.627450980392157298e-01,3.921568627450980338e-02
1.002613895986247073e-03,9.411764705882352811e-01,3.921568627450980338e-02
1.002615895986190509e-03,9.411764705882352811e-01,-7.843137254901960675e-02
1.002617895986133946e-03,8.627450980392157298e-01,7.843137254901960675e-02
1.002619895986077382e-03,9.019607843137255054e-01,0.000000000000000000e+00
1.002621895986020818e-03,9.019607843137255054e-01,3.921568627450980338e-02
1.002623895985964254e-03,9.411764705882352811e-01,3.921568627450980338e-02
1.002625895985907690e-03,8.627450980392157298e-01,-7.843137254901960675e-02
1.002627895985851126e-03,9.019607843137255054e-01,7.843137254901960675e-02
1.002629895985794562e-03,9.411764705882352811e-01,-3.921568627450980338e-02
1.002631895985737999e-03,9.411764705882352811e-01,0.000000000000000000e+00
1.002633895985681435e-03,8.627450980392157298e-01,7.843137254901960675e-02
1.002635895985624871e-03,9.019607843137255054e-01,-1.568627450980392135e-01
1.002637895985568307e-03,9.019607843137255054e-01,1.176470588235294101e-01
1.002639895985511743e-03,9.411764705882352811e-01,0.000000000000000000e+00
1.002641895985455179e-03,8.235294117647058432e-01,0.000000000000000000e+00
1.002643895985398615e-03,9.019607843137255054e-01,7.843137254901960675e-02
1.002645895985342052e-03,9.019607843137255054e-01,-3.921568627450980338e-02
1.002647895985285488e-03,9.411764705882352811e-01,7.843137254901960675e-02
1.002649895985228924e-03,8.627450980392157298e-01,0.000000000000000000e+00
1.002651895985172360e-03,9.019607843137255054e-01,3.921568627450980338e-02
1.002653895985115796e-03,9.019607843137255054e-01,7.843137254901960675e-02
1.002655895985059232e-03,9.411764705882352811e-01,-7.843137254901960675e-02
1.002657895985002668e-03,8.235294117647058432e-01,7.843137254901960675e-02
1.002659895984946105e-03,9.019607843137255054e-01,0.000000000000000000e+00
1.002661895984889541e-03,9.019607843137255054e-01,7.843137254901960675e-02
1.002663895984832977e-03,9.411764705882352811e-01,7.843137254901960675e-02
1.002665895984776413e-03,8.627450980392157298e-01,-3.921568627450980338e-02
1.002667895984719849e-03,9.019607843137255054e-01,7.843137254901960675e-02
1.002669895984663285e-03,8.627450980392157298e-01,-3.921568627450980338e-02
1.002671895984606721e-03,9.411764705882352811e-01,0.000000000000000000e+00
1.002673895984550157e-03,8.627450980392157298e-01,3.921568627450980338e-02
1.002675895984493594e-03,9.411764705882352811e-01,-1.568627450980392135e-01
1.002677895984437030e-03,9.019607843137255054e-01,1.176470588235294101e-01
1.002679895984380466e-03,9.411764705882352811e-01,-3.921568627450980338e-02
1.002681895984323902e-03,8.627450980392157298e-01,0.000000000000000000e+00
1.002683895984267338e-03,9.019607843137255054e-01,7.843137254901960675e-02
1.002685895984210774e-03,9.019607843137255054e-01,-3.921568627450980338e-02
1.002687895984154210e-03,9.019607843137255054e-01,7.843137254901960675e-02
1.002689895984097647e-03,8.627450980392157298e-01,0.000000000000000000e+00
1.002691895984041083e-03,8.627450980392157298e-01,3.921568627450980338e-02
1.002693895983984519e-03,9.019607843137255054e-01,7.843137254901960675e-02
1.002695895983927955e-03,9.411764705882352811e-01,-7.843137254901960675e-02
1.002697895983871391e-03,8.235294117647058432e-01,3.921568627450980338e-02
1.002699895983814827e-03,9.019607843137255054e-01,0.000000000000000000e+00
1.002701895983758263e-03,9.019607843137255054e-01,7.843137254901960675e-02
1.002703895983701700e-03,9.411764705882352811e-01,7.843137254901960675e-02
1.002705895983645136e-03,8.627450980392157298e-01,-3.921568627450980338e-02
1.002707895983588572e-03,9.019607843137255054e-01,7.843137254901960675e-02
1.002709895983532008e-03,9.019607843137255054e-01,-3.921568627450980338e-02
1.002711895983475444e-03,9.019607843137255054e-01,-3.921568627450980338e-02
1.002713895983418880e-03,8.627450980392157298e-01,7.843137254901960675e-02
1.002715895983362316e-03,9.019607843137255054e-01,-1.568627450980392135e-01
1.002717895983305752e-03,9.411764705882352811e-01,7.843137254901960675e-02
1.002719895983249189e-03,9.411764705882352811e-01,0.000000000000000000e+00
1.002721895983192625e-03,8.235294117647058432e-01,0.000000000000000000e+00
1.002723895983136061e-03,8.627450980392157298e-01,7.843137254901960675e-02
1.002725895983079497e-03,9.411764705882352811e-01,-7.843137254901960675e-02
1.002727895983022933e-03,9.411764705882352811e-01,7.843137254901960675e-02
1.002729895982966369e-03,8.627450980392157298e-01,0.000000000000000000e+00
1.002731895982909805e-03,9.019607843137255054e-01,3.921568627450980338e-02
1.002733895982853242e-03,8.627450980392157298e-01,7.843137254901960675e-02
1.002735895982796678e-03,9.411764705882352811e-01,-7.843137254901960675e-02
1.002737895982740114e-03,8.627450980392157298e-01,3.921568627450980338e-02
1.002739895982683550e-03,8.627450980392157298e-01,0.000000000000000000e+00
1.002741895982626986e-03,9.019607843137255054e-01,7.843137254901960675e-02
1.002743895982570422e-03,9.411764705882352811e-01,7.843137254901960675e-02
1.002745895982513858e-03,8.627450980392157298e-01,-7.843137254901960675e-02
1.002747895982457295e-03,8.627450980392157298e-01,1.176470588235294101e-01
1.002749895982400731e-03,9.411764705882352811e-01,-3.921568627450980338e-02
1.002751895982344167e-03,9.411764705882352811e-01,0.000000000000000000e+00
1.002753895982287603e-03,8.235294117647058432e-01,7.843137254901960675e-02
1.002755895982231039e-03,9.019607843137255054e-01,-1.568627450980392135e-01
1.002757895982174475e-03,9.019607843137255054e-01,7.843137254901960675e-02
1.002759895982117911e-03,9.411764705882352811e-01,0.000000000000000000e+00
1.002761895982061347e-03,8.627450980392157298e-01,0.000000000000000000e+00
1.002763895982004784e-03,9.019607843137255054e-01,7.843137254901960675e-02
1.002765895981948220e-03,9.019607843137255054e-01,-3.921568627450980338e-02
1.002767895981891656e-03,9.411764705882352811e-01,3.921568627450980338e-02
1.002769895981835092e-03,8.627450980392157298e-01,-3.921568627450980338e-02
1.002771895981778528e-03,8.627450980392157298e-01,3.921568627450980338e-02
1.002773895981721964e-03,9.019607843137255054e-01,7.843137254901960675e-02
1.002775895981665400e-03,9.411764705882352811e-01,-7.843137254901960675e-02
1.002777895981608837e-03,8.627450980392157298e-01,7.843137254901960675e-02
1.002779895981552273e-03,9.019607843137255054e-01,0.000000000000000000e+00
1.002781895981495709e-03,9.019607843137255054e-01,3.921568627450980338e-02
1.002783895981439145e-03,9.411764705882352811e-01,0.000000000000000000e+00
1.002785895981382581e-03,8.627450980392157298e-01,-3.921568627450980338e-02
1.002787895981326017e-03,8.627450980392157298e-01,7.843137254901960675e-02
1.002789895981269453e-03,9.411764705882352811e-01,-3.921568627450980338e-02
1.002791895981212890e-03,9.803921568627450567e-01,0.000000000000000000e+00
1.002793895981156326e-03,8.627450980392157298e-01,7.843137254901960675e-02
1.002795895981099762e-03,8.627450980392157298e-01,-1.568627450980392135e-01
1.002797895981043198e-03,9.019607843137255054e-01,1.176470588235294101e-01
1.002799895980986634e-03,9.411764705882352811e-01,0.000000000000000000e+00
1.002801895980930070e-03,8.627450980392157298e-01,0.000000000000000000e+00
1.002803895980873506e-03,9.019607843137255054e-01,7.843137254901960675e-02
1.002805895980816943e-03,9.019607843137255054e-01,0.000000000000000000e+00
1.002807895980760379e-03,9.411764705882352811e-01,3.921568627450980338e-02
1.002809895980703815e-03,8.627450980392157298e-01,0.000000000000000000e+00
1.002811895980647251e-03,8.627450980392157298e-01,-3.921568627450980338e-02
1.002813895980590687e-03,9.019607843137255054e-01,7.843137254901960675e-02
1.002815895980534123e-03,9.411764705882352811e-01,-7.843137254901960675e-02
1.002817895980477559e-03,8.627450980392157298e-01,7.843137254901960675e-02
1.002819895980420995e-03,9.019607843137255054e-01,-7.843137254901960675e-02
1.002821895980364432e-03,9.019607843137255054e-01,7.843137254901960675e-02
1.002823895980307868e-03,9.411764705882352811e-01,7.843137254901960675e-02
1.002825895980251304e-03,8.627450980392157298e-01,-7.843137254901960675e-02
1.002827895980194740e-03,9.019607843137255054e-01,7.843137254901960675e-02
1.002829895980138176e-03,9.411764705882352811e-01,-7.843137254901960675e-02
1.002831895980081612e-03,9.411764705882352811e-01,-3.921568627450980338e-02
1.002833895980025048e-03,8.627450980392157298e-01,7.843137254901960675e-02
1.002835895979968485e-03,8.627450980392157298e-01,-1.568627450980392135e-01
1.002837895979911921e-03,9.019607843137255054e-01,1.176470588235294101e-01
1.002839895979855357e-03,9.411764705882352811e-01,0.000000000000000000e+00
1.002841895979798793e-03,8.627450980392157298e-01,0.000000000000000000e+00
1.002843895979742229e-03,8.627450980392157298e-01,7.843137254901960675e-02
1.002845895979685665e-03,9.411764705882352811e-01,-3.921568627450980338e-02
1.002847895979629101e-03,9.019607843137255054e-01,7.843137254901960675e-02
1.002849895979572538e-03,8.627450980392157298e-01,-3.921568627450980338e-02
1.002851895979515974e-03,8.627450980392157298e-01,-3.921568627450980338e-02
1.002853895979459410e-03,9.019607843137255054e-01,7.843137254901960675e-02
1.002855895979402846e-03,9.411764705882352811e-01,-7.843137254901960675e-02
1.002857895979346282e-03,8.627450980392157298e-01,3.921568627450980338e-02
1.002859895979289718e-03,8.627450980392157298e-01,-7.843137254901960675e-02
1.002861895979233154e-03,9.019607843137255054e-01,3.921568627450980338e-02
1.002863895979176590e-03,9.411764705882352811e-01,7.843137254901960675e-02
1.002865895979120027e-03,8.235294117647058432e-01,-3.921568627450980338e-02
1.002867895979063463e-03,9.019607843137255054e-01,1.176470588235294101e-01
1.002869895979006899e-03,9.019607843137255054e-01,-3.921568627450980338e-02
1.002871895978950335e-03,9.411764705882352811e-01,-3.921568627450980338e-02
1.002873895978893771e-03,8.235294117647058432e-01,7.843137254901960675e-02
1.002875895978837207e-03,9.019607843137255054e-01,-1.568627450980392135e-01
1.002877895978780643e-03,9.019607843137255054e-01,7.843137254901960675e-02
1.002879895978724080e-03,9.411764705882352811e-01,0.000000000000000000e+00
1.002881895978667516e-03,8.235294117647058432e-01,-3.921568627450980338e-02
1.002883895978610952e-03,8.627450980392157298e-01,3.921568627450980338e-02
1.002885895978554388e-03,8.627450980392157298e-01,0.000000000000000000e+00
1.002887895978497824e-03,9.411764705882352811e-01,3.921568627450980338e-02
1.002889895978441260e-03,8.627450980392157298e-01,0.000000000000000000e+00
1.002891895978384696e-03,9.019607843137255054e-01,0.000000000000000000e+00
1.002893895978328133e-03,9.019607843137255054e-01,3.921568627450980338e-02
1.002895895978271569e-03,9.411764705882352811e-01,-7.843137254901960675e-02
1.002897895978215005e-03,8.627450980392157298e-01,3.921568627450980338e-02
1.002899895978158441e-03,9.019607843137255054e-01,0.000000000000000000e+00
1.002901895978101877e-03,9.019607843137255054e-01,3.921568627450980338e-02
1.002903895978045313e-03,9.411764705882352811e-01,3.921568627450980338e-02
1.002905895977988749e-03,8.627450980392157298e-01,-7.843137254901960675e-02
1.002907895977932186e-03,9.019607843137255054e-01,7.843137254901960675e-02
1.002909895977875622e-03,9.411764705882352811e-01,-3.921568627450980338e-02
1.002911895977819058e-03,9.411764705882352811e-01,0.000000000000000000e+00
1.002913895977762494e-03,8.627450980392157298e-01,7.843137254901960675e-02
1.002915895977705930e-03,9.019607843137255054e-01,-1.568627450980392135e-01
1.002917895977649366e-03,9.019607843137255054e-01,1.568627450980392135e-01
1.002919895977592802e-03,9.019607843137255054e-01,-7.843137254901960675e-02
1.002921895977536238e-03,8.627450980392157298e-01,0.000000000000000000e+00
1.002923895977479675e-03,8.627450980392157298e-01,3.921568627450980338e-02
1.002925895977423111e-03,9.411764705882352811e-01,-3.921568627450980338e-02
1.002927895977366547e-03,9.411764705882352811e-01,7.843137254901960675e-02
1.002929895977309983e-03,8.627450980392157298e-01,-7.843137254901960675e-02
1.002931895977253419e-03,9.019607843137255054e-01,0.000000000000000000e+00
1.002933895977196855e-03,9.019607843137255054e-01,3.921568627450980338e-02
1.002935895977140291e-03,9.411764705882352811e-01,-7.843137254901960675e-02
1.002937895977083728e-03,8.627450980392157298e-01,7.843137254901960675e-02
1.002939895977027164e-03,9.411764705882352811e-01,0.000000000000000000e+00
1.002941895976970600e-03,9.019607843137255054e-01,3.921568627450980338e-02
1.002943895976914036e-03,9.411764705882352811e-01,3.921568627450980338e-02
1.002945895976857472e-03,8.235294117647058432e-01,-3.921568627450980338e-02
1.002947895976800908e-03,8.627450980392157298e-01,3.921568627450980338e-02
1.002949895976744344e-03,9.019607843137255054e-01,0.000000000000000000e+00
1.002951895976687781e-03,9.411764705882352811e-01,-3.921568627450980338e-02
1.002953895976631217e-03,8.235294117647058432e-01,7.843137254901960675e-02
1.002955895976574653e-03,9.019607843137255054e-01,-7.843137254901960675e-02
1.002957895976518089e-03,8.627450980392157298e-01,7.843137254901960675e-02
1.002959895976461525e-03,9.411764705882352811e-01,0.000000000000000000e+00
1.002961895976404961e-03,8.235294117647058432e-01,0.000000000000000000e+00
1.002963895976348397e-03,9.019607843137255054e-01,7.843137254901960675e-02
1.002965895976291833e-03,9.019607843137255054e-01,0.000000000000000000e+00
1.002967895976235270e-03,9.411764705882352811e-01,7.843137254901960675e-02
1.002969895976178706e-03,9.019607843137255054e-01,0.000000000000000000e+00
1.002971895976122142e-03,8.627450980392157298e-01,0.000000000000000000e+00
1.002973895976065578e-03,9.019607843137255054e-01,7.843137254901960675e-02
1.002975895976009014e-03,9.019607843137255054e-01,-3.921568627450980338e-02
1.002977895975952450e-03,8.627450980392157298e-01,3.921568627450980338e-02
1.002979895975895886e-03,8.627450980392157298e-01,0.000000000000000000e+00
1.002981895975839323e-03,8.627450980392157298e-01,7.843137254901960675e-02
1.002983895975782759e-03,9.411764705882352811e-01,7.843137254901960675e-02
1.002985895975726195e-03,8.627450980392157298e-01,-7.843137254901960675e-02
1.002987895975669631e-03,9.019607843137255054e-01,7.843137254901960675e-02
1.002989895975613067e-03,9.411764705882352811e-01,0.000000000000000000e+00
1.002991895975556503e-03,9.411764705882352811e-01,0.000000000000000000e+00
1.002993895975499939e-03,8.235294117647058432e-01,7.843137254901960675e-02
1.002995895975443376e-03,9.019607843137255054e-01,-1.568627450980392135e-01
1.002997895975386812e-03,9.019607843137255054e-01,1.176470588235294101e-01
1.002999895975330248e-03,9.411764705882352811e-01,0.000000000000000000e+00
1.003001895975273684e-03,8.627450980392157298e-01,0.000000000000000000e+00
1.003003895975217120e-03,8.627450980392157298e-01,7.843137254901960675e-02
1.003005895975160556e-03,9.411764705882352811e-01,-3.921568627450980338e-02
1.003007895975103992e-03,9.411764705882352811e-01,7.843137254901960675e-02
1.003009895975047428e-03,8.627450980392157298e-01,0.000000000000000000e+00
1.003011895974990865e-03,9.019607843137255054e-01,3.921568627450980338e-02
1.003013895974934301e-03,8.627450980392157298e-01,7.843137254901960675e-02
1.003015895974877737e-03,9.411764705882352811e-01,-7.843137254901960675e-02
1.003017895974821173e-03,8.235294117647058432e-01,3.921568627450980338e-02
1.003019895974764609e-03,9.411764705882352811e-01,-7.843137254901960675e-02
1.003021895974708045e-03,9.019607843137255054e-01,3.921568627450980338e-02
1.003023895974651481e-03,9.411764705882352811e-01,3.921568627450980338e-02
1.003025895974594918e-03,8.627450980392157298e-01,-7.843137254901960675e-02
1.003027895974538354e-03,8.627450980392157298e-01,1.176470588235294101e-01
1.003029895974481790e-03,9.019607843137255054e-01,-3.921568627450980338e-02
1.003031895974425226e-03,9.411764705882352811e-01,0.000000000000000000e+00
1.003033895974368662e-03,8.627450980392157298e-01,7.843137254901960675e-02
1.003035895974312098e-03,9.019607843137255054e-01,0.000000000000000000e+00
1.003037895974255534e-03,9.019607843137255054e-01,1.176470588235294101e-01
1.003039895974198971e-03,9.411764705882352811e-01,0.000000000000000000e+00
1.003041895974142407e-03,8.627450980392157298e-01,-3.921568627450980338e-02
1.003043895974085843e-03,8.627450980392157298e-01,3.921568627450980338e-02
1.003045895974029279e-03,9.411764705882352811e-01,-7.843137254901960675e-02
1.003047895973972715e-03,9.411764705882352811e-01,7.843137254901960675e-02
1.003049895973916151e-03,8.627450980392157298e-01,0.000000000000000000e+00
1.003051895973859587e-03,8.627450980392157298e-01,3.921568627450980338e-02
1.003053895973803024e-03,9.019607843137255054e-01,1.176470588235294101e-01
1.003055895973746460e-03,9.411764705882352811e-01,-7.843137254901960675e-02
1.003057895973689896e-03,8.627450980392157298e-01,7.843137254901960675e-02
1.003059895973633332e-03,8.627450980392157298e-01,0.000000000000000000e+00
1.003061895973576768e-03,9.019607843137255054e-01,3.921568627450980338e-02
1.003063895973520204e-03,9.411764705882352811e-01,0.000000000000000000e+00
1.003065895973463640e-03,9.019607843137255054e-01,-7.843137254901960675e-02
1.003067895973407076e-03,9.019607843137255054e-01,7.843137254901960675e-02
1.003069895973350513e-03,9.019607843137255054e-01,-3.921568627450980338e-02
1.003071895973293949e-03,9.411764705882352811e-01,0.000000000000000000e+00
1.003073895973237385e-03,8.627450980392157298e-01,7.843137254901960675e-02
1.003075895973180821e-03,9.411764705882352811e-01,-1.568627450980392135e-01
1.003077895973124257e-03,9.019607843137255054e-01,1.568627450980392135e-01
1.003079895973067693e-03,9.411764705882352811e-01,-7.843137254901960675e-02
1.003081895973011129e-03,8.235294117647058432e-01,-3.921568627450980338e-02
1.003083895972954566e-03,9.019607843137255054e-01,3.921568627450980338e-02
1.003085895972898002e-03,9.019607843137255054e-01,-3.921568627450980338e-02
1.003087895972841438e-03,9.411764705882352811e-01,7.843137254901960675e-02
1.003089895972784874e-03,8.627450980392157298e-01,0.000000000000000000e+00
1.003091895972728310e-03,9.019607843137255054e-01,3.921568627450980338e-02
1.003093895972671746e-03,8.627450980392157298e-01,7.843137254901960675e-02
1.003095895972615182e-03,9.411764705882352811e-01,-7.843137254901960675e-02
1.003097895972558619e-03,8.627450980392157298e-01,7.843137254901960675e-02
1.003099895972502055e-03,9.411764705882352811e-01,0.000000000000000000e+00
1.003101895972445491e-03,9.411764705882352811e-01,7.843137254901960675e-02
1.003103895972388927e-03,9.411764705882352811e-01,7.843137254901960675e-02
1.003105895972332363e-03,8.627450980392157298e-01,-7.843137254901960675e-02
1.003107895972275799e-03,9.019607843137255054e-01,7.843137254901960675e-02
1.003109895972219235e-03,9.019607843137255054e-01,-3.921568627450980338e-02
1.003111895972162671e-03,9.411764705882352811e-01,-3.921568627450980338e-02
1.003113895972106108e-03,8.627450980392157298e-01,7.843137254901960675e-02
1.003115895972049544e-03,9.019607843137255054e-01,-1.568627450980392135e-01
1.003117895971992980e-03,9.411764705882352811e-01,1.176470588235294101e-01
1.003119895971936416e-03,9.411764705882352811e-01,0.000000000000000000e+00
1.003121895971879852e-03,8.627450980392157298e-01,0.000000000000000000e+00
1.003123895971823288e-03,8.627450980392157298e-01,7.843137254901960675e-02
1.003125895971766724e-03,9.019607843137255054e-01,-3.921568627450980338e-02
1.003127895971710161e-03,9.411764705882352811e-01,1.176470588235294101e-01
1.003129895971653597e-03,8.627450980392157298e-01,-3.921568627450980338e-02
1.003131895971597033e-03,8.627450980392157298e-01,3.921568627450980338e-02
1.003133895971540469e-03,9.019607843137255054e-01,7.843137254901960675e-02
1.003135895971483905e-03,9.411764705882352811e-01,-7.843137254901960675e-02
1.003137895971427341e-03,8.235294117647058432e-01,3.921568627450980338e-02
1.003139895971370777e-03,9.019607843137255054e-01,-7.843137254901960675e-02
1.003141895971314214e-03,9.411764705882352811e-01,7.843137254901960675e-02
1.003143895971257650e-03,9.411764705882352811e-01,7.843137254901960675e-02
1.003145895971201086e-03,9.019607843137255054e-01,-7.843137254901960675e-02
1.003147895971144522e-03,9.019607843137255054e-01,7.843137254901960675e-02
1.003149895971087958e-03,8.627450980392157298e-01,0.000000000000000000e+00
1.003151895971031394e-03,9.411764705882352811e-01,0.000000000000000000e+00
1.003153895970974830e-03,8.235294117647058432e-01,7.843137254901960675e-02
1.003155895970918266e-03,9.019607843137255054e-01,-7.843137254901960675e-02
1.003157895970861703e-03,9.019607843137255054e-01,1.176470588235294101e-01
1.003159895970805139e-03,9.411764705882352811e-01,0.000000000000000000e+00
1.003161895970748575e-03,8.235294117647058432e-01,-3.921568627450980338e-02
1.003163895970692011e-03,8.627450980392157298e-01,3.921568627450980338e-02
1.003165895970635447e-03,9.019607843137255054e-01,0.000000000000000000e+00
1.003167895970578883e-03,9.411764705882352811e-01,3.921568627450980338e-02
1.003169895970522319e-03,8.627450980392157298e-01,0.000000000000000000e+00
1.003171895970465756e-03,9.019607843137255054e-01,3.921568627450980338e-02
1.003173895970409192e-03,8.627450980392157298e-01,7.843137254901960675e-02
1.003175895970352628e-03,9.411764705882352811e-01,-7.843137254901960675e-02
1.003177895970296064e-03,8.235294117647058432e-01,3.921568627450980338e-02
1.003179895970239500e-03,9.019607843137255054e-01,0.000000000000000000e+00
1.003181895970182936e-03,9.019607843137255054e-01,3.921568627450980338e-02
1.003183895970126372e-03,9.411764705882352811e-01,3.921568627450980338e-02
1.003185895970069809e-03,8.627450980392157298e-01,-7.843137254901960675e-02
1.003187895970013245e-03,9.019607843137255054e-01,7.843137254901960675e-02
1.003189895969956681e-03,9.019607843137255054e-01,-7.843137254901960675e-02
1.003191895969900117e-03,9.411764705882352811e-01,0.000000000000000000e+00
1.003193895969843553e-03,8.627450980392157298e-01,7.843137254901960675e-02
1.003195895969786989e-03,9.019607843137255054e-01,-1.568627450980392135e-01
1.003197895969730425e-03,9.411764705882352811e-01,1.568627450980392135e-01
1.003199895969673862e-03,9.411764705882352811e-01,-7.843137254901960675e-02
1.003201895969617298e-03,8.627450980392157298e-01,0.000000000000000000e+00
1.003203895969560734e-03,8.235294117647058432e-01,7.843137254901960675e-02
1.003205895969504170e-03,9.019607843137255054e-01,0.000000000000000000e+00
1.003207895969447606e-03,9.411764705882352811e-01,7.843137254901960675e-02
1.003209895969391042e-03,8.627450980392157298e-01,0.000000000000000000e+00
1.003211895969334478e-03,8.235294117647058432e-01,0.000000000000000000e+00
1.003213895969277914e-03,9.019607843137255054e-01,7.843137254901960675e-02
1.003215895969221351e-03,9.411764705882352811e-01,-7.843137254901960675e-02
1.003217895969164787e-03,8.627450980392157298e-01,3.921568627450980338e-02
1.003219895969108223e-03,8.627450980392157298e-01,0.000000000000000000e+00
1.003221895969051659e-03,9.019607843137255054e-01,3.921568627450980338e-02
1.003223895968995095e-03,9.411764705882352811e-01,0.000000000000000000e+00
1.003225895968938531e-03,8.627450980392157298e-01,-7.843137254901960675e-02
1.003227895968881967e-03,8.627450980392157298e-01,7.843137254901960675e-02
1.003229895968825404e-03,9.019607843137255054e-01,0.000000000000000000e+00
1.003231895968768840e-03,9.411764705882352811e-01,-3.921568627450980338e-02
1.003233895968712276e-03,8.235294117647058432e-01,7.843137254901960675e-02
1.003235895968655712e-03,9.019607843137255054e-01,-1.568627450980392135e-01
1.003237895968599148e-03,9.019607843137255054e-01,1.176470588235294101e-01
1.003239895968542584e-03,9.411764705882352811e-01,-3.921568627450980338e-02
1.003241895968486020e-03,8.627450980392157298e-01,-3.921568627450980338e-02
1.003243895968429457e-03,9.019607843137255054e-01,7.843137254901960675e-02
1.003245895968372893e-03,9.411764705882352811e-01,-3.921568627450980338e-02
1.003247895968316329e-03,9.411764705882352811e-01,3.921568627450980338e-02
1.003249895968259765e-03,8.627450980392157298e-01,0.000000000000000000e+00
1.003251895968203201e-03,8.235294117647058432e-01,3.921568627450980338e-02
1.003253895968146637e-03,9.019607843137255054e-01,7.843137254901960675e-02
1.003255895968090073e-03,9.411764705882352811e-01,-7.843137254901960675e-02
1.003257895968033509e-03,8.627450980392157298e-01,7.843137254901960675e-02
1.003259895967976946e-03,9.019607843137255054e-01,0.000000000000000000e+00
1.003261895967920382e-03,9.411764705882352811e-01,3.921568627450980338e-02
1.003263895967863818e-03,9.411764705882352811e-01,7.843137254901960675e-02
1.003265895967807254e-03,8.235294117647058432e-01,-3.921568627450980338e-02
1.003267895967750690e-03,8.627450980392157298e-01,7.843137254901960675e-02
1.003269895967694126e-03,9.019607843137255054e-01,-3.921568627450980338e-02
1.003271895967637562e-03,9.411764705882352811e-01,0.000000000000000000e+00
1.003273895967580999e-03,8.627450980392157298e-01,7.843137254901960675e-02
1.003275895967524435e-03,8.627450980392157298e-01,-1.568627450980392135e-01
1.003277895967467871e-03,8.627450980392157298e-01,1.176470588235294101e-01
1.003279895967411307e-03,9.411764705882352811e-01,-3.921568627450980338e-02
1.003281895967354743e-03,8.235294117647058432e-01,0.000000000000000000e+00
1.003283895967298179e-03,9.019607843137255054e-01,7.843137254901960675e-02
1.003285895967241615e-03,9.019607843137255054e-01,-3.921568627450980338e-02
1.003287895967185052e-03,9.411764705882352811e-01,7.843137254901960675e-02
1.003289895967128488e-03,9.019607843137255054e-01,0.000000000000000000e+00
1.003291895967071924e-03,9.019607843137255054e-01,0.000000000000000000e+00
1.003293895967015360e-03,9.019607843137255054e-01,1.176470588235294101e-01
1.003295895966958796e-03,9.411764705882352811e-01,-7.843137254901960675e-02
1.003297895966902232e-03,8.235294117647058432e-01,3.921568627450980338e-02
1.003299895966845668e-03,8.627450980392157298e-01,0.000000000000000000e+00
1.003301895966789105e-03,9.019607843137255054e-01,3.921568627450980338e-02
1.003303895966732541e-03,9.411764705882352811e-01,7.843137254901960675e-02
1.003305895966675977e-03,8.627450980392157298e-01,-7.843137254901960675e-02
1.003307895966619413e-03,8.627450980392157298e-01,7.843137254901960675e-02
1.003309895966562849e-03,9.019607843137255054e-01,-3.921568627450980338e-02
1.003311895966506285e-03,9.411764705882352811e-01,0.000000000000000000e+00
1.003313895966449721e-03,8.235294117647058432e-01,7.843137254901960675e-02
1.003315895966393157e-03,9.019607843137255054e-01,-1.568627450980392135e-01
1.003317895966336594e-03,9.019607843137255054e-01,1.176470588235294101e-01
1.003319895966280030e-03,9.411764705882352811e-01,0.000000000000000000e+00
1.003321895966223466e-03,8.627450980392157298e-01,-3.921568627450980338e-02
1.003323895966166902e-03,8.627450980392157298e-01,3.921568627450980338e-02
1.003325895966110338e-03,9.411764705882352811e-01,-7.843137254901960675e-02
1.003327895966053774e-03,9.019607843137255054e-01,7.843137254901960675e-02
1.003329895965997210e-03,8.627450980392157298e-01,-3.921568627450980338e-02
1.003331895965940647e-03,8.627450980392157298e-01,3.921568627450980338e-02
1.003333895965884083e-03,9.019607843137255054e-01,1.176470588235294101e-01
1.003335895965827519e-03,9.803921568627450567e-01,-7.843137254901960675e-02
1.003337895965770955e-03,8.627450980392157298e-01,3.921568627450980338e-02
1.003339895965714391e-03,9.019607843137255054e-01,-7.843137254901960675e-02
1.003341895965657827e-03,9.019607843137255054e-01,7.843137254901960675e-02
1.003343895965601263e-03,9.411764705882352811e-01,7.843137254901960675e-02
1.003345895965544700e-03,8.627450980392157298e-01,-3.921568627450980338e-02
1.003347895965488136e-03,9.019607843137255054e-01,1.176470588235294101e-01
1.003349895965431572e-03,9.019607843137255054e-01,-3.921568627450980338e-02
1.003351895965375008e-03,9.411764705882352811e-01,-3.921568627450980338e-02
1.003353895965318444e-03,8.627450980392157298e-01,7.843137254901960675e-02
1.003355895965261880e-03,9.019607843137255054e-01,0.000000000000000000e+00
1.003357895965205316e-03,9.019607843137255054e-01,1.568627450980392135e-01
1.003359895965148752e-03,9.411764705882352811e-01,-3.921568627450980338e-02
1.003361895965092189e-03,8.235294117647058432e-01,-7.843137254901960675e-02
1.003363895965035625e-03,8.627450980392157298e-01,7.843137254901960675e-02
1.003365895964979061e-03,9.411764705882352811e-01,-7.843137254901960675e-02
1.003367895964922497e-03,9.019607843137255054e-01,7.843137254901960675e-02
1.003369895964865933e-03,8.235294117647058432e-01,0.000000000000000000e+00
1.003371895964809369e-03,9.019607843137255054e-01,0.000000000000000000e+00
1.003373895964752805e-03,9.019607843137255054e-01,7.843137254901960675e-02
1.003375895964696242e-03,9.411764705882352811e-01,-7.843137254901960675e-02
1.003377895964639678e-03,8.627450980392157298e-01,3.921568627450980338e-02
1.003379895964583114e-03,8.627450980392157298e-01,0.000000000000000000e+00
1.003381895964526550e-03,9.019607843137255054e-01,7.843137254901960675e-02
1.003383895964469986e-03,9.411764705882352811e-01,3.921568627450980338e-02
1.003385895964413422e-03,8.627450980392157298e-01,-7.843137254901960675e-02
1.003387895964356858e-03,8.627450980392157298e-01,7.843137254901960675e-02
1.003389895964300295e-03,9.019607843137255054e-01,-3.921568627450980338e-02
1.003391895964243731e-03,9.411764705882352811e-01,0.000000000000000000e+00
1.003393895964187167e-03,8.627450980392157298e-01,7.843137254901960675e-02
1.003395895964130603e-03,9.411764705882352811e-01,-1.568627450980392135e-01
1.003397895964074039e-03,9.019607843137255054e-01,1.568627450980392135e-01
1.003399895964017475e-03,9.411764705882352811e-01,0.000000000000000000e+00
1.003401895963960911e-03,8.235294117647058432e-01,0.000000000000000000e+00
1.003403895963904347e-03,9.019607843137255054e-01,7.843137254901960675e-02
1.003405895963847784e-03,9.019607843137255054e-01,-7.843137254901960675e-02
1.003407895963791220e-03,9.411764705882352811e-01,7.843137254901960675e-02
1.003409895963734656e-03,8.627450980392157298e-01,0.000000000000000000e+00
1.003411895963678092e-03,9.411764705882352811e-01,3.921568627450980338e-02
1.003413895963621528e-03,9.411764705882352811e-01,7.843137254901960675e-02
1.003415895963564964e-03,9.411764705882352811e-01,-7.843137254901960675e-02
1.003417895963508400e-03,8.627450980392157298e-01,7.843137254901960675e-02
1.003419895963451837e-03,9.019607843137255054e-01,0.000000000000000000e+00
1.003421895963395273e-03,9.019607843137255054e-01,7.843137254901960675e-02
1.003423895963338709e-03,9.411764705882352811e-01,3.921568627450980338e-02
1.003425895963282145e-03,8.627450980392157298e-01,-7.843137254901960675e-02
1.003427895963225581e-03,9.019607843137255054e-01,3.921568627450980338e-02
1.003429895963169017e-03,9.019607843137255054e-01,-3.921568627450980338e-02
1.003431895963112453e-03,9.411764705882352811e-01,0.000000000000000000e+00
1.003433895963055890e-03,8.627450980392157298e-01,7.843137254901960675e-02
1.003435895962999326e-03,8.627450980392157298e-01,-1.568627450980392135e-01
1.003437895962942762e-03,9.019607843137255054e-01,1.176470588235294101e-01
1.003439895962886198e-03,9.411764705882352811e-01,0.000000000000000000e+00
1.003441895962829634e-03,9.019607843137255054e-01,0.000000000000000000e+00
1.003443895962773070e-03,8.627450980392157298e-01,7.843137254901960675e-02
1.003445895962716506e-03,9.411764705882352811e-01,-3.921568627450980338e-02
1.003447895962659943e-03,9.411764705882352811e-01,7.843137254901960675e-02
1.003449895962603379e-03,8.627450980392157298e-01,0.000000000000000000e+00
1.003451895962546815e-03,8.235294117647058432e-01,3.921568627450980338e-02
1.003453895962490251e-03,9.019607843137255054e-01,7.843137254901960675e-02
1.003455895962433687e-03,9.411764705882352811e-01,-7.843137254901960675e-02
1.003457895962377123e-03,8.235294117647058432e-01,7.843137254901960675e-02
1.003459895962320559e-03,9.019607843137255054e-01,0.000000000000000000e+00
1.003461895962263995e-03,8.627450980392157298e-01,7.843137254901960675e-02
1.003463895962207432e-03,9.411764705882352811e-01,3.921568627450980338e-02
1.003465895962150868e-03,8.627450980392157298e-01,-7.843137254901960675e-02
1.003467895962094304e-03,8.627450980392157298e-01,3.921568627450980338e-02
1.003469895962037740e-03,8.627450980392157298e-01,-3.921568627450980338e-02
1.003471895961981176e-03,9.411764705882352811e-01,0.000000000000000000e+00
1.003473895961924612e-03,8.627450980392157298e-01,7.843137254901960675e-02
1.003475895961868048e-03,9.019607843137255054e-01,-1.568627450980392135e-01
1.003477895961811485e-03,8.627450980392157298e-01,1.176470588235294101e-01
1.003479895961754921e-03,9.411764705882352811e-01,0.000000000000000000e+00
1.003481895961698357e-03,8.235294117647058432e-01,0.000000000000000000e+00
1.003483895961641793e-03,9.019607843137255054e-01,7.843137254901960675e-02
1.003485895961585229e-03,9.019607843137255054e-01,-3.921568627450980338e-02
1.003487895961528665e-03,9.411764705882352811e-01,7.843137254901960675e-02
1.003489895961472101e-03,8.627450980392157298e-01,0.000000000000000000e+00
1.003491895961415538e-03,8.627450980392157298e-01,0.000000000000000000e+00
1.003493895961358974e-03,9.019607843137255054e-01,3.921568627450980338e-02
1.003495895961302410e-03,9.411764705882352811e-01,-7.843137254901960675e-02
1.003497895961245846e-03,8.235294117647058432e-01,7.843137254901960675e-02
1.003499895961189282e-03,9.019607843137255054e-01,-7.843137254901960675e-02
1.003501895961132718e-03,9.019607843137255054e-01,7.843137254901960675e-02
1.003503895961076154e-03,9.411764705882352811e-01,3.921568627450980338e-02
1.003505895961019590e-03,8.627450980392157298e-01,-7.843137254901960675e-02
1.003507895960963027e-03,9.019607843137255054e-01,7.843137254901960675e-02
1.003509895960906463e-03,9.411764705882352811e-01,-3.921568627450980338e-02
1.003511895960849899e-03,9.411764705882352811e-01,0.000000000000000000e+00
1.003513895960793335e-03,8.235294117647058432e-01,7.843137254901960675e-02
1.003515895960736771e-03,8.627450980392157298e-01,-7.843137254901960675e-02
1.003517895960680207e-03,9.019607843137255054e-01,1.176470588235294101e-01
1.003519895960623643e-03,9.411764705882352811e-01,0.000000000000000000e+00
1.003521895960567080e-03,8.627450980392157298e-01,-3.921568627450980338e-02
1.003523895960510516e-03,8.627450980392157298e-01,7.843137254901960675e-02
1.003525895960453952e-03,9.019607843137255054e-01,0.000000000000000000e+00
1.003527895960397388e-03,9.411764705882352811e-01,7.843137254901960675e-02
1.003529895960340824e-03,8.627450980392157298e-01,0.000000000000000000e+00
1.003531895960284260e-03,8.235294117647058432e-01,3.921568627450980338e-02
1.003533895960227696e-03,9.019607843137255054e-01,7.843137254901960675e-02
1.003535895960171133e-03,9.411764705882352811e-01,-7.843137254901960675e-02
1.003537895960114569e-03,8.627450980392157298e-01,7.843137254901960675e-02
1.003539895960058005e-03,9.411764705882352811e-01,0.000000000000000000e+00
1.003541895960001441e-03,9.019607843137255054e-01,3.921568627450980338e-02
1.003543895959944877e-03,9.411764705882352811e-01,3.921568627450980338e-02
1.003545895959888313e-03,8.627450980392157298e-01,-7.843137254901960675e-02
1.003547895959831749e-03,8.627450980392157298e-01,3.921568627450980338e-02
1.003549895959775186e-03,9.019607843137255054e-01,-3.921568627450980338e-02
1.003551895959718622e-03,9.411764705882352811e-01,0.000000000000000000e+00
1.003553895959662058e-03,8.235294117647058432e-01,7.843137254901960675e-02
1.003555895959605494e-03,9.019607843137255054e-01,-1.568627450980392135e-01
1.003557895959548930e-03,8.627450980392157298e-01,1.176470588235294101e-01
1.003559895959492366e-03,9.411764705882352811e-01,-7.843137254901960675e-02
1.003561895959435802e-03,8.627450980392157298e-01,-3.921568627450980338e-02
1.003563895959379238e-03,8.627450980392157298e-01,3.921568627450980338e-02
1.003565895959322675e-03,9.019607843137255054e-01,-3.921568627450980338e-02
1.003567895959266111e-03,9.411764705882352811e-01,7.843137254901960675e-02
1.003569895959209547e-03,8.627450980392157298e-01,0.000000000000000000e+00
1.003571895959152983e-03,9.019607843137255054e-01,3.921568627450980338e-02
1.003573895959096419e-03,9.019607843137255054e-01,7.843137254901960675e-02
1.003575895959039855e-03,9.411764705882352811e-01,-7.843137254901960675e-02
1.003577895958983291e-03,8.627450980392157298e-01,7.843137254901960675e-02
1.003579895958926728e-03,8.627450980392157298e-01,0.000000000000000000e+00
1.003581895958870164e-03,9.019607843137255054e-01,7.843137254901960675e-02
1.003583895958813600e-03,9.411764705882352811e-01,3.921568627450980338e-02
1.003585895958757036e-03,9.019607843137255054e-01,-7.843137254901960675e-02
1.003587895958700472e-03,8.235294117647058432e-01,7.843137254901960675e-02
1.003589895958643908e-03,9.019607843137255054e-01,-3.921568627450980338e-02
1.003591895958587344e-03,9.411764705882352811e-01,0.000000000000000000e+00
1.003593895958530781e-03,8.235294117647058432e-01,7.843137254901960675e-02
1.003595895958474217e-03,9.019607843137255054e-01,-1.568627450980392135e-01
1.003597895958417653e-03,8.627450980392157298e-01,1.568627450980392135e-01
1.003599895958361089e-03,9.019607843137255054e-01,0.000000000000000000e+00
1.003601895958304525e-03,8.235294117647058432e-01,-3.921568627450980338e-02
1.003603895958247961e-03,8.627450980392157298e-01,7.843137254901960675e-02
1.003605895958191397e-03,9.411764705882352811e-01,-7.843137254901960675e-02
1.003607895958134833e-03,9.411764705882352811e-01,7.843137254901960675e-02
1.003609895958078270e-03,8.627450980392157298e-01,0.000000000000000000e+00
1.003611895958021706e-03,8.627450980392157298e-01,3.921568627450980338e-02
1.003613895957965142e-03,9.019607843137255054e-01,7.843137254901960675e-02
1.003615895957908578e-03,9.411764705882352811e-01,-7.843137254901960675e-02
1.003617895957852014e-03,8.235294117647058432e-01,3.921568627450980338e-02
1.003619895957795450e-03,9.019607843137255054e-01,-7.843137254901960675e-02
1.003621895957738886e-03,9.019607843137255054e-01,3.921568627450980338e-02
1.003623895957682323e-03,9.411764705882352811e-01,3.921568627450980338e-02
1.003625895957625759e-03,8.627450980392157298e-01,-7.843137254901960675e-02
1.003627895957569195e-03,8.627450980392157298e-01,7.843137254901960675e-02
1.003629895957512631e-03,9.019607843137255054e-01,-3.921568627450980338e-02
1.003631895957456067e-03,9.411764705882352811e-01,-7.843137254901960675e-02
1.003633895957399503e-03,8.235294117647058432e-01,7.843137254901960675e-02
1.003635895957342939e-03,8.627450980392157298e-01,-1.568627450980392135e-01
1.003637895957286376e-03,9.019607843137255054e-01,1.568627450980392135e-01
1.003639895957229812e-03,9.019607843137255054e-01,-3.921568627450980338e-02
1.003641895957173248e-03,8.627450980392157298e-01,-3.921568627450980338e-02
1.003643895957116684e-03,9.019607843137255054e-01,3.921568627450980338e-02
1.003645895957060120e-03,9.411764705882352811e-01,-3.921568627450980338e-02
1.003647895957003556e-03,9.411764705882352811e-01,7.843137254901960675e-02
1.003649895956946992e-03,8.627450980392157298e-01,0.000000000000000000e+00
1.003651895956890428e-03,9.019607843137255054e-01,3.921568627450980338e-02
1.003653895956833865e-03,9.019607843137255054e-01,7.843137254901960675e-02
1.003655895956777301e-03,9.411764705882352811e-01,-3.921568627450980338e-02
1.003657895956720737e-03,8.627450980392157298e-01,7.843137254901960675e-02
1.003659895956664173e-03,9.019607843137255054e-01,0.000000000000000000e+00
1.003661895956607609e-03,9.019607843137255054e-01,7.843137254901960675e-02
1.003663895956551045e-03,9.411764705882352811e-01,3.921568627450980338e-02
1.003665895956494481e-03,9.019607843137255054e-01,-7.843137254901960675e-02
1.003667895956437918e-03,9.019607843137255054e-01,3.921568627450980338e-02
1.003669895956381354e-03,9.411764705882352811e-01,-3.921568627450980338e-02
1.003671895956324790e-03,9.411764705882352811e-01,-3.921568627450980338e-02
1.003673895956268226e-03,8.627450980392157298e-01,7.843137254901960675e-02
1.003675895956211662e-03,8.627450980392157298e-01,-1.568627450980392135e-01
1.003677895956155098e-03,9.019607843137255054e-01,1.568627450980392135e-01
1.003679895956098534e-03,9.411764705882352811e-01,-3.921568627450980338e-02
1.003681895956041971e-03,8.627450980392157298e-01,0.000000000000000000e+00
1.003683895955985407e-03,9.019607843137255054e-01,7.843137254901960675e-02
1.003685895955928843e-03,9.019607843137255054e-01,-7.843137254901960675e-02
1.003687895955872279e-03,9.411764705882352811e-01,7.843137254901960675e-02
1.003689895955815715e-03,8.235294117647058432e-01,0.000000000000000000e+00
1.003691895955759151e-03,8.627450980392157298e-01,3.921568627450980338e-02
1.003693895955702587e-03,9.019607843137255054e-01,7.843137254901960675e-02
1.003695895955646024e-03,9.411764705882352811e-01,-7.843137254901960675e-02
1.003697895955589460e-03,8.627450980392157298e-01,7.843137254901960675e-02
1.003699895955532896e-03,9.019607843137255054e-01,0.000000000000000000e+00
1.003701895955476332e-03,9.019607843137255054e-01,7.843137254901960675e-02
1.003703895955419768e-03,9.411764705882352811e-01,7.843137254901960675e-02
1.003705895955363204e-03,8.235294117647058432e-01,-7.843137254901960675e-02
1.003707895955306640e-03,8.627450980392157298e-01,7.843137254901960675e-02
1.003709895955250076e-03,9.019607843137255054e-01,0.000000000000000000e+00
1.003711895955193513e-03,9.411764705882352811e-01,0.000000000000000000e+00
1.003713895955136949e-03,8.235294117647058432e-01,7.843137254901960675e-02
1.003715895955080385e-03,9.019607843137255054e-01,-1.568627450980392135e-01
1.003717895955023821e-03,9.019607843137255054e-01,1.176470588235294101e-01
1.003719895954967257e-03,9.411764705882352811e-01,0.000000000000000000e+00
1.003721895954910693e-03,8.235294117647058432e-01,0.000000000000000000e+00
1.003723895954854129e-03,8.235294117647058432e-01,7.843137254901960675e-02
1.003725895954797566e-03,9.019607843137255054e-01,-7.843137254901960675e-02
1.003727895954741002e-03,9.411764705882352811e-01,7.843137254901960675e-02
1.003729895954684438e-03,8.627450980392157298e-01,0.000000000000000000e+00
1.003731895954627874e-03,8.627450980392157298e-01,3.921568627450980338e-02
1.003733895954571310e-03,9.019607843137255054e-01,1.176470588235294101e-01
1.003735895954514746e-03,9.411764705882352811e-01,-7.843137254901960675e-02
1.003737895954458182e-03,8.627450980392157298e-01,3.921568627450980338e-02
1.003739895954401619e-03,9.019607843137255054e-01,0.000000000000000000e+00
1.003741895954345055e-03,9.019607843137255054e-01,3.921568627450980338e-02
1.003743895954288491e-03,9.411764705882352811e-01,7.843137254901960675e-02
1.003745895954231927e-03,8.627450980392157298e-01,-7.843137254901960675e-02
1.003747895954175363e-03,8.627450980392157298e-01,1.176470588235294101e-01
1.003749895954118799e-03,9.019607843137255054e-01,0.000000000000000000e+00
1.003751895954062235e-03,9.411764705882352811e-01,-7.843137254901960675e-02
1.003753895954005671e-03,8.627450980392157298e-01,7.843137254901960675e-02
1.003755895953949108e-03,8.627450980392157298e-01,-1.568627450980392135e-01
1.003757895953892544e-03,9.019607843137255054e-01,1.176470588235294101e-01
1.003759895953835980e-03,9.411764705882352811e-01,0.000000000000000000e+00
1.003761895953779416e-03,8.627450980392157298e-01,-3.921568627450980338e-02
1.003763895953722852e-03,8.627450980392157298e-01,7.843137254901960675e-02
1.003765895953666288e-03,9.411764705882352811e-01,-3.921568627450980338e-02
1.003767895953609724e-03,9.411764705882352811e-01,7.843137254901960675e-02
1.003769895953553161e-03,9.019607843137255054e-01,0.000000000000000000e+00
1.003771895953496597e-03,8.627450980392157298e-01,0.000000000000000000e+00
1.003773895953440033e-03,9.019607843137255054e-01,7.843137254901960675e-02
1.003775895953383469e-03,9.411764705882352811e-01,-7.843137254901960675e-02
1.003777895953326905e-03,8.235294117647058432e-01,3.921568627450980338e-02
1.003779895953270341e-03,8.627450980392157298e-01,-7.843137254901960675e-02
1.003781895953213777e-03,9.019607843137255054e-01,3.921568627450980338e-02
1.003783895953157214e-03,9.411764705882352811e-01,3.921568627450980338e-02
1.003785895953100650e-03,8.235294117647058432e-01,-3.921568627450980338e-02
1.003787895953044086e-03,8.235294117647058432e-01,1.176470588235294101e-01
1.003789895952987522e-03,9.019607843137255054e-01,-3.921568627450980338e-02
1.003791895952930958e-03,9.411764705882352811e-01,0.000000000000000000e+00
1.003793895952874394e-03,8.627450980392157298e-01,7.843137254901960675e-02
1.003795895952817830e-03,9.019607843137255054e-01,-7.843137254901960675e-02
1.003797895952761266e-03,9.019607843137255054e-01,1.176470588235294101e-01
1.003799895952704703e-03,9.411764705882352811e-01,-3.921568627450980338e-02
1.003801895952648139e-03,8.627450980392157298e-01,0.000000000000000000e+00
1.003803895952591575e-03,9.019607843137255054e-01,3.921568627450980338e-02
1.003805895952535011e-03,9.411764705882352811e-01,-7.843137254901960675e-02
1.003807895952478447e-03,9.411764705882352811e-01,7.843137254901960675e-02
1.003809895952421883e-03,8.627450980392157298e-01,0.000000000000000000e+00
1.003811895952365319e-03,9.019607843137255054e-01,0.000000000000000000e+00
1.003813895952308756e-03,9.019607843137255054e-01,7.843137254901960675e-02
1.003815895952252192e-03,9.411764705882352811e-01,-7.843137254901960675e-02
1.003817895952195628e-03,8.627450980392157298e-01,7.843137254901960675e-02
1.003819895952139064e-03,8.627450980392157298e-01,0.000000000000000000e+00
1.003821895952082500e-03,9.019607843137255054e-01,3.921568627450980338e-02
1.003823895952025936e-03,9.411764705882352811e-01,3.921568627450980338e-02
1.003825895951969372e-03,8.627450980392157298e-01,-3.921568627450980338e-02
1.003827895951912809e-03,8.627450980392157298e-01,3.921568627450980338e-02
1.003829895951856245e-03,9.411764705882352811e-01,-3.921568627450980338e-02
1.003831895951799681e-03,9.411764705882352811e-01,0.000000000000000000e+00
1.003833895951743117e-03,8.627450980392157298e-01,7.843137254901960675e-02
1.003835895951686553e-03,9.411764705882352811e-01,-1.568627450980392135e-01
1.003837895951629989e-03,9.019607843137255054e-01,1.176470588235294101e-01
1.003839895951573425e-03,9.411764705882352811e-01,-3.921568627450980338e-02
1.003841895951516862e-03,8.235294117647058432e-01,-3.921568627450980338e-02
1.003843895951460298e-03,9.019607843137255054e-01,7.843137254901960675e-02
1.003845895951403734e-03,9.019607843137255054e-01,-3.921568627450980338e-02
1.003847895951347170e-03,9.411764705882352811e-01,7.843137254901960675e-02
1.003849895951290606e-03,8.235294117647058432e-01,0.000000000000000000e+00
1.003851895951234042e-03,9.019607843137255054e-01,0.000000000000000000e+00
1.003853895951177478e-03,9.411764705882352811e-01,3.921568627450980338e-02
1.003855895951120914e-03,9.411764705882352811e-01,-7.843137254901960675e-02
1.003857895951064351e-03,8.627450980392157298e-01,7.843137254901960675e-02
1.003859895951007787e-03,9.019607843137255054e-01,0.000000000000000000e+00
1.003861895950951223e-03,8.627450980392157298e-01,7.843137254901960675e-02
1.003863895950894659e-03,9.411764705882352811e-01,3.921568627450980338e-02
1.003865895950838095e-03,8.627450980392157298e-01,-7.843137254901960675e-02
1.003867895950781531e-03,9.019607843137255054e-01,3.921568627450980338e-02
1.003869895950724967e-03,8.627450980392157298e-01,-3.921568627450980338e-02
1.003871895950668404e-03,9.411764705882352811e-01,0.000000000000000000e+00
1.003873895950611840e-03,8.627450980392157298e-01,7.843137254901960675e-02
1.003875895950555276e-03,9.411764705882352811e-01,-1.568627450980392135e-01
1.003877895950498712e-03,9.019607843137255054e-01,1.176470588235294101e-01
1.003879895950442148e-03,9.411764705882352811e-01,-3.921568627450980338e-02
1.003881895950385584e-03,8.627450980392157298e-01,0.000000000000000000e+00
1.003883895950329020e-03,8.627450980392157298e-01,7.843137254901960675e-02
1.003885895950272457e-03,8.627450980392157298e-01,-7.843137254901960675e-02
1.003887895950215893e-03,9.411764705882352811e-01,7.843137254901960675e-02
1.003889895950159329e-03,8.235294117647058432e-01,0.000000000000000000e+00
1.003891895950102765e-03,9.019607843137255054e-01,3.921568627450980338e-02
1.003893895950046201e-03,9.019607843137255054e-01,1.176470588235294101e-01
1.003895895949989637e-03,9.411764705882352811e-01,-7.843137254901960675e-02
1.003897895949933073e-03,8.627450980392157298e-01,7.843137254901960675e-02
1.003899895949876509e-03,9.019607843137255054e-01,0.000000000000000000e+00
1.003901895949819946e-03,8.627450980392157298e-01,7.843137254901960675e-02
1.003903895949763382e-03,9.411764705882352811e-01,3.921568627450980338e-02
1.003905895949706818e-03,9.019607843137255054e-01,-3.921568627450980338e-02
1.003907895949650254e-03,8.627450980392157298e-01,3.921568627450980338e-02
1.003909895949593690e-03,9.019607843137255054e-01,0.000000000000000000e+00
1.003911895949537126e-03,9.019607843137255054e-01,0.000000000000000000e+00
1.003913895949480562e-03,8.627450980392157298e-01,7.843137254901960675e-02
1.003915895949423999e-03,9.019607843137255054e-01,-1.568627450980392135e-01
1.003917895949367435e-03,9.019607843137255054e-01,7.843137254901960675e-02
1.003919895949310871e-03,9.019607843137255054e-01,0.000000000000000000e+00
1.003921895949254307e-03,8.627450980392157298e-01,-3.921568627450980338e-02
1.003923895949197743e-03,9.019607843137255054e-01,7.843137254901960675e-02
1.003925895949141179e-03,9.019607843137255054e-01,-3.921568627450980338e-02
1.003927895949084615e-03,9.411764705882352811e-01,7.843137254901960675e-02
1.003929895949028052e-03,8.627450980392157298e-01,-3.921568627450980338e-02
1.003931895948971488e-03,9.019607843137255054e-01,3.921568627450980338e-02
1.003933895948914924e-03,9.019607843137255054e-01,1.176470588235294101e-01
1.003935895948858360e-03,9.411764705882352811e-01,-7.843137254901960675e-02
1.003937895948801796e-03,8.235294117647058432e-01,7.843137254901960675e-02
1.003939895948745232e-03,9.411764705882352811e-01,0.000000000000000000e+00
1.003941895948688668e-03,9.411764705882352811e-01,7.843137254901960675e-02
1.003943895948632105e-03,9.411764705882352811e-01,3.921568627450980338e-02
1.003945895948575541e-03,8.627450980392157298e-01,-7.843137254901960675e-02
1.003947895948518977e-03,8.235294117647058432e-01,7.843137254901960675e-02
1.003949895948462413e-03,8.627450980392157298e-01,0.000000000000000000e+00
1.003951895948405849e-03,9.411764705882352811e-01,0.000000000000000000e+00
1.003953895948349285e-03,8.627450980392157298e-01,7.843137254901960675e-02
1.003955895948292721e-03,9.019607843137255054e-01,-1.960784313725490169e-01
1.003957895948236157e-03,9.019607843137255054e-01,1.176470588235294101e-01
1.003959895948179594e-03,9.411764705882352811e-01,-3.921568627450980338e-02
1.003961895948123030e-03,8.627450980392157298e-01,0.000000000000000000e+00
1.003963895948066466e-03,9.411764705882352811e-01,7.843137254901960675e-02
1.003965895948009902e-03,9.019607843137255054e-01,-7.843137254901960675e-02
1.003967895947953338e-03,9.019607843137255054e-01,7.843137254901960675e-02
1.003969895947896774e-03,8.627450980392157298e-01,0.000000000000000000e+00
1.003971895947840210e-03,8.627450980392157298e-01,0.000000000000000000e+00
1.003973895947783647e-03,9.019607843137255054e-01,7.843137254901960675e-02
1.003975895947727083e-03,9.411764705882352811e-01,-3.921568627450980338e-02
1.003977895947670519e-03,8.235294117647058432e-01,7.843137254901960675e-02
1.003979895947613955e-03,9.019607843137255054e-01,0.000000000000000000e+00
1.003981895947557391e-03,8.627450980392157298e-01,3.921568627450980338e-02
1.003983895947500827e-03,9.411764705882352811e-01,7.843137254901960675e-02
1.003985895947444263e-03,8.627450980392157298e-01,-7.843137254901960675e-02
1.003987895947387700e-03,8.627450980392157298e-01,7.843137254901960675e-02
1.003989895947331136e-03,9.019607843137255054e-01,0.000000000000000000e+00
1.003991895947274572e-03,9.411764705882352811e-01,-3.921568627450980338e-02
1.003993895947218008e-03,8.627450980392157298e-01,7.843137254901960675e-02
1.003995895947161444e-03,8.627450980392157298e-01,-7.843137254901960675e-02
1.003997895947104880e-03,8.627450980392157298e-01,7.843137254901960675e-02
1.003999895947048316e-03,9.019607843137255054e-01,0.000000000000000000e+00
1.004001895946991752e-03,8.627450980392157298e-01,-3.921568627450980338e-02
1.004003895946935189e-03,9.019607843137255054e-01,7.843137254901960675e-02
1.004005895946878625e-03,9.411764705882352811e-01,-3.921568627450980338e-02
1.004007895946822061e-03,9.411764705882352811e-01,7.843137254901960675e-02
1.004009895946765497e-03,8.627450980392157298e-01,0.000000000000000000e+00
1.004011895946708933e-03,8.627450980392157298e-01,3.921568627450980338e-02
1.004013895946652369e-03,8.627450980392157298e-01,1.176470588235294101e-01
1.004015895946595805e-03,9.411764705882352811e-01,-7.843137254901960675e-02
1.004017895946539242e-03,8.235294117647058432e-01,3.921568627450980338e-02
1.004019895946482678e-03,9.019607843137255054e-01,0.000000000000000000e+00
1.004021895946426114e-03,9.019607843137255054e-01,3.921568627450980338e-02
1.004023895946369550e-03,9.411764705882352811e-01,7.843137254901960675e-02
1.004025895946312986e-03,8.627450980392157298e-01,-7.843137254901960675e-02
1.004027895946256422e-03,8.627450980392157298e-01,7.843137254901960675e-02
1.004029895946199858e-03,9.019607843137255054e-01,-3.921568627450980338e-02
1.004031895946143295e-03,9.411764705882352811e-01,0.000000000000000000e+00
1.004033895946086731e-03,8.235294117647058432e-01,7.843137254901960675e-02
1.004035895946030167e-03,9.019607843137255054e-01,-1.568627450980392135e-01
1.004037895945973603e-03,9.019607843137255054e-01,1.568627450980392135e-01
1.004039895945917039e-03,9.411764705882352811e-01,-3.921568627450980338e-02
1.004041895945860475e-03,8.235294117647058432e-01,0.000000000000000000e+00
1.004043895945803911e-03,9.019607843137255054e-01,7.843137254901960675e-02
1.004045895945747347e-03,9.019607843137255054e-01,-7.843137254901960675e-02
1.004047895945690784e-03,9.411764705882352811e-01,7.843137254901960675e-02
1.004049895945634220e-03,8.627450980392157298e-01,0.000000000000000000e+00
1.004051895945577656e-03,8.627450980392157298e-01,3.921568627450980338e-02
1.004053895945521092e-03,9.019607843137255054e-01,7.843137254901960675e-02
1.004055895945464528e-03,9.411764705882352811e-01,-7.843137254901960675e-02
1.004057895945407964e-03,8.235294117647058432e-01,7.843137254901960675e-02
1.004059895945351400e-03,9.019607843137255054e-01,0.000000000000000000e+00
1.004061895945294837e-03,9.019607843137255054e-01,7.843137254901960675e-02
1.004063895945238273e-03,9.411764705882352811e-01,7.843137254901960675e-02
1.004065895945181709e-03,8.627450980392157298e-01,-3.921568627450980338e-02
1.004067895945125145e-03,8.627450980392157298e-01,1.176470588235294101e-01
1.004069895945068581e-03,9.019607843137255054e-01,-3.921568627450980338e-02
1.004071895945012017e-03,9.411764705882352811e-01,-3.921568627450980338e-02
1.004073895944955453e-03,8.627450980392157298e-01,7.843137254901960675e-02
1.004075895944898890e-03,9.019607843137255054e-01,-1.568627450980392135e-01
1.004077895944842326e-03,8.627450980392157298e-01,7.843137254901960675e-02
1.004079895944785762e-03,9.411764705882352811e-01,3.921568627450980338e-02
1.004081895944729198e-03,8.235294117647058432e-01,-3.921568627450980338e-02
1.004083895944672634e-03,9.019607843137255054e-01,7.843137254901960675e-02
1.004085895944616070e-03,9.411764705882352811e-01,-3.921568627450980338e-02
1.004087895944559506e-03,9.019607843137255054e-01,7.843137254901960675e-02
1.004089895944502943e-03,8.627450980392157298e-01,0.000000000000000000e+00
1.004091895944446379e-03,8.627450980392157298e-01,0.000000000000000000e+00
1.004093895944389815e-03,9.019607843137255054e-01,7.843137254901960675e-02
1.004095895944333251e-03,9.411764705882352811e-01,-7.843137254901960675e-02
1.004097895944276687e-03,8.627450980392157298e-01,3.921568627450980338e-02
1.004099895944220123e-03,9.019607843137255054e-01,0.000000000000000000e+00
1.004101895944163559e-03,9.019607843137255054e-01,7.843137254901960675e-02
1.004103895944106995e-03,9.019607843137255054e-01,3.921568627450980338e-02
1.004105895944050432e-03,8.627450980392157298e-01,-3.921568627450980338e-02
1.004107895943993868e-03,9.019607843137255054e-01,7.843137254901960675e-02
1.004109895943937304e-03,9.411764705882352811e-01,-1.568627450980392135e-01
1.004111895943880740e-03,9.411764705882352811e-01,0.000000000000000000e+00
1.004113895943824176e-03,8.235294117647058432e-01,7.843137254901960675e-02
1.004115895943767612e-03,8.627450980392157298e-01,-1.568627450980392135e-01
1.004117895943711048e-03,8.627450980392157298e-01,1.176470588235294101e-01
1.004119895943654485e-03,9.411764705882352811e-01,-3.921568627450980338e-02
1.004121895943597921e-03,8.235294117647058432e-01,-3.921568627450980338e-02
1.004123895943541357e-03,8.627450980392157298e-01,7.843137254901960675e-02
1.004125895943484793e-03,9.411764705882352811e-01,-1.568627450980392135e-01
1.004127895943428229e-03,9.411764705882352811e-01,7.843137254901960675e-02
1.004129895943371665e-03,8.235294117647058432e-01,0.000000000000000000e+00
1.004131895943315101e-03,9.019607843137255054e-01,3.921568627450980338e-02
1.004133895943258538e-03,9.019607843137255054e-01,7.843137254901960675e-02
1.004135895943201974e-03,9.411764705882352811e-01,-7.843137254901960675e-02
1.004137895943145410e-03,8.627450980392157298e-01,7.843137254901960675e-02
1.004139895943088846e-03,9.019607843137255054e-01,0.000000000000000000e+00
1.004141895943032282e-03,9.019607843137255054e-01,3.921568627450980338e-02
1.004143895942975718e-03,9.411764705882352811e-01,3.921568627450980338e-02
1.004145895942919154e-03,8.627450980392157298e-01,-3.921568627450980338e-02
1.004147895942862590e-03,9.019607843137255054e-01,3.921568627450980338e-02
1.004149895942806027e-03,9.019607843137255054e-01,-3.921568627450980338e-02
1.004151895942749463e-03,9.411764705882352811e-01,0.000000000000000000e+00
1.004153895942692899e-03,8.235294117647058432e-01,1.176470588235294101e-01
1.004155895942636335e-03,9.019607843137255054e-01,-1.568627450980392135e-01
1.004157895942579771e-03,9.411764705882352811e-01,1.568627450980392135e-01
1.004159895942523207e-03,9.411764705882352811e-01,-3.921568627450980338e-02
1.004161895942466643e-03,8.235294117647058432e-01,-3.921568627450980338e-02
1.004163895942410080e-03,8.627450980392157298e-01,3.921568627450980338e-02
1.004165895942353516e-03,9.019607843137255054e-01,-3.921568627450980338e-02
1.004167895942296952e-03,9.411764705882352811e-01,1.176470588235294101e-01
1.004169895942240388e-03,8.627450980392157298e-01,0.000000000000000000e+00
1.004171895942183824e-03,8.627450980392157298e-01,3.921568627450980338e-02
1.004173895942127260e-03,9.019607843137255054e-01,7.843137254901960675e-02
1.004175895942070696e-03,9.411764705882352811e-01,-7.843137254901960675e-02
1.004177895942014133e-03,8.627450980392157298e-01,7.843137254901960675e-02
1.004179895941957569e-03,9.019607843137255054e-01,0.000000000000000000e+00
1.004181895941901005e-03,8.627450980392157298e-01,3.921568627450980338e-02
1.004183895941844441e-03,9.411764705882352811e-01,3.921568627450980338e-02
1.004185895941787877e-03,9.019607843137255054e-01,-7.843137254901960675e-02
1.004187895941731313e-03,9.019607843137255054e-01,3.921568627450980338e-02
1.004189895941674749e-03,9.019607843137255054e-01,-3.921568627450980338e-02
1.004191895941618186e-03,9.411764705882352811e-01,0.000000000000000000e+00
1.004193895941561622e-03,8.235294117647058432e-01,7.843137254901960675e-02
1.004195895941505058e-03,9.019607843137255054e-01,-1.568627450980392135e-01
1.004197895941448494e-03,9.019607843137255054e-01,1.176470588235294101e-01
1.004199895941391930e-03,9.411764705882352811e-01,-3.921568627450980338e-02
1.004201895941335366e-03,8.627450980392157298e-01,-3.921568627450980338e-02
1.004203895941278802e-03,8.627450980392157298e-01,3.921568627450980338e-02
1.004205895941222238e-03,9.019607843137255054e-01,-7.843137254901960675e-02
1.004207895941165675e-03,9.411764705882352811e-01,3.921568627450980338e-02
1.004209895941109111e-03,8.627450980392157298e-01,0.000000000000000000e+00
1.004211895941052547e-03,8.627450980392157298e-01,3.921568627450980338e-02
1.004213895940995983e-03,9.019607843137255054e-01,7.843137254901960675e-02
1.004215895940939419e-03,9.411764705882352811e-01,-7.843137254901960675e-02
1.004217895940882855e-03,8.235294117647058432e-01,7.843137254901960675e-02
1.004219895940826291e-03,9.019607843137255054e-01,0.000000000000000000e+00
1.004221895940769728e-03,9.019607843137255054e-01,3.921568627450980338e-02
1.004223895940713164e-03,9.411764705882352811e-01,7.843137254901960675e-02
1.004225895940656600e-03,8.627450980392157298e-01,-7.843137254901960675e-02
1.004227895940600036e-03,8.235294117647058432e-01,7.843137254901960675e-02
1.004229895940543472e-03,9.019607843137255054e-01,-3.921568627450980338e-02
1.004231895940486908e-03,9.411764705882352811e-01,0.000000000000000000e+00
1.004233895940430344e-03,8.627450980392157298e-01,7.843137254901960675e-02
1.004235895940373781e-03,9.019607843137255054e-01,-1.568627450980392135e-01
1.004237895940317217e-03,9.019607843137255054e-01,1.176470588235294101e-01
1.004239895940260653e-03,9.411764705882352811e-01,-7.843137254901960675e-02
1.004241895940204089e-03,8.627450980392157298e-01,0.000000000000000000e+00
1.004243895940147525e-03,9.019607843137255054e-01,3.921568627450980338e-02
1.004245895940090961e-03,9.411764705882352811e-01,-7.843137254901960675e-02
1.004247895940034397e-03,9.019607843137255054e-01,7.843137254901960675e-02
1.004249895939977833e-03,8.627450980392157298e-01,0.000000000000000000e+00
1.004251895939921270e-03,8.627450980392157298e-01,-7.843137254901960675e-02
1.004253895939864706e-03,9.411764705882352811e-01,7.843137254901960675e-02
1.004255895939808142e-03,9.411764705882352811e-01,-7.843137254901960675e-02
1.004257895939751578e-03,8.235294117647058432e-01,3.921568627450980338e-02
1.004259895939695014e-03,9.019607843137255054e-01,0.000000000000000000e+00
1.004261895939638450e-03,9.411764705882352811e-01,3.921568627450980338e-02
1.004263895939581886e-03,9.411764705882352811e-01,3.921568627450980338e-02
1.004265895939525323e-03,8.627450980392157298e-01,-3.921568627450980338e-02
1.004267895939468759e-03,9.019607843137255054e-01,1.176470588235294101e-01
1.004269895939412195e-03,9.019607843137255054e-01,-3.921568627450980338e-02
1.004271895939355631e-03,9.411764705882352811e-01,-3.921568627450980338e-02
1.004273895939299067e-03,8.627450980392157298e-01,7.843137254901960675e-02
1.004275895939242503e-03,9.019607843137255054e-01,-1.568627450980392135e-01
1.004277895939185939e-03,9.019607843137255054e-01,1.176470588235294101e-01
1.004279895939129376e-03,9.411764705882352811e-01,0.000000000000000000e+00
1.004281895939072812e-03,8.235294117647058432e-01,-3.921568627450980338e-02
1.004283895939016248e-03,8.627450980392157298e-01,1.176470588235294101e-01
1.004285895938959684e-03,9.411764705882352811e-01,-7.843137254901960675e-02
1.004287895938903120e-03,9.411764705882352811e-01,7.843137254901960675e-02
1.004289895938846556e-03,8.627450980392157298e-01,0.000000000000000000e+00
1.004291895938789992e-03,9.019607843137255054e-01,3.921568627450980338e-02
1.004293895938733428e-03,9.019607843137255054e-01,1.176470588235294101e-01
1.004295895938676865e-03,9.411764705882352811e-01,-7.843137254901960675e-02
1.004297895938620301e-03,8.627450980392157298e-01,7.843137254901960675e-02
1.004299895938563737e-03,9.019607843137255054e-01,0.000000000000000000e+00
1.004301895938507173e-03,9.019607843137255054e-01,7.843137254901960675e-02
1.004303895938450609e-03,9.411764705882352811e-01,3.921568627450980338e-02
1.004305895938394045e-03,8.627450980392157298e-01,-3.921568627450980338e-02
1.004307895938337481e-03,9.019607843137255054e-01,3.921568627450980338e-02
1.004309895938280918e-03,9.411764705882352811e-01,-3.921568627450980338e-02
1.004311895938224354e-03,9.411764705882352811e-01,0.000000000000000000e+00
1.004313895938167790e-03,8.627450980392157298e-01,1.176470588235294101e-01
1.004315895938111226e-03,9.019607843137255054e-01,-1.568627450980392135e-01
1.004317895938054662e-03,8.627450980392157298e-01,1.176470588235294101e-01
1.004319895937998098e-03,9.411764705882352811e-01,-3.921568627450980338e-02
1.004321895937941534e-03,8.235294117647058432e-01,0.000000000000000000e+00
1.004323895937884971e-03,8.627450980392157298e-01,3.921568627450980338e-02
1.004325895937828407e-03,9.411764705882352811e-01,-3.921568627450980338e-02
1.004327895937771843e-03,9.411764705882352811e-01,7.843137254901960675e-02
1.004329895937715279e-03,8.627450980392157298e-01,0.000000000000000000e+00
1.004331895937658715e-03,9.019607843137255054e-01,3.921568627450980338e-02
1.004333895937602151e-03,9.019607843137255054e-01,7.843137254901960675e-02
1.004335895937545587e-03,9.411764705882352811e-01,-7.843137254901960675e-02
1.004337895937489024e-03,8.235294117647058432e-01,7.843137254901960675e-02
1.004339895937432460e-03,9.019607843137255054e-01,0.000000000000000000e+00
1.004341895937375896e-03,9.411764705882352811e-01,7.843137254901960675e-02
1.004343895937319332e-03,9.411764705882352811e-01,0.000000000000000000e+00
1.004345895937262768e-03,8.627450980392157298e-01,-3.921568627450980338e-02
1.004347895937206204e-03,8.235294117647058432e-01,7.843137254901960675e-02
1.004349895937149640e-03,9.019607843137255054e-01,-3.921568627450980338e-02
1.004351895937093076e-03,9.411764705882352811e-01,0.000000000000000000e+00
1.004353895937036513e-03,8.627450980392157298e-01,7.843137254901960675e-02
1.004355895936979949e-03,9.019607843137255054e-01,-1.568627450980392135e-01
1.004357895936923385e-03,9.019607843137255054e-01,7.843137254901960675e-02
1.004359895936866821e-03,9.411764705882352811e-01,0.000000000000000000e+00
1.004361895936810257e-03,8.627450980392157298e-01,0.000000000000000000e+00
1.004363895936753693e-03,9.019607843137255054e-01,7.843137254901960675e-02
1.004365895936697129e-03,9.019607843137255054e-01,-3.921568627450980338e-02
1.004367895936640566e-03,9.411764705882352811e-01,7.843137254901960675e-02
1.004369895936584002e-03,8.235294117647058432e-01,0.000000000000000000e+00
1.004371895936527438e-03,8.627450980392157298e-01,0.000000000000000000e+00
1.004373895936470874e-03,8.627450980392157298e-01,3.921568627450980338e-02
1.004375895936414310e-03,9.411764705882352811e-01,-7.843137254901960675e-02
1.004377895936357746e-03,8.235294117647058432e-01,3.921568627450980338e-02
1.004379895936301182e-03,9.019607843137255054e-01,0.000000000000000000e+00
1.004381895936244619e-03,9.019607843137255054e-01,7.843137254901960675e-02
1.004383895936188055e-03,9.019607843137255054e-01,3.921568627450980338e-02
1.004385895936131491e-03,8.627450980392157298e-01,-3.921568627450980338e-02
1.004387895936074927e-03,8.235294117647058432e-01,3.921568627450980338e-02
1.004389895936018363e-03,9.019607843137255054e-01,-3.921568627450980338e-02
1.004391895935961799e-03,9.411764705882352811e-01,-3.921568627450980338e-02
1.004393895935905235e-03,8.235294117647058432e-01,1.176470588235294101e-01
1.004395895935848671e-03,9.019607843137255054e-01,-7.843137254901960675e-02
1.004397895935792108e-03,9.019607843137255054e-01,1.176470588235294101e-01
1.004399895935735544e-03,9.411764705882352811e-01,0.000000000000000000e+00
1.004401895935678980e-03,8.627450980392157298e-01,-3.921568627450980338e-02
1.004403895935622416e-03,9.019607843137255054e-01,7.843137254901960675e-02
1.004405895935565852e-03,9.019607843137255054e-01,-7.843137254901960675e-02
1.004407895935509288e-03,9.411764705882352811e-01,7.843137254901960675e-02
1.004409895935452724e-03,8.627450980392157298e-01,0.000000000000000000e+00
1.004411895935396161e-03,9.019607843137255054e-01,3.921568627450980338e-02
1.004413895935339597e-03,9.411764705882352811e-01,7.843137254901960675e-02
1.004415895935283033e-03,9.411764705882352811e-01,-7.843137254901960675e-02
1.004417895935226469e-03,8.627450980392157298e-01,7.843137254901960675e-02
1.004419895935169905e-03,9.019607843137255054e-01,0.000000000000000000e+00
1.004421895935113341e-03,9.411764705882352811e-01,7.843137254901960675e-02
1.004423895935056777e-03,9.019607843137255054e-01,3.921568627450980338e-02
1.004425895935000214e-03,8.627450980392157298e-01,-7.843137254901960675e-02
1.004427895934943650e-03,8.235294117647058432e-01,3.921568627450980338e-02
1.004429895934887086e-03,9.019607843137255054e-01,-7.843137254901960675e-02
1.004431895934830522e-03,9.411764705882352811e-01,-3.921568627450980338e-02
1.004433895934773958e-03,8.627450980392157298e-01,3.921568627450980338e-02
1.004435895934717394e-03,8.627450980392157298e-01,-1.568627450980392135e-01
1.004437895934660830e-03,9.019607843137255054e-01,1.568627450980392135e-01
1.004439895934604267e-03,9.411764705882352811e-01,-3.921568627450980338e-02
1.004441895934547703e-03,8.627450980392157298e-01,0.000000000000000000e+00
1.004443895934491139e-03,9.019607843137255054e-01,3.921568627450980338e-02
1.004445895934434575e-03,9.019607843137255054e-01,-7.843137254901960675e-02
1.004447895934378011e-03,9.411764705882352811e-01,7.843137254901960675e-02
1.004449895934321447e-03,8.627450980392157298e-01,0.000000000000000000e+00
1.004451895934264883e-03,8.627450980392157298e-01,3.921568627450980338e-02
1.004453895934208319e-03,9.019607843137255054e-01,7.843137254901960675e-02
1.004455895934151756e-03,9.411764705882352811e-01,-7.843137254901960675e-02
1.004457895934095192e-03,8.235294117647058432e-01,7.843137254901960675e-02
1.004459895934038628e-03,9.019607843137255054e-01,0.000000000000000000e+00
1.004461895933982064e-03,9.019607843137255054e-01,3.921568627450980338e-02
1.004463895933925500e-03,9.411764705882352811e-01,3.921568627450980338e-02
1.004465895933868936e-03,8.627450980392157298e-01,-7.843137254901960675e-02
1.004467895933812372e-03,9.019607843137255054e-01,3.921568627450980338e-02
1.004469895933755809e-03,9.019607843137255054e-01,0.000000000000000000e+00
1.004471895933699245e-03,9.411764705882352811e-01,0.000000000000000000e+00
1.004473895933642681e-03,8.627450980392157298e-01,7.843137254901960675e-02
1.004475895933586117e-03,9.019607843137255054e-01,-1.568627450980392135e-01
1.004477895933529553e-03,9.019607843137255054e-01,1.176470588235294101e-01
1.004479895933472989e-03,9.411764705882352811e-01,0.000000000000000000e+00
1.004481895933416425e-03,8.627450980392157298e-01,-3.921568627450980338e-02
1.004483895933359862e-03,9.019607843137255054e-01,7.843137254901960675e-02
1.004485895933303298e-03,9.019607843137255054e-01,-7.843137254901960675e-02
1.004487895933246734e-03,9.411764705882352811e-01,7.843137254901960675e-02
1.004489895933190170e-03,8.627450980392157298e-01,0.000000000000000000e+00
1.004491895933133606e-03,8.627450980392157298e-01,0.000000000000000000e+00
1.004493895933077042e-03,9.019607843137255054e-01,7.843137254901960675e-02
1.004495895933020478e-03,9.411764705882352811e-01,-7.843137254901960675e-02
1.004497895932963914e-03,8.627450980392157298e-01,7.843137254901960675e-02
1.004499895932907351e-03,9.411764705882352811e-01,0.000000000000000000e+00
1.004501895932850787e-03,9.019607843137255054e-01,3.921568627450980338e-02
1.004503895932794223e-03,9.411764705882352811e-01,3.921568627450980338e-02
1.004505895932737659e-03,9.019607843137255054e-01,-7.843137254901960675e-02
1.004507895932681095e-03,9.019607843137255054e-01,7.843137254901960675e-02
1.004509895932624531e-03,9.411764705882352811e-01,0.000000000000000000e+00
1.004511895932567967e-03,9.411764705882352811e-01,0.000000000000000000e+00
1.004513895932511404e-03,8.627450980392157298e-01,7.843137254901960675e-02
1.004515895932454840e-03,9.019607843137255054e-01,-1.568627450980392135e-01
1.004517895932398276e-03,9.019607843137255054e-01,1.568627450980392135e-01
1.004519895932341712e-03,9.411764705882352811e-01,-3.921568627450980338e-02
1.004521895932285148e-03,8.627450980392157298e-01,-3.921568627450980338e-02
1.004523895932228584e-03,8.627450980392157298e-01,3.921568627450980338e-02
1.004525895932172020e-03,9.019607843137255054e-01,-7.843137254901960675e-02
1.004527895932115457e-03,9.019607843137255054e-01,7.843137254901960675e-02
1.004529895932058893e-03,8.627450980392157298e-01,0.000000000000000000e+00
1.004531895932002329e-03,9.019607843137255054e-01,3.921568627450980338e-02
1.004533895931945765e-03,9.019607843137255054e-01,7.843137254901960675e-02
1.004535895931889201e-03,9.019607843137255054e-01,-7.843137254901960675e-02
1.004537895931832637e-03,8.627450980392157298e-01,7.843137254901960675e-02
1.004539895931776073e-03,9.019607843137255054e-01,0.000000000000000000e+00
1.004541895931719509e-03,9.019607843137255054e-01,3.921568627450980338e-02
1.004543895931662946e-03,9.411764705882352811e-01,7.843137254901960675e-02
1.004545895931606382e-03,8.627450980392157298e-01,-7.843137254901960675e-02
1.004547895931549818e-03,8.627450980392157298e-01,7.843137254901960675e-02
1.004549895931493254e-03,8.627450980392157298e-01,0.000000000000000000e+00
1.004551895931436690e-03,9.411764705882352811e-01,-3.921568627450980338e-02
1.004553895931380126e-03,8.235294117647058432e-01,7.843137254901960675e-02
1.004555895931323562e-03,9.019607843137255054e-01,-1.568627450980392135e-01
1.004557895931266999e-03,9.411764705882352811e-01,1.568627450980392135e-01
1.004559895931210435e-03,9.803921568627450567e-01,0.000000000000000000e+00
1.004561895931153871e-03,8.235294117647058432e-01,-3.921568627450980338e-02
1.004563895931097307e-03,8.627450980392157298e-01,3.921568627450980338e-02
1.004565895931040743e-03,9.411764705882352811e-01,-1.568627450980392135e-01
1.004567895930984179e-03,9.411764705882352811e-01,7.843137254901960675e-02
1.004569895930927615e-03,8.627450980392157298e-01,0.000000000000000000e+00
1.004571895930871052e-03,8.627450980392157298e-01,3.921568627450980338e-02
1.004573895930814488e-03,9.019607843137255054e-01,7.843137254901960675e-02
1.004575895930757924e-03,9.411764705882352811e-01,-7.843137254901960675e-02
1.004577895930701360e-03,8.627450980392157298e-01,7.843137254901960675e-02
1.004579895930644796e-03,9.019607843137255054e-01,0.000000000000000000e+00
1.004581895930588232e-03,8.627450980392157298e-01,3.921568627450980338e-02
1.004583895930531668e-03,9.019607843137255054e-01,3.921568627450980338e-02
1.004585895930475105e-03,9.019607843137255054e-01,-7.843137254901960675e-02
1.004587895930418541e-03,8.627450980392157298e-01,1.176470588235294101e-01
1.004589895930361977e-03,9.411764705882352811e-01,-3.921568627450980338e-02
1.004591895930305413e-03,9.411764705882352811e-01,-3.921568627450980338e-02
1.004593895930248849e-03,8.627450980392157298e-01,7.843137254901960675e-02
1.004595895930192285e-03,9.019607843137255054e-01,-1.568627450980392135e-01
1.004597895930135721e-03,9.019607843137255054e-01,1.568627450980392135e-01
1.004599895930079157e-03,9.411764705882352811e-01,-3.921568627450980338e-02
1.004601895930022594e-03,9.019607843137255054e-01,-7.843137254901960675e-02
1.004603895929966030e-03,9.019607843137255054e-01,3.921568627450980338e-02
1.004605895929909466e-03,9.019607843137255054e-01,-3.921568627450980338e-02
1.004607895929852902e-03,9.019607843137255054e-01,7.843137254901960675e-02
1.004609895929796338e-03,8.627450980392157298e-01,0.000000000000000000e+00
1.004611895929739774e-03,8.627450980392157298e-01,3.921568627450980338e-02
1.004613895929683210e-03,9.411764705882352811e-01,7.843137254901960675e-02
1.004615895929626647e-03,9.411764705882352811e-01,-7.843137254901960675e-02
1.004617895929570083e-03,8.235294117647058432e-01,7.843137254901960675e-02
1.004619895929513519e-03,8.627450980392157298e-01,0.000000000000000000e+00
1.004621895929456955e-03,9.019607843137255054e-01,7.843137254901960675e-02
1.004623895929400391e-03,9.411764705882352811e-01,3.921568627450980338e-02
1.004625895929343827e-03,8.627450980392157298e-01,-3.921568627450980338e-02
1.004627895929287263e-03,9.019607843137255054e-01,3.921568627450980338e-02
1.004629895929230700e-03,9.019607843137255054e-01,-3.921568627450980338e-02
1.004631895929174136e-03,9.803921568627450567e-01,-3.921568627450980338e-02
1.004633895929117572e-03,8.627450980392157298e-01,1.176470588235294101e-01
1.004635895929061008e-03,9.019607843137255054e-01,-1.568627450980392135e-01
1.004637895929004444e-03,9.019607843137255054e-01,1.568627450980392135e-01
1.004639895928947880e-03,9.411764705882352811e-01,-3.921568627450980338e-02
1.004641895928891316e-03,8.627450980392157298e-01,-3.921568627450980338e-02
1.004643895928834752e-03,8.627450980392157298e-01,7.843137254901960675e-02
1.004645895928778189e-03,9.019607843137255054e-01,-3.921568627450980338e-02
1.004647895928721625e-03,9.411764705882352811e-01,7.843137254901960675e-02
1.004649895928665061e-03,8.235294117647058432e-01,0.000000000000000000e+00
1.004651895928608497e-03,9.019607843137255054e-01,0.000000000000000000e+00
1.004653895928551933e-03,8.627450980392157298e-01,7.843137254901960675e-02
1.004655895928495369e-03,9.411764705882352811e-01,-7.843137254901960675e-02
1.004657895928438805e-03,8.235294117647058432e-01,7.843137254901960675e-02
1.004659895928382242e-03,8.627450980392157298e-01,0.000000000000000000e+00
1.004661895928325678e-03,9.019607843137255054e-01,7.843137254901960675e-02
1.004663895928269114e-03,9.411764705882352811e-01,3.921568627450980338e-02
1.004665895928212550e-03,8.627450980392157298e-01,-3.921568627450980338e-02
1.004667895928155986e-03,8.627450980392157298e-01,3.921568627450980338e-02
1.004669895928099422e-03,9.019607843137255054e-01,-3.921568627450980338e-02
1.004671895928042858e-03,9.411764705882352811e-01,0.000000000000000000e+00
1.004673895927986295e-03,8.627450980392157298e-01,7.843137254901960675e-02
1.004675895927929731e-03,9.019607843137255054e-01,-1.568627450980392135e-01
1.004677895927873167e-03,9.019607843137255054e-01,1.176470588235294101e-01
1.004679895927816603e-03,9.411764705882352811e-01,0.000000000000000000e+00
1.004681895927760039e-03,9.019607843137255054e-01,0.000000000000000000e+00
1.004683895927703475e-03,9.019607843137255054e-01,7.843137254901960675e-02
1.004685895927646911e-03,8.627450980392157298e-01,-1.568627450980392135e-01
1.004687895927590347e-03,9.411764705882352811e-01,7.843137254901960675e-02
1.004689895927533784e-03,8.627450980392157298e-01,0.000000000000000000e+00
1.004691895927477220e-03,8.627450980392157298e-01,3.921568627450980338e-02
1.004693895927420656e-03,9.019607843137255054e-01,7.843137254901960675e-02
1.004695895927364092e-03,9.411764705882352811e-01,-7.843137254901960675e-02
1.004697895927307528e-03,8.627450980392157298e-01,7.843137254901960675e-02
1.004699895927250964e-03,9.019607843137255054e-01,0.000000000000000000e+00
1.004701895927194400e-03,9.019607843137255054e-01,7.843137254901960675e-02
1.004703895927137837e-03,9.411764705882352811e-01,7.843137254901960675e-02
1.004705895927081273e-03,9.019607843137255054e-01,-7.843137254901960675e-02
1.004707895927024709e-03,8.627450980392157298e-01,3.921568627450980338e-02
1.004709895926968145e-03,9.019607843137255054e-01,-3.921568627450980338e-02
1.004711895926911581e-03,9.411764705882352811e-01,0.000000000000000000e+00
1.004713895926855017e-03,8.627450980392157298e-01,7.843137254901960675e-02
1.004715895926798453e-03,8.627450980392157298e-01,-1.568627450980392135e-01
1.004717895926741890e-03,9.019607843137255054e-01,1.176470588235294101e-01
1.004719895926685326e-03,9.411764705882352811e-01,0.000000000000000000e+00
1.004721895926628762e-03,8.627450980392157298e-01,-3.921568627450980338e-02
1.004723895926572198e-03,9.019607843137255054e-01,7.843137254901960675e-02
1.004725895926515634e-03,9.019607843137255054e-01,-3.921568627450980338e-02
1.004727895926459070e-03,9.411764705882352811e-01,7.843137254901960675e-02
1.004729895926402506e-03,9.019607843137255054e-01,0.000000000000000000e+00
1.004731895926345943e-03,9.019607843137255054e-01,0.000000000000000000e+00
1.004733895926289379e-03,9.411764705882352811e-01,7.843137254901960675e-02
1.004735895926232815e-03,9.411764705882352811e-01,-7.843137254901960675e-02
1.004737895926176251e-03,8.627450980392157298e-01,3.921568627450980338e-02
1.004739895926119687e-03,9.019607843137255054e-01,0.000000000000000000e+00
1.004741895926063123e-03,9.019607843137255054e-01,3.921568627450980338e-02
1.004743895926006559e-03,9.019607843137255054e-01,7.843137254901960675e-02
1.004745895925949995e-03,8.627450980392157298e-01,-7.843137254901960675e-02
1.004747895925893432e-03,8.627450980392157298e-01,1.176470588235294101e-01
1.004749895925836868e-03,9.019607843137255054e-01,0.000000000000000000e+00
1.004751895925780304e-03,9.411764705882352811e-01,0.000000000000000000e+00
1.004753895925723740e-03,8.627450980392157298e-01,7.843137254901960675e-02
1.004755895925667176e-03,9.019607843137255054e-01,-7.843137254901960675e-02
1.004757895925610612e-03,9.019607843137255054e-01,1.176470588235294101e-01
1.004759895925554048e-03,9.411764705882352811e-01,-7.843137254901960675e-02
1.004761895925497485e-03,8.627450980392157298e-01,-3.921568627450980338e-02
1.004763895925440921e-03,8.235294117647058432e-01,7.843137254901960675e-02
1.004765895925384357e-03,9.411764705882352811e-01,-3.921568627450980338e-02
1.004767895925327793e-03,9.411764705882352811e-01,7.843137254901960675e-02
1.004769895925271229e-03,8.627450980392157298e-01,0.000000000000000000e+00
1.004771895925214665e-03,8.627450980392157298e-01,0.000000000000000000e+00
1.004773895925158101e-03,9.019607843137255054e-01,1.176470588235294101e-01
1.004775895925101538e-03,9.411764705882352811e-01,-7.843137254901960675e-02
1.004777895925044974e-03,8.235294117647058432e-01,7.843137254901960675e-02
1.004779895924988410e-03,8.235294117647058432e-01,0.000000000000000000e+00
1.004781895924931846e-03,9.019607843137255054e-01,7.843137254901960675e-02
1.004783895924875282e-03,9.019607843137255054e-01,3.921568627450980338e-02
1.004785895924818718e-03,8.627450980392157298e-01,-3.921568627450980338e-02
1.004787895924762154e-03,9.019607843137255054e-01,7.843137254901960675e-02
1.004789895924705590e-03,9.411764705882352811e-01,-3.921568627450980338e-02
1.004791895924649027e-03,9.411764705882352811e-01,0.000000000000000000e+00
1.004793895924592463e-03,8.627450980392157298e-01,3.921568627450980338e-02
1.004795895924535899e-03,8.627450980392157298e-01,-1.568627450980392135e-01
1.004797895924479335e-03,8.627450980392157298e-01,1.176470588235294101e-01
1.004799895924422771e-03,9.411764705882352811e-01,-7.843137254901960675e-02
1.004801895924366207e-03,8.627450980392157298e-01,-3.921568627450980338e-02
1.004803895924309643e-03,8.627450980392157298e-01,3.921568627450980338e-02
1.004805895924253080e-03,9.019607843137255054e-01,-3.921568627450980338e-02
1.004807895924196516e-03,9.411764705882352811e-01,7.843137254901960675e-02
1.004809895924139952e-03,8.235294117647058432e-01,-3.921568627450980338e-02
1.004811895924083388e-03,9.019607843137255054e-01,0.000000000000000000e+00
1.004813895924026824e-03,9.019607843137255054e-01,7.843137254901960675e-02
1.004815895923970260e-03,9.803921568627450567e-01,-7.843137254901960675e-02
1.004817895923913696e-03,8.627450980392157298e-01,3.921568627450980338e-02
1.004819895923857133e-03,9.019607843137255054e-01,0.000000000000000000e+00
1.004821895923800569e-03,9.019607843137255054e-01,7.843137254901960675e-02
1.004823895923744005e-03,9.411764705882352811e-01,3.921568627450980338e-02
1.004825895923687441e-03,8.235294117647058432e-01,-7.843137254901960675e-02
1.004827895923630877e-03,8.627450980392157298e-01,7.843137254901960675e-02
1.004829895923574313e-03,9.019607843137255054e-01,-3.921568627450980338e-02
1.004831895923517749e-03,9.411764705882352811e-01,0.000000000000000000e+00
1.004833895923461186e-03,8.235294117647058432e-01,7.843137254901960675e-02
1.004835895923404622e-03,9.019607843137255054e-01,-1.568627450980392135e-01
1.004837895923348058e-03,9.019607843137255054e-01,1.568627450980392135e-01
1.004839895923291494e-03,9.411764705882352811e-01,-3.921568627450980338e-02
1.004841895923234930e-03,8.627450980392157298e-01,-3.921568627450980338e-02
1.004843895923178366e-03,9.019607843137255054e-01,7.843137254901960675e-02
1.004845895923121802e-03,9.019607843137255054e-01,-7.843137254901960675e-02
1.004847895923065238e-03,9.411764705882352811e-01,1.176470588235294101e-01
1.004849895923008675e-03,8.627450980392157298e-01,0.000000000000000000e+00
1.004851895922952111e-03,9.019607843137255054e-01,0.000000000000000000e+00
1.004853895922895547e-03,8.627450980392157298e-01,7.843137254901960675e-02
1.004855895922838983e-03,9.411764705882352811e-01,-7.843137254901960675e-02
1.004857895922782419e-03,8.235294117647058432e-01,7.843137254901960675e-02
1.004859895922725855e-03,9.019607843137255054e-01,0.000000000000000000e+00
1.004861895922669291e-03,9.019607843137255054e-01,3.921568627450980338e-02
1.004863895922612728e-03,9.411764705882352811e-01,7.843137254901960675e-02
1.004865895922556164e-03,8.627450980392157298e-01,-3.921568627450980338e-02
1.004867895922499600e-03,9.019607843137255054e-01,3.921568627450980338e-02
1.004869895922443036e-03,9.411764705882352811e-01,0.000000000000000000e+00
1.004871895922386472e-03,9.411764705882352811e-01,-3.921568627450980338e-02
1.004873895922329908e-03,8.627450980392157298e-01,7.843137254901960675e-02
1.004875895922273344e-03,9.019607843137255054e-01,-1.568627450980392135e-01
1.004877895922216781e-03,9.019607843137255054e-01,1.568627450980392135e-01
1.004879895922160217e-03,9.411764705882352811e-01,0.000000000000000000e+00
1.004881895922103653e-03,8.627450980392157298e-01,0.000000000000000000e+00
1.004883895922047089e-03,9.019607843137255054e-01,3.921568627450980338e-02
1.004885895921990525e-03,9.019607843137255054e-01,-1.568627450980392135e-01
1.004887895921933961e-03,9.411764705882352811e-01,7.843137254901960675e-02
1.004889895921877397e-03,8.627450980392157298e-01,-3.921568627450980338e-02
1.004891895921820833e-03,9.019607843137255054e-01,0.000000000000000000e+00
1.004893895921764270e-03,9.019607843137255054e-01,7.843137254901960675e-02
1.004895895921707706e-03,9.411764705882352811e-01,-7.843137254901960675e-02
1.004897895921651142e-03,8.627450980392157298e-01,3.921568627450980338e-02
1.004899895921594578e-03,9.019607843137255054e-01,0.000000000000000000e+00
1.004901895921538014e-03,9.019607843137255054e-01,3.921568627450980338e-02
1.004903895921481450e-03,9.411764705882352811e-01,3.921568627450980338e-02
1.004905895921424886e-03,8.627450980392157298e-01,-3.921568627450980338e-02
1.004907895921368323e-03,8.627450980392157298e-01,7.843137254901960675e-02
1.004909895921311759e-03,9.411764705882352811e-01,-7.843137254901960675e-02
1.004911895921255195e-03,9.411764705882352811e-01,-3.921568627450980338e-02
1.004913895921198631e-03,8.627450980392157298e-01,7.843137254901960675e-02
1.004915895921142067e-03,9.019607843137255054e-01,-1.568627450980392135e-01
1.004917895921085503e-03,9.019607843137255054e-01,1.176470588235294101e-01
1.004919895921028939e-03,9.411764705882352811e-01,3.921568627450980338e-02
1.004921895920972376e-03,8.627450980392157298e-01,-3.921568627450980338e-02
1.004923895920915812e-03,9.019607843137255054e-01,7.843137254901960675e-02
1.004925895920859248e-03,9.019607843137255054e-01,0.000000000000000000e+00
1.004927895920802684e-03,9.411764705882352811e-01,3.921568627450980338e-02
1.004929895920746120e-03,8.627450980392157298e-01,0.000000000000000000e+00
1.004931895920689556e-03,9.019607843137255054e-01,0.000000000000000000e+00
1.004933895920632992e-03,8.627450980392157298e-01,7.843137254901960675e-02
1.004935895920576428e-03,9.411764705882352811e-01,-3.921568627450980338e-02
1.004937895920519865e-03,8.627450980392157298e-01,7.843137254901960675e-02
1.004939895920463301e-03,9.019607843137255054e-01,0.000000000000000000e+00
1.004941895920406737e-03,9.019607843137255054e-01,3.921568627450980338e-02
1.004943895920350173e-03,9.411764705882352811e-01,7.843137254901960675e-02
1.004945895920293609e-03,8.235294117647058432e-01,-3.921568627450980338e-02
1.004947895920237045e-03,8.627450980392157298e-01,3.921568627450980338e-02
1.004949895920180481e-03,9.019607843137255054e-01,-3.921568627450980338e-02
1.004951895920123918e-03,9.411764705882352811e-01,-3.921568627450980338e-02
1.004953895920067354e-03,8.627450980392157298e-01,7.843137254901960675e-02
1.004955895920010790e-03,9.019607843137255054e-01,-1.568627450980392135e-01
1.004957895919954226e-03,8.627450980392157298e-01,1.176470588235294101e-01
1.004959895919897662e-03,9.411764705882352811e-01,-3.921568627450980338e-02
1.004961895919841098e-03,8.627450980392157298e-01,0.000000000000000000e+00
1.004963895919784534e-03,8.627450980392157298e-01,3.921568627450980338e-02
1.004965895919727971e-03,9.019607843137255054e-01,-1.568627450980392135e-01
1.004967895919671407e-03,9.411764705882352811e-01,7.843137254901960675e-02
1.004969895919614843e-03,8.627450980392157298e-01,0.000000000000000000e+00
1.004971895919558279e-03,8.627450980392157298e-01,0.000000000000000000e+00
1.004973895919501715e-03,9.019607843137255054e-01,7.843137254901960675e-02
1.004975895919445151e-03,9.411764705882352811e-01,-7.843137254901960675e-02
1.004977895919388587e-03,8.627450980392157298e-01,3.921568627450980338e-02
1.004979895919332024e-03,8.627450980392157298e-01,0.000000000000000000e+00
1.004981895919275460e-03,9.019607843137255054e-01,3.921568627450980338e-02
1.004983895919218896e-03,9.411764705882352811e-01,7.843137254901960675e-02
1.004985895919162332e-03,8.627450980392157298e-01,-7.843137254901960675e-02
1.004987895919105768e-03,8.627450980392157298e-01,1.176470588235294101e-01
1.004989895919049204e-03,9.019607843137255054e-01,0.000000000000000000e+00
1.004991895918992640e-03,9.411764705882352811e-01,0.000000000000000000e+00
1.004993895918936076e-03,8.627450980392157298e-01,1.176470588235294101e-01
1.004995895918879513e-03,9.019607843137255054e-01,-1.568627450980392135e-01
1.004997895918822949e-03,9.019607843137255054e-01,1.176470588235294101e-01
1.004999895918766385e-03,9.411764705882352811e-01,0.000000000000000000e+00
1.005001895918709821e-03,8.627450980392157298e-01,-3.921568627450980338e-02
1.005003895918653257e-03,9.019607843137255054e-01,1.176470588235294101e-01
1.005005895918596693e-03,9.411764705882352811e-01,-7.843137254901960675e-02
1.005007895918540129e-03,9.019607843137255054e-01,7.843137254901960675e-02
1.005009895918483566e-03,8.627450980392157298e-01,0.000000000000000000e+00
1.005011895918427002e-03,8.627450980392157298e-01,3.921568627450980338e-02
1.005013895918370438e-03,9.019607843137255054e-01,7.843137254901960675e-02
1.005015895918313874e-03,9.411764705882352811e-01,-7.843137254901960675e-02
1.005017895918257310e-03,8.627450980392157298e-01,7.843137254901960675e-02
1.005019895918200746e-03,9.019607843137255054e-01,0.000000000000000000e+00
1.005021895918144182e-03,9.019607843137255054e-01,3.921568627450980338e-02
1.005023895918087619e-03,9.411764705882352811e-01,3.921568627450980338e-02
1.005025895918031055e-03,9.019607843137255054e-01,-7.843137254901960675e-02
1.005027895917974491e-03,8.627450980392157298e-01,1.176470588235294101e-01
1.005029895917917927e-03,9.019607843137255054e-01,-3.921568627450980338e-02
1.005031895917861363e-03,9.411764705882352811e-01,0.000000000000000000e+00
1.005033895917804799e-03,8.627450980392157298e-01,8.627450980392157298e-01
1.005035895917748235e-03,9.019607843137255054e-01,2.549019607843137081e+00
1.005037895917691671e-03,8.627450980392157298e-01,3.764705882352941124e+00
1.005039895917635108e-03,9.411764705882352811e-01,4.235294117647058876e+00
1.005041895917578544e-03,8.235294117647058432e-01,3.921568627450980227e+00
1.005043895917521980e-03,8.627450980392157298e-01,3.490196078431372140e+00
1.005045895917465416e-03,9.411764705882352811e-01,2.901960784313725394e+00
1.005047895917408852e-03,9.411764705882352811e-01,3.098039215686274161e+00
1.005049895917352288e-03,8.627450980392157298e-01,3.254901960784313708e+00
1.005051895917295724e-03,9.411764705882352811e-01,3.176470588235293935e+00
1.005053895917239161e-03,9.019607843137255054e-01,3.254901960784313708e+00
1.005055895917182597e-03,9.411764705882352811e-01,3.294117647058823373e+00
1.005057895917126033e-03,8.627450980392157298e-01,3.333333333333333037e+00
1.005059895917069469e-03,9.019607843137255054e-01,3.254901960784313708e+00
1.005061895917012905e-03,8.627450980392157298e-01,3.372549019607843146e+00
1.005063895916956341e-03,9.411764705882352811e-01,3.215686274509803599e+00
1.005065895916899777e-03,9.019607843137255054e-01,3.098039215686274161e+00
1.005067895916843214e-03,8.627450980392157298e-01,3.294117647058823373e+00
1.005069895916786650e-03,9.019607843137255054e-01,3.215686274509803599e+00
1.005071895916730086e-03,9.411764705882352811e-01,3.215686274509803599e+00
1.005073895916673522e-03,8.627450980392157298e-01,3.411764705882352811e+00
1.005075895916616958e-03,9.019607843137255054e-01,3.176470588235293935e+00
1.005077895916560394e-03,9.019607843137255054e-01,3.294117647058823373e+00
1.005079895916503830e-03,9.411764705882352811e-01,3.215686274509803599e+00
1.005081895916447267e-03,8.627450980392157298e-01,3.254901960784313708e+00
1.005083895916390703e-03,9.019607843137255054e-01,3.294117647058823373e+00
1.005085895916334139e-03,9.019607843137255054e-01,3.176470588235293935e+00
1.005087895916277575e-03,9.019607843137255054e-01,3.333333333333333037e+00
1.005089895916221011e-03,8.627450980392157298e-01,3.215686274509803599e+00
1.005091895916164447e-03,8.627450980392157298e-01,3.137254901960784270e+00
1.005093895916107883e-03,9.019607843137255054e-01,3.333333333333333037e+00
1.005095895916051319e-03,9.411764705882352811e-01,3.137254901960784270e+00
1.005097895915994756e-03,8.627450980392157298e-01,3.372549019607843146e+00
1.005099895915938192e-03,9.019607843137255054e-01,3.176470588235293935e+00
1.005101895915881628e-03,9.411764705882352811e-01,3.254901960784313708e+00
1.005103895915825064e-03,9.411764705882352811e-01,3.333333333333333037e+00
1.005105895915768500e-03,8.627450980392157298e-01,3.176470588235293935e+00
1.005107895915711936e-03,9.019607843137255054e-01,3.294117647058823373e+00
1.005109895915655372e-03,9.019607843137255054e-01,3.215686274509803599e+00
1.005111895915598809e-03,9.411764705882352811e-01,3.176470588235293935e+00
1.005113895915542245e-03,9.019607843137255054e-01,3.333333333333333037e+00
1.005115895915485681e-03,9.019607843137255054e-01,3.137254901960784270e+00
1.005117895915429117e-03,9.019607843137255054e-01,3.294117647058823373e+00
1.005119895915372553e-03,9.411764705882352811e-01,3.215686274509803599e+00
1.005121895915315989e-03,8.627450980392157298e-01,3.215686274509803599e+00
1.005123895915259425e-03,8.627450980392157298e-01,3.294117647058823373e+00
1.005125895915202862e-03,9.019607843137255054e-01,3.137254901960784270e+00
1.005127895915146298e-03,9.411764705882352811e-01,3.372549019607843146e+00
1.005129895915089734e-03,9.019607843137255054e-01,3.254901960784313708e+00
1.005131895915033170e-03,9.411764705882352811e-01,3.215686274509803599e+00
1.005133895914976606e-03,9.019607843137255054e-01,3.333333333333333037e+00
1.005135895914920042e-03,9.803921568627450567e-01,3.137254901960784270e+00
1.005137895914863478e-03,8.627450980392157298e-01,3.333333333333333037e+00
1.005139895914806914e-03,9.411764705882352811e-01,3.176470588235293935e+00
1.005141895914750351e-03,9.019607843137255054e-01,3.215686274509803599e+00
1.005143895914693787e-03,9.411764705882352811e-01,3.294117647058823373e+00
1.005145895914637223e-03,8.627450980392157298e-01,3.176470588235293935e+00
1.005147895914580659e-03,8.627450980392157298e-01,3.333333333333333037e+00
1.005149895914524095e-03,9.019607843137255054e-01,3.215686274509803599e+00
1.005151895914467531e-03,9.411764705882352811e-01,3.215686274509803599e+00
1.005153895914410967e-03,8.627450980392157298e-01,3.333333333333333037e+00
1.005155895914354404e-03,9.019607843137255054e-01,3.137254901960784270e+00
1.005157895914297840e-03,8.627450980392157298e-01,3.294117647058823373e+00
1.005159895914241276e-03,9.411764705882352811e-01,3.215686274509803599e+00
1.005161895914184712e-03,8.627450980392157298e-01,3.294117647058823373e+00
1.005163895914128148e-03,8.627450980392157298e-01,3.294117647058823373e+00
1.005165895914071584e-03,9.019607843137255054e-01,3.137254901960784270e+00
1.005167895914015020e-03,9.411764705882352811e-01,3.333333333333333037e+00
1.005169895913958457e-03,8.627450980392157298e-01,3.254901960784313708e+00
1.005171895913901893e-03,8.627450980392157298e-01,3.176470588235293935e+00
1.005173895913845329e-03,9.019607843137255054e-01,3.294117647058823373e+00
1.005175895913788765e-03,9.411764705882352811e-01,3.137254901960784270e+00
1.005177895913732201e-03,8.627450980392157298e-01,3.333333333333333037e+00
1.005179895913675637e-03,9.019607843137255054e-01,3.176470588235293935e+00
1.005181895913619073e-03,9.019607843137255054e-01,3.254901960784313708e+00
1.005183895913562509e-03,9.411764705882352811e-01,3.333333333333333037e+00
1.005185895913505946e-03,8.627450980392157298e-01,3.176470588235293935e+00
1.005187895913449382e-03,9.019607843137255054e-01,3.294117647058823373e+00
1.005189895913392818e-03,9.411764705882352811e-01,3.254901960784313708e+00
1.005191895913336254e-03,9.019607843137255054e-01,3.176470588235293935e+00
1.005193895913279690e-03,8.235294117647058432e-01,3.333333333333333037e+00
1.005195895913223126e-03,9.019607843137255054e-01,3.137254901960784270e+00
1.005197895913166562e-03,9.019607843137255054e-01,3.294117647058823373e+00
1.005199895913109999e-03,9.411764705882352811e-01,3.215686274509803599e+00
1.005201895913053435e-03,8.627450980392157298e-01,3.215686274509803599e+00
1.005203895912996871e-03,9.019607843137255054e-01,3.294117647058823373e+00
1.005205895912940307e-03,9.411764705882352811e-01,3.137254901960784270e+00
1.005207895912883743e-03,9.411764705882352811e-01,3.333333333333333037e+00
1.005209895912827179e-03,8.627450980392157298e-01,3.254901960784313708e+00
1.005211895912770615e-03,9.019607843137255054e-01,3.176470588235293935e+00
1.005213895912714052e-03,9.019607843137255054e-01,3.294117647058823373e+00
1.005215895912657488e-03,9.411764705882352811e-01,3.176470588235293935e+00
1.005217895912600924e-03,8.235294117647058432e-01,3.333333333333333037e+00
1.005219895912544360e-03,9.019607843137255054e-01,3.215686274509803599e+00
1.005221895912487796e-03,9.019607843137255054e-01,3.215686274509803599e+00
1.005223895912431232e-03,9.411764705882352811e-01,3.333333333333333037e+00
1.005225895912374668e-03,8.235294117647058432e-01,3.176470588235293935e+00
1.005227895912318105e-03,9.019607843137255054e-01,3.294117647058823373e+00
1.005229895912261541e-03,9.019607843137255054e-01,3.215686274509803599e+00
1.005231895912204977e-03,9.411764705882352811e-01,3.215686274509803599e+00
1.005233895912148413e-03,8.627450980392157298e-01,3.333333333333333037e+00
1.005235895912091849e-03,9.019607843137255054e-01,3.137254901960784270e+00
1.005237895912035285e-03,9.019607843137255054e-01,3.294117647058823373e+00
1.005239895911978721e-03,9.411764705882352811e-01,3.176470588235293935e+00
1.005241895911922157e-03,8.235294117647058432e-01,3.215686274509803599e+00
1.005243895911865594e-03,9.019607843137255054e-01,3.294117647058823373e+00
1.005245895911809030e-03,9.411764705882352811e-01,3.137254901960784270e+00
1.005247895911752466e-03,9.411764705882352811e-01,3.333333333333333037e+00
1.005249895911695902e-03,8.627450980392157298e-01,3.254901960784313708e+00
1.005251895911639338e-03,9.019607843137255054e-01,3.215686274509803599e+00
1.005253895911582774e-03,9.019607843137255054e-01,3.294117647058823373e+00
1.005255895911526210e-03,9.411764705882352811e-01,3.176470588235293935e+00
1.005257895911469647e-03,8.627450980392157298e-01,3.333333333333333037e+00
1.005259895911413083e-03,9.019607843137255054e-01,3.176470588235293935e+00
1.005261895911356519e-03,9.019607843137255054e-01,3.215686274509803599e+00
1.005263895911299955e-03,9.411764705882352811e-01,3.294117647058823373e+00
1.005265895911243391e-03,8.627450980392157298e-01,3.137254901960784270e+00
1.005267895911186827e-03,8.627450980392157298e-01,3.294117647058823373e+00
1.005269895911130263e-03,9.019607843137255054e-01,3.254901960784313708e+00
1.005271895911073700e-03,9.411764705882352811e-01,3.215686274509803599e+00
1.005273895911017136e-03,8.627450980392157298e-01,3.333333333333333037e+00
1.005275895910960572e-03,8.627450980392157298e-01,3.176470588235293935e+00
1.005277895910904008e-03,9.019607843137255054e-01,3.294117647058823373e+00
1.005279895910847444e-03,9.411764705882352811e-01,3.215686274509803599e+00
1.005281895910790880e-03,8.235294117647058432e-01,3.215686274509803599e+00
1.005283895910734316e-03,8.627450980392157298e-01,3.294117647058823373e+00
1.005285895910677752e-03,9.019607843137255054e-01,3.176470588235293935e+00
1.005287895910621189e-03,9.411764705882352811e-01,3.333333333333333037e+00
1.005289895910564625e-03,8.627450980392157298e-01,3.215686274509803599e+00
1.005291895910508061e-03,9.411764705882352811e-01,3.176470588235293935e+00
1.005293895910451497e-03,9.019607843137255054e-01,3.294117647058823373e+00
1.005295895910394933e-03,9.411764705882352811e-01,3.137254901960784270e+00
1.005297895910338369e-03,8.627450980392157298e-01,3.333333333333333037e+00
1.005299895910281805e-03,9.019607843137255054e-01,3.176470588235293935e+00
1.005301895910225242e-03,9.019607843137255054e-01,3.215686274509803599e+00
1.005303895910168678e-03,9.019607843137255054e-01,3.333333333333333037e+00
1.005305895910112114e-03,8.627450980392157298e-01,3.176470588235293935e+00
1.005307895910055550e-03,9.019607843137255054e-01,3.294117647058823373e+00
1.005309895909998986e-03,9.019607843137255054e-01,3.254901960784313708e+00
1.005311895909942422e-03,9.411764705882352811e-01,3.215686274509803599e+00
1.005313895909885858e-03,8.235294117647058432e-01,3.372549019607843146e+00
1.005315895909829295e-03,9.411764705882352811e-01,3.137254901960784270e+00
1.005317895909772731e-03,9.019607843137255054e-01,3.294117647058823373e+00
1.005319895909716167e-03,9.411764705882352811e-01,3.215686274509803599e+00
1.005321895909659603e-03,8.627450980392157298e-01,3.215686274509803599e+00
1.005323895909603039e-03,8.627450980392157298e-01,3.294117647058823373e+00
1.005325895909546475e-03,9.019607843137255054e-01,3.176470588235293935e+00
1.005327895909489911e-03,9.411764705882352811e-01,3.333333333333333037e+00
1.005329895909433347e-03,8.627450980392157298e-01,3.215686274509803599e+00
1.005331895909376784e-03,9.019607843137255054e-01,3.176470588235293935e+00
1.005333895909320220e-03,9.019607843137255054e-01,3.294117647058823373e+00
1.005335895909263656e-03,9.411764705882352811e-01,3.137254901960784270e+00
1.005337895909207092e-03,8.627450980392157298e-01,3.294117647058823373e+00
1.005339895909150528e-03,9.019607843137255054e-01,3.176470588235293935e+00
1.005341895909093964e-03,9.019607843137255054e-01,3.215686274509803599e+00
1.005343895909037400e-03,9.411764705882352811e-01,3.333333333333333037e+00
1.005345895908980837e-03,8.627450980392157298e-01,3.176470588235293935e+00
1.005347895908924273e-03,9.019607843137255054e-01,3.294117647058823373e+00
1.005349895908867709e-03,9.019607843137255054e-01,3.215686274509803599e+00
1.005351895908811145e-03,9.411764705882352811e-01,3.215686274509803599e+00
1.005353895908754581e-03,8.627450980392157298e-01,3.372549019607843146e+00
1.005355895908698017e-03,9.019607843137255054e-01,3.137254901960784270e+00
1.005357895908641453e-03,9.019607843137255054e-01,3.294117647058823373e+00
1.005359895908584890e-03,9.411764705882352811e-01,3.215686274509803599e+00
1.005361895908528326e-03,9.019607843137255054e-01,3.254901960784313708e+00
1.005363895908471762e-03,9.411764705882352811e-01,3.294117647058823373e+00
1.005365895908415198e-03,9.019607843137255054e-01,3.137254901960784270e+00
1.005367895908358634e-03,9.411764705882352811e-01,3.294117647058823373e+00
1.005369895908302070e-03,8.627450980392157298e-01,3.254901960784313708e+00
1.005371895908245506e-03,9.019607843137255054e-01,3.137254901960784270e+00
1.005373895908188943e-03,8.627450980392157298e-01,2.392156862745097978e+00
1.005375895908132379e-03,9.019607843137255054e-01,7.843137254901961786e-01
1.005377895908075815e-03,8.235294117647058432e-01,-1.960784313725490169e-01
1.005379895908019251e-03,8.235294117647058432e-01,-1.019607843137254832e+00
1.005381895907962687e-03,9.019607843137255054e-01,-7.450980392156862919e-01
1.005383895907906123e-03,9.411764705882352811e-01,-2.745098039215686514e-01
1.005385895907849559e-03,8.627450980392157298e-01,2.352941176470588203e-01
1.005387895907792995e-03,8.235294117647058432e-01,2.352941176470588203e-01
1.005389895907736432e-03,9.019607843137255054e-01,0.000000000000000000e+00
1.005391895907679868e-03,9.019607843137255054e-01,-3.921568627450980338e-02
1.005393895907623304e-03,8.627450980392157298e-01,3.921568627450980338e-02
1.005395895907566740e-03,9.019607843137255054e-01,-2.745098039215686514e-01
1.005397895907510176e-03,9.019607843137255054e-01,7.843137254901960675e-02
1.005399895907453612e-03,9.411764705882352811e-01,-3.921568627450980338e-02
1.005401895907397048e-03,9.019607843137255054e-01,-7.843137254901960675e-02
1.005403895907340485e-03,9.411764705882352811e-01,1.176470588235294101e-01
1.005405895907283921e-03,8.627450980392157298e-01,0.000000000000000000e+00
1.005407895907227357e-03,9.411764705882352811e-01,7.843137254901960675e-02
1.005409895907170793e-03,8.235294117647058432e-01,0.000000000000000000e+00
1.005411895907114229e-03,8.235294117647058432e-01,0.000000000000000000e+00
1.005413895907057665e-03,8.627450980392157298e-01,3.921568627450980338e-02
1.005415895907001101e-03,9.411764705882352811e-01,-1.568627450980392135e-01
1.005417895906944538e-03,8.627450980392157298e-01,7.843137254901960675e-02
1.005419895906887974e-03,9.019607843137255054e-01,0.000000000000000000e+00
1.005421895906831410e-03,9.019607843137255054e-01,0.000000000000000000e+00
1.005423895906774846e-03,9.411764705882352811e-01,0.000000000000000000e+00
1.005425895906718282e-03,9.019607843137255054e-01,-3.921568627450980338e-02
1.005427895906661718e-03,9.019607843137255054e-01,1.176470588235294101e-01
1.005429895906605154e-03,8.627450980392157298e-01,0.000000000000000000e+00
1.005431895906548590e-03,9.411764705882352811e-01,0.000000000000000000e+00
1.005433895906492027e-03,8.627450980392157298e-01,7.843137254901960675e-02
1.005435895906435463e-03,9.019607843137255054e-01,-1.568627450980392135e-01
1.005437895906378899e-03,9.019607843137255054e-01,1.568627450980392135e-01
1.005439895906322335e-03,9.411764705882352811e-01,-7.843137254901960675e-02
1.005441895906265771e-03,8.235294117647058432e-01,-3.921568627450980338e-02
1.005443895906209207e-03,8.627450980392157298e-01,3.921568627450980338e-02
1.005445895906152643e-03,9.019607843137255054e-01,-1.568627450980392135e-01
1.005447895906096080e-03,9.411764705882352811e-01,7.843137254901960675e-02
1.005449895906039516e-03,8.235294117647058432e-01,0.000000000000000000e+00
1.005451895905982952e-03,9.019607843137255054e-01,0.000000000000000000e+00
1.005453895905926388e-03,9.019607843137255054e-01,7.843137254901960675e-02
1.005455895905869824e-03,9.411764705882352811e-01,-7.843137254901960675e-02
1.005457895905813260e-03,8.235294117647058432e-01,7.843137254901960675e-02
1.005459895905756696e-03,8.627450980392157298e-01,0.000000000000000000e+00
1.005461895905700133e-03,9.019607843137255054e-01,3.921568627450980338e-02
1.005463895905643569e-03,9.411764705882352811e-01,3.921568627450980338e-02
1.005465895905587005e-03,8.627450980392157298e-01,-7.843137254901960675e-02
1.005467895905530441e-03,9.019607843137255054e-01,7.843137254901960675e-02
1.005469895905473877e-03,9.019607843137255054e-01,0.000000000000000000e+00
1.005471895905417313e-03,9.411764705882352811e-01,-7.843137254901960675e-02
1.005473895905360749e-03,8.235294117647058432e-01,7.843137254901960675e-02
1.005475895905304186e-03,8.627450980392157298e-01,-1.568627450980392135e-01
1.005477895905247622e-03,8.627450980392157298e-01,1.568627450980392135e-01
1.005479895905191058e-03,9.411764705882352811e-01,-3.921568627450980338e-02
1.005481895905134494e-03,8.627450980392157298e-01,0.000000000000000000e+00
1.005483895905077930e-03,9.019607843137255054e-01,9.411764705882352811e-01
1.005485895905021366e-03,9.019607843137255054e-01,2.627450980392156854e+00
1.005487895904964802e-03,9.411764705882352811e-01,3.686274509803921351e+00
1.005489895904908238e-03,8.627450980392157298e-01,4.352941176470588758e+00
1.005491895904851675e-03,8.627450980392157298e-01,3.960784313725489891e+00
1.005493895904795111e-03,9.019607843137255054e-01,3.568627450980391913e+00
1.005495895904738547e-03,9.411764705882352811e-01,2.901960784313725394e+00
1.005497895904681983e-03,8.627450980392157298e-01,3.137254901960784270e+00
1.005499895904625419e-03,8.627450980392157298e-01,3.215686274509803599e+00
1.005501895904568855e-03,9.411764705882352811e-01,3.176470588235293935e+00
1.005503895904512291e-03,9.411764705882352811e-01,3.215686274509803599e+00
1.005505895904455728e-03,8.235294117647058432e-01,3.294117647058823373e+00
1.005507895904399164e-03,8.235294117647058432e-01,3.294117647058823373e+00
1.005509895904342600e-03,8.627450980392157298e-01,3.254901960784313708e+00
1.005511895904286036e-03,9.411764705882352811e-01,3.333333333333333037e+00
1.005513895904229472e-03,8.235294117647058432e-01,3.333333333333333037e+00
1.005515895904172908e-03,9.019607843137255054e-01,2.980392156862744724e+00
1.005517895904116344e-03,9.019607843137255054e-01,3.333333333333333037e+00
1.005519895904059781e-03,9.411764705882352811e-01,3.254901960784313708e+00
1.005521895904003217e-03,8.627450980392157298e-01,3.254901960784313708e+00
1.005523895903946653e-03,8.627450980392157298e-01,3.294117647058823373e+00
1.005525895903890089e-03,9.019607843137255054e-01,3.254901960784313708e+00
1.005527895903833525e-03,9.411764705882352811e-01,3.254901960784313708e+00
1.005529895903776961e-03,8.627450980392157298e-01,3.215686274509803599e+00
1.005531895903720397e-03,8.627450980392157298e-01,3.176470588235293935e+00
1.005533895903663833e-03,9.411764705882352811e-01,3.294117647058823373e+00
1.005535895903607270e-03,9.411764705882352811e-01,3.176470588235293935e+00
1.005537895903550706e-03,8.235294117647058432e-01,3.294117647058823373e+00
1.005539895903494142e-03,9.019607843137255054e-01,3.176470588235293935e+00
1.005541895903437578e-03,9.019607843137255054e-01,3.215686274509803599e+00
1.005543895903381014e-03,9.411764705882352811e-01,3.294117647058823373e+00
1.005545895903324450e-03,8.627450980392157298e-01,3.176470588235293935e+00
1.005547895903267886e-03,9.411764705882352811e-01,3.333333333333333037e+00
1.005549895903211323e-03,9.019607843137255054e-01,3.215686274509803599e+00
1.005551895903154759e-03,9.411764705882352811e-01,3.215686274509803599e+00
1.005553895903098195e-03,8.627450980392157298e-01,3.372549019607843146e+00
1.005555895903041631e-03,9.019607843137255054e-01,3.137254901960784270e+00
1.005557895902985067e-03,9.019607843137255054e-01,3.333333333333333037e+00
1.005559895902928503e-03,9.411764705882352811e-01,3.215686274509803599e+00
1.005561895902871939e-03,8.627450980392157298e-01,3.215686274509803599e+00
1.005563895902815376e-03,8.627450980392157298e-01,3.254901960784313708e+00
1.005565895902758812e-03,9.411764705882352811e-01,3.137254901960784270e+00
1.005567895902702248e-03,9.411764705882352811e-01,3.333333333333333037e+00
1.005569895902645684e-03,8.627450980392157298e-01,3.215686274509803599e+00
1.005571895902589120e-03,9.019607843137255054e-01,3.176470588235293935e+00
1.005573895902532556e-03,9.019607843137255054e-01,3.294117647058823373e+00
1.005575895902475992e-03,9.411764705882352811e-01,3.137254901960784270e+00
1.005577895902419428e-03,8.235294117647058432e-01,3.333333333333333037e+00
1.005579895902362865e-03,9.019607843137255054e-01,3.176470588235293935e+00
1.005581895902306301e-03,9.019607843137255054e-01,3.215686274509803599e+00
1.005583895902249737e-03,9.411764705882352811e-01,3.294117647058823373e+00
1.005585895902193173e-03,9.019607843137255054e-01,3.176470588235293935e+00
1.005587895902136609e-03,8.627450980392157298e-01,3.294117647058823373e+00
1.005589895902080045e-03,9.019607843137255054e-01,3.215686274509803599e+00
1.005591895902023481e-03,9.411764705882352811e-01,3.215686274509803599e+00
1.005593895901966918e-03,8.235294117647058432e-01,3.333333333333333037e+00
1.005595895901910354e-03,9.019607843137255054e-01,3.137254901960784270e+00
1.005597895901853790e-03,9.019607843137255054e-01,3.294117647058823373e+00
1.005599895901797226e-03,9.411764705882352811e-01,3.215686274509803599e+00
1.005601895901740662e-03,8.627450980392157298e-01,3.215686274509803599e+00
1.005603895901684098e-03,9.019607843137255054e-01,3.294117647058823373e+00
1.005605895901627534e-03,9.019607843137255054e-01,3.137254901960784270e+00
1.005607895901570971e-03,9.411764705882352811e-01,3.333333333333333037e+00
1.005609895901514407e-03,8.627450980392157298e-01,3.254901960784313708e+00
1.005611895901457843e-03,9.019607843137255054e-01,3.215686274509803599e+00
1.005613895901401279e-03,8.627450980392157298e-01,3.294117647058823373e+00
1.005615895901344715e-03,9.411764705882352811e-01,3.137254901960784270e+00
1.005617895901288151e-03,8.627450980392157298e-01,3.333333333333333037e+00
1.005619895901231587e-03,9.019607843137255054e-01,3.176470588235293935e+00
1.005621895901175024e-03,9.411764705882352811e-01,3.215686274509803599e+00
1.005623895901118460e-03,9.019607843137255054e-01,3.294117647058823373e+00
1.005625895901061896e-03,8.627450980392157298e-01,3.176470588235293935e+00
1.005627895901005332e-03,8.235294117647058432e-01,3.294117647058823373e+00
1.005629895900948768e-03,9.019607843137255054e-01,3.215686274509803599e+00
1.005631895900892204e-03,9.411764705882352811e-01,3.176470588235293935e+00
1.005633895900835640e-03,8.627450980392157298e-01,3.333333333333333037e+00
1.005635895900779076e-03,9.019607843137255054e-01,3.137254901960784270e+00
1.005637895900722513e-03,9.019607843137255054e-01,3.294117647058823373e+00
1.005639895900665949e-03,9.411764705882352811e-01,3.215686274509803599e+00
1.005641895900609385e-03,8.627450980392157298e-01,3.215686274509803599e+00
1.005643895900552821e-03,9.019607843137255054e-01,3.294117647058823373e+00
1.005645895900496257e-03,9.019607843137255054e-01,3.176470588235293935e+00
1.005647895900439693e-03,9.411764705882352811e-01,3.372549019607843146e+00
1.005649895900383129e-03,8.235294117647058432e-01,3.254901960784313708e+00
1.005651895900326566e-03,9.019607843137255054e-01,3.215686274509803599e+00
1.005653895900270002e-03,9.411764705882352811e-01,3.294117647058823373e+00
1.005655895900213438e-03,9.411764705882352811e-01,3.137254901960784270e+00
1.005657895900156874e-03,8.627450980392157298e-01,3.333333333333333037e+00
1.005659895900100310e-03,8.627450980392157298e-01,3.176470588235293935e+00
1.005661895900043746e-03,9.019607843137255054e-01,3.254901960784313708e+00
1.005663895899987182e-03,9.411764705882352811e-01,3.333333333333333037e+00
1.005665895899930619e-03,8.235294117647058432e-01,3.176470588235293935e+00
1.005667895899874055e-03,8.627450980392157298e-01,3.294117647058823373e+00
1.005669895899817491e-03,9.019607843137255054e-01,3.215686274509803599e+00
1.005671895899760927e-03,9.411764705882352811e-01,3.176470588235293935e+00
1.005673895899704363e-03,8.627450980392157298e-01,3.294117647058823373e+00
1.005675895899647799e-03,9.411764705882352811e-01,3.137254901960784270e+00
1.005677895899591235e-03,9.019607843137255054e-01,3.294117647058823373e+00
1.005679895899534671e-03,9.411764705882352811e-01,3.176470588235293935e+00
1.005681895899478108e-03,8.627450980392157298e-01,3.215686274509803599e+00
1.005683895899421544e-03,9.019607843137255054e-01,3.294117647058823373e+00
1.005685895899364980e-03,9.019607843137255054e-01,3.176470588235293935e+00
1.005687895899308416e-03,9.411764705882352811e-01,3.333333333333333037e+00
1.005689895899251852e-03,8.235294117647058432e-01,3.294117647058823373e+00
1.005691895899195288e-03,9.019607843137255054e-01,3.176470588235293935e+00
1.005693895899138724e-03,9.019607843137255054e-01,3.294117647058823373e+00
1.005695895899082161e-03,9.411764705882352811e-01,3.137254901960784270e+00
1.005697895899025597e-03,8.235294117647058432e-01,3.294117647058823373e+00
1.005699895898969033e-03,9.019607843137255054e-01,3.176470588235293935e+00
1.005701895898912469e-03,9.019607843137255054e-01,3.176470588235293935e+00
1.005703895898855905e-03,9.411764705882352811e-01,3.254901960784313708e+00
1.005705895898799341e-03,8.627450980392157298e-01,3.176470588235293935e+00
1.005707895898742777e-03,8.235294117647058432e-01,3.294117647058823373e+00
1.005709895898686214e-03,9.019607843137255054e-01,3.176470588235293935e+00
1.005711895898629650e-03,9.019607843137255054e-01,3.176470588235293935e+00
1.005713895898573086e-03,8.627450980392157298e-01,3.372549019607843146e+00
1.005715895898516522e-03,8.627450980392157298e-01,3.137254901960784270e+00
1.005717895898459958e-03,9.411764705882352811e-01,3.294117647058823373e+00
1.005719895898403394e-03,9.411764705882352811e-01,3.215686274509803599e+00
1.005721895898346830e-03,8.627450980392157298e-01,3.215686274509803599e+00
1.005723895898290267e-03,8.627450980392157298e-01,3.294117647058823373e+00
1.005725895898233703e-03,9.019607843137255054e-01,3.137254901960784270e+00
1.005727895898177139e-03,9.411764705882352811e-01,3.333333333333333037e+00
1.005729895898120575e-03,8.627450980392157298e-01,3.254901960784313708e+00
1.005731895898064011e-03,9.019607843137255054e-01,3.176470588235293935e+00
1.005733895898007447e-03,9.019607843137255054e-01,3.294117647058823373e+00
1.005735895897950883e-03,9.411764705882352811e-01,3.137254901960784270e+00
1.005737895897894319e-03,8.627450980392157298e-01,3.294117647058823373e+00
1.005739895897837756e-03,9.019607843137255054e-01,3.215686274509803599e+00
1.005741895897781192e-03,9.019607843137255054e-01,3.215686274509803599e+00
1.005743895897724628e-03,9.411764705882352811e-01,3.294117647058823373e+00
1.005745895897668064e-03,8.627450980392157298e-01,3.176470588235293935e+00
1.005747895897611500e-03,8.627450980392157298e-01,3.294117647058823373e+00
1.005749895897554936e-03,9.019607843137255054e-01,3.215686274509803599e+00
1.005751895897498372e-03,9.411764705882352811e-01,3.176470588235293935e+00
1.005753895897441809e-03,8.627450980392157298e-01,3.333333333333333037e+00
1.005755895897385245e-03,9.019607843137255054e-01,3.098039215686274161e+00
1.005757895897328681e-03,9.019607843137255054e-01,3.294117647058823373e+00
1.005759895897272117e-03,9.411764705882352811e-01,3.215686274509803599e+00
1.005761895897215553e-03,8.235294117647058432e-01,3.215686274509803599e+00
1.005763895897158989e-03,9.019607843137255054e-01,3.294117647058823373e+00
1.005765895897102425e-03,9.411764705882352811e-01,3.176470588235293935e+00
1.005767895897045862e-03,9.411764705882352811e-01,3.294117647058823373e+00
1.005769895896989298e-03,8.627450980392157298e-01,3.215686274509803599e+00
1.005771895896932734e-03,8.627450980392157298e-01,3.176470588235293935e+00
1.005773895896876170e-03,8.235294117647058432e-01,3.294117647058823373e+00
1.005775895896819606e-03,9.019607843137255054e-01,3.137254901960784270e+00
1.005777895896763042e-03,8.235294117647058432e-01,3.333333333333333037e+00
1.005779895896706478e-03,8.627450980392157298e-01,3.215686274509803599e+00
1.005781895896649914e-03,9.019607843137255054e-01,3.215686274509803599e+00
1.005783895896593351e-03,9.411764705882352811e-01,3.333333333333333037e+00
1.005785895896536787e-03,8.627450980392157298e-01,3.176470588235293935e+00
1.005787895896480223e-03,9.019607843137255054e-01,3.294117647058823373e+00
1.005789895896423659e-03,9.019607843137255054e-01,3.215686274509803599e+00
1.005791895896367095e-03,9.411764705882352811e-01,3.215686274509803599e+00
1.005793895896310531e-03,8.235294117647058432e-01,3.333333333333333037e+00
1.005795895896253967e-03,8.627450980392157298e-01,3.137254901960784270e+00
1.005797895896197404e-03,8.627450980392157298e-01,3.294117647058823373e+00
1.005799895896140840e-03,9.411764705882352811e-01,3.215686274509803599e+00
1.005801895896084276e-03,8.235294117647058432e-01,3.215686274509803599e+00
1.005803895896027712e-03,9.019607843137255054e-01,3.294117647058823373e+00
1.005805895895971148e-03,9.411764705882352811e-01,3.176470588235293935e+00
1.005807895895914584e-03,9.411764705882352811e-01,3.333333333333333037e+00
1.005809895895858020e-03,8.627450980392157298e-01,3.215686274509803599e+00
1.005811895895801457e-03,8.235294117647058432e-01,3.215686274509803599e+00
1.005813895895744893e-03,8.627450980392157298e-01,3.294117647058823373e+00
1.005815895895688329e-03,9.019607843137255054e-01,3.176470588235293935e+00
1.005817895895631765e-03,8.235294117647058432e-01,3.294117647058823373e+00
1.005819895895575201e-03,9.019607843137255054e-01,3.176470588235293935e+00
1.005821895895518637e-03,9.019607843137255054e-01,3.176470588235293935e+00
1.005823895895462073e-03,9.411764705882352811e-01,2.470588235294117307e+00
1.005825895895405509e-03,8.627450980392157298e-01,7.843137254901961786e-01
1.005827895895348946e-03,8.627450980392157298e-01,-2.352941176470588203e-01
1.005829895895292382e-03,9.411764705882352811e-01,-9.803921568627451677e-01
1.005831895895235818e-03,9.411764705882352811e-01,-7.450980392156862919e-01
1.005833895895179254e-03,8.235294117647058432e-01,-2.352941176470588203e-01
1.005835895895122690e-03,8.627450980392157298e-01,1.960784313725490446e-01
1.005837895895066126e-03,9.019607843137255054e-01,1.960784313725490446e-01
1.005839895895009562e-03,9.803921568627450567e-01,3.921568627450980338e-02
1.005841895894952999e-03,8.627450980392157298e-01,0.000000000000000000e+00
1.005843895894896435e-03,9.019607843137255054e-01,3.921568627450980338e-02
1.005845895894839871e-03,9.411764705882352811e-01,-1.960784313725490169e-01
1.005847895894783307e-03,9.411764705882352811e-01,7.843137254901960675e-02
1.005849895894726743e-03,8.235294117647058432e-01,-3.921568627450980338e-02
1.005851895894670179e-03,9.019607843137255054e-01,-1.568627450980392135e-01
1.005853895894613615e-03,9.019607843137255054e-01,1.176470588235294101e-01
1.005855895894557052e-03,9.411764705882352811e-01,0.000000000000000000e+00
1.005857895894500488e-03,8.627450980392157298e-01,7.843137254901960675e-02
1.005859895894443924e-03,9.019607843137255054e-01,-1.568627450980392135e-01
1.005861895894387360e-03,9.019607843137255054e-01,0.000000000000000000e+00
1.005863895894330796e-03,9.411764705882352811e-01,0.000000000000000000e+00
1.005865895894274232e-03,8.235294117647058432e-01,-3.921568627450980338e-02
1.005867895894217668e-03,8.627450980392157298e-01,7.843137254901960675e-02
1.005869895894161105e-03,8.627450980392157298e-01,0.000000000000000000e+00
1.005871895894104541e-03,9.411764705882352811e-01,-7.843137254901960675e-02
1.005873895894047977e-03,8.627450980392157298e-01,3.921568627450980338e-02
1.005875895893991413e-03,9.019607843137255054e-01,-1.568627450980392135e-01
1.005877895893934849e-03,9.019607843137255054e-01,1.176470588235294101e-01
1.005879895893878285e-03,9.411764705882352811e-01,-3.921568627450980338e-02
1.005881895893821721e-03,8.627450980392157298e-01,-3.921568627450980338e-02
1.005883895893765157e-03,9.019607843137255054e-01,7.843137254901960675e-02
1.005885895893708594e-03,8.627450980392157298e-01,-3.921568627450980338e-02
1.005887895893652030e-03,9.019607843137255054e-01,3.921568627450980338e-02
1.005889895893595466e-03,8.235294117647058432e-01,0.000000000000000000e+00
1.005891895893538902e-03,8.627450980392157298e-01,0.000000000000000000e+00
1.005893895893482338e-03,9.019607843137255054e-01,3.921568627450980338e-02
1.005895895893425774e-03,9.411764705882352811e-01,-7.843137254901960675e-02
1.005897895893369210e-03,8.627450980392157298e-01,7.843137254901960675e-02
1.005899895893312647e-03,9.019607843137255054e-01,0.000000000000000000e+00
1.005901895893256083e-03,8.627450980392157298e-01,3.921568627450980338e-02
1.005903895893199519e-03,9.411764705882352811e-01,3.921568627450980338e-02
1.005905895893142955e-03,8.627450980392157298e-01,-7.843137254901960675e-02
1.005907895893086391e-03,8.627450980392157298e-01,3.921568627450980338e-02
1.005909895893029827e-03,9.019607843137255054e-01,0.000000000000000000e+00
1.005911895892973263e-03,9.411764705882352811e-01,-3.921568627450980338e-02
1.005913895892916700e-03,8.627450980392157298e-01,7.843137254901960675e-02
1.005915895892860136e-03,9.019607843137255054e-01,-1.568627450980392135e-01
1.005917895892803572e-03,9.019607843137255054e-01,1.176470588235294101e-01
1.005919895892747008e-03,9.411764705882352811e-01,-3.921568627450980338e-02
1.005921895892690444e-03,8.235294117647058432e-01,-3.921568627450980338e-02
1.005923895892633880e-03,9.019607843137255054e-01,3.921568627450980338e-02
1.005925895892577316e-03,9.019607843137255054e-01,-7.843137254901960675e-02
1.005927895892520752e-03,9.411764705882352811e-01,7.843137254901960675e-02
1.005929895892464189e-03,8.627450980392157298e-01,0.000000000000000000e+00
1.005931895892407625e-03,9.019607843137255054e-01,0.000000000000000000e+00
1.005933895892351061e-03,8.627450980392157298e-01,7.843137254901960675e-02
1.005935895892294497e-03,9.411764705882352811e-01,-7.843137254901960675e-02
1.005937895892237933e-03,8.235294117647058432e-01,7.843137254901960675e-02
1.005939895892181369e-03,9.019607843137255054e-01,-7.843137254901960675e-02
1.005941895892124805e-03,9.019607843137255054e-01,7.843137254901960675e-02
1.005943895892068242e-03,9.411764705882352811e-01,3.921568627450980338e-02
1.005945895892011678e-03,8.627450980392157298e-01,-7.843137254901960675e-02
1.005947895891955114e-03,8.627450980392157298e-01,3.921568627450980338e-02
1.005949895891898550e-03,9.019607843137255054e-01,-3.921568627450980338e-02
1.005951895891841986e-03,9.411764705882352811e-01,0.000000000000000000e+00
1.005953895891785422e-03,8.627450980392157298e-01,7.843137254901960675e-02
1.005955895891728858e-03,8.627450980392157298e-01,-1.568627450980392135e-01
1.005957895891672295e-03,9.019607843137255054e-01,1.176470588235294101e-01
1.005959895891615731e-03,9.411764705882352811e-01,-7.843137254901960675e-02
1.005961895891559167e-03,8.627450980392157298e-01,-3.921568627450980338e-02
1.005963895891502603e-03,9.019607843137255054e-01,7.843137254901960675e-02
1.005965895891446039e-03,9.411764705882352811e-01,-3.921568627450980338e-02
1.005967895891389475e-03,9.411764705882352811e-01,7.843137254901960675e-02
1.005969895891332911e-03,8.627450980392157298e-01,0.000000000000000000e+00
1.005971895891276347e-03,8.627450980392157298e-01,0.000000000000000000e+00
1.005973895891219784e-03,8.627450980392157298e-01,7.843137254901960675e-02
1.005975895891163220e-03,9.411764705882352811e-01,-7.843137254901960675e-02
1.005977895891106656e-03,8.235294117647058432e-01,3.921568627450980338e-02
1.005979895891050092e-03,9.411764705882352811e-01,0.000000000000000000e+00
1.005981895890993528e-03,9.019607843137255054e-01,0.000000000000000000e+00
1.005983895890936964e-03,9.411764705882352811e-01,3.921568627450980338e-02
1.005985895890880400e-03,8.627450980392157298e-01,-7.843137254901960675e-02
1.005987895890823837e-03,9.019607843137255054e-01,3.921568627450980338e-02
1.005989895890767273e-03,9.019607843137255054e-01,-3.921568627450980338e-02
1.005991895890710709e-03,9.411764705882352811e-01,-3.921568627450980338e-02
1.005993895890654145e-03,8.627450980392157298e-01,7.843137254901960675e-02
1.005995895890597581e-03,9.019607843137255054e-01,-1.568627450980392135e-01
1.005997895890541017e-03,9.019607843137255054e-01,1.568627450980392135e-01
1.005999895890484453e-03,9.411764705882352811e-01,-3.921568627450980338e-02
1.006001895890427890e-03,8.235294117647058432e-01,-3.921568627450980338e-02
1.006003895890371326e-03,9.019607843137255054e-01,7.843137254901960675e-02
1.006005895890314762e-03,9.411764705882352811e-01,-3.921568627450980338e-02
1.006007895890258198e-03,9.411764705882352811e-01,7.843137254901960675e-02
1.006009895890201634e-03,8.627450980392157298e-01,0.000000000000000000e+00
1.006011895890145070e-03,8.627450980392157298e-01,0.000000000000000000e+00
1.006013895890088506e-03,8.627450980392157298e-01,7.843137254901960675e-02
1.006015895890031943e-03,9.411764705882352811e-01,-7.843137254901960675e-02
1.006017895889975379e-03,8.627450980392157298e-01,3.921568627450980338e-02
1.006019895889918815e-03,9.411764705882352811e-01,0.000000000000000000e+00
1.006021895889862251e-03,9.019607843137255054e-01,7.843137254901960675e-02
1.006023895889805687e-03,9.411764705882352811e-01,3.921568627450980338e-02
1.006025895889749123e-03,8.627450980392157298e-01,-7.843137254901960675e-02
1.006027895889692559e-03,8.627450980392157298e-01,7.843137254901960675e-02
1.006029895889635995e-03,9.411764705882352811e-01,-3.921568627450980338e-02
1.006031895889579432e-03,9.411764705882352811e-01,0.000000000000000000e+00
1.006033895889522868e-03,8.627450980392157298e-01,7.843137254901960675e-02
1.006035895889466304e-03,9.019607843137255054e-01,-1.568627450980392135e-01
1.006037895889409740e-03,9.019607843137255054e-01,1.176470588235294101e-01
1.006039895889353176e-03,9.411764705882352811e-01,-3.921568627450980338e-02
1.006041895889296612e-03,8.627450980392157298e-01,0.000000000000000000e+00
1.006043895889240048e-03,9.019607843137255054e-01,3.921568627450980338e-02
1.006045895889183485e-03,9.411764705882352811e-01,-3.921568627450980338e-02
1.006047895889126921e-03,9.411764705882352811e-01,7.843137254901960675e-02
1.006049895889070357e-03,8.627450980392157298e-01,0.000000000000000000e+00
1.006051895889013793e-03,8.627450980392157298e-01,0.000000000000000000e+00
1.006053895888957229e-03,9.019607843137255054e-01,7.843137254901960675e-02
1.006055895888900665e-03,9.411764705882352811e-01,-7.843137254901960675e-02
1.006057895888844101e-03,8.627450980392157298e-01,7.843137254901960675e-02
1.006059895888787538e-03,9.019607843137255054e-01,0.000000000000000000e+00
1.006061895888730974e-03,9.411764705882352811e-01,3.921568627450980338e-02
1.006063895888674410e-03,9.411764705882352811e-01,7.843137254901960675e-02
1.006065895888617846e-03,8.627450980392157298e-01,-7.843137254901960675e-02
1.006067895888561282e-03,9.019607843137255054e-01,7.843137254901960675e-02
1.006069895888504718e-03,9.019607843137255054e-01,0.000000000000000000e+00
1.006071895888448154e-03,9.411764705882352811e-01,-3.921568627450980338e-02
1.006073895888391590e-03,8.235294117647058432e-01,7.843137254901960675e-02
1.006075895888335027e-03,9.411764705882352811e-01,-1.568627450980392135e-01
1.006077895888278463e-03,9.019607843137255054e-01,1.176470588235294101e-01
1.006079895888221899e-03,9.411764705882352811e-01,0.000000000000000000e+00
1.006081895888165335e-03,8.627450980392157298e-01,-7.843137254901960675e-02
1.006083895888108771e-03,8.235294117647058432e-01,7.843137254901960675e-02
1.006085895888052207e-03,9.411764705882352811e-01,-1.568627450980392135e-01
1.006087895887995643e-03,9.411764705882352811e-01,7.843137254901960675e-02
1.006089895887939080e-03,8.627450980392157298e-01,0.000000000000000000e+00
1.006091895887882516e-03,8.627450980392157298e-01,0.000000000000000000e+00
1.006093895887825952e-03,9.019607843137255054e-01,1.176470588235294101e-01
1.006095895887769388e-03,9.411764705882352811e-01,-7.843137254901960675e-02
1.006097895887712824e-03,8.235294117647058432e-01,3.921568627450980338e-02
1.006099895887656260e-03,9.019607843137255054e-01,0.000000000000000000e+00
1.006101895887599696e-03,9.019607843137255054e-01,0.000000000000000000e+00
1.006103895887543133e-03,9.411764705882352811e-01,7.843137254901960675e-02
1.006105895887486569e-03,8.627450980392157298e-01,-7.843137254901960675e-02
1.006107895887430005e-03,8.627450980392157298e-01,1.176470588235294101e-01
1.006109895887373441e-03,9.019607843137255054e-01,-3.921568627450980338e-02
1.006111895887316877e-03,9.411764705882352811e-01,-3.921568627450980338e-02
1.006113895887260313e-03,9.019607843137255054e-01,7.843137254901960675e-02
1.006115895887203749e-03,9.019607843137255054e-01,-1.960784313725490169e-01
1.006117895887147186e-03,9.019607843137255054e-01,1.176470588235294101e-01
1.006119895887090622e-03,9.411764705882352811e-01,0.000000000000000000e+00
1.006121895887034058e-03,8.235294117647058432e-01,-3.921568627450980338e-02
1.006123895886977494e-03,9.019607843137255054e-01,7.843137254901960675e-02
1.006125895886920930e-03,9.411764705882352811e-01,-3.921568627450980338e-02
1.006127895886864366e-03,9.411764705882352811e-01,7.843137254901960675e-02
1.006129895886807802e-03,8.627450980392157298e-01,0.000000000000000000e+00
1.006131895886751238e-03,9.019607843137255054e-01,3.921568627450980338e-02
1.006133895886694675e-03,9.019607843137255054e-01,7.843137254901960675e-02
1.006135895886638111e-03,9.411764705882352811e-01,-7.843137254901960675e-02
1.006137895886581547e-03,8.627450980392157298e-01,3.921568627450980338e-02
1.006139895886524983e-03,8.627450980392157298e-01,0.000000000000000000e+00
1.006141895886468419e-03,9.019607843137255054e-01,7.843137254901960675e-02
1.006143895886411855e-03,9.411764705882352811e-01,3.921568627450980338e-02
1.006145895886355291e-03,8.627450980392157298e-01,-3.921568627450980338e-02
1.006147895886298728e-03,8.235294117647058432e-01,1.176470588235294101e-01
1.006149895886242164e-03,9.019607843137255054e-01,-3.921568627450980338e-02
1.006151895886185600e-03,9.411764705882352811e-01,-3.921568627450980338e-02
1.006153895886129036e-03,8.627450980392157298e-01,7.843137254901960675e-02
1.006155895886072472e-03,8.627450980392157298e-01,-1.568627450980392135e-01
1.006157895886015908e-03,8.627450980392157298e-01,1.176470588235294101e-01
1.006159895885959344e-03,9.411764705882352811e-01,0.000000000000000000e+00
1.006161895885902781e-03,8.235294117647058432e-01,-3.921568627450980338e-02
1.006163895885846217e-03,8.627450980392157298e-01,7.843137254901960675e-02
1.006165895885789653e-03,9.019607843137255054e-01,-3.921568627450980338e-02
1.006167895885733089e-03,9.019607843137255054e-01,7.843137254901960675e-02
1.006169895885676525e-03,8.627450980392157298e-01,0.000000000000000000e+00
1.006171895885619961e-03,9.019607843137255054e-01,3.921568627450980338e-02
1.006173895885563397e-03,9.411764705882352811e-01,1.176470588235294101e-01
1.006175895885506833e-03,9.411764705882352811e-01,-7.843137254901960675e-02
1.006177895885450270e-03,8.627450980392157298e-01,7.843137254901960675e-02
1.006179895885393706e-03,9.411764705882352811e-01,0.000000000000000000e+00
1.006181895885337142e-03,9.019607843137255054e-01,3.921568627450980338e-02
1.006183895885280578e-03,9.411764705882352811e-01,3.921568627450980338e-02
1.006185895885224014e-03,9.019607843137255054e-01,-3.921568627450980338e-02
1.006187895885167450e-03,9.019607843137255054e-01,7.843137254901960675e-02
1.006189895885110886e-03,9.411764705882352811e-01,0.000000000000000000e+00
1.006191895885054323e-03,9.411764705882352811e-01,-7.843137254901960675e-02
1.006193895884997759e-03,8.627450980392157298e-01,7.843137254901960675e-02
1.006195895884941195e-03,9.411764705882352811e-01,-1.568627450980392135e-01
1.006197895884884631e-03,9.019607843137255054e-01,7.843137254901960675e-02
1.006199895884828067e-03,9.411764705882352811e-01,-3.921568627450980338e-02
1.006201895884771503e-03,8.627450980392157298e-01,-7.843137254901960675e-02
1.006203895884714939e-03,8.627450980392157298e-01,7.843137254901960675e-02
1.006205895884658376e-03,9.019607843137255054e-01,-3.921568627450980338e-02
1.006207895884601812e-03,9.411764705882352811e-01,7.843137254901960675e-02
1.006209895884545248e-03,8.627450980392157298e-01,0.000000000000000000e+00
1.006211895884488684e-03,9.019607843137255054e-01,0.000000000000000000e+00
1.006213895884432120e-03,9.019607843137255054e-01,7.843137254901960675e-02
1.006215895884375556e-03,9.411764705882352811e-01,-7.843137254901960675e-02
1.006217895884318992e-03,8.627450980392157298e-01,3.921568627450980338e-02
1.006219895884262428e-03,9.019607843137255054e-01,0.000000000000000000e+00
1.006221895884205865e-03,9.411764705882352811e-01,7.843137254901960675e-02
1.006223895884149301e-03,9.411764705882352811e-01,7.843137254901960675e-02
1.006225895884092737e-03,8.627450980392157298e-01,-3.921568627450980338e-02
1.006227895884036173e-03,9.019607843137255054e-01,7.843137254901960675e-02
1.006229895883979609e-03,8.627450980392157298e-01,0.000000000000000000e+00
1.006231895883923045e-03,9.411764705882352811e-01,-3.921568627450980338e-02
1.006233895883866481e-03,8.627450980392157298e-01,7.843137254901960675e-02
1.006235895883809918e-03,8.627450980392157298e-01,-1.568627450980392135e-01
1.006237895883753354e-03,9.019607843137255054e-01,1.176470588235294101e-01
1.006239895883696790e-03,9.411764705882352811e-01,0.000000000000000000e+00
1.006241895883640226e-03,8.627450980392157298e-01,-3.921568627450980338e-02
1.006243895883583662e-03,8.235294117647058432e-01,7.843137254901960675e-02
1.006245895883527098e-03,9.019607843137255054e-01,-7.843137254901960675e-02
1.006247895883470534e-03,9.019607843137255054e-01,7.843137254901960675e-02
1.006249895883413971e-03,8.627450980392157298e-01,0.000000000000000000e+00
1.006251895883357407e-03,8.235294117647058432e-01,0.000000000000000000e+00
1.006253895883300843e-03,9.019607843137255054e-01,7.843137254901960675e-02
1.006255895883244279e-03,9.411764705882352811e-01,-7.843137254901960675e-02
1.006257895883187715e-03,7.843137254901960675e-01,3.921568627450980338e-02
1.006259895883131151e-03,9.019607843137255054e-01,0.000000000000000000e+00
1.006261895883074587e-03,9.019607843137255054e-01,3.921568627450980338e-02
1.006263895883018024e-03,9.411764705882352811e-01,7.843137254901960675e-02
1.006265895882961460e-03,8.235294117647058432e-01,-7.843137254901960675e-02
1.006267895882904896e-03,8.627450980392157298e-01,7.843137254901960675e-02
1.006269895882848332e-03,9.019607843137255054e-01,-3.921568627450980338e-02
1.006271895882791768e-03,9.411764705882352811e-01,-3.921568627450980338e-02
1.006273895882735204e-03,8.627450980392157298e-01,7.843137254901960675e-02
1.006275895882678640e-03,9.019607843137255054e-01,-1.568627450980392135e-01
1.006277895882622076e-03,9.019607843137255054e-01,1.176470588235294101e-01
1.006279895882565513e-03,9.411764705882352811e-01,-3.921568627450980338e-02
1.006281895882508949e-03,8.627450980392157298e-01,0.000000000000000000e+00
1.006283895882452385e-03,9.019607843137255054e-01,3.921568627450980338e-02
1.006285895882395821e-03,9.411764705882352811e-01,-7.843137254901960675e-02
1.006287895882339257e-03,9.411764705882352811e-01,3.921568627450980338e-02
1.006289895882282693e-03,9.019607843137255054e-01,0.000000000000000000e+00
1.006291895882226129e-03,9.411764705882352811e-01,0.000000000000000000e+00
1.006293895882169566e-03,9.019607843137255054e-01,7.843137254901960675e-02
1.006295895882113002e-03,9.411764705882352811e-01,-7.843137254901960675e-02
1.006297895882056438e-03,8.627450980392157298e-01,7.843137254901960675e-02
1.006299895881999874e-03,9.019607843137255054e-01,0.000000000000000000e+00
1.006301895881943310e-03,8.627450980392157298e-01,0.000000000000000000e+00
1.006303895881886746e-03,9.411764705882352811e-01,7.843137254901960675e-02
1.006305895881830182e-03,8.627450980392157298e-01,-7.843137254901960675e-02
1.006307895881773619e-03,9.019607843137255054e-01,7.843137254901960675e-02
1.006309895881717055e-03,9.019607843137255054e-01,0.000000000000000000e+00
1.006311895881660491e-03,9.411764705882352811e-01,-3.921568627450980338e-02
1.006313895881603927e-03,8.627450980392157298e-01,7.843137254901960675e-02
1.006315895881547363e-03,9.019607843137255054e-01,-7.843137254901960675e-02
1.006317895881490799e-03,9.019607843137255054e-01,7.843137254901960675e-02
1.006319895881434235e-03,9.411764705882352811e-01,0.000000000000000000e+00
1.006321895881377671e-03,8.627450980392157298e-01,-3.921568627450980338e-02
1.006323895881321108e-03,9.019607843137255054e-01,7.843137254901960675e-02
1.006325895881264544e-03,9.411764705882352811e-01,-7.843137254901960675e-02
1.006327895881207980e-03,9.411764705882352811e-01,7.843137254901960675e-02
1.006329895881151416e-03,8.627450980392157298e-01,0.000000000000000000e+00
1.006331895881094852e-03,8.627450980392157298e-01,0.000000000000000000e+00
1.006333895881038288e-03,9.019607843137255054e-01,1.176470588235294101e-01
1.006335895880981724e-03,9.411764705882352811e-01,-7.843137254901960675e-02
1.006337895880925161e-03,8.627450980392157298e-01,7.843137254901960675e-02
1.006339895880868597e-03,8.235294117647058432e-01,0.000000000000000000e+00
1.006341895880812033e-03,9.019607843137255054e-01,3.921568627450980338e-02
1.006343895880755469e-03,9.411764705882352811e-01,7.843137254901960675e-02
1.006345895880698905e-03,8.627450980392157298e-01,-1.568627450980392135e-01
1.006347895880642341e-03,8.627450980392157298e-01,0.000000000000000000e+00
1.006349895880585777e-03,8.627450980392157298e-01,-3.921568627450980338e-02
1.006351895880529214e-03,9.411764705882352811e-01,7.843137254901960675e-02
1.006353895880472650e-03,8.627450980392157298e-01,2.352941176470588203e-01
1.006355895880416086e-03,8.235294117647058432e-01,0.000000000000000000e+00
1.006357895880359522e-03,8.627450980392157298e-01,3.921568627450980338e-02
1.006359895880302958e-03,9.411764705882352811e-01,-2.745098039215686514e-01
1.006361895880246394e-03,8.235294117647058432e-01,-1.960784313725490169e-01
1.006363895880189830e-03,9.019607843137255054e-01,7.843137254901960675e-02
1.006365895880133267e-03,9.019607843137255054e-01,-3.921568627450980338e-02
1.006367895880076703e-03,9.411764705882352811e-01,1.568627450980392135e-01
1.006369895880020139e-03,8.627450980392157298e-01,0.000000000000000000e+00
1.006371895879963575e-03,9.019607843137255054e-01,0.000000000000000000e+00
1.006373895879907011e-03,9.019607843137255054e-01,1.568627450980392135e-01
1.006375895879850447e-03,9.019607843137255054e-01,0.000000000000000000e+00
1.006377895879793883e-03,8.627450980392157298e-01,7.843137254901960675e-02
1.006379895879737319e-03,8.627450980392157298e-01,0.000000000000000000e+00
1.006381895879680756e-03,9.019607843137255054e-01,3.921568627450980338e-02
1.006383895879624192e-03,9.411764705882352811e-01,3.921568627450980338e-02
1.006385895879567628e-03,8.627450980392157298e-01,-7.843137254901960675e-02
1.006387895879511064e-03,8.627450980392157298e-01,3.921568627450980338e-02
1.006389895879454500e-03,9.019607843137255054e-01,-3.921568627450980338e-02
1.006391895879397936e-03,9.411764705882352811e-01,-7.843137254901960675e-02
1.006393895879341372e-03,8.235294117647058432e-01,7.843137254901960675e-02
1.006395895879284809e-03,9.019607843137255054e-01,-7.843137254901960675e-02
1.006397895879228245e-03,9.019607843137255054e-01,1.176470588235294101e-01
1.006399895879171681e-03,9.411764705882352811e-01,0.000000000000000000e+00
1.006401895879115117e-03,8.627450980392157298e-01,0.000000000000000000e+00
1.006403895879058553e-03,9.019607843137255054e-01,7.843137254901960675e-02
1.006405895879001989e-03,9.019607843137255054e-01,-7.843137254901960675e-02
1.006407895878945425e-03,9.411764705882352811e-01,7.843137254901960675e-02
1.006409895878888862e-03,9.411764705882352811e-01,0.000000000000000000e+00
1.006411895878832298e-03,9.019607843137255054e-01,0.000000000000000000e+00
1.006413895878775734e-03,9.019607843137255054e-01,7.843137254901960675e-02
1.006415895878719170e-03,9.411764705882352811e-01,-7.843137254901960675e-02
1.006417895878662606e-03,8.627450980392157298e-01,3.921568627450980338e-02
1.006419895878606042e-03,9.019607843137255054e-01,0.000000000000000000e+00
1.006421895878549478e-03,9.019607843137255054e-01,3.921568627450980338e-02
1.006423895878492914e-03,9.411764705882352811e-01,3.921568627450980338e-02
1.006425895878436351e-03,8.235294117647058432e-01,-7.843137254901960675e-02
1.006427895878379787e-03,9.019607843137255054e-01,3.921568627450980338e-02
1.006429895878323223e-03,9.019607843137255054e-01,0.000000000000000000e+00
1.006431895878266659e-03,9.411764705882352811e-01,0.000000000000000000e+00
1.006433895878210095e-03,8.627450980392157298e-01,7.843137254901960675e-02
1.006435895878153531e-03,9.411764705882352811e-01,-1.568627450980392135e-01
1.006437895878096967e-03,9.019607843137255054e-01,7.843137254901960675e-02
1.006439895878040404e-03,9.411764705882352811e-01,0.000000000000000000e+00
1.006441895877983840e-03,8.627450980392157298e-01,-7.843137254901960675e-02
1.006443895877927276e-03,8.627450980392157298e-01,1.176470588235294101e-01
1.006445895877870712e-03,9.411764705882352811e-01,-7.843137254901960675e-02
1.006447895877814148e-03,9.411764705882352811e-01,7.843137254901960675e-02
1.006449895877757584e-03,8.627450980392157298e-01,0.000000000000000000e+00
1.006451895877701020e-03,8.627450980392157298e-01,0.000000000000000000e+00
1.006453895877644457e-03,8.627450980392157298e-01,7.843137254901960675e-02
1.006455895877587893e-03,9.411764705882352811e-01,-3.921568627450980338e-02
1.006457895877531329e-03,8.627450980392157298e-01,7.843137254901960675e-02
1.006459895877474765e-03,9.019607843137255054e-01,0.000000000000000000e+00
1.006461895877418201e-03,9.019607843137255054e-01,3.921568627450980338e-02
1.006463895877361637e-03,9.411764705882352811e-01,3.921568627450980338e-02
1.006465895877305073e-03,9.019607843137255054e-01,-7.843137254901960675e-02
1.006467895877248509e-03,8.627450980392157298e-01,3.921568627450980338e-02
1.006469895877191946e-03,9.411764705882352811e-01,0.000000000000000000e+00
1.006471895877135382e-03,9.411764705882352811e-01,-3.921568627450980338e-02
1.006473895877078818e-03,9.019607843137255054e-01,7.843137254901960675e-02
1.006475895877022254e-03,9.019607843137255054e-01,-7.843137254901960675e-02
1.006477895876965690e-03,9.019607843137255054e-01,1.176470588235294101e-01
1.006479895876909126e-03,9.411764705882352811e-01,-3.921568627450980338e-02
1.006481895876852562e-03,8.235294117647058432e-01,-3.921568627450980338e-02
1.006483895876795999e-03,8.627450980392157298e-01,7.843137254901960675e-02
1.006485895876739435e-03,9.019607843137255054e-01,-3.921568627450980338e-02
1.006487895876682871e-03,9.411764705882352811e-01,7.843137254901960675e-02
1.006489895876626307e-03,8.627450980392157298e-01,0.000000000000000000e+00
1.006491895876569743e-03,9.019607843137255054e-01,0.000000000000000000e+00
1.006493895876513179e-03,9.019607843137255054e-01,7.843137254901960675e-02
1.006495895876456615e-03,9.803921568627450567e-01,-7.843137254901960675e-02
1.006497895876400052e-03,8.627450980392157298e-01,0.000000000000000000e+00
1.006499895876343488e-03,9.019607843137255054e-01,0.000000000000000000e+00
1.006501895876286924e-03,9.019607843137255054e-01,3.921568627450980338e-02
1.006503895876230360e-03,9.411764705882352811e-01,3.921568627450980338e-02
1.006505895876173796e-03,8.627450980392157298e-01,-3.921568627450980338e-02
1.006507895876117232e-03,8.627450980392157298e-01,7.843137254901960675e-02
1.006509895876060668e-03,9.019607843137255054e-01,3.921568627450980338e-02
1.006511895876004105e-03,9.411764705882352811e-01,0.000000000000000000e+00
1.006513895875947541e-03,8.235294117647058432e-01,7.843137254901960675e-02
1.006515895875890977e-03,9.019607843137255054e-01,-1.568627450980392135e-01
1.006517895875834413e-03,9.019607843137255054e-01,1.176470588235294101e-01
1.006519895875777849e-03,9.411764705882352811e-01,-3.921568627450980338e-02
1.006521895875721285e-03,8.627450980392157298e-01,-3.921568627450980338e-02
1.006523895875664721e-03,8.627450980392157298e-01,7.843137254901960675e-02
1.006525895875608157e-03,9.019607843137255054e-01,-3.921568627450980338e-02
1.006527895875551594e-03,9.019607843137255054e-01,7.843137254901960675e-02
1.006529895875495030e-03,8.627450980392157298e-01,3.921568627450980338e-02
1.006531895875438466e-03,8.627450980392157298e-01,3.921568627450980338e-02
1.006533895875381902e-03,9.019607843137255054e-01,1.176470588235294101e-01
1.006535895875325338e-03,9.411764705882352811e-01,-7.843137254901960675e-02
1.006537895875268774e-03,8.627450980392157298e-01,3.921568627450980338e-02
1.006539895875212210e-03,8.627450980392157298e-01,0.000000000000000000e+00
1.006541895875155647e-03,9.019607843137255054e-01,3.921568627450980338e-02
1.006543895875099083e-03,9.411764705882352811e-01,3.921568627450980338e-02
1.006545895875042519e-03,8.627450980392157298e-01,-7.843137254901960675e-02
1.006547895874985955e-03,8.627450980392157298e-01,3.921568627450980338e-02
1.006549895874929391e-03,9.019607843137255054e-01,-3.921568627450980338e-02
1.006551895874872827e-03,9.411764705882352811e-01,-7.843137254901960675e-02
1.006553895874816263e-03,8.627450980392157298e-01,3.921568627450980338e-02
1.006555895874759700e-03,9.019607843137255054e-01,-1.568627450980392135e-01
1.006557895874703136e-03,8.627450980392157298e-01,1.568627450980392135e-01
1.006559895874646572e-03,9.411764705882352811e-01,0.000000000000000000e+00
1.006561895874590008e-03,8.627450980392157298e-01,-3.921568627450980338e-02
1.006563895874533444e-03,9.019607843137255054e-01,7.843137254901960675e-02
1.006565895874476880e-03,9.019607843137255054e-01,-1.568627450980392135e-01
1.006567895874420316e-03,9.019607843137255054e-01,7.843137254901960675e-02
1.006569895874363752e-03,8.627450980392157298e-01,0.000000000000000000e+00
1.006571895874307189e-03,9.019607843137255054e-01,0.000000000000000000e+00
1.006573895874250625e-03,9.019607843137255054e-01,7.843137254901960675e-02
1.006575895874194061e-03,9.411764705882352811e-01,-7.843137254901960675e-02
1.006577895874137497e-03,8.627450980392157298e-01,7.843137254901960675e-02
1.006579895874080933e-03,9.019607843137255054e-01,0.000000000000000000e+00
1.006581895874024369e-03,9.019607843137255054e-01,0.000000000000000000e+00
1.006583895873967805e-03,9.411764705882352811e-01,7.843137254901960675e-02
1.006585895873911242e-03,8.627450980392157298e-01,-7.843137254901960675e-02
1.006587895873854678e-03,8.627450980392157298e-01,3.921568627450980338e-02
1.006589895873798114e-03,9.411764705882352811e-01,0.000000000000000000e+00
1.006591895873741550e-03,9.411764705882352811e-01,-3.921568627450980338e-02
1.006593895873684986e-03,8.235294117647058432e-01,7.843137254901960675e-02
1.006595895873628422e-03,9.019607843137255054e-01,-7.843137254901960675e-02
1.006597895873571858e-03,8.627450980392157298e-01,1.176470588235294101e-01
1.006599895873515295e-03,9.411764705882352811e-01,0.000000000000000000e+00
1.006601895873458731e-03,8.627450980392157298e-01,-3.921568627450980338e-02
1.006603895873402167e-03,8.627450980392157298e-01,7.843137254901960675e-02
1.006605895873345603e-03,9.411764705882352811e-01,-7.843137254901960675e-02
1.006607895873289039e-03,9.411764705882352811e-01,7.843137254901960675e-02
1.006609895873232475e-03,8.627450980392157298e-01,0.000000000000000000e+00
1.006611895873175911e-03,9.019607843137255054e-01,3.921568627450980338e-02
1.006613895873119347e-03,8.627450980392157298e-01,1.176470588235294101e-01
1.006615895873062784e-03,9.411764705882352811e-01,-3.921568627450980338e-02
1.006617895873006220e-03,8.627450980392157298e-01,3.921568627450980338e-02
1.006619895872949656e-03,8.627450980392157298e-01,0.000000000000000000e+00
1.006621895872893092e-03,8.627450980392157298e-01,7.843137254901960675e-02
1.006623895872836528e-03,9.411764705882352811e-01,7.843137254901960675e-02
1.006625895872779964e-03,8.235294117647058432e-01,-7.843137254901960675e-02
1.006627895872723400e-03,8.627450980392157298e-01,1.176470588235294101e-01
1.006629895872666837e-03,9.019607843137255054e-01,0.000000000000000000e+00
1.006631895872610273e-03,9.411764705882352811e-01,0.000000000000000000e+00
1.006633895872553709e-03,8.235294117647058432e-01,3.921568627450980338e-02
1.006635895872497145e-03,9.019607843137255054e-01,-7.843137254901960675e-02
1.006637895872440581e-03,9.019607843137255054e-01,1.568627450980392135e-01
1.006639895872384017e-03,9.411764705882352811e-01,0.000000000000000000e+00
1.006641895872327453e-03,8.235294117647058432e-01,-3.921568627450980338e-02
1.006643895872270890e-03,9.019607843137255054e-01,7.843137254901960675e-02
1.006645895872214326e-03,9.019607843137255054e-01,-7.843137254901960675e-02
1.006647895872157762e-03,9.411764705882352811e-01,7.843137254901960675e-02
1.006649895872101198e-03,8.235294117647058432e-01,0.000000000000000000e+00
1.006651895872044634e-03,8.627450980392157298e-01,3.921568627450980338e-02
1.006653895871988070e-03,9.411764705882352811e-01,7.843137254901960675e-02
1.006655895871931506e-03,9.411764705882352811e-01,-7.843137254901960675e-02
1.006657895871874943e-03,8.627450980392157298e-01,7.843137254901960675e-02
1.006659895871818379e-03,9.019607843137255054e-01,0.000000000000000000e+00
1.006661895871761815e-03,9.019607843137255054e-01,3.921568627450980338e-02
1.006663895871705251e-03,9.411764705882352811e-01,3.921568627450980338e-02
1.006665895871648687e-03,8.627450980392157298e-01,-7.843137254901960675e-02
1.006667895871592123e-03,9.019607843137255054e-01,1.176470588235294101e-01
1.006669895871535559e-03,9.411764705882352811e-01,3.921568627450980338e-02
1.006671895871478995e-03,9.411764705882352811e-01,-3.921568627450980338e-02
1.006673895871422432e-03,8.627450980392157298e-01,3.921568627450980338e-02
1.006675895871365868e-03,8.627450980392157298e-01,-1.568627450980392135e-01
1.006677895871309304e-03,8.627450980392157298e-01,1.176470588235294101e-01
1.006679895871252740e-03,9.411764705882352811e-01,0.000000000000000000e+00
1.006681895871196176e-03,8.627450980392157298e-01,-3.921568627450980338e-02
1.006683895871139612e-03,8.235294117647058432e-01,3.921568627450980338e-02
1.006685895871083048e-03,9.019607843137255054e-01,-3.921568627450980338e-02
1.006687895871026485e-03,9.411764705882352811e-01,7.843137254901960675e-02
1.006689895870969921e-03,8.235294117647058432e-01,0.000000000000000000e+00
1.006691895870913357e-03,8.627450980392157298e-01,0.000000000000000000e+00
1.006693895870856793e-03,9.019607843137255054e-01,7.843137254901960675e-02
1.006695895870800229e-03,9.411764705882352811e-01,-7.843137254901960675e-02
1.006697895870743665e-03,8.627450980392157298e-01,7.843137254901960675e-02
1.006699895870687101e-03,9.019607843137255054e-01,3.921568627450980338e-02
1.006701895870630538e-03,9.019607843137255054e-01,3.921568627450980338e-02
1.006703895870573974e-03,9.411764705882352811e-01,3.921568627450980338e-02
1.006705895870517410e-03,8.235294117647058432e-01,-3.921568627450980338e-02
1.006707895870460846e-03,8.627450980392157298e-01,3.921568627450980338e-02
1.006709895870404282e-03,9.019607843137255054e-01,0.000000000000000000e+00
1.006711895870347718e-03,9.411764705882352811e-01,-3.921568627450980338e-02
1.006713895870291154e-03,8.235294117647058432e-01,7.843137254901960675e-02
1.006715895870234590e-03,9.019607843137255054e-01,-1.568627450980392135e-01
1.006717895870178027e-03,9.019607843137255054e-01,1.568627450980392135e-01
1.006719895870121463e-03,9.411764705882352811e-01,0.000000000000000000e+00
1.006721895870064899e-03,8.627450980392157298e-01,-7.843137254901960675e-02
1.006723895870008335e-03,9.019607843137255054e-01,7.843137254901960675e-02
1.006725895869951771e-03,9.411764705882352811e-01,-7.843137254901960675e-02
1.006727895869895207e-03,9.411764705882352811e-01,7.843137254901960675e-02
1.006729895869838643e-03,8.235294117647058432e-01,0.000000000000000000e+00
1.006731895869782080e-03,8.627450980392157298e-01,3.921568627450980338e-02
1.006733895869725516e-03,9.019607843137255054e-01,7.843137254901960675e-02
1.006735895869668952e-03,9.411764705882352811e-01,-7.843137254901960675e-02
1.006737895869612388e-03,8.235294117647058432e-01,3.921568627450980338e-02
1.006739895869555824e-03,8.627450980392157298e-01,0.000000000000000000e+00
1.006741895869499260e-03,9.019607843137255054e-01,3.921568627450980338e-02
1.006743895869442696e-03,9.411764705882352811e-01,7.843137254901960675e-02
1.006745895869386133e-03,8.627450980392157298e-01,-7.843137254901960675e-02
1.006747895869329569e-03,9.019607843137255054e-01,3.921568627450980338e-02
1.006749895869273005e-03,9.019607843137255054e-01,0.000000000000000000e+00
1.006751895869216441e-03,9.411764705882352811e-01,-3.921568627450980338e-02
1.006753895869159877e-03,8.627450980392157298e-01,7.843137254901960675e-02
1.006755895869103313e-03,9.019607843137255054e-01,-1.568627450980392135e-01
1.006757895869046749e-03,9.019607843137255054e-01,1.568627450980392135e-01
1.006759895868990186e-03,9.411764705882352811e-01,0.000000000000000000e+00
1.006761895868933622e-03,8.235294117647058432e-01,-3.921568627450980338e-02
1.006763895868877058e-03,9.019607843137255054e-01,7.843137254901960675e-02
1.006765895868820494e-03,8.627450980392157298e-01,-7.843137254901960675e-02
1.006767895868763930e-03,9.411764705882352811e-01,7.843137254901960675e-02
1.006769895868707366e-03,8.627450980392157298e-01,0.000000000000000000e+00
1.006771895868650802e-03,9.019607843137255054e-01,3.921568627450980338e-02
1.006773895868594238e-03,9.019607843137255054e-01,1.176470588235294101e-01
1.006775895868537675e-03,9.411764705882352811e-01,-7.843137254901960675e-02
1.006777895868481111e-03,8.235294117647058432e-01,3.921568627450980338e-02
1.006779895868424547e-03,8.627450980392157298e-01,0.000000000000000000e+00
1.006781895868367983e-03,9.019607843137255054e-01,3.921568627450980338e-02
1.006783895868311419e-03,9.411764705882352811e-01,3.921568627450980338e-02
1.006785895868254855e-03,8.627450980392157298e-01,-3.921568627450980338e-02
1.006787895868198291e-03,8.627450980392157298e-01,7.843137254901960675e-02
1.006789895868141728e-03,9.019607843137255054e-01,-3.921568627450980338e-02
1.006791895868085164e-03,9.411764705882352811e-01,-3.921568627450980338e-02
1.006793895868028600e-03,8.627450980392157298e-01,7.843137254901960675e-02
1.006795895867972036e-03,9.019607843137255054e-01,-1.568627450980392135e-01
1.006797895867915472e-03,9.019607843137255054e-01,1.568627450980392135e-01
1.006799895867858908e-03,9.411764705882352811e-01,0.000000000000000000e+00
1.006801895867802344e-03,8.627450980392157298e-01,-7.843137254901960675e-02
1.006803895867745781e-03,8.627450980392157298e-01,3.921568627450980338e-02
1.006805895867689217e-03,9.019607843137255054e-01,-3.921568627450980338e-02
1.006807895867632653e-03,9.019607843137255054e-01,7.843137254901960675e-02
1.006809895867576089e-03,8.627450980392157298e-01,0.000000000000000000e+00
1.006811895867519525e-03,8.627450980392157298e-01,3.921568627450980338e-02
1.006813895867462961e-03,9.019607843137255054e-01,1.176470588235294101e-01
1.006815895867406397e-03,9.411764705882352811e-01,-7.843137254901960675e-02
1.006817895867349833e-03,8.627450980392157298e-01,7.843137254901960675e-02
1.006819895867293270e-03,9.019607843137255054e-01,3.921568627450980338e-02
1.006821895867236706e-03,8.627450980392157298e-01,3.921568627450980338e-02
1.006823895867180142e-03,9.411764705882352811e-01,7.843137254901960675e-02
1.006825895867123578e-03,9.019607843137255054e-01,-7.843137254901960675e-02
1.006827895867067014e-03,9.019607843137255054e-01,7.843137254901960675e-02
1.006829895867010450e-03,9.411764705882352811e-01,-3.921568627450980338e-02
1.006831895866953886e-03,9.411764705882352811e-01,-3.921568627450980338e-02
1.006833895866897323e-03,8.627450980392157298e-01,7.843137254901960675e-02
1.006835895866840759e-03,8.627450980392157298e-01,-7.843137254901960675e-02
1.006837895866784195e-03,8.627450980392157298e-01,1.176470588235294101e-01
1.006839895866727631e-03,9.411764705882352811e-01,0.000000000000000000e+00
1.006841895866671067e-03,8.627450980392157298e-01,-3.921568627450980338e-02
1.006843895866614503e-03,9.019607843137255054e-01,7.843137254901960675e-02
1.006845895866557939e-03,9.019607843137255054e-01,-3.921568627450980338e-02
1.006847895866501376e-03,9.411764705882352811e-01,7.843137254901960675e-02
1.006849895866444812e-03,8.627450980392157298e-01,0.000000000000000000e+00
1.006851895866388248e-03,9.019607843137255054e-01,0.000000000000000000e+00
1.006853895866331684e-03,9.019607843137255054e-01,7.843137254901960675e-02
1.006855895866275120e-03,9.411764705882352811e-01,-7.843137254901960675e-02
1.006857895866218556e-03,8.627450980392157298e-01,3.921568627450980338e-02
1.006859895866161992e-03,8.235294117647058432e-01,0.000000000000000000e+00
1.006861895866105428e-03,9.019607843137255054e-01,3.921568627450980338e-02
1.006863895866048865e-03,9.411764705882352811e-01,7.843137254901960675e-02
1.006865895865992301e-03,8.627450980392157298e-01,-3.921568627450980338e-02
1.006867895865935737e-03,8.627450980392157298e-01,7.843137254901960675e-02
1.006869895865879173e-03,9.019607843137255054e-01,-3.921568627450980338e-02
1.006871895865822609e-03,9.411764705882352811e-01,0.000000000000000000e+00
1.006873895865766045e-03,8.235294117647058432e-01,7.843137254901960675e-02
1.006875895865709481e-03,8.627450980392157298e-01,-7.843137254901960675e-02
1.006877895865652918e-03,8.627450980392157298e-01,1.176470588235294101e-01
1.006879895865596354e-03,9.411764705882352811e-01,0.000000000000000000e+00
1.006881895865539790e-03,8.627450980392157298e-01,-7.843137254901960675e-02
1.006883895865483226e-03,9.019607843137255054e-01,7.843137254901960675e-02
1.006885895865426662e-03,9.019607843137255054e-01,-3.921568627450980338e-02
1.006887895865370098e-03,9.411764705882352811e-01,7.843137254901960675e-02
1.006889895865313534e-03,8.627450980392157298e-01,0.000000000000000000e+00
1.006891895865256971e-03,8.627450980392157298e-01,3.921568627450980338e-02
1.006893895865200407e-03,9.019607843137255054e-01,7.843137254901960675e-02
1.006895895865143843e-03,9.411764705882352811e-01,-7.843137254901960675e-02
1.006897895865087279e-03,8.235294117647058432e-01,3.921568627450980338e-02
1.006899895865030715e-03,8.627450980392157298e-01,0.000000000000000000e+00
1.006901895864974151e-03,9.019607843137255054e-01,3.921568627450980338e-02
1.006903895864917587e-03,9.411764705882352811e-01,7.843137254901960675e-02
1.006905895864861024e-03,8.627450980392157298e-01,-3.921568627450980338e-02
1.006907895864804460e-03,9.019607843137255054e-01,7.843137254901960675e-02
1.006909895864747896e-03,9.019607843137255054e-01,0.000000000000000000e+00
1.006911895864691332e-03,9.411764705882352811e-01,0.000000000000000000e+00
1.006913895864634768e-03,8.235294117647058432e-01,7.843137254901960675e-02
1.006915895864578204e-03,9.019607843137255054e-01,-1.568627450980392135e-01
1.006917895864521640e-03,9.019607843137255054e-01,1.176470588235294101e-01
1.006919895864465076e-03,9.411764705882352811e-01,-3.921568627450980338e-02
1.006921895864408513e-03,8.235294117647058432e-01,-7.843137254901960675e-02
1.006923895864351949e-03,8.627450980392157298e-01,7.843137254901960675e-02
1.006925895864295385e-03,9.019607843137255054e-01,-7.843137254901960675e-02
1.006927895864238821e-03,9.411764705882352811e-01,7.843137254901960675e-02
1.006929895864182257e-03,9.019607843137255054e-01,0.000000000000000000e+00
1.006931895864125693e-03,9.019607843137255054e-01,0.000000000000000000e+00
1.006933895864069129e-03,9.019607843137255054e-01,7.843137254901960675e-02
1.006935895864012566e-03,9.411764705882352811e-01,-7.843137254901960675e-02
1.006937895863956002e-03,8.627450980392157298e-01,7.843137254901960675e-02
1.006939895863899438e-03,9.019607843137255054e-01,0.000000000000000000e+00
1.006941895863842874e-03,9.019607843137255054e-01,3.921568627450980338e-02
1.006943895863786310e-03,9.411764705882352811e-01,7.843137254901960675e-02
1.006945895863729746e-03,8.627450980392157298e-01,-7.843137254901960675e-02
1.006947895863673182e-03,8.627450980392157298e-01,7.843137254901960675e-02
1.006949895863616619e-03,9.019607843137255054e-01,0.000000000000000000e+00
1.006951895863560055e-03,9.411764705882352811e-01,-7.843137254901960675e-02
1.006953895863503491e-03,8.235294117647058432e-01,7.843137254901960675e-02
1.006955895863446927e-03,8.627450980392157298e-01,-1.568627450980392135e-01
1.006957895863390363e-03,9.019607843137255054e-01,1.176470588235294101e-01
1.006959895863333799e-03,9.411764705882352811e-01,0.000000000000000000e+00
1.006961895863277235e-03,8.627450980392157298e-01,-7.843137254901960675e-02
1.006963895863220671e-03,9.019607843137255054e-01,7.843137254901960675e-02
1.006965895863164108e-03,9.411764705882352811e-01,-3.921568627450980338e-02
1.006967895863107544e-03,9.411764705882352811e-01,7.843137254901960675e-02
1.006969895863050980e-03,8.627450980392157298e-01,0.000000000000000000e+00
1.006971895862994416e-03,8.627450980392157298e-01,3.921568627450980338e-02
1.006973895862937852e-03,9.019607843137255054e-01,1.176470588235294101e-01
1.006975895862881288e-03,9.411764705882352811e-01,-7.843137254901960675e-02
1.006977895862824724e-03,8.627450980392157298e-01,7.843137254901960675e-02
1.006979895862768161e-03,9.019607843137255054e-01,0.000000000000000000e+00
1.006981895862711597e-03,9.019607843137255054e-01,3.921568627450980338e-02
1.006983895862655033e-03,9.411764705882352811e-01,7.843137254901960675e-02
1.006985895862598469e-03,8.627450980392157298e-01,-7.843137254901960675e-02
1.006987895862541905e-03,8.627450980392157298e-01,7.843137254901960675e-02
1.006989895862485341e-03,9.019607843137255054e-01,-3.921568627450980338e-02
1.006991895862428777e-03,9.411764705882352811e-01,-7.843137254901960675e-02
1.006993895862372214e-03,8.627450980392157298e-01,7.843137254901960675e-02
1.006995895862315650e-03,8.627450980392157298e-01,-1.568627450980392135e-01
1.006997895862259086e-03,9.019607843137255054e-01,1.568627450980392135e-01
1.006999895862202522e-03,9.411764705882352811e-01,-3.921568627450980338e-02
1.007001895862145958e-03,8.627450980392157298e-01,-3.921568627450980338e-02
1.007003895862089394e-03,9.019607843137255054e-01,7.843137254901960675e-02
1.007005895862032830e-03,9.019607843137255054e-01,-7.843137254901960675e-02
1.007007895861976267e-03,9.411764705882352811e-01,7.843137254901960675e-02
1.007009895861919703e-03,8.235294117647058432e-01,0.000000000000000000e+00
1.007011895861863139e-03,9.019607843137255054e-01,3.921568627450980338e-02
1.007013895861806575e-03,8.627450980392157298e-01,1.176470588235294101e-01
1.007015895861750011e-03,9.411764705882352811e-01,-7.843137254901960675e-02
1.007017895861693447e-03,8.235294117647058432e-01,3.921568627450980338e-02
1.007019895861636883e-03,8.627450980392157298e-01,0.000000000000000000e+00
1.007021895861580319e-03,9.019607843137255054e-01,0.000000000000000000e+00
1.007023895861523756e-03,9.411764705882352811e-01,7.843137254901960675e-02
1.007025895861467192e-03,8.627450980392157298e-01,-7.843137254901960675e-02
1.007027895861410628e-03,8.235294117647058432e-01,1.176470588235294101e-01
1.007029895861354064e-03,9.019607843137255054e-01,0.000000000000000000e+00
1.007031895861297500e-03,9.411764705882352811e-01,-7.843137254901960675e-02
1.007033895861240936e-03,8.627450980392157298e-01,7.843137254901960675e-02
1.007035895861184372e-03,9.019607843137255054e-01,-1.568627450980392135e-01
1.007037895861127809e-03,9.019607843137255054e-01,1.568627450980392135e-01
1.007039895861071245e-03,9.411764705882352811e-01,0.000000000000000000e+00
1.007041895861014681e-03,8.627450980392157298e-01,-7.843137254901960675e-02
1.007043895860958117e-03,9.019607843137255054e-01,7.843137254901960675e-02
1.007045895860901553e-03,9.019607843137255054e-01,-7.843137254901960675e-02
1.007047895860844989e-03,9.411764705882352811e-01,7.843137254901960675e-02
1.007049895860788425e-03,8.627450980392157298e-01,0.000000000000000000e+00
1.007051895860731862e-03,9.019607843137255054e-01,3.921568627450980338e-02
1.007053895860675298e-03,9.019607843137255054e-01,1.176470588235294101e-01
1.007055895860618734e-03,9.411764705882352811e-01,-7.843137254901960675e-02
1.007057895860562170e-03,8.627450980392157298e-01,3.921568627450980338e-02
1.007059895860505606e-03,8.627450980392157298e-01,0.000000000000000000e+00
1.007061895860449042e-03,9.019607843137255054e-01,3.921568627450980338e-02
1.007063895860392478e-03,9.411764705882352811e-01,7.843137254901960675e-02
1.007065895860335914e-03,8.627450980392157298e-01,-7.843137254901960675e-02
1.007067895860279351e-03,9.019607843137255054e-01,7.843137254901960675e-02
1.007069895860222787e-03,9.019607843137255054e-01,-3.921568627450980338e-02
1.007071895860166223e-03,9.411764705882352811e-01,-3.921568627450980338e-02
1.007073895860109659e-03,8.627450980392157298e-01,7.843137254901960675e-02
1.007075895860053095e-03,9.019607843137255054e-01,-1.568627450980392135e-01
1.007077895859996531e-03,8.627450980392157298e-01,1.568627450980392135e-01
1.007079895859939967e-03,9.019607843137255054e-01,0.000000000000000000e+00
1.007081895859883404e-03,8.627450980392157298e-01,-3.921568627450980338e-02
1.007083895859826840e-03,8.627450980392157298e-01,3.921568627450980338e-02
1.007085895859770276e-03,9.019607843137255054e-01,-3.921568627450980338e-02
1.007087895859713712e-03,9.411764705882352811e-01,7.843137254901960675e-02
1.007089895859657148e-03,8.627450980392157298e-01,0.000000000000000000e+00
1.007091895859600584e-03,8.627450980392157298e-01,0.000000000000000000e+00
1.007093895859544020e-03,9.019607843137255054e-01,7.843137254901960675e-02
1.007095895859487457e-03,9.411764705882352811e-01,-7.843137254901960675e-02
1.007097895859430893e-03,8.627450980392157298e-01,3.921568627450980338e-02
1.007099895859374329e-03,9.019607843137255054e-01,0.000000000000000000e+00
1.007101895859317765e-03,9.019607843137255054e-01,0.000000000000000000e+00
1.007103895859261201e-03,9.411764705882352811e-01,7.843137254901960675e-02
1.007105895859204637e-03,8.627450980392157298e-01,-7.843137254901960675e-02
1.007107895859148073e-03,9.019607843137255054e-01,7.843137254901960675e-02
1.007109895859091509e-03,9.019607843137255054e-01,-3.921568627450980338e-02
1.007111895859034946e-03,9.411764705882352811e-01,-3.921568627450980338e-02
1.007113895858978382e-03,8.235294117647058432e-01,7.843137254901960675e-02
1.007115895858921818e-03,9.019607843137255054e-01,-1.568627450980392135e-01
1.007117895858865254e-03,9.019607843137255054e-01,1.176470588235294101e-01
1.007119895858808690e-03,9.411764705882352811e-01,0.000000000000000000e+00
1.007121895858752126e-03,8.627450980392157298e-01,-3.921568627450980338e-02
1.007123895858695562e-03,8.235294117647058432e-01,7.843137254901960675e-02
1.007125895858638999e-03,9.019607843137255054e-01,-3.921568627450980338e-02
1.007127895858582435e-03,9.411764705882352811e-01,7.843137254901960675e-02
1.007129895858525871e-03,8.627450980392157298e-01,0.000000000000000000e+00
1.007131895858469307e-03,9.019607843137255054e-01,0.000000000000000000e+00
1.007133895858412743e-03,9.019607843137255054e-01,7.843137254901960675e-02
1.007135895858356179e-03,9.019607843137255054e-01,-7.843137254901960675e-02
1.007137895858299615e-03,8.627450980392157298e-01,3.921568627450980338e-02
1.007139895858243052e-03,9.019607843137255054e-01,0.000000000000000000e+00
1.007141895858186488e-03,8.627450980392157298e-01,3.921568627450980338e-02
1.007143895858129924e-03,9.411764705882352811e-01,7.843137254901960675e-02
1.007145895858073360e-03,8.627450980392157298e-01,-3.921568627450980338e-02
1.007147895858016796e-03,8.235294117647058432e-01,7.843137254901960675e-02
1.007149895857960232e-03,9.019607843137255054e-01,0.000000000000000000e+00
1.007151895857903668e-03,9.411764705882352811e-01,-3.921568627450980338e-02
1.007153895857847105e-03,8.627450980392157298e-01,7.843137254901960675e-02
1.007155895857790541e-03,8.627450980392157298e-01,-1.568627450980392135e-01
1.007157895857733977e-03,9.019607843137255054e-01,1.176470588235294101e-01
1.007159895857677413e-03,9.411764705882352811e-01,0.000000000000000000e+00
1.007161895857620849e-03,8.627450980392157298e-01,-3.921568627450980338e-02
1.007163895857564285e-03,8.627450980392157298e-01,3.921568627450980338e-02
1.007165895857507721e-03,9.019607843137255054e-01,-7.843137254901960675e-02
1.007167895857451157e-03,9.411764705882352811e-01,3.921568627450980338e-02
1.007169895857394594e-03,8.627450980392157298e-01,0.000000000000000000e+00
1.007171895857338030e-03,8.627450980392157298e-01,0.000000000000000000e+00
1.007173895857281466e-03,9.019607843137255054e-01,7.843137254901960675e-02
1.007175895857224902e-03,9.411764705882352811e-01,-7.843137254901960675e-02
1.007177895857168338e-03,8.627450980392157298e-01,0.000000000000000000e+00
1.007179895857111774e-03,9.411764705882352811e-01,0.000000000000000000e+00
1.007181895857055210e-03,9.019607843137255054e-01,3.921568627450980338e-02
1.007183895856998647e-03,9.411764705882352811e-01,7.843137254901960675e-02
1.007185895856942083e-03,8.235294117647058432e-01,-7.843137254901960675e-02
1.007187895856885519e-03,8.627450980392157298e-01,7.843137254901960675e-02
1.007189895856828955e-03,9.019607843137255054e-01,0.000000000000000000e+00
1.007191895856772391e-03,9.411764705882352811e-01,-3.921568627450980338e-02
1.007193895856715827e-03,8.235294117647058432e-01,7.843137254901960675e-02
1.007195895856659263e-03,9.019607843137255054e-01,-7.843137254901960675e-02
1.007197895856602700e-03,9.019607843137255054e-01,1.176470588235294101e-01
1.007199895856546136e-03,9.411764705882352811e-01,-3.921568627450980338e-02
1.007201895856489572e-03,8.627450980392157298e-01,0.000000000000000000e+00
1.007203895856433008e-03,8.235294117647058432e-01,7.843137254901960675e-02
1.007205895856376444e-03,9.411764705882352811e-01,-3.921568627450980338e-02
1.007207895856319880e-03,9.411764705882352811e-01,7.843137254901960675e-02
1.007209895856263316e-03,8.627450980392157298e-01,0.000000000000000000e+00
1.007211895856206752e-03,8.627450980392157298e-01,0.000000000000000000e+00
1.007213895856150189e-03,9.019607843137255054e-01,7.843137254901960675e-02
1.007215895856093625e-03,9.411764705882352811e-01,-3.921568627450980338e-02
1.007217895856037061e-03,8.627450980392157298e-01,0.000000000000000000e+00
1.007219895855980497e-03,8.627450980392157298e-01,0.000000000000000000e+00
1.007221895855923933e-03,9.019607843137255054e-01,3.921568627450980338e-02
1.007223895855867369e-03,9.411764705882352811e-01,7.843137254901960675e-02
1.007225895855810805e-03,8.627450980392157298e-01,-7.843137254901960675e-02
1.007227895855754242e-03,9.019607843137255054e-01,1.176470588235294101e-01
1.007229895855697678e-03,9.019607843137255054e-01,0.000000000000000000e+00
1.007231895855641114e-03,9.411764705882352811e-01,0.000000000000000000e+00
1.007233895855584550e-03,8.627450980392157298e-01,7.843137254901960675e-02
1.007235895855527986e-03,9.019607843137255054e-01,-1.568627450980392135e-01
1.007237895855471422e-03,9.019607843137255054e-01,1.176470588235294101e-01
1.007239895855414858e-03,9.411764705882352811e-01,0.000000000000000000e+00
1.007241895855358295e-03,8.235294117647058432e-01,0.000000000000000000e+00
1.007243895855301731e-03,8.235294117647058432e-01,1.176470588235294101e-01
1.007245895855245167e-03,9.019607843137255054e-01,-7.843137254901960675e-02
1.007247895855188603e-03,9.411764705882352811e-01,7.843137254901960675e-02
1.007249895855132039e-03,8.627450980392157298e-01,0.000000000000000000e+00
1.007251895855075475e-03,8.627450980392157298e-01,0.000000000000000000e+00
1.007253895855018911e-03,9.019607843137255054e-01,7.843137254901960675e-02
1.007255895854962347e-03,9.411764705882352811e-01,-7.843137254901960675e-02
1.007257895854905784e-03,8.627450980392157298e-01,3.921568627450980338e-02
1.007259895854849220e-03,9.019607843137255054e-01,0.000000000000000000e+00
1.007261895854792656e-03,9.019607843137255054e-01,3.921568627450980338e-02
1.007263895854736092e-03,9.411764705882352811e-01,3.921568627450980338e-02
1.007265895854679528e-03,8.627450980392157298e-01,-7.843137254901960675e-02
1.007267895854622964e-03,8.627450980392157298e-01,7.843137254901960675e-02
1.007269895854566400e-03,9.019607843137255054e-01,0.000000000000000000e+00
1.007271895854509837e-03,9.411764705882352811e-01,-3.921568627450980338e-02
1.007273895854453273e-03,8.627450980392157298e-01,7.843137254901960675e-02
1.007275895854396709e-03,9.019607843137255054e-01,-7.843137254901960675e-02
1.007277895854340145e-03,9.411764705882352811e-01,7.843137254901960675e-02
1.007279895854283581e-03,9.411764705882352811e-01,0.000000000000000000e+00
1.007281895854227017e-03,8.627450980392157298e-01,-3.921568627450980338e-02
1.007283895854170453e-03,8.627450980392157298e-01,1.176470588235294101e-01
1.007285895854113890e-03,9.019607843137255054e-01,-3.921568627450980338e-02
1.007287895854057326e-03,9.411764705882352811e-01,7.843137254901960675e-02
1.007289895854000762e-03,8.627450980392157298e-01,0.000000000000000000e+00
1.007291895853944198e-03,8.627450980392157298e-01,0.000000000000000000e+00
1.007293895853887634e-03,8.627450980392157298e-01,1.176470588235294101e-01
1.007295895853831070e-03,9.411764705882352811e-01,-7.843137254901960675e-02
1.007297895853774506e-03,8.627450980392157298e-01,3.921568627450980338e-02
1.007299895853717943e-03,9.019607843137255054e-01,0.000000000000000000e+00
1.007301895853661379e-03,9.019607843137255054e-01,0.000000000000000000e+00
1.007303895853604815e-03,9.019607843137255054e-01,7.843137254901960675e-02
1.007305895853548251e-03,9.019607843137255054e-01,-7.843137254901960675e-02
1.007307895853491687e-03,8.627450980392157298e-01,7.843137254901960675e-02
1.007309895853435123e-03,9.019607843137255054e-01,0.000000000000000000e+00
1.007311895853378559e-03,9.411764705882352811e-01,-3.921568627450980338e-02
1.007313895853321995e-03,8.627450980392157298e-01,7.843137254901960675e-02
1.007315895853265432e-03,9.019607843137255054e-01,-1.568627450980392135e-01
1.007317895853208868e-03,8.627450980392157298e-01,1.568627450980392135e-01
1.007319895853152304e-03,9.411764705882352811e-01,-3.921568627450980338e-02
1.007321895853095740e-03,8.235294117647058432e-01,-3.921568627450980338e-02
1.007323895853039176e-03,9.019607843137255054e-01,7.843137254901960675e-02
1.007325895852982612e-03,9.411764705882352811e-01,-7.843137254901960675e-02
1.007327895852926048e-03,9.411764705882352811e-01,7.843137254901960675e-02
1.007329895852869485e-03,8.235294117647058432e-01,0.000000000000000000e+00
1.007331895852812921e-03,9.019607843137255054e-01,0.000000000000000000e+00
1.007333895852756357e-03,9.019607843137255054e-01,1.176470588235294101e-01
1.007335895852699793e-03,9.411764705882352811e-01,-3.921568627450980338e-02
1.007337895852643229e-03,8.627450980392157298e-01,3.921568627450980338e-02
1.007339895852586665e-03,8.235294117647058432e-01,0.000000000000000000e+00
1.007341895852530101e-03,9.019607843137255054e-01,3.921568627450980338e-02
1.007343895852473538e-03,9.411764705882352811e-01,7.843137254901960675e-02
1.007345895852416974e-03,9.019607843137255054e-01,-7.843137254901960675e-02
1.007347895852360410e-03,9.019607843137255054e-01,1.176470588235294101e-01
1.007349895852303846e-03,8.627450980392157298e-01,0.000000000000000000e+00
1.007351895852247282e-03,9.411764705882352811e-01,-3.921568627450980338e-02
1.007353895852190718e-03,8.627450980392157298e-01,7.843137254901960675e-02
1.007355895852134154e-03,9.019607843137255054e-01,-1.568627450980392135e-01
1.007357895852077590e-03,9.019607843137255054e-01,1.176470588235294101e-01
1.007359895852021027e-03,9.411764705882352811e-01,0.000000000000000000e+00
1.007361895851964463e-03,8.627450980392157298e-01,0.000000000000000000e+00
1.007363895851907899e-03,9.019607843137255054e-01,7.843137254901960675e-02
1.007365895851851335e-03,9.411764705882352811e-01,-3.921568627450980338e-02
1.007367895851794771e-03,9.411764705882352811e-01,7.843137254901960675e-02
1.007369895851738207e-03,8.627450980392157298e-01,0.000000000000000000e+00
1.007371895851681643e-03,8.627450980392157298e-01,0.000000000000000000e+00
1.007373895851625080e-03,9.019607843137255054e-01,1.176470588235294101e-01
1.007375895851568516e-03,9.411764705882352811e-01,-7.843137254901960675e-02
1.007377895851511952e-03,8.627450980392157298e-01,3.921568627450980338e-02
1.007379895851455388e-03,8.627450980392157298e-01,0.000000000000000000e+00
1.007381895851398824e-03,9.019607843137255054e-01,7.843137254901960675e-02
1.007383895851342260e-03,9.411764705882352811e-01,7.843137254901960675e-02
1.007385895851285696e-03,8.627450980392157298e-01,-7.843137254901960675e-02
1.007387895851229133e-03,8.235294117647058432e-01,7.843137254901960675e-02
1.007389895851172569e-03,9.019607843137255054e-01,0.000000000000000000e+00
1.007391895851116005e-03,9.411764705882352811e-01,0.000000000000000000e+00
1.007393895851059441e-03,8.235294117647058432e-01,7.843137254901960675e-02
1.007395895851002877e-03,9.019607843137255054e-01,-1.568627450980392135e-01
1.007397895850946313e-03,9.019607843137255054e-01,3.921568627450980338e-02
1.007399895850889749e-03,9.411764705882352811e-01,0.000000000000000000e+00
1.007401895850833186e-03,8.235294117647058432e-01,-7.843137254901960675e-02
1.007403895850776622e-03,8.627450980392157298e-01,1.176470588235294101e-01
1.007405895850720058e-03,9.019607843137255054e-01,-7.843137254901960675e-02
1.007407895850663494e-03,9.411764705882352811e-01,7.843137254901960675e-02
1.007409895850606930e-03,8.235294117647058432e-01,0.000000000000000000e+00
1.007411895850550366e-03,9.019607843137255054e-01,0.000000000000000000e+00
1.007413895850493802e-03,9.019607843137255054e-01,1.176470588235294101e-01
1.007415895850437238e-03,9.411764705882352811e-01,-7.843137254901960675e-02
1.007417895850380675e-03,8.627450980392157298e-01,3.921568627450980338e-02
1.007419895850324111e-03,8.627450980392157298e-01,0.000000000000000000e+00
1.007421895850267547e-03,9.019607843137255054e-01,0.000000000000000000e+00
1.007423895850210983e-03,9.411764705882352811e-01,7.843137254901960675e-02
1.007425895850154419e-03,8.627450980392157298e-01,-7.843137254901960675e-02
1.007427895850097855e-03,9.019607843137255054e-01,7.843137254901960675e-02
1.007429895850041291e-03,9.019607843137255054e-01,0.000000000000000000e+00
1.007431895849984728e-03,9.411764705882352811e-01,-3.921568627450980338e-02
1.007433895849928164e-03,8.627450980392157298e-01,7.843137254901960675e-02
1.007435895849871600e-03,9.019607843137255054e-01,-1.568627450980392135e-01
1.007437895849815036e-03,8.627450980392157298e-01,1.568627450980392135e-01
1.007439895849758472e-03,9.411764705882352811e-01,0.000000000000000000e+00
1.007441895849701908e-03,8.627450980392157298e-01,-3.921568627450980338e-02
1.007443895849645344e-03,9.019607843137255054e-01,7.843137254901960675e-02
1.007445895849588781e-03,9.019607843137255054e-01,-7.843137254901960675e-02
1.007447895849532217e-03,9.411764705882352811e-01,7.843137254901960675e-02
1.007449895849475653e-03,8.627450980392157298e-01,0.000000000000000000e+00
1.007451895849419089e-03,8.627450980392157298e-01,0.000000000000000000e+00
1.007453895849362525e-03,9.019607843137255054e-01,7.843137254901960675e-02
1.007455895849305961e-03,9.411764705882352811e-01,-7.843137254901960675e-02
1.007457895849249397e-03,8.235294117647058432e-01,3.921568627450980338e-02
1.007459895849192833e-03,9.019607843137255054e-01,3.921568627450980338e-02
1.007461895849136270e-03,9.019607843137255054e-01,3.921568627450980338e-02
1.007463895849079706e-03,9.019607843137255054e-01,7.843137254901960675e-02
1.007465895849023142e-03,8.627450980392157298e-01,-7.843137254901960675e-02
1.007467895848966578e-03,8.627450980392157298e-01,7.843137254901960675e-02
1.007469895848910014e-03,9.411764705882352811e-01,0.000000000000000000e+00
1.007471895848853450e-03,9.019607843137255054e-01,-3.921568627450980338e-02
1.007473895848796886e-03,8.235294117647058432e-01,7.843137254901960675e-02
1.007475895848740323e-03,9.019607843137255054e-01,-1.568627450980392135e-01
1.007477895848683759e-03,9.019607843137255054e-01,1.176470588235294101e-01
1.007479895848627195e-03,9.019607843137255054e-01,-3.921568627450980338e-02
1.007481895848570631e-03,8.627450980392157298e-01,0.000000000000000000e+00
1.007483895848514067e-03,9.019607843137255054e-01,7.843137254901960675e-02
1.007485895848457503e-03,9.019607843137255054e-01,-7.843137254901960675e-02
1.007487895848400939e-03,9.411764705882352811e-01,7.843137254901960675e-02
1.007489895848344376e-03,8.627450980392157298e-01,0.000000000000000000e+00
1.007491895848287812e-03,8.627450980392157298e-01,0.000000000000000000e+00
1.007493895848231248e-03,9.019607843137255054e-01,1.176470588235294101e-01
1.007495895848174684e-03,9.411764705882352811e-01,-7.843137254901960675e-02
1.007497895848118120e-03,8.235294117647058432e-01,3.921568627450980338e-02
1.007499895848061556e-03,9.019607843137255054e-01,0.000000000000000000e+00
1.007501895848004992e-03,8.627450980392157298e-01,0.000000000000000000e+00
1.007503895847948428e-03,9.019607843137255054e-01,7.843137254901960675e-02
1.007505895847891865e-03,8.235294117647058432e-01,-7.843137254901960675e-02
1.007507895847835301e-03,8.235294117647058432e-01,7.843137254901960675e-02
1.007509895847778737e-03,9.019607843137255054e-01,0.000000000000000000e+00
1.007511895847722173e-03,9.411764705882352811e-01,-7.843137254901960675e-02
1.007513895847665609e-03,8.235294117647058432e-01,7.843137254901960675e-02
1.007515895847609045e-03,8.627450980392157298e-01,-1.568627450980392135e-01
1.007517895847552481e-03,9.019607843137255054e-01,1.176470588235294101e-01
1.007519895847495918e-03,9.411764705882352811e-01,0.000000000000000000e+00
1.007521895847439354e-03,8.627450980392157298e-01,-7.843137254901960675e-02
1.007523895847382790e-03,9.019607843137255054e-01,1.176470588235294101e-01
1.007525895847326226e-03,9.019607843137255054e-01,-7.843137254901960675e-02
1.007527895847269662e-03,9.019607843137255054e-01,7.843137254901960675e-02
1.007529895847213098e-03,8.627450980392157298e-01,0.000000000000000000e+00
1.007531895847156534e-03,8.627450980392157298e-01,0.000000000000000000e+00
1.007533895847099971e-03,9.019607843137255054e-01,7.843137254901960675e-02
1.007535895847043407e-03,9.411764705882352811e-01,-3.921568627450980338e-02
1.007537895846986843e-03,8.235294117647058432e-01,3.921568627450980338e-02
1.007539895846930279e-03,9.019607843137255054e-01,3.921568627450980338e-02
1.007541895846873715e-03,9.019607843137255054e-01,3.921568627450980338e-02
1.007543895846817151e-03,9.019607843137255054e-01,7.843137254901960675e-02
1.007545895846760587e-03,8.627450980392157298e-01,-7.843137254901960675e-02
1.007547895846704024e-03,9.019607843137255054e-01,1.176470588235294101e-01
1.007549895846647460e-03,9.019607843137255054e-01,0.000000000000000000e+00
1.007551895846590896e-03,9.411764705882352811e-01,-7.843137254901960675e-02
1.007553895846534332e-03,8.235294117647058432e-01,7.843137254901960675e-02
1.007555895846477768e-03,8.627450980392157298e-01,-7.843137254901960675e-02
1.007557895846421204e-03,9.019607843137255054e-01,1.568627450980392135e-01
1.007559895846364640e-03,9.411764705882352811e-01,-3.921568627450980338e-02
1.007561895846308076e-03,8.235294117647058432e-01,-3.921568627450980338e-02
1.007563895846251513e-03,9.019607843137255054e-01,7.843137254901960675e-02
1.007565895846194949e-03,9.019607843137255054e-01,-3.921568627450980338e-02
1.007567895846138385e-03,9.411764705882352811e-01,7.843137254901960675e-02
1.007569895846081821e-03,8.627450980392157298e-01,0.000000000000000000e+00
1.007571895846025257e-03,9.019607843137255054e-01,0.000000000000000000e+00
1.007573895845968693e-03,9.019607843137255054e-01,7.843137254901960675e-02
1.007575895845912129e-03,9.411764705882352811e-01,-7.843137254901960675e-02
1.007577895845855566e-03,8.627450980392157298e-01,3.921568627450980338e-02
1.007579895845799002e-03,8.627450980392157298e-01,0.000000000000000000e+00
1.007581895845742438e-03,9.019607843137255054e-01,7.843137254901960675e-02
1.007583895845685874e-03,9.411764705882352811e-01,3.921568627450980338e-02
1.007585895845629310e-03,8.627450980392157298e-01,-7.843137254901960675e-02
1.007587895845572746e-03,9.019607843137255054e-01,1.176470588235294101e-01
1.007589895845516182e-03,8.627450980392157298e-01,0.000000000000000000e+00
1.007591895845459619e-03,9.411764705882352811e-01,0.000000000000000000e+00
1.007593895845403055e-03,8.627450980392157298e-01,7.843137254901960675e-02
1.007595895845346491e-03,9.019607843137255054e-01,-1.568627450980392135e-01
1.007597895845289927e-03,9.019607843137255054e-01,1.176470588235294101e-01
1.007599895845233363e-03,9.411764705882352811e-01,0.000000000000000000e+00
1.007601895845176799e-03,8.235294117647058432e-01,-3.921568627450980338e-02
1.007603895845120235e-03,8.627450980392157298e-01,7.843137254901960675e-02
1.007605895845063671e-03,9.019607843137255054e-01,-3.921568627450980338e-02
1.007607895845007108e-03,9.019607843137255054e-01,7.843137254901960675e-02
1.007609895844950544e-03,8.627450980392157298e-01,3.921568627450980338e-02
1.007611895844893980e-03,8.627450980392157298e-01,3.921568627450980338e-02
1.007613895844837416e-03,9.019607843137255054e-01,7.843137254901960675e-02
1.007615895844780852e-03,9.019607843137255054e-01,-7.843137254901960675e-02
1.007617895844724288e-03,8.627450980392157298e-01,3.921568627450980338e-02
1.007619895844667724e-03,9.019607843137255054e-01,0.000000000000000000e+00
1.007621895844611161e-03,9.019607843137255054e-01,3.921568627450980338e-02
1.007623895844554597e-03,9.411764705882352811e-01,0.000000000000000000e+00
1.007625895844498033e-03,8.627450980392157298e-01,-7.843137254901960675e-02
1.007627895844441469e-03,9.019607843137255054e-01,3.921568627450980338e-02
1.007629895844384905e-03,9.019607843137255054e-01,0.000000000000000000e+00
1.007631895844328341e-03,9.411764705882352811e-01,-3.921568627450980338e-02
1.007633895844271777e-03,8.235294117647058432e-01,1.176470588235294101e-01
1.007635895844215214e-03,9.019607843137255054e-01,-1.568627450980392135e-01
1.007637895844158650e-03,8.627450980392157298e-01,1.176470588235294101e-01
1.007639895844102086e-03,9.411764705882352811e-01,-3.921568627450980338e-02
1.007641895844045522e-03,8.627450980392157298e-01,-3.921568627450980338e-02
1.007643895843988958e-03,8.235294117647058432e-01,7.843137254901960675e-02
1.007645895843932394e-03,9.019607843137255054e-01,-3.921568627450980338e-02
1.007647895843875830e-03,9.019607843137255054e-01,7.843137254901960675e-02
1.007649895843819267e-03,8.627450980392157298e-01,0.000000000000000000e+00
1.007651895843762703e-03,9.019607843137255054e-01,0.000000000000000000e+00
1.007653895843706139e-03,9.019607843137255054e-01,1.176470588235294101e-01
1.007655895843649575e-03,9.411764705882352811e-01,-7.843137254901960675e-02
1.007657895843593011e-03,8.627450980392157298e-01,7.843137254901960675e-02
1.007659895843536447e-03,8.627450980392157298e-01,0.000000000000000000e+00
1.007661895843479883e-03,9.019607843137255054e-01,0.000000000000000000e+00
1.007663895843423319e-03,9.019607843137255054e-01,7.843137254901960675e-02
1.007665895843366756e-03,8.627450980392157298e-01,-7.843137254901960675e-02
1.007667895843310192e-03,8.627450980392157298e-01,7.843137254901960675e-02
1.007669895843253628e-03,9.019607843137255054e-01,0.000000000000000000e+00
1.007671895843197064e-03,9.019607843137255054e-01,-3.921568627450980338e-02
1.007673895843140500e-03,8.235294117647058432e-01,7.843137254901960675e-02
1.007675895843083936e-03,9.019607843137255054e-01,-7.843137254901960675e-02
1.007677895843027372e-03,8.627450980392157298e-01,1.176470588235294101e-01
1.007679895842970809e-03,9.411764705882352811e-01,-3.921568627450980338e-02
1.007681895842914245e-03,8.627450980392157298e-01,-3.921568627450980338e-02
1.007683895842857681e-03,8.627450980392157298e-01,3.921568627450980338e-02
1.007685895842801117e-03,9.019607843137255054e-01,-7.843137254901960675e-02
1.007687895842744553e-03,9.411764705882352811e-01,7.843137254901960675e-02
1.007689895842687989e-03,8.627450980392157298e-01,0.000000000000000000e+00
1.007691895842631425e-03,8.627450980392157298e-01,3.921568627450980338e-02
1.007693895842574862e-03,9.019607843137255054e-01,1.176470588235294101e-01
1.007695895842518298e-03,9.019607843137255054e-01,-7.843137254901960675e-02
1.007697895842461734e-03,8.235294117647058432e-01,3.921568627450980338e-02
1.007699895842405170e-03,8.627450980392157298e-01,0.000000000000000000e+00
1.007701895842348606e-03,9.019607843137255054e-01,0.000000000000000000e+00
1.007703895842292042e-03,9.411764705882352811e-01,7.843137254901960675e-02
1.007705895842235478e-03,8.627450980392157298e-01,-7.843137254901960675e-02
1.007707895842178914e-03,8.235294117647058432e-01,7.843137254901960675e-02
1.007709895842122351e-03,8.627450980392157298e-01,0.000000000000000000e+00
1.007711895842065787e-03,9.411764705882352811e-01,-3.921568627450980338e-02
1.007713895842009223e-03,8.627450980392157298e-01,7.843137254901960675e-02
1.007715895841952659e-03,9.019607843137255054e-01,-7.843137254901960675e-02
1.007717895841896095e-03,9.019607843137255054e-01,1.568627450980392135e-01
1.007719895841839531e-03,9.411764705882352811e-01,-3.921568627450980338e-02
1.007721895841782967e-03,8.627450980392157298e-01,-3.921568627450980338e-02
1.007723895841726404e-03,8.627450980392157298e-01,7.843137254901960675e-02
1.007725895841669840e-03,9.019607843137255054e-01,-3.921568627450980338e-02
1.007727895841613276e-03,9.411764705882352811e-01,7.843137254901960675e-02
1.007729895841556712e-03,9.019607843137255054e-01,0.000000000000000000e+00
1.007731895841500148e-03,9.019607843137255054e-01,3.921568627450980338e-02
1.007733895841443584e-03,8.627450980392157298e-01,7.843137254901960675e-02
1.007735895841387020e-03,9.411764705882352811e-01,-7.843137254901960675e-02
1.007737895841330457e-03,8.235294117647058432e-01,3.921568627450980338e-02
1.007739895841273893e-03,9.019607843137255054e-01,0.000000000000000000e+00
1.007741895841217329e-03,9.019607843137255054e-01,3.921568627450980338e-02
1.007743895841160765e-03,9.411764705882352811e-01,7.843137254901960675e-02
1.007745895841104201e-03,8.627450980392157298e-01,-3.921568627450980338e-02
1.007747895841047637e-03,8.627450980392157298e-01,7.843137254901960675e-02
1.007749895840991073e-03,9.019607843137255054e-01,-3.921568627450980338e-02
1.007751895840934509e-03,9.411764705882352811e-01,-3.921568627450980338e-02
1.007753895840877946e-03,8.627450980392157298e-01,7.843137254901960675e-02
1.007755895840821382e-03,9.019607843137255054e-01,-1.568627450980392135e-01
1.007757895840764818e-03,9.019607843137255054e-01,1.176470588235294101e-01
1.007759895840708254e-03,9.411764705882352811e-01,0.000000000000000000e+00
1.007761895840651690e-03,8.627450980392157298e-01,-3.921568627450980338e-02
1.007763895840595126e-03,8.627450980392157298e-01,1.176470588235294101e-01
1.007765895840538562e-03,9.019607843137255054e-01,-7.843137254901960675e-02
1.007767895840481999e-03,9.019607843137255054e-01,7.843137254901960675e-02
1.007769895840425435e-03,8.627450980392157298e-01,0.000000000000000000e+00
1.007771895840368871e-03,9.019607843137255054e-01,0.000000000000000000e+00
1.007773895840312307e-03,9.019607843137255054e-01,1.176470588235294101e-01
1.007775895840255743e-03,9.411764705882352811e-01,-7.843137254901960675e-02
1.007777895840199179e-03,8.627450980392157298e-01,0.000000000000000000e+00
1.007779895840142615e-03,8.627450980392157298e-01,0.000000000000000000e+00
1.007781895840086052e-03,9.019607843137255054e-01,7.843137254901960675e-02
1.007783895840029488e-03,9.411764705882352811e-01,7.843137254901960675e-02
1.007785895839972924e-03,8.627450980392157298e-01,-7.843137254901960675e-02
1.007787895839916360e-03,9.019607843137255054e-01,7.843137254901960675e-02
1.007789895839859796e-03,9.019607843137255054e-01,0.000000000000000000e+00
1.007791895839803232e-03,9.411764705882352811e-01,-3.921568627450980338e-02
1.007793895839746668e-03,8.627450980392157298e-01,1.176470588235294101e-01
1.007795895839690105e-03,9.019607843137255054e-01,-1.568627450980392135e-01
1.007797895839633541e-03,9.019607843137255054e-01,1.176470588235294101e-01
1.007799895839576977e-03,9.411764705882352811e-01,-3.921568627450980338e-02
1.007801895839520413e-03,8.627450980392157298e-01,-3.921568627450980338e-02
1.007803895839463849e-03,8.627450980392157298e-01,7.843137254901960675e-02
1.007805895839407285e-03,9.019607843137255054e-01,-3.921568627450980338e-02
1.007807895839350721e-03,9.411764705882352811e-01,7.843137254901960675e-02
1.007809895839294157e-03,8.627450980392157298e-01,0.000000000000000000e+00
1.007811895839237594e-03,8.627450980392157298e-01,3.921568627450980338e-02
1.007813895839181030e-03,8.627450980392157298e-01,1.176470588235294101e-01
1.007815895839124466e-03,9.411764705882352811e-01,-3.921568627450980338e-02
1.007817895839067902e-03,8.627450980392157298e-01,3.921568627450980338e-02
1.007819895839011338e-03,9.019607843137255054e-01,0.000000000000000000e+00
1.007821895838954774e-03,9.019607843137255054e-01,0.000000000000000000e+00
1.007823895838898210e-03,9.411764705882352811e-01,7.843137254901960675e-02
1.007825895838841647e-03,8.627450980392157298e-01,-7.843137254901960675e-02
1.007827895838785083e-03,9.019607843137255054e-01,1.176470588235294101e-01
1.007829895838728519e-03,9.019607843137255054e-01,-3.921568627450980338e-02
1.007831895838671955e-03,9.411764705882352811e-01,-7.843137254901960675e-02
1.007833895838615391e-03,8.627450980392157298e-01,7.843137254901960675e-02
1.007835895838558827e-03,9.019607843137255054e-01,-7.843137254901960675e-02
1.007837895838502263e-03,9.019607843137255054e-01,1.176470588235294101e-01
1.007839895838445700e-03,9.411764705882352811e-01,-3.921568627450980338e-02
1.007841895838389136e-03,8.627450980392157298e-01,-3.921568627450980338e-02
1.007843895838332572e-03,9.019607843137255054e-01,7.843137254901960675e-02
1.007845895838276008e-03,9.019607843137255054e-01,-3.921568627450980338e-02
1.007847895838219444e-03,9.411764705882352811e-01,7.843137254901960675e-02
1.007849895838162880e-03,8.627450980392157298e-01,0.000000000000000000e+00
1.007851895838106316e-03,9.019607843137255054e-01,0.000000000000000000e+00
1.007853895838049752e-03,9.019607843137255054e-01,1.176470588235294101e-01
1.007855895837993189e-03,9.411764705882352811e-01,-7.843137254901960675e-02
1.007857895837936625e-03,8.627450980392157298e-01,3.921568627450980338e-02
1.007859895837880061e-03,8.627450980392157298e-01,0.000000000000000000e+00
1.007861895837823497e-03,9.019607843137255054e-01,3.921568627450980338e-02
1.007863895837766933e-03,9.411764705882352811e-01,3.921568627450980338e-02
1.007865895837710369e-03,9.019607843137255054e-01,-3.921568627450980338e-02
1.007867895837653805e-03,9.019607843137255054e-01,1.176470588235294101e-01
1.007869895837597242e-03,9.019607843137255054e-01,0.000000000000000000e+00
1.007871895837540678e-03,9.411764705882352811e-01,-3.921568627450980338e-02
1.007873895837484114e-03,8.627450980392157298e-01,7.843137254901960675e-02
1.007875895837427550e-03,9.019607843137255054e-01,-7.843137254901960675e-02
1.007877895837370986e-03,9.019607843137255054e-01,1.176470588235294101e-01
1.007879895837314422e-03,9.411764705882352811e-01,-3.921568627450980338e-02
1.007881895837257858e-03,8.627450980392157298e-01,-3.921568627450980338e-02
1.007883895837201295e-03,8.627450980392157298e-01,7.843137254901960675e-02
1.007885895837144731e-03,9.019607843137255054e-01,-3.921568627450980338e-02
1.007887895837088167e-03,9.019607843137255054e-01,7.843137254901960675e-02
1.007889895837031603e-03,8.627450980392157298e-01,0.000000000000000000e+00
1.007891895836975039e-03,9.019607843137255054e-01,0.000000000000000000e+00
1.007893895836918475e-03,9.019607843137255054e-01,7.843137254901960675e-02
1.007895895836861911e-03,9.411764705882352811e-01,-7.843137254901960675e-02
1.007897895836805347e-03,8.627450980392157298e-01,7.843137254901960675e-02
1.007899895836748784e-03,8.627450980392157298e-01,0.000000000000000000e+00
1.007901895836692220e-03,9.411764705882352811e-01,3.921568627450980338e-02
1.007903895836635656e-03,9.411764705882352811e-01,7.843137254901960675e-02
1.007905895836579092e-03,8.627450980392157298e-01,-3.921568627450980338e-02
1.007907895836522528e-03,8.627450980392157298e-01,3.921568627450980338e-02
1.007909895836465964e-03,9.019607843137255054e-01,0.000000000000000000e+00
1.007911895836409400e-03,9.411764705882352811e-01,-3.921568627450980338e-02
1.007913895836352837e-03,8.235294117647058432e-01,7.843137254901960675e-02
1.007915895836296273e-03,9.019607843137255054e-01,-1.568627450980392135e-01
1.007917895836239709e-03,8.627450980392157298e-01,1.568627450980392135e-01
1.007919895836183145e-03,9.411764705882352811e-01,0.000000000000000000e+00
1.007921895836126581e-03,8.627450980392157298e-01,-7.843137254901960675e-02
1.007923895836070017e-03,8.627450980392157298e-01,7.843137254901960675e-02
1.007925895836013453e-03,9.019607843137255054e-01,-3.921568627450980338e-02
1.007927895835956890e-03,9.411764705882352811e-01,7.843137254901960675e-02
1.007929895835900326e-03,8.627450980392157298e-01,0.000000000000000000e+00
1.007931895835843762e-03,9.019607843137255054e-01,0.000000000000000000e+00
1.007933895835787198e-03,8.627450980392157298e-01,7.843137254901960675e-02
1.007935895835730634e-03,9.411764705882352811e-01,-7.843137254901960675e-02
1.007937895835674070e-03,8.235294117647058432e-01,3.921568627450980338e-02
1.007939895835617506e-03,8.627450980392157298e-01,0.000000000000000000e+00
1.007941895835560943e-03,9.019607843137255054e-01,3.921568627450980338e-02
1.007943895835504379e-03,9.411764705882352811e-01,3.921568627450980338e-02
1.007945895835447815e-03,8.627450980392157298e-01,-7.843137254901960675e-02
1.007947895835391251e-03,8.235294117647058432e-01,7.843137254901960675e-02
1.007949895835334687e-03,9.019607843137255054e-01,-3.921568627450980338e-02
1.007951895835278123e-03,9.411764705882352811e-01,-3.921568627450980338e-02
1.007953895835221559e-03,8.627450980392157298e-01,7.843137254901960675e-02
1.007955895835164995e-03,9.019607843137255054e-01,-1.568627450980392135e-01
1.007957895835108432e-03,8.627450980392157298e-01,1.568627450980392135e-01
1.007959895835051868e-03,9.411764705882352811e-01,0.000000000000000000e+00
1.007961895834995304e-03,8.627450980392157298e-01,-3.921568627450980338e-02
1.007963895834938740e-03,8.627450980392157298e-01,7.843137254901960675e-02
1.007965895834882176e-03,9.019607843137255054e-01,-7.843137254901960675e-02
1.007967895834825612e-03,9.411764705882352811e-01,7.843137254901960675e-02
1.007969895834769048e-03,8.627450980392157298e-01,0.000000000000000000e+00
1.007971895834712485e-03,9.019607843137255054e-01,0.000000000000000000e+00
1.007973895834655921e-03,9.019607843137255054e-01,7.843137254901960675e-02
1.007975895834599357e-03,9.411764705882352811e-01,-3.921568627450980338e-02
1.007977895834542793e-03,8.627450980392157298e-01,7.843137254901960675e-02
1.007979895834486229e-03,9.019607843137255054e-01,0.000000000000000000e+00
1.007981895834429665e-03,9.019607843137255054e-01,3.921568627450980338e-02
1.007983895834373101e-03,9.019607843137255054e-01,7.843137254901960675e-02
1.007985895834316538e-03,8.627450980392157298e-01,-3.921568627450980338e-02
1.007987895834259974e-03,8.235294117647058432e-01,7.843137254901960675e-02
1.007989895834203410e-03,9.019607843137255054e-01,0.000000000000000000e+00
1.007991895834146846e-03,9.411764705882352811e-01,-7.843137254901960675e-02
1.007993895834090282e-03,8.235294117647058432e-01,1.176470588235294101e-01
1.007995895834033718e-03,8.627450980392157298e-01,-1.568627450980392135e-01
1.007997895833977154e-03,9.019607843137255054e-01,1.176470588235294101e-01
1.007999895833920590e-03,9.411764705882352811e-01,0.000000000000000000e+00
1.008001895833864027e-03,8.627450980392157298e-01,0.000000000000000000e+00
1.008003895833807463e-03,8.627450980392157298e-01,7.843137254901960675e-02
1.008005895833750899e-03,9.019607843137255054e-01,-3.921568627450980338e-02
1.008007895833694335e-03,9.411764705882352811e-01,7.843137254901960675e-02
1.008009895833637771e-03,8.627450980392157298e-01,3.921568627450980338e-02
1.008011895833581207e-03,9.411764705882352811e-01,0.000000000000000000e+00
1.008013895833524643e-03,9.019607843137255054e-01,7.843137254901960675e-02
1.008015895833468080e-03,9.411764705882352811e-01,-3.921568627450980338e-02
1.008017895833411516e-03,8.627450980392157298e-01,3.921568627450980338e-02
1.008019895833354952e-03,9.019607843137255054e-01,0.000000000000000000e+00
1.008021895833298388e-03,9.019607843137255054e-01,0.000000000000000000e+00
1.008023895833241824e-03,9.411764705882352811e-01,7.843137254901960675e-02
1.008025895833185260e-03,8.235294117647058432e-01,-7.843137254901960675e-02
1.008027895833128696e-03,8.627450980392157298e-01,7.843137254901960675e-02
1.008029895833072133e-03,8.627450980392157298e-01,0.000000000000000000e+00
1.008031895833015569e-03,9.411764705882352811e-01,-3.921568627450980338e-02
1.008033895832959005e-03,8.235294117647058432e-01,7.843137254901960675e-02
1.008035895832902441e-03,8.627450980392157298e-01,0.000000000000000000e+00
1.008037895832845877e-03,9.019607843137255054e-01,1.176470588235294101e-01
1.008039895832789313e-03,9.411764705882352811e-01,0.000000000000000000e+00
1.008041895832732749e-03,8.627450980392157298e-01,-3.921568627450980338e-02
1.008043895832676186e-03,8.627450980392157298e-01,7.843137254901960675e-02
1.008045895832619622e-03,9.411764705882352811e-01,-3.921568627450980338e-02
1.008047895832563058e-03,9.411764705882352811e-01,3.921568627450980338e-02
1.008049895832506494e-03,8.627450980392157298e-01,3.921568627450980338e-02
1.008051895832449930e-03,9.019607843137255054e-01,3.921568627450980338e-02
1.008053895832393366e-03,9.019607843137255054e-01,1.176470588235294101e-01
1.008055895832336802e-03,9.411764705882352811e-01,-3.921568627450980338e-02
1.008057895832280238e-03,8.627450980392157298e-01,3.921568627450980338e-02
1.008059895832223675e-03,8.627450980392157298e-01,0.000000000000000000e+00
1.008061895832167111e-03,8.627450980392157298e-01,0.000000000000000000e+00
1.008063895832110547e-03,9.019607843137255054e-01,7.843137254901960675e-02
1.008065895832053983e-03,8.627450980392157298e-01,-7.843137254901960675e-02
1.008067895831997419e-03,9.019607843137255054e-01,7.843137254901960675e-02
1.008069895831940855e-03,9.019607843137255054e-01,-3.921568627450980338e-02
1.008071895831884291e-03,9.411764705882352811e-01,0.000000000000000000e+00
1.008073895831827728e-03,8.235294117647058432e-01,7.843137254901960675e-02
1.008075895831771164e-03,8.235294117647058432e-01,-1.568627450980392135e-01
1.008077895831714600e-03,9.019607843137255054e-01,1.568627450980392135e-01
1.008079895831658036e-03,9.411764705882352811e-01,-3.921568627450980338e-02
1.008081895831601472e-03,8.235294117647058432e-01,0.000000000000000000e+00
1.008083895831544908e-03,9.019607843137255054e-01,7.843137254901960675e-02
1.008085895831488344e-03,9.019607843137255054e-01,-3.921568627450980338e-02
1.008087895831431781e-03,9.411764705882352811e-01,7.843137254901960675e-02
1.008089895831375217e-03,8.235294117647058432e-01,0.000000000000000000e+00
1.008091895831318653e-03,8.627450980392157298e-01,-7.843137254901960675e-02
1.008093895831262089e-03,9.019607843137255054e-01,1.568627450980392135e-01
1.008095895831205525e-03,9.411764705882352811e-01,-7.843137254901960675e-02
1.008097895831148961e-03,8.235294117647058432e-01,3.921568627450980338e-02
1.008099895831092397e-03,9.019607843137255054e-01,0.000000000000000000e+00
1.008101895831035833e-03,9.019607843137255054e-01,3.921568627450980338e-02
1.008103895830979270e-03,9.411764705882352811e-01,7.843137254901960675e-02
1.008105895830922706e-03,8.627450980392157298e-01,-3.921568627450980338e-02
1.008107895830866142e-03,9.019607843137255054e-01,1.176470588235294101e-01
1.008109895830809578e-03,9.019607843137255054e-01,0.000000000000000000e+00
1.008111895830753014e-03,9.411764705882352811e-01,-3.921568627450980338e-02
1.008113895830696450e-03,8.627450980392157298e-01,1.176470588235294101e-01
1.008115895830639886e-03,9.019607843137255054e-01,-1.568627450980392135e-01
1.008117895830583323e-03,9.019607843137255054e-01,7.843137254901960675e-02
1.008119895830526759e-03,9.411764705882352811e-01,3.921568627450980338e-02
1.008121895830470195e-03,8.627450980392157298e-01,-7.843137254901960675e-02
1.008123895830413631e-03,8.235294117647058432e-01,1.176470588235294101e-01
1.008125895830357067e-03,9.019607843137255054e-01,-3.921568627450980338e-02
1.008127895830300503e-03,9.019607843137255054e-01,7.843137254901960675e-02
1.008129895830243939e-03,8.627450980392157298e-01,0.000000000000000000e+00
1.008131895830187376e-03,8.627450980392157298e-01,0.000000000000000000e+00
1.008133895830130812e-03,9.019607843137255054e-01,1.176470588235294101e-01
1.008135895830074248e-03,9.411764705882352811e-01,-7.843137254901960675e-02
1.008137895830017684e-03,8.627450980392157298e-01,3.921568627450980338e-02
1.008139895829961120e-03,8.235294117647058432e-01,0.000000000000000000e+00
1.008141895829904556e-03,9.019607843137255054e-01,3.921568627450980338e-02
1.008143895829847992e-03,9.411764705882352811e-01,3.921568627450980338e-02
1.008145895829791428e-03,8.627450980392157298e-01,-7.843137254901960675e-02
1.008147895829734865e-03,8.627450980392157298e-01,1.176470588235294101e-01
1.008149895829678301e-03,8.627450980392157298e-01,0.000000000000000000e+00
1.008151895829621737e-03,9.411764705882352811e-01,-3.921568627450980338e-02
1.008153895829565173e-03,8.627450980392157298e-01,1.176470588235294101e-01
1.008155895829508609e-03,9.019607843137255054e-01,-1.568627450980392135e-01
1.008157895829452045e-03,8.627450980392157298e-01,1.176470588235294101e-01
1.008159895829395481e-03,9.411764705882352811e-01,0.000000000000000000e+00
1.008161895829338918e-03,8.627450980392157298e-01,-3.921568627450980338e-02
1.008163895829282354e-03,8.627450980392157298e-01,7.843137254901960675e-02
1.008165895829225790e-03,8.627450980392157298e-01,-3.921568627450980338e-02
1.008167895829169226e-03,9.411764705882352811e-01,7.843137254901960675e-02
1.008169895829112662e-03,8.627450980392157298e-01,0.000000000000000000e+00
1.008171895829056098e-03,8.627450980392157298e-01,0.000000000000000000e+00
1.008173895828999534e-03,9.019607843137255054e-01,1.176470588235294101e-01
1.008175895828942971e-03,9.019607843137255054e-01,-7.843137254901960675e-02
1.008177895828886407e-03,8.235294117647058432e-01,3.921568627450980338e-02
1.008179895828829843e-03,9.019607843137255054e-01,3.921568627450980338e-02
1.008181895828773279e-03,9.411764705882352811e-01,3.921568627450980338e-02
1.008183895828716715e-03,9.411764705882352811e-01,0.000000000000000000e+00
1.008185895828660151e-03,8.627450980392157298e-01,-7.843137254901960675e-02
1.008187895828603587e-03,9.019607843137255054e-01,3.921568627450980338e-02
1.008189895828547024e-03,9.019607843137255054e-01,0.000000000000000000e+00
1.008191895828490460e-03,9.411764705882352811e-01,-3.921568627450980338e-02
1.008193895828433896e-03,8.235294117647058432e-01,7.843137254901960675e-02
1.008195895828377332e-03,9.019607843137255054e-01,-1.568627450980392135e-01
1.008197895828320768e-03,9.019607843137255054e-01,1.176470588235294101e-01
1.008199895828264204e-03,9.411764705882352811e-01,0.000000000000000000e+00
1.008201895828207640e-03,8.627450980392157298e-01,-7.843137254901960675e-02
1.008203895828151076e-03,9.019607843137255054e-01,7.843137254901960675e-02
1.008205895828094513e-03,9.019607843137255054e-01,-7.843137254901960675e-02
1.008207895828037949e-03,9.411764705882352811e-01,7.843137254901960675e-02
1.008209895827981385e-03,8.627450980392157298e-01,0.000000000000000000e+00
1.008211895827924821e-03,9.019607843137255054e-01,0.000000000000000000e+00
1.008213895827868257e-03,9.019607843137255054e-01,1.176470588235294101e-01
1.008215895827811693e-03,9.411764705882352811e-01,-7.843137254901960675e-02
1.008217895827755129e-03,8.235294117647058432e-01,7.843137254901960675e-02
1.008219895827698566e-03,9.019607843137255054e-01,0.000000000000000000e+00
1.008221895827642002e-03,8.627450980392157298e-01,3.921568627450980338e-02
1.008223895827585438e-03,9.411764705882352811e-01,7.843137254901960675e-02
1.008225895827528874e-03,8.627450980392157298e-01,-7.843137254901960675e-02
1.008227895827472310e-03,8.235294117647058432e-01,3.921568627450980338e-02
1.008229895827415746e-03,9.019607843137255054e-01,0.000000000000000000e+00
1.008231895827359182e-03,9.411764705882352811e-01,-3.921568627450980338e-02
1.008233895827302619e-03,8.627450980392157298e-01,7.843137254901960675e-02
1.008235895827246055e-03,8.627450980392157298e-01,-1.568627450980392135e-01
1.008237895827189491e-03,9.019607843137255054e-01,1.568627450980392135e-01
1.008239895827132927e-03,9.411764705882352811e-01,0.000000000000000000e+00
1.008241895827076363e-03,8.627450980392157298e-01,-7.843137254901960675e-02
1.008243895827019799e-03,8.235294117647058432e-01,7.843137254901960675e-02
1.008245895826963235e-03,9.019607843137255054e-01,-3.921568627450980338e-02
1.008247895826906671e-03,9.411764705882352811e-01,7.843137254901960675e-02
1.008249895826850108e-03,8.627450980392157298e-01,0.000000000000000000e+00
1.008251895826793544e-03,9.019607843137255054e-01,0.000000000000000000e+00
1.008253895826736980e-03,9.019607843137255054e-01,7.843137254901960675e-02
1.008255895826680416e-03,9.411764705882352811e-01,-7.843137254901960675e-02
1.008257895826623852e-03,8.235294117647058432e-01,3.921568627450980338e-02
1.008259895826567288e-03,9.019607843137255054e-01,0.000000000000000000e+00
1.008261895826510724e-03,9.019607843137255054e-01,3.921568627450980338e-02
1.008263895826454161e-03,9.411764705882352811e-01,7.843137254901960675e-02
1.008265895826397597e-03,8.627450980392157298e-01,-7.843137254901960675e-02
1.008267895826341033e-03,9.019607843137255054e-01,7.843137254901960675e-02
1.008269895826284469e-03,9.019607843137255054e-01,0.000000000000000000e+00
1.008271895826227905e-03,9.411764705882352811e-01,0.000000000000000000e+00
1.008273895826171341e-03,8.235294117647058432e-01,7.843137254901960675e-02
1.008275895826114777e-03,8.627450980392157298e-01,-1.568627450980392135e-01
1.008277895826058214e-03,9.019607843137255054e-01,1.176470588235294101e-01
1.008279895826001650e-03,9.411764705882352811e-01,0.000000000000000000e+00
1.008281895825945086e-03,8.627450980392157298e-01,0.000000000000000000e+00
1.008283895825888522e-03,8.235294117647058432e-01,7.843137254901960675e-02
1.008285895825831958e-03,9.019607843137255054e-01,-3.921568627450980338e-02
1.008287895825775394e-03,9.411764705882352811e-01,7.843137254901960675e-02
1.008289895825718830e-03,8.627450980392157298e-01,0.000000000000000000e+00
1.008291895825662267e-03,8.627450980392157298e-01,0.000000000000000000e+00
1.008293895825605703e-03,8.627450980392157298e-01,7.843137254901960675e-02
1.008295895825549139e-03,9.411764705882352811e-01,-7.843137254901960675e-02
1.008297895825492575e-03,8.627450980392157298e-01,0.000000000000000000e+00
1.008299895825436011e-03,8.627450980392157298e-01,0.000000000000000000e+00
1.008301895825379447e-03,9.019607843137255054e-01,3.921568627450980338e-02
1.008303895825322883e-03,9.411764705882352811e-01,7.843137254901960675e-02
1.008305895825266319e-03,8.627450980392157298e-01,-3.921568627450980338e-02
1.008307895825209756e-03,8.235294117647058432e-01,7.843137254901960675e-02
1.008309895825153192e-03,9.019607843137255054e-01,-3.921568627450980338e-02
1.008311895825096628e-03,9.411764705882352811e-01,-3.921568627450980338e-02
1.008313895825040064e-03,8.627450980392157298e-01,1.176470588235294101e-01
1.008315895824983500e-03,9.019607843137255054e-01,-7.843137254901960675e-02
1.008317895824926936e-03,9.019607843137255054e-01,1.176470588235294101e-01
1.008319895824870372e-03,9.411764705882352811e-01,3.921568627450980338e-02
1.008321895824813809e-03,8.235294117647058432e-01,-7.843137254901960675e-02
1.008323895824757245e-03,8.235294117647058432e-01,7.843137254901960675e-02
1.008325895824700681e-03,9.019607843137255054e-01,-3.921568627450980338e-02
1.008327895824644117e-03,9.411764705882352811e-01,7.843137254901960675e-02
1.008329895824587553e-03,8.627450980392157298e-01,3.921568627450980338e-02
1.008331895824530989e-03,8.627450980392157298e-01,0.000000000000000000e+00
1.008333895824474425e-03,9.019607843137255054e-01,7.843137254901960675e-02
1.008335895824417862e-03,9.411764705882352811e-01,-7.843137254901960675e-02
1.008337895824361298e-03,8.627450980392157298e-01,3.921568627450980338e-02
1.008339895824304734e-03,9.019607843137255054e-01,0.000000000000000000e+00
1.008341895824248170e-03,9.019607843137255054e-01,3.921568627450980338e-02
1.008343895824191606e-03,9.411764705882352811e-01,7.843137254901960675e-02
1.008345895824135042e-03,8.235294117647058432e-01,-7.843137254901960675e-02
1.008347895824078478e-03,8.627450980392157298e-01,7.843137254901960675e-02
1.008349895824021914e-03,9.019607843137255054e-01,-3.921568627450980338e-02
1.008351895823965351e-03,9.411764705882352811e-01,-3.921568627450980338e-02
1.008353895823908787e-03,8.627450980392157298e-01,7.843137254901960675e-02
1.008355895823852223e-03,9.019607843137255054e-01,-1.568627450980392135e-01
1.008357895823795659e-03,9.019607843137255054e-01,1.176470588235294101e-01
1.008359895823739095e-03,9.411764705882352811e-01,0.000000000000000000e+00
1.008361895823682531e-03,8.627450980392157298e-01,-7.843137254901960675e-02
1.008363895823625967e-03,8.627450980392157298e-01,7.843137254901960675e-02
1.008365895823569404e-03,9.019607843137255054e-01,-3.921568627450980338e-02
1.008367895823512840e-03,9.019607843137255054e-01,7.843137254901960675e-02
1.008369895823456276e-03,8.627450980392157298e-01,3.921568627450980338e-02
1.008371895823399712e-03,9.019607843137255054e-01,0.000000000000000000e+00
1.008373895823343148e-03,9.019607843137255054e-01,1.176470588235294101e-01
1.008375895823286584e-03,9.411764705882352811e-01,-7.843137254901960675e-02
1.008377895823230020e-03,8.627450980392157298e-01,3.921568627450980338e-02
1.008379895823173457e-03,8.627450980392157298e-01,0.000000000000000000e+00
1.008381895823116893e-03,8.627450980392157298e-01,0.000000000000000000e+00
1.008383895823060329e-03,9.019607843137255054e-01,7.843137254901960675e-02
1.008385895823003765e-03,8.627450980392157298e-01,-7.843137254901960675e-02
1.008387895822947201e-03,8.627450980392157298e-01,7.843137254901960675e-02
1.008389895822890637e-03,9.019607843137255054e-01,0.000000000000000000e+00
1.008391895822834073e-03,9.411764705882352811e-01,-3.921568627450980338e-02
1.008393895822777509e-03,8.235294117647058432e-01,7.843137254901960675e-02
1.008395895822720946e-03,9.019607843137255054e-01,-1.568627450980392135e-01
1.008397895822664382e-03,9.019607843137255054e-01,1.176470588235294101e-01
1.008399895822607818e-03,9.411764705882352811e-01,3.921568627450980338e-02
1.008401895822551254e-03,8.627450980392157298e-01,-7.843137254901960675e-02
1.008403895822494690e-03,9.019607843137255054e-01,7.843137254901960675e-02
1.008405895822438126e-03,9.019607843137255054e-01,-7.843137254901960675e-02
1.008407895822381562e-03,9.019607843137255054e-01,7.843137254901960675e-02
1.008409895822324999e-03,8.627450980392157298e-01,0.000000000000000000e+00
1.008411895822268435e-03,8.627450980392157298e-01,0.000000000000000000e+00
1.008413895822211871e-03,9.019607843137255054e-01,7.843137254901960675e-02
1.008415895822155307e-03,9.411764705882352811e-01,-7.843137254901960675e-02
1.008417895822098743e-03,8.235294117647058432e-01,3.921568627450980338e-02
1.008419895822042179e-03,8.627450980392157298e-01,0.000000000000000000e+00
1.008421895821985615e-03,9.019607843137255054e-01,3.921568627450980338e-02
1.008423895821929052e-03,9.411764705882352811e-01,7.843137254901960675e-02
1.008425895821872488e-03,8.627450980392157298e-01,-7.843137254901960675e-02
1.008427895821815924e-03,8.627450980392157298e-01,1.176470588235294101e-01
1.008429895821759360e-03,9.019607843137255054e-01,0.000000000000000000e+00
1.008431895821702796e-03,9.411764705882352811e-01,-3.921568627450980338e-02
1.008433895821646232e-03,8.627450980392157298e-01,1.176470588235294101e-01
1.008435895821589668e-03,9.019607843137255054e-01,-1.568627450980392135e-01
1.008437895821533105e-03,8.627450980392157298e-01,1.568627450980392135e-01
1.008439895821476541e-03,9.411764705882352811e-01,0.000000000000000000e+00
1.008441895821419977e-03,8.627450980392157298e-01,-3.921568627450980338e-02
1.008443895821363413e-03,8.627450980392157298e-01,7.843137254901960675e-02
1.008445895821306849e-03,9.019607843137255054e-01,-7.843137254901960675e-02
1.008447895821250285e-03,9.411764705882352811e-01,7.843137254901960675e-02
1.008449895821193721e-03,8.627450980392157298e-01,3.921568627450980338e-02
1.008451895821137157e-03,8.627450980392157298e-01,0.000000000000000000e+00
1.008453895821080594e-03,9.019607843137255054e-01,1.176470588235294101e-01
1.008455895821024030e-03,9.411764705882352811e-01,-3.921568627450980338e-02
1.008457895820967466e-03,8.627450980392157298e-01,3.921568627450980338e-02
1.008459895820910902e-03,9.019607843137255054e-01,0.000000000000000000e+00
1.008461895820854338e-03,8.627450980392157298e-01,3.921568627450980338e-02
1.008463895820797774e-03,9.019607843137255054e-01,3.921568627450980338e-02
1.008465895820741210e-03,8.627450980392157298e-01,-3.921568627450980338e-02
1.008467895820684647e-03,9.019607843137255054e-01,7.843137254901960675e-02
1.008469895820628083e-03,9.019607843137255054e-01,0.000000000000000000e+00
1.008471895820571519e-03,9.411764705882352811e-01,-3.921568627450980338e-02
1.008473895820514955e-03,8.627450980392157298e-01,1.176470588235294101e-01
1.008475895820458391e-03,9.019607843137255054e-01,-1.568627450980392135e-01
1.008477895820401827e-03,9.019607843137255054e-01,1.176470588235294101e-01
1.008479895820345263e-03,9.411764705882352811e-01,0.000000000000000000e+00
1.008481895820288700e-03,8.627450980392157298e-01,-3.921568627450980338e-02
1.008483895820232136e-03,9.019607843137255054e-01,7.843137254901960675e-02
1.008485895820175572e-03,9.411764705882352811e-01,-1.568627450980392135e-01
1.008487895820119008e-03,9.411764705882352811e-01,7.843137254901960675e-02
1.008489895820062444e-03,9.019607843137255054e-01,0.000000000000000000e+00
1.008491895820005880e-03,9.411764705882352811e-01,0.000000000000000000e+00
1.008493895819949316e-03,9.019607843137255054e-01,7.843137254901960675e-02
1.008495895819892752e-03,9.411764705882352811e-01,-7.843137254901960675e-02
1.008497895819836189e-03,8.235294117647058432e-01,3.921568627450980338e-02
1.008499895819779625e-03,9.019607843137255054e-01,0.000000000000000000e+00
1.008501895819723061e-03,9.019607843137255054e-01,3.921568627450980338e-02
1.008503895819666497e-03,9.411764705882352811e-01,7.843137254901960675e-02
1.008505895819609933e-03,9.019607843137255054e-01,-7.843137254901960675e-02
1.008507895819553369e-03,9.019607843137255054e-01,3.921568627450980338e-02
1.008509895819496805e-03,9.019607843137255054e-01,0.000000000000000000e+00
1.008511895819440242e-03,9.411764705882352811e-01,-3.921568627450980338e-02
1.008513895819383678e-03,8.235294117647058432e-01,1.568627450980392135e-01
1.008515895819327114e-03,9.019607843137255054e-01,-1.568627450980392135e-01
1.008517895819270550e-03,9.411764705882352811e-01,1.176470588235294101e-01
1.008519895819213986e-03,9.411764705882352811e-01,0.000000000000000000e+00
1.008521895819157422e-03,8.235294117647058432e-01,-3.921568627450980338e-02
1.008523895819100858e-03,9.019607843137255054e-01,7.843137254901960675e-02
1.008525895819044295e-03,9.411764705882352811e-01,-3.921568627450980338e-02
1.008527895818987731e-03,9.411764705882352811e-01,7.843137254901960675e-02
1.008529895818931167e-03,8.627450980392157298e-01,3.921568627450980338e-02
1.008531895818874603e-03,8.627450980392157298e-01,0.000000000000000000e+00
1.008533895818818039e-03,8.627450980392157298e-01,7.843137254901960675e-02
1.008535895818761475e-03,9.411764705882352811e-01,-7.843137254901960675e-02
1.008537895818704911e-03,8.627450980392157298e-01,0.000000000000000000e+00
1.008539895818648348e-03,8.235294117647058432e-01,0.000000000000000000e+00
1.008541895818591784e-03,9.019607843137255054e-01,3.921568627450980338e-02
1.008543895818535220e-03,9.019607843137255054e-01,3.921568627450980338e-02
1.008545895818478656e-03,8.627450980392157298e-01,-7.843137254901960675e-02
1.008547895818422092e-03,8.627450980392157298e-01,7.843137254901960675e-02
1.008549895818365528e-03,8.627450980392157298e-01,0.000000000000000000e+00
1.008551895818308964e-03,9.411764705882352811e-01,-3.921568627450980338e-02
1.008553895818252400e-03,8.235294117647058432e-01,1.568627450980392135e-01
1.008555895818195837e-03,9.019607843137255054e-01,-1.568627450980392135e-01
1.008557895818139273e-03,9.019607843137255054e-01,1.176470588235294101e-01
1.008559895818082709e-03,9.411764705882352811e-01,0.000000000000000000e+00
1.008561895818026145e-03,8.627450980392157298e-01,-3.921568627450980338e-02
1.008563895817969581e-03,8.627450980392157298e-01,7.843137254901960675e-02
1.008565895817913017e-03,9.411764705882352811e-01,-3.921568627450980338e-02
1.008567895817856453e-03,9.411764705882352811e-01,7.843137254901960675e-02
1.008569895817799890e-03,8.235294117647058432e-01,0.000000000000000000e+00
1.008571895817743326e-03,8.627450980392157298e-01,0.000000000000000000e+00
1.008573895817686762e-03,9.411764705882352811e-01,1.176470588235294101e-01
1.008575895817630198e-03,9.411764705882352811e-01,-7.843137254901960675e-02
1.008577895817573634e-03,8.627450980392157298e-01,7.843137254901960675e-02
1.008579895817517070e-03,8.627450980392157298e-01,3.921568627450980338e-02
1.008581895817460506e-03,8.627450980392157298e-01,0.000000000000000000e+00
1.008583895817403943e-03,9.411764705882352811e-01,7.843137254901960675e-02
1.008585895817347379e-03,8.627450980392157298e-01,-7.843137254901960675e-02
1.008587895817290815e-03,8.627450980392157298e-01,7.843137254901960675e-02
1.008589895817234251e-03,9.019607843137255054e-01,0.000000000000000000e+00
1.008591895817177687e-03,9.803921568627450567e-01,-3.921568627450980338e-02
1.008593895817121123e-03,8.235294117647058432e-01,7.843137254901960675e-02
1.008595895817064559e-03,9.019607843137255054e-01,-7.843137254901960675e-02
1.008597895817007995e-03,8.627450980392157298e-01,1.568627450980392135e-01
1.008599895816951432e-03,9.411764705882352811e-01,-3.921568627450980338e-02
1.008601895816894868e-03,8.235294117647058432e-01,-3.921568627450980338e-02
1.008603895816838304e-03,9.019607843137255054e-01,7.843137254901960675e-02
1.008605895816781740e-03,9.019607843137255054e-01,-1.568627450980392135e-01
1.008607895816725176e-03,9.411764705882352811e-01,7.843137254901960675e-02
1.008609895816668612e-03,8.627450980392157298e-01,0.000000000000000000e+00
1.008611895816612048e-03,8.627450980392157298e-01,0.000000000000000000e+00
1.008613895816555485e-03,9.019607843137255054e-01,1.176470588235294101e-01
1.008615895816498921e-03,9.411764705882352811e-01,-7.843137254901960675e-02
1.008617895816442357e-03,8.235294117647058432e-01,3.921568627450980338e-02
1.008619895816385793e-03,9.019607843137255054e-01,0.000000000000000000e+00
1.008621895816329229e-03,9.019607843137255054e-01,3.921568627450980338e-02
1.008623895816272665e-03,9.019607843137255054e-01,7.843137254901960675e-02
1.008625895816216101e-03,8.627450980392157298e-01,-7.843137254901960675e-02
1.008627895816159538e-03,9.019607843137255054e-01,7.843137254901960675e-02
1.008629895816102974e-03,8.627450980392157298e-01,-3.921568627450980338e-02
1.008631895816046410e-03,9.411764705882352811e-01,-3.921568627450980338e-02
1.008633895815989846e-03,8.627450980392157298e-01,1.568627450980392135e-01
1.008635895815933282e-03,9.019607843137255054e-01,-7.843137254901960675e-02
1.008637895815876718e-03,8.627450980392157298e-01,1.176470588235294101e-01
1.008639895815820154e-03,9.411764705882352811e-01,0.000000000000000000e+00
1.008641895815763590e-03,8.235294117647058432e-01,-3.921568627450980338e-02
1.008643895815707027e-03,8.627450980392157298e-01,7.843137254901960675e-02
1.008645895815650463e-03,9.411764705882352811e-01,-3.921568627450980338e-02
1.008647895815593899e-03,9.411764705882352811e-01,7.843137254901960675e-02
1.008649895815537335e-03,9.019607843137255054e-01,3.921568627450980338e-02
1.008651895815480771e-03,9.019607843137255054e-01,0.000000000000000000e+00
1.008653895815424207e-03,9.019607843137255054e-01,7.843137254901960675e-02
1.008655895815367643e-03,9.411764705882352811e-01,-7.843137254901960675e-02
1.008657895815311080e-03,8.627450980392157298e-01,3.921568627450980338e-02
1.008659895815254516e-03,9.411764705882352811e-01,0.000000000000000000e+00
1.008661895815197952e-03,9.019607843137255054e-01,3.921568627450980338e-02
1.008663895815141388e-03,9.411764705882352811e-01,7.843137254901960675e-02
1.008665895815084824e-03,8.627450980392157298e-01,-7.843137254901960675e-02
1.008667895815028260e-03,9.019607843137255054e-01,7.843137254901960675e-02
1.008669895814971696e-03,9.019607843137255054e-01,0.000000000000000000e+00
1.008671895814915133e-03,9.411764705882352811e-01,0.000000000000000000e+00
1.008673895814858569e-03,8.627450980392157298e-01,7.843137254901960675e-02
1.008675895814802005e-03,9.019607843137255054e-01,-1.568627450980392135e-01
1.008677895814745441e-03,9.019607843137255054e-01,1.176470588235294101e-01
1.008679895814688877e-03,9.411764705882352811e-01,0.000000000000000000e+00
1.008681895814632313e-03,8.235294117647058432e-01,-7.843137254901960675e-02
1.008683895814575749e-03,8.627450980392157298e-01,7.843137254901960675e-02
1.008685895814519186e-03,9.411764705882352811e-01,-7.843137254901960675e-02
1.008687895814462622e-03,9.411764705882352811e-01,7.843137254901960675e-02
1.008689895814406058e-03,8.627450980392157298e-01,0.000000000000000000e+00
1.008691895814349494e-03,8.627450980392157298e-01,3.921568627450980338e-02
1.008693895814292930e-03,8.627450980392157298e-01,1.176470588235294101e-01
1.008695895814236366e-03,9.411764705882352811e-01,-7.843137254901960675e-02
1.008697895814179802e-03,8.627450980392157298e-01,7.843137254901960675e-02
1.008699895814123238e-03,9.019607843137255054e-01,0.000000000000000000e+00
1.008701895814066675e-03,9.019607843137255054e-01,3.921568627450980338e-02
1.008703895814010111e-03,9.019607843137255054e-01,7.843137254901960675e-02
1.008705895813953547e-03,8.627450980392157298e-01,-3.921568627450980338e-02
1.008707895813896983e-03,8.235294117647058432e-01,1.176470588235294101e-01
1.008709895813840419e-03,9.411764705882352811e-01,0.000000000000000000e+00
1.008711895813783855e-03,9.411764705882352811e-01,0.000000000000000000e+00
1.008713895813727291e-03,8.627450980392157298e-01,7.843137254901960675e-02
1.008715895813670728e-03,9.019607843137255054e-01,-1.568627450980392135e-01
1.008717895813614164e-03,8.627450980392157298e-01,1.176470588235294101e-01
1.008719895813557600e-03,9.411764705882352811e-01,0.000000000000000000e+00
1.008721895813501036e-03,8.235294117647058432e-01,-3.921568627450980338e-02
1.008723895813444472e-03,9.019607843137255054e-01,7.843137254901960675e-02
1.008725895813387908e-03,9.019607843137255054e-01,0.000000000000000000e+00
1.008727895813331344e-03,9.411764705882352811e-01,3.921568627450980338e-02
1.008729895813274781e-03,8.627450980392157298e-01,0.000000000000000000e+00
1.008731895813218217e-03,9.019607843137255054e-01,0.000000000000000000e+00
1.008733895813161653e-03,9.411764705882352811e-01,1.176470588235294101e-01
1.008735895813105089e-03,9.411764705882352811e-01,-7.843137254901960675e-02
1.008737895813048525e-03,8.627450980392157298e-01,3.921568627450980338e-02
1.008739895812991961e-03,9.019607843137255054e-01,0.000000000000000000e+00
1.008741895812935397e-03,9.019607843137255054e-01,0.000000000000000000e+00
1.008743895812878833e-03,9.411764705882352811e-01,3.921568627450980338e-02
1.008745895812822270e-03,8.627450980392157298e-01,-3.921568627450980338e-02
1.008747895812765706e-03,8.627450980392157298e-01,7.843137254901960675e-02
1.008749895812709142e-03,9.411764705882352811e-01,0.000000000000000000e+00
1.008751895812652578e-03,9.411764705882352811e-01,-3.921568627450980338e-02
1.008753895812596014e-03,8.235294117647058432e-01,1.176470588235294101e-01
1.008755895812539450e-03,9.019607843137255054e-01,-1.568627450980392135e-01
1.008757895812482886e-03,9.019607843137255054e-01,1.176470588235294101e-01
1.008759895812426323e-03,9.411764705882352811e-01,-3.921568627450980338e-02
1.008761895812369759e-03,8.627450980392157298e-01,0.000000000000000000e+00
1.008763895812313195e-03,9.019607843137255054e-01,7.843137254901960675e-02
1.008765895812256631e-03,9.411764705882352811e-01,-3.921568627450980338e-02
1.008767895812200067e-03,9.411764705882352811e-01,7.843137254901960675e-02
1.008769895812143503e-03,8.235294117647058432e-01,0.000000000000000000e+00
1.008771895812086939e-03,9.019607843137255054e-01,0.000000000000000000e+00
1.008773895812030376e-03,9.019607843137255054e-01,1.176470588235294101e-01
1.008775895811973812e-03,9.411764705882352811e-01,-7.843137254901960675e-02
1.008777895811917248e-03,8.235294117647058432e-01,7.843137254901960675e-02
1.008779895811860684e-03,9.019607843137255054e-01,0.000000000000000000e+00
1.008781895811804120e-03,8.627450980392157298e-01,0.000000000000000000e+00
1.008783895811747556e-03,9.411764705882352811e-01,7.843137254901960675e-02
1.008785895811690992e-03,8.627450980392157298e-01,-7.843137254901960675e-02
1.008787895811634428e-03,9.019607843137255054e-01,3.921568627450980338e-02
1.008789895811577865e-03,9.019607843137255054e-01,0.000000000000000000e+00
1.008791895811521301e-03,9.411764705882352811e-01,-3.921568627450980338e-02
1.008793895811464737e-03,8.235294117647058432e-01,1.176470588235294101e-01
1.008795895811408173e-03,8.627450980392157298e-01,-1.568627450980392135e-01
1.008797895811351609e-03,9.019607843137255054e-01,1.176470588235294101e-01
1.008799895811295045e-03,9.411764705882352811e-01,0.000000000000000000e+00
1.008801895811238481e-03,8.235294117647058432e-01,-3.921568627450980338e-02
1.008803895811181918e-03,9.019607843137255054e-01,1.176470588235294101e-01
1.008805895811125354e-03,9.411764705882352811e-01,-1.568627450980392135e-01
1.008807895811068790e-03,9.411764705882352811e-01,7.843137254901960675e-02
1.008809895811012226e-03,8.235294117647058432e-01,0.000000000000000000e+00
1.008811895810955662e-03,9.019607843137255054e-01,0.000000000000000000e+00
1.008813895810899098e-03,9.019607843137255054e-01,1.176470588235294101e-01
1.008815895810842534e-03,9.411764705882352811e-01,-7.843137254901960675e-02
1.008817895810785971e-03,8.235294117647058432e-01,3.921568627450980338e-02
1.008819895810729407e-03,8.627450980392157298e-01,0.000000000000000000e+00
1.008821895810672843e-03,9.019607843137255054e-01,0.000000000000000000e+00
1.008823895810616279e-03,9.411764705882352811e-01,7.843137254901960675e-02
1.008825895810559715e-03,8.627450980392157298e-01,-1.568627450980392135e-01
1.008827895810503151e-03,8.627450980392157298e-01,7.843137254901960675e-02
1.008829895810446587e-03,9.019607843137255054e-01,0.000000000000000000e+00
1.008831895810390024e-03,9.411764705882352811e-01,-3.921568627450980338e-02
1.008833895810333460e-03,8.627450980392157298e-01,1.176470588235294101e-01
1.008835895810276896e-03,9.019607843137255054e-01,-1.568627450980392135e-01
1.008837895810220332e-03,9.019607843137255054e-01,1.176470588235294101e-01
1.008839895810163768e-03,9.411764705882352811e-01,0.000000000000000000e+00
1.008841895810107204e-03,8.627450980392157298e-01,0.000000000000000000e+00
1.008843895810050640e-03,9.019607843137255054e-01,1.176470588235294101e-01
1.008845895809994076e-03,9.019607843137255054e-01,-3.921568627450980338e-02
1.008847895809937513e-03,9.019607843137255054e-01,7.843137254901960675e-02
1.008849895809880949e-03,8.235294117647058432e-01,3.921568627450980338e-02
1.008851895809824385e-03,9.019607843137255054e-01,0.000000000000000000e+00
1.008853895809767821e-03,9.019607843137255054e-01,1.176470588235294101e-01
1.008855895809711257e-03,9.411764705882352811e-01,-7.843137254901960675e-02
1.008857895809654693e-03,8.235294117647058432e-01,3.921568627450980338e-02
1.008859895809598129e-03,9.019607843137255054e-01,0.000000000000000000e+00
1.008861895809541566e-03,9.019607843137255054e-01,3.921568627450980338e-02
1.008863895809485002e-03,9.411764705882352811e-01,7.843137254901960675e-02
1.008865895809428438e-03,8.627450980392157298e-01,-7.843137254901960675e-02
1.008867895809371874e-03,9.019607843137255054e-01,1.176470588235294101e-01
1.008869895809315310e-03,8.627450980392157298e-01,0.000000000000000000e+00
1.008871895809258746e-03,9.411764705882352811e-01,-3.921568627450980338e-02
1.008873895809202182e-03,8.627450980392157298e-01,7.843137254901960675e-02
1.008875895809145619e-03,9.019607843137255054e-01,-1.568627450980392135e-01
1.008877895809089055e-03,9.019607843137255054e-01,3.921568627450980338e-02
1.008879895809032491e-03,9.803921568627450567e-01,0.000000000000000000e+00
1.008881895808975927e-03,8.627450980392157298e-01,-3.921568627450980338e-02
1.008883895808919363e-03,8.235294117647058432e-01,1.176470588235294101e-01
1.008885895808862799e-03,9.019607843137255054e-01,-7.843137254901960675e-02
1.008887895808806235e-03,9.411764705882352811e-01,7.843137254901960675e-02
1.008889895808749671e-03,8.627450980392157298e-01,0.000000000000000000e+00
1.008891895808693108e-03,9.019607843137255054e-01,0.000000000000000000e+00
1.008893895808636544e-03,9.019607843137255054e-01,1.176470588235294101e-01
1.008895895808579980e-03,9.411764705882352811e-01,-3.921568627450980338e-02
1.008897895808523416e-03,8.627450980392157298e-01,7.843137254901960675e-02
1.008899895808466852e-03,9.019607843137255054e-01,0.000000000000000000e+00
1.008901895808410288e-03,9.019607843137255054e-01,3.921568627450980338e-02
1.008903895808353724e-03,9.411764705882352811e-01,3.921568627450980338e-02
1.008905895808297161e-03,8.627450980392157298e-01,-7.843137254901960675e-02
1.008907895808240597e-03,8.627450980392157298e-01,7.843137254901960675e-02
1.008909895808184033e-03,9.019607843137255054e-01,0.000000000000000000e+00
1.008911895808127469e-03,9.411764705882352811e-01,0.000000000000000000e+00
1.008913895808070905e-03,8.235294117647058432e-01,7.843137254901960675e-02
1.008915895808014341e-03,9.411764705882352811e-01,-1.568627450980392135e-01
1.008917895807957777e-03,8.627450980392157298e-01,1.568627450980392135e-01
1.008919895807901214e-03,9.411764705882352811e-01,0.000000000000000000e+00
1.008921895807844650e-03,8.627450980392157298e-01,-3.921568627450980338e-02
1.008923895807788086e-03,9.019607843137255054e-01,7.843137254901960675e-02
1.008925895807731522e-03,9.019607843137255054e-01,-3.921568627450980338e-02
1.008927895807674958e-03,9.411764705882352811e-01,7.843137254901960675e-02
1.008929895807618394e-03,8.627450980392157298e-01,3.921568627450980338e-02
1.008931895807561830e-03,8.627450980392157298e-01,3.921568627450980338e-02
1.008933895807505267e-03,9.019607843137255054e-01,7.843137254901960675e-02
1.008935895807448703e-03,9.411764705882352811e-01,-7.843137254901960675e-02
1.008937895807392139e-03,8.627450980392157298e-01,3.921568627450980338e-02
1.008939895807335575e-03,9.019607843137255054e-01,3.921568627450980338e-02
1.008941895807279011e-03,9.411764705882352811e-01,0.000000000000000000e+00
1.008943895807222447e-03,9.411764705882352811e-01,7.843137254901960675e-02
1.008945895807165883e-03,8.627450980392157298e-01,-7.843137254901960675e-02
1.008947895807109319e-03,8.627450980392157298e-01,3.921568627450980338e-02
1.008949895807052756e-03,8.627450980392157298e-01,0.000000000000000000e+00
1.008951895806996192e-03,9.411764705882352811e-01,-3.921568627450980338e-02
1.008953895806939628e-03,8.627450980392157298e-01,7.843137254901960675e-02
1.008955895806883064e-03,9.019607843137255054e-01,-1.568627450980392135e-01
1.008957895806826500e-03,9.019607843137255054e-01,1.176470588235294101e-01
1.008959895806769936e-03,9.411764705882352811e-01,0.000000000000000000e+00
1.008961895806713372e-03,9.019607843137255054e-01,-3.921568627450980338e-02
1.008963895806656809e-03,9.019607843137255054e-01,7.843137254901960675e-02
1.008965895806600245e-03,9.411764705882352811e-01,-1.568627450980392135e-01
1.008967895806543681e-03,9.411764705882352811e-01,7.843137254901960675e-02
1.008969895806487117e-03,8.627450980392157298e-01,0.000000000000000000e+00
1.008971895806430553e-03,9.019607843137255054e-01,0.000000000000000000e+00
1.008973895806373989e-03,9.019607843137255054e-01,1.176470588235294101e-01
1.008975895806317425e-03,9.411764705882352811e-01,-3.921568627450980338e-02
1.008977895806260862e-03,8.235294117647058432e-01,0.000000000000000000e+00
1.008979895806204298e-03,8.627450980392157298e-01,0.000000000000000000e+00
1.008981895806147734e-03,9.019607843137255054e-01,0.000000000000000000e+00
1.008983895806091170e-03,9.019607843137255054e-01,7.843137254901960675e-02
1.008985895806034606e-03,8.627450980392157298e-01,-3.921568627450980338e-02
1.008987895805978042e-03,8.627450980392157298e-01,7.843137254901960675e-02
1.008989895805921478e-03,9.019607843137255054e-01,0.000000000000000000e+00
1.008991895805864914e-03,9.411764705882352811e-01,0.000000000000000000e+00
1.008993895805808351e-03,8.235294117647058432e-01,7.843137254901960675e-02
1.008995895805751787e-03,8.627450980392157298e-01,-1.568627450980392135e-01
1.008997895805695223e-03,9.019607843137255054e-01,1.176470588235294101e-01
1.008999895805638659e-03,9.411764705882352811e-01,0.000000000000000000e+00
1.009001895805582095e-03,8.235294117647058432e-01,-7.843137254901960675e-02
1.009003895805525531e-03,9.019607843137255054e-01,7.843137254901960675e-02
1.009005895805468967e-03,9.019607843137255054e-01,-3.921568627450980338e-02
1.009007895805412404e-03,9.411764705882352811e-01,7.843137254901960675e-02
1.009009895805355840e-03,8.235294117647058432e-01,3.921568627450980338e-02
1.009011895805299276e-03,9.019607843137255054e-01,3.921568627450980338e-02
1.009013895805242712e-03,9.019607843137255054e-01,7.843137254901960675e-02
1.009015895805186148e-03,9.411764705882352811e-01,-3.921568627450980338e-02
1.009017895805129584e-03,8.627450980392157298e-01,0.000000000000000000e+00
1.009019895805073020e-03,8.627450980392157298e-01,0.000000000000000000e+00
1.009021895805016457e-03,9.019607843137255054e-01,0.000000000000000000e+00
1.009023895804959893e-03,9.411764705882352811e-01,7.843137254901960675e-02
1.009025895804903329e-03,8.627450980392157298e-01,-3.921568627450980338e-02
1.009027895804846765e-03,9.019607843137255054e-01,1.176470588235294101e-01
1.009029895804790201e-03,9.019607843137255054e-01,0.000000000000000000e+00
1.009031895804733637e-03,9.411764705882352811e-01,-3.921568627450980338e-02
1.009033895804677073e-03,8.627450980392157298e-01,7.843137254901960675e-02
1.009035895804620509e-03,9.019607843137255054e-01,-1.568627450980392135e-01
1.009037895804563946e-03,9.019607843137255054e-01,1.568627450980392135e-01
1.009039895804507382e-03,9.411764705882352811e-01,0.000000000000000000e+00
1.009041895804450818e-03,8.627450980392157298e-01,-7.843137254901960675e-02
1.009043895804394254e-03,8.627450980392157298e-01,7.843137254901960675e-02
1.009045895804337690e-03,9.019607843137255054e-01,-7.843137254901960675e-02
1.009047895804281126e-03,9.411764705882352811e-01,3.921568627450980338e-02
1.009049895804224562e-03,8.627450980392157298e-01,3.921568627450980338e-02
1.009051895804167999e-03,9.019607843137255054e-01,3.921568627450980338e-02
1.009053895804111435e-03,9.019607843137255054e-01,1.176470588235294101e-01
1.009055895804054871e-03,9.411764705882352811e-01,-7.843137254901960675e-02
1.009057895803998307e-03,8.627450980392157298e-01,3.921568627450980338e-02
1.009059895803941743e-03,9.411764705882352811e-01,3.921568627450980338e-02
1.009061895803885179e-03,9.019607843137255054e-01,0.000000000000000000e+00
1.009063895803828615e-03,9.411764705882352811e-01,7.843137254901960675e-02
1.009065895803772052e-03,8.627450980392157298e-01,-7.843137254901960675e-02
1.009067895803715488e-03,9.019607843137255054e-01,7.843137254901960675e-02
1.009069895803658924e-03,9.411764705882352811e-01,-3.921568627450980338e-02
1.009071895803602360e-03,9.411764705882352811e-01,-7.843137254901960675e-02
1.009073895803545796e-03,8.627450980392157298e-01,7.843137254901960675e-02
1.009075895803489232e-03,9.019607843137255054e-01,-1.568627450980392135e-01
1.009077895803432668e-03,9.019607843137255054e-01,1.176470588235294101e-01
1.009079895803376105e-03,9.411764705882352811e-01,0.000000000000000000e+00
1.009081895803319541e-03,8.627450980392157298e-01,0.000000000000000000e+00
1.009083895803262977e-03,9.019607843137255054e-01,7.843137254901960675e-02
1.009085895803206413e-03,9.019607843137255054e-01,-3.921568627450980338e-02
1.009087895803149849e-03,9.411764705882352811e-01,7.843137254901960675e-02
1.009089895803093285e-03,8.627450980392157298e-01,0.000000000000000000e+00
1.009091895803036721e-03,9.019607843137255054e-01,-1.568627450980392135e-01
1.009093895802980157e-03,9.019607843137255054e-01,7.843137254901960675e-02
1.009095895802923594e-03,9.411764705882352811e-01,-7.843137254901960675e-02
1.009097895802867030e-03,8.627450980392157298e-01,3.921568627450980338e-02
1.009099895802810466e-03,9.019607843137255054e-01,3.921568627450980338e-02
1.009101895802753902e-03,9.019607843137255054e-01,0.000000000000000000e+00
1.009103895802697338e-03,9.411764705882352811e-01,1.176470588235294101e-01
1.009105895802640774e-03,8.627450980392157298e-01,-3.921568627450980338e-02
1.009107895802584210e-03,9.019607843137255054e-01,1.176470588235294101e-01
1.009109895802527647e-03,9.019607843137255054e-01,0.000000000000000000e+00
1.009111895802471083e-03,9.411764705882352811e-01,-3.921568627450980338e-02
1.009113895802414519e-03,8.627450980392157298e-01,7.843137254901960675e-02
1.009115895802357955e-03,8.627450980392157298e-01,-7.843137254901960675e-02
1.009117895802301391e-03,9.019607843137255054e-01,7.843137254901960675e-02
1.009119895802244827e-03,9.411764705882352811e-01,3.921568627450980338e-02
1.009121895802188263e-03,8.627450980392157298e-01,-7.843137254901960675e-02
1.009123895802131700e-03,9.019607843137255054e-01,1.176470588235294101e-01
1.009125895802075136e-03,9.411764705882352811e-01,0.000000000000000000e+00
1.009127895802018572e-03,9.411764705882352811e-01,3.921568627450980338e-02
1.009129895801962008e-03,8.627450980392157298e-01,0.000000000000000000e+00
1.009131895801905444e-03,8.627450980392157298e-01,0.000000000000000000e+00
1.009133895801848880e-03,9.019607843137255054e-01,1.176470588235294101e-01
1.009135895801792316e-03,9.411764705882352811e-01,-3.921568627450980338e-02
1.009137895801735752e-03,8.235294117647058432e-01,3.921568627450980338e-02
1.009139895801679189e-03,9.019607843137255054e-01,0.000000000000000000e+00
1.009141895801622625e-03,9.019607843137255054e-01,3.921568627450980338e-02
1.009143895801566061e-03,9.411764705882352811e-01,3.921568627450980338e-02
1.009145895801509497e-03,9.019607843137255054e-01,-3.921568627450980338e-02
1.009147895801452933e-03,9.019607843137255054e-01,7.843137254901960675e-02
1.009149895801396369e-03,9.411764705882352811e-01,-3.921568627450980338e-02
1.009151895801339805e-03,9.411764705882352811e-01,0.000000000000000000e+00
1.009153895801283242e-03,8.235294117647058432e-01,1.176470588235294101e-01
1.009155895801226678e-03,9.019607843137255054e-01,-1.568627450980392135e-01
1.009157895801170114e-03,8.627450980392157298e-01,1.176470588235294101e-01
1.009159895801113550e-03,9.803921568627450567e-01,0.000000000000000000e+00
1.009161895801056986e-03,8.627450980392157298e-01,-3.921568627450980338e-02
1.009163895801000422e-03,9.019607843137255054e-01,7.843137254901960675e-02
1.009165895800943858e-03,9.019607843137255054e-01,-3.921568627450980338e-02
1.009167895800887295e-03,9.019607843137255054e-01,7.843137254901960675e-02
1.009169895800830731e-03,8.235294117647058432e-01,0.000000000000000000e+00
1.009171895800774167e-03,9.019607843137255054e-01,-1.568627450980392135e-01
1.009173895800717603e-03,9.019607843137255054e-01,1.176470588235294101e-01
1.009175895800661039e-03,9.411764705882352811e-01,-7.843137254901960675e-02
1.009177895800604475e-03,8.627450980392157298e-01,3.921568627450980338e-02
1.009179895800547911e-03,9.019607843137255054e-01,3.921568627450980338e-02
1.009181895800491348e-03,9.019607843137255054e-01,3.921568627450980338e-02
1.009183895800434784e-03,9.019607843137255054e-01,7.843137254901960675e-02
1.009185895800378220e-03,8.627450980392157298e-01,-3.921568627450980338e-02
1.009187895800321656e-03,9.019607843137255054e-01,3.921568627450980338e-02
1.009189895800265092e-03,8.627450980392157298e-01,-3.921568627450980338e-02
1.009191895800208528e-03,9.411764705882352811e-01,-7.843137254901960675e-02
1.009193895800151964e-03,8.235294117647058432e-01,1.176470588235294101e-01
1.009195895800095400e-03,9.019607843137255054e-01,-1.568627450980392135e-01
1.009197895800038837e-03,8.627450980392157298e-01,1.176470588235294101e-01
1.009199895799982273e-03,9.411764705882352811e-01,0.000000000000000000e+00
1.009201895799925709e-03,8.627450980392157298e-01,-7.843137254901960675e-02
1.009203895799869145e-03,8.627450980392157298e-01,7.843137254901960675e-02
1.009205895799812581e-03,9.019607843137255054e-01,-7.843137254901960675e-02
1.009207895799756017e-03,9.411764705882352811e-01,7.843137254901960675e-02
1.009209895799699453e-03,8.627450980392157298e-01,0.000000000000000000e+00
1.009211895799642890e-03,8.627450980392157298e-01,0.000000000000000000e+00
1.009213895799586326e-03,9.019607843137255054e-01,1.176470588235294101e-01
1.009215895799529762e-03,9.411764705882352811e-01,-7.843137254901960675e-02
1.009217895799473198e-03,8.627450980392157298e-01,3.921568627450980338e-02
1.009219895799416634e-03,8.627450980392157298e-01,3.921568627450980338e-02
1.009221895799360070e-03,9.019607843137255054e-01,3.921568627450980338e-02
1.009223895799303506e-03,9.411764705882352811e-01,7.843137254901960675e-02
1.009225895799246943e-03,8.627450980392157298e-01,-7.843137254901960675e-02
1.009227895799190379e-03,8.627450980392157298e-01,7.843137254901960675e-02
1.009229895799133815e-03,9.411764705882352811e-01,0.000000000000000000e+00
1.009231895799077251e-03,9.411764705882352811e-01,-3.921568627450980338e-02
1.009233895799020687e-03,8.627450980392157298e-01,1.176470588235294101e-01
1.009235895798964123e-03,9.411764705882352811e-01,-7.843137254901960675e-02
1.009237895798907559e-03,9.019607843137255054e-01,1.176470588235294101e-01
1.009239895798850995e-03,9.411764705882352811e-01,0.000000000000000000e+00
1.009241895798794432e-03,8.627450980392157298e-01,-3.921568627450980338e-02
1.009243895798737868e-03,9.019607843137255054e-01,7.843137254901960675e-02
1.009245895798681304e-03,9.411764705882352811e-01,-3.921568627450980338e-02
1.009247895798624740e-03,9.411764705882352811e-01,7.843137254901960675e-02
1.009249895798568176e-03,8.627450980392157298e-01,0.000000000000000000e+00
1.009251895798511612e-03,9.019607843137255054e-01,3.921568627450980338e-02
1.009253895798455048e-03,9.019607843137255054e-01,1.176470588235294101e-01
1.009255895798398485e-03,9.411764705882352811e-01,-3.921568627450980338e-02
1.009257895798341921e-03,8.235294117647058432e-01,0.000000000000000000e+00
1.009259895798285357e-03,8.235294117647058432e-01,0.000000000000000000e+00
1.009261895798228793e-03,8.627450980392157298e-01,0.000000000000000000e+00
1.009263895798172229e-03,9.411764705882352811e-01,7.843137254901960675e-02
1.009265895798115665e-03,8.627450980392157298e-01,0.000000000000000000e+00
1.009267895798059101e-03,8.627450980392157298e-01,7.843137254901960675e-02
1.009269895798002538e-03,9.019607843137255054e-01,0.000000000000000000e+00
1.009271895797945974e-03,9.019607843137255054e-01,-7.843137254901960675e-02
1.009273895797889410e-03,8.235294117647058432e-01,1.176470588235294101e-01
1.009275895797832846e-03,8.627450980392157298e-01,-1.568627450980392135e-01
1.009277895797776282e-03,8.627450980392157298e-01,1.176470588235294101e-01
1.009279895797719718e-03,9.411764705882352811e-01,0.000000000000000000e+00
1.009281895797663154e-03,8.235294117647058432e-01,-3.921568627450980338e-02
1.009283895797606590e-03,9.411764705882352811e-01,7.843137254901960675e-02
1.009285895797550027e-03,9.019607843137255054e-01,-7.843137254901960675e-02
1.009287895797493463e-03,9.019607843137255054e-01,7.843137254901960675e-02
1.009289895797436899e-03,8.627450980392157298e-01,0.000000000000000000e+00
1.009291895797380335e-03,8.627450980392157298e-01,3.921568627450980338e-02
1.009293895797323771e-03,9.019607843137255054e-01,1.176470588235294101e-01
1.009295895797267207e-03,9.411764705882352811e-01,-3.921568627450980338e-02
1.009297895797210643e-03,8.627450980392157298e-01,3.921568627450980338e-02
1.009299895797154080e-03,9.019607843137255054e-01,3.921568627450980338e-02
1.009301895797097516e-03,9.019607843137255054e-01,0.000000000000000000e+00
1.009303895797040952e-03,9.411764705882352811e-01,7.843137254901960675e-02
1.009305895796984388e-03,8.627450980392157298e-01,-3.921568627450980338e-02
1.009307895796927824e-03,9.019607843137255054e-01,1.176470588235294101e-01
1.009309895796871260e-03,9.411764705882352811e-01,0.000000000000000000e+00
1.009311895796814696e-03,9.411764705882352811e-01,-7.843137254901960675e-02
1.009313895796758133e-03,8.235294117647058432e-01,7.843137254901960675e-02
1.009315895796701569e-03,9.019607843137255054e-01,-1.568627450980392135e-01
1.009317895796645005e-03,9.019607843137255054e-01,1.176470588235294101e-01
1.009319895796588441e-03,9.411764705882352811e-01,0.000000000000000000e+00
1.009321895796531877e-03,9.019607843137255054e-01,-3.921568627450980338e-02
1.009323895796475313e-03,8.627450980392157298e-01,7.843137254901960675e-02
1.009325895796418749e-03,9.411764705882352811e-01,-3.921568627450980338e-02
1.009327895796362186e-03,9.411764705882352811e-01,7.843137254901960675e-02
1.009329895796305622e-03,8.627450980392157298e-01,0.000000000000000000e+00
1.009331895796249058e-03,9.019607843137255054e-01,3.921568627450980338e-02
1.009333895796192494e-03,9.019607843137255054e-01,1.176470588235294101e-01
1.009335895796135930e-03,9.411764705882352811e-01,-3.921568627450980338e-02
1.009337895796079366e-03,8.627450980392157298e-01,0.000000000000000000e+00
1.009339895796022802e-03,9.019607843137255054e-01,3.921568627450980338e-02
1.009341895795966238e-03,9.411764705882352811e-01,3.921568627450980338e-02
1.009343895795909675e-03,9.411764705882352811e-01,7.843137254901960675e-02
1.009345895795853111e-03,8.627450980392157298e-01,-7.843137254901960675e-02
1.009347895795796547e-03,8.627450980392157298e-01,7.843137254901960675e-02
1.009349895795739983e-03,9.019607843137255054e-01,-3.921568627450980338e-02
1.009351895795683419e-03,9.411764705882352811e-01,-3.921568627450980338e-02
1.009353895795626855e-03,8.627450980392157298e-01,1.176470588235294101e-01
1.009355895795570291e-03,9.019607843137255054e-01,-7.843137254901960675e-02
1.009357895795513728e-03,9.019607843137255054e-01,1.176470588235294101e-01
1.009359895795457164e-03,9.411764705882352811e-01,0.000000000000000000e+00
1.009361895795400600e-03,8.627450980392157298e-01,0.000000000000000000e+00
1.009363895795344036e-03,9.019607843137255054e-01,3.921568627450980338e-02
1.009365895795287472e-03,9.019607843137255054e-01,-3.921568627450980338e-02
1.009367895795230908e-03,9.411764705882352811e-01,7.843137254901960675e-02
1.009369895795174344e-03,8.627450980392157298e-01,3.921568627450980338e-02
1.009371895795117781e-03,9.019607843137255054e-01,3.921568627450980338e-02
1.009373895795061217e-03,9.411764705882352811e-01,1.176470588235294101e-01
1.009375895795004653e-03,9.411764705882352811e-01,-7.843137254901960675e-02
1.009377895794948089e-03,8.235294117647058432e-01,3.921568627450980338e-02
1.009379895794891525e-03,9.019607843137255054e-01,0.000000000000000000e+00
1.009381895794834961e-03,9.019607843137255054e-01,0.000000000000000000e+00
1.009383895794778397e-03,9.411764705882352811e-01,7.843137254901960675e-02
1.009385895794721833e-03,8.627450980392157298e-01,-3.921568627450980338e-02
1.009387895794665270e-03,8.627450980392157298e-01,1.176470588235294101e-01
1.009389895794608706e-03,9.019607843137255054e-01,0.000000000000000000e+00
1.009391895794552142e-03,9.411764705882352811e-01,-3.921568627450980338e-02
1.009393895794495578e-03,8.627450980392157298e-01,7.843137254901960675e-02
1.009395895794439014e-03,9.019607843137255054e-01,-1.568627450980392135e-01
1.009397895794382450e-03,9.411764705882352811e-01,7.843137254901960675e-02
1.009399895794325886e-03,9.411764705882352811e-01,3.921568627450980338e-02
1.009401895794269323e-03,8.627450980392157298e-01,-7.843137254901960675e-02
1.009403895794212759e-03,9.019607843137255054e-01,7.843137254901960675e-02
1.009405895794156195e-03,9.019607843137255054e-01,-3.921568627450980338e-02
1.009407895794099631e-03,8.235294117647058432e-01,7.843137254901960675e-02
1.009409895794043067e-03,8.627450980392157298e-01,3.921568627450980338e-02
1.009411895793986503e-03,8.627450980392157298e-01,0.000000000000000000e+00
1.009413895793929939e-03,8.627450980392157298e-01,1.176470588235294101e-01
1.009415895793873376e-03,9.019607843137255054e-01,-7.843137254901960675e-02
1.009417895793816812e-03,8.627450980392157298e-01,7.843137254901960675e-02
1.009419895793760248e-03,8.627450980392157298e-01,0.000000000000000000e+00
1.009421895793703684e-03,9.019607843137255054e-01,3.921568627450980338e-02
1.009423895793647120e-03,9.019607843137255054e-01,3.921568627450980338e-02
1.009425895793590556e-03,8.627450980392157298e-01,-7.843137254901960675e-02
1.009427895793533992e-03,9.019607843137255054e-01,7.843137254901960675e-02
1.009429895793477428e-03,9.411764705882352811e-01,0.000000000000000000e+00
1.009431895793420865e-03,9.411764705882352811e-01,-3.921568627450980338e-02
1.009433895793364301e-03,8.627450980392157298e-01,1.176470588235294101e-01
1.009435895793307737e-03,9.019607843137255054e-01,-7.843137254901960675e-02
1.009437895793251173e-03,9.019607843137255054e-01,1.176470588235294101e-01
1.009439895793194609e-03,9.803921568627450567e-01,0.000000000000000000e+00
1.009441895793138045e-03,8.627450980392157298e-01,-3.921568627450980338e-02
1.009443895793081481e-03,9.019607843137255054e-01,7.843137254901960675e-02
1.009445895793024918e-03,9.411764705882352811e-01,-7.843137254901960675e-02
1.009447895792968354e-03,9.411764705882352811e-01,7.843137254901960675e-02
1.009449895792911790e-03,8.627450980392157298e-01,3.921568627450980338e-02
1.009451895792855226e-03,8.627450980392157298e-01,0.000000000000000000e+00
1.009453895792798662e-03,9.411764705882352811e-01,1.176470588235294101e-01
1.009455895792742098e-03,9.411764705882352811e-01,-7.843137254901960675e-02
1.009457895792685534e-03,8.627450980392157298e-01,3.921568627450980338e-02
1.009459895792628971e-03,9.019607843137255054e-01,3.921568627450980338e-02
1.009461895792572407e-03,9.019607843137255054e-01,0.000000000000000000e+00
1.009463895792515843e-03,9.411764705882352811e-01,7.843137254901960675e-02
1.009465895792459279e-03,8.627450980392157298e-01,-7.843137254901960675e-02
1.009467895792402715e-03,9.019607843137255054e-01,3.921568627450980338e-02
1.009469895792346151e-03,9.019607843137255054e-01,0.000000000000000000e+00
1.009471895792289587e-03,9.411764705882352811e-01,-3.921568627450980338e-02
1.009473895792233024e-03,8.235294117647058432e-01,1.568627450980392135e-01
1.009475895792176460e-03,9.019607843137255054e-01,-1.568627450980392135e-01
1.009477895792119896e-03,9.411764705882352811e-01,1.176470588235294101e-01
1.009479895792063332e-03,9.411764705882352811e-01,0.000000000000000000e+00
1.009481895792006768e-03,8.627450980392157298e-01,-3.921568627450980338e-02
1.009483895791950204e-03,8.627450980392157298e-01,7.843137254901960675e-02
1.009485895791893640e-03,9.019607843137255054e-01,-3.921568627450980338e-02
1.009487895791837076e-03,9.411764705882352811e-01,7.843137254901960675e-02
1.009489895791780513e-03,8.627450980392157298e-01,3.921568627450980338e-02
1.009491895791723949e-03,9.019607843137255054e-01,0.000000000000000000e+00
1.009493895791667385e-03,8.627450980392157298e-01,1.176470588235294101e-01
1.009495895791610821e-03,9.411764705882352811e-01,-7.843137254901960675e-02
1.009497895791554257e-03,8.235294117647058432e-01,3.921568627450980338e-02
1.009499895791497693e-03,8.627450980392157298e-01,0.000000000000000000e+00
1.009501895791441129e-03,9.019607843137255054e-01,3.921568627450980338e-02
1.009503895791384566e-03,9.019607843137255054e-01,7.843137254901960675e-02
1.009505895791328002e-03,8.627450980392157298e-01,-7.843137254901960675e-02
1.009507895791271438e-03,8.627450980392157298e-01,7.843137254901960675e-02
1.009509895791214874e-03,8.627450980392157298e-01,0.000000000000000000e+00
1.009511895791158310e-03,9.411764705882352811e-01,-3.921568627450980338e-02
1.009513895791101746e-03,8.235294117647058432e-01,1.176470588235294101e-01
1.009515895791045182e-03,9.019607843137255054e-01,-1.568627450980392135e-01
1.009517895790988619e-03,9.019607843137255054e-01,1.568627450980392135e-01
1.009519895790932055e-03,9.411764705882352811e-01,0.000000000000000000e+00
1.009521895790875491e-03,8.235294117647058432e-01,-7.843137254901960675e-02
1.009523895790818927e-03,8.627450980392157298e-01,1.176470588235294101e-01
1.009525895790762363e-03,9.019607843137255054e-01,-1.568627450980392135e-01
1.009527895790705799e-03,9.411764705882352811e-01,3.921568627450980338e-02
1.009529895790649235e-03,8.235294117647058432e-01,0.000000000000000000e+00
1.009531895790592671e-03,9.019607843137255054e-01,0.000000000000000000e+00
1.009533895790536108e-03,9.019607843137255054e-01,1.176470588235294101e-01
1.009535895790479544e-03,9.411764705882352811e-01,-7.843137254901960675e-02
1.009537895790422980e-03,8.235294117647058432e-01,0.000000000000000000e+00
1.009539895790366416e-03,8.627450980392157298e-01,0.000000000000000000e+00
1.009541895790309852e-03,9.019607843137255054e-01,0.000000000000000000e+00
1.009543895790253288e-03,9.411764705882352811e-01,7.843137254901960675e-02
1.009545895790196724e-03,8.627450980392157298e-01,-3.921568627450980338e-02
1.009547895790140161e-03,9.019607843137255054e-01,1.176470588235294101e-01
1.009549895790083597e-03,9.019607843137255054e-01,0.000000000000000000e+00
1.009551895790027033e-03,9.803921568627450567e-01,-7.843137254901960675e-02
1.009553895789970469e-03,8.235294117647058432e-01,7.843137254901960675e-02
1.009555895789913905e-03,9.019607843137255054e-01,-1.568627450980392135e-01
1.009557895789857341e-03,9.019607843137255054e-01,1.176470588235294101e-01
1.009559895789800777e-03,9.411764705882352811e-01,0.000000000000000000e+00
1.009561895789744214e-03,8.627450980392157298e-01,0.000000000000000000e+00
1.009563895789687650e-03,8.627450980392157298e-01,7.843137254901960675e-02
1.009565895789631086e-03,9.019607843137255054e-01,-3.921568627450980338e-02
1.009567895789574522e-03,9.411764705882352811e-01,7.843137254901960675e-02
1.009569895789517958e-03,8.627450980392157298e-01,0.000000000000000000e+00
1.009571895789461394e-03,8.627450980392157298e-01,-1.568627450980392135e-01
1.009573895789404830e-03,9.019607843137255054e-01,1.176470588235294101e-01
1.009575895789348267e-03,9.411764705882352811e-01,-7.843137254901960675e-02
1.009577895789291703e-03,8.627450980392157298e-01,0.000000000000000000e+00
1.009579895789235139e-03,9.019607843137255054e-01,3.921568627450980338e-02
1.009581895789178575e-03,9.019607843137255054e-01,3.921568627450980338e-02
1.009583895789122011e-03,9.411764705882352811e-01,7.843137254901960675e-02
1.009585895789065447e-03,8.627450980392157298e-01,-7.843137254901960675e-02
1.009587895789008883e-03,9.019607843137255054e-01,7.843137254901960675e-02
1.009589895788952319e-03,9.019607843137255054e-01,0.000000000000000000e+00
1.009591895788895756e-03,9.411764705882352811e-01,-3.921568627450980338e-02
1.009593895788839192e-03,8.627450980392157298e-01,7.843137254901960675e-02
1.009595895788782628e-03,8.627450980392157298e-01,-1.568627450980392135e-01
1.009597895788726064e-03,9.019607843137255054e-01,7.843137254901960675e-02
1.009599895788669500e-03,9.411764705882352811e-01,0.000000000000000000e+00
1.009601895788612936e-03,8.627450980392157298e-01,-3.921568627450980338e-02
1.009603895788556372e-03,8.627450980392157298e-01,7.843137254901960675e-02
1.009605895788499809e-03,9.019607843137255054e-01,-3.921568627450980338e-02
1.009607895788443245e-03,9.019607843137255054e-01,3.921568627450980338e-02
1.009609895788386681e-03,9.019607843137255054e-01,0.000000000000000000e+00
1.009611895788330117e-03,8.627450980392157298e-01,3.921568627450980338e-02
1.009613895788273553e-03,9.019607843137255054e-01,1.176470588235294101e-01
1.009615895788216989e-03,9.411764705882352811e-01,-3.921568627450980338e-02
1.009617895788160425e-03,8.627450980392157298e-01,3.921568627450980338e-02
1.009619895788103862e-03,8.627450980392157298e-01,0.000000000000000000e+00
1.009621895788047298e-03,9.019607843137255054e-01,0.000000000000000000e+00
1.009623895787990734e-03,9.019607843137255054e-01,7.843137254901960675e-02
1.009625895787934170e-03,8.627450980392157298e-01,-7.843137254901960675e-02
1.009627895787877606e-03,9.019607843137255054e-01,7.843137254901960675e-02
1.009629895787821042e-03,9.019607843137255054e-01,0.000000000000000000e+00
1.009631895787764478e-03,9.411764705882352811e-01,-7.843137254901960675e-02
1.009633895787707914e-03,8.627450980392157298e-01,7.843137254901960675e-02
1.009635895787651351e-03,9.019607843137255054e-01,-1.568627450980392135e-01
1.009637895787594787e-03,9.019607843137255054e-01,1.176470588235294101e-01
1.009639895787538223e-03,9.411764705882352811e-01,0.000000000000000000e+00
1.009641895787481659e-03,8.627450980392157298e-01,0.000000000000000000e+00
1.009643895787425095e-03,9.019607843137255054e-01,7.843137254901960675e-02
1.009645895787368531e-03,9.411764705882352811e-01,-3.921568627450980338e-02
1.009647895787311967e-03,9.411764705882352811e-01,7.843137254901960675e-02
1.009649895787255404e-03,9.019607843137255054e-01,0.000000000000000000e+00
1.009651895787198840e-03,9.019607843137255054e-01,0.000000000000000000e+00
1.009653895787142276e-03,8.627450980392157298e-01,1.176470588235294101e-01
1.009655895787085712e-03,9.803921568627450567e-01,-7.843137254901960675e-02
1.009657895787029148e-03,8.627450980392157298e-01,3.921568627450980338e-02
1.009659895786972584e-03,8.627450980392157298e-01,3.921568627450980338e-02
1.009661895786916020e-03,9.019607843137255054e-01,0.000000000000000000e+00
1.009663895786859457e-03,9.411764705882352811e-01,7.843137254901960675e-02
1.009665895786802893e-03,9.019607843137255054e-01,-3.921568627450980338e-02
1.009667895786746329e-03,9.019607843137255054e-01,1.176470588235294101e-01
1.009669895786689765e-03,8.627450980392157298e-01,0.000000000000000000e+00
1.009671895786633201e-03,9.411764705882352811e-01,-3.921568627450980338e-02
1.009673895786576637e-03,8.627450980392157298e-01,7.843137254901960675e-02
1.009675895786520073e-03,9.019607843137255054e-01,-1.568627450980392135e-01
1.009677895786463509e-03,9.019607843137255054e-01,3.921568627450980338e-02
1.009679895786406946e-03,9.411764705882352811e-01,3.921568627450980338e-02
1.009681895786350382e-03,8.235294117647058432e-01,-3.921568627450980338e-02
1.009683895786293818e-03,9.019607843137255054e-01,1.176470588235294101e-01
1.009685895786237254e-03,9.019607843137255054e-01,-7.843137254901960675e-02
1.009687895786180690e-03,9.411764705882352811e-01,3.921568627450980338e-02
1.009689895786124126e-03,8.627450980392157298e-01,0.000000000000000000e+00
1.009691895786067562e-03,9.019607843137255054e-01,0.000000000000000000e+00
1.009693895786010999e-03,8.627450980392157298e-01,1.176470588235294101e-01
1.009695895785954435e-03,9.411764705882352811e-01,-7.843137254901960675e-02
1.009697895785897871e-03,8.627450980392157298e-01,3.921568627450980338e-02
1.009699895785841307e-03,9.019607843137255054e-01,3.921568627450980338e-02
1.009701895785784743e-03,9.411764705882352811e-01,3.921568627450980338e-02
1.009703895785728179e-03,9.411764705882352811e-01,3.921568627450980338e-02
1.009705895785671615e-03,8.627450980392157298e-01,-7.843137254901960675e-02
1.009707895785615052e-03,8.627450980392157298e-01,7.843137254901960675e-02
1.009709895785558488e-03,8.235294117647058432e-01,0.000000000000000000e+00
1.009711895785501924e-03,9.411764705882352811e-01,-3.921568627450980338e-02
1.009713895785445360e-03,8.235294117647058432e-01,1.568627450980392135e-01
1.009715895785388796e-03,9.019607843137255054e-01,-7.843137254901960675e-02
1.009717895785332232e-03,9.019607843137255054e-01,1.568627450980392135e-01
1.009719895785275668e-03,9.411764705882352811e-01,0.000000000000000000e+00
1.009721895785219105e-03,8.627450980392157298e-01,0.000000000000000000e+00
1.009723895785162541e-03,8.627450980392157298e-01,7.843137254901960675e-02
1.009725895785105977e-03,9.411764705882352811e-01,-3.921568627450980338e-02
1.009727895785049413e-03,9.411764705882352811e-01,7.843137254901960675e-02
1.009729895784992849e-03,8.235294117647058432e-01,0.000000000000000000e+00
1.009731895784936285e-03,9.019607843137255054e-01,0.000000000000000000e+00
1.009733895784879721e-03,9.411764705882352811e-01,1.176470588235294101e-01
1.009735895784823157e-03,9.411764705882352811e-01,-7.843137254901960675e-02
1.009737895784766594e-03,8.235294117647058432e-01,7.843137254901960675e-02
1.009739895784710030e-03,8.627450980392157298e-01,0.000000000000000000e+00
1.009741895784653466e-03,9.019607843137255054e-01,0.000000000000000000e+00
1.009743895784596902e-03,9.411764705882352811e-01,3.921568627450980338e-02
1.009745895784540338e-03,8.627450980392157298e-01,-3.921568627450980338e-02
1.009747895784483774e-03,8.627450980392157298e-01,3.921568627450980338e-02
1.009749895784427210e-03,8.627450980392157298e-01,0.000000000000000000e+00
1.009751895784370647e-03,9.411764705882352811e-01,-3.921568627450980338e-02
1.009753895784314083e-03,8.627450980392157298e-01,7.843137254901960675e-02
1.009755895784257519e-03,9.019607843137255054e-01,-1.568627450980392135e-01
1.009757895784200955e-03,9.019607843137255054e-01,7.843137254901960675e-02
1.009759895784144391e-03,9.411764705882352811e-01,3.921568627450980338e-02
1.009761895784087827e-03,8.235294117647058432e-01,-3.921568627450980338e-02
1.009763895784031263e-03,8.627450980392157298e-01,1.176470588235294101e-01
1.009765895783974700e-03,9.019607843137255054e-01,-7.843137254901960675e-02
1.009767895783918136e-03,9.411764705882352811e-01,7.843137254901960675e-02
1.009769895783861572e-03,8.627450980392157298e-01,0.000000000000000000e+00
1.009771895783805008e-03,8.627450980392157298e-01,0.000000000000000000e+00
1.009773895783748444e-03,9.019607843137255054e-01,7.843137254901960675e-02
1.009775895783691880e-03,9.411764705882352811e-01,-7.843137254901960675e-02
1.009777895783635316e-03,8.627450980392157298e-01,3.921568627450980338e-02
1.009779895783578752e-03,9.019607843137255054e-01,0.000000000000000000e+00
1.009781895783522189e-03,9.019607843137255054e-01,3.921568627450980338e-02
1.009783895783465625e-03,9.411764705882352811e-01,7.843137254901960675e-02
1.009785895783409061e-03,8.627450980392157298e-01,-7.843137254901960675e-02
1.009787895783352497e-03,8.235294117647058432e-01,3.921568627450980338e-02
1.009789895783295933e-03,9.019607843137255054e-01,0.000000000000000000e+00
1.009791895783239369e-03,9.411764705882352811e-01,-7.843137254901960675e-02
1.009793895783182805e-03,8.627450980392157298e-01,7.843137254901960675e-02
1.009795895783126242e-03,9.019607843137255054e-01,0.000000000000000000e+00
1.009797895783069678e-03,9.019607843137255054e-01,1.176470588235294101e-01
1.009799895783013114e-03,9.411764705882352811e-01,-3.921568627450980338e-02
1.009801895782956550e-03,8.627450980392157298e-01,-3.921568627450980338e-02
1.009803895782899986e-03,9.019607843137255054e-01,7.843137254901960675e-02
1.009805895782843422e-03,9.019607843137255054e-01,-3.921568627450980338e-02
1.009807895782786858e-03,9.411764705882352811e-01,1.176470588235294101e-01
1.009809895782730295e-03,8.627450980392157298e-01,0.000000000000000000e+00
1.009811895782673731e-03,9.019607843137255054e-01,0.000000000000000000e+00
1.009813895782617167e-03,8.627450980392157298e-01,1.176470588235294101e-01
1.009815895782560603e-03,9.411764705882352811e-01,-3.921568627450980338e-02
1.009817895782504039e-03,8.627450980392157298e-01,3.921568627450980338e-02
1.009819895782447475e-03,9.019607843137255054e-01,0.000000000000000000e+00
1.009821895782390911e-03,9.019607843137255054e-01,0.000000000000000000e+00
1.009823895782334348e-03,9.411764705882352811e-01,7.843137254901960675e-02
1.009825895782277784e-03,8.627450980392157298e-01,-7.843137254901960675e-02
1.009827895782221220e-03,9.019607843137255054e-01,7.843137254901960675e-02
1.009829895782164656e-03,9.019607843137255054e-01,0.000000000000000000e+00
1.009831895782108092e-03,9.411764705882352811e-01,0.000000000000000000e+00
1.009833895782051528e-03,8.235294117647058432e-01,7.843137254901960675e-02
1.009835895781994964e-03,9.019607843137255054e-01,-7.843137254901960675e-02
1.009837895781938400e-03,9.019607843137255054e-01,7.843137254901960675e-02
1.009839895781881837e-03,9.411764705882352811e-01,0.000000000000000000e+00
1.009841895781825273e-03,8.627450980392157298e-01,-7.843137254901960675e-02
1.009843895781768709e-03,8.627450980392157298e-01,3.921568627450980338e-02
1.009845895781712145e-03,9.411764705882352811e-01,-3.921568627450980338e-02
1.009847895781655581e-03,9.411764705882352811e-01,7.843137254901960675e-02
1.009849895781599017e-03,8.627450980392157298e-01,0.000000000000000000e+00
1.009851895781542453e-03,9.019607843137255054e-01,0.000000000000000000e+00
1.009853895781485890e-03,9.019607843137255054e-01,1.176470588235294101e-01
1.009855895781429326e-03,9.411764705882352811e-01,-3.921568627450980338e-02
1.009857895781372762e-03,8.235294117647058432e-01,3.921568627450980338e-02
1.009859895781316198e-03,8.235294117647058432e-01,0.000000000000000000e+00
1.009861895781259634e-03,9.019607843137255054e-01,0.000000000000000000e+00
1.009863895781203070e-03,9.019607843137255054e-01,7.843137254901960675e-02
1.009865895781146506e-03,8.235294117647058432e-01,-3.921568627450980338e-02
1.009867895781089943e-03,8.627450980392157298e-01,7.843137254901960675e-02
1.009869895781033379e-03,9.019607843137255054e-01,0.000000000000000000e+00
1.009871895780976815e-03,9.411764705882352811e-01,-3.921568627450980338e-02
1.009873895780920251e-03,8.627450980392157298e-01,7.843137254901960675e-02
1.009875895780863687e-03,9.019607843137255054e-01,0.000000000000000000e+00
1.009877895780807123e-03,8.627450980392157298e-01,1.568627450980392135e-01
1.009879895780750559e-03,9.411764705882352811e-01,0.000000000000000000e+00
1.009881895780693995e-03,8.235294117647058432e-01,-7.843137254901960675e-02
1.009883895780637432e-03,8.627450980392157298e-01,7.843137254901960675e-02
1.009885895780580868e-03,9.411764705882352811e-01,-3.921568627450980338e-02
1.009887895780524304e-03,9.411764705882352811e-01,7.843137254901960675e-02
1.009889895780467740e-03,8.627450980392157298e-01,3.921568627450980338e-02
1.009891895780411176e-03,8.627450980392157298e-01,0.000000000000000000e+00
1.009893895780354612e-03,9.019607843137255054e-01,7.843137254901960675e-02
1.009895895780298048e-03,9.411764705882352811e-01,-3.921568627450980338e-02
1.009897895780241485e-03,8.627450980392157298e-01,7.843137254901960675e-02
1.009899895780184921e-03,9.019607843137255054e-01,3.921568627450980338e-02
1.009901895780128357e-03,9.019607843137255054e-01,0.000000000000000000e+00
1.009903895780071793e-03,9.411764705882352811e-01,7.843137254901960675e-02
1.009905895780015229e-03,8.627450980392157298e-01,-3.921568627450980338e-02
1.009907895779958665e-03,8.627450980392157298e-01,7.843137254901960675e-02
1.009909895779902101e-03,8.627450980392157298e-01,0.000000000000000000e+00
1.009911895779845538e-03,9.411764705882352811e-01,0.000000000000000000e+00
1.009913895779788974e-03,8.627450980392157298e-01,7.843137254901960675e-02
1.009915895779732410e-03,9.019607843137255054e-01,-1.568627450980392135e-01
1.009917895779675846e-03,8.627450980392157298e-01,1.176470588235294101e-01
1.009919895779619282e-03,9.411764705882352811e-01,3.921568627450980338e-02
1.009921895779562718e-03,8.627450980392157298e-01,-3.921568627450980338e-02
1.009923895779506154e-03,8.627450980392157298e-01,7.843137254901960675e-02
1.009925895779449590e-03,9.019607843137255054e-01,-3.921568627450980338e-02
1.009927895779393027e-03,9.411764705882352811e-01,3.921568627450980338e-02
1.009929895779336463e-03,8.235294117647058432e-01,0.000000000000000000e+00
1.009931895779279899e-03,8.235294117647058432e-01,0.000000000000000000e+00
1.009933895779223335e-03,9.019607843137255054e-01,1.176470588235294101e-01
1.009935895779166771e-03,9.411764705882352811e-01,-3.921568627450980338e-02
1.009937895779110207e-03,8.235294117647058432e-01,0.000000000000000000e+00
1.009939895779053643e-03,9.019607843137255054e-01,0.000000000000000000e+00
1.009941895778997080e-03,9.019607843137255054e-01,0.000000000000000000e+00
1.009943895778940516e-03,9.411764705882352811e-01,7.843137254901960675e-02
1.009945895778883952e-03,8.627450980392157298e-01,-3.921568627450980338e-02
1.009947895778827388e-03,9.019607843137255054e-01,7.843137254901960675e-02
1.009949895778770824e-03,9.019607843137255054e-01,0.000000000000000000e+00
1.009951895778714260e-03,9.411764705882352811e-01,-7.843137254901960675e-02
1.009953895778657696e-03,8.627450980392157298e-01,7.843137254901960675e-02
1.009955895778601133e-03,9.019607843137255054e-01,-7.843137254901960675e-02
1.009957895778544569e-03,9.019607843137255054e-01,1.176470588235294101e-01
1.009959895778488005e-03,9.411764705882352811e-01,0.000000000000000000e+00
1.009961895778431441e-03,8.627450980392157298e-01,0.000000000000000000e+00
1.009963895778374877e-03,8.627450980392157298e-01,7.843137254901960675e-02
1.009965895778318313e-03,9.019607843137255054e-01,-3.921568627450980338e-02
1.009967895778261749e-03,9.411764705882352811e-01,7.843137254901960675e-02
1.009969895778205186e-03,8.235294117647058432e-01,0.000000000000000000e+00
1.009971895778148622e-03,9.019607843137255054e-01,-7.843137254901960675e-02
1.009973895778092058e-03,9.019607843137255054e-01,1.176470588235294101e-01
1.009975895778035494e-03,9.411764705882352811e-01,-7.843137254901960675e-02
1.009977895777978930e-03,8.627450980392157298e-01,3.921568627450980338e-02
1.009979895777922366e-03,9.019607843137255054e-01,0.000000000000000000e+00
1.009981895777865802e-03,9.019607843137255054e-01,0.000000000000000000e+00
1.009983895777809238e-03,9.411764705882352811e-01,7.843137254901960675e-02
1.009985895777752675e-03,8.627450980392157298e-01,-7.843137254901960675e-02
1.009987895777696111e-03,8.627450980392157298e-01,3.921568627450980338e-02
1.009989895777639547e-03,9.019607843137255054e-01,0.000000000000000000e+00
1.009991895777582983e-03,9.411764705882352811e-01,-3.921568627450980338e-02
1.009993895777526419e-03,8.235294117647058432e-01,7.843137254901960675e-02
1.009995895777469855e-03,9.019607843137255054e-01,0.000000000000000000e+00
1.009997895777413291e-03,9.019607843137255054e-01,3.921568627450980338e-02
1.009999895777356728e-03,9.411764705882352811e-01,3.921568627450980338e-02
