time_s,CH1_V,CH2_V
9.900002372786580879e-04,9.019607843137255054e-01,7.843137254901960675e-02
9.900022372786015240e-04,9.019607843137255054e-01,1.176470588235294101e-01
9.900042372785449601e-04,9.411764705882352811e-01,-7.843137254901960675e-02
9.900062372784883963e-04,8.627450980392157298e-01,7.843137254901960675e-02
9.900082372784318324e-04,9.019607843137255054e-01,0.000000000000000000e+00
9.900102372783752686e-04,9.019607843137255054e-01,7.843137254901960675e-02
9.900122372783187047e-04,9.019607843137255054e-01,3.921568627450980338e-02
9.900142372782621408e-04,8.627450980392157298e-01,-7.843137254901960675e-02
9.900162372782055770e-04,8.235294117647058432e-01,7.843137254901960675e-02
9.900182372781490131e-04,9.019607843137255054e-01,0.000000000000000000e+00
9.900202372780924492e-04,9.411764705882352811e-01,0.000000000000000000e+00
9.900222372780358854e-04,8.627450980392157298e-01,7.843137254901960675e-02
9.900242372779793215e-04,8.627450980392157298e-01,-1.568627450980392135e-01
9.900262372779227577e-04,9.019607843137255054e-01,7.843137254901960675e-02
9.900282372778661938e-04,9.411764705882352811e-01,-3.921568627450980338e-02
9.900302372778096299e-04,8.627450980392157298e-01,0.000000000000000000e+00
9.900322372777530661e-04,9.019607843137255054e-01,7.843137254901960675e-02
9.900342372776965022e-04,9.019607843137255054e-01,0.000000000000000000e+00
9.900362372776399383e-04,9.019607843137255054e-01,7.843137254901960675e-02
9.900382372775833745e-04,8.235294117647058432e-01,-3.921568627450980338e-02
9.900402372775268106e-04,9.019607843137255054e-01,3.921568627450980338e-02
9.900422372774702467e-04,8.627450980392157298e-01,3.921568627450980338e-02
9.900442372774136829e-04,9.411764705882352811e-01,-7.843137254901960675e-02
9.900462372773571190e-04,8.235294117647058432e-01,7.843137254901960675e-02
9.900482372773005552e-04,8.627450980392157298e-01,0.000000000000000000e+00
9.900502372772439913e-04,9.019607843137255054e-01,7.843137254901960675e-02
9.900522372771874274e-04,9.411764705882352811e-01,3.921568627450980338e-02
9.900542372771308636e-04,8.627450980392157298e-01,-7.843137254901960675e-02
9.900562372770742997e-04,9.019607843137255054e-01,7.843137254901960675e-02
9.900582372770177358e-04,8.627450980392157298e-01,-3.921568627450980338e-02
9.900602372769611720e-04,9.411764705882352811e-01,0.000000000000000000e+00
9.900622372769046081e-04,8.235294117647058432e-01,7.843137254901960675e-02
9.900642372768480443e-04,9.019607843137255054e-01,-1.568627450980392135e-01
9.900662372767914804e-04,9.411764705882352811e-01,7.843137254901960675e-02
9.900682372767349165e-04,9.411764705882352811e-01,0.000000000000000000e+00
9.900702372766783527e-04,8.627450980392157298e-01,-3.921568627450980338e-02
9.900722372766217888e-04,8.235294117647058432e-01,3.921568627450980338e-02
9.900742372765652249e-04,9.019607843137255054e-01,0.000000000000000000e+00
9.900762372765086611e-04,9.411764705882352811e-01,0.000000000000000000e+00
9.900782372764520972e-04,8.235294117647058432e-01,-7.843137254901960675e-02
9.900802372763955334e-04,8.235294117647058432e-01,3.921568627450980338e-02
9.900822372763389695e-04,9.411764705882352811e-01,3.921568627450980338e-02
9.900842372762824056e-04,9.411764705882352811e-01,-7.843137254901960675e-02
9.900862372762258418e-04,8.627450980392157298e-01,7.843137254901960675e-02
9.900882372761692779e-04,8.627450980392157298e-01,0.000000000000000000e+00
9.900902372761127140e-04,9.019607843137255054e-01,7.843137254901960675e-02
9.900922372760561502e-04,9.411764705882352811e-01,3.921568627450980338e-02
9.900942372759995863e-04,8.235294117647058432e-01,-7.843137254901960675e-02
9.900962372759430224e-04,8.235294117647058432e-01,3.921568627450980338e-02
9.900982372758864586e-04,9.019607843137255054e-01,-3.921568627450980338e-02
9.901002372758298947e-04,9.411764705882352811e-01,-3.921568627450980338e-02
9.901022372757733309e-04,8.235294117647058432e-01,7.843137254901960675e-02
9.901042372757167670e-04,9.019607843137255054e-01,-1.568627450980392135e-01
9.901062372756602031e-04,8.627450980392157298e-01,1.568627450980392135e-01
9.901082372756036393e-04,9.019607843137255054e-01,-7.843137254901960675e-02
9.901102372755470754e-04,8.235294117647058432e-01,0.000000000000000000e+00
9.901122372754905115e-04,9.019607843137255054e-01,7.843137254901960675e-02
9.901142372754339477e-04,9.019607843137255054e-01,-3.921568627450980338e-02
9.901162372753773838e-04,9.411764705882352811e-01,7.843137254901960675e-02
9.901182372753208200e-04,8.627450980392157298e-01,-3.921568627450980338e-02
9.901202372752642561e-04,9.019607843137255054e-01,0.000000000000000000e+00
9.901222372752076922e-04,9.019607843137255054e-01,7.843137254901960675e-02
9.901242372751511284e-04,9.411764705882352811e-01,-3.921568627450980338e-02
9.901262372750945645e-04,8.235294117647058432e-01,7.843137254901960675e-02
9.901282372750380006e-04,9.019607843137255054e-01,0.000000000000000000e+00
9.901302372749814368e-04,9.019607843137255054e-01,7.843137254901960675e-02
9.901322372749248729e-04,9.411764705882352811e-01,3.921568627450980338e-02
9.901342372748683091e-04,8.627450980392157298e-01,-7.843137254901960675e-02
9.901362372748117452e-04,8.627450980392157298e-01,3.921568627450980338e-02
9.901382372747551813e-04,9.019607843137255054e-01,-3.921568627450980338e-02
9.901402372746986175e-04,9.411764705882352811e-01,3.921568627450980338e-02
9.901422372746420536e-04,8.627450980392157298e-01,7.843137254901960675e-02
9.901442372745854897e-04,8.627450980392157298e-01,-3.921568627450980338e-02
9.901462372745289259e-04,9.019607843137255054e-01,1.176470588235294101e-01
9.901482372744723620e-04,9.411764705882352811e-01,0.000000000000000000e+00
9.901502372744157981e-04,8.627450980392157298e-01,-3.921568627450980338e-02
9.901522372743592343e-04,8.627450980392157298e-01,7.843137254901960675e-02
9.901542372743026704e-04,9.019607843137255054e-01,0.000000000000000000e+00
9.901562372742461066e-04,9.411764705882352811e-01,3.921568627450980338e-02
9.901582372741895427e-04,8.627450980392157298e-01,0.000000000000000000e+00
9.901602372741329788e-04,8.627450980392157298e-01,3.921568627450980338e-02
9.901622372740764150e-04,8.627450980392157298e-01,3.921568627450980338e-02
9.901642372740198511e-04,9.411764705882352811e-01,-7.843137254901960675e-02
9.901662372739632872e-04,8.627450980392157298e-01,7.843137254901960675e-02
9.901682372739067234e-04,9.019607843137255054e-01,0.000000000000000000e+00
9.901702372738501595e-04,9.019607843137255054e-01,1.176470588235294101e-01
9.901722372737935957e-04,9.411764705882352811e-01,0.000000000000000000e+00
9.901742372737370318e-04,8.627450980392157298e-01,-7.843137254901960675e-02
9.901762372736804679e-04,8.627450980392157298e-01,7.843137254901960675e-02
9.901782372736239041e-04,9.019607843137255054e-01,0.000000000000000000e+00
9.901802372735673402e-04,9.411764705882352811e-01,0.000000000000000000e+00
9.901822372735107763e-04,8.235294117647058432e-01,7.843137254901960675e-02
9.901842372734542125e-04,8.627450980392157298e-01,-1.568627450980392135e-01
9.901862372733976486e-04,8.627450980392157298e-01,1.176470588235294101e-01
9.901882372733410848e-04,9.411764705882352811e-01,-3.921568627450980338e-02
9.901902372732845209e-04,8.235294117647058432e-01,3.921568627450980338e-02
9.901922372732279570e-04,8.627450980392157298e-01,7.843137254901960675e-02
9.901942372731713932e-04,9.019607843137255054e-01,-3.921568627450980338e-02
9.901962372731148293e-04,9.411764705882352811e-01,7.843137254901960675e-02
9.901982372730582654e-04,8.627450980392157298e-01,0.000000000000000000e+00
9.902002372730017016e-04,9.019607843137255054e-01,3.921568627450980338e-02
9.902022372729451377e-04,9.019607843137255054e-01,7.843137254901960675e-02
9.902042372728885739e-04,9.411764705882352811e-01,-7.843137254901960675e-02
9.902062372728320100e-04,8.627450980392157298e-01,7.843137254901960675e-02
9.902082372727754461e-04,9.019607843137255054e-01,-7.843137254901960675e-02
9.902102372727188823e-04,9.019607843137255054e-01,3.921568627450980338e-02
9.902122372726623184e-04,9.019607843137255054e-01,3.921568627450980338e-02
9.902142372726057545e-04,8.235294117647058432e-01,-7.843137254901960675e-02
9.902162372725491907e-04,9.019607843137255054e-01,7.843137254901960675e-02
9.902182372724926268e-04,9.019607843137255054e-01,-3.921568627450980338e-02
9.902202372724360629e-04,9.411764705882352811e-01,0.000000000000000000e+00
9.902222372723794991e-04,8.627450980392157298e-01,7.843137254901960675e-02
9.902242372723229352e-04,8.627450980392157298e-01,-1.568627450980392135e-01
9.902262372722663714e-04,9.019607843137255054e-01,1.176470588235294101e-01
9.902282372722098075e-04,9.411764705882352811e-01,-3.921568627450980338e-02
9.902302372721532436e-04,8.627450980392157298e-01,-3.921568627450980338e-02
9.902322372720966798e-04,8.627450980392157298e-01,7.843137254901960675e-02
9.902342372720401159e-04,9.019607843137255054e-01,-3.921568627450980338e-02
9.902362372719835520e-04,9.411764705882352811e-01,7.843137254901960675e-02
9.902382372719269882e-04,8.627450980392157298e-01,-3.921568627450980338e-02
9.902402372718704243e-04,8.627450980392157298e-01,0.000000000000000000e+00
9.902422372718138605e-04,9.019607843137255054e-01,3.921568627450980338e-02
9.902442372717572966e-04,9.411764705882352811e-01,-7.843137254901960675e-02
9.902462372717007327e-04,8.235294117647058432e-01,7.843137254901960675e-02
9.902482372716441689e-04,8.627450980392157298e-01,0.000000000000000000e+00
9.902502372715876050e-04,9.019607843137255054e-01,7.843137254901960675e-02
9.902522372715310411e-04,9.411764705882352811e-01,3.921568627450980338e-02
9.902542372714744773e-04,8.627450980392157298e-01,-7.843137254901960675e-02
9.902562372714179134e-04,8.627450980392157298e-01,3.921568627450980338e-02
9.902582372713613496e-04,9.019607843137255054e-01,-3.921568627450980338e-02
9.902602372713047857e-04,9.019607843137255054e-01,-3.921568627450980338e-02
9.902622372712482218e-04,8.235294117647058432e-01,7.843137254901960675e-02
9.902642372711916580e-04,8.627450980392157298e-01,-3.921568627450980338e-02
9.902662372711350941e-04,8.627450980392157298e-01,1.568627450980392135e-01
9.902682372710785302e-04,9.411764705882352811e-01,-7.843137254901960675e-02
9.902702372710219664e-04,8.627450980392157298e-01,0.000000000000000000e+00
9.902722372709654025e-04,8.235294117647058432e-01,3.921568627450980338e-02
9.902742372709088386e-04,9.019607843137255054e-01,-7.843137254901960675e-02
9.902762372708522748e-04,9.411764705882352811e-01,3.921568627450980338e-02
9.902782372707957109e-04,8.627450980392157298e-01,-3.921568627450980338e-02
9.902802372707391471e-04,8.627450980392157298e-01,3.921568627450980338e-02
9.902822372706825832e-04,9.019607843137255054e-01,0.000000000000000000e+00
9.902842372706260193e-04,9.411764705882352811e-01,-3.921568627450980338e-02
9.902862372705694555e-04,8.235294117647058432e-01,3.921568627450980338e-02
9.902882372705128916e-04,8.627450980392157298e-01,0.000000000000000000e+00
9.902902372704563277e-04,8.627450980392157298e-01,7.843137254901960675e-02
9.902922372703997639e-04,9.411764705882352811e-01,3.921568627450980338e-02
9.902942372703432000e-04,8.627450980392157298e-01,-7.843137254901960675e-02
9.902962372702866362e-04,9.019607843137255054e-01,3.921568627450980338e-02
9.902982372702300723e-04,8.627450980392157298e-01,0.000000000000000000e+00
9.903002372701735084e-04,9.411764705882352811e-01,0.000000000000000000e+00
9.903022372701169446e-04,8.235294117647058432e-01,7.843137254901960675e-02
9.903042372700603807e-04,9.411764705882352811e-01,-7.843137254901960675e-02
9.903062372700038168e-04,9.019607843137255054e-01,1.568627450980392135e-01
9.903082372699472530e-04,9.411764705882352811e-01,0.000000000000000000e+00
9.903102372698906891e-04,8.627450980392157298e-01,0.000000000000000000e+00
9.903122372698341253e-04,8.627450980392157298e-01,7.843137254901960675e-02
9.903142372697775614e-04,9.019607843137255054e-01,-3.921568627450980338e-02
9.903162372697209975e-04,9.019607843137255054e-01,3.921568627450980338e-02
9.903182372696644337e-04,8.627450980392157298e-01,0.000000000000000000e+00
9.903202372696078698e-04,9.019607843137255054e-01,0.000000000000000000e+00
9.903222372695513059e-04,8.627450980392157298e-01,0.000000000000000000e+00
9.903242372694947421e-04,9.411764705882352811e-01,-3.921568627450980338e-02
9.903262372694381782e-04,8.235294117647058432e-01,7.843137254901960675e-02
9.903282372693816143e-04,9.019607843137255054e-01,0.000000000000000000e+00
9.903302372693250505e-04,9.019607843137255054e-01,1.176470588235294101e-01
9.903322372692684866e-04,9.411764705882352811e-01,0.000000000000000000e+00
9.903342372692119228e-04,8.627450980392157298e-01,-7.843137254901960675e-02
9.903362372691553589e-04,9.019607843137255054e-01,7.843137254901960675e-02
9.903382372690987950e-04,8.627450980392157298e-01,0.000000000000000000e+00
9.903402372690422312e-04,9.019607843137255054e-01,0.000000000000000000e+00
9.903422372689856673e-04,8.235294117647058432e-01,3.921568627450980338e-02
9.903442372689291034e-04,8.627450980392157298e-01,-1.568627450980392135e-01
9.903462372688725396e-04,9.019607843137255054e-01,1.176470588235294101e-01
9.903482372688159757e-04,9.411764705882352811e-01,0.000000000000000000e+00
9.903502372687594119e-04,8.627450980392157298e-01,0.000000000000000000e+00
9.903522372687028480e-04,8.235294117647058432e-01,7.843137254901960675e-02
9.903542372686462841e-04,9.019607843137255054e-01,-3.921568627450980338e-02
9.903562372685897203e-04,9.411764705882352811e-01,3.921568627450980338e-02
9.903582372685331564e-04,8.627450980392157298e-01,-3.921568627450980338e-02
9.903602372684765925e-04,9.019607843137255054e-01,0.000000000000000000e+00
9.903622372684200287e-04,8.627450980392157298e-01,7.843137254901960675e-02
9.903642372683634648e-04,9.411764705882352811e-01,-7.843137254901960675e-02
9.903662372683069010e-04,8.627450980392157298e-01,7.843137254901960675e-02
9.903682372682503371e-04,9.019607843137255054e-01,0.000000000000000000e+00
9.903702372681937732e-04,9.019607843137255054e-01,1.176470588235294101e-01
9.903722372681372094e-04,9.019607843137255054e-01,3.921568627450980338e-02
9.903742372680806455e-04,8.627450980392157298e-01,-3.921568627450980338e-02
9.903762372680240816e-04,8.627450980392157298e-01,7.843137254901960675e-02
9.903782372679675178e-04,9.019607843137255054e-01,0.000000000000000000e+00
9.903802372679109539e-04,9.019607843137255054e-01,0.000000000000000000e+00
9.903822372678543901e-04,8.627450980392157298e-01,3.921568627450980338e-02
9.903842372677978262e-04,9.019607843137255054e-01,-7.843137254901960675e-02
9.903862372677412623e-04,9.019607843137255054e-01,7.843137254901960675e-02
9.903882372676846985e-04,9.411764705882352811e-01,0.000000000000000000e+00
9.903902372676281346e-04,8.235294117647058432e-01,0.000000000000000000e+00
9.903922372675715707e-04,9.019607843137255054e-01,7.843137254901960675e-02
9.903942372675150069e-04,9.019607843137255054e-01,0.000000000000000000e+00
9.903962372674584430e-04,9.411764705882352811e-01,3.921568627450980338e-02
9.903982372674018791e-04,8.627450980392157298e-01,0.000000000000000000e+00
9.904002372673453153e-04,9.019607843137255054e-01,0.000000000000000000e+00
9.904022372672887514e-04,9.019607843137255054e-01,3.921568627450980338e-02
9.904042372672321876e-04,9.019607843137255054e-01,-3.921568627450980338e-02
9.904062372671756237e-04,8.235294117647058432e-01,7.843137254901960675e-02
9.904082372671190598e-04,8.627450980392157298e-01,0.000000000000000000e+00
9.904102372670624960e-04,9.019607843137255054e-01,7.843137254901960675e-02
9.904122372670059321e-04,9.019607843137255054e-01,3.921568627450980338e-02
9.904142372669493682e-04,8.627450980392157298e-01,-7.843137254901960675e-02
9.904162372668928044e-04,9.019607843137255054e-01,3.921568627450980338e-02
9.904182372668362405e-04,9.019607843137255054e-01,0.000000000000000000e+00
9.904202372667796767e-04,9.411764705882352811e-01,0.000000000000000000e+00
9.904222372667231128e-04,8.627450980392157298e-01,0.000000000000000000e+00
9.904242372666665489e-04,9.019607843137255054e-01,-7.843137254901960675e-02
9.904262372666099851e-04,9.019607843137255054e-01,7.843137254901960675e-02
9.904282372665534212e-04,9.411764705882352811e-01,0.000000000000000000e+00
9.904302372664968573e-04,8.627450980392157298e-01,0.000000000000000000e+00
9.904322372664402935e-04,9.019607843137255054e-01,7.843137254901960675e-02
9.904342372663837296e-04,9.019607843137255054e-01,-3.921568627450980338e-02
9.904362372663271658e-04,9.411764705882352811e-01,7.843137254901960675e-02
9.904382372662706019e-04,8.627450980392157298e-01,-3.921568627450980338e-02
9.904402372662140380e-04,8.627450980392157298e-01,3.921568627450980338e-02
9.904422372661574742e-04,9.019607843137255054e-01,3.921568627450980338e-02
9.904442372661009103e-04,9.411764705882352811e-01,-7.843137254901960675e-02
9.904462372660443464e-04,8.627450980392157298e-01,7.843137254901960675e-02
9.904482372659877826e-04,8.627450980392157298e-01,-3.921568627450980338e-02
9.904502372659312187e-04,9.019607843137255054e-01,7.843137254901960675e-02
9.904522372658746548e-04,9.411764705882352811e-01,3.921568627450980338e-02
9.904542372658180910e-04,8.627450980392157298e-01,-7.843137254901960675e-02
9.904562372657615271e-04,8.627450980392157298e-01,7.843137254901960675e-02
9.904582372657049633e-04,8.627450980392157298e-01,0.000000000000000000e+00
9.904602372656483994e-04,9.411764705882352811e-01,0.000000000000000000e+00
9.904622372655918355e-04,8.235294117647058432e-01,7.843137254901960675e-02
9.904642372655352717e-04,8.627450980392157298e-01,-1.568627450980392135e-01
9.904662372654787078e-04,9.019607843137255054e-01,1.176470588235294101e-01
9.904682372654221439e-04,9.411764705882352811e-01,0.000000000000000000e+00
9.904702372653655801e-04,8.627450980392157298e-01,0.000000000000000000e+00
9.904722372653090162e-04,8.235294117647058432e-01,3.921568627450980338e-02
9.904742372652524524e-04,9.019607843137255054e-01,0.000000000000000000e+00
9.904762372651958885e-04,9.411764705882352811e-01,3.921568627450980338e-02
9.904782372651393246e-04,8.627450980392157298e-01,-3.921568627450980338e-02
9.904802372650827608e-04,8.627450980392157298e-01,3.921568627450980338e-02
9.904822372650261969e-04,8.627450980392157298e-01,3.921568627450980338e-02
9.904842372649696330e-04,9.411764705882352811e-01,-3.921568627450980338e-02
9.904862372649130692e-04,8.627450980392157298e-01,7.843137254901960675e-02
9.904882372648565053e-04,8.627450980392157298e-01,-3.921568627450980338e-02
9.904902372647999415e-04,8.627450980392157298e-01,1.176470588235294101e-01
9.904922372647433776e-04,9.411764705882352811e-01,3.921568627450980338e-02
9.904942372646868137e-04,8.627450980392157298e-01,-7.843137254901960675e-02
9.904962372646302499e-04,8.627450980392157298e-01,3.921568627450980338e-02
9.904982372645736860e-04,9.019607843137255054e-01,0.000000000000000000e+00
9.905002372645171221e-04,9.411764705882352811e-01,0.000000000000000000e+00
9.905022372644605583e-04,8.627450980392157298e-01,7.843137254901960675e-02
9.905042372644039944e-04,9.019607843137255054e-01,-7.843137254901960675e-02
9.905062372643474305e-04,8.627450980392157298e-01,1.176470588235294101e-01
9.905082372642908667e-04,9.411764705882352811e-01,-3.921568627450980338e-02
9.905102372642343028e-04,8.627450980392157298e-01,0.000000000000000000e+00
9.905122372641777390e-04,8.627450980392157298e-01,7.843137254901960675e-02
9.905142372641211751e-04,9.019607843137255054e-01,0.000000000000000000e+00
9.905162372640646112e-04,9.411764705882352811e-01,7.843137254901960675e-02
9.905182372640080474e-04,8.235294117647058432e-01,0.000000000000000000e+00
9.905202372639514835e-04,8.627450980392157298e-01,-7.843137254901960675e-02
9.905222372638949196e-04,9.019607843137255054e-01,0.000000000000000000e+00
9.905242372638383558e-04,9.411764705882352811e-01,-7.843137254901960675e-02
9.905262372637817919e-04,8.235294117647058432e-01,7.843137254901960675e-02
9.905282372637252281e-04,9.019607843137255054e-01,-3.921568627450980338e-02
9.905302372636686642e-04,9.019607843137255054e-01,7.843137254901960675e-02
9.905322372636121003e-04,9.411764705882352811e-01,3.921568627450980338e-02
9.905342372635555365e-04,8.627450980392157298e-01,-7.843137254901960675e-02
9.905362372634989726e-04,8.235294117647058432e-01,7.843137254901960675e-02
9.905382372634424087e-04,9.019607843137255054e-01,0.000000000000000000e+00
9.905402372633858449e-04,9.411764705882352811e-01,0.000000000000000000e+00
9.905422372633292810e-04,8.235294117647058432e-01,3.921568627450980338e-02
9.905442372632727172e-04,8.627450980392157298e-01,-1.568627450980392135e-01
9.905462372632161533e-04,8.627450980392157298e-01,1.176470588235294101e-01
9.905482372631595894e-04,9.411764705882352811e-01,0.000000000000000000e+00
9.905502372631030256e-04,8.627450980392157298e-01,0.000000000000000000e+00
9.905522372630464617e-04,8.627450980392157298e-01,3.921568627450980338e-02
9.905542372629898978e-04,9.019607843137255054e-01,-7.843137254901960675e-02
9.905562372629333340e-04,9.411764705882352811e-01,7.843137254901960675e-02
9.905582372628767701e-04,8.627450980392157298e-01,-3.921568627450980338e-02
9.905602372628202062e-04,9.019607843137255054e-01,3.921568627450980338e-02
9.905622372627636424e-04,9.019607843137255054e-01,7.843137254901960675e-02
9.905642372627070785e-04,9.411764705882352811e-01,-7.843137254901960675e-02
9.905662372626505147e-04,8.627450980392157298e-01,7.843137254901960675e-02
9.905682372625939508e-04,8.235294117647058432e-01,0.000000000000000000e+00
9.905702372625373869e-04,9.019607843137255054e-01,7.843137254901960675e-02
9.905722372624808231e-04,9.411764705882352811e-01,3.921568627450980338e-02
9.905742372624242592e-04,8.627450980392157298e-01,-7.843137254901960675e-02
9.905762372623676953e-04,8.627450980392157298e-01,3.921568627450980338e-02
9.905782372623111315e-04,8.627450980392157298e-01,-3.921568627450980338e-02
9.905802372622545676e-04,9.411764705882352811e-01,-3.921568627450980338e-02
9.905822372621980038e-04,8.235294117647058432e-01,3.921568627450980338e-02
9.905842372621414399e-04,9.019607843137255054e-01,-7.843137254901960675e-02
9.905862372620848760e-04,9.019607843137255054e-01,1.176470588235294101e-01
9.905882372620283122e-04,9.019607843137255054e-01,-3.921568627450980338e-02
9.905902372619717483e-04,8.627450980392157298e-01,-3.921568627450980338e-02
9.905922372619151844e-04,8.627450980392157298e-01,3.921568627450980338e-02
9.905942372618586206e-04,9.019607843137255054e-01,0.000000000000000000e+00
9.905962372618020567e-04,9.411764705882352811e-01,3.921568627450980338e-02
9.905982372617454929e-04,8.627450980392157298e-01,-3.921568627450980338e-02
9.906002372616889290e-04,8.627450980392157298e-01,0.000000000000000000e+00
9.906022372616323651e-04,9.019607843137255054e-01,7.843137254901960675e-02
9.906042372615758013e-04,9.411764705882352811e-01,-7.843137254901960675e-02
9.906062372615192374e-04,8.235294117647058432e-01,7.843137254901960675e-02
9.906082372614626735e-04,9.019607843137255054e-01,0.000000000000000000e+00
9.906102372614061097e-04,9.019607843137255054e-01,7.843137254901960675e-02
9.906122372613495458e-04,9.411764705882352811e-01,0.000000000000000000e+00
9.906142372612929820e-04,8.235294117647058432e-01,-7.843137254901960675e-02
9.906162372612364181e-04,8.627450980392157298e-01,7.843137254901960675e-02
9.906182372611798542e-04,9.019607843137255054e-01,0.000000000000000000e+00
9.906202372611232904e-04,9.411764705882352811e-01,0.000000000000000000e+00
9.906222372610667265e-04,8.627450980392157298e-01,3.921568627450980338e-02
9.906242372610101626e-04,8.235294117647058432e-01,0.000000000000000000e+00
9.906262372609535988e-04,9.019607843137255054e-01,1.568627450980392135e-01
9.906282372608970349e-04,9.411764705882352811e-01,-7.843137254901960675e-02
9.906302372608404710e-04,8.235294117647058432e-01,0.000000000000000000e+00
9.906322372607839072e-04,8.627450980392157298e-01,7.843137254901960675e-02
9.906342372607273433e-04,9.019607843137255054e-01,-3.921568627450980338e-02
9.906362372606707795e-04,9.411764705882352811e-01,7.843137254901960675e-02
9.906382372606142156e-04,8.627450980392157298e-01,-3.921568627450980338e-02
9.906402372605576517e-04,8.627450980392157298e-01,0.000000000000000000e+00
9.906422372605010879e-04,9.019607843137255054e-01,0.000000000000000000e+00
9.906442372604445240e-04,9.411764705882352811e-01,-7.843137254901960675e-02
9.906462372603879601e-04,8.627450980392157298e-01,7.843137254901960675e-02
9.906482372603313963e-04,8.627450980392157298e-01,0.000000000000000000e+00
9.906502372602748324e-04,9.019607843137255054e-01,7.843137254901960675e-02
9.906522372602182686e-04,9.411764705882352811e-01,3.921568627450980338e-02
9.906542372601617047e-04,8.627450980392157298e-01,-7.843137254901960675e-02
9.906562372601051408e-04,8.627450980392157298e-01,7.843137254901960675e-02
9.906582372600485770e-04,9.019607843137255054e-01,0.000000000000000000e+00
9.906602372599920131e-04,9.411764705882352811e-01,0.000000000000000000e+00
9.906622372599354492e-04,8.627450980392157298e-01,3.921568627450980338e-02
9.906642372598788854e-04,8.627450980392157298e-01,-1.568627450980392135e-01
9.906662372598223215e-04,9.019607843137255054e-01,7.843137254901960675e-02
9.906682372597657577e-04,9.411764705882352811e-01,0.000000000000000000e+00
9.906702372597091938e-04,8.627450980392157298e-01,0.000000000000000000e+00
9.906722372596526299e-04,8.627450980392157298e-01,3.921568627450980338e-02
9.906742372595960661e-04,9.019607843137255054e-01,0.000000000000000000e+00
9.906762372595395022e-04,9.411764705882352811e-01,0.000000000000000000e+00
9.906782372594829383e-04,9.019607843137255054e-01,0.000000000000000000e+00
9.906802372594263745e-04,9.019607843137255054e-01,3.921568627450980338e-02
9.906822372593698106e-04,9.411764705882352811e-01,3.921568627450980338e-02
9.906842372593132467e-04,9.411764705882352811e-01,-7.843137254901960675e-02
9.906862372592566829e-04,8.627450980392157298e-01,7.843137254901960675e-02
9.906882372592001190e-04,8.627450980392157298e-01,0.000000000000000000e+00
9.906902372591435552e-04,9.019607843137255054e-01,1.176470588235294101e-01
9.906922372590869913e-04,9.019607843137255054e-01,3.921568627450980338e-02
9.906942372590304274e-04,8.235294117647058432e-01,-7.843137254901960675e-02
9.906962372589738636e-04,9.019607843137255054e-01,7.843137254901960675e-02
9.906982372589172997e-04,9.019607843137255054e-01,0.000000000000000000e+00
9.907002372588607358e-04,9.411764705882352811e-01,0.000000000000000000e+00
9.907022372588041720e-04,8.235294117647058432e-01,7.843137254901960675e-02
9.907042372587476081e-04,9.019607843137255054e-01,-1.568627450980392135e-01
9.907062372586910443e-04,8.627450980392157298e-01,7.843137254901960675e-02
9.907082372586344804e-04,9.411764705882352811e-01,0.000000000000000000e+00
9.907102372585779165e-04,8.627450980392157298e-01,0.000000000000000000e+00
9.907122372585213527e-04,8.627450980392157298e-01,7.843137254901960675e-02
9.907142372584647888e-04,9.411764705882352811e-01,-7.843137254901960675e-02
9.907162372584082249e-04,9.411764705882352811e-01,7.843137254901960675e-02
9.907182372583516611e-04,8.627450980392157298e-01,-3.921568627450980338e-02
9.907202372582950972e-04,9.019607843137255054e-01,3.921568627450980338e-02
9.907222372582385334e-04,8.627450980392157298e-01,7.843137254901960675e-02
9.907242372581819695e-04,9.411764705882352811e-01,-7.843137254901960675e-02
9.907262372581254056e-04,8.235294117647058432e-01,7.843137254901960675e-02
9.907282372580688418e-04,8.235294117647058432e-01,0.000000000000000000e+00
9.907302372580122779e-04,8.627450980392157298e-01,7.843137254901960675e-02
9.907322372579557140e-04,9.019607843137255054e-01,3.921568627450980338e-02
9.907342372578991502e-04,8.627450980392157298e-01,-7.843137254901960675e-02
9.907362372578425863e-04,8.627450980392157298e-01,7.843137254901960675e-02
9.907382372577860224e-04,9.019607843137255054e-01,0.000000000000000000e+00
9.907402372577294586e-04,9.411764705882352811e-01,-3.921568627450980338e-02
9.907422372576728947e-04,8.235294117647058432e-01,7.843137254901960675e-02
9.907442372576163309e-04,8.627450980392157298e-01,-7.843137254901960675e-02
9.907462372575597670e-04,9.019607843137255054e-01,1.176470588235294101e-01
9.907482372575032031e-04,9.411764705882352811e-01,0.000000000000000000e+00
9.907502372574466393e-04,8.235294117647058432e-01,-3.921568627450980338e-02
9.907522372573900754e-04,8.627450980392157298e-01,3.921568627450980338e-02
9.907542372573335115e-04,9.019607843137255054e-01,0.000000000000000000e+00
9.907562372572769477e-04,9.411764705882352811e-01,3.921568627450980338e-02
9.907582372572203838e-04,8.235294117647058432e-01,-3.921568627450980338e-02
9.907602372571638200e-04,9.019607843137255054e-01,3.921568627450980338e-02
9.907622372571072561e-04,8.627450980392157298e-01,3.921568627450980338e-02
9.907642372570506922e-04,9.411764705882352811e-01,-3.921568627450980338e-02
9.907662372569941284e-04,8.235294117647058432e-01,7.843137254901960675e-02
9.907682372569375645e-04,8.627450980392157298e-01,0.000000000000000000e+00
9.907702372568810006e-04,8.627450980392157298e-01,7.843137254901960675e-02
9.907722372568244368e-04,9.411764705882352811e-01,3.921568627450980338e-02
9.907742372567678729e-04,8.627450980392157298e-01,-7.843137254901960675e-02
9.907762372567113091e-04,8.627450980392157298e-01,7.843137254901960675e-02
9.907782372566547452e-04,9.019607843137255054e-01,0.000000000000000000e+00
9.907802372565981813e-04,9.411764705882352811e-01,0.000000000000000000e+00
9.907822372565416175e-04,8.627450980392157298e-01,7.843137254901960675e-02
9.907842372564850536e-04,8.235294117647058432e-01,-1.568627450980392135e-01
9.907862372564284897e-04,9.019607843137255054e-01,1.568627450980392135e-01
9.907882372563719259e-04,9.411764705882352811e-01,-7.843137254901960675e-02
9.907902372563153620e-04,8.627450980392157298e-01,0.000000000000000000e+00
9.907922372562587982e-04,8.627450980392157298e-01,7.843137254901960675e-02
9.907942372562022343e-04,9.019607843137255054e-01,-7.843137254901960675e-02
9.907962372561456704e-04,9.411764705882352811e-01,7.843137254901960675e-02
9.907982372560891066e-04,8.627450980392157298e-01,-3.921568627450980338e-02
9.908002372560325427e-04,9.411764705882352811e-01,0.000000000000000000e+00
9.908022372559759788e-04,9.019607843137255054e-01,3.921568627450980338e-02
9.908042372559194150e-04,9.411764705882352811e-01,-3.921568627450980338e-02
9.908062372558628511e-04,8.627450980392157298e-01,7.843137254901960675e-02
9.908082372558062872e-04,9.019607843137255054e-01,0.000000000000000000e+00
9.908102372557497234e-04,9.019607843137255054e-01,7.843137254901960675e-02
9.908122372556931595e-04,9.411764705882352811e-01,3.921568627450980338e-02
9.908142372556365957e-04,8.627450980392157298e-01,-7.843137254901960675e-02
9.908162372555800318e-04,9.019607843137255054e-01,7.843137254901960675e-02
9.908182372555234679e-04,9.019607843137255054e-01,0.000000000000000000e+00
9.908202372554669041e-04,9.411764705882352811e-01,0.000000000000000000e+00
9.908222372554103402e-04,8.627450980392157298e-01,7.843137254901960675e-02
9.908242372553537763e-04,9.019607843137255054e-01,-1.568627450980392135e-01
9.908262372552972125e-04,9.019607843137255054e-01,1.176470588235294101e-01
9.908282372552406486e-04,9.411764705882352811e-01,3.921568627450980338e-02
9.908302372551840848e-04,8.627450980392157298e-01,0.000000000000000000e+00
9.908322372551275209e-04,8.627450980392157298e-01,3.921568627450980338e-02
9.908342372550709570e-04,9.411764705882352811e-01,0.000000000000000000e+00
9.908362372550143932e-04,9.019607843137255054e-01,3.921568627450980338e-02
9.908382372549578293e-04,8.627450980392157298e-01,-3.921568627450980338e-02
9.908402372549012654e-04,8.627450980392157298e-01,3.921568627450980338e-02
9.908422372548447016e-04,9.019607843137255054e-01,3.921568627450980338e-02
9.908442372547881377e-04,9.411764705882352811e-01,-3.921568627450980338e-02
9.908462372547315739e-04,8.235294117647058432e-01,7.843137254901960675e-02
9.908482372546750100e-04,9.019607843137255054e-01,0.000000000000000000e+00
9.908502372546184461e-04,9.019607843137255054e-01,7.843137254901960675e-02
9.908522372545618823e-04,9.019607843137255054e-01,7.843137254901960675e-02
9.908542372545053184e-04,8.627450980392157298e-01,-7.843137254901960675e-02
9.908562372544487545e-04,8.627450980392157298e-01,3.921568627450980338e-02
9.908582372543921907e-04,9.019607843137255054e-01,0.000000000000000000e+00
9.908602372543356268e-04,9.411764705882352811e-01,0.000000000000000000e+00
9.908622372542790629e-04,8.235294117647058432e-01,3.921568627450980338e-02
9.908642372542224991e-04,9.019607843137255054e-01,-1.568627450980392135e-01
9.908662372541659352e-04,9.019607843137255054e-01,1.176470588235294101e-01
9.908682372541093714e-04,9.411764705882352811e-01,3.921568627450980338e-02
9.908702372540528075e-04,8.235294117647058432e-01,0.000000000000000000e+00
9.908722372539962436e-04,9.019607843137255054e-01,7.843137254901960675e-02
9.908742372539396798e-04,9.019607843137255054e-01,0.000000000000000000e+00
9.908762372538831159e-04,9.411764705882352811e-01,3.921568627450980338e-02
9.908782372538265520e-04,8.627450980392157298e-01,0.000000000000000000e+00
9.908802372537699882e-04,8.627450980392157298e-01,0.000000000000000000e+00
9.908822372537134243e-04,9.019607843137255054e-01,3.921568627450980338e-02
9.908842372536568605e-04,9.411764705882352811e-01,-3.921568627450980338e-02
9.908862372536002966e-04,8.627450980392157298e-01,7.843137254901960675e-02
9.908882372535437327e-04,8.627450980392157298e-01,0.000000000000000000e+00
9.908902372534871689e-04,9.019607843137255054e-01,7.843137254901960675e-02
9.908922372534306050e-04,9.019607843137255054e-01,3.921568627450980338e-02
9.908942372533740411e-04,8.627450980392157298e-01,-7.843137254901960675e-02
9.908962372533174773e-04,9.019607843137255054e-01,7.843137254901960675e-02
9.908982372532609134e-04,9.019607843137255054e-01,0.000000000000000000e+00
9.909002372532043496e-04,9.411764705882352811e-01,0.000000000000000000e+00
9.909022372531477857e-04,8.627450980392157298e-01,3.921568627450980338e-02
9.909042372530912218e-04,9.019607843137255054e-01,0.000000000000000000e+00
9.909062372530346580e-04,9.019607843137255054e-01,7.843137254901960675e-02
9.909082372529780941e-04,9.411764705882352811e-01,0.000000000000000000e+00
9.909102372529215302e-04,8.235294117647058432e-01,0.000000000000000000e+00
9.909122372528649664e-04,8.627450980392157298e-01,7.843137254901960675e-02
9.909142372528084025e-04,9.019607843137255054e-01,0.000000000000000000e+00
9.909162372527518386e-04,9.411764705882352811e-01,3.921568627450980338e-02
9.909182372526952748e-04,8.627450980392157298e-01,-3.921568627450980338e-02
9.909202372526387109e-04,9.019607843137255054e-01,0.000000000000000000e+00
9.909222372525821471e-04,9.019607843137255054e-01,3.921568627450980338e-02
9.909242372525255832e-04,9.411764705882352811e-01,-7.843137254901960675e-02
9.909262372524690193e-04,8.627450980392157298e-01,7.843137254901960675e-02
9.909282372524124555e-04,8.627450980392157298e-01,0.000000000000000000e+00
9.909302372523558916e-04,9.019607843137255054e-01,7.843137254901960675e-02
9.909322372522993277e-04,9.411764705882352811e-01,3.921568627450980338e-02
9.909342372522427639e-04,8.627450980392157298e-01,-7.843137254901960675e-02
9.909362372521862000e-04,9.019607843137255054e-01,7.843137254901960675e-02
9.909382372521296362e-04,9.411764705882352811e-01,0.000000000000000000e+00
9.909402372520730723e-04,9.411764705882352811e-01,0.000000000000000000e+00
9.909422372520165084e-04,9.019607843137255054e-01,7.843137254901960675e-02
9.909442372519599446e-04,9.019607843137255054e-01,0.000000000000000000e+00
9.909462372519033807e-04,9.019607843137255054e-01,7.843137254901960675e-02
9.909482372518468168e-04,9.019607843137255054e-01,0.000000000000000000e+00
9.909502372517902530e-04,8.627450980392157298e-01,0.000000000000000000e+00
9.909522372517336891e-04,8.627450980392157298e-01,7.843137254901960675e-02
9.909542372516771253e-04,9.019607843137255054e-01,0.000000000000000000e+00
9.909562372516205614e-04,9.411764705882352811e-01,0.000000000000000000e+00
9.909582372515639975e-04,8.627450980392157298e-01,0.000000000000000000e+00
9.909602372515074337e-04,8.627450980392157298e-01,0.000000000000000000e+00
9.909622372514508698e-04,9.019607843137255054e-01,3.921568627450980338e-02
9.909642372513943059e-04,9.411764705882352811e-01,-3.921568627450980338e-02
9.909662372513377421e-04,8.235294117647058432e-01,7.843137254901960675e-02
9.909682372512811782e-04,8.627450980392157298e-01,0.000000000000000000e+00
9.909702372512246143e-04,8.627450980392157298e-01,7.843137254901960675e-02
9.909722372511680505e-04,9.411764705882352811e-01,3.921568627450980338e-02
9.909742372511114866e-04,8.627450980392157298e-01,-3.921568627450980338e-02
9.909762372510549228e-04,8.235294117647058432e-01,7.843137254901960675e-02
9.909782372509983589e-04,9.019607843137255054e-01,0.000000000000000000e+00
9.909802372509417950e-04,9.411764705882352811e-01,0.000000000000000000e+00
9.909822372508852312e-04,8.235294117647058432e-01,3.921568627450980338e-02
9.909842372508286673e-04,8.627450980392157298e-01,-1.568627450980392135e-01
9.909862372507721034e-04,9.019607843137255054e-01,1.176470588235294101e-01
9.909882372507155396e-04,9.411764705882352811e-01,0.000000000000000000e+00
9.909902372506589757e-04,8.627450980392157298e-01,0.000000000000000000e+00
9.909922372506024119e-04,9.019607843137255054e-01,7.843137254901960675e-02
9.909942372505458480e-04,9.019607843137255054e-01,-3.921568627450980338e-02
9.909962372504892841e-04,9.411764705882352811e-01,3.921568627450980338e-02
9.909982372504327203e-04,8.627450980392157298e-01,-3.921568627450980338e-02
9.910002372503761564e-04,8.627450980392157298e-01,0.000000000000000000e+00
9.910022372503195925e-04,9.019607843137255054e-01,3.921568627450980338e-02
9.910042372502630287e-04,9.411764705882352811e-01,-7.843137254901960675e-02
9.910062372502064648e-04,8.235294117647058432e-01,7.843137254901960675e-02
9.910082372501499010e-04,8.627450980392157298e-01,-7.843137254901960675e-02
9.910102372500933371e-04,9.019607843137255054e-01,7.843137254901960675e-02
9.910122372500367732e-04,9.411764705882352811e-01,3.921568627450980338e-02
9.910142372499802094e-04,8.627450980392157298e-01,-7.843137254901960675e-02
9.910162372499236455e-04,8.235294117647058432e-01,7.843137254901960675e-02
9.910182372498670816e-04,9.019607843137255054e-01,-3.921568627450980338e-02
9.910202372498105178e-04,9.411764705882352811e-01,0.000000000000000000e+00
9.910222372497539539e-04,8.627450980392157298e-01,7.843137254901960675e-02
9.910242372496973901e-04,8.627450980392157298e-01,-1.568627450980392135e-01
9.910262372496408262e-04,9.411764705882352811e-01,1.176470588235294101e-01
9.910282372495842623e-04,9.411764705882352811e-01,0.000000000000000000e+00
9.910302372495276985e-04,8.627450980392157298e-01,0.000000000000000000e+00
9.910322372494711346e-04,9.019607843137255054e-01,7.843137254901960675e-02
9.910342372494145707e-04,9.019607843137255054e-01,0.000000000000000000e+00
9.910362372493580069e-04,9.411764705882352811e-01,0.000000000000000000e+00
9.910382372493014430e-04,8.627450980392157298e-01,-3.921568627450980338e-02
9.910402372492448791e-04,8.627450980392157298e-01,0.000000000000000000e+00
9.910422372491883153e-04,8.627450980392157298e-01,7.843137254901960675e-02
9.910442372491317514e-04,9.411764705882352811e-01,-3.921568627450980338e-02
9.910462372490751876e-04,8.235294117647058432e-01,7.843137254901960675e-02
9.910482372490186237e-04,9.019607843137255054e-01,0.000000000000000000e+00
9.910502372489620598e-04,9.019607843137255054e-01,7.843137254901960675e-02
9.910522372489054960e-04,9.411764705882352811e-01,7.843137254901960675e-02
9.910542372488489321e-04,8.627450980392157298e-01,-7.843137254901960675e-02
9.910562372487923682e-04,9.019607843137255054e-01,3.921568627450980338e-02
9.910582372487358044e-04,9.411764705882352811e-01,0.000000000000000000e+00
9.910602372486792405e-04,9.411764705882352811e-01,0.000000000000000000e+00
9.910622372486226767e-04,8.235294117647058432e-01,3.921568627450980338e-02
9.910642372485661128e-04,9.019607843137255054e-01,-1.568627450980392135e-01
9.910662372485095489e-04,9.019607843137255054e-01,1.176470588235294101e-01
9.910682372484529851e-04,9.411764705882352811e-01,0.000000000000000000e+00
9.910702372483964212e-04,8.235294117647058432e-01,0.000000000000000000e+00
9.910722372483398573e-04,8.627450980392157298e-01,7.843137254901960675e-02
9.910742372482832935e-04,9.411764705882352811e-01,0.000000000000000000e+00
9.910762372482267296e-04,9.411764705882352811e-01,3.921568627450980338e-02
9.910782372481701658e-04,8.627450980392157298e-01,0.000000000000000000e+00
9.910802372481136019e-04,9.019607843137255054e-01,0.000000000000000000e+00
9.910822372480570380e-04,9.019607843137255054e-01,3.921568627450980338e-02
9.910842372480004742e-04,9.411764705882352811e-01,0.000000000000000000e+00
9.910862372479439103e-04,8.627450980392157298e-01,3.921568627450980338e-02
9.910882372478873464e-04,8.627450980392157298e-01,0.000000000000000000e+00
9.910902372478307826e-04,8.627450980392157298e-01,7.843137254901960675e-02
9.910922372477742187e-04,9.411764705882352811e-01,3.921568627450980338e-02
9.910942372477176548e-04,8.235294117647058432e-01,-7.843137254901960675e-02
9.910962372476610910e-04,9.019607843137255054e-01,1.176470588235294101e-01
9.910982372476045271e-04,9.019607843137255054e-01,-3.921568627450980338e-02
9.911002372475479633e-04,9.411764705882352811e-01,0.000000000000000000e+00
9.911022372474913994e-04,8.235294117647058432e-01,7.843137254901960675e-02
9.911042372474348355e-04,9.019607843137255054e-01,-7.843137254901960675e-02
9.911062372473782717e-04,9.019607843137255054e-01,7.843137254901960675e-02
9.911082372473217078e-04,9.411764705882352811e-01,-3.921568627450980338e-02
9.911102372472651439e-04,8.235294117647058432e-01,0.000000000000000000e+00
9.911122372472085801e-04,8.627450980392157298e-01,7.843137254901960675e-02
9.911142372471520162e-04,9.019607843137255054e-01,-3.921568627450980338e-02
9.911162372470954524e-04,9.411764705882352811e-01,7.843137254901960675e-02
9.911182372470388885e-04,8.235294117647058432e-01,-3.921568627450980338e-02
9.911202372469823246e-04,9.019607843137255054e-01,0.000000000000000000e+00
9.911222372469257608e-04,9.019607843137255054e-01,3.921568627450980338e-02
9.911242372468691969e-04,9.019607843137255054e-01,-7.843137254901960675e-02
9.911262372468126330e-04,8.627450980392157298e-01,7.843137254901960675e-02
9.911282372467560692e-04,9.019607843137255054e-01,0.000000000000000000e+00
9.911302372466995053e-04,8.627450980392157298e-01,7.843137254901960675e-02
9.911322372466429415e-04,9.411764705882352811e-01,0.000000000000000000e+00
9.911342372465863776e-04,8.627450980392157298e-01,-7.843137254901960675e-02
9.911362372465298137e-04,9.019607843137255054e-01,3.921568627450980338e-02
9.911382372464732499e-04,9.019607843137255054e-01,0.000000000000000000e+00
9.911402372464166860e-04,9.411764705882352811e-01,0.000000000000000000e+00
9.911422372463601221e-04,8.235294117647058432e-01,3.921568627450980338e-02
9.911442372463035583e-04,9.019607843137255054e-01,-1.960784313725490169e-01
9.911462372462469944e-04,9.019607843137255054e-01,1.176470588235294101e-01
9.911482372461904305e-04,9.411764705882352811e-01,0.000000000000000000e+00
9.911502372461338667e-04,9.019607843137255054e-01,-3.921568627450980338e-02
9.911522372460773028e-04,8.627450980392157298e-01,3.921568627450980338e-02
9.911542372460207390e-04,9.411764705882352811e-01,0.000000000000000000e+00
9.911562372459641751e-04,9.411764705882352811e-01,3.921568627450980338e-02
9.911582372459076112e-04,8.627450980392157298e-01,-3.921568627450980338e-02
9.911602372458510474e-04,8.627450980392157298e-01,0.000000000000000000e+00
9.911622372457944835e-04,9.019607843137255054e-01,3.921568627450980338e-02
9.911642372457379196e-04,9.411764705882352811e-01,-3.921568627450980338e-02
9.911662372456813558e-04,8.627450980392157298e-01,7.843137254901960675e-02
9.911682372456247919e-04,9.411764705882352811e-01,-7.843137254901960675e-02
9.911702372455682281e-04,9.411764705882352811e-01,3.921568627450980338e-02
9.911722372455116642e-04,9.019607843137255054e-01,3.921568627450980338e-02
9.911742372454551003e-04,9.019607843137255054e-01,-7.843137254901960675e-02
9.911762372453985365e-04,8.627450980392157298e-01,7.843137254901960675e-02
9.911782372453419726e-04,9.019607843137255054e-01,0.000000000000000000e+00
9.911802372452854087e-04,9.411764705882352811e-01,0.000000000000000000e+00
9.911822372452288449e-04,8.627450980392157298e-01,3.921568627450980338e-02
9.911842372451722810e-04,9.019607843137255054e-01,-3.921568627450980338e-02
9.911862372451157172e-04,9.411764705882352811e-01,1.176470588235294101e-01
9.911882372450591533e-04,9.411764705882352811e-01,-7.843137254901960675e-02
9.911902372450025894e-04,8.627450980392157298e-01,0.000000000000000000e+00
9.911922372449460256e-04,9.019607843137255054e-01,7.843137254901960675e-02
9.911942372448894617e-04,8.627450980392157298e-01,-3.921568627450980338e-02
9.911962372448328978e-04,9.411764705882352811e-01,3.921568627450980338e-02
9.911982372447763340e-04,8.235294117647058432e-01,0.000000000000000000e+00
9.912002372447197701e-04,9.019607843137255054e-01,0.000000000000000000e+00
9.912022372446632063e-04,9.019607843137255054e-01,3.921568627450980338e-02
9.912042372446066424e-04,9.411764705882352811e-01,-7.843137254901960675e-02
9.912062372445500785e-04,8.235294117647058432e-01,7.843137254901960675e-02
9.912082372444935147e-04,9.411764705882352811e-01,0.000000000000000000e+00
9.912102372444369508e-04,9.019607843137255054e-01,3.921568627450980338e-02
9.912122372443803869e-04,9.411764705882352811e-01,3.921568627450980338e-02
9.912142372443238231e-04,8.235294117647058432e-01,-7.843137254901960675e-02
9.912162372442672592e-04,8.627450980392157298e-01,7.843137254901960675e-02
9.912182372442106953e-04,8.627450980392157298e-01,0.000000000000000000e+00
9.912202372441541315e-04,9.411764705882352811e-01,-3.921568627450980338e-02
9.912222372440975676e-04,8.235294117647058432e-01,7.843137254901960675e-02
9.912242372440410038e-04,9.019607843137255054e-01,-7.843137254901960675e-02
9.912262372439844399e-04,9.019607843137255054e-01,7.843137254901960675e-02
9.912282372439278760e-04,9.411764705882352811e-01,0.000000000000000000e+00
9.912302372438713122e-04,8.627450980392157298e-01,0.000000000000000000e+00
9.912322372438147483e-04,9.411764705882352811e-01,7.843137254901960675e-02
9.912342372437581844e-04,9.019607843137255054e-01,-3.921568627450980338e-02
9.912362372437016206e-04,9.411764705882352811e-01,7.843137254901960675e-02
9.912382372436450567e-04,8.627450980392157298e-01,-3.921568627450980338e-02
9.912402372435884929e-04,9.019607843137255054e-01,0.000000000000000000e+00
9.912422372435319290e-04,9.019607843137255054e-01,3.921568627450980338e-02
9.912442372434753651e-04,9.411764705882352811e-01,-7.843137254901960675e-02
9.912462372434188013e-04,8.627450980392157298e-01,3.921568627450980338e-02
9.912482372433622374e-04,8.627450980392157298e-01,0.000000000000000000e+00
9.912502372433056735e-04,9.019607843137255054e-01,7.843137254901960675e-02
9.912522372432491097e-04,9.411764705882352811e-01,7.843137254901960675e-02
9.912542372431925458e-04,9.019607843137255054e-01,-7.843137254901960675e-02
9.912562372431359820e-04,8.627450980392157298e-01,3.921568627450980338e-02
9.912582372430794181e-04,9.411764705882352811e-01,-3.921568627450980338e-02
9.912602372430228542e-04,9.411764705882352811e-01,0.000000000000000000e+00
9.912622372429662904e-04,8.235294117647058432e-01,3.921568627450980338e-02
9.912642372429097265e-04,9.019607843137255054e-01,-1.568627450980392135e-01
9.912662372428531626e-04,9.019607843137255054e-01,1.176470588235294101e-01
9.912682372427965988e-04,9.411764705882352811e-01,0.000000000000000000e+00
9.912702372427400349e-04,8.627450980392157298e-01,0.000000000000000000e+00
9.912722372426834710e-04,8.627450980392157298e-01,3.921568627450980338e-02
9.912742372426269072e-04,9.019607843137255054e-01,0.000000000000000000e+00
9.912762372425703433e-04,9.411764705882352811e-01,3.921568627450980338e-02
9.912782372425137795e-04,8.627450980392157298e-01,-3.921568627450980338e-02
9.912802372424572156e-04,9.411764705882352811e-01,0.000000000000000000e+00
9.912822372424006517e-04,9.019607843137255054e-01,3.921568627450980338e-02
9.912842372423440879e-04,9.411764705882352811e-01,-3.921568627450980338e-02
9.912862372422875240e-04,8.627450980392157298e-01,3.921568627450980338e-02
9.912882372422309601e-04,9.411764705882352811e-01,-3.921568627450980338e-02
9.912902372421743963e-04,9.019607843137255054e-01,7.843137254901960675e-02
9.912922372421178324e-04,9.411764705882352811e-01,3.921568627450980338e-02
9.912942372420612686e-04,8.235294117647058432e-01,-7.843137254901960675e-02
9.912962372420047047e-04,9.019607843137255054e-01,7.843137254901960675e-02
9.912982372419481408e-04,9.019607843137255054e-01,0.000000000000000000e+00
9.913002372418915770e-04,9.411764705882352811e-01,0.000000000000000000e+00
9.913022372418350131e-04,8.627450980392157298e-01,7.843137254901960675e-02
9.913042372417784492e-04,9.019607843137255054e-01,-1.568627450980392135e-01
9.913062372417218854e-04,9.411764705882352811e-01,1.176470588235294101e-01
9.913082372416653215e-04,9.411764705882352811e-01,0.000000000000000000e+00
9.913102372416087577e-04,8.235294117647058432e-01,0.000000000000000000e+00
9.913122372415521938e-04,9.019607843137255054e-01,7.843137254901960675e-02
9.913142372414956299e-04,9.019607843137255054e-01,0.000000000000000000e+00
9.913162372414390661e-04,9.019607843137255054e-01,3.921568627450980338e-02
9.913182372413825022e-04,8.627450980392157298e-01,0.000000000000000000e+00
9.913202372413259383e-04,9.019607843137255054e-01,0.000000000000000000e+00
9.913222372412693745e-04,9.019607843137255054e-01,3.921568627450980338e-02
9.913242372412128106e-04,9.411764705882352811e-01,-3.921568627450980338e-02
9.913262372411562467e-04,8.627450980392157298e-01,7.843137254901960675e-02
9.913282372410996829e-04,8.627450980392157298e-01,0.000000000000000000e+00
9.913302372410431190e-04,9.411764705882352811e-01,7.843137254901960675e-02
9.913322372409865552e-04,9.411764705882352811e-01,3.921568627450980338e-02
9.913342372409299913e-04,8.627450980392157298e-01,-7.843137254901960675e-02
9.913362372408734274e-04,9.019607843137255054e-01,7.843137254901960675e-02
9.913382372408168636e-04,9.019607843137255054e-01,0.000000000000000000e+00
9.913402372407602997e-04,9.411764705882352811e-01,0.000000000000000000e+00
9.913422372407037358e-04,8.235294117647058432e-01,7.843137254901960675e-02
9.913442372406471720e-04,8.627450980392157298e-01,-1.568627450980392135e-01
9.913462372405906081e-04,8.627450980392157298e-01,7.843137254901960675e-02
9.913482372405340443e-04,9.411764705882352811e-01,0.000000000000000000e+00
9.913502372404774804e-04,8.627450980392157298e-01,-3.921568627450980338e-02
9.913522372404209165e-04,8.627450980392157298e-01,7.843137254901960675e-02
9.913542372403643527e-04,9.019607843137255054e-01,-3.921568627450980338e-02
9.913562372403077888e-04,9.411764705882352811e-01,3.921568627450980338e-02
9.913582372402512249e-04,8.627450980392157298e-01,-3.921568627450980338e-02
9.913602372401946611e-04,9.019607843137255054e-01,0.000000000000000000e+00
9.913622372401380972e-04,9.019607843137255054e-01,3.921568627450980338e-02
9.913642372400815334e-04,9.019607843137255054e-01,-7.843137254901960675e-02
9.913662372400249695e-04,8.235294117647058432e-01,7.843137254901960675e-02
9.913682372399684056e-04,9.019607843137255054e-01,0.000000000000000000e+00
9.913702372399118418e-04,9.019607843137255054e-01,7.843137254901960675e-02
9.913722372398552779e-04,9.411764705882352811e-01,3.921568627450980338e-02
9.913742372397987140e-04,8.235294117647058432e-01,-7.843137254901960675e-02
9.913762372397421502e-04,8.627450980392157298e-01,7.843137254901960675e-02
9.913782372396855863e-04,9.019607843137255054e-01,0.000000000000000000e+00
9.913802372396290224e-04,9.411764705882352811e-01,0.000000000000000000e+00
9.913822372395724586e-04,8.235294117647058432e-01,3.921568627450980338e-02
9.913842372395158947e-04,8.627450980392157298e-01,-1.568627450980392135e-01
9.913862372394593309e-04,8.627450980392157298e-01,1.568627450980392135e-01
9.913882372394027670e-04,9.411764705882352811e-01,-7.843137254901960675e-02
9.913902372393462031e-04,8.627450980392157298e-01,0.000000000000000000e+00
9.913922372392896393e-04,8.627450980392157298e-01,7.843137254901960675e-02
9.913942372392330754e-04,9.019607843137255054e-01,-3.921568627450980338e-02
9.913962372391765115e-04,9.411764705882352811e-01,3.921568627450980338e-02
9.913982372391199477e-04,8.627450980392157298e-01,-3.921568627450980338e-02
9.914002372390633838e-04,9.019607843137255054e-01,0.000000000000000000e+00
9.914022372390068200e-04,9.019607843137255054e-01,3.921568627450980338e-02
9.914042372389502561e-04,9.411764705882352811e-01,0.000000000000000000e+00
9.914062372388936922e-04,8.627450980392157298e-01,7.843137254901960675e-02
9.914082372388371284e-04,8.627450980392157298e-01,-7.843137254901960675e-02
9.914102372387805645e-04,9.019607843137255054e-01,7.843137254901960675e-02
9.914122372387240006e-04,9.019607843137255054e-01,3.921568627450980338e-02
9.914142372386674368e-04,8.627450980392157298e-01,-7.843137254901960675e-02
9.914162372386108729e-04,8.627450980392157298e-01,3.921568627450980338e-02
9.914182372385543091e-04,9.019607843137255054e-01,0.000000000000000000e+00
9.914202372384977452e-04,9.019607843137255054e-01,-3.921568627450980338e-02
9.914222372384411813e-04,8.627450980392157298e-01,3.921568627450980338e-02
9.914242372383846175e-04,9.019607843137255054e-01,-1.568627450980392135e-01
9.914262372383280536e-04,9.019607843137255054e-01,7.843137254901960675e-02
9.914282372382714897e-04,9.411764705882352811e-01,0.000000000000000000e+00
9.914302372382149259e-04,8.627450980392157298e-01,0.000000000000000000e+00
9.914322372381583620e-04,8.627450980392157298e-01,7.843137254901960675e-02
9.914342372381017982e-04,9.019607843137255054e-01,0.000000000000000000e+00
9.914362372380452343e-04,9.411764705882352811e-01,0.000000000000000000e+00
9.914382372379886704e-04,8.627450980392157298e-01,-3.921568627450980338e-02
9.914402372379321066e-04,9.019607843137255054e-01,0.000000000000000000e+00
9.914422372378755427e-04,9.019607843137255054e-01,3.921568627450980338e-02
9.914442372378189788e-04,9.411764705882352811e-01,-3.921568627450980338e-02
9.914462372377624150e-04,8.627450980392157298e-01,7.843137254901960675e-02
9.914482372377058511e-04,9.019607843137255054e-01,0.000000000000000000e+00
9.914502372376492872e-04,9.019607843137255054e-01,7.843137254901960675e-02
9.914522372375927234e-04,9.411764705882352811e-01,3.921568627450980338e-02
9.914542372375361595e-04,8.627450980392157298e-01,-7.843137254901960675e-02
9.914562372374795957e-04,9.019607843137255054e-01,3.921568627450980338e-02
9.914582372374230318e-04,9.019607843137255054e-01,0.000000000000000000e+00
9.914602372373664679e-04,9.411764705882352811e-01,0.000000000000000000e+00
9.914622372373099041e-04,8.627450980392157298e-01,3.921568627450980338e-02
9.914642372372533402e-04,9.019607843137255054e-01,-1.568627450980392135e-01
9.914662372371967763e-04,9.019607843137255054e-01,1.176470588235294101e-01
9.914682372371402125e-04,9.411764705882352811e-01,0.000000000000000000e+00
9.914702372370836486e-04,8.235294117647058432e-01,0.000000000000000000e+00
9.914722372370270848e-04,8.627450980392157298e-01,7.843137254901960675e-02
9.914742372369705209e-04,9.411764705882352811e-01,0.000000000000000000e+00
9.914762372369139570e-04,9.411764705882352811e-01,3.921568627450980338e-02
9.914782372368573932e-04,8.235294117647058432e-01,0.000000000000000000e+00
9.914802372368008293e-04,9.019607843137255054e-01,0.000000000000000000e+00
9.914822372367442654e-04,9.019607843137255054e-01,3.921568627450980338e-02
9.914842372366877016e-04,9.411764705882352811e-01,-3.921568627450980338e-02
9.914862372366311377e-04,8.627450980392157298e-01,7.843137254901960675e-02
9.914882372365745739e-04,8.627450980392157298e-01,-7.843137254901960675e-02
9.914902372365180100e-04,9.411764705882352811e-01,3.921568627450980338e-02
9.914922372364614461e-04,9.411764705882352811e-01,0.000000000000000000e+00
9.914942372364048823e-04,8.627450980392157298e-01,-7.843137254901960675e-02
9.914962372363483184e-04,9.019607843137255054e-01,3.921568627450980338e-02
9.914982372362917545e-04,9.411764705882352811e-01,0.000000000000000000e+00
9.915002372362351907e-04,9.411764705882352811e-01,0.000000000000000000e+00
9.915022372361786268e-04,8.627450980392157298e-01,7.843137254901960675e-02
9.915042372361220629e-04,9.019607843137255054e-01,-1.568627450980392135e-01
9.915062372360654991e-04,9.019607843137255054e-01,7.843137254901960675e-02
9.915082372360089352e-04,9.411764705882352811e-01,0.000000000000000000e+00
9.915102372359523714e-04,8.235294117647058432e-01,0.000000000000000000e+00
9.915122372358958075e-04,8.627450980392157298e-01,7.843137254901960675e-02
9.915142372358392436e-04,9.019607843137255054e-01,-7.843137254901960675e-02
9.915162372357826798e-04,9.411764705882352811e-01,7.843137254901960675e-02
9.915182372357261159e-04,8.627450980392157298e-01,0.000000000000000000e+00
9.915202372356695520e-04,8.235294117647058432e-01,0.000000000000000000e+00
9.915222372356129882e-04,9.019607843137255054e-01,3.921568627450980338e-02
9.915242372355564243e-04,9.411764705882352811e-01,-7.843137254901960675e-02
9.915262372354998605e-04,8.235294117647058432e-01,7.843137254901960675e-02
9.915282372354432966e-04,9.019607843137255054e-01,-1.568627450980392135e-01
9.915302372353867327e-04,9.019607843137255054e-01,7.843137254901960675e-02
9.915322372353301689e-04,9.411764705882352811e-01,3.921568627450980338e-02
9.915342372352736050e-04,9.019607843137255054e-01,-1.568627450980392135e-01
9.915362372352170411e-04,8.627450980392157298e-01,7.843137254901960675e-02
9.915382372351604773e-04,9.019607843137255054e-01,0.000000000000000000e+00
9.915402372351039134e-04,9.411764705882352811e-01,0.000000000000000000e+00
9.915422372350473496e-04,8.235294117647058432e-01,3.921568627450980338e-02
9.915442372349907857e-04,9.019607843137255054e-01,-1.568627450980392135e-01
9.915462372349342218e-04,8.627450980392157298e-01,7.843137254901960675e-02
9.915482372348776580e-04,9.411764705882352811e-01,0.000000000000000000e+00
9.915502372348210941e-04,9.019607843137255054e-01,0.000000000000000000e+00
9.915522372347645302e-04,9.019607843137255054e-01,7.843137254901960675e-02
9.915542372347079664e-04,9.019607843137255054e-01,-3.921568627450980338e-02
9.915562372346514025e-04,9.411764705882352811e-01,3.921568627450980338e-02
9.915582372345948386e-04,8.627450980392157298e-01,-7.843137254901960675e-02
9.915602372345382748e-04,9.019607843137255054e-01,3.921568627450980338e-02
9.915622372344817109e-04,8.627450980392157298e-01,3.921568627450980338e-02
9.915642372344251471e-04,9.411764705882352811e-01,-7.843137254901960675e-02
9.915662372343685832e-04,8.627450980392157298e-01,7.843137254901960675e-02
9.915682372343120193e-04,9.019607843137255054e-01,0.000000000000000000e+00
9.915702372342554555e-04,9.019607843137255054e-01,3.921568627450980338e-02
9.915722372341988916e-04,8.627450980392157298e-01,3.921568627450980338e-02
9.915742372341423277e-04,8.627450980392157298e-01,-7.843137254901960675e-02
9.915762372340857639e-04,8.627450980392157298e-01,3.921568627450980338e-02
9.915782372340292000e-04,9.019607843137255054e-01,0.000000000000000000e+00
9.915802372339726362e-04,9.803921568627450567e-01,0.000000000000000000e+00
9.915822372339160723e-04,8.235294117647058432e-01,7.843137254901960675e-02
9.915842372338595084e-04,9.019607843137255054e-01,0.000000000000000000e+00
9.915862372338029446e-04,9.411764705882352811e-01,1.176470588235294101e-01
9.915882372337463807e-04,9.411764705882352811e-01,0.000000000000000000e+00
9.915902372336898168e-04,8.627450980392157298e-01,0.000000000000000000e+00
9.915922372336332530e-04,9.019607843137255054e-01,7.843137254901960675e-02
9.915942372335766891e-04,8.235294117647058432e-01,0.000000000000000000e+00
9.915962372335201253e-04,9.411764705882352811e-01,0.000000000000000000e+00
9.915982372334635614e-04,8.627450980392157298e-01,-7.843137254901960675e-02
9.916002372334069975e-04,8.627450980392157298e-01,0.000000000000000000e+00
9.916022372333504337e-04,9.411764705882352811e-01,3.921568627450980338e-02
9.916042372332938698e-04,9.411764705882352811e-01,-7.843137254901960675e-02
9.916062372332373059e-04,8.627450980392157298e-01,3.921568627450980338e-02
9.916082372331807421e-04,9.411764705882352811e-01,0.000000000000000000e+00
9.916102372331241782e-04,9.019607843137255054e-01,3.921568627450980338e-02
9.916122372330676144e-04,9.411764705882352811e-01,7.843137254901960675e-02
9.916142372330110505e-04,8.235294117647058432e-01,-7.843137254901960675e-02
9.916162372329544866e-04,9.019607843137255054e-01,7.843137254901960675e-02
9.916182372328979228e-04,9.019607843137255054e-01,0.000000000000000000e+00
9.916202372328413589e-04,9.411764705882352811e-01,0.000000000000000000e+00
9.916222372327847950e-04,8.235294117647058432e-01,7.843137254901960675e-02
9.916242372327282312e-04,9.019607843137255054e-01,-7.843137254901960675e-02
9.916262372326716673e-04,8.627450980392157298e-01,1.176470588235294101e-01
9.916282372326151034e-04,9.411764705882352811e-01,0.000000000000000000e+00
9.916302372325585396e-04,8.235294117647058432e-01,0.000000000000000000e+00
9.916322372325019757e-04,8.627450980392157298e-01,3.921568627450980338e-02
9.916342372324454119e-04,9.019607843137255054e-01,-3.921568627450980338e-02
9.916362372323888480e-04,9.411764705882352811e-01,7.843137254901960675e-02
9.916382372323322841e-04,8.235294117647058432e-01,-3.921568627450980338e-02
9.916402372322757203e-04,9.019607843137255054e-01,0.000000000000000000e+00
9.916422372322191564e-04,9.019607843137255054e-01,7.843137254901960675e-02
9.916442372321625925e-04,9.411764705882352811e-01,-3.921568627450980338e-02
9.916462372321060287e-04,8.235294117647058432e-01,7.843137254901960675e-02
9.916482372320494648e-04,8.627450980392157298e-01,0.000000000000000000e+00
9.916502372319929010e-04,9.019607843137255054e-01,7.843137254901960675e-02
9.916522372319363371e-04,9.411764705882352811e-01,3.921568627450980338e-02
9.916542372318797732e-04,8.627450980392157298e-01,-7.843137254901960675e-02
9.916562372318232094e-04,8.627450980392157298e-01,1.176470588235294101e-01
9.916582372317666455e-04,9.019607843137255054e-01,0.000000000000000000e+00
9.916602372317100816e-04,9.411764705882352811e-01,0.000000000000000000e+00
9.916622372316535178e-04,8.235294117647058432e-01,7.843137254901960675e-02
9.916642372315969539e-04,9.019607843137255054e-01,0.000000000000000000e+00
9.916662372315403901e-04,9.019607843137255054e-01,7.843137254901960675e-02
9.916682372314838262e-04,9.411764705882352811e-01,0.000000000000000000e+00
9.916702372314272623e-04,8.627450980392157298e-01,-3.921568627450980338e-02
9.916722372313706985e-04,8.627450980392157298e-01,7.843137254901960675e-02
9.916742372313141346e-04,9.019607843137255054e-01,-3.921568627450980338e-02
9.916762372312575707e-04,9.411764705882352811e-01,3.921568627450980338e-02
9.916782372312010069e-04,8.627450980392157298e-01,0.000000000000000000e+00
9.916802372311444430e-04,9.019607843137255054e-01,0.000000000000000000e+00
9.916822372310878791e-04,9.019607843137255054e-01,3.921568627450980338e-02
9.916842372310313153e-04,9.411764705882352811e-01,-7.843137254901960675e-02
9.916862372309747514e-04,8.627450980392157298e-01,7.843137254901960675e-02
9.916882372309181876e-04,8.627450980392157298e-01,-3.921568627450980338e-02
9.916902372308616237e-04,9.019607843137255054e-01,7.843137254901960675e-02
9.916922372308050598e-04,9.411764705882352811e-01,3.921568627450980338e-02
9.916942372307484960e-04,9.019607843137255054e-01,-7.843137254901960675e-02
9.916962372306919321e-04,9.019607843137255054e-01,7.843137254901960675e-02
9.916982372306353682e-04,9.019607843137255054e-01,0.000000000000000000e+00
9.917002372305788044e-04,9.411764705882352811e-01,0.000000000000000000e+00
9.917022372305222405e-04,8.235294117647058432e-01,3.921568627450980338e-02
9.917042372304656767e-04,9.019607843137255054e-01,-1.568627450980392135e-01
9.917062372304091128e-04,9.019607843137255054e-01,1.568627450980392135e-01
9.917082372303525489e-04,9.411764705882352811e-01,-3.921568627450980338e-02
9.917102372302959851e-04,8.627450980392157298e-01,0.000000000000000000e+00
9.917122372302394212e-04,8.627450980392157298e-01,7.843137254901960675e-02
9.917142372301828573e-04,9.019607843137255054e-01,0.000000000000000000e+00
9.917162372301262935e-04,9.411764705882352811e-01,7.843137254901960675e-02
9.917182372300697296e-04,8.627450980392157298e-01,-3.921568627450980338e-02
9.917202372300131658e-04,9.019607843137255054e-01,0.000000000000000000e+00
9.917222372299566019e-04,9.019607843137255054e-01,7.843137254901960675e-02
9.917242372299000380e-04,9.411764705882352811e-01,-7.843137254901960675e-02
9.917262372298434742e-04,8.235294117647058432e-01,7.843137254901960675e-02
9.917282372297869103e-04,8.235294117647058432e-01,0.000000000000000000e+00
9.917302372297303464e-04,9.019607843137255054e-01,7.843137254901960675e-02
9.917322372296737826e-04,9.019607843137255054e-01,3.921568627450980338e-02
9.917342372296172187e-04,9.019607843137255054e-01,-7.843137254901960675e-02
9.917362372295606548e-04,8.627450980392157298e-01,3.921568627450980338e-02
9.917382372295040910e-04,9.019607843137255054e-01,0.000000000000000000e+00
9.917402372294475271e-04,9.411764705882352811e-01,-3.921568627450980338e-02
9.917422372293909633e-04,8.235294117647058432e-01,3.921568627450980338e-02
9.917442372293343994e-04,8.627450980392157298e-01,-1.568627450980392135e-01
9.917462372292778355e-04,9.019607843137255054e-01,1.176470588235294101e-01
9.917482372292212717e-04,9.411764705882352811e-01,0.000000000000000000e+00
9.917502372291647078e-04,8.627450980392157298e-01,0.000000000000000000e+00
9.917522372291081439e-04,8.627450980392157298e-01,3.921568627450980338e-02
9.917542372290515801e-04,9.019607843137255054e-01,0.000000000000000000e+00
9.917562372289950162e-04,9.411764705882352811e-01,7.843137254901960675e-02
9.917582372289384524e-04,8.235294117647058432e-01,0.000000000000000000e+00
9.917602372288818885e-04,9.019607843137255054e-01,0.000000000000000000e+00
9.917622372288253246e-04,8.627450980392157298e-01,3.921568627450980338e-02
9.917642372287687608e-04,9.019607843137255054e-01,-3.921568627450980338e-02
9.917662372287121969e-04,8.235294117647058432e-01,7.843137254901960675e-02
9.917682372286556330e-04,8.627450980392157298e-01,0.000000000000000000e+00
9.917702372285990692e-04,9.411764705882352811e-01,7.843137254901960675e-02
9.917722372285425053e-04,9.411764705882352811e-01,7.843137254901960675e-02
9.917742372284859415e-04,8.627450980392157298e-01,-7.843137254901960675e-02
9.917762372284293776e-04,8.627450980392157298e-01,7.843137254901960675e-02
9.917782372283728137e-04,9.019607843137255054e-01,0.000000000000000000e+00
9.917802372283162499e-04,9.411764705882352811e-01,0.000000000000000000e+00
9.917822372282596860e-04,8.627450980392157298e-01,7.843137254901960675e-02
9.917842372282031221e-04,9.019607843137255054e-01,-7.843137254901960675e-02
9.917862372281465583e-04,9.019607843137255054e-01,1.176470588235294101e-01
9.917882372280899944e-04,9.019607843137255054e-01,0.000000000000000000e+00
9.917902372280334305e-04,8.627450980392157298e-01,-3.921568627450980338e-02
9.917922372279768667e-04,9.019607843137255054e-01,7.843137254901960675e-02
9.917942372279203028e-04,9.019607843137255054e-01,-3.921568627450980338e-02
9.917962372278637390e-04,9.411764705882352811e-01,7.843137254901960675e-02
9.917982372278071751e-04,8.235294117647058432e-01,-3.921568627450980338e-02
9.918002372277506112e-04,9.019607843137255054e-01,3.921568627450980338e-02
9.918022372276940474e-04,9.019607843137255054e-01,3.921568627450980338e-02
9.918042372276374835e-04,9.411764705882352811e-01,-3.921568627450980338e-02
9.918062372275809196e-04,8.235294117647058432e-01,7.843137254901960675e-02
9.918082372275243558e-04,9.019607843137255054e-01,-7.843137254901960675e-02
9.918102372274677919e-04,9.019607843137255054e-01,7.843137254901960675e-02
9.918122372274112281e-04,9.411764705882352811e-01,7.843137254901960675e-02
9.918142372273546642e-04,8.627450980392157298e-01,-7.843137254901960675e-02
9.918162372272981003e-04,8.627450980392157298e-01,7.843137254901960675e-02
9.918182372272415365e-04,9.019607843137255054e-01,0.000000000000000000e+00
9.918202372271849726e-04,9.411764705882352811e-01,0.000000000000000000e+00
9.918222372271284087e-04,8.627450980392157298e-01,7.843137254901960675e-02
9.918242372270718449e-04,8.627450980392157298e-01,-1.568627450980392135e-01
9.918262372270152810e-04,9.019607843137255054e-01,1.568627450980392135e-01
9.918282372269587172e-04,9.411764705882352811e-01,-7.843137254901960675e-02
9.918302372269021533e-04,8.627450980392157298e-01,0.000000000000000000e+00
9.918322372268455894e-04,8.627450980392157298e-01,7.843137254901960675e-02
9.918342372267890256e-04,9.019607843137255054e-01,-3.921568627450980338e-02
9.918362372267324617e-04,9.411764705882352811e-01,7.843137254901960675e-02
9.918382372266758978e-04,8.627450980392157298e-01,0.000000000000000000e+00
9.918402372266193340e-04,9.019607843137255054e-01,3.921568627450980338e-02
9.918422372265627701e-04,8.627450980392157298e-01,3.921568627450980338e-02
9.918442372265062063e-04,9.411764705882352811e-01,-3.921568627450980338e-02
9.918462372264496424e-04,8.235294117647058432e-01,7.843137254901960675e-02
9.918482372263930785e-04,8.627450980392157298e-01,0.000000000000000000e+00
9.918502372263365147e-04,9.019607843137255054e-01,7.843137254901960675e-02
9.918522372262799508e-04,9.411764705882352811e-01,3.921568627450980338e-02
9.918542372262233869e-04,8.627450980392157298e-01,-7.843137254901960675e-02
9.918562372261668231e-04,8.627450980392157298e-01,1.176470588235294101e-01
9.918582372261102592e-04,9.019607843137255054e-01,0.000000000000000000e+00
9.918602372260536953e-04,9.411764705882352811e-01,-7.843137254901960675e-02
9.918622372259971315e-04,8.235294117647058432e-01,3.921568627450980338e-02
9.918642372259405676e-04,8.627450980392157298e-01,-1.568627450980392135e-01
9.918662372258840038e-04,9.019607843137255054e-01,1.176470588235294101e-01
9.918682372258274399e-04,9.411764705882352811e-01,3.921568627450980338e-02
9.918702372257708760e-04,8.627450980392157298e-01,0.000000000000000000e+00
9.918722372257143122e-04,9.019607843137255054e-01,7.843137254901960675e-02
9.918742372256577483e-04,9.019607843137255054e-01,-3.921568627450980338e-02
9.918762372256011844e-04,9.411764705882352811e-01,7.843137254901960675e-02
9.918782372255446206e-04,8.235294117647058432e-01,-3.921568627450980338e-02
9.918802372254880567e-04,8.235294117647058432e-01,3.921568627450980338e-02
9.918822372254314929e-04,9.019607843137255054e-01,7.843137254901960675e-02
9.918842372253749290e-04,9.411764705882352811e-01,-7.843137254901960675e-02
9.918862372253183651e-04,8.627450980392157298e-01,7.843137254901960675e-02
9.918882372252618013e-04,9.019607843137255054e-01,0.000000000000000000e+00
9.918902372252052374e-04,9.019607843137255054e-01,7.843137254901960675e-02
9.918922372251486735e-04,9.411764705882352811e-01,3.921568627450980338e-02
9.918942372250921097e-04,8.627450980392157298e-01,-7.843137254901960675e-02
9.918962372250355458e-04,8.235294117647058432e-01,3.921568627450980338e-02
9.918982372249789820e-04,8.627450980392157298e-01,-3.921568627450980338e-02
9.919002372249224181e-04,9.411764705882352811e-01,0.000000000000000000e+00
9.919022372248658542e-04,8.627450980392157298e-01,7.843137254901960675e-02
9.919042372248092904e-04,8.627450980392157298e-01,-7.843137254901960675e-02
9.919062372247527265e-04,9.019607843137255054e-01,1.176470588235294101e-01
9.919082372246961626e-04,9.411764705882352811e-01,0.000000000000000000e+00
9.919102372246395988e-04,8.627450980392157298e-01,-3.921568627450980338e-02
9.919122372245830349e-04,8.235294117647058432e-01,7.843137254901960675e-02
9.919142372245264710e-04,9.019607843137255054e-01,-3.921568627450980338e-02
9.919162372244699072e-04,9.411764705882352811e-01,3.921568627450980338e-02
9.919182372244133433e-04,8.627450980392157298e-01,-3.921568627450980338e-02
9.919202372243567795e-04,8.627450980392157298e-01,3.921568627450980338e-02
9.919222372243002156e-04,9.019607843137255054e-01,7.843137254901960675e-02
9.919242372242436517e-04,9.019607843137255054e-01,-7.843137254901960675e-02
9.919262372241870879e-04,8.627450980392157298e-01,3.921568627450980338e-02
9.919282372241305240e-04,9.019607843137255054e-01,0.000000000000000000e+00
9.919302372240739601e-04,9.019607843137255054e-01,7.843137254901960675e-02
9.919322372240173963e-04,9.019607843137255054e-01,3.921568627450980338e-02
9.919342372239608324e-04,8.627450980392157298e-01,-7.843137254901960675e-02
9.919362372239042686e-04,8.627450980392157298e-01,3.921568627450980338e-02
9.919382372238477047e-04,9.019607843137255054e-01,0.000000000000000000e+00
9.919402372237911408e-04,9.019607843137255054e-01,0.000000000000000000e+00
9.919422372237345770e-04,8.235294117647058432e-01,3.921568627450980338e-02
9.919442372236780131e-04,9.019607843137255054e-01,-1.568627450980392135e-01
9.919462372236214492e-04,9.019607843137255054e-01,1.568627450980392135e-01
9.919482372235648854e-04,9.411764705882352811e-01,-7.843137254901960675e-02
9.919502372235083215e-04,8.235294117647058432e-01,0.000000000000000000e+00
9.919522372234517577e-04,8.627450980392157298e-01,7.843137254901960675e-02
9.919542372233951938e-04,9.019607843137255054e-01,-7.843137254901960675e-02
9.919562372233386299e-04,9.411764705882352811e-01,7.843137254901960675e-02
9.919582372232820661e-04,8.627450980392157298e-01,0.000000000000000000e+00
9.919602372232255022e-04,8.627450980392157298e-01,0.000000000000000000e+00
9.919622372231689383e-04,9.019607843137255054e-01,3.921568627450980338e-02
9.919642372231123745e-04,9.411764705882352811e-01,-3.921568627450980338e-02
9.919662372230558106e-04,8.235294117647058432e-01,7.843137254901960675e-02
9.919682372229992467e-04,8.627450980392157298e-01,-1.568627450980392135e-01
9.919702372229426829e-04,9.019607843137255054e-01,7.843137254901960675e-02
9.919722372228861190e-04,9.411764705882352811e-01,3.921568627450980338e-02
9.919742372228295552e-04,8.627450980392157298e-01,-7.843137254901960675e-02
9.919762372227729913e-04,9.019607843137255054e-01,7.843137254901960675e-02
9.919782372227164274e-04,9.019607843137255054e-01,0.000000000000000000e+00
9.919802372226598636e-04,9.411764705882352811e-01,-3.921568627450980338e-02
9.919822372226032997e-04,8.627450980392157298e-01,3.921568627450980338e-02
9.919842372225467358e-04,9.019607843137255054e-01,-1.568627450980392135e-01
9.919862372224901720e-04,9.019607843137255054e-01,1.176470588235294101e-01
9.919882372224336081e-04,9.411764705882352811e-01,3.921568627450980338e-02
9.919902372223770443e-04,8.627450980392157298e-01,-3.921568627450980338e-02
9.919922372223204804e-04,8.627450980392157298e-01,7.843137254901960675e-02
9.919942372222639165e-04,9.411764705882352811e-01,-3.921568627450980338e-02
9.919962372222073527e-04,9.411764705882352811e-01,7.843137254901960675e-02
9.919982372221507888e-04,8.627450980392157298e-01,-3.921568627450980338e-02
9.920002372220942249e-04,8.627450980392157298e-01,3.921568627450980338e-02
9.920022372220376611e-04,8.627450980392157298e-01,3.921568627450980338e-02
9.920042372219810972e-04,9.411764705882352811e-01,-7.843137254901960675e-02
9.920062372219245334e-04,8.235294117647058432e-01,7.843137254901960675e-02
9.920082372218679695e-04,9.019607843137255054e-01,0.000000000000000000e+00
9.920102372218114056e-04,9.019607843137255054e-01,7.843137254901960675e-02
9.920122372217548418e-04,9.411764705882352811e-01,0.000000000000000000e+00
9.920142372216982779e-04,8.235294117647058432e-01,-7.843137254901960675e-02
9.920162372216417140e-04,9.019607843137255054e-01,3.921568627450980338e-02
9.920182372215851502e-04,9.019607843137255054e-01,0.000000000000000000e+00
9.920202372215285863e-04,9.411764705882352811e-01,-3.921568627450980338e-02
9.920222372214720225e-04,8.627450980392157298e-01,7.843137254901960675e-02
9.920242372214154586e-04,9.019607843137255054e-01,0.000000000000000000e+00
9.920262372213588947e-04,9.019607843137255054e-01,1.568627450980392135e-01
9.920282372213023309e-04,9.411764705882352811e-01,-3.921568627450980338e-02
9.920302372212457670e-04,8.235294117647058432e-01,0.000000000000000000e+00
9.920322372211892031e-04,8.235294117647058432e-01,7.843137254901960675e-02
9.920342372211326393e-04,9.019607843137255054e-01,-7.843137254901960675e-02
9.920362372210760754e-04,9.411764705882352811e-01,3.921568627450980338e-02
9.920382372210195115e-04,8.627450980392157298e-01,0.000000000000000000e+00
9.920402372209629477e-04,8.627450980392157298e-01,3.921568627450980338e-02
9.920422372209063838e-04,8.627450980392157298e-01,3.921568627450980338e-02
9.920442372208498200e-04,9.411764705882352811e-01,-3.921568627450980338e-02
9.920462372207932561e-04,8.235294117647058432e-01,7.843137254901960675e-02
9.920482372207366922e-04,8.627450980392157298e-01,0.000000000000000000e+00
9.920502372206801284e-04,9.019607843137255054e-01,3.921568627450980338e-02
9.920522372206235645e-04,9.411764705882352811e-01,3.921568627450980338e-02
9.920542372205670006e-04,8.627450980392157298e-01,-7.843137254901960675e-02
9.920562372205104368e-04,8.627450980392157298e-01,3.921568627450980338e-02
9.920582372204538729e-04,8.627450980392157298e-01,0.000000000000000000e+00
9.920602372203973091e-04,9.411764705882352811e-01,0.000000000000000000e+00
9.920622372203407452e-04,8.627450980392157298e-01,7.843137254901960675e-02
9.920642372202841813e-04,8.627450980392157298e-01,-1.568627450980392135e-01
9.920662372202276175e-04,9.019607843137255054e-01,7.843137254901960675e-02
9.920682372201710536e-04,9.411764705882352811e-01,3.921568627450980338e-02
9.920702372201144897e-04,8.627450980392157298e-01,0.000000000000000000e+00
9.920722372200579259e-04,9.019607843137255054e-01,7.843137254901960675e-02
9.920742372200013620e-04,9.019607843137255054e-01,0.000000000000000000e+00
9.920762372199447982e-04,9.411764705882352811e-01,7.843137254901960675e-02
9.920782372198882343e-04,8.627450980392157298e-01,-3.921568627450980338e-02
9.920802372198316704e-04,8.627450980392157298e-01,0.000000000000000000e+00
9.920822372197751066e-04,9.019607843137255054e-01,3.921568627450980338e-02
9.920842372197185427e-04,9.411764705882352811e-01,-7.843137254901960675e-02
9.920862372196619788e-04,8.627450980392157298e-01,7.843137254901960675e-02
9.920882372196054150e-04,8.627450980392157298e-01,0.000000000000000000e+00
9.920902372195488511e-04,9.019607843137255054e-01,7.843137254901960675e-02
9.920922372194922872e-04,9.411764705882352811e-01,3.921568627450980338e-02
9.920942372194357234e-04,8.627450980392157298e-01,-3.921568627450980338e-02
9.920962372193791595e-04,9.411764705882352811e-01,3.921568627450980338e-02
9.920982372193225957e-04,9.019607843137255054e-01,0.000000000000000000e+00
9.921002372192660318e-04,9.411764705882352811e-01,-3.921568627450980338e-02
9.921022372192094679e-04,8.627450980392157298e-01,7.843137254901960675e-02
9.921042372191529041e-04,9.019607843137255054e-01,-7.843137254901960675e-02
9.921062372190963402e-04,9.019607843137255054e-01,1.176470588235294101e-01
9.921082372190397763e-04,9.019607843137255054e-01,0.000000000000000000e+00
9.921102372189832125e-04,8.627450980392157298e-01,-7.843137254901960675e-02
9.921122372189266486e-04,8.627450980392157298e-01,7.843137254901960675e-02
9.921142372188700848e-04,9.411764705882352811e-01,0.000000000000000000e+00
9.921162372188135209e-04,9.411764705882352811e-01,3.921568627450980338e-02
9.921182372187569570e-04,8.627450980392157298e-01,-3.921568627450980338e-02
9.921202372187003932e-04,8.235294117647058432e-01,0.000000000000000000e+00
9.921222372186438293e-04,9.019607843137255054e-01,3.921568627450980338e-02
9.921242372185872654e-04,9.019607843137255054e-01,-3.921568627450980338e-02
9.921262372185307016e-04,8.627450980392157298e-01,7.843137254901960675e-02
9.921282372184741377e-04,9.019607843137255054e-01,0.000000000000000000e+00
9.921302372184175739e-04,9.411764705882352811e-01,7.843137254901960675e-02
9.921322372183610100e-04,9.019607843137255054e-01,3.921568627450980338e-02
9.921342372183044461e-04,8.627450980392157298e-01,-7.843137254901960675e-02
9.921362372182478823e-04,8.627450980392157298e-01,7.843137254901960675e-02
9.921382372181913184e-04,8.627450980392157298e-01,0.000000000000000000e+00
9.921402372181347545e-04,9.019607843137255054e-01,0.000000000000000000e+00
9.921422372180781907e-04,8.627450980392157298e-01,7.843137254901960675e-02
9.921442372180216268e-04,8.235294117647058432e-01,-7.843137254901960675e-02
9.921462372179650629e-04,8.627450980392157298e-01,1.568627450980392135e-01
9.921482372179084991e-04,9.411764705882352811e-01,-3.921568627450980338e-02
9.921502372178519352e-04,8.235294117647058432e-01,0.000000000000000000e+00
9.921522372177953714e-04,8.627450980392157298e-01,7.843137254901960675e-02
9.921542372177388075e-04,9.019607843137255054e-01,-3.921568627450980338e-02
9.921562372176822436e-04,9.411764705882352811e-01,7.843137254901960675e-02
9.921582372176256798e-04,8.627450980392157298e-01,0.000000000000000000e+00
9.921602372175691159e-04,8.627450980392157298e-01,0.000000000000000000e+00
9.921622372175125520e-04,9.019607843137255054e-01,7.843137254901960675e-02
9.921642372174559882e-04,9.411764705882352811e-01,-3.921568627450980338e-02
9.921662372173994243e-04,8.627450980392157298e-01,7.843137254901960675e-02
9.921682372173428605e-04,9.019607843137255054e-01,0.000000000000000000e+00
9.921702372172862966e-04,9.019607843137255054e-01,3.921568627450980338e-02
9.921722372172297327e-04,9.411764705882352811e-01,3.921568627450980338e-02
9.921742372171731689e-04,8.627450980392157298e-01,-7.843137254901960675e-02
9.921762372171166050e-04,8.627450980392157298e-01,7.843137254901960675e-02
9.921782372170600411e-04,9.019607843137255054e-01,0.000000000000000000e+00
9.921802372170034773e-04,9.411764705882352811e-01,0.000000000000000000e+00
9.921822372169469134e-04,8.627450980392157298e-01,3.921568627450980338e-02
9.921842372168903496e-04,9.411764705882352811e-01,-1.568627450980392135e-01
9.921862372168337857e-04,9.019607843137255054e-01,7.843137254901960675e-02
9.921882372167772218e-04,9.411764705882352811e-01,0.000000000000000000e+00
9.921902372167206580e-04,8.235294117647058432e-01,-3.921568627450980338e-02
9.921922372166640941e-04,8.235294117647058432e-01,3.921568627450980338e-02
9.921942372166075302e-04,8.627450980392157298e-01,0.000000000000000000e+00
9.921962372165509664e-04,9.411764705882352811e-01,7.843137254901960675e-02
9.921982372164944025e-04,8.627450980392157298e-01,0.000000000000000000e+00
9.922002372164378386e-04,8.235294117647058432e-01,3.921568627450980338e-02
9.922022372163812748e-04,9.019607843137255054e-01,7.843137254901960675e-02
9.922042372163247109e-04,9.411764705882352811e-01,-3.921568627450980338e-02
9.922062372162681471e-04,8.235294117647058432e-01,7.843137254901960675e-02
9.922082372162115832e-04,8.627450980392157298e-01,0.000000000000000000e+00
9.922102372161550193e-04,9.019607843137255054e-01,7.843137254901960675e-02
9.922122372160984555e-04,9.019607843137255054e-01,3.921568627450980338e-02
9.922142372160418916e-04,8.627450980392157298e-01,-7.843137254901960675e-02
9.922162372159853277e-04,9.019607843137255054e-01,3.921568627450980338e-02
9.922182372159287639e-04,9.019607843137255054e-01,0.000000000000000000e+00
9.922202372158722000e-04,9.019607843137255054e-01,-3.921568627450980338e-02
9.922222372158156362e-04,8.627450980392157298e-01,3.921568627450980338e-02
9.922242372157590723e-04,9.019607843137255054e-01,-7.843137254901960675e-02
9.922262372157025084e-04,8.627450980392157298e-01,1.176470588235294101e-01
9.922282372156459446e-04,9.411764705882352811e-01,0.000000000000000000e+00
9.922302372155893807e-04,8.235294117647058432e-01,-3.921568627450980338e-02
9.922322372155328168e-04,9.019607843137255054e-01,3.921568627450980338e-02
9.922342372154762530e-04,9.019607843137255054e-01,-3.921568627450980338e-02
9.922362372154196891e-04,9.019607843137255054e-01,7.843137254901960675e-02
9.922382372153631253e-04,8.627450980392157298e-01,0.000000000000000000e+00
9.922402372153065614e-04,9.019607843137255054e-01,3.921568627450980338e-02
9.922422372152499975e-04,8.627450980392157298e-01,3.921568627450980338e-02
9.922442372151934337e-04,9.411764705882352811e-01,-3.921568627450980338e-02
9.922462372151368698e-04,8.627450980392157298e-01,7.843137254901960675e-02
9.922482372150803059e-04,8.627450980392157298e-01,0.000000000000000000e+00
9.922502372150237421e-04,9.019607843137255054e-01,7.843137254901960675e-02
9.922522372149671782e-04,9.411764705882352811e-01,3.921568627450980338e-02
9.922542372149106144e-04,8.627450980392157298e-01,-3.921568627450980338e-02
9.922562372148540505e-04,9.019607843137255054e-01,3.921568627450980338e-02
9.922582372147974866e-04,9.019607843137255054e-01,0.000000000000000000e+00
9.922602372147409228e-04,9.411764705882352811e-01,0.000000000000000000e+00
9.922622372146843589e-04,8.235294117647058432e-01,7.843137254901960675e-02
9.922642372146277950e-04,9.019607843137255054e-01,-1.568627450980392135e-01
9.922662372145712312e-04,8.235294117647058432e-01,1.176470588235294101e-01
9.922682372145146673e-04,9.019607843137255054e-01,-7.843137254901960675e-02
9.922702372144581034e-04,8.627450980392157298e-01,-3.921568627450980338e-02
9.922722372144015396e-04,9.019607843137255054e-01,3.921568627450980338e-02
9.922742372143449757e-04,9.019607843137255054e-01,-3.921568627450980338e-02
9.922762372142884119e-04,9.411764705882352811e-01,7.843137254901960675e-02
9.922782372142318480e-04,8.235294117647058432e-01,-3.921568627450980338e-02
9.922802372141752841e-04,8.627450980392157298e-01,3.921568627450980338e-02
9.922822372141187203e-04,9.019607843137255054e-01,7.843137254901960675e-02
9.922842372140621564e-04,9.411764705882352811e-01,-3.921568627450980338e-02
9.922862372140055925e-04,8.627450980392157298e-01,7.843137254901960675e-02
9.922882372139490287e-04,9.019607843137255054e-01,0.000000000000000000e+00
9.922902372138924648e-04,9.019607843137255054e-01,0.000000000000000000e+00
9.922922372138359010e-04,9.411764705882352811e-01,3.921568627450980338e-02
9.922942372137793371e-04,8.627450980392157298e-01,-7.843137254901960675e-02
9.922962372137227732e-04,8.235294117647058432e-01,7.843137254901960675e-02
9.922982372136662094e-04,8.627450980392157298e-01,-3.921568627450980338e-02
9.923002372136096455e-04,9.411764705882352811e-01,0.000000000000000000e+00
9.923022372135530816e-04,8.627450980392157298e-01,7.843137254901960675e-02
9.923042372134965178e-04,9.019607843137255054e-01,-1.568627450980392135e-01
9.923062372134399539e-04,8.627450980392157298e-01,1.568627450980392135e-01
9.923082372133833901e-04,9.411764705882352811e-01,-7.843137254901960675e-02
9.923102372133268262e-04,8.235294117647058432e-01,-3.921568627450980338e-02
9.923122372132702623e-04,9.019607843137255054e-01,7.843137254901960675e-02
9.923142372132136985e-04,9.019607843137255054e-01,-7.843137254901960675e-02
9.923162372131571346e-04,9.411764705882352811e-01,7.843137254901960675e-02
9.923182372131005707e-04,8.627450980392157298e-01,-3.921568627450980338e-02
9.923202372130440069e-04,9.019607843137255054e-01,3.921568627450980338e-02
9.923222372129874430e-04,9.411764705882352811e-01,7.843137254901960675e-02
9.923242372129308791e-04,9.411764705882352811e-01,-3.921568627450980338e-02
9.923262372128743153e-04,8.235294117647058432e-01,3.921568627450980338e-02
9.923282372128177514e-04,8.627450980392157298e-01,0.000000000000000000e+00
9.923302372127611876e-04,9.019607843137255054e-01,7.843137254901960675e-02
9.923322372127046237e-04,9.411764705882352811e-01,7.843137254901960675e-02
9.923342372126480598e-04,8.235294117647058432e-01,-7.843137254901960675e-02
9.923362372125914960e-04,9.019607843137255054e-01,3.921568627450980338e-02
9.923382372125349321e-04,9.019607843137255054e-01,0.000000000000000000e+00
9.923402372124783682e-04,9.411764705882352811e-01,0.000000000000000000e+00
9.923422372124218044e-04,8.627450980392157298e-01,7.843137254901960675e-02
9.923442372123652405e-04,8.627450980392157298e-01,-7.843137254901960675e-02
9.923462372123086767e-04,9.019607843137255054e-01,1.568627450980392135e-01
9.923482372122521128e-04,9.411764705882352811e-01,-3.921568627450980338e-02
9.923502372121955489e-04,8.627450980392157298e-01,0.000000000000000000e+00
9.923522372121389851e-04,8.627450980392157298e-01,7.843137254901960675e-02
9.923542372120824212e-04,9.019607843137255054e-01,-3.921568627450980338e-02
9.923562372120258573e-04,9.411764705882352811e-01,3.921568627450980338e-02
9.923582372119692935e-04,8.235294117647058432e-01,-3.921568627450980338e-02
9.923602372119127296e-04,9.019607843137255054e-01,0.000000000000000000e+00
9.923622372118561658e-04,9.019607843137255054e-01,0.000000000000000000e+00
9.923642372117996019e-04,9.411764705882352811e-01,0.000000000000000000e+00
9.923662372117430380e-04,8.235294117647058432e-01,7.843137254901960675e-02
9.923682372116864742e-04,9.019607843137255054e-01,0.000000000000000000e+00
9.923702372116299103e-04,9.019607843137255054e-01,3.921568627450980338e-02
9.923722372115733464e-04,9.411764705882352811e-01,3.921568627450980338e-02
9.923742372115167826e-04,9.019607843137255054e-01,-7.843137254901960675e-02
9.923762372114602187e-04,8.627450980392157298e-01,1.176470588235294101e-01
9.923782372114036548e-04,8.627450980392157298e-01,0.000000000000000000e+00
9.923802372113470910e-04,9.411764705882352811e-01,0.000000000000000000e+00
9.923822372112905271e-04,8.627450980392157298e-01,7.843137254901960675e-02
9.923842372112339633e-04,8.627450980392157298e-01,-1.568627450980392135e-01
9.923862372111773994e-04,8.627450980392157298e-01,1.176470588235294101e-01
9.923882372111208355e-04,9.411764705882352811e-01,0.000000000000000000e+00
9.923902372110642717e-04,8.627450980392157298e-01,0.000000000000000000e+00
9.923922372110077078e-04,8.627450980392157298e-01,7.843137254901960675e-02
9.923942372109511439e-04,9.019607843137255054e-01,0.000000000000000000e+00
9.923962372108945801e-04,9.411764705882352811e-01,0.000000000000000000e+00
9.923982372108380162e-04,8.627450980392157298e-01,0.000000000000000000e+00
9.924002372107814524e-04,8.627450980392157298e-01,0.000000000000000000e+00
9.924022372107248885e-04,9.019607843137255054e-01,7.843137254901960675e-02
9.924042372106683246e-04,9.411764705882352811e-01,-7.843137254901960675e-02
9.924062372106117608e-04,8.627450980392157298e-01,3.921568627450980338e-02
9.924082372105551969e-04,8.627450980392157298e-01,-3.921568627450980338e-02
9.924102372104986330e-04,9.411764705882352811e-01,7.843137254901960675e-02
9.924122372104420692e-04,9.019607843137255054e-01,3.921568627450980338e-02
9.924142372103855053e-04,8.235294117647058432e-01,-3.921568627450980338e-02
9.924162372103289415e-04,8.627450980392157298e-01,7.843137254901960675e-02
9.924182372102723776e-04,8.627450980392157298e-01,0.000000000000000000e+00
9.924202372102158137e-04,9.411764705882352811e-01,0.000000000000000000e+00
9.924222372101592499e-04,8.235294117647058432e-01,3.921568627450980338e-02
9.924242372101026860e-04,9.411764705882352811e-01,-3.921568627450980338e-02
9.924262372100461221e-04,9.019607843137255054e-01,1.176470588235294101e-01
9.924282372099895583e-04,9.411764705882352811e-01,3.921568627450980338e-02
9.924302372099329944e-04,8.627450980392157298e-01,-3.921568627450980338e-02
9.924322372098764306e-04,8.627450980392157298e-01,7.843137254901960675e-02
9.924342372098198667e-04,9.019607843137255054e-01,-3.921568627450980338e-02
9.924362372097633028e-04,9.411764705882352811e-01,7.843137254901960675e-02
9.924382372097067390e-04,8.627450980392157298e-01,-3.921568627450980338e-02
9.924402372096501751e-04,9.019607843137255054e-01,0.000000000000000000e+00
9.924422372095936112e-04,9.019607843137255054e-01,7.843137254901960675e-02
9.924442372095370474e-04,9.411764705882352811e-01,-7.843137254901960675e-02
9.924462372094804835e-04,8.235294117647058432e-01,7.843137254901960675e-02
9.924482372094239196e-04,8.627450980392157298e-01,0.000000000000000000e+00
9.924502372093673558e-04,9.019607843137255054e-01,3.921568627450980338e-02
9.924522372093107919e-04,9.411764705882352811e-01,3.921568627450980338e-02
9.924542372092542281e-04,8.235294117647058432e-01,-7.843137254901960675e-02
9.924562372091976642e-04,9.411764705882352811e-01,3.921568627450980338e-02
9.924582372091411003e-04,9.411764705882352811e-01,0.000000000000000000e+00
9.924602372090845365e-04,9.411764705882352811e-01,0.000000000000000000e+00
9.924622372090279726e-04,8.627450980392157298e-01,7.843137254901960675e-02
9.924642372089714087e-04,9.019607843137255054e-01,-7.843137254901960675e-02
9.924662372089148449e-04,9.019607843137255054e-01,1.568627450980392135e-01
9.924682372088582810e-04,9.411764705882352811e-01,-3.921568627450980338e-02
9.924702372088017172e-04,8.627450980392157298e-01,0.000000000000000000e+00
9.924722372087451533e-04,9.019607843137255054e-01,7.843137254901960675e-02
9.924742372086885894e-04,9.019607843137255054e-01,-3.921568627450980338e-02
9.924762372086320256e-04,9.411764705882352811e-01,7.843137254901960675e-02
9.924782372085754617e-04,8.627450980392157298e-01,-3.921568627450980338e-02
9.924802372085188978e-04,8.627450980392157298e-01,0.000000000000000000e+00
9.924822372084623340e-04,9.019607843137255054e-01,3.921568627450980338e-02
9.924842372084057701e-04,9.411764705882352811e-01,-3.921568627450980338e-02
9.924862372083492063e-04,8.627450980392157298e-01,7.843137254901960675e-02
9.924882372082926424e-04,8.235294117647058432e-01,0.000000000000000000e+00
9.924902372082360785e-04,9.019607843137255054e-01,3.921568627450980338e-02
9.924922372081795147e-04,9.411764705882352811e-01,3.921568627450980338e-02
9.924942372081229508e-04,8.627450980392157298e-01,-3.921568627450980338e-02
9.924962372080663869e-04,8.627450980392157298e-01,7.843137254901960675e-02
9.924982372080098231e-04,9.019607843137255054e-01,0.000000000000000000e+00
9.925002372079532592e-04,9.411764705882352811e-01,-3.921568627450980338e-02
9.925022372078966953e-04,8.235294117647058432e-01,7.843137254901960675e-02
9.925042372078401315e-04,8.627450980392157298e-01,-1.568627450980392135e-01
9.925062372077835676e-04,9.019607843137255054e-01,7.843137254901960675e-02
9.925082372077270038e-04,9.411764705882352811e-01,0.000000000000000000e+00
9.925102372076704399e-04,8.627450980392157298e-01,0.000000000000000000e+00
9.925122372076138760e-04,8.627450980392157298e-01,7.843137254901960675e-02
9.925142372075573122e-04,9.019607843137255054e-01,0.000000000000000000e+00
9.925162372075007483e-04,9.019607843137255054e-01,0.000000000000000000e+00
9.925182372074441844e-04,8.627450980392157298e-01,0.000000000000000000e+00
9.925202372073876206e-04,8.627450980392157298e-01,3.921568627450980338e-02
9.925222372073310567e-04,9.019607843137255054e-01,3.921568627450980338e-02
9.925242372072744929e-04,9.411764705882352811e-01,-3.921568627450980338e-02
9.925262372072179290e-04,8.627450980392157298e-01,3.921568627450980338e-02
9.925282372071613651e-04,8.627450980392157298e-01,0.000000000000000000e+00
9.925302372071048013e-04,9.019607843137255054e-01,7.843137254901960675e-02
9.925322372070482374e-04,9.411764705882352811e-01,3.921568627450980338e-02
9.925342372069916735e-04,8.627450980392157298e-01,0.000000000000000000e+00
9.925362372069351097e-04,8.627450980392157298e-01,3.921568627450980338e-02
9.925382372068785458e-04,8.627450980392157298e-01,0.000000000000000000e+00
9.925402372068219820e-04,9.411764705882352811e-01,-3.921568627450980338e-02
9.925422372067654181e-04,8.627450980392157298e-01,7.843137254901960675e-02
9.925442372067088542e-04,8.627450980392157298e-01,-1.568627450980392135e-01
9.925462372066522904e-04,9.411764705882352811e-01,1.568627450980392135e-01
9.925482372065957265e-04,9.411764705882352811e-01,0.000000000000000000e+00
9.925502372065391626e-04,8.627450980392157298e-01,0.000000000000000000e+00
9.925522372064825988e-04,8.627450980392157298e-01,7.843137254901960675e-02
9.925542372064260349e-04,9.019607843137255054e-01,-7.843137254901960675e-02
9.925562372063694710e-04,9.411764705882352811e-01,7.843137254901960675e-02
9.925582372063129072e-04,8.627450980392157298e-01,-3.921568627450980338e-02
9.925602372062563433e-04,9.019607843137255054e-01,3.921568627450980338e-02
9.925622372061997795e-04,9.019607843137255054e-01,7.843137254901960675e-02
9.925642372061432156e-04,9.411764705882352811e-01,-3.921568627450980338e-02
9.925662372060866517e-04,8.235294117647058432e-01,7.843137254901960675e-02
9.925682372060300879e-04,9.019607843137255054e-01,0.000000000000000000e+00
9.925702372059735240e-04,9.019607843137255054e-01,0.000000000000000000e+00
9.925722372059169601e-04,9.411764705882352811e-01,7.843137254901960675e-02
9.925742372058603963e-04,8.235294117647058432e-01,-7.843137254901960675e-02
9.925762372058038324e-04,8.627450980392157298e-01,7.843137254901960675e-02
9.925782372057472686e-04,9.019607843137255054e-01,-3.921568627450980338e-02
9.925802372056907047e-04,9.411764705882352811e-01,0.000000000000000000e+00
9.925822372056341408e-04,8.235294117647058432e-01,7.843137254901960675e-02
9.925842372055775770e-04,8.627450980392157298e-01,-1.568627450980392135e-01
9.925862372055210131e-04,9.411764705882352811e-01,7.843137254901960675e-02
9.925882372054644492e-04,9.411764705882352811e-01,0.000000000000000000e+00
9.925902372054078854e-04,8.627450980392157298e-01,0.000000000000000000e+00
9.925922372053513215e-04,8.235294117647058432e-01,3.921568627450980338e-02
9.925942372052947577e-04,9.019607843137255054e-01,0.000000000000000000e+00
9.925962372052381938e-04,9.411764705882352811e-01,0.000000000000000000e+00
9.925982372051816299e-04,8.627450980392157298e-01,0.000000000000000000e+00
9.926002372051250661e-04,8.627450980392157298e-01,0.000000000000000000e+00
9.926022372050685022e-04,9.019607843137255054e-01,3.921568627450980338e-02
9.926042372050119383e-04,9.411764705882352811e-01,-3.921568627450980338e-02
9.926062372049553745e-04,8.235294117647058432e-01,3.921568627450980338e-02
9.926082372048988106e-04,8.627450980392157298e-01,0.000000000000000000e+00
9.926102372048422467e-04,9.019607843137255054e-01,3.921568627450980338e-02
9.926122372047856829e-04,9.411764705882352811e-01,3.921568627450980338e-02
9.926142372047291190e-04,8.627450980392157298e-01,-7.843137254901960675e-02
9.926162372046725552e-04,8.235294117647058432e-01,7.843137254901960675e-02
9.926182372046159913e-04,9.019607843137255054e-01,0.000000000000000000e+00
9.926202372045594274e-04,9.411764705882352811e-01,-3.921568627450980338e-02
9.926222372045028636e-04,8.235294117647058432e-01,7.843137254901960675e-02
9.926242372044462997e-04,9.019607843137255054e-01,-1.568627450980392135e-01
9.926262372043897358e-04,9.019607843137255054e-01,1.176470588235294101e-01
9.926282372043331720e-04,9.411764705882352811e-01,0.000000000000000000e+00
9.926302372042766081e-04,8.235294117647058432e-01,-3.921568627450980338e-02
9.926322372042200443e-04,8.627450980392157298e-01,7.843137254901960675e-02
9.926342372041634804e-04,9.019607843137255054e-01,-3.921568627450980338e-02
9.926362372041069165e-04,9.019607843137255054e-01,7.843137254901960675e-02
9.926382372040503527e-04,8.627450980392157298e-01,-3.921568627450980338e-02
9.926402372039937888e-04,9.019607843137255054e-01,0.000000000000000000e+00
9.926422372039372249e-04,8.627450980392157298e-01,7.843137254901960675e-02
9.926442372038806611e-04,9.411764705882352811e-01,-7.843137254901960675e-02
9.926462372038240972e-04,8.627450980392157298e-01,7.843137254901960675e-02
9.926482372037675334e-04,8.627450980392157298e-01,0.000000000000000000e+00
9.926502372037109695e-04,9.019607843137255054e-01,7.843137254901960675e-02
9.926522372036544056e-04,9.411764705882352811e-01,3.921568627450980338e-02
9.926542372035978418e-04,8.627450980392157298e-01,-3.921568627450980338e-02
9.926562372035412779e-04,8.627450980392157298e-01,3.921568627450980338e-02
9.926582372034847140e-04,8.627450980392157298e-01,0.000000000000000000e+00
9.926602372034281502e-04,9.411764705882352811e-01,-3.921568627450980338e-02
9.926622372033715863e-04,8.235294117647058432e-01,3.921568627450980338e-02
9.926642372033150225e-04,9.019607843137255054e-01,-1.568627450980392135e-01
9.926662372032584586e-04,8.627450980392157298e-01,1.568627450980392135e-01
9.926682372032018947e-04,9.019607843137255054e-01,-3.921568627450980338e-02
9.926702372031453309e-04,8.627450980392157298e-01,0.000000000000000000e+00
9.926722372030887670e-04,8.235294117647058432e-01,3.921568627450980338e-02
9.926742372030322031e-04,9.019607843137255054e-01,-3.921568627450980338e-02
9.926762372029756393e-04,9.411764705882352811e-01,3.921568627450980338e-02
9.926782372029190754e-04,8.627450980392157298e-01,0.000000000000000000e+00
9.926802372028625115e-04,9.019607843137255054e-01,0.000000000000000000e+00
9.926822372028059477e-04,9.019607843137255054e-01,3.921568627450980338e-02
9.926842372027493838e-04,9.019607843137255054e-01,-7.843137254901960675e-02
9.926862372026928200e-04,8.627450980392157298e-01,7.843137254901960675e-02
9.926882372026362561e-04,9.019607843137255054e-01,0.000000000000000000e+00
9.926902372025796922e-04,9.019607843137255054e-01,7.843137254901960675e-02
9.926922372025231284e-04,9.411764705882352811e-01,3.921568627450980338e-02
9.926942372024665645e-04,8.627450980392157298e-01,-7.843137254901960675e-02
9.926962372024100006e-04,8.627450980392157298e-01,3.921568627450980338e-02
9.926982372023534368e-04,9.019607843137255054e-01,0.000000000000000000e+00
9.927002372022968729e-04,9.411764705882352811e-01,0.000000000000000000e+00
9.927022372022403091e-04,8.627450980392157298e-01,3.921568627450980338e-02
9.927042372021837452e-04,8.235294117647058432e-01,-1.568627450980392135e-01
9.927062372021271813e-04,9.019607843137255054e-01,1.176470588235294101e-01
9.927082372020706175e-04,9.019607843137255054e-01,0.000000000000000000e+00
9.927102372020140536e-04,8.627450980392157298e-01,0.000000000000000000e+00
9.927122372019574897e-04,8.627450980392157298e-01,7.843137254901960675e-02
9.927142372019009259e-04,8.627450980392157298e-01,-3.921568627450980338e-02
9.927162372018443620e-04,9.411764705882352811e-01,7.843137254901960675e-02
9.927182372017877982e-04,8.627450980392157298e-01,-3.921568627450980338e-02
9.927202372017312343e-04,8.627450980392157298e-01,0.000000000000000000e+00
9.927222372016746704e-04,9.019607843137255054e-01,3.921568627450980338e-02
9.927242372016181066e-04,9.411764705882352811e-01,-7.843137254901960675e-02
9.927262372015615427e-04,8.627450980392157298e-01,7.843137254901960675e-02
9.927282372015049788e-04,8.627450980392157298e-01,0.000000000000000000e+00
9.927302372014484150e-04,9.019607843137255054e-01,7.843137254901960675e-02
9.927322372013918511e-04,9.411764705882352811e-01,3.921568627450980338e-02
9.927342372013352872e-04,8.627450980392157298e-01,-7.843137254901960675e-02
9.927362372012787234e-04,8.235294117647058432e-01,3.921568627450980338e-02
9.927382372012221595e-04,9.019607843137255054e-01,0.000000000000000000e+00
9.927402372011655957e-04,9.019607843137255054e-01,0.000000000000000000e+00
9.927422372011090318e-04,8.235294117647058432e-01,3.921568627450980338e-02
9.927442372010524679e-04,8.627450980392157298e-01,-7.843137254901960675e-02
9.927462372009959041e-04,9.019607843137255054e-01,7.843137254901960675e-02
9.927482372009393402e-04,9.411764705882352811e-01,0.000000000000000000e+00
9.927502372008827763e-04,8.235294117647058432e-01,-3.921568627450980338e-02
9.927522372008262125e-04,9.019607843137255054e-01,7.843137254901960675e-02
9.927542372007696486e-04,8.627450980392157298e-01,0.000000000000000000e+00
9.927562372007130848e-04,9.411764705882352811e-01,3.921568627450980338e-02
9.927582372006565209e-04,8.627450980392157298e-01,-3.921568627450980338e-02
9.927602372005999570e-04,9.019607843137255054e-01,0.000000000000000000e+00
9.927622372005433932e-04,9.019607843137255054e-01,3.921568627450980338e-02
9.927642372004868293e-04,9.411764705882352811e-01,0.000000000000000000e+00
9.927662372004302654e-04,8.235294117647058432e-01,7.843137254901960675e-02
9.927682372003737016e-04,8.627450980392157298e-01,0.000000000000000000e+00
9.927702372003171377e-04,9.019607843137255054e-01,7.843137254901960675e-02
9.927722372002605739e-04,9.411764705882352811e-01,3.921568627450980338e-02
9.927742372002040100e-04,8.627450980392157298e-01,-7.843137254901960675e-02
9.927762372001474461e-04,8.627450980392157298e-01,3.921568627450980338e-02
9.927782372000908823e-04,9.019607843137255054e-01,0.000000000000000000e+00
9.927802372000343184e-04,9.019607843137255054e-01,-3.921568627450980338e-02
9.927822371999777545e-04,8.627450980392157298e-01,3.921568627450980338e-02
9.927842371999211907e-04,8.627450980392157298e-01,-1.568627450980392135e-01
9.927862371998646268e-04,9.019607843137255054e-01,1.176470588235294101e-01
9.927882371998080629e-04,9.411764705882352811e-01,-7.843137254901960675e-02
9.927902371997514991e-04,8.235294117647058432e-01,0.000000000000000000e+00
9.927922371996949352e-04,9.019607843137255054e-01,7.843137254901960675e-02
9.927942371996383714e-04,9.019607843137255054e-01,-7.843137254901960675e-02
9.927962371995818075e-04,9.411764705882352811e-01,7.843137254901960675e-02
9.927982371995252436e-04,8.627450980392157298e-01,-3.921568627450980338e-02
9.928002371994686798e-04,8.627450980392157298e-01,0.000000000000000000e+00
9.928022371994121159e-04,8.627450980392157298e-01,0.000000000000000000e+00
9.928042371993555520e-04,9.411764705882352811e-01,-3.921568627450980338e-02
9.928062371992989882e-04,8.627450980392157298e-01,7.843137254901960675e-02
9.928082371992424243e-04,8.627450980392157298e-01,0.000000000000000000e+00
9.928102371991858605e-04,9.411764705882352811e-01,3.921568627450980338e-02
9.928122371991292966e-04,9.411764705882352811e-01,7.843137254901960675e-02
9.928142371990727327e-04,8.627450980392157298e-01,-7.843137254901960675e-02
9.928162371990161689e-04,9.019607843137255054e-01,3.921568627450980338e-02
9.928182371989596050e-04,9.019607843137255054e-01,0.000000000000000000e+00
9.928202371989030411e-04,9.411764705882352811e-01,0.000000000000000000e+00
9.928222371988464773e-04,8.627450980392157298e-01,7.843137254901960675e-02
9.928242371987899134e-04,9.019607843137255054e-01,-1.568627450980392135e-01
9.928262371987333496e-04,9.019607843137255054e-01,7.843137254901960675e-02
9.928282371986767857e-04,9.411764705882352811e-01,0.000000000000000000e+00
9.928302371986202218e-04,8.627450980392157298e-01,-3.921568627450980338e-02
9.928322371985636580e-04,8.627450980392157298e-01,3.921568627450980338e-02
9.928342371985070941e-04,9.411764705882352811e-01,0.000000000000000000e+00
9.928362371984505302e-04,9.411764705882352811e-01,3.921568627450980338e-02
9.928382371983939664e-04,8.627450980392157298e-01,0.000000000000000000e+00
9.928402371983374025e-04,8.627450980392157298e-01,0.000000000000000000e+00
9.928422371982808387e-04,8.627450980392157298e-01,3.921568627450980338e-02
9.928442371982242748e-04,9.411764705882352811e-01,-3.921568627450980338e-02
9.928462371981677109e-04,8.235294117647058432e-01,3.921568627450980338e-02
9.928482371981111471e-04,8.627450980392157298e-01,0.000000000000000000e+00
9.928502371980545832e-04,9.019607843137255054e-01,7.843137254901960675e-02
9.928522371979980193e-04,9.411764705882352811e-01,3.921568627450980338e-02
9.928542371979414555e-04,8.235294117647058432e-01,-7.843137254901960675e-02
9.928562371978848916e-04,8.627450980392157298e-01,7.843137254901960675e-02
9.928582371978283277e-04,9.019607843137255054e-01,0.000000000000000000e+00
9.928602371977717639e-04,9.019607843137255054e-01,-3.921568627450980338e-02
9.928622371977152000e-04,8.627450980392157298e-01,7.843137254901960675e-02
9.928642371976586362e-04,9.019607843137255054e-01,-7.843137254901960675e-02
9.928662371976020723e-04,9.019607843137255054e-01,1.568627450980392135e-01
9.928682371975455084e-04,9.019607843137255054e-01,-3.921568627450980338e-02
9.928702371974889446e-04,8.235294117647058432e-01,0.000000000000000000e+00
9.928722371974323807e-04,9.411764705882352811e-01,3.921568627450980338e-02
9.928742371973758168e-04,9.411764705882352811e-01,-3.921568627450980338e-02
9.928762371973192530e-04,9.411764705882352811e-01,7.843137254901960675e-02
9.928782371972626891e-04,8.627450980392157298e-01,0.000000000000000000e+00
9.928802371972061253e-04,8.627450980392157298e-01,0.000000000000000000e+00
9.928822371971495614e-04,8.627450980392157298e-01,7.843137254901960675e-02
9.928842371970929975e-04,9.411764705882352811e-01,-7.843137254901960675e-02
9.928862371970364337e-04,8.235294117647058432e-01,7.843137254901960675e-02
9.928882371969798698e-04,9.019607843137255054e-01,0.000000000000000000e+00
9.928902371969233059e-04,9.019607843137255054e-01,3.921568627450980338e-02
9.928922371968667421e-04,9.411764705882352811e-01,3.921568627450980338e-02
9.928942371968101782e-04,8.627450980392157298e-01,-7.843137254901960675e-02
9.928962371967536144e-04,8.627450980392157298e-01,3.921568627450980338e-02
9.928982371966970505e-04,9.019607843137255054e-01,0.000000000000000000e+00
9.929002371966404866e-04,9.411764705882352811e-01,-3.921568627450980338e-02
9.929022371965839228e-04,8.235294117647058432e-01,3.921568627450980338e-02
9.929042371965273589e-04,9.019607843137255054e-01,-1.568627450980392135e-01
9.929062371964707950e-04,9.411764705882352811e-01,7.843137254901960675e-02
9.929082371964142312e-04,9.411764705882352811e-01,0.000000000000000000e+00
9.929102371963576673e-04,8.627450980392157298e-01,0.000000000000000000e+00
9.929122371963011034e-04,9.019607843137255054e-01,7.843137254901960675e-02
9.929142371962445396e-04,9.019607843137255054e-01,-3.921568627450980338e-02
9.929162371961879757e-04,9.411764705882352811e-01,7.843137254901960675e-02
9.929182371961314119e-04,8.235294117647058432e-01,0.000000000000000000e+00
9.929202371960748480e-04,8.627450980392157298e-01,3.921568627450980338e-02
9.929222371960182841e-04,8.627450980392157298e-01,7.843137254901960675e-02
9.929242371959617203e-04,9.411764705882352811e-01,-3.921568627450980338e-02
9.929262371959051564e-04,8.235294117647058432e-01,7.843137254901960675e-02
9.929282371958485925e-04,8.627450980392157298e-01,0.000000000000000000e+00
9.929302371957920287e-04,9.019607843137255054e-01,7.843137254901960675e-02
9.929322371957354648e-04,9.019607843137255054e-01,3.921568627450980338e-02
9.929342371956789010e-04,8.627450980392157298e-01,-7.843137254901960675e-02
9.929362371956223371e-04,9.019607843137255054e-01,3.921568627450980338e-02
9.929382371955657732e-04,9.019607843137255054e-01,0.000000000000000000e+00
9.929402371955092094e-04,9.411764705882352811e-01,0.000000000000000000e+00
9.929422371954526455e-04,8.235294117647058432e-01,3.921568627450980338e-02
9.929442371953960816e-04,9.019607843137255054e-01,-1.568627450980392135e-01
9.929462371953395178e-04,9.019607843137255054e-01,7.843137254901960675e-02
9.929482371952829539e-04,9.411764705882352811e-01,0.000000000000000000e+00
9.929502371952263901e-04,8.627450980392157298e-01,-3.921568627450980338e-02
9.929522371951698262e-04,8.627450980392157298e-01,7.843137254901960675e-02
9.929542371951132623e-04,9.019607843137255054e-01,-3.921568627450980338e-02
9.929562371950566985e-04,9.411764705882352811e-01,7.843137254901960675e-02
9.929582371950001346e-04,8.235294117647058432e-01,0.000000000000000000e+00
9.929602371949435707e-04,9.019607843137255054e-01,3.921568627450980338e-02
9.929622371948870069e-04,9.019607843137255054e-01,7.843137254901960675e-02
9.929642371948304430e-04,9.019607843137255054e-01,-7.843137254901960675e-02
9.929662371947738791e-04,8.235294117647058432e-01,3.921568627450980338e-02
9.929682371947173153e-04,8.627450980392157298e-01,0.000000000000000000e+00
9.929702371946607514e-04,9.019607843137255054e-01,3.921568627450980338e-02
9.929722371946041876e-04,9.411764705882352811e-01,3.921568627450980338e-02
9.929742371945476237e-04,8.627450980392157298e-01,-7.843137254901960675e-02
9.929762371944910598e-04,8.627450980392157298e-01,3.921568627450980338e-02
9.929782371944344960e-04,9.019607843137255054e-01,0.000000000000000000e+00
9.929802371943779321e-04,9.411764705882352811e-01,0.000000000000000000e+00
9.929822371943213682e-04,8.627450980392157298e-01,7.843137254901960675e-02
9.929842371942648044e-04,9.019607843137255054e-01,-1.568627450980392135e-01
9.929862371942082405e-04,9.019607843137255054e-01,1.568627450980392135e-01
9.929882371941516767e-04,9.411764705882352811e-01,-3.921568627450980338e-02
9.929902371940951128e-04,8.627450980392157298e-01,-3.921568627450980338e-02
9.929922371940385489e-04,8.627450980392157298e-01,3.921568627450980338e-02
9.929942371939819851e-04,9.019607843137255054e-01,-3.921568627450980338e-02
9.929962371939254212e-04,9.411764705882352811e-01,7.843137254901960675e-02
9.929982371938688573e-04,8.627450980392157298e-01,0.000000000000000000e+00
9.930002371938122935e-04,8.627450980392157298e-01,3.921568627450980338e-02
9.930022371937557296e-04,9.019607843137255054e-01,1.176470588235294101e-01
9.930042371936991658e-04,9.411764705882352811e-01,-7.843137254901960675e-02
9.930062371936426019e-04,8.627450980392157298e-01,7.843137254901960675e-02
9.930082371935860380e-04,9.019607843137255054e-01,0.000000000000000000e+00
9.930102371935294742e-04,9.019607843137255054e-01,7.843137254901960675e-02
9.930122371934729103e-04,9.411764705882352811e-01,3.921568627450980338e-02
9.930142371934163464e-04,8.627450980392157298e-01,-3.921568627450980338e-02
9.930162371933597826e-04,8.627450980392157298e-01,3.921568627450980338e-02
9.930182371933032187e-04,9.019607843137255054e-01,-3.921568627450980338e-02
9.930202371932466548e-04,9.411764705882352811e-01,-3.921568627450980338e-02
9.930222371931900910e-04,8.627450980392157298e-01,0.000000000000000000e+00
9.930242371931335271e-04,8.627450980392157298e-01,-1.568627450980392135e-01
9.930262371930769633e-04,9.019607843137255054e-01,1.568627450980392135e-01
9.930282371930203994e-04,9.411764705882352811e-01,-3.921568627450980338e-02
9.930302371929638355e-04,8.627450980392157298e-01,0.000000000000000000e+00
9.930322371929072717e-04,9.019607843137255054e-01,3.921568627450980338e-02
9.930342371928507078e-04,9.019607843137255054e-01,-3.921568627450980338e-02
9.930362371927941439e-04,9.411764705882352811e-01,7.843137254901960675e-02
9.930382371927375801e-04,8.627450980392157298e-01,0.000000000000000000e+00
9.930402371926810162e-04,9.019607843137255054e-01,3.921568627450980338e-02
9.930422371926244524e-04,9.411764705882352811e-01,7.843137254901960675e-02
9.930442371925678885e-04,9.411764705882352811e-01,-7.843137254901960675e-02
9.930462371925113246e-04,8.627450980392157298e-01,7.843137254901960675e-02
9.930482371924547608e-04,9.019607843137255054e-01,0.000000000000000000e+00
9.930502371923981969e-04,8.627450980392157298e-01,7.843137254901960675e-02
9.930522371923416330e-04,9.019607843137255054e-01,3.921568627450980338e-02
9.930542371922850692e-04,8.627450980392157298e-01,-3.921568627450980338e-02
9.930562371922285053e-04,9.019607843137255054e-01,3.921568627450980338e-02
9.930582371921719415e-04,9.019607843137255054e-01,3.921568627450980338e-02
9.930602371921153776e-04,9.411764705882352811e-01,0.000000000000000000e+00
9.930622371920588137e-04,8.627450980392157298e-01,7.843137254901960675e-02
9.930642371920022499e-04,8.627450980392157298e-01,-7.843137254901960675e-02
9.930662371919456860e-04,8.627450980392157298e-01,7.843137254901960675e-02
9.930682371918891221e-04,9.019607843137255054e-01,0.000000000000000000e+00
9.930702371918325583e-04,8.235294117647058432e-01,0.000000000000000000e+00
9.930722371917759944e-04,8.627450980392157298e-01,7.843137254901960675e-02
9.930742371917194306e-04,9.019607843137255054e-01,-3.921568627450980338e-02
9.930762371916628667e-04,9.411764705882352811e-01,7.843137254901960675e-02
9.930782371916063028e-04,8.235294117647058432e-01,0.000000000000000000e+00
9.930802371915497390e-04,9.019607843137255054e-01,3.921568627450980338e-02
9.930822371914931751e-04,9.019607843137255054e-01,7.843137254901960675e-02
9.930842371914366112e-04,9.411764705882352811e-01,-7.843137254901960675e-02
9.930862371913800474e-04,8.235294117647058432e-01,3.921568627450980338e-02
9.930882371913234835e-04,8.627450980392157298e-01,0.000000000000000000e+00
9.930902371912669196e-04,8.627450980392157298e-01,3.921568627450980338e-02
9.930922371912103558e-04,9.411764705882352811e-01,0.000000000000000000e+00
9.930942371911537919e-04,8.627450980392157298e-01,-7.843137254901960675e-02
9.930962371910972281e-04,9.019607843137255054e-01,3.921568627450980338e-02
9.930982371910406642e-04,9.019607843137255054e-01,-3.921568627450980338e-02
9.931002371909841003e-04,9.411764705882352811e-01,0.000000000000000000e+00
9.931022371909275365e-04,8.627450980392157298e-01,7.843137254901960675e-02
9.931042371908709726e-04,9.019607843137255054e-01,-1.568627450980392135e-01
9.931062371908144087e-04,8.627450980392157298e-01,7.843137254901960675e-02
9.931082371907578449e-04,9.411764705882352811e-01,0.000000000000000000e+00
9.931102371907012810e-04,8.627450980392157298e-01,-3.921568627450980338e-02
9.931122371906447172e-04,9.019607843137255054e-01,7.843137254901960675e-02
9.931142371905881533e-04,9.019607843137255054e-01,-3.921568627450980338e-02
9.931162371905315894e-04,9.411764705882352811e-01,7.843137254901960675e-02
9.931182371904750256e-04,8.627450980392157298e-01,0.000000000000000000e+00
9.931202371904184617e-04,9.019607843137255054e-01,3.921568627450980338e-02
9.931222371903618978e-04,9.019607843137255054e-01,7.843137254901960675e-02
9.931242371903053340e-04,9.411764705882352811e-01,-7.843137254901960675e-02
9.931262371902487701e-04,8.235294117647058432e-01,7.843137254901960675e-02
9.931282371901922063e-04,9.019607843137255054e-01,0.000000000000000000e+00
9.931302371901356424e-04,9.019607843137255054e-01,7.843137254901960675e-02
9.931322371900790785e-04,9.411764705882352811e-01,3.921568627450980338e-02
9.931342371900225147e-04,8.627450980392157298e-01,-7.843137254901960675e-02
9.931362371899659508e-04,8.627450980392157298e-01,7.843137254901960675e-02
9.931382371899093869e-04,9.019607843137255054e-01,0.000000000000000000e+00
9.931402371898528231e-04,9.411764705882352811e-01,0.000000000000000000e+00
9.931422371897962592e-04,8.235294117647058432e-01,7.843137254901960675e-02
9.931442371897396953e-04,8.627450980392157298e-01,-7.843137254901960675e-02
9.931462371896831315e-04,8.627450980392157298e-01,1.568627450980392135e-01
9.931482371896265676e-04,9.411764705882352811e-01,-3.921568627450980338e-02
9.931502371895700038e-04,8.627450980392157298e-01,0.000000000000000000e+00
9.931522371895134399e-04,9.019607843137255054e-01,7.843137254901960675e-02
9.931542371894568760e-04,9.411764705882352811e-01,-3.921568627450980338e-02
9.931562371894003122e-04,9.411764705882352811e-01,7.843137254901960675e-02
9.931582371893437483e-04,8.627450980392157298e-01,0.000000000000000000e+00
9.931602371892871844e-04,8.627450980392157298e-01,3.921568627450980338e-02
9.931622371892306206e-04,9.019607843137255054e-01,7.843137254901960675e-02
9.931642371891740567e-04,9.411764705882352811e-01,-7.843137254901960675e-02
9.931662371891174929e-04,8.627450980392157298e-01,7.843137254901960675e-02
9.931682371890609290e-04,9.019607843137255054e-01,0.000000000000000000e+00
9.931702371890043651e-04,9.019607843137255054e-01,3.921568627450980338e-02
9.931722371889478013e-04,9.411764705882352811e-01,7.843137254901960675e-02
9.931742371888912374e-04,8.627450980392157298e-01,-7.843137254901960675e-02
9.931762371888346735e-04,8.235294117647058432e-01,3.921568627450980338e-02
9.931782371887781097e-04,9.019607843137255054e-01,0.000000000000000000e+00
9.931802371887215458e-04,9.411764705882352811e-01,-3.921568627450980338e-02
9.931822371886649820e-04,8.235294117647058432e-01,7.843137254901960675e-02
9.931842371886084181e-04,8.627450980392157298e-01,-7.843137254901960675e-02
9.931862371885518542e-04,8.627450980392157298e-01,1.176470588235294101e-01
9.931882371884952904e-04,9.411764705882352811e-01,0.000000000000000000e+00
9.931902371884387265e-04,8.627450980392157298e-01,0.000000000000000000e+00
9.931922371883821626e-04,8.627450980392157298e-01,1.176470588235294101e-01
9.931942371883255988e-04,9.019607843137255054e-01,0.000000000000000000e+00
9.931962371882690349e-04,9.019607843137255054e-01,3.921568627450980338e-02
9.931982371882124710e-04,8.627450980392157298e-01,0.000000000000000000e+00
9.932002371881559072e-04,9.019607843137255054e-01,3.921568627450980338e-02
9.932022371880993433e-04,9.019607843137255054e-01,7.843137254901960675e-02
9.932042371880427795e-04,9.411764705882352811e-01,-7.843137254901960675e-02
9.932062371879862156e-04,8.627450980392157298e-01,3.921568627450980338e-02
9.932082371879296517e-04,8.627450980392157298e-01,0.000000000000000000e+00
9.932102371878730879e-04,8.627450980392157298e-01,7.843137254901960675e-02
9.932122371878165240e-04,9.411764705882352811e-01,3.921568627450980338e-02
9.932142371877599601e-04,9.019607843137255054e-01,-7.843137254901960675e-02
9.932162371877033963e-04,8.235294117647058432e-01,1.176470588235294101e-01
9.932182371876468324e-04,9.019607843137255054e-01,0.000000000000000000e+00
9.932202371875902686e-04,9.411764705882352811e-01,-3.921568627450980338e-02
9.932222371875337047e-04,8.627450980392157298e-01,7.843137254901960675e-02
9.932242371874771408e-04,9.019607843137255054e-01,-1.568627450980392135e-01
9.932262371874205770e-04,9.019607843137255054e-01,7.843137254901960675e-02
9.932282371873640131e-04,9.411764705882352811e-01,-7.843137254901960675e-02
9.932302371873074492e-04,8.235294117647058432e-01,-3.921568627450980338e-02
9.932322371872508854e-04,8.627450980392157298e-01,7.843137254901960675e-02
9.932342371871943215e-04,9.411764705882352811e-01,-3.921568627450980338e-02
9.932362371871377577e-04,9.411764705882352811e-01,7.843137254901960675e-02
9.932382371870811938e-04,8.627450980392157298e-01,-3.921568627450980338e-02
9.932402371870246299e-04,9.019607843137255054e-01,0.000000000000000000e+00
9.932422371869680661e-04,9.019607843137255054e-01,3.921568627450980338e-02
9.932442371869115022e-04,9.411764705882352811e-01,-7.843137254901960675e-02
9.932462371868549383e-04,8.235294117647058432e-01,7.843137254901960675e-02
9.932482371867983745e-04,9.019607843137255054e-01,0.000000000000000000e+00
9.932502371867418106e-04,9.411764705882352811e-01,7.843137254901960675e-02
9.932522371866852468e-04,9.411764705882352811e-01,0.000000000000000000e+00
9.932542371866286829e-04,8.627450980392157298e-01,-3.921568627450980338e-02
9.932562371865721190e-04,8.627450980392157298e-01,3.921568627450980338e-02
9.932582371865155552e-04,8.627450980392157298e-01,0.000000000000000000e+00
9.932602371864589913e-04,9.411764705882352811e-01,0.000000000000000000e+00
9.932622371864024274e-04,8.627450980392157298e-01,7.843137254901960675e-02
9.932642371863458636e-04,9.019607843137255054e-01,-7.843137254901960675e-02
9.932662371862892997e-04,8.627450980392157298e-01,1.568627450980392135e-01
9.932682371862327358e-04,9.411764705882352811e-01,0.000000000000000000e+00
9.932702371861761720e-04,8.235294117647058432e-01,-3.921568627450980338e-02
9.932722371861196081e-04,9.019607843137255054e-01,7.843137254901960675e-02
9.932742371860630443e-04,9.411764705882352811e-01,-3.921568627450980338e-02
9.932762371860064804e-04,9.411764705882352811e-01,7.843137254901960675e-02
9.932782371859499165e-04,8.627450980392157298e-01,0.000000000000000000e+00
9.932802371858933527e-04,9.019607843137255054e-01,0.000000000000000000e+00
9.932822371858367888e-04,9.019607843137255054e-01,3.921568627450980338e-02
9.932842371857802249e-04,9.411764705882352811e-01,-3.921568627450980338e-02
9.932862371857236611e-04,8.235294117647058432e-01,7.843137254901960675e-02
9.932882371856670972e-04,9.019607843137255054e-01,0.000000000000000000e+00
9.932902371856105334e-04,9.411764705882352811e-01,7.843137254901960675e-02
9.932922371855539695e-04,9.411764705882352811e-01,3.921568627450980338e-02
9.932942371854974056e-04,8.235294117647058432e-01,-7.843137254901960675e-02
9.932962371854408418e-04,8.627450980392157298e-01,3.921568627450980338e-02
9.932982371853842779e-04,9.019607843137255054e-01,0.000000000000000000e+00
9.933002371853277140e-04,9.411764705882352811e-01,0.000000000000000000e+00
9.933022371852711502e-04,8.627450980392157298e-01,7.843137254901960675e-02
9.933042371852145863e-04,9.019607843137255054e-01,-1.568627450980392135e-01
9.933062371851580225e-04,9.019607843137255054e-01,1.568627450980392135e-01
9.933082371851014586e-04,9.411764705882352811e-01,-3.921568627450980338e-02
9.933102371850448947e-04,8.627450980392157298e-01,0.000000000000000000e+00
9.933122371849883309e-04,9.019607843137255054e-01,3.921568627450980338e-02
9.933142371849317670e-04,9.019607843137255054e-01,-3.921568627450980338e-02
9.933162371848752031e-04,9.411764705882352811e-01,7.843137254901960675e-02
9.933182371848186393e-04,8.235294117647058432e-01,-3.921568627450980338e-02
9.933202371847620754e-04,9.019607843137255054e-01,0.000000000000000000e+00
9.933222371847055115e-04,9.019607843137255054e-01,3.921568627450980338e-02
9.933242371846489477e-04,9.411764705882352811e-01,-3.921568627450980338e-02
9.933262371845923838e-04,8.235294117647058432e-01,7.843137254901960675e-02
9.933282371845358200e-04,9.019607843137255054e-01,-7.843137254901960675e-02
9.933302371844792561e-04,9.019607843137255054e-01,3.921568627450980338e-02
9.933322371844226922e-04,9.411764705882352811e-01,3.921568627450980338e-02
9.933342371843661284e-04,8.235294117647058432e-01,-7.843137254901960675e-02
9.933362371843095645e-04,9.019607843137255054e-01,7.843137254901960675e-02
9.933382371842530006e-04,8.627450980392157298e-01,0.000000000000000000e+00
9.933402371841964368e-04,9.411764705882352811e-01,0.000000000000000000e+00
9.933422371841398729e-04,8.235294117647058432e-01,7.843137254901960675e-02
9.933442371840833091e-04,8.627450980392157298e-01,-1.568627450980392135e-01
9.933462371840267452e-04,9.019607843137255054e-01,7.843137254901960675e-02
9.933482371839701813e-04,9.411764705882352811e-01,0.000000000000000000e+00
9.933502371839136175e-04,8.235294117647058432e-01,-3.921568627450980338e-02
9.933522371838570536e-04,9.019607843137255054e-01,3.921568627450980338e-02
9.933542371838004897e-04,9.019607843137255054e-01,0.000000000000000000e+00
9.933562371837439259e-04,9.411764705882352811e-01,3.921568627450980338e-02
9.933582371836873620e-04,8.627450980392157298e-01,0.000000000000000000e+00
9.933602371836307982e-04,9.019607843137255054e-01,0.000000000000000000e+00
9.933622371835742343e-04,9.411764705882352811e-01,3.921568627450980338e-02
9.933642371835176704e-04,9.411764705882352811e-01,-7.843137254901960675e-02
9.933662371834611066e-04,8.235294117647058432e-01,3.921568627450980338e-02
9.933682371834045427e-04,9.411764705882352811e-01,0.000000000000000000e+00
9.933702371833479788e-04,9.019607843137255054e-01,3.921568627450980338e-02
9.933722371832914150e-04,9.411764705882352811e-01,3.921568627450980338e-02
9.933742371832348511e-04,8.235294117647058432e-01,-7.843137254901960675e-02
9.933762371831782872e-04,8.627450980392157298e-01,7.843137254901960675e-02
9.933782371831217234e-04,8.627450980392157298e-01,0.000000000000000000e+00
9.933802371830651595e-04,9.411764705882352811e-01,-7.843137254901960675e-02
9.933822371830085957e-04,8.627450980392157298e-01,7.843137254901960675e-02
9.933842371829520318e-04,8.235294117647058432e-01,-1.568627450980392135e-01
9.933862371828954679e-04,8.627450980392157298e-01,1.176470588235294101e-01
9.933882371828389041e-04,9.411764705882352811e-01,-3.921568627450980338e-02
9.933902371827823402e-04,8.627450980392157298e-01,0.000000000000000000e+00
9.933922371827257763e-04,8.627450980392157298e-01,3.921568627450980338e-02
9.933942371826692125e-04,9.019607843137255054e-01,0.000000000000000000e+00
9.933962371826126486e-04,9.411764705882352811e-01,7.843137254901960675e-02
9.933982371825560848e-04,8.235294117647058432e-01,0.000000000000000000e+00
9.934002371824995209e-04,9.019607843137255054e-01,0.000000000000000000e+00
9.934022371824429570e-04,9.019607843137255054e-01,7.843137254901960675e-02
9.934042371823863932e-04,9.411764705882352811e-01,-7.843137254901960675e-02
9.934062371823298293e-04,8.235294117647058432e-01,3.921568627450980338e-02
9.934082371822732654e-04,8.627450980392157298e-01,0.000000000000000000e+00
9.934102371822167016e-04,9.411764705882352811e-01,7.843137254901960675e-02
9.934122371821601377e-04,9.019607843137255054e-01,3.921568627450980338e-02
9.934142371821035739e-04,8.627450980392157298e-01,-7.843137254901960675e-02
9.934162371820470100e-04,9.019607843137255054e-01,3.921568627450980338e-02
9.934182371819904461e-04,9.019607843137255054e-01,0.000000000000000000e+00
9.934202371819338823e-04,9.411764705882352811e-01,0.000000000000000000e+00
9.934222371818773184e-04,8.627450980392157298e-01,7.843137254901960675e-02
9.934242371818207545e-04,8.627450980392157298e-01,-7.843137254901960675e-02
9.934262371817641907e-04,9.019607843137255054e-01,7.843137254901960675e-02
9.934282371817076268e-04,9.411764705882352811e-01,3.921568627450980338e-02
9.934302371816510629e-04,8.627450980392157298e-01,-3.921568627450980338e-02
9.934322371815944991e-04,9.019607843137255054e-01,7.843137254901960675e-02
9.934342371815379352e-04,9.411764705882352811e-01,-3.921568627450980338e-02
9.934362371814813714e-04,9.411764705882352811e-01,7.843137254901960675e-02
9.934382371814248075e-04,8.627450980392157298e-01,0.000000000000000000e+00
9.934402371813682436e-04,8.627450980392157298e-01,3.921568627450980338e-02
9.934422371813116798e-04,9.019607843137255054e-01,7.843137254901960675e-02
9.934442371812551159e-04,9.411764705882352811e-01,-7.843137254901960675e-02
9.934462371811985520e-04,8.235294117647058432e-01,3.921568627450980338e-02
9.934482371811419882e-04,9.019607843137255054e-01,0.000000000000000000e+00
9.934502371810854243e-04,9.019607843137255054e-01,7.843137254901960675e-02
9.934522371810288605e-04,9.411764705882352811e-01,3.921568627450980338e-02
9.934542371809722966e-04,8.235294117647058432e-01,-7.843137254901960675e-02
9.934562371809157327e-04,9.019607843137255054e-01,3.921568627450980338e-02
9.934582371808591689e-04,8.627450980392157298e-01,0.000000000000000000e+00
9.934602371808026050e-04,9.411764705882352811e-01,0.000000000000000000e+00
9.934622371807460411e-04,8.627450980392157298e-01,7.843137254901960675e-02
9.934642371806894773e-04,9.019607843137255054e-01,-1.568627450980392135e-01
9.934662371806329134e-04,9.019607843137255054e-01,1.568627450980392135e-01
9.934682371805763496e-04,9.411764705882352811e-01,-3.921568627450980338e-02
9.934702371805197857e-04,8.627450980392157298e-01,-3.921568627450980338e-02
9.934722371804632218e-04,9.019607843137255054e-01,7.843137254901960675e-02
9.934742371804066580e-04,9.019607843137255054e-01,-3.921568627450980338e-02
9.934762371803500941e-04,9.411764705882352811e-01,7.843137254901960675e-02
9.934782371802935302e-04,8.235294117647058432e-01,0.000000000000000000e+00
9.934802371802369664e-04,9.019607843137255054e-01,3.921568627450980338e-02
9.934822371801804025e-04,9.019607843137255054e-01,7.843137254901960675e-02
9.934842371801238387e-04,9.411764705882352811e-01,-7.843137254901960675e-02
9.934862371800672748e-04,8.235294117647058432e-01,7.843137254901960675e-02
9.934882371800107109e-04,9.019607843137255054e-01,0.000000000000000000e+00
9.934902371799541471e-04,9.019607843137255054e-01,7.843137254901960675e-02
9.934922371798975832e-04,9.411764705882352811e-01,3.921568627450980338e-02
9.934942371798410193e-04,8.235294117647058432e-01,-3.921568627450980338e-02
9.934962371797844555e-04,9.019607843137255054e-01,3.921568627450980338e-02
9.934982371797278916e-04,9.019607843137255054e-01,0.000000000000000000e+00
9.935002371796713277e-04,9.411764705882352811e-01,0.000000000000000000e+00
9.935022371796147639e-04,8.627450980392157298e-01,3.921568627450980338e-02
9.935042371795582000e-04,9.019607843137255054e-01,-1.568627450980392135e-01
9.935062371795016362e-04,9.019607843137255054e-01,1.176470588235294101e-01
9.935082371794450723e-04,9.411764705882352811e-01,-3.921568627450980338e-02
9.935102371793885084e-04,8.627450980392157298e-01,0.000000000000000000e+00
9.935122371793319446e-04,8.627450980392157298e-01,3.921568627450980338e-02
9.935142371792753807e-04,9.019607843137255054e-01,-7.843137254901960675e-02
9.935162371792188168e-04,9.411764705882352811e-01,7.843137254901960675e-02
9.935182371791622530e-04,8.627450980392157298e-01,0.000000000000000000e+00
9.935202371791056891e-04,8.627450980392157298e-01,3.921568627450980338e-02
9.935222371790491253e-04,8.627450980392157298e-01,7.843137254901960675e-02
9.935242371789925614e-04,9.411764705882352811e-01,-7.843137254901960675e-02
9.935262371789359975e-04,8.627450980392157298e-01,7.843137254901960675e-02
9.935282371788794337e-04,9.019607843137255054e-01,0.000000000000000000e+00
9.935302371788228698e-04,9.019607843137255054e-01,3.921568627450980338e-02
9.935322371787663059e-04,9.411764705882352811e-01,0.000000000000000000e+00
9.935342371787097421e-04,8.627450980392157298e-01,-7.843137254901960675e-02
9.935362371786531782e-04,9.019607843137255054e-01,7.843137254901960675e-02
9.935382371785966144e-04,9.019607843137255054e-01,0.000000000000000000e+00
9.935402371785400505e-04,9.411764705882352811e-01,-3.921568627450980338e-02
9.935422371784834866e-04,8.627450980392157298e-01,3.921568627450980338e-02
9.935442371784269228e-04,9.019607843137255054e-01,-1.568627450980392135e-01
9.935462371783703589e-04,9.019607843137255054e-01,7.843137254901960675e-02
9.935482371783137950e-04,9.411764705882352811e-01,-3.921568627450980338e-02
9.935502371782572312e-04,8.627450980392157298e-01,-3.921568627450980338e-02
9.935522371782006673e-04,9.019607843137255054e-01,7.843137254901960675e-02
9.935542371781441034e-04,9.019607843137255054e-01,-7.843137254901960675e-02
9.935562371780875396e-04,9.411764705882352811e-01,7.843137254901960675e-02
9.935582371780309757e-04,8.627450980392157298e-01,0.000000000000000000e+00
9.935602371779744119e-04,9.019607843137255054e-01,3.921568627450980338e-02
9.935622371779178480e-04,9.019607843137255054e-01,3.921568627450980338e-02
9.935642371778612841e-04,9.411764705882352811e-01,-7.843137254901960675e-02
9.935662371778047203e-04,8.235294117647058432e-01,7.843137254901960675e-02
9.935682371777481564e-04,8.627450980392157298e-01,0.000000000000000000e+00
9.935702371776915925e-04,9.019607843137255054e-01,7.843137254901960675e-02
9.935722371776350287e-04,9.411764705882352811e-01,7.843137254901960675e-02
9.935742371775784648e-04,8.627450980392157298e-01,-7.843137254901960675e-02
9.935762371775219010e-04,8.627450980392157298e-01,3.921568627450980338e-02
9.935782371774653371e-04,9.019607843137255054e-01,0.000000000000000000e+00
9.935802371774087732e-04,9.019607843137255054e-01,-3.921568627450980338e-02
9.935822371773522094e-04,8.627450980392157298e-01,7.843137254901960675e-02
9.935842371772956455e-04,9.019607843137255054e-01,-1.568627450980392135e-01
9.935862371772390816e-04,9.019607843137255054e-01,1.176470588235294101e-01
9.935882371771825178e-04,9.411764705882352811e-01,-7.843137254901960675e-02
9.935902371771259539e-04,8.627450980392157298e-01,-3.921568627450980338e-02
9.935922371770693901e-04,8.235294117647058432e-01,3.921568627450980338e-02
9.935942371770128262e-04,9.019607843137255054e-01,-3.921568627450980338e-02
9.935962371769562623e-04,9.019607843137255054e-01,3.921568627450980338e-02
9.935982371768996985e-04,9.019607843137255054e-01,0.000000000000000000e+00
9.936002371768431346e-04,9.019607843137255054e-01,3.921568627450980338e-02
9.936022371767865707e-04,9.019607843137255054e-01,3.921568627450980338e-02
9.936042371767300069e-04,9.411764705882352811e-01,-7.843137254901960675e-02
9.936062371766734430e-04,8.235294117647058432e-01,3.921568627450980338e-02
9.936082371766168791e-04,8.627450980392157298e-01,0.000000000000000000e+00
9.936102371765603153e-04,9.019607843137255054e-01,7.843137254901960675e-02
9.936122371765037514e-04,9.411764705882352811e-01,7.843137254901960675e-02
9.936142371764471876e-04,8.627450980392157298e-01,-7.843137254901960675e-02
9.936162371763906237e-04,8.627450980392157298e-01,7.843137254901960675e-02
9.936182371763340598e-04,9.019607843137255054e-01,0.000000000000000000e+00
9.936202371762774960e-04,9.411764705882352811e-01,0.000000000000000000e+00
9.936222371762209321e-04,8.235294117647058432e-01,7.843137254901960675e-02
9.936242371761643682e-04,8.627450980392157298e-01,-1.568627450980392135e-01
9.936262371761078044e-04,8.627450980392157298e-01,1.568627450980392135e-01
9.936282371760512405e-04,9.411764705882352811e-01,-3.921568627450980338e-02
9.936302371759946767e-04,8.235294117647058432e-01,0.000000000000000000e+00
9.936322371759381128e-04,8.627450980392157298e-01,3.921568627450980338e-02
9.936342371758815489e-04,9.019607843137255054e-01,-3.921568627450980338e-02
9.936362371758249851e-04,9.019607843137255054e-01,7.843137254901960675e-02
9.936382371757684212e-04,8.627450980392157298e-01,0.000000000000000000e+00
9.936402371757118573e-04,8.627450980392157298e-01,0.000000000000000000e+00
9.936422371756552935e-04,8.235294117647058432e-01,3.921568627450980338e-02
9.936442371755987296e-04,9.411764705882352811e-01,-7.843137254901960675e-02
9.936462371755421658e-04,8.235294117647058432e-01,7.843137254901960675e-02
9.936482371754856019e-04,9.019607843137255054e-01,-7.843137254901960675e-02
9.936502371754290380e-04,9.019607843137255054e-01,3.921568627450980338e-02
9.936522371753724742e-04,9.411764705882352811e-01,3.921568627450980338e-02
9.936542371753159103e-04,8.627450980392157298e-01,-7.843137254901960675e-02
9.936562371752593464e-04,9.019607843137255054e-01,1.176470588235294101e-01
9.936582371752027826e-04,9.019607843137255054e-01,0.000000000000000000e+00
9.936602371751462187e-04,9.411764705882352811e-01,-3.921568627450980338e-02
9.936622371750896549e-04,8.235294117647058432e-01,7.843137254901960675e-02
9.936642371750330910e-04,8.627450980392157298e-01,-1.568627450980392135e-01
9.936662371749765271e-04,9.019607843137255054e-01,7.843137254901960675e-02
9.936682371749199633e-04,9.411764705882352811e-01,0.000000000000000000e+00
9.936702371748633994e-04,8.627450980392157298e-01,0.000000000000000000e+00
9.936722371748068355e-04,8.627450980392157298e-01,7.843137254901960675e-02
9.936742371747502717e-04,9.019607843137255054e-01,0.000000000000000000e+00
9.936762371746937078e-04,9.411764705882352811e-01,3.921568627450980338e-02
9.936782371746371439e-04,8.627450980392157298e-01,0.000000000000000000e+00
9.936802371745805801e-04,9.019607843137255054e-01,3.921568627450980338e-02
9.936822371745240162e-04,9.019607843137255054e-01,7.843137254901960675e-02
9.936842371744674524e-04,9.411764705882352811e-01,-7.843137254901960675e-02
9.936862371744108885e-04,8.235294117647058432e-01,7.843137254901960675e-02
9.936882371743543246e-04,8.627450980392157298e-01,0.000000000000000000e+00
9.936902371742977608e-04,9.019607843137255054e-01,7.843137254901960675e-02
9.936922371742411969e-04,9.411764705882352811e-01,3.921568627450980338e-02
9.936942371741846330e-04,8.627450980392157298e-01,-7.843137254901960675e-02
9.936962371741280692e-04,8.235294117647058432e-01,3.921568627450980338e-02
9.936982371740715053e-04,9.019607843137255054e-01,0.000000000000000000e+00
9.937002371740149415e-04,9.019607843137255054e-01,0.000000000000000000e+00
9.937022371739583776e-04,8.627450980392157298e-01,7.843137254901960675e-02
9.937042371739018137e-04,9.019607843137255054e-01,-7.843137254901960675e-02
9.937062371738452499e-04,9.019607843137255054e-01,1.176470588235294101e-01
9.937082371737886860e-04,9.019607843137255054e-01,0.000000000000000000e+00
9.937102371737321221e-04,8.235294117647058432e-01,-3.921568627450980338e-02
9.937122371736755583e-04,8.235294117647058432e-01,7.843137254901960675e-02
9.937142371736189944e-04,9.019607843137255054e-01,0.000000000000000000e+00
9.937162371735624306e-04,9.411764705882352811e-01,7.843137254901960675e-02
9.937182371735058667e-04,8.627450980392157298e-01,0.000000000000000000e+00
9.937202371734493028e-04,8.627450980392157298e-01,0.000000000000000000e+00
9.937222371733927390e-04,9.019607843137255054e-01,3.921568627450980338e-02
9.937242371733361751e-04,9.411764705882352811e-01,-7.843137254901960675e-02
9.937262371732796112e-04,8.627450980392157298e-01,3.921568627450980338e-02
9.937282371732230474e-04,9.019607843137255054e-01,0.000000000000000000e+00
9.937302371731664835e-04,9.019607843137255054e-01,7.843137254901960675e-02
9.937322371731099196e-04,9.411764705882352811e-01,3.921568627450980338e-02
9.937342371730533558e-04,8.235294117647058432e-01,-3.921568627450980338e-02
9.937362371729967919e-04,8.627450980392157298e-01,7.843137254901960675e-02
9.937382371729402281e-04,9.019607843137255054e-01,0.000000000000000000e+00
9.937402371728836642e-04,9.411764705882352811e-01,0.000000000000000000e+00
9.937422371728271003e-04,8.627450980392157298e-01,3.921568627450980338e-02
9.937442371727705365e-04,9.019607843137255054e-01,-1.568627450980392135e-01
9.937462371727139726e-04,9.019607843137255054e-01,1.176470588235294101e-01
9.937482371726574087e-04,9.411764705882352811e-01,-7.843137254901960675e-02
9.937502371726008449e-04,8.627450980392157298e-01,-3.921568627450980338e-02
9.937522371725442810e-04,8.627450980392157298e-01,3.921568627450980338e-02
9.937542371724877172e-04,9.411764705882352811e-01,-3.921568627450980338e-02
9.937562371724311533e-04,9.411764705882352811e-01,7.843137254901960675e-02
9.937582371723745894e-04,9.019607843137255054e-01,0.000000000000000000e+00
9.937602371723180256e-04,9.019607843137255054e-01,3.921568627450980338e-02
9.937622371722614617e-04,9.019607843137255054e-01,7.843137254901960675e-02
9.937642371722048978e-04,9.411764705882352811e-01,-7.843137254901960675e-02
9.937662371721483340e-04,8.235294117647058432e-01,7.843137254901960675e-02
9.937682371720917701e-04,8.235294117647058432e-01,0.000000000000000000e+00
9.937702371720352063e-04,8.627450980392157298e-01,7.843137254901960675e-02
9.937722371719786424e-04,9.411764705882352811e-01,7.843137254901960675e-02
9.937742371719220785e-04,8.235294117647058432e-01,-7.843137254901960675e-02
9.937762371718655147e-04,8.627450980392157298e-01,3.921568627450980338e-02
9.937782371718089508e-04,9.411764705882352811e-01,0.000000000000000000e+00
9.937802371717523869e-04,9.411764705882352811e-01,-3.921568627450980338e-02
9.937822371716958231e-04,8.627450980392157298e-01,7.843137254901960675e-02
9.937842371716392592e-04,8.627450980392157298e-01,-1.568627450980392135e-01
9.937862371715826953e-04,9.019607843137255054e-01,1.176470588235294101e-01
9.937882371715261315e-04,9.411764705882352811e-01,-3.921568627450980338e-02
9.937902371714695676e-04,8.235294117647058432e-01,-3.921568627450980338e-02
9.937922371714130038e-04,8.627450980392157298e-01,7.843137254901960675e-02
9.937942371713564399e-04,9.411764705882352811e-01,-3.921568627450980338e-02
9.937962371712998760e-04,9.411764705882352811e-01,7.843137254901960675e-02
9.937982371712433122e-04,8.627450980392157298e-01,0.000000000000000000e+00
9.938002371711867483e-04,8.627450980392157298e-01,3.921568627450980338e-02
9.938022371711301844e-04,8.627450980392157298e-01,3.921568627450980338e-02
9.938042371710736206e-04,9.411764705882352811e-01,-3.921568627450980338e-02
9.938062371710170567e-04,8.235294117647058432e-01,3.921568627450980338e-02
9.938082371709604929e-04,9.019607843137255054e-01,0.000000000000000000e+00
9.938102371709039290e-04,9.019607843137255054e-01,7.843137254901960675e-02
9.938122371708473651e-04,9.411764705882352811e-01,3.921568627450980338e-02
9.938142371707908013e-04,8.627450980392157298e-01,-7.843137254901960675e-02
9.938162371707342374e-04,8.627450980392157298e-01,7.843137254901960675e-02
9.938182371706776735e-04,9.019607843137255054e-01,0.000000000000000000e+00
9.938202371706211097e-04,9.411764705882352811e-01,-3.921568627450980338e-02
9.938222371705645458e-04,8.235294117647058432e-01,7.843137254901960675e-02
9.938242371705079820e-04,9.019607843137255054e-01,-1.568627450980392135e-01
9.938262371704514181e-04,8.627450980392157298e-01,1.176470588235294101e-01
9.938282371703948542e-04,9.411764705882352811e-01,-3.921568627450980338e-02
9.938302371703382904e-04,8.235294117647058432e-01,-3.921568627450980338e-02
9.938322371702817265e-04,9.019607843137255054e-01,3.921568627450980338e-02
9.938342371702251626e-04,9.019607843137255054e-01,0.000000000000000000e+00
9.938362371701685988e-04,9.411764705882352811e-01,7.843137254901960675e-02
9.938382371701120349e-04,8.235294117647058432e-01,0.000000000000000000e+00
9.938402371700554710e-04,9.019607843137255054e-01,3.921568627450980338e-02
9.938422371699989072e-04,9.019607843137255054e-01,3.921568627450980338e-02
9.938442371699423433e-04,9.411764705882352811e-01,-3.921568627450980338e-02
9.938462371698857795e-04,8.235294117647058432e-01,7.843137254901960675e-02
9.938482371698292156e-04,9.019607843137255054e-01,0.000000000000000000e+00
9.938502371697726517e-04,9.019607843137255054e-01,3.921568627450980338e-02
9.938522371697160879e-04,9.411764705882352811e-01,3.921568627450980338e-02
9.938542371696595240e-04,8.627450980392157298e-01,-7.843137254901960675e-02
9.938562371696029601e-04,9.019607843137255054e-01,3.921568627450980338e-02
9.938582371695463963e-04,9.019607843137255054e-01,-3.921568627450980338e-02
9.938602371694898324e-04,9.411764705882352811e-01,-7.843137254901960675e-02
9.938622371694332686e-04,8.627450980392157298e-01,7.843137254901960675e-02
9.938642371693767047e-04,8.627450980392157298e-01,-7.843137254901960675e-02
9.938662371693201408e-04,9.019607843137255054e-01,1.568627450980392135e-01
9.938682371692635770e-04,9.411764705882352811e-01,-7.843137254901960675e-02
9.938702371692070131e-04,8.627450980392157298e-01,0.000000000000000000e+00
9.938722371691504492e-04,8.627450980392157298e-01,3.921568627450980338e-02
9.938742371690938854e-04,8.627450980392157298e-01,-3.921568627450980338e-02
9.938762371690373215e-04,9.411764705882352811e-01,7.843137254901960675e-02
9.938782371689807577e-04,8.627450980392157298e-01,0.000000000000000000e+00
9.938802371689241938e-04,8.235294117647058432e-01,3.921568627450980338e-02
9.938822371688676299e-04,9.019607843137255054e-01,7.843137254901960675e-02
9.938842371688110661e-04,9.411764705882352811e-01,-7.843137254901960675e-02
9.938862371687545022e-04,8.627450980392157298e-01,7.843137254901960675e-02
9.938882371686979383e-04,9.019607843137255054e-01,0.000000000000000000e+00
9.938902371686413745e-04,9.019607843137255054e-01,3.921568627450980338e-02
9.938922371685848106e-04,9.411764705882352811e-01,3.921568627450980338e-02
9.938942371685282468e-04,8.627450980392157298e-01,-7.843137254901960675e-02
9.938962371684716829e-04,8.627450980392157298e-01,3.921568627450980338e-02
9.938982371684151190e-04,9.019607843137255054e-01,0.000000000000000000e+00
9.939002371683585552e-04,9.411764705882352811e-01,0.000000000000000000e+00
9.939022371683019913e-04,8.627450980392157298e-01,3.921568627450980338e-02
9.939042371682454274e-04,9.019607843137255054e-01,-1.568627450980392135e-01
9.939062371681888636e-04,9.019607843137255054e-01,1.176470588235294101e-01
9.939082371681322997e-04,9.411764705882352811e-01,0.000000000000000000e+00
9.939102371680757358e-04,8.235294117647058432e-01,-3.921568627450980338e-02
9.939122371680191720e-04,9.019607843137255054e-01,7.843137254901960675e-02
9.939142371679626081e-04,9.411764705882352811e-01,-3.921568627450980338e-02
9.939162371679060443e-04,9.411764705882352811e-01,7.843137254901960675e-02
9.939182371678494804e-04,8.627450980392157298e-01,0.000000000000000000e+00
9.939202371677929165e-04,9.019607843137255054e-01,3.921568627450980338e-02
9.939222371677363527e-04,9.019607843137255054e-01,3.921568627450980338e-02
9.939242371676797888e-04,9.411764705882352811e-01,-7.843137254901960675e-02
9.939262371676232249e-04,8.627450980392157298e-01,7.843137254901960675e-02
9.939282371675666611e-04,9.019607843137255054e-01,0.000000000000000000e+00
9.939302371675100972e-04,9.019607843137255054e-01,7.843137254901960675e-02
9.939322371674535334e-04,9.019607843137255054e-01,3.921568627450980338e-02
9.939342371673969695e-04,8.235294117647058432e-01,-7.843137254901960675e-02
9.939362371673404056e-04,8.235294117647058432e-01,3.921568627450980338e-02
9.939382371672838418e-04,9.019607843137255054e-01,0.000000000000000000e+00
9.939402371672272779e-04,9.411764705882352811e-01,0.000000000000000000e+00
9.939422371671707140e-04,8.627450980392157298e-01,7.843137254901960675e-02
9.939442371671141502e-04,8.627450980392157298e-01,-1.568627450980392135e-01
9.939462371670575863e-04,8.627450980392157298e-01,1.176470588235294101e-01
9.939482371670010225e-04,9.411764705882352811e-01,-3.921568627450980338e-02
9.939502371669444586e-04,8.235294117647058432e-01,0.000000000000000000e+00
9.939522371668878947e-04,8.627450980392157298e-01,3.921568627450980338e-02
9.939542371668313309e-04,9.019607843137255054e-01,-3.921568627450980338e-02
9.939562371667747670e-04,9.411764705882352811e-01,3.921568627450980338e-02
9.939582371667182031e-04,8.627450980392157298e-01,0.000000000000000000e+00
9.939602371666616393e-04,9.019607843137255054e-01,3.921568627450980338e-02
9.939622371666050754e-04,9.019607843137255054e-01,7.843137254901960675e-02
9.939642371665485115e-04,9.411764705882352811e-01,-7.843137254901960675e-02
9.939662371664919477e-04,8.627450980392157298e-01,7.843137254901960675e-02
9.939682371664353838e-04,8.627450980392157298e-01,0.000000000000000000e+00
9.939702371663788200e-04,9.019607843137255054e-01,7.843137254901960675e-02
9.939722371663222561e-04,9.019607843137255054e-01,7.843137254901960675e-02
9.939742371662656922e-04,8.235294117647058432e-01,-7.843137254901960675e-02
9.939762371662091284e-04,8.235294117647058432e-01,7.843137254901960675e-02
9.939782371661525645e-04,9.019607843137255054e-01,0.000000000000000000e+00
9.939802371660960006e-04,9.411764705882352811e-01,0.000000000000000000e+00
9.939822371660394368e-04,8.235294117647058432e-01,7.843137254901960675e-02
9.939842371659828729e-04,8.627450980392157298e-01,-7.843137254901960675e-02
9.939862371659263091e-04,9.019607843137255054e-01,7.843137254901960675e-02
9.939882371658697452e-04,9.411764705882352811e-01,0.000000000000000000e+00
9.939902371658131813e-04,8.627450980392157298e-01,-3.921568627450980338e-02
9.939922371657566175e-04,8.627450980392157298e-01,7.843137254901960675e-02
9.939942371657000536e-04,9.019607843137255054e-01,-3.921568627450980338e-02
9.939962371656434897e-04,9.411764705882352811e-01,7.843137254901960675e-02
9.939982371655869259e-04,8.235294117647058432e-01,0.000000000000000000e+00
9.940002371655303620e-04,8.627450980392157298e-01,0.000000000000000000e+00
9.940022371654737982e-04,9.019607843137255054e-01,3.921568627450980338e-02
9.940042371654172343e-04,9.411764705882352811e-01,-7.843137254901960675e-02
9.940062371653606704e-04,8.235294117647058432e-01,3.921568627450980338e-02
9.940082371653041066e-04,8.627450980392157298e-01,0.000000000000000000e+00
9.940102371652475427e-04,9.019607843137255054e-01,7.843137254901960675e-02
9.940122371651909788e-04,9.411764705882352811e-01,7.843137254901960675e-02
9.940142371651344150e-04,8.627450980392157298e-01,-7.843137254901960675e-02
9.940162371650778511e-04,8.627450980392157298e-01,7.843137254901960675e-02
9.940182371650212872e-04,8.627450980392157298e-01,0.000000000000000000e+00
9.940202371649647234e-04,9.411764705882352811e-01,-3.921568627450980338e-02
9.940222371649081595e-04,8.627450980392157298e-01,3.921568627450980338e-02
9.940242371648515957e-04,9.411764705882352811e-01,-7.843137254901960675e-02
9.940262371647950318e-04,9.019607843137255054e-01,1.568627450980392135e-01
9.940282371647384679e-04,9.411764705882352811e-01,-7.843137254901960675e-02
9.940302371646819041e-04,8.235294117647058432e-01,-3.921568627450980338e-02
9.940322371646253402e-04,9.019607843137255054e-01,3.921568627450980338e-02
9.940342371645687763e-04,9.019607843137255054e-01,-3.921568627450980338e-02
9.940362371645122125e-04,9.411764705882352811e-01,7.843137254901960675e-02
9.940382371644556486e-04,8.627450980392157298e-01,0.000000000000000000e+00
9.940402371643990848e-04,8.627450980392157298e-01,3.921568627450980338e-02
9.940422371643425209e-04,9.019607843137255054e-01,7.843137254901960675e-02
9.940442371642859570e-04,9.803921568627450567e-01,-3.921568627450980338e-02
9.940462371642293932e-04,8.627450980392157298e-01,7.843137254901960675e-02
9.940482371641728293e-04,9.019607843137255054e-01,0.000000000000000000e+00
9.940502371641162654e-04,9.411764705882352811e-01,7.843137254901960675e-02
9.940522371640597016e-04,9.411764705882352811e-01,3.921568627450980338e-02
9.940542371640031377e-04,8.627450980392157298e-01,-7.843137254901960675e-02
9.940562371639465739e-04,8.627450980392157298e-01,7.843137254901960675e-02
9.940582371638900100e-04,9.411764705882352811e-01,0.000000000000000000e+00
9.940602371638334461e-04,9.019607843137255054e-01,-3.921568627450980338e-02
9.940622371637768823e-04,8.627450980392157298e-01,7.843137254901960675e-02
9.940642371637203184e-04,9.019607843137255054e-01,-1.568627450980392135e-01
9.940662371636637545e-04,9.019607843137255054e-01,1.176470588235294101e-01
9.940682371636071907e-04,9.411764705882352811e-01,-3.921568627450980338e-02
9.940702371635506268e-04,8.627450980392157298e-01,-3.921568627450980338e-02
9.940722371634940630e-04,9.019607843137255054e-01,7.843137254901960675e-02
9.940742371634374991e-04,9.019607843137255054e-01,-3.921568627450980338e-02
9.940762371633809352e-04,9.411764705882352811e-01,7.843137254901960675e-02
9.940782371633243714e-04,8.627450980392157298e-01,0.000000000000000000e+00
9.940802371632678075e-04,8.627450980392157298e-01,3.921568627450980338e-02
9.940822371632112436e-04,8.627450980392157298e-01,3.921568627450980338e-02
9.940842371631546798e-04,9.803921568627450567e-01,-7.843137254901960675e-02
9.940862371630981159e-04,8.235294117647058432e-01,3.921568627450980338e-02
9.940882371630415520e-04,9.019607843137255054e-01,0.000000000000000000e+00
9.940902371629849882e-04,9.019607843137255054e-01,3.921568627450980338e-02
9.940922371629284243e-04,9.411764705882352811e-01,3.921568627450980338e-02
9.940942371628718605e-04,8.627450980392157298e-01,-7.843137254901960675e-02
9.940962371628152966e-04,8.627450980392157298e-01,3.921568627450980338e-02
9.940982371627587327e-04,9.019607843137255054e-01,0.000000000000000000e+00
9.941002371627021689e-04,9.411764705882352811e-01,-3.921568627450980338e-02
9.941022371626456050e-04,8.235294117647058432e-01,1.176470588235294101e-01
9.941042371625890411e-04,9.019607843137255054e-01,-7.843137254901960675e-02
9.941062371625324773e-04,8.627450980392157298e-01,1.568627450980392135e-01
9.941082371624759134e-04,9.411764705882352811e-01,-3.921568627450980338e-02
9.941102371624193496e-04,8.235294117647058432e-01,-3.921568627450980338e-02
9.941122371623627857e-04,9.019607843137255054e-01,7.843137254901960675e-02
9.941142371623062218e-04,9.411764705882352811e-01,-3.921568627450980338e-02
9.941162371622496580e-04,9.411764705882352811e-01,3.921568627450980338e-02
9.941182371621930941e-04,8.627450980392157298e-01,-3.921568627450980338e-02
9.941202371621365302e-04,8.627450980392157298e-01,0.000000000000000000e+00
9.941222371620799664e-04,8.627450980392157298e-01,7.843137254901960675e-02
9.941242371620234025e-04,9.411764705882352811e-01,-3.921568627450980338e-02
9.941262371619668387e-04,8.627450980392157298e-01,0.000000000000000000e+00
9.941282371619102748e-04,9.019607843137255054e-01,-3.921568627450980338e-02
9.941302371618537109e-04,9.019607843137255054e-01,3.921568627450980338e-02
9.941322371617971471e-04,9.411764705882352811e-01,3.921568627450980338e-02
9.941342371617405832e-04,9.019607843137255054e-01,-7.843137254901960675e-02
9.941362371616840193e-04,8.627450980392157298e-01,3.921568627450980338e-02
9.941382371616274555e-04,8.627450980392157298e-01,0.000000000000000000e+00
9.941402371615708916e-04,9.411764705882352811e-01,0.000000000000000000e+00
9.941422371615143277e-04,8.627450980392157298e-01,7.843137254901960675e-02
9.941442371614577639e-04,9.019607843137255054e-01,-1.568627450980392135e-01
9.941462371614012000e-04,8.627450980392157298e-01,1.568627450980392135e-01
9.941482371613446362e-04,9.019607843137255054e-01,-3.921568627450980338e-02
9.941502371612880723e-04,8.235294117647058432e-01,0.000000000000000000e+00
9.941522371612315084e-04,9.019607843137255054e-01,7.843137254901960675e-02
9.941542371611749446e-04,9.019607843137255054e-01,0.000000000000000000e+00
9.941562371611183807e-04,9.019607843137255054e-01,7.843137254901960675e-02
9.941582371610618168e-04,8.235294117647058432e-01,0.000000000000000000e+00
9.941602371610052530e-04,8.235294117647058432e-01,-7.843137254901960675e-02
9.941622371609486891e-04,8.627450980392157298e-01,1.176470588235294101e-01
9.941642371608921253e-04,9.411764705882352811e-01,-3.921568627450980338e-02
9.941662371608355614e-04,8.627450980392157298e-01,7.843137254901960675e-02
9.941682371607789975e-04,8.627450980392157298e-01,0.000000000000000000e+00
9.941702371607224337e-04,9.019607843137255054e-01,3.921568627450980338e-02
9.941722371606658698e-04,9.019607843137255054e-01,7.843137254901960675e-02
9.941742371606093059e-04,8.627450980392157298e-01,-7.843137254901960675e-02
9.941762371605527421e-04,8.627450980392157298e-01,3.921568627450980338e-02
9.941782371604961782e-04,8.627450980392157298e-01,0.000000000000000000e+00
9.941802371604396144e-04,9.411764705882352811e-01,0.000000000000000000e+00
9.941822371603830505e-04,8.235294117647058432e-01,7.843137254901960675e-02
9.941842371603264866e-04,9.019607843137255054e-01,-1.568627450980392135e-01
9.941862371602699228e-04,8.627450980392157298e-01,7.843137254901960675e-02
9.941882371602133589e-04,9.411764705882352811e-01,0.000000000000000000e+00
9.941902371601567950e-04,8.627450980392157298e-01,-3.921568627450980338e-02
9.941922371601002312e-04,8.235294117647058432e-01,7.843137254901960675e-02
9.941942371600436673e-04,9.019607843137255054e-01,-3.921568627450980338e-02
9.941962371599871034e-04,9.019607843137255054e-01,7.843137254901960675e-02
9.941982371599305396e-04,8.235294117647058432e-01,-3.921568627450980338e-02
9.942002371598739757e-04,9.019607843137255054e-01,3.921568627450980338e-02
9.942022371598174119e-04,9.019607843137255054e-01,7.843137254901960675e-02
9.942042371597608480e-04,9.411764705882352811e-01,-7.843137254901960675e-02
9.942062371597042841e-04,8.627450980392157298e-01,7.843137254901960675e-02
9.942082371596477203e-04,8.627450980392157298e-01,0.000000000000000000e+00
9.942102371595911564e-04,9.019607843137255054e-01,3.921568627450980338e-02
9.942122371595345925e-04,9.019607843137255054e-01,3.921568627450980338e-02
9.942142371594780287e-04,8.235294117647058432e-01,-3.921568627450980338e-02
9.942162371594214648e-04,9.019607843137255054e-01,7.843137254901960675e-02
9.942182371593649010e-04,9.019607843137255054e-01,-3.921568627450980338e-02
9.942202371593083371e-04,9.411764705882352811e-01,-3.921568627450980338e-02
9.942222371592517732e-04,8.235294117647058432e-01,3.921568627450980338e-02
9.942242371591952094e-04,9.019607843137255054e-01,-1.568627450980392135e-01
9.942262371591386455e-04,9.019607843137255054e-01,1.568627450980392135e-01
9.942282371590820816e-04,9.411764705882352811e-01,-3.921568627450980338e-02
9.942302371590255178e-04,8.235294117647058432e-01,0.000000000000000000e+00
9.942322371589689539e-04,9.019607843137255054e-01,3.921568627450980338e-02
9.942342371589123901e-04,9.411764705882352811e-01,-7.843137254901960675e-02
9.942362371588558262e-04,9.411764705882352811e-01,3.921568627450980338e-02
9.942382371587992623e-04,8.627450980392157298e-01,0.000000000000000000e+00
9.942402371587426985e-04,9.019607843137255054e-01,3.921568627450980338e-02
9.942422371586861346e-04,9.019607843137255054e-01,7.843137254901960675e-02
9.942442371586295707e-04,9.411764705882352811e-01,-3.921568627450980338e-02
9.942462371585730069e-04,8.235294117647058432e-01,7.843137254901960675e-02
9.942482371585164430e-04,8.627450980392157298e-01,0.000000000000000000e+00
9.942502371584598791e-04,8.627450980392157298e-01,3.921568627450980338e-02
9.942522371584033153e-04,9.411764705882352811e-01,0.000000000000000000e+00
9.942542371583467514e-04,8.627450980392157298e-01,-7.843137254901960675e-02
9.942562371582901876e-04,8.627450980392157298e-01,3.921568627450980338e-02
9.942582371582336237e-04,9.019607843137255054e-01,0.000000000000000000e+00
9.942602371581770598e-04,9.411764705882352811e-01,-3.921568627450980338e-02
9.942622371581204960e-04,8.627450980392157298e-01,7.843137254901960675e-02
9.942642371580639321e-04,9.019607843137255054e-01,-7.843137254901960675e-02
9.942662371580073682e-04,9.019607843137255054e-01,7.843137254901960675e-02
9.942682371579508044e-04,9.411764705882352811e-01,0.000000000000000000e+00
9.942702371578942405e-04,8.627450980392157298e-01,0.000000000000000000e+00
9.942722371578376767e-04,8.627450980392157298e-01,1.176470588235294101e-01
9.942742371577811128e-04,9.019607843137255054e-01,-3.921568627450980338e-02
9.942762371577245489e-04,9.411764705882352811e-01,7.843137254901960675e-02
9.942782371576679851e-04,8.235294117647058432e-01,0.000000000000000000e+00
9.942802371576114212e-04,9.019607843137255054e-01,0.000000000000000000e+00
9.942822371575548573e-04,8.627450980392157298e-01,3.921568627450980338e-02
9.942842371574982935e-04,9.411764705882352811e-01,-7.843137254901960675e-02
9.942862371574417296e-04,8.235294117647058432e-01,7.843137254901960675e-02
9.942882371573851658e-04,9.019607843137255054e-01,0.000000000000000000e+00
9.942902371573286019e-04,9.411764705882352811e-01,7.843137254901960675e-02
9.942922371572720380e-04,9.411764705882352811e-01,7.843137254901960675e-02
9.942942371572154742e-04,8.627450980392157298e-01,-7.843137254901960675e-02
9.942962371571589103e-04,8.627450980392157298e-01,3.921568627450980338e-02
9.942982371571023464e-04,9.019607843137255054e-01,0.000000000000000000e+00
9.943002371570457826e-04,9.411764705882352811e-01,0.000000000000000000e+00
9.943022371569892187e-04,8.627450980392157298e-01,7.843137254901960675e-02
9.943042371569326549e-04,9.019607843137255054e-01,-1.568627450980392135e-01
9.943062371568760910e-04,8.627450980392157298e-01,1.176470588235294101e-01
9.943082371568195271e-04,9.411764705882352811e-01,0.000000000000000000e+00
9.943102371567629633e-04,9.019607843137255054e-01,-3.921568627450980338e-02
9.943122371567063994e-04,8.627450980392157298e-01,7.843137254901960675e-02
9.943142371566498355e-04,9.019607843137255054e-01,-7.843137254901960675e-02
9.943162371565932717e-04,9.411764705882352811e-01,3.921568627450980338e-02
9.943182371565367078e-04,8.235294117647058432e-01,-3.921568627450980338e-02
9.943202371564801439e-04,8.627450980392157298e-01,3.921568627450980338e-02
9.943222371564235801e-04,9.411764705882352811e-01,7.843137254901960675e-02
9.943242371563670162e-04,9.411764705882352811e-01,-7.843137254901960675e-02
9.943262371563104524e-04,8.235294117647058432e-01,3.921568627450980338e-02
9.943282371562538885e-04,9.019607843137255054e-01,0.000000000000000000e+00
9.943302371561973246e-04,9.019607843137255054e-01,7.843137254901960675e-02
9.943322371561407608e-04,9.411764705882352811e-01,3.921568627450980338e-02
9.943342371560841969e-04,8.235294117647058432e-01,-7.843137254901960675e-02
9.943362371560276330e-04,8.627450980392157298e-01,1.176470588235294101e-01
9.943382371559710692e-04,9.411764705882352811e-01,0.000000000000000000e+00
9.943402371559145053e-04,9.411764705882352811e-01,-3.921568627450980338e-02
9.943422371558579415e-04,8.235294117647058432e-01,7.843137254901960675e-02
9.943442371558013776e-04,8.627450980392157298e-01,-1.568627450980392135e-01
9.943462371557448137e-04,9.019607843137255054e-01,1.568627450980392135e-01
9.943482371556882499e-04,9.019607843137255054e-01,-3.921568627450980338e-02
9.943502371556316860e-04,8.235294117647058432e-01,0.000000000000000000e+00
9.943522371555751221e-04,9.019607843137255054e-01,7.843137254901960675e-02
9.943542371555185583e-04,9.019607843137255054e-01,-7.843137254901960675e-02
9.943562371554619944e-04,9.411764705882352811e-01,7.843137254901960675e-02
9.943582371554054306e-04,8.627450980392157298e-01,0.000000000000000000e+00
9.943602371553488667e-04,9.019607843137255054e-01,0.000000000000000000e+00
9.943622371552923028e-04,8.627450980392157298e-01,3.921568627450980338e-02
9.943642371552357390e-04,9.411764705882352811e-01,-3.921568627450980338e-02
9.943662371551791751e-04,8.235294117647058432e-01,7.843137254901960675e-02
9.943682371551226112e-04,9.019607843137255054e-01,0.000000000000000000e+00
9.943702371550660474e-04,9.019607843137255054e-01,3.921568627450980338e-02
9.943722371550094835e-04,9.411764705882352811e-01,0.000000000000000000e+00
9.943742371549529196e-04,8.235294117647058432e-01,-7.843137254901960675e-02
9.943762371548963558e-04,9.019607843137255054e-01,3.921568627450980338e-02
9.943782371548397919e-04,9.019607843137255054e-01,0.000000000000000000e+00
9.943802371547832281e-04,9.411764705882352811e-01,0.000000000000000000e+00
9.943822371547266642e-04,8.235294117647058432e-01,7.843137254901960675e-02
9.943842371546701003e-04,8.627450980392157298e-01,-1.568627450980392135e-01
9.943862371546135365e-04,9.411764705882352811e-01,1.176470588235294101e-01
9.943882371545569726e-04,9.411764705882352811e-01,0.000000000000000000e+00
9.943902371545004087e-04,8.235294117647058432e-01,-3.921568627450980338e-02
9.943922371544438449e-04,9.019607843137255054e-01,3.921568627450980338e-02
9.943942371543872810e-04,9.019607843137255054e-01,-3.921568627450980338e-02
9.943962371543307172e-04,9.411764705882352811e-01,3.921568627450980338e-02
9.943982371542741533e-04,8.235294117647058432e-01,0.000000000000000000e+00
9.944002371542175894e-04,8.627450980392157298e-01,3.921568627450980338e-02
9.944022371541610256e-04,9.019607843137255054e-01,3.921568627450980338e-02
9.944042371541044617e-04,9.411764705882352811e-01,-7.843137254901960675e-02
9.944062371540478978e-04,8.235294117647058432e-01,7.843137254901960675e-02
9.944082371539913340e-04,8.235294117647058432e-01,0.000000000000000000e+00
9.944102371539347701e-04,9.019607843137255054e-01,0.000000000000000000e+00
9.944122371538782063e-04,9.411764705882352811e-01,3.921568627450980338e-02
9.944142371538216424e-04,8.627450980392157298e-01,-7.843137254901960675e-02
9.944162371537650785e-04,8.627450980392157298e-01,3.921568627450980338e-02
9.944182371537085147e-04,9.019607843137255054e-01,0.000000000000000000e+00
9.944202371536519508e-04,9.019607843137255054e-01,0.000000000000000000e+00
9.944222371535953869e-04,8.235294117647058432e-01,7.843137254901960675e-02
9.944242371535388231e-04,9.019607843137255054e-01,-1.568627450980392135e-01
9.944262371534822592e-04,9.019607843137255054e-01,1.176470588235294101e-01
9.944282371534256953e-04,9.411764705882352811e-01,-3.921568627450980338e-02
9.944302371533691315e-04,8.627450980392157298e-01,0.000000000000000000e+00
9.944322371533125676e-04,8.627450980392157298e-01,7.843137254901960675e-02
9.944342371532560038e-04,9.019607843137255054e-01,0.000000000000000000e+00
9.944362371531994399e-04,9.411764705882352811e-01,7.843137254901960675e-02
9.944382371531428760e-04,8.627450980392157298e-01,0.000000000000000000e+00
9.944402371530863122e-04,8.627450980392157298e-01,0.000000000000000000e+00
9.944422371530297483e-04,8.627450980392157298e-01,7.843137254901960675e-02
9.944442371529731844e-04,9.411764705882352811e-01,-3.921568627450980338e-02
9.944462371529166206e-04,8.235294117647058432e-01,7.843137254901960675e-02
9.944482371528600567e-04,8.235294117647058432e-01,0.000000000000000000e+00
9.944502371528034929e-04,8.627450980392157298e-01,3.921568627450980338e-02
9.944522371527469290e-04,9.019607843137255054e-01,3.921568627450980338e-02
9.944542371526903651e-04,8.627450980392157298e-01,-7.843137254901960675e-02
9.944562371526338013e-04,8.235294117647058432e-01,3.921568627450980338e-02
9.944582371525772374e-04,9.019607843137255054e-01,0.000000000000000000e+00
9.944602371525206735e-04,9.411764705882352811e-01,-3.921568627450980338e-02
9.944622371524641097e-04,8.627450980392157298e-01,7.843137254901960675e-02
9.944642371524075458e-04,9.019607843137255054e-01,-1.568627450980392135e-01
9.944662371523509820e-04,9.019607843137255054e-01,7.843137254901960675e-02
9.944682371522944181e-04,9.411764705882352811e-01,0.000000000000000000e+00
9.944702371522378542e-04,8.235294117647058432e-01,0.000000000000000000e+00
9.944722371521812904e-04,9.019607843137255054e-01,3.921568627450980338e-02
9.944742371521247265e-04,9.019607843137255054e-01,-7.843137254901960675e-02
9.944762371520681626e-04,9.411764705882352811e-01,3.921568627450980338e-02
9.944782371520115988e-04,8.235294117647058432e-01,-3.921568627450980338e-02
9.944802371519550349e-04,8.627450980392157298e-01,3.921568627450980338e-02
9.944822371518984711e-04,9.019607843137255054e-01,7.843137254901960675e-02
9.944842371518419072e-04,9.411764705882352811e-01,-7.843137254901960675e-02
9.944862371517853433e-04,8.627450980392157298e-01,7.843137254901960675e-02
9.944882371517287795e-04,8.627450980392157298e-01,0.000000000000000000e+00
9.944902371516722156e-04,9.019607843137255054e-01,7.843137254901960675e-02
9.944922371516156517e-04,9.411764705882352811e-01,7.843137254901960675e-02
9.944942371515590879e-04,8.627450980392157298e-01,-7.843137254901960675e-02
9.944962371515025240e-04,9.019607843137255054e-01,7.843137254901960675e-02
9.944982371514459601e-04,9.019607843137255054e-01,0.000000000000000000e+00
9.945002371513893963e-04,9.411764705882352811e-01,0.000000000000000000e+00
9.945022371513328324e-04,8.627450980392157298e-01,7.843137254901960675e-02
9.945042371512762686e-04,8.235294117647058432e-01,-1.568627450980392135e-01
9.945062371512197047e-04,8.627450980392157298e-01,7.843137254901960675e-02
9.945082371511631408e-04,9.411764705882352811e-01,0.000000000000000000e+00
9.945102371511065770e-04,8.627450980392157298e-01,0.000000000000000000e+00
9.945122371510500131e-04,8.235294117647058432e-01,7.843137254901960675e-02
9.945142371509934492e-04,9.019607843137255054e-01,-3.921568627450980338e-02
9.945162371509368854e-04,9.411764705882352811e-01,3.921568627450980338e-02
9.945182371508803215e-04,8.627450980392157298e-01,0.000000000000000000e+00
9.945202371508237577e-04,8.235294117647058432e-01,-3.921568627450980338e-02
9.945222371507671938e-04,8.627450980392157298e-01,7.843137254901960675e-02
9.945242371507106299e-04,9.411764705882352811e-01,-3.921568627450980338e-02
9.945262371506540661e-04,8.235294117647058432e-01,3.921568627450980338e-02
9.945282371505975022e-04,8.627450980392157298e-01,-3.921568627450980338e-02
9.945302371505409383e-04,9.019607843137255054e-01,7.843137254901960675e-02
9.945322371504843745e-04,9.019607843137255054e-01,7.843137254901960675e-02
9.945342371504278106e-04,8.627450980392157298e-01,-7.843137254901960675e-02
9.945362371503712468e-04,8.627450980392157298e-01,7.843137254901960675e-02
9.945382371503146829e-04,9.019607843137255054e-01,0.000000000000000000e+00
9.945402371502581190e-04,9.019607843137255054e-01,-7.843137254901960675e-02
9.945422371502015552e-04,8.627450980392157298e-01,7.843137254901960675e-02
9.945442371501449913e-04,9.019607843137255054e-01,-3.921568627450980338e-02
9.945462371500884274e-04,9.019607843137255054e-01,1.176470588235294101e-01
9.945482371500318636e-04,9.411764705882352811e-01,0.000000000000000000e+00
9.945502371499752997e-04,8.627450980392157298e-01,-3.921568627450980338e-02
9.945522371499187358e-04,8.627450980392157298e-01,3.921568627450980338e-02
9.945542371498621720e-04,9.019607843137255054e-01,-7.843137254901960675e-02
9.945562371498056081e-04,9.411764705882352811e-01,3.921568627450980338e-02
9.945582371497490443e-04,8.627450980392157298e-01,0.000000000000000000e+00
9.945602371496924804e-04,8.627450980392157298e-01,0.000000000000000000e+00
9.945622371496359165e-04,9.019607843137255054e-01,3.921568627450980338e-02
9.945642371495793527e-04,9.411764705882352811e-01,-7.843137254901960675e-02
9.945662371495227888e-04,8.627450980392157298e-01,3.921568627450980338e-02
9.945682371494662249e-04,9.019607843137255054e-01,0.000000000000000000e+00
9.945702371494096611e-04,9.019607843137255054e-01,7.843137254901960675e-02
9.945722371493530972e-04,9.411764705882352811e-01,3.921568627450980338e-02
9.945742371492965334e-04,8.627450980392157298e-01,-7.843137254901960675e-02
9.945762371492399695e-04,8.627450980392157298e-01,7.843137254901960675e-02
9.945782371491834056e-04,9.019607843137255054e-01,3.921568627450980338e-02
9.945802371491268418e-04,9.411764705882352811e-01,-3.921568627450980338e-02
9.945822371490702779e-04,8.627450980392157298e-01,3.921568627450980338e-02
9.945842371490137140e-04,9.019607843137255054e-01,-1.568627450980392135e-01
9.945862371489571502e-04,8.627450980392157298e-01,1.568627450980392135e-01
9.945882371489005863e-04,9.019607843137255054e-01,-3.921568627450980338e-02
9.945902371488440225e-04,8.235294117647058432e-01,0.000000000000000000e+00
9.945922371487874586e-04,8.235294117647058432e-01,3.921568627450980338e-02
9.945942371487308947e-04,9.019607843137255054e-01,-3.921568627450980338e-02
9.945962371486743309e-04,9.411764705882352811e-01,3.921568627450980338e-02
9.945982371486177670e-04,8.627450980392157298e-01,-3.921568627450980338e-02
9.946002371485612031e-04,8.627450980392157298e-01,0.000000000000000000e+00
9.946022371485046393e-04,9.019607843137255054e-01,3.921568627450980338e-02
9.946042371484480754e-04,9.411764705882352811e-01,-3.921568627450980338e-02
9.946062371483915115e-04,8.235294117647058432e-01,7.843137254901960675e-02
9.946082371483349477e-04,9.019607843137255054e-01,0.000000000000000000e+00
9.946102371482783838e-04,9.411764705882352811e-01,3.921568627450980338e-02
9.946122371482218200e-04,9.411764705882352811e-01,3.921568627450980338e-02
9.946142371481652561e-04,8.627450980392157298e-01,-7.843137254901960675e-02
9.946162371481086922e-04,8.627450980392157298e-01,3.921568627450980338e-02
9.946182371480521284e-04,8.627450980392157298e-01,0.000000000000000000e+00
9.946202371479955645e-04,9.411764705882352811e-01,0.000000000000000000e+00
9.946222371479390006e-04,8.627450980392157298e-01,7.843137254901960675e-02
9.946242371478824368e-04,9.019607843137255054e-01,-1.568627450980392135e-01
9.946262371478258729e-04,9.019607843137255054e-01,7.843137254901960675e-02
9.946282371477693091e-04,9.411764705882352811e-01,0.000000000000000000e+00
9.946302371477127452e-04,8.627450980392157298e-01,-3.921568627450980338e-02
9.946322371476561813e-04,9.019607843137255054e-01,7.843137254901960675e-02
9.946342371475996175e-04,9.019607843137255054e-01,0.000000000000000000e+00
9.946362371475430536e-04,9.411764705882352811e-01,0.000000000000000000e+00
9.946382371474864897e-04,8.627450980392157298e-01,0.000000000000000000e+00
9.946402371474299259e-04,9.019607843137255054e-01,0.000000000000000000e+00
9.946422371473733620e-04,9.019607843137255054e-01,3.921568627450980338e-02
9.946442371473167982e-04,9.411764705882352811e-01,-7.843137254901960675e-02
9.946462371472602343e-04,8.235294117647058432e-01,7.843137254901960675e-02
9.946482371472036704e-04,9.019607843137255054e-01,0.000000000000000000e+00
9.946502371471471066e-04,9.019607843137255054e-01,3.921568627450980338e-02
9.946522371470905427e-04,9.411764705882352811e-01,3.921568627450980338e-02
9.946542371470339788e-04,8.235294117647058432e-01,-7.843137254901960675e-02
9.946562371469774150e-04,9.019607843137255054e-01,3.921568627450980338e-02
9.946582371469208511e-04,9.019607843137255054e-01,0.000000000000000000e+00
9.946602371468642872e-04,9.411764705882352811e-01,-3.921568627450980338e-02
9.946622371468077234e-04,8.235294117647058432e-01,3.921568627450980338e-02
9.946642371467511595e-04,9.019607843137255054e-01,-7.843137254901960675e-02
9.946662371466945957e-04,8.627450980392157298e-01,1.176470588235294101e-01
9.946682371466380318e-04,9.019607843137255054e-01,-3.921568627450980338e-02
9.946702371465814679e-04,8.627450980392157298e-01,0.000000000000000000e+00
9.946722371465249041e-04,8.627450980392157298e-01,7.843137254901960675e-02
9.946742371464683402e-04,9.019607843137255054e-01,-3.921568627450980338e-02
9.946762371464117763e-04,9.411764705882352811e-01,7.843137254901960675e-02
9.946782371463552125e-04,8.627450980392157298e-01,0.000000000000000000e+00
9.946802371462986486e-04,8.627450980392157298e-01,0.000000000000000000e+00
9.946822371462420848e-04,9.019607843137255054e-01,3.921568627450980338e-02
9.946842371461855209e-04,9.411764705882352811e-01,-7.843137254901960675e-02
9.946862371461289570e-04,8.627450980392157298e-01,7.843137254901960675e-02
9.946882371460723932e-04,9.019607843137255054e-01,0.000000000000000000e+00
9.946902371460158293e-04,8.627450980392157298e-01,3.921568627450980338e-02
9.946922371459592654e-04,9.411764705882352811e-01,3.921568627450980338e-02
9.946942371459027016e-04,8.627450980392157298e-01,-7.843137254901960675e-02
9.946962371458461377e-04,8.627450980392157298e-01,3.921568627450980338e-02
9.946982371457895739e-04,9.019607843137255054e-01,0.000000000000000000e+00
9.947002371457330100e-04,9.411764705882352811e-01,0.000000000000000000e+00
9.947022371456764461e-04,8.627450980392157298e-01,7.843137254901960675e-02
9.947042371456198823e-04,9.019607843137255054e-01,-1.568627450980392135e-01
9.947062371455633184e-04,9.019607843137255054e-01,7.843137254901960675e-02
9.947082371455067545e-04,9.411764705882352811e-01,0.000000000000000000e+00
9.947102371454501907e-04,9.019607843137255054e-01,-7.843137254901960675e-02
9.947122371453936268e-04,9.019607843137255054e-01,3.921568627450980338e-02
9.947142371453370630e-04,9.019607843137255054e-01,-7.843137254901960675e-02
9.947162371452804991e-04,9.411764705882352811e-01,3.921568627450980338e-02
9.947182371452239352e-04,8.627450980392157298e-01,0.000000000000000000e+00
9.947202371451673714e-04,8.627450980392157298e-01,3.921568627450980338e-02
9.947222371451108075e-04,9.019607843137255054e-01,7.843137254901960675e-02
9.947242371450542436e-04,9.411764705882352811e-01,-7.843137254901960675e-02
9.947262371449976798e-04,8.235294117647058432e-01,7.843137254901960675e-02
9.947282371449411159e-04,8.627450980392157298e-01,0.000000000000000000e+00
9.947302371448845520e-04,9.019607843137255054e-01,7.843137254901960675e-02
9.947322371448279882e-04,9.411764705882352811e-01,7.843137254901960675e-02
9.947342371447714243e-04,8.235294117647058432e-01,-7.843137254901960675e-02
9.947362371447148605e-04,8.235294117647058432e-01,3.921568627450980338e-02
9.947382371446582966e-04,8.627450980392157298e-01,0.000000000000000000e+00
9.947402371446017327e-04,9.411764705882352811e-01,-3.921568627450980338e-02
9.947422371445451689e-04,8.235294117647058432e-01,3.921568627450980338e-02
9.947442371444886050e-04,9.019607843137255054e-01,-1.568627450980392135e-01
9.947462371444320411e-04,9.019607843137255054e-01,1.568627450980392135e-01
9.947482371443754773e-04,9.411764705882352811e-01,0.000000000000000000e+00
9.947502371443189134e-04,8.627450980392157298e-01,-3.921568627450980338e-02
9.947522371442623496e-04,9.019607843137255054e-01,7.843137254901960675e-02
9.947542371442057857e-04,9.019607843137255054e-01,-7.843137254901960675e-02
9.947562371441492218e-04,9.411764705882352811e-01,7.843137254901960675e-02
9.947582371440926580e-04,8.627450980392157298e-01,0.000000000000000000e+00
9.947602371440360941e-04,9.019607843137255054e-01,0.000000000000000000e+00
9.947622371439795302e-04,8.627450980392157298e-01,3.921568627450980338e-02
9.947642371439229664e-04,9.411764705882352811e-01,-7.843137254901960675e-02
9.947662371438664025e-04,8.627450980392157298e-01,3.921568627450980338e-02
9.947682371438098387e-04,8.235294117647058432e-01,-7.843137254901960675e-02
9.947702371437532748e-04,9.019607843137255054e-01,3.921568627450980338e-02
9.947722371436967109e-04,9.019607843137255054e-01,3.921568627450980338e-02
9.947742371436401471e-04,8.235294117647058432e-01,-7.843137254901960675e-02
9.947762371435835832e-04,9.019607843137255054e-01,7.843137254901960675e-02
9.947782371435270193e-04,9.019607843137255054e-01,0.000000000000000000e+00
9.947802371434704555e-04,9.411764705882352811e-01,0.000000000000000000e+00
9.947822371434138916e-04,8.627450980392157298e-01,7.843137254901960675e-02
9.947842371433573277e-04,9.019607843137255054e-01,-1.568627450980392135e-01
9.947862371433007639e-04,9.019607843137255054e-01,1.568627450980392135e-01
9.947882371432442000e-04,9.411764705882352811e-01,-3.921568627450980338e-02
9.947902371431876362e-04,8.627450980392157298e-01,0.000000000000000000e+00
9.947922371431310723e-04,9.019607843137255054e-01,7.843137254901960675e-02
9.947942371430745084e-04,9.019607843137255054e-01,-7.843137254901960675e-02
9.947962371430179446e-04,9.411764705882352811e-01,7.843137254901960675e-02
9.947982371429613807e-04,8.627450980392157298e-01,0.000000000000000000e+00
9.948002371429048168e-04,9.019607843137255054e-01,3.921568627450980338e-02
9.948022371428482530e-04,9.019607843137255054e-01,7.843137254901960675e-02
9.948042371427916891e-04,9.411764705882352811e-01,-7.843137254901960675e-02
9.948062371427351253e-04,8.627450980392157298e-01,3.921568627450980338e-02
9.948082371426785614e-04,8.627450980392157298e-01,0.000000000000000000e+00
9.948102371426219975e-04,9.019607843137255054e-01,3.921568627450980338e-02
9.948122371425654337e-04,9.411764705882352811e-01,3.921568627450980338e-02
9.948142371425088698e-04,8.627450980392157298e-01,-7.843137254901960675e-02
9.948162371424523059e-04,9.019607843137255054e-01,3.921568627450980338e-02
9.948182371423957421e-04,9.019607843137255054e-01,0.000000000000000000e+00
9.948202371423391782e-04,9.411764705882352811e-01,-7.843137254901960675e-02
9.948222371422826144e-04,8.627450980392157298e-01,7.843137254901960675e-02
9.948242371422260505e-04,9.019607843137255054e-01,-1.568627450980392135e-01
9.948262371421694866e-04,9.019607843137255054e-01,7.843137254901960675e-02
9.948282371421129228e-04,9.019607843137255054e-01,0.000000000000000000e+00
9.948302371420563589e-04,8.235294117647058432e-01,-3.921568627450980338e-02
9.948322371419997950e-04,8.627450980392157298e-01,7.843137254901960675e-02
9.948342371419432312e-04,9.019607843137255054e-01,-3.921568627450980338e-02
9.948362371418866673e-04,9.411764705882352811e-01,7.843137254901960675e-02
9.948382371418301034e-04,8.627450980392157298e-01,-3.921568627450980338e-02
9.948402371417735396e-04,8.627450980392157298e-01,3.921568627450980338e-02
9.948422371417169757e-04,8.627450980392157298e-01,7.843137254901960675e-02
9.948442371416604119e-04,9.411764705882352811e-01,-3.921568627450980338e-02
9.948462371416038480e-04,8.627450980392157298e-01,3.921568627450980338e-02
9.948482371415472841e-04,8.235294117647058432e-01,0.000000000000000000e+00
9.948502371414907203e-04,9.019607843137255054e-01,3.921568627450980338e-02
9.948522371414341564e-04,9.411764705882352811e-01,3.921568627450980338e-02
9.948542371413775925e-04,8.627450980392157298e-01,-7.843137254901960675e-02
9.948562371413210287e-04,8.235294117647058432e-01,7.843137254901960675e-02
9.948582371412644648e-04,9.019607843137255054e-01,0.000000000000000000e+00
9.948602371412079010e-04,9.411764705882352811e-01,-3.921568627450980338e-02
9.948622371411513371e-04,8.627450980392157298e-01,7.843137254901960675e-02
9.948642371410947732e-04,8.627450980392157298e-01,-1.568627450980392135e-01
9.948662371410382094e-04,9.019607843137255054e-01,1.176470588235294101e-01
9.948682371409816455e-04,9.411764705882352811e-01,-3.921568627450980338e-02
9.948702371409250816e-04,8.235294117647058432e-01,0.000000000000000000e+00
9.948722371408685178e-04,8.627450980392157298e-01,7.843137254901960675e-02
9.948742371408119539e-04,9.019607843137255054e-01,0.000000000000000000e+00
9.948762371407553901e-04,9.411764705882352811e-01,3.921568627450980338e-02
9.948782371406988262e-04,8.235294117647058432e-01,0.000000000000000000e+00
9.948802371406422623e-04,9.019607843137255054e-01,0.000000000000000000e+00
9.948822371405856985e-04,8.627450980392157298e-01,7.843137254901960675e-02
9.948842371405291346e-04,9.411764705882352811e-01,-3.921568627450980338e-02
9.948862371404725707e-04,8.235294117647058432e-01,3.921568627450980338e-02
9.948882371404160069e-04,9.019607843137255054e-01,0.000000000000000000e+00
9.948902371403594430e-04,9.019607843137255054e-01,7.843137254901960675e-02
9.948922371403028792e-04,9.411764705882352811e-01,3.921568627450980338e-02
9.948942371402463153e-04,8.627450980392157298e-01,-7.843137254901960675e-02
9.948962371401897514e-04,9.019607843137255054e-01,3.921568627450980338e-02
9.948982371401331876e-04,9.411764705882352811e-01,0.000000000000000000e+00
9.949002371400766237e-04,9.411764705882352811e-01,-3.921568627450980338e-02
9.949022371400200598e-04,8.235294117647058432e-01,7.843137254901960675e-02
9.949042371399634960e-04,8.627450980392157298e-01,-1.568627450980392135e-01
9.949062371399069321e-04,9.019607843137255054e-01,7.843137254901960675e-02
9.949082371398503682e-04,9.411764705882352811e-01,3.921568627450980338e-02
9.949102371397938044e-04,8.235294117647058432e-01,0.000000000000000000e+00
9.949122371397372405e-04,9.019607843137255054e-01,7.843137254901960675e-02
9.949142371396806767e-04,9.019607843137255054e-01,-3.921568627450980338e-02
9.949162371396241128e-04,9.411764705882352811e-01,7.843137254901960675e-02
9.949182371395675489e-04,8.627450980392157298e-01,0.000000000000000000e+00
9.949202371395109851e-04,9.019607843137255054e-01,0.000000000000000000e+00
9.949222371394544212e-04,9.019607843137255054e-01,7.843137254901960675e-02
9.949242371393978573e-04,9.411764705882352811e-01,-7.843137254901960675e-02
9.949262371393412935e-04,8.627450980392157298e-01,3.921568627450980338e-02
9.949282371392847296e-04,8.627450980392157298e-01,0.000000000000000000e+00
9.949302371392281658e-04,9.019607843137255054e-01,7.843137254901960675e-02
9.949322371391716019e-04,9.411764705882352811e-01,3.921568627450980338e-02
9.949342371391150380e-04,8.235294117647058432e-01,-7.843137254901960675e-02
9.949362371390584742e-04,9.019607843137255054e-01,3.921568627450980338e-02
9.949382371390019103e-04,9.019607843137255054e-01,0.000000000000000000e+00
9.949402371389453464e-04,9.411764705882352811e-01,-3.921568627450980338e-02
9.949422371388887826e-04,8.235294117647058432e-01,7.843137254901960675e-02
9.949442371388322187e-04,9.019607843137255054e-01,-1.568627450980392135e-01
9.949462371387756549e-04,8.627450980392157298e-01,7.843137254901960675e-02
9.949482371387190910e-04,9.411764705882352811e-01,3.921568627450980338e-02
9.949502371386625271e-04,8.627450980392157298e-01,-3.921568627450980338e-02
9.949522371386059633e-04,8.235294117647058432e-01,7.843137254901960675e-02
9.949542371385493994e-04,9.019607843137255054e-01,-3.921568627450980338e-02
9.949562371384928355e-04,9.411764705882352811e-01,3.921568627450980338e-02
9.949582371384362717e-04,8.627450980392157298e-01,0.000000000000000000e+00
9.949602371383797078e-04,9.019607843137255054e-01,3.921568627450980338e-02
9.949622371383231439e-04,9.019607843137255054e-01,3.921568627450980338e-02
9.949642371382665801e-04,9.019607843137255054e-01,-7.843137254901960675e-02
9.949662371382100162e-04,8.627450980392157298e-01,3.921568627450980338e-02
9.949682371381534524e-04,9.019607843137255054e-01,3.921568627450980338e-02
9.949702371380968885e-04,9.019607843137255054e-01,7.843137254901960675e-02
9.949722371380403246e-04,9.411764705882352811e-01,3.921568627450980338e-02
9.949742371379837608e-04,8.235294117647058432e-01,-7.843137254901960675e-02
9.949762371379271969e-04,8.235294117647058432e-01,3.921568627450980338e-02
9.949782371378706330e-04,9.019607843137255054e-01,-3.921568627450980338e-02
9.949802371378140692e-04,9.019607843137255054e-01,-3.921568627450980338e-02
9.949822371377575053e-04,8.235294117647058432e-01,7.843137254901960675e-02
9.949842371377009415e-04,9.019607843137255054e-01,-7.843137254901960675e-02
9.949862371376443776e-04,9.019607843137255054e-01,1.568627450980392135e-01
9.949882371375878137e-04,9.019607843137255054e-01,-3.921568627450980338e-02
9.949902371375312499e-04,8.627450980392157298e-01,0.000000000000000000e+00
9.949922371374746860e-04,8.627450980392157298e-01,7.843137254901960675e-02
9.949942371374181221e-04,9.019607843137255054e-01,-3.921568627450980338e-02
9.949962371373615583e-04,9.411764705882352811e-01,3.921568627450980338e-02
9.949982371373049944e-04,8.627450980392157298e-01,0.000000000000000000e+00
9.950002371372484306e-04,9.019607843137255054e-01,0.000000000000000000e+00
9.950022371371918667e-04,9.019607843137255054e-01,7.843137254901960675e-02
9.950042371371353028e-04,9.019607843137255054e-01,-7.843137254901960675e-02
9.950062371370787390e-04,8.235294117647058432e-01,7.843137254901960675e-02
9.950082371370221751e-04,8.627450980392157298e-01,0.000000000000000000e+00
9.950102371369656112e-04,9.019607843137255054e-01,3.921568627450980338e-02
9.950122371369090474e-04,9.411764705882352811e-01,0.000000000000000000e+00
9.950142371368524835e-04,8.627450980392157298e-01,-7.843137254901960675e-02
9.950162371367959196e-04,8.627450980392157298e-01,3.921568627450980338e-02
9.950182371367393558e-04,9.019607843137255054e-01,0.000000000000000000e+00
9.950202371366827919e-04,9.411764705882352811e-01,0.000000000000000000e+00
9.950222371366262281e-04,8.627450980392157298e-01,7.843137254901960675e-02
9.950242371365696642e-04,9.019607843137255054e-01,-3.921568627450980338e-02
9.950262371365131003e-04,9.019607843137255054e-01,1.176470588235294101e-01
9.950282371364565365e-04,9.411764705882352811e-01,0.000000000000000000e+00
9.950302371363999726e-04,8.627450980392157298e-01,0.000000000000000000e+00
9.950322371363434087e-04,9.019607843137255054e-01,1.176470588235294101e-01
9.950342371362868449e-04,9.411764705882352811e-01,-3.921568627450980338e-02
9.950362371362302810e-04,9.411764705882352811e-01,7.843137254901960675e-02
9.950382371361737172e-04,8.627450980392157298e-01,0.000000000000000000e+00
9.950402371361171533e-04,8.627450980392157298e-01,0.000000000000000000e+00
9.950422371360605894e-04,9.019607843137255054e-01,7.843137254901960675e-02
9.950442371360040256e-04,9.411764705882352811e-01,-7.843137254901960675e-02
9.950462371359474617e-04,8.627450980392157298e-01,3.921568627450980338e-02
9.950482371358908978e-04,9.019607843137255054e-01,0.000000000000000000e+00
9.950502371358343340e-04,8.627450980392157298e-01,3.921568627450980338e-02
9.950522371357777701e-04,9.411764705882352811e-01,3.921568627450980338e-02
9.950542371357212063e-04,8.627450980392157298e-01,-7.843137254901960675e-02
9.950562371356646424e-04,8.627450980392157298e-01,7.843137254901960675e-02
9.950582371356080785e-04,9.019607843137255054e-01,0.000000000000000000e+00
9.950602371355515147e-04,9.411764705882352811e-01,0.000000000000000000e+00
9.950622371354949508e-04,8.235294117647058432e-01,7.843137254901960675e-02
9.950642371354383869e-04,8.627450980392157298e-01,-1.568627450980392135e-01
9.950662371353818231e-04,9.019607843137255054e-01,7.843137254901960675e-02
9.950682371353252592e-04,9.411764705882352811e-01,0.000000000000000000e+00
9.950702371352686953e-04,8.235294117647058432e-01,0.000000000000000000e+00
9.950722371352121315e-04,9.019607843137255054e-01,7.843137254901960675e-02
9.950742371351555676e-04,9.019607843137255054e-01,-3.921568627450980338e-02
9.950762371350990038e-04,9.411764705882352811e-01,7.843137254901960675e-02
9.950782371350424399e-04,8.627450980392157298e-01,0.000000000000000000e+00
9.950802371349858760e-04,9.019607843137255054e-01,3.921568627450980338e-02
9.950822371349293122e-04,9.019607843137255054e-01,7.843137254901960675e-02
9.950842371348727483e-04,9.411764705882352811e-01,-7.843137254901960675e-02
9.950862371348161844e-04,8.235294117647058432e-01,7.843137254901960675e-02
9.950882371347596206e-04,9.019607843137255054e-01,0.000000000000000000e+00
9.950902371347030567e-04,9.411764705882352811e-01,3.921568627450980338e-02
9.950922371346464929e-04,9.411764705882352811e-01,3.921568627450980338e-02
9.950942371345899290e-04,8.627450980392157298e-01,-7.843137254901960675e-02
9.950962371345333651e-04,9.019607843137255054e-01,7.843137254901960675e-02
9.950982371344768013e-04,9.019607843137255054e-01,0.000000000000000000e+00
9.951002371344202374e-04,9.411764705882352811e-01,-7.843137254901960675e-02
9.951022371343636735e-04,8.235294117647058432e-01,7.843137254901960675e-02
9.951042371343071097e-04,8.627450980392157298e-01,-1.568627450980392135e-01
9.951062371342505458e-04,9.019607843137255054e-01,7.843137254901960675e-02
9.951082371341939820e-04,9.411764705882352811e-01,3.921568627450980338e-02
9.951102371341374181e-04,8.627450980392157298e-01,0.000000000000000000e+00
9.951122371340808542e-04,8.627450980392157298e-01,7.843137254901960675e-02
9.951142371340242904e-04,9.019607843137255054e-01,-3.921568627450980338e-02
9.951162371339677265e-04,9.411764705882352811e-01,3.921568627450980338e-02
9.951182371339111626e-04,8.627450980392157298e-01,0.000000000000000000e+00
9.951202371338545988e-04,9.019607843137255054e-01,0.000000000000000000e+00
9.951222371337980349e-04,9.019607843137255054e-01,7.843137254901960675e-02
9.951242371337414711e-04,9.803921568627450567e-01,-3.921568627450980338e-02
9.951262371336849072e-04,8.235294117647058432e-01,3.921568627450980338e-02
9.951282371336283433e-04,9.411764705882352811e-01,0.000000000000000000e+00
9.951302371335717795e-04,9.019607843137255054e-01,7.843137254901960675e-02
9.951322371335152156e-04,9.411764705882352811e-01,7.843137254901960675e-02
9.951342371334586517e-04,8.627450980392157298e-01,-7.843137254901960675e-02
9.951362371334020879e-04,8.235294117647058432e-01,7.843137254901960675e-02
9.951382371333455240e-04,9.019607843137255054e-01,0.000000000000000000e+00
9.951402371332889601e-04,9.411764705882352811e-01,-7.843137254901960675e-02
9.951422371332323963e-04,8.627450980392157298e-01,7.843137254901960675e-02
9.951442371331758324e-04,9.019607843137255054e-01,-7.843137254901960675e-02
9.951462371331192686e-04,9.019607843137255054e-01,7.843137254901960675e-02
9.951482371330627047e-04,9.411764705882352811e-01,0.000000000000000000e+00
9.951502371330061408e-04,9.019607843137255054e-01,-3.921568627450980338e-02
9.951522371329495770e-04,8.235294117647058432e-01,7.843137254901960675e-02
9.951542371328930131e-04,9.411764705882352811e-01,-7.843137254901960675e-02
9.951562371328364492e-04,9.411764705882352811e-01,3.921568627450980338e-02
9.951582371327798854e-04,8.627450980392157298e-01,0.000000000000000000e+00
9.951602371327233215e-04,8.627450980392157298e-01,0.000000000000000000e+00
9.951622371326667577e-04,9.019607843137255054e-01,7.843137254901960675e-02
9.951642371326101938e-04,9.019607843137255054e-01,-7.843137254901960675e-02
9.951662371325536299e-04,8.627450980392157298e-01,0.000000000000000000e+00
9.951682371324970661e-04,9.019607843137255054e-01,-7.843137254901960675e-02
9.951702371324405022e-04,9.019607843137255054e-01,3.921568627450980338e-02
9.951722371323839383e-04,9.411764705882352811e-01,7.843137254901960675e-02
9.951742371323273745e-04,8.627450980392157298e-01,-7.843137254901960675e-02
9.951762371322708106e-04,9.019607843137255054e-01,7.843137254901960675e-02
9.951782371322142468e-04,9.411764705882352811e-01,0.000000000000000000e+00
9.951802371321576829e-04,9.411764705882352811e-01,-3.921568627450980338e-02
9.951822371321011190e-04,8.235294117647058432e-01,7.843137254901960675e-02
9.951842371320445552e-04,9.019607843137255054e-01,-1.568627450980392135e-01
9.951862371319879913e-04,9.019607843137255054e-01,1.176470588235294101e-01
9.951882371319314274e-04,9.411764705882352811e-01,-3.921568627450980338e-02
9.951902371318748636e-04,8.235294117647058432e-01,0.000000000000000000e+00
9.951922371318182997e-04,9.019607843137255054e-01,7.843137254901960675e-02
9.951942371317617358e-04,9.019607843137255054e-01,-3.921568627450980338e-02
9.951962371317051720e-04,9.411764705882352811e-01,7.843137254901960675e-02
9.951982371316486081e-04,8.627450980392157298e-01,0.000000000000000000e+00
9.952002371315920443e-04,9.019607843137255054e-01,-3.921568627450980338e-02
9.952022371315354804e-04,9.019607843137255054e-01,7.843137254901960675e-02
9.952042371314789165e-04,9.411764705882352811e-01,-3.921568627450980338e-02
9.952062371314223527e-04,8.627450980392157298e-01,3.921568627450980338e-02
9.952082371313657888e-04,9.019607843137255054e-01,0.000000000000000000e+00
9.952102371313092249e-04,9.019607843137255054e-01,3.921568627450980338e-02
9.952122371312526611e-04,9.411764705882352811e-01,7.843137254901960675e-02
9.952142371311960972e-04,8.235294117647058432e-01,-7.843137254901960675e-02
9.952162371311395334e-04,8.627450980392157298e-01,3.921568627450980338e-02
9.952182371310829695e-04,9.019607843137255054e-01,0.000000000000000000e+00
9.952202371310264056e-04,9.411764705882352811e-01,-7.843137254901960675e-02
9.952222371309698418e-04,8.627450980392157298e-01,7.843137254901960675e-02
9.952242371309132779e-04,9.019607843137255054e-01,-7.843137254901960675e-02
9.952262371308567140e-04,9.019607843137255054e-01,7.843137254901960675e-02
9.952282371308001502e-04,9.411764705882352811e-01,0.000000000000000000e+00
9.952302371307435863e-04,8.627450980392157298e-01,-3.921568627450980338e-02
9.952322371306870225e-04,9.019607843137255054e-01,7.843137254901960675e-02
9.952342371306304586e-04,9.019607843137255054e-01,-3.921568627450980338e-02
9.952362371305738947e-04,9.411764705882352811e-01,3.921568627450980338e-02
9.952382371305173309e-04,8.627450980392157298e-01,0.000000000000000000e+00
9.952402371304607670e-04,9.019607843137255054e-01,3.921568627450980338e-02
9.952422371304042031e-04,9.019607843137255054e-01,7.843137254901960675e-02
9.952442371303476393e-04,9.411764705882352811e-01,-3.921568627450980338e-02
9.952462371302910754e-04,8.627450980392157298e-01,3.921568627450980338e-02
9.952482371302345115e-04,9.019607843137255054e-01,0.000000000000000000e+00
9.952502371301779477e-04,8.627450980392157298e-01,0.000000000000000000e+00
9.952522371301213838e-04,9.411764705882352811e-01,0.000000000000000000e+00
9.952542371300648200e-04,8.627450980392157298e-01,-7.843137254901960675e-02
9.952562371300082561e-04,9.019607843137255054e-01,7.843137254901960675e-02
9.952582371299516922e-04,9.411764705882352811e-01,0.000000000000000000e+00
9.952602371298951284e-04,9.411764705882352811e-01,-3.921568627450980338e-02
9.952622371298385645e-04,8.235294117647058432e-01,7.843137254901960675e-02
9.952642371297820006e-04,9.019607843137255054e-01,-7.843137254901960675e-02
9.952662371297254368e-04,8.627450980392157298e-01,1.176470588235294101e-01
9.952682371296688729e-04,9.411764705882352811e-01,0.000000000000000000e+00
9.952702371296123091e-04,8.235294117647058432e-01,-3.921568627450980338e-02
9.952722371295557452e-04,8.627450980392157298e-01,7.843137254901960675e-02
9.952742371294991813e-04,9.019607843137255054e-01,-7.843137254901960675e-02
9.952762371294426175e-04,9.411764705882352811e-01,7.843137254901960675e-02
9.952782371293860536e-04,8.627450980392157298e-01,0.000000000000000000e+00
9.952802371293294897e-04,9.019607843137255054e-01,0.000000000000000000e+00
9.952822371292729259e-04,9.019607843137255054e-01,7.843137254901960675e-02
9.952842371292163620e-04,9.411764705882352811e-01,-7.843137254901960675e-02
9.952862371291597982e-04,8.235294117647058432e-01,3.921568627450980338e-02
9.952882371291032343e-04,9.019607843137255054e-01,-7.843137254901960675e-02
9.952902371290466704e-04,9.019607843137255054e-01,3.921568627450980338e-02
9.952922371289901066e-04,9.411764705882352811e-01,3.921568627450980338e-02
9.952942371289335427e-04,8.235294117647058432e-01,-7.843137254901960675e-02
9.952962371288769788e-04,8.627450980392157298e-01,3.921568627450980338e-02
9.952982371288204150e-04,9.019607843137255054e-01,0.000000000000000000e+00
9.953002371287638511e-04,9.411764705882352811e-01,-3.921568627450980338e-02
9.953022371287072873e-04,8.235294117647058432e-01,7.843137254901960675e-02
9.953042371286507234e-04,9.019607843137255054e-01,-1.568627450980392135e-01
9.953062371285941595e-04,9.019607843137255054e-01,1.176470588235294101e-01
9.953082371285375957e-04,9.019607843137255054e-01,-3.921568627450980338e-02
9.953102371284810318e-04,8.627450980392157298e-01,-3.921568627450980338e-02
9.953122371284244679e-04,8.627450980392157298e-01,7.843137254901960675e-02
9.953142371283679041e-04,9.019607843137255054e-01,-3.921568627450980338e-02
9.953162371283113402e-04,9.411764705882352811e-01,3.921568627450980338e-02
9.953182371282547763e-04,8.627450980392157298e-01,-3.921568627450980338e-02
9.953202371281982125e-04,8.627450980392157298e-01,3.921568627450980338e-02
9.953222371281416486e-04,9.019607843137255054e-01,7.843137254901960675e-02
9.953242371280850848e-04,9.411764705882352811e-01,-7.843137254901960675e-02
9.953262371280285209e-04,8.627450980392157298e-01,3.921568627450980338e-02
9.953282371279719570e-04,9.411764705882352811e-01,0.000000000000000000e+00
9.953302371279153932e-04,9.019607843137255054e-01,7.843137254901960675e-02
9.953322371278588293e-04,9.411764705882352811e-01,3.921568627450980338e-02
9.953342371278022654e-04,8.627450980392157298e-01,-7.843137254901960675e-02
9.953362371277457016e-04,8.235294117647058432e-01,7.843137254901960675e-02
9.953382371276891377e-04,9.019607843137255054e-01,0.000000000000000000e+00
9.953402371276325739e-04,9.411764705882352811e-01,-7.843137254901960675e-02
9.953422371275760100e-04,8.627450980392157298e-01,7.843137254901960675e-02
9.953442371275194461e-04,8.627450980392157298e-01,-1.568627450980392135e-01
9.953462371274628823e-04,9.019607843137255054e-01,1.568627450980392135e-01
9.953482371274063184e-04,9.411764705882352811e-01,-7.843137254901960675e-02
9.953502371273497545e-04,8.235294117647058432e-01,-3.921568627450980338e-02
9.953522371272931907e-04,9.019607843137255054e-01,1.176470588235294101e-01
9.953542371272366268e-04,9.019607843137255054e-01,-3.921568627450980338e-02
9.953562371271800630e-04,9.411764705882352811e-01,3.921568627450980338e-02
9.953582371271234991e-04,8.627450980392157298e-01,0.000000000000000000e+00
9.953602371270669352e-04,8.627450980392157298e-01,0.000000000000000000e+00
9.953622371270103714e-04,9.411764705882352811e-01,3.921568627450980338e-02
9.953642371269538075e-04,9.411764705882352811e-01,-3.921568627450980338e-02
9.953662371268972436e-04,8.627450980392157298e-01,3.921568627450980338e-02
9.953682371268406798e-04,9.019607843137255054e-01,0.000000000000000000e+00
9.953702371267841159e-04,9.019607843137255054e-01,7.843137254901960675e-02
9.953722371267275520e-04,9.411764705882352811e-01,7.843137254901960675e-02
9.953742371266709882e-04,9.019607843137255054e-01,-3.921568627450980338e-02
9.953762371266144243e-04,9.019607843137255054e-01,3.921568627450980338e-02
9.953782371265578605e-04,9.019607843137255054e-01,0.000000000000000000e+00
9.953802371265012966e-04,9.411764705882352811e-01,-3.921568627450980338e-02
9.953822371264447327e-04,8.627450980392157298e-01,7.843137254901960675e-02
9.953842371263881689e-04,8.627450980392157298e-01,-1.568627450980392135e-01
9.953862371263316050e-04,9.411764705882352811e-01,1.176470588235294101e-01
9.953882371262750411e-04,9.803921568627450567e-01,-7.843137254901960675e-02
9.953902371262184773e-04,8.627450980392157298e-01,0.000000000000000000e+00
9.953922371261619134e-04,9.019607843137255054e-01,3.921568627450980338e-02
9.953942371261053496e-04,9.019607843137255054e-01,-3.921568627450980338e-02
9.953962371260487857e-04,9.411764705882352811e-01,3.921568627450980338e-02
9.953982371259922218e-04,8.235294117647058432e-01,0.000000000000000000e+00
9.954002371259356580e-04,8.235294117647058432e-01,0.000000000000000000e+00
9.954022371258790941e-04,8.627450980392157298e-01,7.843137254901960675e-02
9.954042371258225302e-04,9.411764705882352811e-01,-7.843137254901960675e-02
9.954062371257659664e-04,8.235294117647058432e-01,3.921568627450980338e-02
9.954082371257094025e-04,8.627450980392157298e-01,0.000000000000000000e+00
9.954102371256528387e-04,9.019607843137255054e-01,3.921568627450980338e-02
9.954122371255962748e-04,9.411764705882352811e-01,7.843137254901960675e-02
9.954142371255397109e-04,8.627450980392157298e-01,-7.843137254901960675e-02
9.954162371254831471e-04,8.627450980392157298e-01,7.843137254901960675e-02
9.954182371254265832e-04,8.627450980392157298e-01,0.000000000000000000e+00
9.954202371253700193e-04,9.411764705882352811e-01,-3.921568627450980338e-02
9.954222371253134555e-04,8.235294117647058432e-01,7.843137254901960675e-02
9.954242371252568916e-04,9.411764705882352811e-01,-1.568627450980392135e-01
9.954262371252003277e-04,9.411764705882352811e-01,1.176470588235294101e-01
9.954282371251437639e-04,9.411764705882352811e-01,0.000000000000000000e+00
9.954302371250872000e-04,8.627450980392157298e-01,-3.921568627450980338e-02
9.954322371250306362e-04,8.235294117647058432e-01,7.843137254901960675e-02
9.954342371249740723e-04,9.019607843137255054e-01,-7.843137254901960675e-02
9.954362371249175084e-04,9.411764705882352811e-01,3.921568627450980338e-02
9.954382371248609446e-04,8.627450980392157298e-01,0.000000000000000000e+00
9.954402371248043807e-04,8.627450980392157298e-01,0.000000000000000000e+00
9.954422371247478168e-04,9.019607843137255054e-01,7.843137254901960675e-02
9.954442371246912530e-04,9.411764705882352811e-01,-7.843137254901960675e-02
9.954462371246346891e-04,8.627450980392157298e-01,7.843137254901960675e-02
9.954482371245781253e-04,8.627450980392157298e-01,0.000000000000000000e+00
9.954502371245215614e-04,8.627450980392157298e-01,7.843137254901960675e-02
9.954522371244649975e-04,9.411764705882352811e-01,7.843137254901960675e-02
9.954542371244084337e-04,8.627450980392157298e-01,-7.843137254901960675e-02
9.954562371243518698e-04,8.627450980392157298e-01,7.843137254901960675e-02
9.954582371242953059e-04,8.627450980392157298e-01,0.000000000000000000e+00
9.954602371242387421e-04,9.411764705882352811e-01,-3.921568627450980338e-02
9.954622371241821782e-04,8.235294117647058432e-01,7.843137254901960675e-02
9.954642371241256144e-04,9.019607843137255054e-01,-1.568627450980392135e-01
9.954662371240690505e-04,9.019607843137255054e-01,1.568627450980392135e-01
9.954682371240124866e-04,9.019607843137255054e-01,-3.921568627450980338e-02
9.954702371239559228e-04,8.235294117647058432e-01,0.000000000000000000e+00
9.954722371238993589e-04,8.627450980392157298e-01,7.843137254901960675e-02
9.954742371238427950e-04,9.019607843137255054e-01,-3.921568627450980338e-02
9.954762371237862312e-04,9.411764705882352811e-01,3.921568627450980338e-02
9.954782371237296673e-04,9.019607843137255054e-01,0.000000000000000000e+00
9.954802371236731034e-04,8.627450980392157298e-01,0.000000000000000000e+00
9.954822371236165396e-04,9.019607843137255054e-01,7.843137254901960675e-02
9.954842371235599757e-04,9.411764705882352811e-01,-7.843137254901960675e-02
9.954862371235034119e-04,8.235294117647058432e-01,3.921568627450980338e-02
9.954882371234468480e-04,9.019607843137255054e-01,0.000000000000000000e+00
9.954902371233902841e-04,9.019607843137255054e-01,7.843137254901960675e-02
9.954922371233337203e-04,9.411764705882352811e-01,7.843137254901960675e-02
9.954942371232771564e-04,8.627450980392157298e-01,-3.921568627450980338e-02
9.954962371232205925e-04,9.019607843137255054e-01,7.843137254901960675e-02
9.954982371231640287e-04,9.019607843137255054e-01,0.000000000000000000e+00
9.955002371231074648e-04,9.411764705882352811e-01,-3.921568627450980338e-02
9.955022371230509010e-04,8.627450980392157298e-01,7.843137254901960675e-02
9.955042371229943371e-04,8.627450980392157298e-01,0.000000000000000000e+00
9.955062371229377732e-04,9.019607843137255054e-01,7.843137254901960675e-02
9.955082371228812094e-04,9.411764705882352811e-01,0.000000000000000000e+00
9.955102371228246455e-04,8.627450980392157298e-01,0.000000000000000000e+00
9.955122371227680816e-04,9.019607843137255054e-01,7.843137254901960675e-02
9.955142371227115178e-04,9.411764705882352811e-01,-3.921568627450980338e-02
9.955162371226549539e-04,9.411764705882352811e-01,7.843137254901960675e-02
9.955182371225983901e-04,8.627450980392157298e-01,0.000000000000000000e+00
9.955202371225418262e-04,8.627450980392157298e-01,0.000000000000000000e+00
9.955222371224852623e-04,9.019607843137255054e-01,7.843137254901960675e-02
9.955242371224286985e-04,9.411764705882352811e-01,-7.843137254901960675e-02
9.955262371223721346e-04,8.627450980392157298e-01,3.921568627450980338e-02
9.955282371223155707e-04,9.019607843137255054e-01,0.000000000000000000e+00
9.955302371222590069e-04,9.019607843137255054e-01,7.843137254901960675e-02
9.955322371222024430e-04,9.411764705882352811e-01,3.921568627450980338e-02
9.955342371221458792e-04,8.235294117647058432e-01,-3.921568627450980338e-02
9.955362371220893153e-04,8.627450980392157298e-01,7.843137254901960675e-02
9.955382371220327514e-04,9.019607843137255054e-01,0.000000000000000000e+00
9.955402371219761876e-04,9.411764705882352811e-01,-7.843137254901960675e-02
9.955422371219196237e-04,8.627450980392157298e-01,3.921568627450980338e-02
9.955442371218630598e-04,9.019607843137255054e-01,-7.843137254901960675e-02
9.955462371218064960e-04,9.019607843137255054e-01,1.176470588235294101e-01
9.955482371217499321e-04,9.019607843137255054e-01,3.921568627450980338e-02
9.955502371216933682e-04,8.235294117647058432e-01,-3.921568627450980338e-02
9.955522371216368044e-04,9.019607843137255054e-01,7.843137254901960675e-02
9.955542371215802405e-04,8.627450980392157298e-01,-7.843137254901960675e-02
9.955562371215236767e-04,9.411764705882352811e-01,3.921568627450980338e-02
9.955582371214671128e-04,8.627450980392157298e-01,0.000000000000000000e+00
9.955602371214105489e-04,9.019607843137255054e-01,3.921568627450980338e-02
9.955622371213539851e-04,9.019607843137255054e-01,7.843137254901960675e-02
9.955642371212974212e-04,9.411764705882352811e-01,-3.921568627450980338e-02
9.955662371212408573e-04,8.627450980392157298e-01,3.921568627450980338e-02
9.955682371211842935e-04,9.019607843137255054e-01,0.000000000000000000e+00
9.955702371211277296e-04,9.019607843137255054e-01,3.921568627450980338e-02
9.955722371210711658e-04,9.411764705882352811e-01,7.843137254901960675e-02
9.955742371210146019e-04,8.627450980392157298e-01,-7.843137254901960675e-02
9.955762371209580380e-04,8.627450980392157298e-01,3.921568627450980338e-02
9.955782371209014742e-04,9.019607843137255054e-01,3.921568627450980338e-02
9.955802371208449103e-04,9.411764705882352811e-01,-3.921568627450980338e-02
9.955822371207883464e-04,8.235294117647058432e-01,7.843137254901960675e-02
9.955842371207317826e-04,9.019607843137255054e-01,-7.843137254901960675e-02
9.955862371206752187e-04,9.019607843137255054e-01,1.568627450980392135e-01
9.955882371206186549e-04,9.411764705882352811e-01,-3.921568627450980338e-02
9.955902371205620910e-04,8.235294117647058432e-01,0.000000000000000000e+00
9.955922371205055271e-04,8.627450980392157298e-01,7.843137254901960675e-02
9.955942371204489633e-04,8.627450980392157298e-01,-3.921568627450980338e-02
9.955962371203923994e-04,9.411764705882352811e-01,7.843137254901960675e-02
9.955982371203358355e-04,8.627450980392157298e-01,-3.921568627450980338e-02
9.956002371202792717e-04,9.019607843137255054e-01,0.000000000000000000e+00
9.956022371202227078e-04,9.019607843137255054e-01,7.843137254901960675e-02
9.956042371201661439e-04,9.411764705882352811e-01,-7.843137254901960675e-02
9.956062371201095801e-04,8.627450980392157298e-01,3.921568627450980338e-02
9.956082371200530162e-04,8.627450980392157298e-01,0.000000000000000000e+00
9.956102371199964524e-04,9.019607843137255054e-01,3.921568627450980338e-02
9.956122371199398885e-04,9.411764705882352811e-01,3.921568627450980338e-02
9.956142371198833246e-04,9.019607843137255054e-01,-7.843137254901960675e-02
9.956162371198267608e-04,9.019607843137255054e-01,7.843137254901960675e-02
9.956182371197701969e-04,9.019607843137255054e-01,0.000000000000000000e+00
9.956202371197136330e-04,9.411764705882352811e-01,0.000000000000000000e+00
9.956222371196570692e-04,8.235294117647058432e-01,7.843137254901960675e-02
9.956242371196005053e-04,9.019607843137255054e-01,-1.568627450980392135e-01
9.956262371195439415e-04,9.411764705882352811e-01,1.176470588235294101e-01
9.956282371194873776e-04,9.411764705882352811e-01,3.921568627450980338e-02
9.956302371194308137e-04,8.627450980392157298e-01,0.000000000000000000e+00
9.956322371193742499e-04,9.019607843137255054e-01,7.843137254901960675e-02
9.956342371193176860e-04,9.019607843137255054e-01,0.000000000000000000e+00
9.956362371192611221e-04,9.411764705882352811e-01,3.921568627450980338e-02
9.956382371192045583e-04,8.627450980392157298e-01,0.000000000000000000e+00
9.956402371191479944e-04,9.019607843137255054e-01,0.000000000000000000e+00
9.956422371190914306e-04,8.627450980392157298e-01,7.843137254901960675e-02
9.956442371190348667e-04,9.411764705882352811e-01,-7.843137254901960675e-02
9.956462371189783028e-04,8.627450980392157298e-01,3.921568627450980338e-02
9.956482371189217390e-04,9.019607843137255054e-01,0.000000000000000000e+00
9.956502371188651751e-04,9.411764705882352811e-01,3.921568627450980338e-02
9.956522371188086112e-04,9.411764705882352811e-01,3.921568627450980338e-02
9.956542371187520474e-04,8.627450980392157298e-01,-7.843137254901960675e-02
9.956562371186954835e-04,8.627450980392157298e-01,3.921568627450980338e-02
9.956582371186389196e-04,9.019607843137255054e-01,0.000000000000000000e+00
9.956602371185823558e-04,9.411764705882352811e-01,-3.921568627450980338e-02
9.956622371185257919e-04,8.235294117647058432e-01,7.843137254901960675e-02
9.956642371184692281e-04,9.019607843137255054e-01,-1.568627450980392135e-01
9.956662371184126642e-04,9.019607843137255054e-01,7.843137254901960675e-02
9.956682371183561003e-04,9.411764705882352811e-01,0.000000000000000000e+00
9.956702371182995365e-04,8.235294117647058432e-01,-3.921568627450980338e-02
9.956722371182429726e-04,9.019607843137255054e-01,7.843137254901960675e-02
9.956742371181864087e-04,9.019607843137255054e-01,-3.921568627450980338e-02
9.956762371181298449e-04,9.019607843137255054e-01,3.921568627450980338e-02
9.956782371180732810e-04,8.627450980392157298e-01,0.000000000000000000e+00
9.956802371180167172e-04,9.019607843137255054e-01,0.000000000000000000e+00
9.956822371179601533e-04,9.019607843137255054e-01,7.843137254901960675e-02
9.956842371179035894e-04,9.411764705882352811e-01,-7.843137254901960675e-02
9.956862371178470256e-04,8.627450980392157298e-01,7.843137254901960675e-02
9.956882371177904617e-04,9.019607843137255054e-01,0.000000000000000000e+00
9.956902371177338978e-04,9.019607843137255054e-01,7.843137254901960675e-02
9.956922371176773340e-04,9.411764705882352811e-01,7.843137254901960675e-02
9.956942371176207701e-04,8.235294117647058432e-01,-7.843137254901960675e-02
9.956962371175642063e-04,8.627450980392157298e-01,3.921568627450980338e-02
9.956982371175076424e-04,8.627450980392157298e-01,0.000000000000000000e+00
9.957002371174510785e-04,9.411764705882352811e-01,0.000000000000000000e+00
9.957022371173945147e-04,8.235294117647058432e-01,7.843137254901960675e-02
9.957042371173379508e-04,8.627450980392157298e-01,-1.568627450980392135e-01
9.957062371172813869e-04,9.019607843137255054e-01,1.568627450980392135e-01
9.957082371172248231e-04,9.411764705882352811e-01,-3.921568627450980338e-02
9.957102371171682592e-04,8.627450980392157298e-01,0.000000000000000000e+00
9.957122371171116954e-04,9.019607843137255054e-01,7.843137254901960675e-02
9.957142371170551315e-04,9.019607843137255054e-01,-3.921568627450980338e-02
9.957162371169985676e-04,9.411764705882352811e-01,7.843137254901960675e-02
9.957182371169420038e-04,9.019607843137255054e-01,0.000000000000000000e+00
9.957202371168854399e-04,8.627450980392157298e-01,0.000000000000000000e+00
9.957222371168288760e-04,9.019607843137255054e-01,7.843137254901960675e-02
9.957242371167723122e-04,9.411764705882352811e-01,-7.843137254901960675e-02
9.957262371167157483e-04,8.235294117647058432e-01,3.921568627450980338e-02
9.957282371166591844e-04,9.019607843137255054e-01,-7.843137254901960675e-02
9.957302371166026206e-04,9.019607843137255054e-01,3.921568627450980338e-02
9.957322371165460567e-04,9.411764705882352811e-01,7.843137254901960675e-02
9.957342371164894929e-04,8.627450980392157298e-01,-7.843137254901960675e-02
9.957362371164329290e-04,9.019607843137255054e-01,7.843137254901960675e-02
9.957382371163763651e-04,9.019607843137255054e-01,0.000000000000000000e+00
9.957402371163198013e-04,9.411764705882352811e-01,0.000000000000000000e+00
9.957422371162632374e-04,8.627450980392157298e-01,7.843137254901960675e-02
9.957442371162066735e-04,9.019607843137255054e-01,-1.568627450980392135e-01
9.957462371161501097e-04,9.019607843137255054e-01,1.176470588235294101e-01
9.957482371160935458e-04,9.411764705882352811e-01,3.921568627450980338e-02
9.957502371160369820e-04,8.627450980392157298e-01,0.000000000000000000e+00
9.957522371159804181e-04,8.627450980392157298e-01,7.843137254901960675e-02
9.957542371159238542e-04,9.019607843137255054e-01,-3.921568627450980338e-02
9.957562371158672904e-04,9.019607843137255054e-01,7.843137254901960675e-02
9.957582371158107265e-04,8.627450980392157298e-01,0.000000000000000000e+00
9.957602371157541626e-04,9.019607843137255054e-01,0.000000000000000000e+00
9.957622371156975988e-04,9.019607843137255054e-01,1.176470588235294101e-01
9.957642371156410349e-04,9.411764705882352811e-01,-3.921568627450980338e-02
9.957662371155844711e-04,8.627450980392157298e-01,3.921568627450980338e-02
9.957682371155279072e-04,9.019607843137255054e-01,0.000000000000000000e+00
9.957702371154713433e-04,9.019607843137255054e-01,3.921568627450980338e-02
9.957722371154147795e-04,9.411764705882352811e-01,3.921568627450980338e-02
9.957742371153582156e-04,8.627450980392157298e-01,-7.843137254901960675e-02
9.957762371153016517e-04,8.627450980392157298e-01,7.843137254901960675e-02
9.957782371152450879e-04,9.019607843137255054e-01,0.000000000000000000e+00
9.957802371151885240e-04,9.411764705882352811e-01,-7.843137254901960675e-02
9.957822371151319601e-04,8.627450980392157298e-01,7.843137254901960675e-02
9.957842371150753963e-04,9.019607843137255054e-01,0.000000000000000000e+00
9.957862371150188324e-04,8.627450980392157298e-01,7.843137254901960675e-02
9.957882371149622686e-04,9.019607843137255054e-01,0.000000000000000000e+00
9.957902371149057047e-04,8.627450980392157298e-01,-3.921568627450980338e-02
9.957922371148491408e-04,8.627450980392157298e-01,7.843137254901960675e-02
9.957942371147925770e-04,9.019607843137255054e-01,-3.921568627450980338e-02
9.957962371147360131e-04,9.411764705882352811e-01,3.921568627450980338e-02
9.957982371146794492e-04,8.627450980392157298e-01,0.000000000000000000e+00
9.958002371146228854e-04,9.019607843137255054e-01,3.921568627450980338e-02
9.958022371145663215e-04,9.019607843137255054e-01,7.843137254901960675e-02
9.958042371145097577e-04,9.019607843137255054e-01,-7.843137254901960675e-02
9.958062371144531938e-04,8.627450980392157298e-01,7.843137254901960675e-02
9.958082371143966299e-04,9.019607843137255054e-01,0.000000000000000000e+00
9.958102371143400661e-04,9.019607843137255054e-01,3.921568627450980338e-02
9.958122371142835022e-04,9.019607843137255054e-01,7.843137254901960675e-02
9.958142371142269383e-04,8.627450980392157298e-01,-7.843137254901960675e-02
9.958162371141703745e-04,9.019607843137255054e-01,3.921568627450980338e-02
9.958182371141138106e-04,9.411764705882352811e-01,0.000000000000000000e+00
9.958202371140572468e-04,9.411764705882352811e-01,0.000000000000000000e+00
9.958222371140006829e-04,8.627450980392157298e-01,7.843137254901960675e-02
9.958242371139441190e-04,8.627450980392157298e-01,-1.568627450980392135e-01
9.958262371138875552e-04,9.019607843137255054e-01,1.176470588235294101e-01
9.958282371138309913e-04,9.411764705882352811e-01,-7.843137254901960675e-02
9.958302371137744274e-04,8.235294117647058432e-01,-3.921568627450980338e-02
9.958322371137178636e-04,9.019607843137255054e-01,7.843137254901960675e-02
9.958342371136612997e-04,9.019607843137255054e-01,-7.843137254901960675e-02
9.958362371136047358e-04,9.411764705882352811e-01,7.843137254901960675e-02
9.958382371135481720e-04,8.627450980392157298e-01,0.000000000000000000e+00
9.958402371134916081e-04,8.627450980392157298e-01,0.000000000000000000e+00
9.958422371134350443e-04,9.019607843137255054e-01,7.843137254901960675e-02
9.958442371133784804e-04,9.411764705882352811e-01,-3.921568627450980338e-02
9.958462371133219165e-04,8.235294117647058432e-01,3.921568627450980338e-02
9.958482371132653527e-04,9.019607843137255054e-01,0.000000000000000000e+00
9.958502371132087888e-04,9.019607843137255054e-01,0.000000000000000000e+00
9.958522371131522249e-04,9.019607843137255054e-01,7.843137254901960675e-02
9.958542371130956611e-04,8.235294117647058432e-01,-3.921568627450980338e-02
9.958562371130390972e-04,9.019607843137255054e-01,7.843137254901960675e-02
9.958582371129825334e-04,9.411764705882352811e-01,3.921568627450980338e-02
9.958602371129259695e-04,9.411764705882352811e-01,-3.921568627450980338e-02
9.958622371128694056e-04,8.235294117647058432e-01,7.843137254901960675e-02
9.958642371128128418e-04,8.627450980392157298e-01,-7.843137254901960675e-02
9.958662371127562779e-04,9.019607843137255054e-01,1.176470588235294101e-01
9.958682371126997140e-04,9.411764705882352811e-01,-3.921568627450980338e-02
9.958702371126431502e-04,9.019607843137255054e-01,-3.921568627450980338e-02
9.958722371125865863e-04,8.627450980392157298e-01,3.921568627450980338e-02
9.958742371125300225e-04,9.019607843137255054e-01,-3.921568627450980338e-02
9.958762371124734586e-04,9.411764705882352811e-01,7.843137254901960675e-02
9.958782371124168947e-04,8.627450980392157298e-01,0.000000000000000000e+00
9.958802371123603309e-04,9.019607843137255054e-01,3.921568627450980338e-02
9.958822371123037670e-04,9.019607843137255054e-01,7.843137254901960675e-02
9.958842371122472031e-04,9.411764705882352811e-01,-3.921568627450980338e-02
9.958862371121906393e-04,8.627450980392157298e-01,0.000000000000000000e+00
9.958882371121340754e-04,9.019607843137255054e-01,0.000000000000000000e+00
9.958902371120775115e-04,9.019607843137255054e-01,0.000000000000000000e+00
9.958922371120209477e-04,9.411764705882352811e-01,7.843137254901960675e-02
9.958942371119643838e-04,8.235294117647058432e-01,-3.921568627450980338e-02
9.958962371119078200e-04,9.019607843137255054e-01,7.843137254901960675e-02
9.958982371118512561e-04,9.019607843137255054e-01,0.000000000000000000e+00
9.959002371117946922e-04,9.411764705882352811e-01,0.000000000000000000e+00
9.959022371117381284e-04,8.235294117647058432e-01,7.843137254901960675e-02
9.959042371116815645e-04,9.019607843137255054e-01,-1.568627450980392135e-01
9.959062371116250006e-04,9.019607843137255054e-01,1.568627450980392135e-01
9.959082371115684368e-04,9.411764705882352811e-01,-3.921568627450980338e-02
9.959102371115118729e-04,8.627450980392157298e-01,0.000000000000000000e+00
9.959122371114553091e-04,8.627450980392157298e-01,7.843137254901960675e-02
9.959142371113987452e-04,9.019607843137255054e-01,-3.921568627450980338e-02
9.959162371113421813e-04,9.411764705882352811e-01,7.843137254901960675e-02
9.959182371112856175e-04,8.627450980392157298e-01,0.000000000000000000e+00
9.959202371112290536e-04,9.019607843137255054e-01,3.921568627450980338e-02
9.959222371111724897e-04,9.019607843137255054e-01,7.843137254901960675e-02
9.959242371111159259e-04,9.411764705882352811e-01,-7.843137254901960675e-02
9.959262371110593620e-04,8.627450980392157298e-01,3.921568627450980338e-02
9.959282371110027982e-04,9.019607843137255054e-01,0.000000000000000000e+00
9.959302371109462343e-04,9.019607843137255054e-01,0.000000000000000000e+00
9.959322371108896704e-04,9.411764705882352811e-01,7.843137254901960675e-02
9.959342371108331066e-04,8.627450980392157298e-01,-7.843137254901960675e-02
9.959362371107765427e-04,9.019607843137255054e-01,7.843137254901960675e-02
9.959382371107199788e-04,8.627450980392157298e-01,0.000000000000000000e+00
9.959402371106634150e-04,9.411764705882352811e-01,-3.921568627450980338e-02
9.959422371106068511e-04,8.627450980392157298e-01,7.843137254901960675e-02
9.959442371105502873e-04,9.019607843137255054e-01,-1.568627450980392135e-01
9.959462371104937234e-04,9.019607843137255054e-01,1.176470588235294101e-01
9.959482371104371595e-04,9.411764705882352811e-01,0.000000000000000000e+00
9.959502371103805957e-04,8.627450980392157298e-01,-3.921568627450980338e-02
9.959522371103240318e-04,8.627450980392157298e-01,7.843137254901960675e-02
9.959542371102674679e-04,9.019607843137255054e-01,-3.921568627450980338e-02
9.959562371102109041e-04,9.019607843137255054e-01,3.921568627450980338e-02
9.959582371101543402e-04,8.627450980392157298e-01,0.000000000000000000e+00
9.959602371100977763e-04,8.627450980392157298e-01,0.000000000000000000e+00
9.959622371100412125e-04,9.019607843137255054e-01,7.843137254901960675e-02
9.959642371099846486e-04,9.411764705882352811e-01,-3.921568627450980338e-02
9.959662371099280848e-04,8.235294117647058432e-01,3.921568627450980338e-02
9.959682371098715209e-04,9.019607843137255054e-01,0.000000000000000000e+00
9.959702371098149570e-04,9.019607843137255054e-01,0.000000000000000000e+00
9.959722371097583932e-04,9.411764705882352811e-01,7.843137254901960675e-02
9.959742371097018293e-04,8.627450980392157298e-01,-3.921568627450980338e-02
9.959762371096452654e-04,9.019607843137255054e-01,7.843137254901960675e-02
9.959782371095887016e-04,9.019607843137255054e-01,0.000000000000000000e+00
9.959802371095321377e-04,9.803921568627450567e-01,-3.921568627450980338e-02
9.959822371094755739e-04,8.627450980392157298e-01,7.843137254901960675e-02
9.959842371094190100e-04,9.019607843137255054e-01,-7.843137254901960675e-02
9.959862371093624461e-04,9.019607843137255054e-01,1.176470588235294101e-01
9.959882371093058823e-04,9.411764705882352811e-01,-7.843137254901960675e-02
9.959902371092493184e-04,8.627450980392157298e-01,-3.921568627450980338e-02
9.959922371091927545e-04,9.019607843137255054e-01,7.843137254901960675e-02
9.959942371091361907e-04,9.019607843137255054e-01,-3.921568627450980338e-02
9.959962371090796268e-04,9.411764705882352811e-01,3.921568627450980338e-02
9.959982371090230630e-04,8.627450980392157298e-01,0.000000000000000000e+00
9.960002371089664991e-04,8.627450980392157298e-01,-7.843137254901960675e-02
9.960022371089099352e-04,9.019607843137255054e-01,3.921568627450980338e-02
9.960042371088533714e-04,9.411764705882352811e-01,-3.921568627450980338e-02
9.960062371087968075e-04,8.235294117647058432e-01,3.921568627450980338e-02
9.960082371087402436e-04,8.627450980392157298e-01,0.000000000000000000e+00
9.960102371086836798e-04,9.019607843137255054e-01,7.843137254901960675e-02
9.960122371086271159e-04,9.019607843137255054e-01,3.921568627450980338e-02
9.960142371085705520e-04,8.627450980392157298e-01,-3.921568627450980338e-02
9.960162371085139882e-04,9.019607843137255054e-01,7.843137254901960675e-02
9.960182371084574243e-04,9.019607843137255054e-01,-3.921568627450980338e-02
9.960202371084008605e-04,9.411764705882352811e-01,-3.921568627450980338e-02
9.960222371083442966e-04,8.235294117647058432e-01,3.921568627450980338e-02
9.960242371082877327e-04,8.627450980392157298e-01,-1.568627450980392135e-01
9.960262371082311689e-04,8.627450980392157298e-01,1.568627450980392135e-01
9.960282371081746050e-04,9.411764705882352811e-01,-7.843137254901960675e-02
9.960302371081180411e-04,8.627450980392157298e-01,0.000000000000000000e+00
9.960322371080614773e-04,9.019607843137255054e-01,7.843137254901960675e-02
9.960342371080049134e-04,9.019607843137255054e-01,-3.921568627450980338e-02
9.960362371079483496e-04,9.411764705882352811e-01,7.843137254901960675e-02
9.960382371078917857e-04,8.627450980392157298e-01,0.000000000000000000e+00
9.960402371078352218e-04,9.019607843137255054e-01,0.000000000000000000e+00
9.960422371077786580e-04,9.019607843137255054e-01,7.843137254901960675e-02
9.960442371077220941e-04,9.411764705882352811e-01,-7.843137254901960675e-02
9.960462371076655302e-04,8.627450980392157298e-01,3.921568627450980338e-02
9.960482371076089664e-04,8.627450980392157298e-01,0.000000000000000000e+00
9.960502371075524025e-04,9.411764705882352811e-01,0.000000000000000000e+00
9.960522371074958387e-04,9.411764705882352811e-01,3.921568627450980338e-02
9.960542371074392748e-04,8.627450980392157298e-01,-3.921568627450980338e-02
9.960562371073827109e-04,9.019607843137255054e-01,3.921568627450980338e-02
9.960582371073261471e-04,9.019607843137255054e-01,0.000000000000000000e+00
9.960602371072695832e-04,9.019607843137255054e-01,-3.921568627450980338e-02
9.960622371072130193e-04,8.627450980392157298e-01,7.843137254901960675e-02
9.960642371071564555e-04,9.019607843137255054e-01,-1.568627450980392135e-01
9.960662371070998916e-04,9.019607843137255054e-01,1.176470588235294101e-01
9.960682371070433277e-04,9.411764705882352811e-01,0.000000000000000000e+00
9.960702371069867639e-04,8.627450980392157298e-01,-3.921568627450980338e-02
9.960722371069302000e-04,9.019607843137255054e-01,7.843137254901960675e-02
9.960742371068736362e-04,9.019607843137255054e-01,-3.921568627450980338e-02
9.960762371068170723e-04,9.411764705882352811e-01,3.921568627450980338e-02
9.960782371067605084e-04,8.627450980392157298e-01,0.000000000000000000e+00
9.960802371067039446e-04,9.019607843137255054e-01,0.000000000000000000e+00
9.960822371066473807e-04,9.019607843137255054e-01,7.843137254901960675e-02
9.960842371065908168e-04,9.411764705882352811e-01,-7.843137254901960675e-02
9.960862371065342530e-04,8.235294117647058432e-01,7.843137254901960675e-02
9.960882371064776891e-04,9.019607843137255054e-01,0.000000000000000000e+00
9.960902371064211253e-04,9.019607843137255054e-01,7.843137254901960675e-02
9.960922371063645614e-04,9.411764705882352811e-01,3.921568627450980338e-02
9.960942371063079975e-04,8.235294117647058432e-01,-7.843137254901960675e-02
9.960962371062514337e-04,8.627450980392157298e-01,0.000000000000000000e+00
9.960982371061948698e-04,9.411764705882352811e-01,0.000000000000000000e+00
9.961002371061383059e-04,9.411764705882352811e-01,0.000000000000000000e+00
9.961022371060817421e-04,8.235294117647058432e-01,7.843137254901960675e-02
9.961042371060251782e-04,9.019607843137255054e-01,-1.568627450980392135e-01
9.961062371059686144e-04,9.019607843137255054e-01,1.176470588235294101e-01
9.961082371059120505e-04,9.411764705882352811e-01,0.000000000000000000e+00
9.961102371058554866e-04,8.627450980392157298e-01,-3.921568627450980338e-02
9.961122371057989228e-04,8.627450980392157298e-01,7.843137254901960675e-02
9.961142371057423589e-04,9.411764705882352811e-01,-3.921568627450980338e-02
9.961162371056857950e-04,9.411764705882352811e-01,7.843137254901960675e-02
9.961182371056292312e-04,8.235294117647058432e-01,-3.921568627450980338e-02
9.961202371055726673e-04,9.019607843137255054e-01,0.000000000000000000e+00
9.961222371055161035e-04,9.019607843137255054e-01,7.843137254901960675e-02
9.961242371054595396e-04,9.411764705882352811e-01,-7.843137254901960675e-02
9.961262371054029757e-04,8.235294117647058432e-01,3.921568627450980338e-02
9.961282371053464119e-04,9.019607843137255054e-01,0.000000000000000000e+00
9.961302371052898480e-04,8.627450980392157298e-01,0.000000000000000000e+00
9.961322371052332841e-04,9.411764705882352811e-01,3.921568627450980338e-02
9.961342371051767203e-04,8.627450980392157298e-01,-7.843137254901960675e-02
9.961362371051201564e-04,9.019607843137255054e-01,3.921568627450980338e-02
9.961382371050635925e-04,9.019607843137255054e-01,0.000000000000000000e+00
9.961402371050070287e-04,9.411764705882352811e-01,-3.921568627450980338e-02
9.961422371049504648e-04,8.235294117647058432e-01,1.176470588235294101e-01
9.961442371048939010e-04,8.627450980392157298e-01,-1.568627450980392135e-01
9.961462371048373371e-04,9.019607843137255054e-01,1.568627450980392135e-01
9.961482371047807732e-04,9.411764705882352811e-01,-3.921568627450980338e-02
9.961502371047242094e-04,8.235294117647058432e-01,-3.921568627450980338e-02
9.961522371046676455e-04,9.019607843137255054e-01,7.843137254901960675e-02
9.961542371046110816e-04,9.019607843137255054e-01,-3.921568627450980338e-02
9.961562371045545178e-04,9.411764705882352811e-01,3.921568627450980338e-02
9.961582371044979539e-04,8.627450980392157298e-01,-3.921568627450980338e-02
9.961602371044413901e-04,8.627450980392157298e-01,0.000000000000000000e+00
9.961622371043848262e-04,9.019607843137255054e-01,7.843137254901960675e-02
9.961642371043282623e-04,9.411764705882352811e-01,-3.921568627450980338e-02
9.961662371042716985e-04,8.235294117647058432e-01,7.843137254901960675e-02
9.961682371042151346e-04,9.019607843137255054e-01,0.000000000000000000e+00
9.961702371041585707e-04,9.019607843137255054e-01,3.921568627450980338e-02
9.961722371041020069e-04,9.411764705882352811e-01,3.921568627450980338e-02
9.961742371040454430e-04,8.235294117647058432e-01,-7.843137254901960675e-02
9.961762371039888792e-04,8.235294117647058432e-01,3.921568627450980338e-02
9.961782371039323153e-04,9.019607843137255054e-01,0.000000000000000000e+00
9.961802371038757514e-04,9.019607843137255054e-01,-3.921568627450980338e-02
9.961822371038191876e-04,8.627450980392157298e-01,1.176470588235294101e-01
9.961842371037626237e-04,9.019607843137255054e-01,-1.568627450980392135e-01
9.961862371037060598e-04,9.019607843137255054e-01,1.568627450980392135e-01
9.961882371036494960e-04,9.411764705882352811e-01,-3.921568627450980338e-02
9.961902371035929321e-04,8.627450980392157298e-01,0.000000000000000000e+00
9.961922371035363682e-04,8.627450980392157298e-01,7.843137254901960675e-02
9.961942371034798044e-04,8.627450980392157298e-01,-7.843137254901960675e-02
9.961962371034232405e-04,9.019607843137255054e-01,3.921568627450980338e-02
9.961982371033666767e-04,9.019607843137255054e-01,0.000000000000000000e+00
9.962002371033101128e-04,9.019607843137255054e-01,0.000000000000000000e+00
9.962022371032535489e-04,9.019607843137255054e-01,7.843137254901960675e-02
9.962042371031969851e-04,9.411764705882352811e-01,-3.921568627450980338e-02
9.962062371031404212e-04,8.627450980392157298e-01,3.921568627450980338e-02
9.962082371030838573e-04,9.019607843137255054e-01,0.000000000000000000e+00
9.962102371030272935e-04,9.019607843137255054e-01,0.000000000000000000e+00
9.962122371029707296e-04,9.019607843137255054e-01,7.843137254901960675e-02
9.962142371029141658e-04,8.627450980392157298e-01,-7.843137254901960675e-02
9.962162371028576019e-04,8.235294117647058432e-01,3.921568627450980338e-02
9.962182371028010380e-04,9.019607843137255054e-01,0.000000000000000000e+00
9.962202371027444742e-04,9.411764705882352811e-01,-3.921568627450980338e-02
9.962222371026879103e-04,8.627450980392157298e-01,7.843137254901960675e-02
9.962242371026313464e-04,9.019607843137255054e-01,-1.568627450980392135e-01
9.962262371025747826e-04,9.019607843137255054e-01,7.843137254901960675e-02
9.962282371025182187e-04,9.411764705882352811e-01,3.921568627450980338e-02
9.962302371024616549e-04,8.235294117647058432e-01,-3.921568627450980338e-02
9.962322371024050910e-04,9.019607843137255054e-01,1.176470588235294101e-01
9.962342371023485271e-04,9.019607843137255054e-01,-3.921568627450980338e-02
9.962362371022919633e-04,9.411764705882352811e-01,3.921568627450980338e-02
9.962382371022353994e-04,8.627450980392157298e-01,0.000000000000000000e+00
9.962402371021788355e-04,8.235294117647058432e-01,-3.921568627450980338e-02
9.962422371021222717e-04,9.019607843137255054e-01,1.176470588235294101e-01
9.962442371020657078e-04,9.411764705882352811e-01,-7.843137254901960675e-02
9.962462371020091439e-04,8.235294117647058432e-01,3.921568627450980338e-02
9.962482371019525801e-04,8.235294117647058432e-01,0.000000000000000000e+00
9.962502371018960162e-04,9.019607843137255054e-01,3.921568627450980338e-02
9.962522371018394524e-04,9.019607843137255054e-01,7.843137254901960675e-02
9.962542371017828885e-04,8.627450980392157298e-01,-7.843137254901960675e-02
9.962562371017263246e-04,9.019607843137255054e-01,7.843137254901960675e-02
9.962582371016697608e-04,9.019607843137255054e-01,0.000000000000000000e+00
9.962602371016131969e-04,9.411764705882352811e-01,0.000000000000000000e+00
9.962622371015566330e-04,8.627450980392157298e-01,7.843137254901960675e-02
9.962642371015000692e-04,9.019607843137255054e-01,0.000000000000000000e+00
9.962662371014435053e-04,9.019607843137255054e-01,1.568627450980392135e-01
9.962682371013869415e-04,9.411764705882352811e-01,0.000000000000000000e+00
9.962702371013303776e-04,8.627450980392157298e-01,-3.921568627450980338e-02
9.962722371012738137e-04,8.627450980392157298e-01,7.843137254901960675e-02
9.962742371012172499e-04,9.411764705882352811e-01,-3.921568627450980338e-02
9.962762371011606860e-04,9.411764705882352811e-01,7.843137254901960675e-02
9.962782371011041221e-04,8.235294117647058432e-01,0.000000000000000000e+00
9.962802371010475583e-04,8.627450980392157298e-01,0.000000000000000000e+00
9.962822371009909944e-04,9.019607843137255054e-01,7.843137254901960675e-02
9.962842371009344306e-04,9.411764705882352811e-01,-7.843137254901960675e-02
9.962862371008778667e-04,8.627450980392157298e-01,3.921568627450980338e-02
9.962882371008213028e-04,9.019607843137255054e-01,0.000000000000000000e+00
9.962902371007647390e-04,9.019607843137255054e-01,7.843137254901960675e-02
9.962922371007081751e-04,9.411764705882352811e-01,3.921568627450980338e-02
9.962942371006516112e-04,8.627450980392157298e-01,-3.921568627450980338e-02
9.962962371005950474e-04,8.627450980392157298e-01,7.843137254901960675e-02
9.962982371005384835e-04,9.019607843137255054e-01,3.921568627450980338e-02
9.963002371004819196e-04,9.411764705882352811e-01,-3.921568627450980338e-02
9.963022371004253558e-04,8.627450980392157298e-01,7.843137254901960675e-02
9.963042371003687919e-04,9.019607843137255054e-01,-1.568627450980392135e-01
9.963062371003122281e-04,9.019607843137255054e-01,1.568627450980392135e-01
9.963082371002556642e-04,9.411764705882352811e-01,0.000000000000000000e+00
9.963102371001991003e-04,8.235294117647058432e-01,0.000000000000000000e+00
9.963122371001425365e-04,9.019607843137255054e-01,7.843137254901960675e-02
9.963142371000859726e-04,9.019607843137255054e-01,-3.921568627450980338e-02
9.963162371000294087e-04,9.411764705882352811e-01,3.921568627450980338e-02
9.963182370999728449e-04,8.235294117647058432e-01,-3.921568627450980338e-02
9.963202370999162810e-04,8.627450980392157298e-01,3.921568627450980338e-02
9.963222370998597172e-04,9.019607843137255054e-01,1.176470588235294101e-01
9.963242370998031533e-04,9.411764705882352811e-01,-7.843137254901960675e-02
9.963262370997465894e-04,8.235294117647058432e-01,3.921568627450980338e-02
9.963282370996900256e-04,9.019607843137255054e-01,0.000000000000000000e+00
9.963302370996334617e-04,9.019607843137255054e-01,3.921568627450980338e-02
9.963322370995768978e-04,9.019607843137255054e-01,3.921568627450980338e-02
9.963342370995203340e-04,8.627450980392157298e-01,-3.921568627450980338e-02
9.963362370994637701e-04,8.235294117647058432e-01,3.921568627450980338e-02
9.963382370994072063e-04,9.019607843137255054e-01,0.000000000000000000e+00
9.963402370993506424e-04,9.411764705882352811e-01,-3.921568627450980338e-02
9.963422370992940785e-04,8.627450980392157298e-01,1.176470588235294101e-01
9.963442370992375147e-04,8.627450980392157298e-01,-1.568627450980392135e-01
9.963462370991809508e-04,9.019607843137255054e-01,7.843137254901960675e-02
9.963482370991243869e-04,9.411764705882352811e-01,0.000000000000000000e+00
9.963502370990678231e-04,8.235294117647058432e-01,0.000000000000000000e+00
9.963522370990112592e-04,8.627450980392157298e-01,7.843137254901960675e-02
9.963542370989546954e-04,9.019607843137255054e-01,-3.921568627450980338e-02
9.963562370988981315e-04,9.411764705882352811e-01,0.000000000000000000e+00
9.963582370988415676e-04,8.627450980392157298e-01,0.000000000000000000e+00
9.963602370987850038e-04,9.019607843137255054e-01,0.000000000000000000e+00
9.963622370987284399e-04,9.019607843137255054e-01,7.843137254901960675e-02
9.963642370986718760e-04,9.411764705882352811e-01,-3.921568627450980338e-02
9.963662370986153122e-04,8.627450980392157298e-01,3.921568627450980338e-02
9.963682370985587483e-04,9.019607843137255054e-01,0.000000000000000000e+00
9.963702370985021844e-04,9.019607843137255054e-01,7.843137254901960675e-02
9.963722370984456206e-04,9.411764705882352811e-01,3.921568627450980338e-02
9.963742370983890567e-04,8.627450980392157298e-01,-7.843137254901960675e-02
9.963762370983324929e-04,9.411764705882352811e-01,3.921568627450980338e-02
9.963782370982759290e-04,9.019607843137255054e-01,0.000000000000000000e+00
9.963802370982193651e-04,9.411764705882352811e-01,-3.921568627450980338e-02
9.963822370981628013e-04,8.627450980392157298e-01,7.843137254901960675e-02
9.963842370981062374e-04,9.019607843137255054e-01,-1.568627450980392135e-01
9.963862370980496735e-04,9.019607843137255054e-01,7.843137254901960675e-02
9.963882370979931097e-04,9.411764705882352811e-01,3.921568627450980338e-02
9.963902370979365458e-04,8.627450980392157298e-01,0.000000000000000000e+00
9.963922370978799820e-04,8.235294117647058432e-01,7.843137254901960675e-02
9.963942370978234181e-04,9.411764705882352811e-01,-7.843137254901960675e-02
9.963962370977668542e-04,9.411764705882352811e-01,7.843137254901960675e-02
9.963982370977102904e-04,8.627450980392157298e-01,0.000000000000000000e+00
9.964002370976537265e-04,9.019607843137255054e-01,0.000000000000000000e+00
9.964022370975971626e-04,8.627450980392157298e-01,3.921568627450980338e-02
9.964042370975405988e-04,9.019607843137255054e-01,-7.843137254901960675e-02
9.964062370974840349e-04,8.627450980392157298e-01,3.921568627450980338e-02
9.964082370974274711e-04,9.019607843137255054e-01,0.000000000000000000e+00
9.964102370973709072e-04,9.411764705882352811e-01,3.921568627450980338e-02
9.964122370973143433e-04,9.411764705882352811e-01,7.843137254901960675e-02
9.964142370972577795e-04,9.019607843137255054e-01,-7.843137254901960675e-02
9.964162370972012156e-04,9.019607843137255054e-01,3.921568627450980338e-02
9.964182370971446517e-04,9.411764705882352811e-01,0.000000000000000000e+00
9.964202370970880879e-04,9.411764705882352811e-01,0.000000000000000000e+00
9.964222370970315240e-04,8.627450980392157298e-01,7.843137254901960675e-02
9.964242370969749601e-04,9.019607843137255054e-01,-3.921568627450980338e-02
9.964262370969183963e-04,9.019607843137255054e-01,1.176470588235294101e-01
9.964282370968618324e-04,9.411764705882352811e-01,3.921568627450980338e-02
9.964302370968052686e-04,8.235294117647058432e-01,-3.921568627450980338e-02
9.964322370967487047e-04,9.019607843137255054e-01,7.843137254901960675e-02
9.964342370966921408e-04,9.019607843137255054e-01,-3.921568627450980338e-02
9.964362370966355770e-04,9.411764705882352811e-01,3.921568627450980338e-02
9.964382370965790131e-04,8.627450980392157298e-01,0.000000000000000000e+00
9.964402370965224492e-04,8.627450980392157298e-01,3.921568627450980338e-02
9.964422370964658854e-04,8.627450980392157298e-01,1.176470588235294101e-01
9.964442370964093215e-04,9.411764705882352811e-01,-7.843137254901960675e-02
9.964462370963527577e-04,8.235294117647058432e-01,3.921568627450980338e-02
9.964482370962961938e-04,9.019607843137255054e-01,0.000000000000000000e+00
9.964502370962396299e-04,9.019607843137255054e-01,3.921568627450980338e-02
9.964522370961830661e-04,9.411764705882352811e-01,7.843137254901960675e-02
9.964542370961265022e-04,8.627450980392157298e-01,-7.843137254901960675e-02
9.964562370960699383e-04,9.019607843137255054e-01,7.843137254901960675e-02
9.964582370960133745e-04,9.019607843137255054e-01,0.000000000000000000e+00
9.964602370959568106e-04,9.411764705882352811e-01,0.000000000000000000e+00
9.964622370959002468e-04,8.235294117647058432e-01,7.843137254901960675e-02
9.964642370958436829e-04,9.019607843137255054e-01,-7.843137254901960675e-02
9.964662370957871190e-04,9.019607843137255054e-01,1.568627450980392135e-01
9.964682370957305552e-04,9.411764705882352811e-01,0.000000000000000000e+00
9.964702370956739913e-04,8.235294117647058432e-01,-3.921568627450980338e-02
9.964722370956174274e-04,8.235294117647058432e-01,7.843137254901960675e-02
9.964742370955608636e-04,9.019607843137255054e-01,0.000000000000000000e+00
9.964762370955042997e-04,9.411764705882352811e-01,7.843137254901960675e-02
9.964782370954477358e-04,8.627450980392157298e-01,0.000000000000000000e+00
9.964802370953911720e-04,8.627450980392157298e-01,0.000000000000000000e+00
9.964822370953346081e-04,8.627450980392157298e-01,7.843137254901960675e-02
9.964842370952780443e-04,9.411764705882352811e-01,-3.921568627450980338e-02
9.964862370952214804e-04,8.627450980392157298e-01,0.000000000000000000e+00
9.964882370951649165e-04,8.627450980392157298e-01,0.000000000000000000e+00
9.964902370951083527e-04,9.019607843137255054e-01,7.843137254901960675e-02
9.964922370950517888e-04,9.019607843137255054e-01,7.843137254901960675e-02
9.964942370949952249e-04,8.627450980392157298e-01,-7.843137254901960675e-02
9.964962370949386611e-04,8.627450980392157298e-01,7.843137254901960675e-02
9.964982370948820972e-04,9.019607843137255054e-01,0.000000000000000000e+00
9.965002370948255334e-04,9.411764705882352811e-01,-3.921568627450980338e-02
9.965022370947689695e-04,8.235294117647058432e-01,3.921568627450980338e-02
9.965042370947124056e-04,8.627450980392157298e-01,-1.568627450980392135e-01
9.965062370946558418e-04,8.627450980392157298e-01,1.176470588235294101e-01
9.965082370945992779e-04,9.411764705882352811e-01,0.000000000000000000e+00
9.965102370945427140e-04,8.627450980392157298e-01,-3.921568627450980338e-02
9.965122370944861502e-04,9.019607843137255054e-01,7.843137254901960675e-02
9.965142370944295863e-04,9.411764705882352811e-01,0.000000000000000000e+00
9.965162370943730225e-04,9.411764705882352811e-01,3.921568627450980338e-02
9.965182370943164586e-04,8.235294117647058432e-01,0.000000000000000000e+00
9.965202370942598947e-04,9.019607843137255054e-01,3.921568627450980338e-02
9.965222370942033309e-04,9.411764705882352811e-01,7.843137254901960675e-02
9.965242370941467670e-04,9.411764705882352811e-01,-7.843137254901960675e-02
9.965262370940902031e-04,8.235294117647058432e-01,3.921568627450980338e-02
9.965282370940336393e-04,8.235294117647058432e-01,0.000000000000000000e+00
9.965302370939770754e-04,9.019607843137255054e-01,3.921568627450980338e-02
9.965322370939205116e-04,9.411764705882352811e-01,7.843137254901960675e-02
9.965342370938639477e-04,8.627450980392157298e-01,-3.921568627450980338e-02
9.965362370938073838e-04,9.019607843137255054e-01,7.843137254901960675e-02
9.965382370937508200e-04,8.627450980392157298e-01,0.000000000000000000e+00
9.965402370936942561e-04,9.803921568627450567e-01,-3.921568627450980338e-02
9.965422370936376922e-04,8.235294117647058432e-01,7.843137254901960675e-02
9.965442370935811284e-04,9.019607843137255054e-01,-7.843137254901960675e-02
9.965462370935245645e-04,9.019607843137255054e-01,1.176470588235294101e-01
9.965482370934680006e-04,9.411764705882352811e-01,-3.921568627450980338e-02
9.965502370934114368e-04,8.235294117647058432e-01,-3.921568627450980338e-02
9.965522370933548729e-04,8.627450980392157298e-01,7.843137254901960675e-02
9.965542370932983091e-04,8.627450980392157298e-01,-3.921568627450980338e-02
9.965562370932417452e-04,9.411764705882352811e-01,3.921568627450980338e-02
9.965582370931851813e-04,8.627450980392157298e-01,0.000000000000000000e+00
9.965602370931286175e-04,9.019607843137255054e-01,0.000000000000000000e+00
9.965622370930720536e-04,9.019607843137255054e-01,7.843137254901960675e-02
9.965642370930154897e-04,9.411764705882352811e-01,-3.921568627450980338e-02
9.965662370929589259e-04,8.235294117647058432e-01,7.843137254901960675e-02
9.965682370929023620e-04,8.235294117647058432e-01,0.000000000000000000e+00
9.965702370928457982e-04,9.019607843137255054e-01,3.921568627450980338e-02
9.965722370927892343e-04,9.411764705882352811e-01,3.921568627450980338e-02
9.965742370927326704e-04,8.627450980392157298e-01,-3.921568627450980338e-02
9.965762370926761066e-04,8.235294117647058432e-01,3.921568627450980338e-02
9.965782370926195427e-04,9.019607843137255054e-01,0.000000000000000000e+00
9.965802370925629788e-04,9.411764705882352811e-01,0.000000000000000000e+00
9.965822370925064150e-04,8.235294117647058432e-01,7.843137254901960675e-02
9.965842370924498511e-04,9.019607843137255054e-01,-1.568627450980392135e-01
9.965862370923932873e-04,9.019607843137255054e-01,1.176470588235294101e-01
9.965882370923367234e-04,9.411764705882352811e-01,-3.921568627450980338e-02
9.965902370922801595e-04,8.235294117647058432e-01,0.000000000000000000e+00
9.965922370922235957e-04,8.627450980392157298e-01,7.843137254901960675e-02
9.965942370921670318e-04,9.019607843137255054e-01,-3.921568627450980338e-02
9.965962370921104679e-04,9.411764705882352811e-01,3.921568627450980338e-02
9.965982370920539041e-04,8.627450980392157298e-01,0.000000000000000000e+00
9.966002370919973402e-04,9.019607843137255054e-01,0.000000000000000000e+00
9.966022370919407763e-04,9.019607843137255054e-01,3.921568627450980338e-02
9.966042370918842125e-04,9.411764705882352811e-01,-7.843137254901960675e-02
9.966062370918276486e-04,8.235294117647058432e-01,3.921568627450980338e-02
9.966082370917710848e-04,8.627450980392157298e-01,0.000000000000000000e+00
9.966102370917145209e-04,9.019607843137255054e-01,3.921568627450980338e-02
9.966122370916579570e-04,9.411764705882352811e-01,3.921568627450980338e-02
9.966142370916013932e-04,8.627450980392157298e-01,-7.843137254901960675e-02
9.966162370915448293e-04,9.019607843137255054e-01,3.921568627450980338e-02
9.966182370914882654e-04,9.019607843137255054e-01,3.921568627450980338e-02
9.966202370914317016e-04,9.411764705882352811e-01,-3.921568627450980338e-02
9.966222370913751377e-04,8.235294117647058432e-01,3.921568627450980338e-02
9.966242370913185739e-04,9.019607843137255054e-01,-1.568627450980392135e-01
9.966262370912620100e-04,9.019607843137255054e-01,7.843137254901960675e-02
9.966282370912054461e-04,9.411764705882352811e-01,0.000000000000000000e+00
9.966302370911488823e-04,8.627450980392157298e-01,-7.843137254901960675e-02
9.966322370910923184e-04,8.235294117647058432e-01,7.843137254901960675e-02
9.966342370910357545e-04,9.019607843137255054e-01,-3.921568627450980338e-02
9.966362370909791907e-04,9.411764705882352811e-01,7.843137254901960675e-02
9.966382370909226268e-04,8.235294117647058432e-01,0.000000000000000000e+00
9.966402370908660630e-04,9.019607843137255054e-01,0.000000000000000000e+00
9.966422370908094991e-04,8.627450980392157298e-01,3.921568627450980338e-02
9.966442370907529352e-04,9.411764705882352811e-01,-7.843137254901960675e-02
9.966462370906963714e-04,8.235294117647058432e-01,3.921568627450980338e-02
9.966482370906398075e-04,9.019607843137255054e-01,0.000000000000000000e+00
9.966502370905832436e-04,8.627450980392157298e-01,7.843137254901960675e-02
9.966522370905266798e-04,9.411764705882352811e-01,3.921568627450980338e-02
9.966542370904701159e-04,8.627450980392157298e-01,-7.843137254901960675e-02
9.966562370904135520e-04,8.235294117647058432e-01,3.921568627450980338e-02
9.966582370903569882e-04,8.627450980392157298e-01,3.921568627450980338e-02
9.966602370903004243e-04,9.411764705882352811e-01,0.000000000000000000e+00
9.966622370902438605e-04,8.627450980392157298e-01,7.843137254901960675e-02
9.966642370901872966e-04,9.019607843137255054e-01,-1.568627450980392135e-01
9.966662370901307327e-04,9.019607843137255054e-01,1.568627450980392135e-01
9.966682370900741689e-04,9.411764705882352811e-01,0.000000000000000000e+00
9.966702370900176050e-04,8.627450980392157298e-01,0.000000000000000000e+00
9.966722370899610411e-04,9.019607843137255054e-01,7.843137254901960675e-02
9.966742370899044773e-04,9.411764705882352811e-01,-3.921568627450980338e-02
9.966762370898479134e-04,9.411764705882352811e-01,3.921568627450980338e-02
9.966782370897913496e-04,8.235294117647058432e-01,0.000000000000000000e+00
9.966802370897347857e-04,9.019607843137255054e-01,3.921568627450980338e-02
9.966822370896782218e-04,9.019607843137255054e-01,7.843137254901960675e-02
9.966842370896216580e-04,9.411764705882352811e-01,-7.843137254901960675e-02
9.966862370895650941e-04,8.627450980392157298e-01,3.921568627450980338e-02
9.966882370895085302e-04,9.019607843137255054e-01,0.000000000000000000e+00
9.966902370894519664e-04,9.019607843137255054e-01,7.843137254901960675e-02
9.966922370893954025e-04,9.019607843137255054e-01,3.921568627450980338e-02
9.966942370893388387e-04,8.627450980392157298e-01,-7.843137254901960675e-02
9.966962370892822748e-04,9.019607843137255054e-01,3.921568627450980338e-02
9.966982370892257109e-04,9.019607843137255054e-01,0.000000000000000000e+00
9.967002370891691471e-04,9.411764705882352811e-01,-3.921568627450980338e-02
9.967022370891125832e-04,8.235294117647058432e-01,7.843137254901960675e-02
9.967042370890560193e-04,8.627450980392157298e-01,-7.843137254901960675e-02
9.967062370889994555e-04,9.019607843137255054e-01,7.843137254901960675e-02
9.967082370889428916e-04,9.411764705882352811e-01,0.000000000000000000e+00
9.967102370888863277e-04,8.627450980392157298e-01,0.000000000000000000e+00
9.967122370888297639e-04,9.019607843137255054e-01,7.843137254901960675e-02
9.967142370887732000e-04,9.411764705882352811e-01,-7.843137254901960675e-02
9.967162370887166362e-04,9.411764705882352811e-01,7.843137254901960675e-02
9.967182370886600723e-04,8.235294117647058432e-01,0.000000000000000000e+00
9.967202370886035084e-04,8.627450980392157298e-01,0.000000000000000000e+00
9.967222370885469446e-04,9.019607843137255054e-01,1.176470588235294101e-01
9.967242370884903807e-04,9.411764705882352811e-01,-7.843137254901960675e-02
9.967262370884338168e-04,8.627450980392157298e-01,3.921568627450980338e-02
9.967282370883772530e-04,8.627450980392157298e-01,0.000000000000000000e+00
9.967302370883206891e-04,9.019607843137255054e-01,3.921568627450980338e-02
9.967322370882641253e-04,9.411764705882352811e-01,3.921568627450980338e-02
9.967342370882075614e-04,8.627450980392157298e-01,-7.843137254901960675e-02
9.967362370881509975e-04,9.019607843137255054e-01,3.921568627450980338e-02
9.967382370880944337e-04,9.019607843137255054e-01,3.921568627450980338e-02
9.967402370880378698e-04,9.411764705882352811e-01,0.000000000000000000e+00
9.967422370879813059e-04,8.235294117647058432e-01,7.843137254901960675e-02
9.967442370879247421e-04,9.019607843137255054e-01,-1.568627450980392135e-01
9.967462370878681782e-04,9.019607843137255054e-01,7.843137254901960675e-02
9.967482370878116144e-04,9.411764705882352811e-01,3.921568627450980338e-02
9.967502370877550505e-04,8.235294117647058432e-01,-7.843137254901960675e-02
9.967522370876984866e-04,8.627450980392157298e-01,7.843137254901960675e-02
9.967542370876419228e-04,9.019607843137255054e-01,-7.843137254901960675e-02
9.967562370875853589e-04,9.411764705882352811e-01,3.921568627450980338e-02
9.967582370875287950e-04,8.627450980392157298e-01,0.000000000000000000e+00
9.967602370874722312e-04,9.019607843137255054e-01,0.000000000000000000e+00
9.967622370874156673e-04,9.019607843137255054e-01,1.176470588235294101e-01
9.967642370873591035e-04,9.411764705882352811e-01,-7.843137254901960675e-02
9.967662370873025396e-04,8.627450980392157298e-01,7.843137254901960675e-02
9.967682370872459757e-04,9.019607843137255054e-01,3.921568627450980338e-02
9.967702370871894119e-04,9.019607843137255054e-01,7.843137254901960675e-02
9.967722370871328480e-04,9.411764705882352811e-01,3.921568627450980338e-02
9.967742370870762841e-04,8.627450980392157298e-01,-7.843137254901960675e-02
9.967762370870197203e-04,8.627450980392157298e-01,3.921568627450980338e-02
9.967782370869631564e-04,9.019607843137255054e-01,0.000000000000000000e+00
9.967802370869065925e-04,9.411764705882352811e-01,0.000000000000000000e+00
9.967822370868500287e-04,8.627450980392157298e-01,7.843137254901960675e-02
9.967842370867934648e-04,9.019607843137255054e-01,-7.843137254901960675e-02
9.967862370867369010e-04,9.019607843137255054e-01,1.568627450980392135e-01
9.967882370866803371e-04,9.019607843137255054e-01,3.921568627450980338e-02
9.967902370866237732e-04,8.235294117647058432e-01,-3.921568627450980338e-02
9.967922370865672094e-04,8.627450980392157298e-01,7.843137254901960675e-02
9.967942370865106455e-04,9.019607843137255054e-01,0.000000000000000000e+00
9.967962370864540816e-04,9.411764705882352811e-01,3.921568627450980338e-02
9.967982370863975178e-04,8.627450980392157298e-01,0.000000000000000000e+00
9.968002370863409539e-04,8.235294117647058432e-01,0.000000000000000000e+00
9.968022370862843901e-04,9.019607843137255054e-01,7.843137254901960675e-02
9.968042370862278262e-04,9.019607843137255054e-01,-7.843137254901960675e-02
9.968062370861712623e-04,8.235294117647058432e-01,7.843137254901960675e-02
9.968082370861146985e-04,8.235294117647058432e-01,3.921568627450980338e-02
9.968102370860581346e-04,9.019607843137255054e-01,3.921568627450980338e-02
9.968122370860015707e-04,9.411764705882352811e-01,3.921568627450980338e-02
9.968142370859450069e-04,8.627450980392157298e-01,-7.843137254901960675e-02
9.968162370858884430e-04,8.627450980392157298e-01,3.921568627450980338e-02
9.968182370858318792e-04,9.019607843137255054e-01,0.000000000000000000e+00
9.968202370857753153e-04,9.411764705882352811e-01,-3.921568627450980338e-02
9.968222370857187514e-04,8.627450980392157298e-01,7.843137254901960675e-02
9.968242370856621876e-04,9.019607843137255054e-01,-1.568627450980392135e-01
9.968262370856056237e-04,8.627450980392157298e-01,1.176470588235294101e-01
9.968282370855490598e-04,9.411764705882352811e-01,-3.921568627450980338e-02
9.968302370854924960e-04,9.019607843137255054e-01,0.000000000000000000e+00
9.968322370854359321e-04,9.019607843137255054e-01,7.843137254901960675e-02
9.968342370853793682e-04,9.019607843137255054e-01,-3.921568627450980338e-02
9.968362370853228044e-04,9.411764705882352811e-01,3.921568627450980338e-02
9.968382370852662405e-04,8.627450980392157298e-01,0.000000000000000000e+00
9.968402370852096767e-04,8.235294117647058432e-01,0.000000000000000000e+00
9.968422370851531128e-04,8.627450980392157298e-01,7.843137254901960675e-02
9.968442370850965489e-04,9.411764705882352811e-01,-7.843137254901960675e-02
9.968462370850399851e-04,8.235294117647058432e-01,7.843137254901960675e-02
9.968482370849834212e-04,9.019607843137255054e-01,0.000000000000000000e+00
9.968502370849268573e-04,9.019607843137255054e-01,3.921568627450980338e-02
9.968522370848702935e-04,9.019607843137255054e-01,3.921568627450980338e-02
9.968542370848137296e-04,8.627450980392157298e-01,-7.843137254901960675e-02
9.968562370847571658e-04,9.019607843137255054e-01,3.921568627450980338e-02
9.968582370847006019e-04,9.019607843137255054e-01,0.000000000000000000e+00
9.968602370846440380e-04,9.411764705882352811e-01,-3.921568627450980338e-02
9.968622370845874742e-04,8.627450980392157298e-01,7.843137254901960675e-02
9.968642370845309103e-04,9.019607843137255054e-01,-7.843137254901960675e-02
9.968662370844743464e-04,9.019607843137255054e-01,7.843137254901960675e-02
9.968682370844177826e-04,9.411764705882352811e-01,3.921568627450980338e-02
9.968702370843612187e-04,8.627450980392157298e-01,-3.921568627450980338e-02
9.968722370843046549e-04,8.627450980392157298e-01,7.843137254901960675e-02
9.968742370842480910e-04,8.627450980392157298e-01,-3.921568627450980338e-02
9.968762370841915271e-04,9.411764705882352811e-01,0.000000000000000000e+00
9.968782370841349633e-04,8.235294117647058432e-01,0.000000000000000000e+00
9.968802370840783994e-04,9.019607843137255054e-01,0.000000000000000000e+00
9.968822370840218355e-04,9.019607843137255054e-01,7.843137254901960675e-02
9.968842370839652717e-04,9.411764705882352811e-01,-7.843137254901960675e-02
9.968862370839087078e-04,8.627450980392157298e-01,3.921568627450980338e-02
9.968882370838521439e-04,8.627450980392157298e-01,3.921568627450980338e-02
9.968902370837955801e-04,9.019607843137255054e-01,3.921568627450980338e-02
9.968922370837390162e-04,9.411764705882352811e-01,7.843137254901960675e-02
9.968942370836824524e-04,8.627450980392157298e-01,-7.843137254901960675e-02
9.968962370836258885e-04,8.627450980392157298e-01,3.921568627450980338e-02
9.968982370835693246e-04,9.411764705882352811e-01,0.000000000000000000e+00
9.969002370835127608e-04,9.411764705882352811e-01,-7.843137254901960675e-02
9.969022370834561969e-04,8.627450980392157298e-01,7.843137254901960675e-02
9.969042370833996330e-04,9.019607843137255054e-01,-1.568627450980392135e-01
9.969062370833430692e-04,9.019607843137255054e-01,1.568627450980392135e-01
9.969082370832865053e-04,9.411764705882352811e-01,-3.921568627450980338e-02
9.969102370832299415e-04,8.627450980392157298e-01,-3.921568627450980338e-02
9.969122370831733776e-04,9.019607843137255054e-01,3.921568627450980338e-02
9.969142370831168137e-04,9.019607843137255054e-01,-3.921568627450980338e-02
9.969162370830602499e-04,9.411764705882352811e-01,7.843137254901960675e-02
9.969182370830036860e-04,8.627450980392157298e-01,0.000000000000000000e+00
9.969202370829471221e-04,8.235294117647058432e-01,0.000000000000000000e+00
9.969222370828905583e-04,9.019607843137255054e-01,7.843137254901960675e-02
9.969242370828339944e-04,9.411764705882352811e-01,-7.843137254901960675e-02
9.969262370827774306e-04,8.235294117647058432e-01,0.000000000000000000e+00
9.969282370827208667e-04,8.627450980392157298e-01,0.000000000000000000e+00
9.969302370826643028e-04,8.627450980392157298e-01,0.000000000000000000e+00
9.969322370826077390e-04,9.411764705882352811e-01,7.843137254901960675e-02
9.969342370825511751e-04,8.235294117647058432e-01,-3.921568627450980338e-02
9.969362370824946112e-04,8.627450980392157298e-01,7.843137254901960675e-02
9.969382370824380474e-04,9.019607843137255054e-01,0.000000000000000000e+00
9.969402370823814835e-04,9.411764705882352811e-01,-3.921568627450980338e-02
9.969422370823249197e-04,8.235294117647058432e-01,7.843137254901960675e-02
9.969442370822683558e-04,9.019607843137255054e-01,-1.568627450980392135e-01
9.969462370822117919e-04,9.019607843137255054e-01,1.568627450980392135e-01
9.969482370821552281e-04,9.411764705882352811e-01,-3.921568627450980338e-02
9.969502370820986642e-04,8.627450980392157298e-01,0.000000000000000000e+00
9.969522370820421003e-04,8.627450980392157298e-01,7.843137254901960675e-02
9.969542370819855365e-04,9.019607843137255054e-01,-7.843137254901960675e-02
9.969562370819289726e-04,9.411764705882352811e-01,7.843137254901960675e-02
9.969582370818724087e-04,9.019607843137255054e-01,0.000000000000000000e+00
9.969602370818158449e-04,9.019607843137255054e-01,3.921568627450980338e-02
9.969622370817592810e-04,9.019607843137255054e-01,7.843137254901960675e-02
9.969642370817027172e-04,9.411764705882352811e-01,-7.843137254901960675e-02
9.969662370816461533e-04,8.235294117647058432e-01,0.000000000000000000e+00
9.969682370815895894e-04,8.627450980392157298e-01,0.000000000000000000e+00
9.969702370815330256e-04,9.019607843137255054e-01,3.921568627450980338e-02
9.969722370814764617e-04,9.411764705882352811e-01,3.921568627450980338e-02
9.969742370814198978e-04,8.627450980392157298e-01,-7.843137254901960675e-02
9.969762370813633340e-04,8.627450980392157298e-01,1.176470588235294101e-01
9.969782370813067701e-04,8.627450980392157298e-01,0.000000000000000000e+00
9.969802370812502063e-04,9.411764705882352811e-01,-3.921568627450980338e-02
9.969822370811936424e-04,8.627450980392157298e-01,7.843137254901960675e-02
9.969842370811370785e-04,8.627450980392157298e-01,-1.568627450980392135e-01
9.969862370810805147e-04,9.019607843137255054e-01,7.843137254901960675e-02
9.969882370810239508e-04,9.019607843137255054e-01,3.921568627450980338e-02
9.969902370809673869e-04,8.627450980392157298e-01,-3.921568627450980338e-02
9.969922370809108231e-04,8.627450980392157298e-01,3.921568627450980338e-02
9.969942370808542592e-04,9.411764705882352811e-01,-3.921568627450980338e-02
9.969962370807976954e-04,9.411764705882352811e-01,7.843137254901960675e-02
9.969982370807411315e-04,8.627450980392157298e-01,0.000000000000000000e+00
9.970002370806845676e-04,9.019607843137255054e-01,0.000000000000000000e+00
9.970022370806280038e-04,9.019607843137255054e-01,7.843137254901960675e-02
9.970042370805714399e-04,9.411764705882352811e-01,-7.843137254901960675e-02
9.970062370805148760e-04,8.627450980392157298e-01,3.921568627450980338e-02
9.970082370804583122e-04,9.019607843137255054e-01,0.000000000000000000e+00
9.970102370804017483e-04,9.019607843137255054e-01,7.843137254901960675e-02
9.970122370803451844e-04,9.411764705882352811e-01,3.921568627450980338e-02
9.970142370802886206e-04,8.627450980392157298e-01,-3.921568627450980338e-02
9.970162370802320567e-04,8.627450980392157298e-01,3.921568627450980338e-02
9.970182370801754929e-04,9.019607843137255054e-01,0.000000000000000000e+00
9.970202370801189290e-04,9.411764705882352811e-01,0.000000000000000000e+00
9.970222370800623651e-04,8.627450980392157298e-01,7.843137254901960675e-02
9.970242370800058013e-04,8.627450980392157298e-01,-1.568627450980392135e-01
9.970262370799492374e-04,9.019607843137255054e-01,1.568627450980392135e-01
9.970282370798926735e-04,9.411764705882352811e-01,-3.921568627450980338e-02
9.970302370798361097e-04,8.235294117647058432e-01,-3.921568627450980338e-02
9.970322370797795458e-04,8.627450980392157298e-01,7.843137254901960675e-02
9.970342370797229820e-04,9.019607843137255054e-01,-3.921568627450980338e-02
9.970362370796664181e-04,9.411764705882352811e-01,3.921568627450980338e-02
9.970382370796098542e-04,8.235294117647058432e-01,0.000000000000000000e+00
9.970402370795532904e-04,9.019607843137255054e-01,3.921568627450980338e-02
9.970422370794967265e-04,9.019607843137255054e-01,1.176470588235294101e-01
9.970442370794401626e-04,9.411764705882352811e-01,-7.843137254901960675e-02
9.970462370793835988e-04,8.627450980392157298e-01,3.921568627450980338e-02
9.970482370793270349e-04,9.019607843137255054e-01,0.000000000000000000e+00
9.970502370792704711e-04,9.019607843137255054e-01,0.000000000000000000e+00
9.970522370792139072e-04,9.019607843137255054e-01,3.921568627450980338e-02
9.970542370791573433e-04,8.627450980392157298e-01,-3.921568627450980338e-02
9.970562370791007795e-04,8.627450980392157298e-01,3.921568627450980338e-02
9.970582370790442156e-04,9.019607843137255054e-01,0.000000000000000000e+00
9.970602370789876517e-04,9.411764705882352811e-01,-3.921568627450980338e-02
9.970622370789310879e-04,8.235294117647058432e-01,7.843137254901960675e-02
9.970642370788745240e-04,9.019607843137255054e-01,-1.568627450980392135e-01
9.970662370788179601e-04,8.627450980392157298e-01,7.843137254901960675e-02
9.970682370787613963e-04,9.411764705882352811e-01,0.000000000000000000e+00
9.970702370787048324e-04,8.627450980392157298e-01,0.000000000000000000e+00
9.970722370786482686e-04,9.411764705882352811e-01,7.843137254901960675e-02
9.970742370785917047e-04,9.411764705882352811e-01,-3.921568627450980338e-02
9.970762370785351408e-04,9.411764705882352811e-01,3.921568627450980338e-02
9.970782370784785770e-04,8.627450980392157298e-01,0.000000000000000000e+00
9.970802370784220131e-04,8.627450980392157298e-01,0.000000000000000000e+00
9.970822370783654492e-04,9.019607843137255054e-01,1.176470588235294101e-01
9.970842370783088854e-04,9.411764705882352811e-01,-7.843137254901960675e-02
9.970862370782523215e-04,8.627450980392157298e-01,3.921568627450980338e-02
9.970882370781957577e-04,8.627450980392157298e-01,0.000000000000000000e+00
9.970902370781391938e-04,8.627450980392157298e-01,7.843137254901960675e-02
9.970922370780826299e-04,9.411764705882352811e-01,3.921568627450980338e-02
9.970942370780260661e-04,8.627450980392157298e-01,-7.843137254901960675e-02
9.970962370779695022e-04,8.627450980392157298e-01,3.921568627450980338e-02
9.970982370779129383e-04,8.627450980392157298e-01,0.000000000000000000e+00
9.971002370778563745e-04,9.411764705882352811e-01,-3.921568627450980338e-02
9.971022370777998106e-04,8.627450980392157298e-01,7.843137254901960675e-02
9.971042370777432468e-04,9.019607843137255054e-01,-1.568627450980392135e-01
9.971062370776866829e-04,9.019607843137255054e-01,7.843137254901960675e-02
9.971082370776301190e-04,9.411764705882352811e-01,3.921568627450980338e-02
9.971102370775735552e-04,8.627450980392157298e-01,-3.921568627450980338e-02
9.971122370775169913e-04,9.019607843137255054e-01,1.176470588235294101e-01
9.971142370774604274e-04,9.411764705882352811e-01,-7.843137254901960675e-02
9.971162370774038636e-04,9.411764705882352811e-01,0.000000000000000000e+00
9.971182370773472997e-04,8.627450980392157298e-01,0.000000000000000000e+00
9.971202370772907358e-04,9.019607843137255054e-01,0.000000000000000000e+00
9.971222370772341720e-04,9.411764705882352811e-01,1.176470588235294101e-01
9.971242370771776081e-04,9.411764705882352811e-01,-3.921568627450980338e-02
9.971262370771210443e-04,8.235294117647058432e-01,3.921568627450980338e-02
9.971282370770644804e-04,8.627450980392157298e-01,0.000000000000000000e+00
9.971302370770079165e-04,9.019607843137255054e-01,3.921568627450980338e-02
9.971322370769513527e-04,9.411764705882352811e-01,3.921568627450980338e-02
9.971342370768947888e-04,8.627450980392157298e-01,-7.843137254901960675e-02
9.971362370768382249e-04,9.019607843137255054e-01,3.921568627450980338e-02
9.971382370767816611e-04,9.019607843137255054e-01,0.000000000000000000e+00
9.971402370767250972e-04,9.411764705882352811e-01,-3.921568627450980338e-02
9.971422370766685334e-04,8.627450980392157298e-01,7.843137254901960675e-02
9.971442370766119695e-04,9.019607843137255054e-01,-7.843137254901960675e-02
9.971462370765554056e-04,9.019607843137255054e-01,1.568627450980392135e-01
9.971482370764988418e-04,9.411764705882352811e-01,-3.921568627450980338e-02
9.971502370764422779e-04,8.235294117647058432e-01,-3.921568627450980338e-02
9.971522370763857140e-04,8.627450980392157298e-01,7.843137254901960675e-02
9.971542370763291502e-04,9.411764705882352811e-01,-3.921568627450980338e-02
9.971562370762725863e-04,9.411764705882352811e-01,7.843137254901960675e-02
9.971582370762160225e-04,8.627450980392157298e-01,0.000000000000000000e+00
9.971602370761594586e-04,8.627450980392157298e-01,0.000000000000000000e+00
9.971622370761028947e-04,9.019607843137255054e-01,7.843137254901960675e-02
9.971642370760463309e-04,9.411764705882352811e-01,-3.921568627450980338e-02
9.971662370759897670e-04,8.235294117647058432e-01,7.843137254901960675e-02
9.971682370759332031e-04,9.019607843137255054e-01,3.921568627450980338e-02
9.971702370758766393e-04,9.019607843137255054e-01,7.843137254901960675e-02
9.971722370758200754e-04,9.411764705882352811e-01,3.921568627450980338e-02
9.971742370757635116e-04,8.627450980392157298e-01,-7.843137254901960675e-02
9.971762370757069477e-04,9.019607843137255054e-01,3.921568627450980338e-02
9.971782370756503838e-04,9.019607843137255054e-01,-3.921568627450980338e-02
9.971802370755938200e-04,9.411764705882352811e-01,0.000000000000000000e+00
9.971822370755372561e-04,8.627450980392157298e-01,7.843137254901960675e-02
9.971842370754806922e-04,8.627450980392157298e-01,-1.568627450980392135e-01
9.971862370754241284e-04,9.019607843137255054e-01,1.176470588235294101e-01
9.971882370753675645e-04,9.411764705882352811e-01,0.000000000000000000e+00
9.971902370753110006e-04,8.627450980392157298e-01,0.000000000000000000e+00
9.971922370752544368e-04,8.627450980392157298e-01,3.921568627450980338e-02
9.971942370751978729e-04,9.019607843137255054e-01,0.000000000000000000e+00
9.971962370751413091e-04,9.411764705882352811e-01,3.921568627450980338e-02
9.971982370750847452e-04,8.235294117647058432e-01,0.000000000000000000e+00
9.972002370750281813e-04,9.019607843137255054e-01,0.000000000000000000e+00
9.972022370749716175e-04,9.019607843137255054e-01,3.921568627450980338e-02
9.972042370749150536e-04,9.411764705882352811e-01,-7.843137254901960675e-02
9.972062370748584897e-04,8.235294117647058432e-01,3.921568627450980338e-02
9.972082370748019259e-04,9.019607843137255054e-01,0.000000000000000000e+00
9.972102370747453620e-04,8.627450980392157298e-01,3.921568627450980338e-02
9.972122370746887982e-04,9.019607843137255054e-01,7.843137254901960675e-02
9.972142370746322343e-04,8.235294117647058432e-01,-7.843137254901960675e-02
9.972162370745756704e-04,8.627450980392157298e-01,3.921568627450980338e-02
9.972182370745191066e-04,9.019607843137255054e-01,0.000000000000000000e+00
9.972202370744625427e-04,9.411764705882352811e-01,-3.921568627450980338e-02
9.972222370744059788e-04,8.627450980392157298e-01,7.843137254901960675e-02
9.972242370743494150e-04,9.019607843137255054e-01,-1.568627450980392135e-01
9.972262370742928511e-04,9.019607843137255054e-01,7.843137254901960675e-02
9.972282370742362873e-04,9.411764705882352811e-01,3.921568627450980338e-02
9.972302370741797234e-04,8.627450980392157298e-01,-3.921568627450980338e-02
9.972322370741231595e-04,8.627450980392157298e-01,1.176470588235294101e-01
9.972342370740665957e-04,9.019607843137255054e-01,-3.921568627450980338e-02
9.972362370740100318e-04,9.411764705882352811e-01,3.921568627450980338e-02
9.972382370739534679e-04,8.627450980392157298e-01,0.000000000000000000e+00
9.972402370738969041e-04,8.627450980392157298e-01,0.000000000000000000e+00
9.972422370738403402e-04,9.019607843137255054e-01,1.176470588235294101e-01
9.972442370737837763e-04,9.019607843137255054e-01,-7.843137254901960675e-02
9.972462370737272125e-04,8.627450980392157298e-01,3.921568627450980338e-02
9.972482370736706486e-04,8.627450980392157298e-01,0.000000000000000000e+00
9.972502370736140848e-04,9.019607843137255054e-01,3.921568627450980338e-02
9.972522370735575209e-04,9.411764705882352811e-01,3.921568627450980338e-02
9.972542370735009570e-04,8.627450980392157298e-01,-7.843137254901960675e-02
9.972562370734443932e-04,8.235294117647058432e-01,7.843137254901960675e-02
9.972582370733878293e-04,8.627450980392157298e-01,3.921568627450980338e-02
9.972602370733312654e-04,9.411764705882352811e-01,-3.921568627450980338e-02
9.972622370732747016e-04,8.235294117647058432e-01,7.843137254901960675e-02
9.972642370732181377e-04,9.019607843137255054e-01,-1.568627450980392135e-01
9.972662370731615739e-04,8.627450980392157298e-01,1.176470588235294101e-01
9.972682370731050100e-04,9.411764705882352811e-01,-3.921568627450980338e-02
9.972702370730484461e-04,8.627450980392157298e-01,-3.921568627450980338e-02
9.972722370729918823e-04,9.019607843137255054e-01,3.921568627450980338e-02
9.972742370729353184e-04,9.019607843137255054e-01,-7.843137254901960675e-02
9.972762370728787545e-04,9.411764705882352811e-01,3.921568627450980338e-02
9.972782370728221907e-04,8.235294117647058432e-01,0.000000000000000000e+00
9.972802370727656268e-04,8.627450980392157298e-01,-3.921568627450980338e-02
9.972822370727090630e-04,9.019607843137255054e-01,7.843137254901960675e-02
9.972842370726524991e-04,9.411764705882352811e-01,-7.843137254901960675e-02
9.972862370725959352e-04,8.627450980392157298e-01,3.921568627450980338e-02
9.972882370725393714e-04,9.019607843137255054e-01,0.000000000000000000e+00
9.972902370724828075e-04,9.411764705882352811e-01,3.921568627450980338e-02
9.972922370724262436e-04,9.411764705882352811e-01,7.843137254901960675e-02
9.972942370723696798e-04,8.235294117647058432e-01,-7.843137254901960675e-02
9.972962370723131159e-04,8.627450980392157298e-01,3.921568627450980338e-02
9.972982370722565520e-04,9.019607843137255054e-01,0.000000000000000000e+00
9.973002370721999882e-04,9.411764705882352811e-01,-3.921568627450980338e-02
9.973022370721434243e-04,8.627450980392157298e-01,7.843137254901960675e-02
9.973042370720868605e-04,9.019607843137255054e-01,-3.921568627450980338e-02
9.973062370720302966e-04,9.019607843137255054e-01,1.176470588235294101e-01
9.973082370719737327e-04,9.411764705882352811e-01,-3.921568627450980338e-02
9.973102370719171689e-04,8.627450980392157298e-01,0.000000000000000000e+00
9.973122370718606050e-04,8.627450980392157298e-01,7.843137254901960675e-02
9.973142370718040411e-04,9.019607843137255054e-01,-7.843137254901960675e-02
9.973162370717474773e-04,9.411764705882352811e-01,7.843137254901960675e-02
9.973182370716909134e-04,8.627450980392157298e-01,0.000000000000000000e+00
9.973202370716343496e-04,9.019607843137255054e-01,0.000000000000000000e+00
9.973222370715777857e-04,9.019607843137255054e-01,7.843137254901960675e-02
9.973242370715212218e-04,9.411764705882352811e-01,-7.843137254901960675e-02
9.973262370714646580e-04,8.235294117647058432e-01,3.921568627450980338e-02
9.973282370714080941e-04,8.627450980392157298e-01,0.000000000000000000e+00
9.973302370713515302e-04,9.019607843137255054e-01,7.843137254901960675e-02
9.973322370712949664e-04,9.411764705882352811e-01,7.843137254901960675e-02
9.973342370712384025e-04,8.235294117647058432e-01,-7.843137254901960675e-02
9.973362370711818387e-04,8.627450980392157298e-01,7.843137254901960675e-02
9.973382370711252748e-04,8.627450980392157298e-01,3.921568627450980338e-02
9.973402370710687109e-04,9.411764705882352811e-01,-3.921568627450980338e-02
9.973422370710121471e-04,8.627450980392157298e-01,7.843137254901960675e-02
9.973442370709555832e-04,9.019607843137255054e-01,0.000000000000000000e+00
9.973462370708990193e-04,9.019607843137255054e-01,3.921568627450980338e-02
9.973482370708424555e-04,9.411764705882352811e-01,3.921568627450980338e-02
9.973502370707858916e-04,8.235294117647058432e-01,-3.921568627450980338e-02
9.973522370707293278e-04,8.627450980392157298e-01,7.843137254901960675e-02
9.973542370706727639e-04,9.019607843137255054e-01,-3.921568627450980338e-02
9.973562370706162000e-04,9.411764705882352811e-01,3.921568627450980338e-02
9.973582370705596362e-04,8.235294117647058432e-01,0.000000000000000000e+00
9.973602370705030723e-04,9.019607843137255054e-01,3.921568627450980338e-02
9.973622370704465084e-04,9.019607843137255054e-01,1.176470588235294101e-01
9.973642370703899446e-04,9.411764705882352811e-01,-7.843137254901960675e-02
9.973662370703333807e-04,8.627450980392157298e-01,3.921568627450980338e-02
9.973682370702768168e-04,8.627450980392157298e-01,0.000000000000000000e+00
9.973702370702202530e-04,8.627450980392157298e-01,3.921568627450980338e-02
9.973722370701636891e-04,9.411764705882352811e-01,3.921568627450980338e-02
9.973742370701071253e-04,8.627450980392157298e-01,-7.843137254901960675e-02
9.973762370700505614e-04,8.627450980392157298e-01,7.843137254901960675e-02
9.973782370699939975e-04,9.019607843137255054e-01,0.000000000000000000e+00
9.973802370699374337e-04,9.411764705882352811e-01,-3.921568627450980338e-02
9.973822370698808698e-04,8.627450980392157298e-01,7.843137254901960675e-02
9.973842370698243059e-04,9.019607843137255054e-01,-7.843137254901960675e-02
9.973862370697677421e-04,9.019607843137255054e-01,1.176470588235294101e-01
9.973882370697111782e-04,9.411764705882352811e-01,0.000000000000000000e+00
9.973902370696546144e-04,8.627450980392157298e-01,-3.921568627450980338e-02
9.973922370695980505e-04,8.235294117647058432e-01,7.843137254901960675e-02
9.973942370695414866e-04,9.019607843137255054e-01,-7.843137254901960675e-02
9.973962370694849228e-04,9.411764705882352811e-01,3.921568627450980338e-02
9.973982370694283589e-04,8.235294117647058432e-01,0.000000000000000000e+00
9.974002370693717950e-04,8.627450980392157298e-01,0.000000000000000000e+00
9.974022370693152312e-04,9.019607843137255054e-01,1.176470588235294101e-01
9.974042370692586673e-04,9.411764705882352811e-01,-7.843137254901960675e-02
9.974062370692021035e-04,8.235294117647058432e-01,3.921568627450980338e-02
9.974082370691455396e-04,8.627450980392157298e-01,0.000000000000000000e+00
9.974102370690889757e-04,9.019607843137255054e-01,0.000000000000000000e+00
9.974122370690324119e-04,9.411764705882352811e-01,7.843137254901960675e-02
9.974142370689758480e-04,8.627450980392157298e-01,-7.843137254901960675e-02
9.974162370689192841e-04,8.627450980392157298e-01,3.921568627450980338e-02
9.974182370688627203e-04,9.019607843137255054e-01,0.000000000000000000e+00
9.974202370688061564e-04,9.411764705882352811e-01,-3.921568627450980338e-02
9.974222370687495925e-04,8.627450980392157298e-01,7.843137254901960675e-02
9.974242370686930287e-04,8.627450980392157298e-01,-1.568627450980392135e-01
9.974262370686364648e-04,9.019607843137255054e-01,1.176470588235294101e-01
9.974282370685799010e-04,9.411764705882352811e-01,0.000000000000000000e+00
9.974302370685233371e-04,8.627450980392157298e-01,0.000000000000000000e+00
9.974322370684667732e-04,9.019607843137255054e-01,7.843137254901960675e-02
9.974342370684102094e-04,9.019607843137255054e-01,-3.921568627450980338e-02
9.974362370683536455e-04,9.019607843137255054e-01,3.921568627450980338e-02
9.974382370682970816e-04,8.627450980392157298e-01,0.000000000000000000e+00
9.974402370682405178e-04,8.627450980392157298e-01,0.000000000000000000e+00
9.974422370681839539e-04,9.019607843137255054e-01,7.843137254901960675e-02
9.974442370681273901e-04,9.411764705882352811e-01,-7.843137254901960675e-02
9.974462370680708262e-04,8.235294117647058432e-01,3.921568627450980338e-02
9.974482370680142623e-04,9.019607843137255054e-01,3.921568627450980338e-02
9.974502370679576985e-04,9.019607843137255054e-01,3.921568627450980338e-02
9.974522370679011346e-04,9.411764705882352811e-01,3.921568627450980338e-02
9.974542370678445707e-04,8.627450980392157298e-01,-7.843137254901960675e-02
9.974562370677880069e-04,8.627450980392157298e-01,7.843137254901960675e-02
9.974582370677314430e-04,9.019607843137255054e-01,3.921568627450980338e-02
9.974602370676748792e-04,9.411764705882352811e-01,0.000000000000000000e+00
9.974622370676183153e-04,8.235294117647058432e-01,7.843137254901960675e-02
9.974642370675617514e-04,9.019607843137255054e-01,-1.568627450980392135e-01
9.974662370675051876e-04,8.627450980392157298e-01,7.843137254901960675e-02
9.974682370674486237e-04,9.019607843137255054e-01,3.921568627450980338e-02
9.974702370673920598e-04,8.627450980392157298e-01,-3.921568627450980338e-02
9.974722370673354960e-04,8.627450980392157298e-01,7.843137254901960675e-02
9.974742370672789321e-04,9.411764705882352811e-01,-7.843137254901960675e-02
9.974762370672223682e-04,9.019607843137255054e-01,3.921568627450980338e-02
9.974782370671658044e-04,9.019607843137255054e-01,0.000000000000000000e+00
9.974802370671092405e-04,9.019607843137255054e-01,0.000000000000000000e+00
9.974822370670526767e-04,8.627450980392157298e-01,1.176470588235294101e-01
9.974842370669961128e-04,9.411764705882352811e-01,-3.921568627450980338e-02
9.974862370669395489e-04,8.627450980392157298e-01,7.843137254901960675e-02
9.974882370668829851e-04,8.627450980392157298e-01,3.921568627450980338e-02
9.974902370668264212e-04,9.019607843137255054e-01,3.921568627450980338e-02
9.974922370667698573e-04,9.019607843137255054e-01,0.000000000000000000e+00
9.974942370667132935e-04,8.627450980392157298e-01,-7.843137254901960675e-02
9.974962370666567296e-04,9.019607843137255054e-01,3.921568627450980338e-02
9.974982370666001658e-04,9.019607843137255054e-01,0.000000000000000000e+00
9.975002370665436019e-04,9.411764705882352811e-01,-3.921568627450980338e-02
9.975022370664870380e-04,8.235294117647058432e-01,7.843137254901960675e-02
9.975042370664304742e-04,8.627450980392157298e-01,-1.568627450980392135e-01
9.975062370663739103e-04,9.019607843137255054e-01,1.176470588235294101e-01
9.975082370663173464e-04,9.411764705882352811e-01,-3.921568627450980338e-02
9.975102370662607826e-04,8.235294117647058432e-01,0.000000000000000000e+00
9.975122370662042187e-04,8.235294117647058432e-01,3.921568627450980338e-02
9.975142370661476549e-04,9.411764705882352811e-01,-7.843137254901960675e-02
9.975162370660910910e-04,9.411764705882352811e-01,7.843137254901960675e-02
9.975182370660345271e-04,8.627450980392157298e-01,0.000000000000000000e+00
9.975202370659779633e-04,9.019607843137255054e-01,0.000000000000000000e+00
9.975222370659213994e-04,8.627450980392157298e-01,1.176470588235294101e-01
9.975242370658648355e-04,9.411764705882352811e-01,-7.843137254901960675e-02
9.975262370658082717e-04,8.235294117647058432e-01,7.843137254901960675e-02
9.975282370657517078e-04,8.627450980392157298e-01,0.000000000000000000e+00
9.975302370656951439e-04,9.019607843137255054e-01,3.921568627450980338e-02
9.975322370656385801e-04,9.411764705882352811e-01,7.843137254901960675e-02
9.975342370655820162e-04,8.627450980392157298e-01,-3.921568627450980338e-02
9.975362370655254524e-04,9.019607843137255054e-01,7.843137254901960675e-02
9.975382370654688885e-04,9.019607843137255054e-01,0.000000000000000000e+00
9.975402370654123246e-04,9.411764705882352811e-01,-3.921568627450980338e-02
9.975422370653557608e-04,8.627450980392157298e-01,7.843137254901960675e-02
9.975442370652991969e-04,8.627450980392157298e-01,0.000000000000000000e+00
9.975462370652426330e-04,9.019607843137255054e-01,7.843137254901960675e-02
9.975482370651860692e-04,9.411764705882352811e-01,3.921568627450980338e-02
9.975502370651295053e-04,8.235294117647058432e-01,-3.921568627450980338e-02
9.975522370650729415e-04,9.019607843137255054e-01,7.843137254901960675e-02
9.975542370650163776e-04,9.411764705882352811e-01,-3.921568627450980338e-02
9.975562370649598137e-04,9.411764705882352811e-01,7.843137254901960675e-02
9.975582370649032499e-04,8.627450980392157298e-01,0.000000000000000000e+00
9.975602370648466860e-04,9.019607843137255054e-01,3.921568627450980338e-02
9.975622370647901221e-04,9.019607843137255054e-01,7.843137254901960675e-02
9.975642370647335583e-04,9.411764705882352811e-01,-7.843137254901960675e-02
9.975662370646769944e-04,8.627450980392157298e-01,7.843137254901960675e-02
9.975682370646204306e-04,9.019607843137255054e-01,0.000000000000000000e+00
9.975702370645638667e-04,9.411764705882352811e-01,7.843137254901960675e-02
9.975722370645073028e-04,9.411764705882352811e-01,7.843137254901960675e-02
9.975742370644507390e-04,8.627450980392157298e-01,0.000000000000000000e+00
9.975762370643941751e-04,8.627450980392157298e-01,7.843137254901960675e-02
9.975782370643376112e-04,9.019607843137255054e-01,0.000000000000000000e+00
9.975802370642810474e-04,9.019607843137255054e-01,-3.921568627450980338e-02
9.975822370642244835e-04,8.627450980392157298e-01,7.843137254901960675e-02
9.975842370641679197e-04,9.019607843137255054e-01,-7.843137254901960675e-02
9.975862370641113558e-04,9.019607843137255054e-01,1.176470588235294101e-01
9.975882370640547919e-04,9.411764705882352811e-01,0.000000000000000000e+00
9.975902370639982281e-04,8.627450980392157298e-01,-3.921568627450980338e-02
9.975922370639416642e-04,9.411764705882352811e-01,7.843137254901960675e-02
9.975942370638851003e-04,9.019607843137255054e-01,-7.843137254901960675e-02
9.975962370638285365e-04,9.803921568627450567e-01,3.921568627450980338e-02
9.975982370637719726e-04,8.627450980392157298e-01,0.000000000000000000e+00
9.976002370637154087e-04,9.019607843137255054e-01,3.921568627450980338e-02
9.976022370636588449e-04,8.627450980392157298e-01,7.843137254901960675e-02
9.976042370636022810e-04,9.411764705882352811e-01,-7.843137254901960675e-02
9.976062370635457172e-04,8.235294117647058432e-01,0.000000000000000000e+00
9.976082370634891533e-04,9.019607843137255054e-01,0.000000000000000000e+00
9.976102370634325894e-04,9.019607843137255054e-01,0.000000000000000000e+00
9.976122370633760256e-04,9.411764705882352811e-01,7.843137254901960675e-02
9.976142370633194617e-04,8.627450980392157298e-01,-7.843137254901960675e-02
9.976162370632628978e-04,9.019607843137255054e-01,7.843137254901960675e-02
9.976182370632063340e-04,9.019607843137255054e-01,0.000000000000000000e+00
9.976202370631497701e-04,9.411764705882352811e-01,-3.921568627450980338e-02
9.976222370630932063e-04,8.235294117647058432e-01,7.843137254901960675e-02
9.976242370630366424e-04,9.019607843137255054e-01,-1.568627450980392135e-01
9.976262370629800785e-04,8.627450980392157298e-01,1.568627450980392135e-01
9.976282370629235147e-04,9.019607843137255054e-01,0.000000000000000000e+00
9.976302370628669508e-04,8.627450980392157298e-01,0.000000000000000000e+00
9.976322370628103869e-04,8.627450980392157298e-01,7.843137254901960675e-02
9.976342370627538231e-04,9.019607843137255054e-01,-3.921568627450980338e-02
9.976362370626972592e-04,9.411764705882352811e-01,7.843137254901960675e-02
9.976382370626406954e-04,8.235294117647058432e-01,0.000000000000000000e+00
9.976402370625841315e-04,8.627450980392157298e-01,0.000000000000000000e+00
9.976422370625275676e-04,8.627450980392157298e-01,3.921568627450980338e-02
9.976442370624710038e-04,9.411764705882352811e-01,-7.843137254901960675e-02
9.976462370624144399e-04,8.235294117647058432e-01,0.000000000000000000e+00
9.976482370623578760e-04,9.019607843137255054e-01,3.921568627450980338e-02
9.976502370623013122e-04,9.019607843137255054e-01,3.921568627450980338e-02
9.976522370622447483e-04,9.411764705882352811e-01,7.843137254901960675e-02
9.976542370621881844e-04,8.235294117647058432e-01,-7.843137254901960675e-02
9.976562370621316206e-04,9.019607843137255054e-01,7.843137254901960675e-02
9.976582370620750567e-04,8.627450980392157298e-01,0.000000000000000000e+00
9.976602370620184929e-04,9.411764705882352811e-01,-7.843137254901960675e-02
9.976622370619619290e-04,8.627450980392157298e-01,7.843137254901960675e-02
9.976642370619053651e-04,9.019607843137255054e-01,-1.568627450980392135e-01
9.976662370618488013e-04,9.019607843137255054e-01,7.843137254901960675e-02
9.976682370617922374e-04,9.411764705882352811e-01,0.000000000000000000e+00
9.976702370617356735e-04,8.627450980392157298e-01,-3.921568627450980338e-02
9.976722370616791097e-04,8.627450980392157298e-01,7.843137254901960675e-02
9.976742370616225458e-04,9.019607843137255054e-01,-7.843137254901960675e-02
9.976762370615659820e-04,9.411764705882352811e-01,3.921568627450980338e-02
9.976782370615094181e-04,9.019607843137255054e-01,0.000000000000000000e+00
9.976802370614528542e-04,9.019607843137255054e-01,3.921568627450980338e-02
9.976822370613962904e-04,9.019607843137255054e-01,1.176470588235294101e-01
9.976842370613397265e-04,9.411764705882352811e-01,-3.921568627450980338e-02
9.976862370612831626e-04,8.235294117647058432e-01,0.000000000000000000e+00
9.976882370612265988e-04,8.627450980392157298e-01,3.921568627450980338e-02
9.976902370611700349e-04,9.411764705882352811e-01,7.843137254901960675e-02
9.976922370611134711e-04,9.411764705882352811e-01,7.843137254901960675e-02
9.976942370610569072e-04,8.235294117647058432e-01,-7.843137254901960675e-02
9.976962370610003433e-04,9.019607843137255054e-01,7.843137254901960675e-02
9.976982370609437795e-04,9.019607843137255054e-01,0.000000000000000000e+00
9.977002370608872156e-04,9.411764705882352811e-01,-7.843137254901960675e-02
9.977022370608306517e-04,8.235294117647058432e-01,1.176470588235294101e-01
9.977042370607740879e-04,9.019607843137255054e-01,-7.843137254901960675e-02
9.977062370607175240e-04,8.627450980392157298e-01,1.176470588235294101e-01
9.977082370606609601e-04,9.411764705882352811e-01,0.000000000000000000e+00
9.977102370606043963e-04,8.235294117647058432e-01,-3.921568627450980338e-02
9.977122370605478324e-04,9.019607843137255054e-01,7.843137254901960675e-02
9.977142370604912686e-04,9.411764705882352811e-01,0.000000000000000000e+00
9.977162370604347047e-04,9.411764705882352811e-01,7.843137254901960675e-02
9.977182370603781408e-04,9.019607843137255054e-01,0.000000000000000000e+00
9.977202370603215770e-04,9.019607843137255054e-01,0.000000000000000000e+00
9.977222370602650131e-04,8.627450980392157298e-01,7.843137254901960675e-02
9.977242370602084492e-04,9.411764705882352811e-01,-3.921568627450980338e-02
9.977262370601518854e-04,8.235294117647058432e-01,3.921568627450980338e-02
9.977282370600953215e-04,8.627450980392157298e-01,0.000000000000000000e+00
9.977302370600387577e-04,9.019607843137255054e-01,3.921568627450980338e-02
9.977322370599821938e-04,9.411764705882352811e-01,7.843137254901960675e-02
9.977342370599256299e-04,8.627450980392157298e-01,-7.843137254901960675e-02
9.977362370598690661e-04,9.019607843137255054e-01,7.843137254901960675e-02
9.977382370598125022e-04,9.019607843137255054e-01,0.000000000000000000e+00
9.977402370597559383e-04,9.411764705882352811e-01,-3.921568627450980338e-02
9.977422370596993745e-04,8.235294117647058432e-01,7.843137254901960675e-02
9.977442370596428106e-04,9.019607843137255054e-01,-1.568627450980392135e-01
9.977462370595862468e-04,9.019607843137255054e-01,1.176470588235294101e-01
9.977482370595296829e-04,9.411764705882352811e-01,0.000000000000000000e+00
9.977502370594731190e-04,8.235294117647058432e-01,-3.921568627450980338e-02
9.977522370594165552e-04,8.627450980392157298e-01,7.843137254901960675e-02
9.977542370593599913e-04,9.019607843137255054e-01,-3.921568627450980338e-02
9.977562370593034274e-04,9.411764705882352811e-01,3.921568627450980338e-02
9.977582370592468636e-04,8.627450980392157298e-01,0.000000000000000000e+00
9.977602370591902997e-04,9.019607843137255054e-01,3.921568627450980338e-02
9.977622370591337359e-04,9.019607843137255054e-01,1.176470588235294101e-01
9.977642370590771720e-04,9.411764705882352811e-01,-3.921568627450980338e-02
9.977662370590206081e-04,8.627450980392157298e-01,3.921568627450980338e-02
9.977682370589640443e-04,8.627450980392157298e-01,0.000000000000000000e+00
9.977702370589074804e-04,9.019607843137255054e-01,3.921568627450980338e-02
9.977722370588509165e-04,9.411764705882352811e-01,7.843137254901960675e-02
9.977742370587943527e-04,8.627450980392157298e-01,-3.921568627450980338e-02
9.977762370587377888e-04,8.627450980392157298e-01,7.843137254901960675e-02
9.977782370586812249e-04,8.627450980392157298e-01,0.000000000000000000e+00
9.977802370586246611e-04,9.411764705882352811e-01,-3.921568627450980338e-02
9.977822370585680972e-04,8.627450980392157298e-01,7.843137254901960675e-02
9.977842370585115334e-04,9.019607843137255054e-01,-1.568627450980392135e-01
9.977862370584549695e-04,9.019607843137255054e-01,1.176470588235294101e-01
9.977882370583984056e-04,9.019607843137255054e-01,0.000000000000000000e+00
9.977902370583418418e-04,8.627450980392157298e-01,-3.921568627450980338e-02
9.977922370582852779e-04,9.019607843137255054e-01,3.921568627450980338e-02
9.977942370582287140e-04,9.019607843137255054e-01,-3.921568627450980338e-02
9.977962370581721502e-04,9.411764705882352811e-01,3.921568627450980338e-02
9.977982370581155863e-04,8.627450980392157298e-01,0.000000000000000000e+00
9.978002370580590225e-04,8.627450980392157298e-01,-3.921568627450980338e-02
9.978022370580024586e-04,9.019607843137255054e-01,7.843137254901960675e-02
9.978042370579458947e-04,9.411764705882352811e-01,-7.843137254901960675e-02
9.978062370578893309e-04,8.627450980392157298e-01,3.921568627450980338e-02
9.978082370578327670e-04,9.019607843137255054e-01,0.000000000000000000e+00
9.978102370577762031e-04,9.019607843137255054e-01,0.000000000000000000e+00
9.978122370577196393e-04,9.411764705882352811e-01,7.843137254901960675e-02
9.978142370576630754e-04,8.235294117647058432e-01,-7.843137254901960675e-02
9.978162370576065116e-04,9.019607843137255054e-01,3.921568627450980338e-02
9.978182370575499477e-04,9.019607843137255054e-01,0.000000000000000000e+00
9.978202370574933838e-04,9.411764705882352811e-01,-7.843137254901960675e-02
9.978222370574368200e-04,8.627450980392157298e-01,1.176470588235294101e-01
9.978242370573802561e-04,9.019607843137255054e-01,-1.568627450980392135e-01
9.978262370573236922e-04,9.019607843137255054e-01,1.176470588235294101e-01
9.978282370572671284e-04,9.411764705882352811e-01,-3.921568627450980338e-02
9.978302370572105645e-04,8.627450980392157298e-01,0.000000000000000000e+00
9.978322370571540006e-04,9.411764705882352811e-01,7.843137254901960675e-02
9.978342370570974368e-04,9.019607843137255054e-01,-3.921568627450980338e-02
9.978362370570408729e-04,9.411764705882352811e-01,7.843137254901960675e-02
9.978382370569843091e-04,8.627450980392157298e-01,0.000000000000000000e+00
9.978402370569277452e-04,8.627450980392157298e-01,0.000000000000000000e+00
9.978422370568711813e-04,9.019607843137255054e-01,7.843137254901960675e-02
9.978442370568146175e-04,9.411764705882352811e-01,-3.921568627450980338e-02
9.978462370567580536e-04,8.627450980392157298e-01,0.000000000000000000e+00
9.978482370567014897e-04,8.627450980392157298e-01,0.000000000000000000e+00
9.978502370566449259e-04,9.019607843137255054e-01,3.921568627450980338e-02
9.978522370565883620e-04,9.411764705882352811e-01,7.843137254901960675e-02
9.978542370565317982e-04,8.627450980392157298e-01,-7.843137254901960675e-02
9.978562370564752343e-04,9.019607843137255054e-01,7.843137254901960675e-02
9.978582370564186704e-04,9.019607843137255054e-01,3.921568627450980338e-02
9.978602370563621066e-04,9.411764705882352811e-01,-3.921568627450980338e-02
9.978622370563055427e-04,8.627450980392157298e-01,7.843137254901960675e-02
9.978642370562489788e-04,9.019607843137255054e-01,-3.921568627450980338e-02
9.978662370561924150e-04,9.019607843137255054e-01,7.843137254901960675e-02
9.978682370561358511e-04,9.019607843137255054e-01,3.921568627450980338e-02
9.978702370560792873e-04,8.627450980392157298e-01,-7.843137254901960675e-02
9.978722370560227234e-04,9.019607843137255054e-01,7.843137254901960675e-02
9.978742370559661595e-04,9.019607843137255054e-01,-3.921568627450980338e-02
9.978762370559095957e-04,9.019607843137255054e-01,3.921568627450980338e-02
9.978782370558530318e-04,8.627450980392157298e-01,0.000000000000000000e+00
9.978802370557964679e-04,9.019607843137255054e-01,3.921568627450980338e-02
9.978822370557399041e-04,9.019607843137255054e-01,7.843137254901960675e-02
9.978842370556833402e-04,9.411764705882352811e-01,-3.921568627450980338e-02
9.978862370556267763e-04,8.235294117647058432e-01,3.921568627450980338e-02
9.978882370555702125e-04,8.627450980392157298e-01,0.000000000000000000e+00
9.978902370555136486e-04,9.019607843137255054e-01,3.921568627450980338e-02
9.978922370554570848e-04,9.411764705882352811e-01,7.843137254901960675e-02
9.978942370554005209e-04,9.019607843137255054e-01,-7.843137254901960675e-02
9.978962370553439570e-04,8.627450980392157298e-01,3.921568627450980338e-02
9.978982370552873932e-04,9.019607843137255054e-01,3.921568627450980338e-02
9.979002370552308293e-04,9.411764705882352811e-01,-3.921568627450980338e-02
9.979022370551742654e-04,8.627450980392157298e-01,7.843137254901960675e-02
9.979042370551177016e-04,9.019607843137255054e-01,0.000000000000000000e+00
9.979062370550611377e-04,9.019607843137255054e-01,1.568627450980392135e-01
9.979082370550045739e-04,9.411764705882352811e-01,0.000000000000000000e+00
9.979102370549480100e-04,8.627450980392157298e-01,-3.921568627450980338e-02
9.979122370548914461e-04,8.627450980392157298e-01,7.843137254901960675e-02
9.979142370548348823e-04,9.019607843137255054e-01,-3.921568627450980338e-02
9.979162370547783184e-04,9.411764705882352811e-01,7.843137254901960675e-02
9.979182370547217545e-04,8.627450980392157298e-01,0.000000000000000000e+00
9.979202370546651907e-04,9.019607843137255054e-01,0.000000000000000000e+00
9.979222370546086268e-04,9.019607843137255054e-01,7.843137254901960675e-02
9.979242370545520630e-04,9.411764705882352811e-01,-3.921568627450980338e-02
9.979262370544954991e-04,8.235294117647058432e-01,3.921568627450980338e-02
9.979282370544389352e-04,9.019607843137255054e-01,0.000000000000000000e+00
9.979302370543823714e-04,9.411764705882352811e-01,3.921568627450980338e-02
9.979322370543258075e-04,9.411764705882352811e-01,7.843137254901960675e-02
9.979342370542692436e-04,8.627450980392157298e-01,-3.921568627450980338e-02
9.979362370542126798e-04,9.019607843137255054e-01,3.921568627450980338e-02
9.979382370541561159e-04,8.627450980392157298e-01,0.000000000000000000e+00
9.979402370540995520e-04,9.411764705882352811e-01,-3.921568627450980338e-02
9.979422370540429882e-04,8.235294117647058432e-01,7.843137254901960675e-02
9.979442370539864243e-04,8.627450980392157298e-01,-1.568627450980392135e-01
9.979462370539298605e-04,9.019607843137255054e-01,1.176470588235294101e-01
9.979482370538732966e-04,9.019607843137255054e-01,0.000000000000000000e+00
9.979502370538167327e-04,8.627450980392157298e-01,-3.921568627450980338e-02
9.979522370537601689e-04,8.235294117647058432e-01,3.921568627450980338e-02
9.979542370537036050e-04,9.019607843137255054e-01,-7.843137254901960675e-02
9.979562370536470411e-04,9.411764705882352811e-01,3.921568627450980338e-02
9.979582370535904773e-04,8.627450980392157298e-01,0.000000000000000000e+00
9.979602370535339134e-04,8.627450980392157298e-01,0.000000000000000000e+00
9.979622370534773496e-04,9.019607843137255054e-01,7.843137254901960675e-02
9.979642370534207857e-04,9.411764705882352811e-01,-7.843137254901960675e-02
9.979662370533642218e-04,8.235294117647058432e-01,0.000000000000000000e+00
9.979682370533076580e-04,9.019607843137255054e-01,0.000000000000000000e+00
9.979702370532510941e-04,9.019607843137255054e-01,3.921568627450980338e-02
9.979722370531945302e-04,9.411764705882352811e-01,3.921568627450980338e-02
9.979742370531379664e-04,8.235294117647058432e-01,-7.843137254901960675e-02
9.979762370530814025e-04,9.019607843137255054e-01,7.843137254901960675e-02
9.979782370530248387e-04,9.019607843137255054e-01,0.000000000000000000e+00
9.979802370529682748e-04,9.411764705882352811e-01,0.000000000000000000e+00
9.979822370529117109e-04,8.627450980392157298e-01,3.921568627450980338e-02
9.979842370528551471e-04,8.627450980392157298e-01,-1.568627450980392135e-01
9.979862370527985832e-04,9.019607843137255054e-01,1.176470588235294101e-01
9.979882370527420193e-04,9.411764705882352811e-01,-3.921568627450980338e-02
9.979902370526854555e-04,8.627450980392157298e-01,-3.921568627450980338e-02
9.979922370526288916e-04,8.627450980392157298e-01,7.843137254901960675e-02
9.979942370525723278e-04,9.019607843137255054e-01,-3.921568627450980338e-02
9.979962370525157639e-04,9.019607843137255054e-01,3.921568627450980338e-02
9.979982370524592000e-04,8.235294117647058432e-01,0.000000000000000000e+00
9.980002370524026362e-04,9.019607843137255054e-01,0.000000000000000000e+00
9.980022370523460723e-04,9.019607843137255054e-01,7.843137254901960675e-02
9.980042370522895084e-04,9.411764705882352811e-01,-7.843137254901960675e-02
9.980062370522329446e-04,8.627450980392157298e-01,7.843137254901960675e-02
9.980082370521763807e-04,9.019607843137255054e-01,0.000000000000000000e+00
9.980102370521198168e-04,9.019607843137255054e-01,3.921568627450980338e-02
9.980122370520632530e-04,9.411764705882352811e-01,7.843137254901960675e-02
9.980142370520066891e-04,8.627450980392157298e-01,-7.843137254901960675e-02
9.980162370519501253e-04,8.627450980392157298e-01,3.921568627450980338e-02
9.980182370518935614e-04,9.019607843137255054e-01,3.921568627450980338e-02
9.980202370518369975e-04,9.411764705882352811e-01,-7.843137254901960675e-02
9.980222370517804337e-04,8.627450980392157298e-01,7.843137254901960675e-02
9.980242370517238698e-04,9.019607843137255054e-01,-7.843137254901960675e-02
9.980262370516673059e-04,9.019607843137255054e-01,1.176470588235294101e-01
9.980282370516107421e-04,9.411764705882352811e-01,0.000000000000000000e+00
9.980302370515541782e-04,8.627450980392157298e-01,0.000000000000000000e+00
9.980322370514976144e-04,8.235294117647058432e-01,7.843137254901960675e-02
9.980342370514410505e-04,9.019607843137255054e-01,-3.921568627450980338e-02
9.980362370513844866e-04,9.411764705882352811e-01,3.921568627450980338e-02
9.980382370513279228e-04,8.627450980392157298e-01,0.000000000000000000e+00
9.980402370512713589e-04,8.627450980392157298e-01,0.000000000000000000e+00
9.980422370512147950e-04,9.411764705882352811e-01,7.843137254901960675e-02
9.980442370511582312e-04,9.411764705882352811e-01,-7.843137254901960675e-02
9.980462370511016673e-04,8.235294117647058432e-01,3.921568627450980338e-02
9.980482370510451035e-04,8.627450980392157298e-01,0.000000000000000000e+00
9.980502370509885396e-04,9.019607843137255054e-01,0.000000000000000000e+00
9.980522370509319757e-04,9.411764705882352811e-01,7.843137254901960675e-02
9.980542370508754119e-04,8.235294117647058432e-01,-7.843137254901960675e-02
9.980562370508188480e-04,9.019607843137255054e-01,7.843137254901960675e-02
9.980582370507622841e-04,9.019607843137255054e-01,0.000000000000000000e+00
9.980602370507057203e-04,9.411764705882352811e-01,-3.921568627450980338e-02
9.980622370506491564e-04,8.627450980392157298e-01,7.843137254901960675e-02
9.980642370505925925e-04,9.019607843137255054e-01,-7.843137254901960675e-02
9.980662370505360287e-04,9.019607843137255054e-01,7.843137254901960675e-02
9.980682370504794648e-04,9.411764705882352811e-01,0.000000000000000000e+00
9.980702370504229010e-04,8.627450980392157298e-01,-3.921568627450980338e-02
9.980722370503663371e-04,8.627450980392157298e-01,1.176470588235294101e-01
9.980742370503097732e-04,9.411764705882352811e-01,-7.843137254901960675e-02
9.980762370502532094e-04,9.411764705882352811e-01,3.921568627450980338e-02
9.980782370501966455e-04,8.235294117647058432e-01,0.000000000000000000e+00
9.980802370501400816e-04,9.019607843137255054e-01,0.000000000000000000e+00
9.980822370500835178e-04,9.019607843137255054e-01,7.843137254901960675e-02
9.980842370500269539e-04,9.411764705882352811e-01,-7.843137254901960675e-02
9.980862370499703901e-04,8.627450980392157298e-01,3.921568627450980338e-02
9.980882370499138262e-04,9.411764705882352811e-01,0.000000000000000000e+00
9.980902370498572623e-04,9.019607843137255054e-01,0.000000000000000000e+00
9.980922370498006985e-04,9.411764705882352811e-01,7.843137254901960675e-02
9.980942370497441346e-04,8.627450980392157298e-01,-7.843137254901960675e-02
9.980962370496875707e-04,8.627450980392157298e-01,3.921568627450980338e-02
9.980982370496310069e-04,9.019607843137255054e-01,0.000000000000000000e+00
9.981002370495744430e-04,9.411764705882352811e-01,-7.843137254901960675e-02
9.981022370495178792e-04,8.627450980392157298e-01,7.843137254901960675e-02
9.981042370494613153e-04,9.019607843137255054e-01,-1.568627450980392135e-01
9.981062370494047514e-04,9.019607843137255054e-01,1.568627450980392135e-01
9.981082370493481876e-04,9.411764705882352811e-01,0.000000000000000000e+00
9.981102370492916237e-04,8.235294117647058432e-01,-3.921568627450980338e-02
9.981122370492350598e-04,9.019607843137255054e-01,7.843137254901960675e-02
9.981142370491784960e-04,9.019607843137255054e-01,-3.921568627450980338e-02
9.981162370491219321e-04,9.411764705882352811e-01,3.921568627450980338e-02
9.981182370490653682e-04,8.627450980392157298e-01,0.000000000000000000e+00
9.981202370490088044e-04,9.019607843137255054e-01,-3.921568627450980338e-02
9.981222370489522405e-04,9.019607843137255054e-01,7.843137254901960675e-02
9.981242370488956767e-04,9.411764705882352811e-01,-7.843137254901960675e-02
9.981262370488391128e-04,8.627450980392157298e-01,0.000000000000000000e+00
9.981282370487825489e-04,8.627450980392157298e-01,0.000000000000000000e+00
9.981302370487259851e-04,9.411764705882352811e-01,3.921568627450980338e-02
9.981322370486694212e-04,9.411764705882352811e-01,3.921568627450980338e-02
9.981342370486128573e-04,8.627450980392157298e-01,-7.843137254901960675e-02
9.981362370485562935e-04,9.019607843137255054e-01,7.843137254901960675e-02
9.981382370484997296e-04,9.019607843137255054e-01,0.000000000000000000e+00
9.981402370484431658e-04,9.411764705882352811e-01,-3.921568627450980338e-02
9.981422370483866019e-04,8.627450980392157298e-01,7.843137254901960675e-02
9.981442370483300380e-04,8.627450980392157298e-01,-1.568627450980392135e-01
9.981462370482734742e-04,9.019607843137255054e-01,1.176470588235294101e-01
9.981482370482169103e-04,9.411764705882352811e-01,0.000000000000000000e+00
9.981502370481603464e-04,8.627450980392157298e-01,0.000000000000000000e+00
9.981522370481037826e-04,8.627450980392157298e-01,7.843137254901960675e-02
9.981542370480472187e-04,8.627450980392157298e-01,-3.921568627450980338e-02
9.981562370479906549e-04,9.411764705882352811e-01,3.921568627450980338e-02
9.981582370479340910e-04,8.627450980392157298e-01,0.000000000000000000e+00
9.981602370478775271e-04,8.627450980392157298e-01,0.000000000000000000e+00
9.981622370478209633e-04,9.019607843137255054e-01,7.843137254901960675e-02
9.981642370477643994e-04,9.411764705882352811e-01,-3.921568627450980338e-02
9.981662370477078355e-04,8.235294117647058432e-01,7.843137254901960675e-02
9.981682370476512717e-04,9.019607843137255054e-01,3.921568627450980338e-02
9.981702370475947078e-04,9.019607843137255054e-01,3.921568627450980338e-02
9.981722370475381440e-04,9.411764705882352811e-01,7.843137254901960675e-02
9.981742370474815801e-04,8.627450980392157298e-01,-3.921568627450980338e-02
9.981762370474250162e-04,9.019607843137255054e-01,3.921568627450980338e-02
9.981782370473684524e-04,9.019607843137255054e-01,0.000000000000000000e+00
9.981802370473118885e-04,9.411764705882352811e-01,-7.843137254901960675e-02
9.981822370472553246e-04,8.627450980392157298e-01,7.843137254901960675e-02
9.981842370471987608e-04,8.627450980392157298e-01,-1.568627450980392135e-01
9.981862370471421969e-04,9.019607843137255054e-01,7.843137254901960675e-02
9.981882370470856330e-04,9.019607843137255054e-01,0.000000000000000000e+00
9.981902370470290692e-04,8.235294117647058432e-01,-3.921568627450980338e-02
9.981922370469725053e-04,9.019607843137255054e-01,7.843137254901960675e-02
9.981942370469159415e-04,9.019607843137255054e-01,-3.921568627450980338e-02
9.981962370468593776e-04,9.411764705882352811e-01,3.921568627450980338e-02
9.981982370468028137e-04,8.627450980392157298e-01,0.000000000000000000e+00
9.982002370467462499e-04,8.627450980392157298e-01,0.000000000000000000e+00
9.982022370466896860e-04,9.019607843137255054e-01,7.843137254901960675e-02
9.982042370466331221e-04,9.411764705882352811e-01,-3.921568627450980338e-02
9.982062370465765583e-04,8.627450980392157298e-01,3.921568627450980338e-02
9.982082370465199944e-04,9.019607843137255054e-01,0.000000000000000000e+00
9.982102370464634306e-04,9.019607843137255054e-01,3.921568627450980338e-02
9.982122370464068667e-04,9.019607843137255054e-01,7.843137254901960675e-02
9.982142370463503028e-04,8.627450980392157298e-01,-7.843137254901960675e-02
9.982162370462937390e-04,8.627450980392157298e-01,3.921568627450980338e-02
9.982182370462371751e-04,8.627450980392157298e-01,0.000000000000000000e+00
9.982202370461806112e-04,9.411764705882352811e-01,-3.921568627450980338e-02
9.982222370461240474e-04,8.627450980392157298e-01,7.843137254901960675e-02
9.982242370460674835e-04,8.627450980392157298e-01,-7.843137254901960675e-02
9.982262370460109197e-04,9.019607843137255054e-01,1.176470588235294101e-01
9.982282370459543558e-04,9.411764705882352811e-01,0.000000000000000000e+00
9.982302370458977919e-04,8.627450980392157298e-01,0.000000000000000000e+00
9.982322370458412281e-04,8.627450980392157298e-01,7.843137254901960675e-02
9.982342370457846642e-04,9.019607843137255054e-01,-3.921568627450980338e-02
9.982362370457281003e-04,9.411764705882352811e-01,3.921568627450980338e-02
9.982382370456715365e-04,8.627450980392157298e-01,0.000000000000000000e+00
9.982402370456149726e-04,9.019607843137255054e-01,-7.843137254901960675e-02
9.982422370455584087e-04,9.019607843137255054e-01,7.843137254901960675e-02
9.982442370455018449e-04,9.019607843137255054e-01,-3.921568627450980338e-02
9.982462370454452810e-04,8.627450980392157298e-01,3.921568627450980338e-02
9.982482370453887172e-04,9.019607843137255054e-01,0.000000000000000000e+00
9.982502370453321533e-04,9.411764705882352811e-01,0.000000000000000000e+00
9.982522370452755894e-04,9.019607843137255054e-01,7.843137254901960675e-02
9.982542370452190256e-04,8.235294117647058432e-01,-3.921568627450980338e-02
9.982562370451624617e-04,9.019607843137255054e-01,7.843137254901960675e-02
9.982582370451058978e-04,8.627450980392157298e-01,0.000000000000000000e+00
9.982602370450493340e-04,9.019607843137255054e-01,-7.843137254901960675e-02
9.982622370449927701e-04,8.235294117647058432e-01,3.921568627450980338e-02
9.982642370449362063e-04,9.019607843137255054e-01,-7.843137254901960675e-02
9.982662370448796424e-04,9.019607843137255054e-01,7.843137254901960675e-02
9.982682370448230785e-04,9.411764705882352811e-01,3.921568627450980338e-02
9.982702370447665147e-04,8.627450980392157298e-01,-3.921568627450980338e-02
9.982722370447099508e-04,9.019607843137255054e-01,7.843137254901960675e-02
9.982742370446533869e-04,9.411764705882352811e-01,-3.921568627450980338e-02
9.982762370445968231e-04,9.019607843137255054e-01,7.843137254901960675e-02
9.982782370445402592e-04,8.627450980392157298e-01,3.921568627450980338e-02
9.982802370444836954e-04,9.019607843137255054e-01,-1.568627450980392135e-01
9.982822370444271315e-04,9.019607843137255054e-01,3.921568627450980338e-02
9.982842370443705676e-04,9.411764705882352811e-01,-7.843137254901960675e-02
9.982862370443140038e-04,8.235294117647058432e-01,7.843137254901960675e-02
9.982882370442574399e-04,9.019607843137255054e-01,0.000000000000000000e+00
9.982902370442008760e-04,9.019607843137255054e-01,3.921568627450980338e-02
9.982922370441443122e-04,9.411764705882352811e-01,7.843137254901960675e-02
9.982942370440877483e-04,8.627450980392157298e-01,-7.843137254901960675e-02
9.982962370440311844e-04,8.627450980392157298e-01,3.921568627450980338e-02
9.982982370439746206e-04,9.019607843137255054e-01,0.000000000000000000e+00
9.983002370439180567e-04,9.411764705882352811e-01,-7.843137254901960675e-02
9.983022370438614929e-04,8.235294117647058432e-01,7.843137254901960675e-02
9.983042370438049290e-04,9.411764705882352811e-01,-3.921568627450980338e-02
9.983062370437483651e-04,9.019607843137255054e-01,1.568627450980392135e-01
9.983082370436918013e-04,9.411764705882352811e-01,0.000000000000000000e+00
9.983102370436352374e-04,8.627450980392157298e-01,-7.843137254901960675e-02
9.983122370435786735e-04,8.235294117647058432e-01,7.843137254901960675e-02
9.983142370435221097e-04,9.019607843137255054e-01,-7.843137254901960675e-02
9.983162370434655458e-04,9.411764705882352811e-01,0.000000000000000000e+00
9.983182370434089820e-04,8.235294117647058432e-01,0.000000000000000000e+00
9.983202370433524181e-04,9.019607843137255054e-01,0.000000000000000000e+00
9.983222370432958542e-04,9.019607843137255054e-01,7.843137254901960675e-02
9.983242370432392904e-04,9.411764705882352811e-01,-3.921568627450980338e-02
9.983262370431827265e-04,8.627450980392157298e-01,3.921568627450980338e-02
9.983282370431261626e-04,8.627450980392157298e-01,0.000000000000000000e+00
9.983302370430695988e-04,9.019607843137255054e-01,3.921568627450980338e-02
9.983322370430130349e-04,9.411764705882352811e-01,3.921568627450980338e-02
9.983342370429564711e-04,8.627450980392157298e-01,-7.843137254901960675e-02
9.983362370428999072e-04,8.627450980392157298e-01,7.843137254901960675e-02
9.983382370428433433e-04,9.019607843137255054e-01,0.000000000000000000e+00
9.983402370427867795e-04,9.019607843137255054e-01,-3.921568627450980338e-02
9.983422370427302156e-04,8.627450980392157298e-01,7.843137254901960675e-02
9.983442370426736517e-04,9.019607843137255054e-01,-3.921568627450980338e-02
9.983462370426170879e-04,9.019607843137255054e-01,1.568627450980392135e-01
9.983482370425605240e-04,9.019607843137255054e-01,3.921568627450980338e-02
9.983502370425039601e-04,8.235294117647058432e-01,0.000000000000000000e+00
9.983522370424473963e-04,8.235294117647058432e-01,7.843137254901960675e-02
9.983542370423908324e-04,9.019607843137255054e-01,-3.921568627450980338e-02
9.983562370423342686e-04,9.411764705882352811e-01,7.843137254901960675e-02
9.983582370422777047e-04,8.627450980392157298e-01,0.000000000000000000e+00
9.983602370422211408e-04,9.019607843137255054e-01,0.000000000000000000e+00
9.983622370421645770e-04,9.019607843137255054e-01,1.176470588235294101e-01
9.983642370421080131e-04,9.411764705882352811e-01,-3.921568627450980338e-02
9.983662370420514492e-04,8.235294117647058432e-01,7.843137254901960675e-02
9.983682370419948854e-04,8.627450980392157298e-01,3.921568627450980338e-02
9.983702370419383215e-04,9.019607843137255054e-01,3.921568627450980338e-02
9.983722370418817577e-04,9.019607843137255054e-01,7.843137254901960675e-02
9.983742370418251938e-04,8.627450980392157298e-01,-3.921568627450980338e-02
9.983762370417686299e-04,8.627450980392157298e-01,3.921568627450980338e-02
9.983782370417120661e-04,9.019607843137255054e-01,0.000000000000000000e+00
9.983802370416555022e-04,9.411764705882352811e-01,-7.843137254901960675e-02
9.983822370415989383e-04,8.627450980392157298e-01,7.843137254901960675e-02
9.983842370415423745e-04,9.411764705882352811e-01,-7.843137254901960675e-02
9.983862370414858106e-04,9.019607843137255054e-01,7.843137254901960675e-02
9.983882370414292468e-04,9.411764705882352811e-01,3.921568627450980338e-02
9.983902370413726829e-04,8.627450980392157298e-01,-7.843137254901960675e-02
9.983922370413161190e-04,9.019607843137255054e-01,7.843137254901960675e-02
9.983942370412595552e-04,9.411764705882352811e-01,-7.843137254901960675e-02
9.983962370412029913e-04,9.411764705882352811e-01,3.921568627450980338e-02
9.983982370411464274e-04,8.627450980392157298e-01,0.000000000000000000e+00
9.984002370410898636e-04,9.019607843137255054e-01,3.921568627450980338e-02
9.984022370410332997e-04,9.411764705882352811e-01,7.843137254901960675e-02
9.984042370409767359e-04,9.411764705882352811e-01,-3.921568627450980338e-02
9.984062370409201720e-04,8.235294117647058432e-01,0.000000000000000000e+00
9.984082370408636081e-04,8.627450980392157298e-01,0.000000000000000000e+00
9.984102370408070443e-04,9.019607843137255054e-01,3.921568627450980338e-02
9.984122370407504804e-04,9.411764705882352811e-01,3.921568627450980338e-02
9.984142370406939165e-04,8.235294117647058432e-01,-3.921568627450980338e-02
9.984162370406373527e-04,8.627450980392157298e-01,7.843137254901960675e-02
9.984182370405807888e-04,9.019607843137255054e-01,0.000000000000000000e+00
9.984202370405242249e-04,9.411764705882352811e-01,-3.921568627450980338e-02
9.984222370404676611e-04,8.235294117647058432e-01,7.843137254901960675e-02
9.984242370404110972e-04,9.019607843137255054e-01,-1.568627450980392135e-01
9.984262370403545334e-04,9.019607843137255054e-01,1.568627450980392135e-01
9.984282370402979695e-04,9.411764705882352811e-01,0.000000000000000000e+00
9.984302370402414056e-04,8.235294117647058432e-01,0.000000000000000000e+00
9.984322370401848418e-04,9.019607843137255054e-01,7.843137254901960675e-02
9.984342370401282779e-04,9.411764705882352811e-01,-3.921568627450980338e-02
9.984362370400717140e-04,9.411764705882352811e-01,3.921568627450980338e-02
9.984382370400151502e-04,8.627450980392157298e-01,0.000000000000000000e+00
9.984402370399585863e-04,9.411764705882352811e-01,0.000000000000000000e+00
9.984422370399020225e-04,9.019607843137255054e-01,7.843137254901960675e-02
9.984442370398454586e-04,9.411764705882352811e-01,-3.921568627450980338e-02
9.984462370397888947e-04,8.627450980392157298e-01,3.921568627450980338e-02
9.984482370397323309e-04,9.019607843137255054e-01,0.000000000000000000e+00
9.984502370396757670e-04,9.019607843137255054e-01,3.921568627450980338e-02
9.984522370396192031e-04,9.411764705882352811e-01,7.843137254901960675e-02
9.984542370395626393e-04,8.627450980392157298e-01,-3.921568627450980338e-02
9.984562370395060754e-04,8.627450980392157298e-01,3.921568627450980338e-02
9.984582370394495116e-04,8.627450980392157298e-01,0.000000000000000000e+00
9.984602370393929477e-04,9.411764705882352811e-01,-7.843137254901960675e-02
9.984622370393363838e-04,8.627450980392157298e-01,7.843137254901960675e-02
9.984642370392798200e-04,9.019607843137255054e-01,-1.568627450980392135e-01
9.984662370392232561e-04,9.019607843137255054e-01,7.843137254901960675e-02
9.984682370391666922e-04,9.411764705882352811e-01,3.921568627450980338e-02
9.984702370391101284e-04,8.627450980392157298e-01,-3.921568627450980338e-02
9.984722370390535645e-04,9.019607843137255054e-01,7.843137254901960675e-02
9.984742370389970006e-04,9.019607843137255054e-01,0.000000000000000000e+00
9.984762370389404368e-04,9.019607843137255054e-01,0.000000000000000000e+00
9.984782370388838729e-04,8.627450980392157298e-01,0.000000000000000000e+00
9.984802370388273091e-04,9.019607843137255054e-01,0.000000000000000000e+00
9.984822370387707452e-04,9.411764705882352811e-01,7.843137254901960675e-02
9.984842370387141813e-04,9.411764705882352811e-01,-3.921568627450980338e-02
9.984862370386576175e-04,8.627450980392157298e-01,0.000000000000000000e+00
9.984882370386010536e-04,9.019607843137255054e-01,0.000000000000000000e+00
9.984902370385444897e-04,9.019607843137255054e-01,0.000000000000000000e+00
9.984922370384879259e-04,9.411764705882352811e-01,7.843137254901960675e-02
9.984942370384313620e-04,8.627450980392157298e-01,-3.921568627450980338e-02
9.984962370383747982e-04,9.019607843137255054e-01,7.843137254901960675e-02
9.984982370383182343e-04,9.019607843137255054e-01,3.921568627450980338e-02
9.985002370382616704e-04,9.411764705882352811e-01,-3.921568627450980338e-02
9.985022370382051066e-04,8.627450980392157298e-01,7.843137254901960675e-02
9.985042370381485427e-04,8.627450980392157298e-01,-7.843137254901960675e-02
9.985062370380919788e-04,9.019607843137255054e-01,1.176470588235294101e-01
9.985082370380354150e-04,9.411764705882352811e-01,-3.921568627450980338e-02
9.985102370379788511e-04,8.627450980392157298e-01,0.000000000000000000e+00
9.985122370379222873e-04,8.235294117647058432e-01,3.921568627450980338e-02
9.985142370378657234e-04,9.019607843137255054e-01,-3.921568627450980338e-02
9.985162370378091595e-04,9.411764705882352811e-01,3.921568627450980338e-02
9.985182370377525957e-04,8.235294117647058432e-01,0.000000000000000000e+00
9.985202370376960318e-04,9.019607843137255054e-01,0.000000000000000000e+00
9.985222370376394679e-04,9.019607843137255054e-01,1.176470588235294101e-01
9.985242370375829041e-04,9.411764705882352811e-01,-3.921568627450980338e-02
9.985262370375263402e-04,8.627450980392157298e-01,0.000000000000000000e+00
9.985282370374697763e-04,9.019607843137255054e-01,0.000000000000000000e+00
9.985302370374132125e-04,9.019607843137255054e-01,3.921568627450980338e-02
9.985322370373566486e-04,9.411764705882352811e-01,7.843137254901960675e-02
9.985342370373000848e-04,8.627450980392157298e-01,-7.843137254901960675e-02
9.985362370372435209e-04,8.627450980392157298e-01,3.921568627450980338e-02
9.985382370371869570e-04,9.019607843137255054e-01,0.000000000000000000e+00
9.985402370371303932e-04,9.411764705882352811e-01,-7.843137254901960675e-02
9.985422370370738293e-04,8.235294117647058432e-01,3.921568627450980338e-02
9.985442370370172654e-04,9.411764705882352811e-01,-7.843137254901960675e-02
9.985462370369607016e-04,8.627450980392157298e-01,7.843137254901960675e-02
9.985482370369041377e-04,9.411764705882352811e-01,0.000000000000000000e+00
9.985502370368475739e-04,8.627450980392157298e-01,-3.921568627450980338e-02
9.985522370367910100e-04,8.627450980392157298e-01,7.843137254901960675e-02
9.985542370367344461e-04,8.627450980392157298e-01,-7.843137254901960675e-02
9.985562370366778823e-04,9.411764705882352811e-01,3.921568627450980338e-02
9.985582370366213184e-04,8.627450980392157298e-01,0.000000000000000000e+00
9.985602370365647545e-04,9.019607843137255054e-01,0.000000000000000000e+00
9.985622370365081907e-04,9.019607843137255054e-01,1.176470588235294101e-01
9.985642370364516268e-04,9.019607843137255054e-01,-3.921568627450980338e-02
9.985662370363950630e-04,8.627450980392157298e-01,3.921568627450980338e-02
9.985682370363384991e-04,8.627450980392157298e-01,0.000000000000000000e+00
9.985702370362819352e-04,9.019607843137255054e-01,3.921568627450980338e-02
9.985722370362253714e-04,9.019607843137255054e-01,7.843137254901960675e-02
9.985742370361688075e-04,8.627450980392157298e-01,-7.843137254901960675e-02
9.985762370361122436e-04,8.235294117647058432e-01,3.921568627450980338e-02
9.985782370360556798e-04,9.019607843137255054e-01,3.921568627450980338e-02
9.985802370359991159e-04,9.411764705882352811e-01,0.000000000000000000e+00
9.985822370359425521e-04,8.627450980392157298e-01,7.843137254901960675e-02
9.985842370358859882e-04,9.019607843137255054e-01,-7.843137254901960675e-02
9.985862370358294243e-04,8.627450980392157298e-01,1.568627450980392135e-01
9.985882370357728605e-04,9.411764705882352811e-01,0.000000000000000000e+00
9.985902370357162966e-04,8.627450980392157298e-01,-3.921568627450980338e-02
9.985922370356597327e-04,8.235294117647058432e-01,7.843137254901960675e-02
9.985942370356031689e-04,9.019607843137255054e-01,-3.921568627450980338e-02
9.985962370355466050e-04,9.411764705882352811e-01,3.921568627450980338e-02
9.985982370354900411e-04,8.627450980392157298e-01,0.000000000000000000e+00
9.986002370354334773e-04,8.627450980392157298e-01,-3.921568627450980338e-02
9.986022370353769134e-04,9.019607843137255054e-01,7.843137254901960675e-02
9.986042370353203496e-04,9.411764705882352811e-01,-7.843137254901960675e-02
9.986062370352637857e-04,8.235294117647058432e-01,3.921568627450980338e-02
9.986082370352072218e-04,8.235294117647058432e-01,3.921568627450980338e-02
9.986102370351506580e-04,9.019607843137255054e-01,3.921568627450980338e-02
9.986122370350940941e-04,9.019607843137255054e-01,7.843137254901960675e-02
9.986142370350375302e-04,8.235294117647058432e-01,-3.921568627450980338e-02
9.986162370349809664e-04,9.019607843137255054e-01,7.843137254901960675e-02
9.986182370349244025e-04,9.019607843137255054e-01,3.921568627450980338e-02
9.986202370348678387e-04,9.411764705882352811e-01,-3.921568627450980338e-02
9.986222370348112748e-04,8.235294117647058432e-01,7.843137254901960675e-02
9.986242370347547109e-04,8.627450980392157298e-01,-1.568627450980392135e-01
9.986262370346981471e-04,8.627450980392157298e-01,1.176470588235294101e-01
9.986282370346415832e-04,9.411764705882352811e-01,-3.921568627450980338e-02
9.986302370345850193e-04,8.627450980392157298e-01,-3.921568627450980338e-02
9.986322370345284555e-04,8.627450980392157298e-01,7.843137254901960675e-02
9.986342370344718916e-04,9.019607843137255054e-01,-3.921568627450980338e-02
9.986362370344153278e-04,9.411764705882352811e-01,0.000000000000000000e+00
9.986382370343587639e-04,8.627450980392157298e-01,0.000000000000000000e+00
9.986402370343022000e-04,9.019607843137255054e-01,0.000000000000000000e+00
9.986422370342456362e-04,9.411764705882352811e-01,7.843137254901960675e-02
9.986442370341890723e-04,9.411764705882352811e-01,-3.921568627450980338e-02
9.986462370341325084e-04,8.235294117647058432e-01,0.000000000000000000e+00
9.986482370340759446e-04,8.627450980392157298e-01,3.921568627450980338e-02
9.986502370340193807e-04,9.411764705882352811e-01,7.843137254901960675e-02
9.986522370339628168e-04,9.411764705882352811e-01,7.843137254901960675e-02
9.986542370339062530e-04,8.627450980392157298e-01,-7.843137254901960675e-02
9.986562370338496891e-04,8.627450980392157298e-01,7.843137254901960675e-02
9.986582370337931253e-04,8.627450980392157298e-01,0.000000000000000000e+00
9.986602370337365614e-04,9.411764705882352811e-01,-3.921568627450980338e-02
9.986622370336799975e-04,8.627450980392157298e-01,7.843137254901960675e-02
9.986642370336234337e-04,9.019607843137255054e-01,-1.568627450980392135e-01
9.986662370335668698e-04,9.019607843137255054e-01,1.568627450980392135e-01
9.986682370335103059e-04,9.411764705882352811e-01,0.000000000000000000e+00
9.986702370334537421e-04,8.627450980392157298e-01,0.000000000000000000e+00
9.986722370333971782e-04,9.019607843137255054e-01,7.843137254901960675e-02
9.986742370333406144e-04,9.411764705882352811e-01,-3.921568627450980338e-02
9.986762370332840505e-04,9.411764705882352811e-01,3.921568627450980338e-02
9.986782370332274866e-04,8.235294117647058432e-01,0.000000000000000000e+00
9.986802370331709228e-04,9.019607843137255054e-01,0.000000000000000000e+00
9.986822370331143589e-04,9.019607843137255054e-01,7.843137254901960675e-02
9.986842370330577950e-04,9.411764705882352811e-01,-7.843137254901960675e-02
9.986862370330012312e-04,8.235294117647058432e-01,0.000000000000000000e+00
9.986882370329446673e-04,8.627450980392157298e-01,0.000000000000000000e+00
9.986902370328881035e-04,8.627450980392157298e-01,0.000000000000000000e+00
9.986922370328315396e-04,9.411764705882352811e-01,7.843137254901960675e-02
9.986942370327749757e-04,8.235294117647058432e-01,-7.843137254901960675e-02
9.986962370327184119e-04,8.627450980392157298e-01,7.843137254901960675e-02
9.986982370326618480e-04,8.627450980392157298e-01,0.000000000000000000e+00
9.987002370326052841e-04,9.411764705882352811e-01,-7.843137254901960675e-02
9.987022370325487203e-04,8.235294117647058432e-01,7.843137254901960675e-02
9.987042370324921564e-04,8.627450980392157298e-01,-1.568627450980392135e-01
9.987062370324355925e-04,9.019607843137255054e-01,7.843137254901960675e-02
9.987082370323790287e-04,9.411764705882352811e-01,3.921568627450980338e-02
9.987102370323224648e-04,8.235294117647058432e-01,0.000000000000000000e+00
9.987122370322659010e-04,8.235294117647058432e-01,7.843137254901960675e-02
9.987142370322093371e-04,9.411764705882352811e-01,-7.843137254901960675e-02
9.987162370321527732e-04,9.411764705882352811e-01,3.921568627450980338e-02
9.987182370320962094e-04,8.235294117647058432e-01,0.000000000000000000e+00
9.987202370320396455e-04,9.019607843137255054e-01,-3.921568627450980338e-02
9.987222370319830816e-04,9.019607843137255054e-01,7.843137254901960675e-02
9.987242370319265178e-04,9.019607843137255054e-01,-3.921568627450980338e-02
9.987262370318699539e-04,8.235294117647058432e-01,0.000000000000000000e+00
9.987282370318133901e-04,9.019607843137255054e-01,0.000000000000000000e+00
9.987302370317568262e-04,9.019607843137255054e-01,3.921568627450980338e-02
9.987322370317002623e-04,9.411764705882352811e-01,7.843137254901960675e-02
9.987342370316436985e-04,8.235294117647058432e-01,-7.843137254901960675e-02
9.987362370315871346e-04,9.411764705882352811e-01,3.921568627450980338e-02
9.987382370315305707e-04,9.019607843137255054e-01,0.000000000000000000e+00
9.987402370314740069e-04,9.411764705882352811e-01,-7.843137254901960675e-02
9.987422370314174430e-04,8.627450980392157298e-01,7.843137254901960675e-02
9.987442370313608792e-04,8.627450980392157298e-01,0.000000000000000000e+00
9.987462370313043153e-04,8.627450980392157298e-01,7.843137254901960675e-02
9.987482370312477514e-04,9.411764705882352811e-01,0.000000000000000000e+00
9.987502370311911876e-04,8.235294117647058432e-01,-7.843137254901960675e-02
9.987522370311346237e-04,8.235294117647058432e-01,7.843137254901960675e-02
9.987542370310780598e-04,9.411764705882352811e-01,-3.921568627450980338e-02
9.987562370310214960e-04,9.411764705882352811e-01,3.921568627450980338e-02
9.987582370309649321e-04,8.235294117647058432e-01,0.000000000000000000e+00
9.987602370309083682e-04,9.019607843137255054e-01,-7.843137254901960675e-02
9.987622370308518044e-04,9.019607843137255054e-01,1.176470588235294101e-01
9.987642370307952405e-04,9.411764705882352811e-01,-3.921568627450980338e-02
9.987662370307386767e-04,8.627450980392157298e-01,3.921568627450980338e-02
9.987682370306821128e-04,8.627450980392157298e-01,0.000000000000000000e+00
9.987702370306255489e-04,9.019607843137255054e-01,0.000000000000000000e+00
9.987722370305689851e-04,9.019607843137255054e-01,7.843137254901960675e-02
9.987742370305124212e-04,9.019607843137255054e-01,-7.843137254901960675e-02
9.987762370304558573e-04,8.627450980392157298e-01,7.843137254901960675e-02
9.987782370303992935e-04,9.019607843137255054e-01,3.921568627450980338e-02
9.987802370303427296e-04,9.411764705882352811e-01,-3.921568627450980338e-02
9.987822370302861658e-04,8.235294117647058432e-01,7.843137254901960675e-02
9.987842370302296019e-04,9.019607843137255054e-01,-1.568627450980392135e-01
9.987862370301730380e-04,9.019607843137255054e-01,1.176470588235294101e-01
9.987882370301164742e-04,9.411764705882352811e-01,0.000000000000000000e+00
9.987902370300599103e-04,8.235294117647058432e-01,-3.921568627450980338e-02
9.987922370300033464e-04,8.627450980392157298e-01,7.843137254901960675e-02
9.987942370299467826e-04,9.019607843137255054e-01,-3.921568627450980338e-02
9.987962370298902187e-04,9.411764705882352811e-01,7.843137254901960675e-02
9.987982370298336549e-04,8.235294117647058432e-01,0.000000000000000000e+00
9.988002370297770910e-04,9.019607843137255054e-01,-1.568627450980392135e-01
9.988022370297205271e-04,9.019607843137255054e-01,7.843137254901960675e-02
9.988042370296639633e-04,9.411764705882352811e-01,-7.843137254901960675e-02
9.988062370296073994e-04,8.235294117647058432e-01,3.921568627450980338e-02
9.988082370295508355e-04,8.235294117647058432e-01,0.000000000000000000e+00
9.988102370294942717e-04,9.411764705882352811e-01,3.921568627450980338e-02
9.988122370294377078e-04,9.019607843137255054e-01,7.843137254901960675e-02
9.988142370293811440e-04,8.235294117647058432e-01,-7.843137254901960675e-02
9.988162370293245801e-04,8.627450980392157298e-01,7.843137254901960675e-02
9.988182370292680162e-04,8.627450980392157298e-01,0.000000000000000000e+00
9.988202370292114524e-04,9.411764705882352811e-01,-7.843137254901960675e-02
9.988222370291548885e-04,8.627450980392157298e-01,7.843137254901960675e-02
9.988242370290983246e-04,8.627450980392157298e-01,-7.843137254901960675e-02
9.988262370290417608e-04,9.019607843137255054e-01,1.568627450980392135e-01
9.988282370289851969e-04,9.411764705882352811e-01,0.000000000000000000e+00
9.988302370289286330e-04,8.235294117647058432e-01,-3.921568627450980338e-02
9.988322370288720692e-04,8.627450980392157298e-01,3.921568627450980338e-02
9.988342370288155053e-04,9.019607843137255054e-01,-3.921568627450980338e-02
9.988362370287589415e-04,9.411764705882352811e-01,0.000000000000000000e+00
9.988382370287023776e-04,8.627450980392157298e-01,0.000000000000000000e+00
9.988402370286458137e-04,9.019607843137255054e-01,0.000000000000000000e+00
9.988422370285892499e-04,8.627450980392157298e-01,1.176470588235294101e-01
9.988442370285326860e-04,9.411764705882352811e-01,-3.921568627450980338e-02
9.988462370284761221e-04,8.235294117647058432e-01,3.921568627450980338e-02
9.988482370284195583e-04,9.019607843137255054e-01,0.000000000000000000e+00
9.988502370283629944e-04,9.019607843137255054e-01,0.000000000000000000e+00
9.988522370283064306e-04,9.411764705882352811e-01,7.843137254901960675e-02
9.988542370282498667e-04,8.627450980392157298e-01,-3.921568627450980338e-02
9.988562370281933028e-04,8.627450980392157298e-01,7.843137254901960675e-02
9.988582370281367390e-04,9.019607843137255054e-01,3.921568627450980338e-02
9.988602370280801751e-04,9.411764705882352811e-01,-7.843137254901960675e-02
9.988622370280236112e-04,8.627450980392157298e-01,7.843137254901960675e-02
9.988642370279670474e-04,9.019607843137255054e-01,-7.843137254901960675e-02
9.988662370279104835e-04,9.019607843137255054e-01,1.176470588235294101e-01
9.988682370278539197e-04,9.411764705882352811e-01,0.000000000000000000e+00
9.988702370277973558e-04,8.627450980392157298e-01,-3.921568627450980338e-02
9.988722370277407919e-04,9.019607843137255054e-01,3.921568627450980338e-02
9.988742370276842281e-04,9.411764705882352811e-01,-3.921568627450980338e-02
9.988762370276276642e-04,9.411764705882352811e-01,7.843137254901960675e-02
9.988782370275711003e-04,8.627450980392157298e-01,0.000000000000000000e+00
9.988802370275145365e-04,9.019607843137255054e-01,0.000000000000000000e+00
9.988822370274579726e-04,9.019607843137255054e-01,7.843137254901960675e-02
9.988842370274014087e-04,9.411764705882352811e-01,-3.921568627450980338e-02
9.988862370273448449e-04,8.235294117647058432e-01,3.921568627450980338e-02
9.988882370272882810e-04,8.627450980392157298e-01,0.000000000000000000e+00
9.988902370272317172e-04,9.019607843137255054e-01,3.921568627450980338e-02
9.988922370271751533e-04,9.411764705882352811e-01,7.843137254901960675e-02
9.988942370271185894e-04,8.627450980392157298e-01,-3.921568627450980338e-02
9.988962370270620256e-04,9.019607843137255054e-01,7.843137254901960675e-02
9.988982370270054617e-04,8.627450980392157298e-01,0.000000000000000000e+00
9.989002370269488978e-04,9.411764705882352811e-01,0.000000000000000000e+00
9.989022370268923340e-04,8.627450980392157298e-01,7.843137254901960675e-02
9.989042370268357701e-04,9.019607843137255054e-01,-1.568627450980392135e-01
9.989062370267792063e-04,9.019607843137255054e-01,1.568627450980392135e-01
9.989082370267226424e-04,9.411764705882352811e-01,-3.921568627450980338e-02
9.989102370266660785e-04,8.235294117647058432e-01,-3.921568627450980338e-02
9.989122370266095147e-04,8.235294117647058432e-01,7.843137254901960675e-02
9.989142370265529508e-04,9.019607843137255054e-01,-3.921568627450980338e-02
9.989162370264963869e-04,9.411764705882352811e-01,3.921568627450980338e-02
9.989182370264398231e-04,8.235294117647058432e-01,0.000000000000000000e+00
9.989202370263832592e-04,9.019607843137255054e-01,3.921568627450980338e-02
9.989222370263266954e-04,9.019607843137255054e-01,3.921568627450980338e-02
9.989242370262701315e-04,9.411764705882352811e-01,-7.843137254901960675e-02
9.989262370262135676e-04,8.235294117647058432e-01,0.000000000000000000e+00
9.989282370261570038e-04,8.235294117647058432e-01,0.000000000000000000e+00
9.989302370261004399e-04,9.019607843137255054e-01,3.921568627450980338e-02
9.989322370260438760e-04,9.411764705882352811e-01,7.843137254901960675e-02
9.989342370259873122e-04,8.235294117647058432e-01,-3.921568627450980338e-02
9.989362370259307483e-04,8.627450980392157298e-01,7.843137254901960675e-02
9.989382370258741844e-04,9.019607843137255054e-01,0.000000000000000000e+00
9.989402370258176206e-04,9.411764705882352811e-01,-3.921568627450980338e-02
9.989422370257610567e-04,8.627450980392157298e-01,7.843137254901960675e-02
9.989442370257044929e-04,8.627450980392157298e-01,-1.568627450980392135e-01
9.989462370256479290e-04,9.019607843137255054e-01,1.176470588235294101e-01
9.989482370255913651e-04,9.411764705882352811e-01,0.000000000000000000e+00
9.989502370255348013e-04,8.627450980392157298e-01,-3.921568627450980338e-02
9.989522370254782374e-04,9.411764705882352811e-01,7.843137254901960675e-02
9.989542370254216735e-04,9.411764705882352811e-01,0.000000000000000000e+00
9.989562370253651097e-04,9.411764705882352811e-01,7.843137254901960675e-02
9.989582370253085458e-04,8.627450980392157298e-01,3.921568627450980338e-02
9.989602370252519820e-04,8.627450980392157298e-01,0.000000000000000000e+00
9.989622370251954181e-04,9.019607843137255054e-01,7.843137254901960675e-02
9.989642370251388542e-04,9.411764705882352811e-01,-3.921568627450980338e-02
9.989662370250822904e-04,8.627450980392157298e-01,3.921568627450980338e-02
9.989682370250257265e-04,8.627450980392157298e-01,3.921568627450980338e-02
9.989702370249691626e-04,9.019607843137255054e-01,0.000000000000000000e+00
9.989722370249125988e-04,9.411764705882352811e-01,7.843137254901960675e-02
9.989742370248560349e-04,8.627450980392157298e-01,-7.843137254901960675e-02
9.989762370247994711e-04,9.019607843137255054e-01,3.921568627450980338e-02
9.989782370247429072e-04,9.019607843137255054e-01,0.000000000000000000e+00
9.989802370246863433e-04,9.411764705882352811e-01,-7.843137254901960675e-02
9.989822370246297795e-04,8.627450980392157298e-01,7.843137254901960675e-02
9.989842370245732156e-04,9.019607843137255054e-01,-7.843137254901960675e-02
9.989862370245166517e-04,9.019607843137255054e-01,1.568627450980392135e-01
9.989882370244600879e-04,9.411764705882352811e-01,-3.921568627450980338e-02
9.989902370244035240e-04,8.627450980392157298e-01,0.000000000000000000e+00
9.989922370243469602e-04,8.627450980392157298e-01,7.843137254901960675e-02
9.989942370242903963e-04,9.411764705882352811e-01,-3.921568627450980338e-02
9.989962370242338324e-04,9.411764705882352811e-01,3.921568627450980338e-02
9.989982370241772686e-04,8.235294117647058432e-01,0.000000000000000000e+00
9.990002370241207047e-04,8.627450980392157298e-01,0.000000000000000000e+00
9.990022370240641408e-04,9.411764705882352811e-01,1.176470588235294101e-01
9.990042370240075770e-04,9.411764705882352811e-01,-3.921568627450980338e-02
9.990062370239510131e-04,8.627450980392157298e-01,3.921568627450980338e-02
9.990082370238944492e-04,8.627450980392157298e-01,0.000000000000000000e+00
9.990102370238378854e-04,9.019607843137255054e-01,0.000000000000000000e+00
9.990122370237813215e-04,9.411764705882352811e-01,7.843137254901960675e-02
9.990142370237247577e-04,8.627450980392157298e-01,-7.843137254901960675e-02
9.990162370236681938e-04,9.019607843137255054e-01,7.843137254901960675e-02
9.990182370236116299e-04,9.019607843137255054e-01,0.000000000000000000e+00
9.990202370235550661e-04,9.411764705882352811e-01,-3.921568627450980338e-02
9.990222370234985022e-04,8.627450980392157298e-01,7.843137254901960675e-02
9.990242370234419383e-04,9.019607843137255054e-01,-1.568627450980392135e-01
9.990262370233853745e-04,9.019607843137255054e-01,3.921568627450980338e-02
9.990282370233288106e-04,9.019607843137255054e-01,3.921568627450980338e-02
9.990302370232722468e-04,8.235294117647058432e-01,-3.921568627450980338e-02
9.990322370232156829e-04,8.627450980392157298e-01,1.176470588235294101e-01
9.990342370231591190e-04,9.019607843137255054e-01,-3.921568627450980338e-02
9.990362370231025552e-04,9.411764705882352811e-01,3.921568627450980338e-02
9.990382370230459913e-04,8.235294117647058432e-01,0.000000000000000000e+00
9.990402370229894274e-04,8.235294117647058432e-01,0.000000000000000000e+00
9.990422370229328636e-04,9.019607843137255054e-01,1.176470588235294101e-01
9.990442370228762997e-04,9.411764705882352811e-01,-7.843137254901960675e-02
9.990462370228197359e-04,8.627450980392157298e-01,3.921568627450980338e-02
9.990482370227631720e-04,9.411764705882352811e-01,0.000000000000000000e+00
9.990502370227066081e-04,9.411764705882352811e-01,0.000000000000000000e+00
9.990522370226500443e-04,9.411764705882352811e-01,7.843137254901960675e-02
9.990542370225934804e-04,8.627450980392157298e-01,-7.843137254901960675e-02
9.990562370225369165e-04,8.627450980392157298e-01,7.843137254901960675e-02
9.990582370224803527e-04,9.019607843137255054e-01,0.000000000000000000e+00
9.990602370224237888e-04,9.411764705882352811e-01,-7.843137254901960675e-02
9.990622370223672249e-04,8.627450980392157298e-01,7.843137254901960675e-02
9.990642370223106611e-04,9.019607843137255054e-01,0.000000000000000000e+00
9.990662370222540972e-04,8.627450980392157298e-01,1.568627450980392135e-01
9.990682370221975334e-04,9.411764705882352811e-01,-3.921568627450980338e-02
9.990702370221409695e-04,8.627450980392157298e-01,-3.921568627450980338e-02
9.990722370220844056e-04,9.019607843137255054e-01,7.843137254901960675e-02
9.990742370220278418e-04,9.411764705882352811e-01,-3.921568627450980338e-02
9.990762370219712779e-04,9.411764705882352811e-01,3.921568627450980338e-02
9.990782370219147140e-04,8.627450980392157298e-01,0.000000000000000000e+00
9.990802370218581502e-04,9.019607843137255054e-01,0.000000000000000000e+00
9.990822370218015863e-04,9.019607843137255054e-01,1.176470588235294101e-01
9.990842370217450225e-04,9.411764705882352811e-01,-3.921568627450980338e-02
9.990862370216884586e-04,8.627450980392157298e-01,3.921568627450980338e-02
9.990882370216318947e-04,8.627450980392157298e-01,0.000000000000000000e+00
9.990902370215753309e-04,9.411764705882352811e-01,3.921568627450980338e-02
9.990922370215187670e-04,9.411764705882352811e-01,7.843137254901960675e-02
9.990942370214622031e-04,8.235294117647058432e-01,-7.843137254901960675e-02
9.990962370214056393e-04,8.235294117647058432e-01,3.921568627450980338e-02
9.990982370213490754e-04,9.019607843137255054e-01,3.921568627450980338e-02
9.991002370212925116e-04,9.411764705882352811e-01,-7.843137254901960675e-02
9.991022370212359477e-04,8.235294117647058432e-01,7.843137254901960675e-02
9.991042370211793838e-04,9.019607843137255054e-01,-7.843137254901960675e-02
9.991062370211228200e-04,8.627450980392157298e-01,1.176470588235294101e-01
9.991082370210662561e-04,9.411764705882352811e-01,0.000000000000000000e+00
9.991102370210096922e-04,8.235294117647058432e-01,-3.921568627450980338e-02
9.991122370209531284e-04,8.627450980392157298e-01,7.843137254901960675e-02
9.991142370208965645e-04,9.019607843137255054e-01,-3.921568627450980338e-02
9.991162370208400006e-04,9.411764705882352811e-01,3.921568627450980338e-02
9.991182370207834368e-04,8.235294117647058432e-01,0.000000000000000000e+00
9.991202370207268729e-04,9.411764705882352811e-01,0.000000000000000000e+00
9.991222370206703091e-04,9.019607843137255054e-01,7.843137254901960675e-02
9.991242370206137452e-04,9.411764705882352811e-01,-7.843137254901960675e-02
9.991262370205571813e-04,8.235294117647058432e-01,3.921568627450980338e-02
9.991282370205006175e-04,9.019607843137255054e-01,0.000000000000000000e+00
9.991302370204440536e-04,9.019607843137255054e-01,0.000000000000000000e+00
9.991322370203874897e-04,9.019607843137255054e-01,7.843137254901960675e-02
9.991342370203309259e-04,8.235294117647058432e-01,-3.921568627450980338e-02
9.991362370202743620e-04,9.019607843137255054e-01,3.921568627450980338e-02
9.991382370202177982e-04,8.627450980392157298e-01,3.921568627450980338e-02
9.991402370201612343e-04,9.411764705882352811e-01,-3.921568627450980338e-02
9.991422370201046704e-04,8.235294117647058432e-01,7.843137254901960675e-02
9.991442370200481066e-04,8.627450980392157298e-01,-1.568627450980392135e-01
9.991462370199915427e-04,9.019607843137255054e-01,1.176470588235294101e-01
9.991482370199349788e-04,9.019607843137255054e-01,-3.921568627450980338e-02
9.991502370198784150e-04,8.627450980392157298e-01,-3.921568627450980338e-02
9.991522370198218511e-04,9.019607843137255054e-01,3.921568627450980338e-02
9.991542370197652873e-04,9.019607843137255054e-01,-3.921568627450980338e-02
9.991562370197087234e-04,9.411764705882352811e-01,3.921568627450980338e-02
9.991582370196521595e-04,8.627450980392157298e-01,0.000000000000000000e+00
9.991602370195955957e-04,8.235294117647058432e-01,0.000000000000000000e+00
9.991622370195390318e-04,9.019607843137255054e-01,7.843137254901960675e-02
9.991642370194824679e-04,9.411764705882352811e-01,-7.843137254901960675e-02
9.991662370194259041e-04,8.235294117647058432e-01,0.000000000000000000e+00
9.991682370193693402e-04,8.627450980392157298e-01,0.000000000000000000e+00
9.991702370193127763e-04,9.411764705882352811e-01,3.921568627450980338e-02
9.991722370192562125e-04,9.019607843137255054e-01,7.843137254901960675e-02
9.991742370191996486e-04,8.627450980392157298e-01,-7.843137254901960675e-02
9.991762370191430848e-04,9.019607843137255054e-01,3.921568627450980338e-02
9.991782370190865209e-04,9.019607843137255054e-01,0.000000000000000000e+00
9.991802370190299570e-04,9.411764705882352811e-01,0.000000000000000000e+00
9.991822370189733932e-04,8.235294117647058432e-01,7.843137254901960675e-02
9.991842370189168293e-04,8.627450980392157298e-01,-1.568627450980392135e-01
9.991862370188602654e-04,9.019607843137255054e-01,1.176470588235294101e-01
9.991882370188037016e-04,9.411764705882352811e-01,0.000000000000000000e+00
9.991902370187471377e-04,8.235294117647058432e-01,0.000000000000000000e+00
9.991922370186905739e-04,9.019607843137255054e-01,7.843137254901960675e-02
9.991942370186340100e-04,9.019607843137255054e-01,-7.843137254901960675e-02
9.991962370185774461e-04,9.019607843137255054e-01,3.921568627450980338e-02
9.991982370185208823e-04,8.627450980392157298e-01,0.000000000000000000e+00
9.992002370184643184e-04,9.019607843137255054e-01,0.000000000000000000e+00
9.992022370184077545e-04,9.019607843137255054e-01,7.843137254901960675e-02
9.992042370183511907e-04,9.411764705882352811e-01,-7.843137254901960675e-02
9.992062370182946268e-04,8.235294117647058432e-01,0.000000000000000000e+00
9.992082370182380630e-04,9.019607843137255054e-01,0.000000000000000000e+00
9.992102370181814991e-04,9.019607843137255054e-01,0.000000000000000000e+00
9.992122370181249352e-04,9.411764705882352811e-01,3.921568627450980338e-02
9.992142370180683714e-04,8.627450980392157298e-01,-3.921568627450980338e-02
9.992162370180118075e-04,9.019607843137255054e-01,7.843137254901960675e-02
9.992182370179552436e-04,9.019607843137255054e-01,3.921568627450980338e-02
9.992202370178986798e-04,9.411764705882352811e-01,-3.921568627450980338e-02
9.992222370178421159e-04,8.235294117647058432e-01,7.843137254901960675e-02
9.992242370177855521e-04,9.019607843137255054e-01,-1.568627450980392135e-01
9.992262370177289882e-04,9.019607843137255054e-01,7.843137254901960675e-02
9.992282370176724243e-04,9.411764705882352811e-01,0.000000000000000000e+00
9.992302370176158605e-04,8.235294117647058432e-01,-3.921568627450980338e-02
9.992322370175592966e-04,8.627450980392157298e-01,7.843137254901960675e-02
9.992342370175027327e-04,9.019607843137255054e-01,0.000000000000000000e+00
9.992362370174461689e-04,9.411764705882352811e-01,0.000000000000000000e+00
9.992382370173896050e-04,8.627450980392157298e-01,0.000000000000000000e+00
9.992402370173330411e-04,8.627450980392157298e-01,0.000000000000000000e+00
9.992422370172764773e-04,8.627450980392157298e-01,7.843137254901960675e-02
9.992442370172199134e-04,9.411764705882352811e-01,-3.921568627450980338e-02
9.992462370171633496e-04,8.235294117647058432e-01,3.921568627450980338e-02
9.992482370171067857e-04,9.019607843137255054e-01,0.000000000000000000e+00
9.992502370170502218e-04,9.019607843137255054e-01,3.921568627450980338e-02
9.992522370169936580e-04,9.411764705882352811e-01,3.921568627450980338e-02
9.992542370169370941e-04,8.627450980392157298e-01,-7.843137254901960675e-02
9.992562370168805302e-04,8.627450980392157298e-01,3.921568627450980338e-02
9.992582370168239664e-04,8.627450980392157298e-01,0.000000000000000000e+00
9.992602370167674025e-04,9.411764705882352811e-01,-7.843137254901960675e-02
9.992622370167108387e-04,8.627450980392157298e-01,7.843137254901960675e-02
9.992642370166542748e-04,8.235294117647058432e-01,-1.568627450980392135e-01
9.992662370165977109e-04,8.627450980392157298e-01,1.176470588235294101e-01
9.992682370165411471e-04,9.411764705882352811e-01,0.000000000000000000e+00
9.992702370164845832e-04,8.627450980392157298e-01,0.000000000000000000e+00
9.992722370164280193e-04,9.019607843137255054e-01,7.843137254901960675e-02
9.992742370163714555e-04,9.019607843137255054e-01,0.000000000000000000e+00
9.992762370163148916e-04,9.411764705882352811e-01,7.843137254901960675e-02
9.992782370162583278e-04,8.627450980392157298e-01,3.921568627450980338e-02
9.992802370162017639e-04,9.019607843137255054e-01,-1.568627450980392135e-01
9.992822370161452000e-04,9.019607843137255054e-01,7.843137254901960675e-02
9.992842370160886362e-04,9.411764705882352811e-01,-7.843137254901960675e-02
9.992862370160320723e-04,8.627450980392157298e-01,3.921568627450980338e-02
9.992882370159755084e-04,8.235294117647058432e-01,3.921568627450980338e-02
9.992902370159189446e-04,9.411764705882352811e-01,3.921568627450980338e-02
9.992922370158623807e-04,9.411764705882352811e-01,3.921568627450980338e-02
9.992942370158058168e-04,8.235294117647058432e-01,-3.921568627450980338e-02
9.992962370157492530e-04,8.627450980392157298e-01,3.921568627450980338e-02
9.992982370156926891e-04,9.019607843137255054e-01,0.000000000000000000e+00
9.993002370156361253e-04,9.019607843137255054e-01,-7.843137254901960675e-02
9.993022370155795614e-04,8.235294117647058432e-01,7.843137254901960675e-02
9.993042370155229975e-04,9.019607843137255054e-01,0.000000000000000000e+00
9.993062370154664337e-04,9.019607843137255054e-01,3.921568627450980338e-02
9.993082370154098698e-04,9.411764705882352811e-01,3.921568627450980338e-02
9.993102370153533059e-04,8.627450980392157298e-01,-7.843137254901960675e-02
9.993122370152967421e-04,8.235294117647058432e-01,7.843137254901960675e-02
9.993142370152401782e-04,9.019607843137255054e-01,-3.921568627450980338e-02
9.993162370151836144e-04,9.411764705882352811e-01,0.000000000000000000e+00
9.993182370151270505e-04,8.235294117647058432e-01,0.000000000000000000e+00
9.993202370150704866e-04,9.019607843137255054e-01,3.921568627450980338e-02
9.993222370150139228e-04,9.019607843137255054e-01,1.176470588235294101e-01
9.993242370149573589e-04,9.411764705882352811e-01,-3.921568627450980338e-02
9.993262370149007950e-04,8.235294117647058432e-01,3.921568627450980338e-02
9.993282370148442312e-04,9.019607843137255054e-01,3.921568627450980338e-02
9.993302370147876673e-04,9.019607843137255054e-01,0.000000000000000000e+00
9.993322370147311035e-04,9.411764705882352811e-01,3.921568627450980338e-02
9.993342370146745396e-04,8.235294117647058432e-01,-3.921568627450980338e-02
9.993362370146179757e-04,8.627450980392157298e-01,3.921568627450980338e-02
9.993382370145614119e-04,9.019607843137255054e-01,3.921568627450980338e-02
9.993402370145048480e-04,9.411764705882352811e-01,-3.921568627450980338e-02
9.993422370144482841e-04,8.627450980392157298e-01,7.843137254901960675e-02
9.993442370143917203e-04,9.019607843137255054e-01,-7.843137254901960675e-02
9.993462370143351564e-04,8.627450980392157298e-01,1.176470588235294101e-01
9.993482370142785925e-04,9.411764705882352811e-01,3.921568627450980338e-02
9.993502370142220287e-04,8.627450980392157298e-01,0.000000000000000000e+00
9.993522370141654648e-04,9.411764705882352811e-01,7.843137254901960675e-02
9.993542370141089010e-04,9.411764705882352811e-01,-7.843137254901960675e-02
9.993562370140523371e-04,9.411764705882352811e-01,3.921568627450980338e-02
9.993582370139957732e-04,8.627450980392157298e-01,0.000000000000000000e+00
9.993602370139392094e-04,8.627450980392157298e-01,0.000000000000000000e+00
9.993622370138826455e-04,8.627450980392157298e-01,7.843137254901960675e-02
9.993642370138260816e-04,9.411764705882352811e-01,-7.843137254901960675e-02
9.993662370137695178e-04,8.627450980392157298e-01,0.000000000000000000e+00
9.993682370137129539e-04,9.019607843137255054e-01,0.000000000000000000e+00
9.993702370136563901e-04,9.019607843137255054e-01,0.000000000000000000e+00
9.993722370135998262e-04,9.411764705882352811e-01,3.921568627450980338e-02
9.993742370135432623e-04,8.627450980392157298e-01,-7.843137254901960675e-02
9.993762370134866985e-04,8.627450980392157298e-01,0.000000000000000000e+00
9.993782370134301346e-04,9.019607843137255054e-01,3.921568627450980338e-02
9.993802370133735707e-04,9.411764705882352811e-01,-3.921568627450980338e-02
9.993822370133170069e-04,8.235294117647058432e-01,1.176470588235294101e-01
9.993842370132604430e-04,9.019607843137255054e-01,-1.568627450980392135e-01
9.993862370132038792e-04,9.019607843137255054e-01,7.843137254901960675e-02
9.993882370131473153e-04,9.411764705882352811e-01,7.843137254901960675e-02
9.993902370130907514e-04,8.627450980392157298e-01,-3.921568627450980338e-02
9.993922370130341876e-04,8.627450980392157298e-01,7.843137254901960675e-02
9.993942370129776237e-04,9.019607843137255054e-01,-7.843137254901960675e-02
9.993962370129210598e-04,9.411764705882352811e-01,3.921568627450980338e-02
9.993982370128644960e-04,8.627450980392157298e-01,0.000000000000000000e+00
9.994002370128079321e-04,9.019607843137255054e-01,0.000000000000000000e+00
9.994022370127513683e-04,9.019607843137255054e-01,7.843137254901960675e-02
9.994042370126948044e-04,9.411764705882352811e-01,-3.921568627450980338e-02
9.994062370126382405e-04,8.235294117647058432e-01,3.921568627450980338e-02
9.994082370125816767e-04,8.627450980392157298e-01,3.921568627450980338e-02
9.994102370125251128e-04,8.627450980392157298e-01,3.921568627450980338e-02
9.994122370124685489e-04,9.019607843137255054e-01,7.843137254901960675e-02
9.994142370124119851e-04,8.627450980392157298e-01,-3.921568627450980338e-02
9.994162370123554212e-04,9.019607843137255054e-01,3.921568627450980338e-02
9.994182370122988573e-04,9.019607843137255054e-01,0.000000000000000000e+00
9.994202370122422935e-04,9.411764705882352811e-01,-7.843137254901960675e-02
9.994222370121857296e-04,8.627450980392157298e-01,1.176470588235294101e-01
9.994242370121291658e-04,9.019607843137255054e-01,-1.568627450980392135e-01
9.994262370120726019e-04,9.019607843137255054e-01,1.568627450980392135e-01
9.994282370120160380e-04,9.411764705882352811e-01,3.921568627450980338e-02
9.994302370119594742e-04,8.627450980392157298e-01,-3.921568627450980338e-02
9.994322370119029103e-04,8.627450980392157298e-01,7.843137254901960675e-02
9.994342370118463464e-04,9.019607843137255054e-01,-3.921568627450980338e-02
9.994362370117897826e-04,9.411764705882352811e-01,3.921568627450980338e-02
9.994382370117332187e-04,8.627450980392157298e-01,0.000000000000000000e+00
9.994402370116766549e-04,8.627450980392157298e-01,0.000000000000000000e+00
9.994422370116200910e-04,9.019607843137255054e-01,1.176470588235294101e-01
9.994442370115635271e-04,9.411764705882352811e-01,0.000000000000000000e+00
9.994462370115069633e-04,8.235294117647058432e-01,3.921568627450980338e-02
9.994482370114503994e-04,8.627450980392157298e-01,3.921568627450980338e-02
9.994502370113938355e-04,9.019607843137255054e-01,3.921568627450980338e-02
9.994522370113372717e-04,9.411764705882352811e-01,7.843137254901960675e-02
9.994542370112807078e-04,8.627450980392157298e-01,-3.921568627450980338e-02
9.994562370112241440e-04,9.019607843137255054e-01,7.843137254901960675e-02
9.994582370111675801e-04,9.019607843137255054e-01,0.000000000000000000e+00
9.994602370111110162e-04,9.411764705882352811e-01,-7.843137254901960675e-02
9.994622370110544524e-04,8.627450980392157298e-01,1.176470588235294101e-01
9.994642370109978885e-04,9.019607843137255054e-01,-1.568627450980392135e-01
9.994662370109413246e-04,9.019607843137255054e-01,1.176470588235294101e-01
9.994682370108847608e-04,9.019607843137255054e-01,0.000000000000000000e+00
9.994702370108281969e-04,8.627450980392157298e-01,0.000000000000000000e+00
9.994722370107716330e-04,8.235294117647058432e-01,7.843137254901960675e-02
9.994742370107150692e-04,9.019607843137255054e-01,-3.921568627450980338e-02
9.994762370106585053e-04,9.411764705882352811e-01,3.921568627450980338e-02
9.994782370106019415e-04,8.627450980392157298e-01,0.000000000000000000e+00
9.994802370105453776e-04,8.627450980392157298e-01,-7.843137254901960675e-02
9.994822370104888137e-04,9.019607843137255054e-01,7.843137254901960675e-02
9.994842370104322499e-04,9.411764705882352811e-01,-7.843137254901960675e-02
9.994862370103756860e-04,8.627450980392157298e-01,3.921568627450980338e-02
9.994882370103191221e-04,9.019607843137255054e-01,3.921568627450980338e-02
9.994902370102625583e-04,9.019607843137255054e-01,0.000000000000000000e+00
9.994922370102059944e-04,9.019607843137255054e-01,3.921568627450980338e-02
9.994942370101494306e-04,8.235294117647058432e-01,-7.843137254901960675e-02
9.994962370100928667e-04,8.235294117647058432e-01,7.843137254901960675e-02
9.994982370100363028e-04,9.019607843137255054e-01,0.000000000000000000e+00
9.995002370099797390e-04,9.411764705882352811e-01,-7.843137254901960675e-02
9.995022370099231751e-04,8.627450980392157298e-01,7.843137254901960675e-02
9.995042370098666112e-04,8.627450980392157298e-01,-3.921568627450980338e-02
9.995062370098100474e-04,9.019607843137255054e-01,7.843137254901960675e-02
9.995082370097534835e-04,9.019607843137255054e-01,3.921568627450980338e-02
9.995102370096969197e-04,8.627450980392157298e-01,-7.843137254901960675e-02
9.995122370096403558e-04,9.019607843137255054e-01,7.843137254901960675e-02
9.995142370095837919e-04,9.019607843137255054e-01,0.000000000000000000e+00
9.995162370095272281e-04,9.411764705882352811e-01,3.921568627450980338e-02
9.995182370094706642e-04,8.627450980392157298e-01,0.000000000000000000e+00
9.995202370094141003e-04,8.627450980392157298e-01,-3.921568627450980338e-02
9.995222370093575365e-04,9.019607843137255054e-01,7.843137254901960675e-02
9.995242370093009726e-04,9.411764705882352811e-01,-3.921568627450980338e-02
9.995262370092444087e-04,8.627450980392157298e-01,7.843137254901960675e-02
9.995282370091878449e-04,8.627450980392157298e-01,3.921568627450980338e-02
9.995302370091312810e-04,9.019607843137255054e-01,0.000000000000000000e+00
9.995322370090747172e-04,9.411764705882352811e-01,7.843137254901960675e-02
9.995342370090181533e-04,8.627450980392157298e-01,-7.843137254901960675e-02
9.995362370089615894e-04,9.019607843137255054e-01,3.921568627450980338e-02
9.995382370089050256e-04,9.019607843137255054e-01,0.000000000000000000e+00
9.995402370088484617e-04,9.411764705882352811e-01,-3.921568627450980338e-02
9.995422370087918978e-04,8.235294117647058432e-01,7.843137254901960675e-02
9.995442370087353340e-04,8.235294117647058432e-01,-7.843137254901960675e-02
9.995462370086787701e-04,9.019607843137255054e-01,1.176470588235294101e-01
9.995482370086222063e-04,9.411764705882352811e-01,0.000000000000000000e+00
9.995502370085656424e-04,8.627450980392157298e-01,-3.921568627450980338e-02
9.995522370085090785e-04,8.235294117647058432e-01,7.843137254901960675e-02
9.995542370084525147e-04,9.019607843137255054e-01,-3.921568627450980338e-02
9.995562370083959508e-04,9.411764705882352811e-01,3.921568627450980338e-02
9.995582370083393869e-04,8.627450980392157298e-01,0.000000000000000000e+00
9.995602370082828231e-04,8.235294117647058432e-01,-7.843137254901960675e-02
9.995622370082262592e-04,9.019607843137255054e-01,7.843137254901960675e-02
9.995642370081696954e-04,9.411764705882352811e-01,-3.921568627450980338e-02
9.995662370081131315e-04,8.235294117647058432e-01,3.921568627450980338e-02
9.995682370080565676e-04,8.627450980392157298e-01,0.000000000000000000e+00
9.995702370080000038e-04,8.627450980392157298e-01,0.000000000000000000e+00
9.995722370079434399e-04,9.411764705882352811e-01,7.843137254901960675e-02
9.995742370078868760e-04,8.627450980392157298e-01,-7.843137254901960675e-02
9.995762370078303122e-04,8.627450980392157298e-01,7.843137254901960675e-02
9.995782370077737483e-04,8.627450980392157298e-01,0.000000000000000000e+00
9.995802370077171844e-04,9.411764705882352811e-01,-3.921568627450980338e-02
9.995822370076606206e-04,8.627450980392157298e-01,7.843137254901960675e-02
9.995842370076040567e-04,9.019607843137255054e-01,-1.568627450980392135e-01
9.995862370075474929e-04,9.019607843137255054e-01,1.568627450980392135e-01
9.995882370074909290e-04,9.019607843137255054e-01,-3.921568627450980338e-02
9.995902370074343651e-04,8.627450980392157298e-01,-3.921568627450980338e-02
9.995922370073778013e-04,8.627450980392157298e-01,3.921568627450980338e-02
9.995942370073212374e-04,9.019607843137255054e-01,-3.921568627450980338e-02
9.995962370072646735e-04,9.411764705882352811e-01,7.843137254901960675e-02
9.995982370072081097e-04,8.627450980392157298e-01,0.000000000000000000e+00
9.996002370071515458e-04,8.627450980392157298e-01,0.000000000000000000e+00
9.996022370070949820e-04,9.411764705882352811e-01,1.176470588235294101e-01
9.996042370070384181e-04,9.019607843137255054e-01,-7.843137254901960675e-02
9.996062370069818542e-04,8.235294117647058432e-01,0.000000000000000000e+00
9.996082370069252904e-04,8.627450980392157298e-01,0.000000000000000000e+00
9.996102370068687265e-04,9.019607843137255054e-01,0.000000000000000000e+00
9.996122370068121626e-04,9.019607843137255054e-01,7.843137254901960675e-02
9.996142370067555988e-04,8.627450980392157298e-01,-7.843137254901960675e-02
9.996162370066990349e-04,8.235294117647058432e-01,3.921568627450980338e-02
9.996182370066424711e-04,9.019607843137255054e-01,0.000000000000000000e+00
9.996202370065859072e-04,9.411764705882352811e-01,-7.843137254901960675e-02
9.996222370065293433e-04,8.235294117647058432e-01,7.843137254901960675e-02
9.996242370064727795e-04,8.627450980392157298e-01,-1.568627450980392135e-01
9.996262370064162156e-04,9.019607843137255054e-01,1.176470588235294101e-01
9.996282370063596517e-04,9.019607843137255054e-01,-3.921568627450980338e-02
9.996302370063030879e-04,8.627450980392157298e-01,-3.921568627450980338e-02
9.996322370062465240e-04,9.019607843137255054e-01,7.843137254901960675e-02
9.996342370061899602e-04,9.019607843137255054e-01,-3.921568627450980338e-02
9.996362370061333963e-04,9.411764705882352811e-01,7.843137254901960675e-02
9.996382370060768324e-04,8.235294117647058432e-01,0.000000000000000000e+00
9.996402370060202686e-04,9.019607843137255054e-01,3.921568627450980338e-02
9.996422370059637047e-04,9.019607843137255054e-01,7.843137254901960675e-02
9.996442370059071408e-04,9.411764705882352811e-01,-7.843137254901960675e-02
9.996462370058505770e-04,8.235294117647058432e-01,3.921568627450980338e-02
9.996482370057940131e-04,9.019607843137255054e-01,0.000000000000000000e+00
9.996502370057374492e-04,9.019607843137255054e-01,0.000000000000000000e+00
9.996522370056808854e-04,9.411764705882352811e-01,3.921568627450980338e-02
9.996542370056243215e-04,8.627450980392157298e-01,-7.843137254901960675e-02
9.996562370055677577e-04,9.019607843137255054e-01,7.843137254901960675e-02
9.996582370055111938e-04,9.019607843137255054e-01,3.921568627450980338e-02
9.996602370054546299e-04,9.411764705882352811e-01,-3.921568627450980338e-02
9.996622370053980661e-04,8.627450980392157298e-01,7.843137254901960675e-02
9.996642370053415022e-04,9.019607843137255054e-01,-7.843137254901960675e-02
9.996662370052849383e-04,9.019607843137255054e-01,1.568627450980392135e-01
9.996682370052283745e-04,9.411764705882352811e-01,0.000000000000000000e+00
9.996702370051718106e-04,8.235294117647058432e-01,-3.921568627450980338e-02
9.996722370051152468e-04,9.019607843137255054e-01,7.843137254901960675e-02
9.996742370050586829e-04,8.627450980392157298e-01,-3.921568627450980338e-02
9.996762370050021190e-04,9.411764705882352811e-01,3.921568627450980338e-02
9.996782370049455552e-04,8.235294117647058432e-01,0.000000000000000000e+00
9.996802370048889913e-04,9.019607843137255054e-01,0.000000000000000000e+00
9.996822370048324274e-04,9.019607843137255054e-01,7.843137254901960675e-02
9.996842370047758636e-04,9.411764705882352811e-01,-3.921568627450980338e-02
9.996862370047192997e-04,8.627450980392157298e-01,3.921568627450980338e-02
9.996882370046627359e-04,8.627450980392157298e-01,3.921568627450980338e-02
9.996902370046061720e-04,9.019607843137255054e-01,7.843137254901960675e-02
9.996922370045496081e-04,9.411764705882352811e-01,7.843137254901960675e-02
9.996942370044930443e-04,8.627450980392157298e-01,-3.921568627450980338e-02
9.996962370044364804e-04,9.411764705882352811e-01,3.921568627450980338e-02
9.996982370043799165e-04,9.019607843137255054e-01,0.000000000000000000e+00
9.997002370043233527e-04,9.411764705882352811e-01,-3.921568627450980338e-02
9.997022370042667888e-04,8.627450980392157298e-01,7.843137254901960675e-02
9.997042370042102249e-04,9.019607843137255054e-01,-1.568627450980392135e-01
9.997062370041536611e-04,9.411764705882352811e-01,7.843137254901960675e-02
9.997082370040970972e-04,9.411764705882352811e-01,0.000000000000000000e+00
9.997102370040405334e-04,8.627450980392157298e-01,0.000000000000000000e+00
9.997122370039839695e-04,8.627450980392157298e-01,7.843137254901960675e-02
9.997142370039274056e-04,9.019607843137255054e-01,-3.921568627450980338e-02
9.997162370038708418e-04,9.411764705882352811e-01,3.921568627450980338e-02
9.997182370038142779e-04,8.627450980392157298e-01,0.000000000000000000e+00
9.997202370037577140e-04,8.627450980392157298e-01,-7.843137254901960675e-02
9.997222370037011502e-04,9.019607843137255054e-01,7.843137254901960675e-02
9.997242370036445863e-04,9.019607843137255054e-01,-7.843137254901960675e-02
9.997262370035880225e-04,8.627450980392157298e-01,0.000000000000000000e+00
9.997282370035314586e-04,9.019607843137255054e-01,0.000000000000000000e+00
9.997302370034748947e-04,9.019607843137255054e-01,3.921568627450980338e-02
9.997322370034183309e-04,9.411764705882352811e-01,7.843137254901960675e-02
9.997342370033617670e-04,8.627450980392157298e-01,-7.843137254901960675e-02
9.997362370033052031e-04,8.627450980392157298e-01,7.843137254901960675e-02
9.997382370032486393e-04,9.411764705882352811e-01,3.921568627450980338e-02
9.997402370031920754e-04,9.411764705882352811e-01,-3.921568627450980338e-02
9.997422370031355116e-04,8.235294117647058432e-01,7.843137254901960675e-02
9.997442370030789477e-04,9.019607843137255054e-01,-1.568627450980392135e-01
9.997462370030223838e-04,9.019607843137255054e-01,3.921568627450980338e-02
9.997482370029658200e-04,9.411764705882352811e-01,3.921568627450980338e-02
9.997502370029092561e-04,8.627450980392157298e-01,-3.921568627450980338e-02
9.997522370028526922e-04,8.627450980392157298e-01,7.843137254901960675e-02
9.997542370027961284e-04,9.019607843137255054e-01,-3.921568627450980338e-02
9.997562370027395645e-04,9.019607843137255054e-01,3.921568627450980338e-02
9.997582370026830006e-04,8.627450980392157298e-01,0.000000000000000000e+00
9.997602370026264368e-04,9.019607843137255054e-01,-7.843137254901960675e-02
9.997622370025698729e-04,9.019607843137255054e-01,1.176470588235294101e-01
9.997642370025133091e-04,9.411764705882352811e-01,-3.921568627450980338e-02
9.997662370024567452e-04,8.235294117647058432e-01,3.921568627450980338e-02
9.997682370024001813e-04,9.019607843137255054e-01,3.921568627450980338e-02
9.997702370023436175e-04,8.627450980392157298e-01,0.000000000000000000e+00
9.997722370022870536e-04,9.411764705882352811e-01,7.843137254901960675e-02
9.997742370022304897e-04,8.627450980392157298e-01,-3.921568627450980338e-02
9.997762370021739259e-04,9.019607843137255054e-01,7.843137254901960675e-02
9.997782370021173620e-04,9.019607843137255054e-01,0.000000000000000000e+00
9.997802370020607982e-04,9.803921568627450567e-01,-7.843137254901960675e-02
9.997822370020042343e-04,8.235294117647058432e-01,7.843137254901960675e-02
9.997842370019476704e-04,8.627450980392157298e-01,0.000000000000000000e+00
9.997862370018911066e-04,8.627450980392157298e-01,1.568627450980392135e-01
9.997882370018345427e-04,9.411764705882352811e-01,0.000000000000000000e+00
9.997902370017779788e-04,8.627450980392157298e-01,-3.921568627450980338e-02
9.997922370017214150e-04,8.627450980392157298e-01,7.843137254901960675e-02
9.997942370016648511e-04,9.411764705882352811e-01,-3.921568627450980338e-02
9.997962370016082873e-04,9.411764705882352811e-01,3.921568627450980338e-02
9.997982370015517234e-04,8.235294117647058432e-01,0.000000000000000000e+00
9.998002370014951595e-04,9.019607843137255054e-01,0.000000000000000000e+00
9.998022370014385957e-04,9.019607843137255054e-01,7.843137254901960675e-02
9.998042370013820318e-04,9.411764705882352811e-01,-3.921568627450980338e-02
9.998062370013254679e-04,8.235294117647058432e-01,3.921568627450980338e-02
9.998082370012689041e-04,8.627450980392157298e-01,0.000000000000000000e+00
9.998102370012123402e-04,9.019607843137255054e-01,0.000000000000000000e+00
9.998122370011557764e-04,9.411764705882352811e-01,7.843137254901960675e-02
9.998142370010992125e-04,8.235294117647058432e-01,-7.843137254901960675e-02
9.998162370010426486e-04,8.235294117647058432e-01,3.921568627450980338e-02
9.998182370009860848e-04,9.019607843137255054e-01,0.000000000000000000e+00
9.998202370009295209e-04,9.411764705882352811e-01,-3.921568627450980338e-02
9.998222370008729570e-04,8.235294117647058432e-01,7.843137254901960675e-02
9.998242370008163932e-04,9.019607843137255054e-01,-7.843137254901960675e-02
9.998262370007598293e-04,9.019607843137255054e-01,1.176470588235294101e-01
9.998282370007032654e-04,9.411764705882352811e-01,0.000000000000000000e+00
9.998302370006467016e-04,8.235294117647058432e-01,-3.921568627450980338e-02
9.998322370005901377e-04,8.627450980392157298e-01,7.843137254901960675e-02
9.998342370005335739e-04,9.019607843137255054e-01,-3.921568627450980338e-02
9.998362370004770100e-04,9.411764705882352811e-01,3.921568627450980338e-02
9.998382370004204461e-04,8.627450980392157298e-01,0.000000000000000000e+00
9.998402370003638823e-04,9.019607843137255054e-01,0.000000000000000000e+00
9.998422370003073184e-04,9.019607843137255054e-01,7.843137254901960675e-02
9.998442370002507545e-04,9.411764705882352811e-01,-7.843137254901960675e-02
9.998462370001941907e-04,8.627450980392157298e-01,0.000000000000000000e+00
9.998482370001376268e-04,9.019607843137255054e-01,0.000000000000000000e+00
9.998502370000810630e-04,9.019607843137255054e-01,3.921568627450980338e-02
9.998522370000244991e-04,9.411764705882352811e-01,3.921568627450980338e-02
9.998542369999679352e-04,8.627450980392157298e-01,-7.843137254901960675e-02
9.998562369999113714e-04,9.019607843137255054e-01,7.843137254901960675e-02
9.998582369998548075e-04,9.019607843137255054e-01,0.000000000000000000e+00
9.998602369997982436e-04,9.411764705882352811e-01,-3.921568627450980338e-02
9.998622369997416798e-04,8.235294117647058432e-01,7.843137254901960675e-02
9.998642369996851159e-04,8.627450980392157298e-01,-1.568627450980392135e-01
9.998662369996285521e-04,8.627450980392157298e-01,1.176470588235294101e-01
9.998682369995719882e-04,9.019607843137255054e-01,0.000000000000000000e+00
9.998702369995154243e-04,8.627450980392157298e-01,-3.921568627450980338e-02
9.998722369994588605e-04,8.627450980392157298e-01,7.843137254901960675e-02
9.998742369994022966e-04,8.627450980392157298e-01,-3.921568627450980338e-02
9.998762369993457327e-04,9.019607843137255054e-01,3.921568627450980338e-02
9.998782369992891689e-04,8.627450980392157298e-01,6.274509803921568540e-01
9.998802369992326050e-04,9.019607843137255054e-01,2.392156862745097978e+00
9.998822369991760411e-04,9.019607843137255054e-01,3.607843137254901578e+00
9.998842369991194773e-04,9.411764705882352811e-01,4.235294117647058876e+00
9.998862369990629134e-04,8.235294117647058432e-01,4.078431372549020217e+00
9.998882369990063496e-04,8.627450980392157298e-01,3.568627450980391913e+00
9.998902369989497857e-04,9.411764705882352811e-01,3.019607843137254832e+00
9.998922369988932218e-04,9.411764705882352811e-01,2.980392156862744724e+00
9.998942369988366580e-04,8.627450980392157298e-01,3.215686274509803599e+00
9.998962369987800941e-04,8.235294117647058432e-01,3.254901960784313708e+00
9.998982369987235302e-04,8.627450980392157298e-01,3.215686274509803599e+00
9.999002369986669664e-04,9.411764705882352811e-01,3.294117647058823373e+00
9.999022369986104025e-04,8.627450980392157298e-01,3.372549019607843146e+00
9.999042369985538387e-04,9.019607843137255054e-01,3.137254901960784270e+00
9.999062369984972748e-04,8.627450980392157298e-01,3.411764705882352811e+00
9.999082369984407109e-04,9.411764705882352811e-01,3.215686274509803599e+00
9.999102369983841471e-04,9.019607843137255054e-01,3.137254901960784270e+00
9.999122369983275832e-04,8.627450980392157298e-01,3.254901960784313708e+00
9.999142369982710193e-04,9.019607843137255054e-01,3.176470588235293935e+00
9.999162369982144555e-04,9.803921568627450567e-01,3.333333333333333037e+00
9.999182369981578916e-04,8.627450980392157298e-01,3.294117647058823373e+00
9.999202369981013278e-04,8.235294117647058432e-01,3.176470588235293935e+00
9.999222369980447639e-04,9.019607843137255054e-01,3.333333333333333037e+00
9.999242369979882000e-04,9.411764705882352811e-01,3.176470588235293935e+00
9.999262369979316362e-04,8.235294117647058432e-01,3.294117647058823373e+00
9.999282369978750723e-04,9.019607843137255054e-01,3.215686274509803599e+00
9.999302369978185084e-04,9.019607843137255054e-01,3.254901960784313708e+00
9.999322369977619446e-04,9.019607843137255054e-01,3.294117647058823373e+00
9.999342369977053807e-04,8.627450980392157298e-01,3.215686274509803599e+00
9.999362369976488168e-04,8.235294117647058432e-01,3.254901960784313708e+00
9.999382369975922530e-04,9.019607843137255054e-01,3.254901960784313708e+00
9.999402369975356891e-04,9.411764705882352811e-01,3.176470588235293935e+00
9.999422369974791253e-04,8.235294117647058432e-01,3.333333333333333037e+00
9.999442369974225614e-04,8.627450980392157298e-01,3.137254901960784270e+00
9.999462369973659975e-04,9.019607843137255054e-01,3.294117647058823373e+00
9.999482369973094337e-04,9.411764705882352811e-01,3.215686274509803599e+00
9.999502369972528698e-04,8.627450980392157298e-01,3.215686274509803599e+00
9.999522369971963059e-04,8.627450980392157298e-01,3.215686274509803599e+00
9.999542369971397421e-04,8.627450980392157298e-01,1.960784313725490113e+00
9.999562369970831782e-04,9.411764705882352811e-01,6.666666666666667407e-01
9.999582369970266144e-04,8.235294117647058432e-01,-5.098039215686274161e-01
9.999602369969700505e-04,8.627450980392157298e-01,-9.411764705882352811e-01
9.999622369969134866e-04,9.019607843137255054e-01,-5.882352941176469674e-01
9.999642369968569228e-04,9.411764705882352811e-01,-1.960784313725490169e-01
9.999662369968003589e-04,8.235294117647058432e-01,2.745098039215685959e-01
9.999682369967437950e-04,8.235294117647058432e-01,1.568627450980392135e-01
9.999702369966872312e-04,9.411764705882352811e-01,-1.568627450980392135e-01
9.999722369966306673e-04,9.411764705882352811e-01,7.843137254901960675e-02
9.999742369965741035e-04,8.235294117647058432e-01,-7.843137254901960675e-02
9.999762369965175396e-04,9.019607843137255054e-01,0.000000000000000000e+00
9.999782369964609757e-04,9.019607843137255054e-01,0.000000000000000000e+00
9.999802369964044119e-04,9.411764705882352811e-01,-7.843137254901960675e-02
9.999822369963478480e-04,8.627450980392157298e-01,3.921568627450980338e-02
9.999842369962912841e-04,8.235294117647058432e-01,0.000000000000000000e+00
9.999862369962347203e-04,9.019607843137255054e-01,1.568627450980392135e-01
9.999882369961781564e-04,9.411764705882352811e-01,3.921568627450980338e-02
9.999902369961215925e-04,8.627450980392157298e-01,-3.921568627450980338e-02
9.999922369960650287e-04,8.627450980392157298e-01,3.921568627450980338e-02
9.999942369960084648e-04,8.627450980392157298e-01,-7.843137254901960675e-02
9.999962369959519010e-04,9.411764705882352811e-01,3.921568627450980338e-02
9.999982369958953371e-04,8.627450980392157298e-01,0.000000000000000000e+00
1.000000236995838773e-03,8.627450980392157298e-01,-3.921568627450980338e-02
1.000002236995782209e-03,9.019607843137255054e-01,1.176470588235294101e-01
1.000004236995725646e-03,9.411764705882352811e-01,-7.843137254901960675e-02
1.000006236995669082e-03,8.235294117647058432e-01,3.921568627450980338e-02
1.000008236995612518e-03,9.019607843137255054e-01,3.921568627450980338e-02
1.000010236995555954e-03,9.019607843137255054e-01,0.000000000000000000e+00
1.000012236995499390e-03,9.411764705882352811e-01,3.921568627450980338e-02
1.000014236995442826e-03,8.235294117647058432e-01,-3.921568627450980338e-02
1.000016236995386262e-03,8.235294117647058432e-01,7.843137254901960675e-02
1.000018236995329698e-03,9.411764705882352811e-01,3.921568627450980338e-02
1.000020236995273135e-03,9.411764705882352811e-01,-3.921568627450980338e-02
1.000022236995216571e-03,8.627450980392157298e-01,7.843137254901960675e-02
1.000024236995160007e-03,9.019607843137255054e-01,-7.843137254901960675e-02
1.000026236995103443e-03,9.019607843137255054e-01,1.176470588235294101e-01
1.000028236995046879e-03,9.411764705882352811e-01,-3.921568627450980338e-02
1.000030236994990315e-03,8.235294117647058432e-01,0.000000000000000000e+00
1.000032236994933751e-03,8.627450980392157298e-01,7.843137254901960675e-02
1.000034236994877188e-03,9.019607843137255054e-01,-3.921568627450980338e-02
1.000036236994820624e-03,9.411764705882352811e-01,3.921568627450980338e-02
1.000038236994764060e-03,9.019607843137255054e-01,0.000000000000000000e+00
1.000040236994707496e-03,9.019607843137255054e-01,-3.921568627450980338e-02
1.000042236994650932e-03,9.019607843137255054e-01,7.843137254901960675e-02
1.000044236994594368e-03,9.411764705882352811e-01,-3.921568627450980338e-02
1.000046236994537804e-03,8.627450980392157298e-01,3.921568627450980338e-02
1.000048236994481241e-03,9.019607843137255054e-01,3.921568627450980338e-02
1.000050236994424677e-03,9.019607843137255054e-01,0.000000000000000000e+00
1.000052236994368113e-03,9.019607843137255054e-01,3.921568627450980338e-02
1.000054236994311549e-03,8.627450980392157298e-01,-7.843137254901960675e-02
1.000056236994254985e-03,9.019607843137255054e-01,3.921568627450980338e-02
1.000058236994198421e-03,9.019607843137255054e-01,0.000000000000000000e+00
1.000060236994141857e-03,9.411764705882352811e-01,-3.921568627450980338e-02
1.000062236994085293e-03,8.235294117647058432e-01,7.843137254901960675e-02
1.000064236994028730e-03,9.019607843137255054e-01,-7.843137254901960675e-02
1.000066236993972166e-03,8.627450980392157298e-01,3.921568627450980338e-02
1.000068236993915602e-03,9.411764705882352811e-01,3.921568627450980338e-02
1.000070236993859038e-03,8.627450980392157298e-01,-7.843137254901960675e-02
1.000072236993802474e-03,8.627450980392157298e-01,7.843137254901960675e-02
1.000074236993745910e-03,9.019607843137255054e-01,-7.843137254901960675e-02
1.000076236993689346e-03,9.411764705882352811e-01,0.000000000000000000e+00
1.000078236993632783e-03,8.235294117647058432e-01,0.000000000000000000e+00
1.000080236993576219e-03,9.019607843137255054e-01,0.000000000000000000e+00
1.000082236993519655e-03,9.019607843137255054e-01,1.176470588235294101e-01
1.000084236993463091e-03,9.411764705882352811e-01,-3.921568627450980338e-02
1.000086236993406527e-03,8.627450980392157298e-01,7.843137254901960675e-02
1.000088236993349963e-03,8.627450980392157298e-01,0.000000000000000000e+00
1.000090236993293399e-03,9.411764705882352811e-01,0.000000000000000000e+00
1.000092236993236836e-03,9.411764705882352811e-01,7.843137254901960675e-02
1.000094236993180272e-03,8.627450980392157298e-01,-7.843137254901960675e-02
1.000096236993123708e-03,9.019607843137255054e-01,3.921568627450980338e-02
1.000098236993067144e-03,9.019607843137255054e-01,0.000000000000000000e+00
1.000100236993010580e-03,9.411764705882352811e-01,-3.921568627450980338e-02
1.000102236992954016e-03,8.235294117647058432e-01,7.843137254901960675e-02
1.000104236992897452e-03,9.019607843137255054e-01,-7.843137254901960675e-02
1.000106236992840889e-03,8.627450980392157298e-01,1.176470588235294101e-01
1.000108236992784325e-03,9.411764705882352811e-01,0.000000000000000000e+00
1.000110236992727761e-03,8.627450980392157298e-01,0.000000000000000000e+00
1.000112236992671197e-03,8.627450980392157298e-01,7.843137254901960675e-02
1.000114236992614633e-03,9.019607843137255054e-01,-3.921568627450980338e-02
1.000116236992558069e-03,9.411764705882352811e-01,3.921568627450980338e-02
1.000118236992501505e-03,8.235294117647058432e-01,0.000000000000000000e+00
1.000120236992444941e-03,8.627450980392157298e-01,0.000000000000000000e+00
1.000122236992388378e-03,9.019607843137255054e-01,7.843137254901960675e-02
1.000124236992331814e-03,9.411764705882352811e-01,-7.843137254901960675e-02
1.000126236992275250e-03,8.627450980392157298e-01,3.921568627450980338e-02
1.000128236992218686e-03,8.627450980392157298e-01,-7.843137254901960675e-02
1.000130236992162122e-03,9.019607843137255054e-01,0.000000000000000000e+00
1.000132236992105558e-03,9.411764705882352811e-01,3.921568627450980338e-02
1.000134236992048994e-03,8.627450980392157298e-01,-7.843137254901960675e-02
1.000136236991992431e-03,8.627450980392157298e-01,7.843137254901960675e-02
1.000138236991935867e-03,9.019607843137255054e-01,3.921568627450980338e-02
1.000140236991879303e-03,9.411764705882352811e-01,-3.921568627450980338e-02
1.000142236991822739e-03,8.627450980392157298e-01,7.843137254901960675e-02
1.000144236991766175e-03,8.627450980392157298e-01,-1.568627450980392135e-01
1.000146236991709611e-03,8.627450980392157298e-01,7.843137254901960675e-02
1.000148236991653047e-03,9.411764705882352811e-01,3.921568627450980338e-02
1.000150236991596484e-03,8.627450980392157298e-01,-7.843137254901960675e-02
1.000152236991539920e-03,8.627450980392157298e-01,7.843137254901960675e-02
1.000154236991483356e-03,9.411764705882352811e-01,-7.843137254901960675e-02
1.000156236991426792e-03,9.411764705882352811e-01,3.921568627450980338e-02
1.000158236991370228e-03,8.627450980392157298e-01,0.000000000000000000e+00
1.000160236991313664e-03,9.019607843137255054e-01,-7.843137254901960675e-02
1.000162236991257100e-03,8.627450980392157298e-01,7.843137254901960675e-02
1.000164236991200536e-03,9.411764705882352811e-01,-7.843137254901960675e-02
1.000166236991143973e-03,8.627450980392157298e-01,0.000000000000000000e+00
1.000168236991087409e-03,9.019607843137255054e-01,3.921568627450980338e-02
1.000170236991030845e-03,9.019607843137255054e-01,3.921568627450980338e-02
1.000172236990974281e-03,9.411764705882352811e-01,3.921568627450980338e-02
1.000174236990917717e-03,8.627450980392157298e-01,-7.843137254901960675e-02
1.000176236990861153e-03,9.019607843137255054e-01,0.000000000000000000e+00
1.000178236990804589e-03,8.627450980392157298e-01,0.000000000000000000e+00
1.000180236990748026e-03,9.411764705882352811e-01,-7.843137254901960675e-02
1.000182236990691462e-03,8.627450980392157298e-01,7.843137254901960675e-02
1.000184236990634898e-03,8.235294117647058432e-01,-1.568627450980392135e-01
1.000186236990578334e-03,9.019607843137255054e-01,1.568627450980392135e-01
1.000188236990521770e-03,9.411764705882352811e-01,0.000000000000000000e+00
1.000190236990465206e-03,8.235294117647058432e-01,-7.843137254901960675e-02
1.000192236990408642e-03,8.627450980392157298e-01,7.843137254901960675e-02
1.000194236990352079e-03,8.627450980392157298e-01,-3.921568627450980338e-02
1.000196236990295515e-03,9.411764705882352811e-01,3.921568627450980338e-02
1.000198236990238951e-03,8.235294117647058432e-01,3.921568627450980338e-02
1.000200236990182387e-03,9.019607843137255054e-01,-3.921568627450980338e-02
1.000202236990125823e-03,9.019607843137255054e-01,7.843137254901960675e-02
1.000204236990069259e-03,9.411764705882352811e-01,0.000000000000000000e+00
1.000206236990012695e-03,9.019607843137255054e-01,3.921568627450980338e-02
1.000208236989956131e-03,9.019607843137255054e-01,0.000000000000000000e+00
1.000210236989899568e-03,9.019607843137255054e-01,0.000000000000000000e+00
1.000212236989843004e-03,9.411764705882352811e-01,3.921568627450980338e-02
1.000214236989786440e-03,8.627450980392157298e-01,-7.843137254901960675e-02
1.000216236989729876e-03,9.019607843137255054e-01,3.921568627450980338e-02
1.000218236989673312e-03,9.019607843137255054e-01,0.000000000000000000e+00
1.000220236989616748e-03,9.411764705882352811e-01,-7.843137254901960675e-02
1.000222236989560184e-03,8.627450980392157298e-01,7.843137254901960675e-02
1.000224236989503621e-03,8.235294117647058432e-01,-7.843137254901960675e-02
1.000226236989447057e-03,9.019607843137255054e-01,1.176470588235294101e-01
1.000228236989390493e-03,9.411764705882352811e-01,0.000000000000000000e+00
1.000230236989333929e-03,8.627450980392157298e-01,0.000000000000000000e+00
1.000232236989277365e-03,8.627450980392157298e-01,7.843137254901960675e-02
1.000234236989220801e-03,9.019607843137255054e-01,-3.921568627450980338e-02
1.000236236989164237e-03,9.411764705882352811e-01,3.921568627450980338e-02
1.000238236989107674e-03,8.627450980392157298e-01,3.921568627450980338e-02
1.000240236989051110e-03,8.627450980392157298e-01,0.000000000000000000e+00
1.000242236988994546e-03,9.019607843137255054e-01,7.843137254901960675e-02
1.000244236988937982e-03,9.411764705882352811e-01,-7.843137254901960675e-02
1.000246236988881418e-03,8.627450980392157298e-01,3.921568627450980338e-02
1.000248236988824854e-03,9.019607843137255054e-01,3.921568627450980338e-02
1.000250236988768290e-03,9.019607843137255054e-01,0.000000000000000000e+00
1.000252236988711727e-03,9.411764705882352811e-01,3.921568627450980338e-02
1.000254236988655163e-03,8.627450980392157298e-01,-7.843137254901960675e-02
1.000256236988598599e-03,9.019607843137255054e-01,3.921568627450980338e-02
1.000258236988542035e-03,9.019607843137255054e-01,3.921568627450980338e-02
1.000260236988485471e-03,9.411764705882352811e-01,-7.843137254901960675e-02
1.000262236988428907e-03,8.235294117647058432e-01,7.843137254901960675e-02
1.000264236988372343e-03,8.627450980392157298e-01,-7.843137254901960675e-02
1.000266236988315779e-03,9.019607843137255054e-01,3.921568627450980338e-02
1.000268236988259216e-03,9.411764705882352811e-01,0.000000000000000000e+00
1.000270236988202652e-03,8.235294117647058432e-01,-7.843137254901960675e-02
1.000272236988146088e-03,8.627450980392157298e-01,1.176470588235294101e-01
1.000274236988089524e-03,9.019607843137255054e-01,-3.921568627450980338e-02
1.000276236988032960e-03,9.411764705882352811e-01,3.921568627450980338e-02
1.000278236987976396e-03,8.627450980392157298e-01,0.000000000000000000e+00
1.000280236987919832e-03,9.019607843137255054e-01,-7.843137254901960675e-02
1.000282236987863269e-03,9.019607843137255054e-01,1.176470588235294101e-01
1.000284236987806705e-03,9.411764705882352811e-01,-3.921568627450980338e-02
1.000286236987750141e-03,8.627450980392157298e-01,3.921568627450980338e-02
1.000288236987693577e-03,8.627450980392157298e-01,3.921568627450980338e-02
1.000290236987637013e-03,9.019607843137255054e-01,0.000000000000000000e+00
1.000292236987580449e-03,9.411764705882352811e-01,7.843137254901960675e-02
1.000294236987523885e-03,8.627450980392157298e-01,-3.921568627450980338e-02
1.000296236987467322e-03,8.235294117647058432e-01,3.921568627450980338e-02
1.000298236987410758e-03,9.019607843137255054e-01,3.921568627450980338e-02
1.000300236987354194e-03,9.019607843137255054e-01,-3.921568627450980338e-02
1.000302236987297630e-03,8.235294117647058432e-01,7.843137254901960675e-02
1.000304236987241066e-03,8.627450980392157298e-01,-7.843137254901960675e-02
1.000306236987184502e-03,9.019607843137255054e-01,1.176470588235294101e-01
1.000308236987127938e-03,9.411764705882352811e-01,0.000000000000000000e+00
1.000310236987071374e-03,8.627450980392157298e-01,0.000000000000000000e+00
1.000312236987014811e-03,8.235294117647058432e-01,7.843137254901960675e-02
1.000314236986958247e-03,9.019607843137255054e-01,0.000000000000000000e+00
1.000316236986901683e-03,9.411764705882352811e-01,3.921568627450980338e-02
1.000318236986845119e-03,8.235294117647058432e-01,0.000000000000000000e+00
1.000320236986788555e-03,9.019607843137255054e-01,0.000000000000000000e+00
1.000322236986731991e-03,9.019607843137255054e-01,1.176470588235294101e-01
1.000324236986675427e-03,9.411764705882352811e-01,-3.921568627450980338e-02
1.000326236986618864e-03,8.627450980392157298e-01,3.921568627450980338e-02
1.000328236986562300e-03,8.627450980392157298e-01,3.921568627450980338e-02
1.000330236986505736e-03,9.019607843137255054e-01,3.921568627450980338e-02
1.000332236986449172e-03,9.411764705882352811e-01,7.843137254901960675e-02
1.000334236986392608e-03,8.627450980392157298e-01,-7.843137254901960675e-02
1.000336236986336044e-03,8.235294117647058432e-01,3.921568627450980338e-02
1.000338236986279480e-03,9.019607843137255054e-01,0.000000000000000000e+00
1.000340236986222917e-03,9.411764705882352811e-01,-3.921568627450980338e-02
1.000342236986166353e-03,8.235294117647058432e-01,7.843137254901960675e-02
1.000344236986109789e-03,9.019607843137255054e-01,-7.843137254901960675e-02
1.000346236986053225e-03,9.019607843137255054e-01,7.843137254901960675e-02
1.000348236985996661e-03,9.411764705882352811e-01,3.921568627450980338e-02
1.000350236985940097e-03,8.627450980392157298e-01,-3.921568627450980338e-02
1.000352236985883533e-03,8.627450980392157298e-01,7.843137254901960675e-02
1.000354236985826969e-03,8.627450980392157298e-01,-3.921568627450980338e-02
1.000356236985770406e-03,9.411764705882352811e-01,3.921568627450980338e-02
1.000358236985713842e-03,8.627450980392157298e-01,0.000000000000000000e+00
1.000360236985657278e-03,9.019607843137255054e-01,0.000000000000000000e+00
1.000362236985600714e-03,8.627450980392157298e-01,7.843137254901960675e-02
1.000364236985544150e-03,9.411764705882352811e-01,-7.843137254901960675e-02
1.000366236985487586e-03,8.627450980392157298e-01,0.000000000000000000e+00
1.000368236985431022e-03,9.019607843137255054e-01,0.000000000000000000e+00
1.000370236985374459e-03,9.411764705882352811e-01,3.921568627450980338e-02
1.000372236985317895e-03,9.411764705882352811e-01,7.843137254901960675e-02
1.000374236985261331e-03,8.627450980392157298e-01,-3.921568627450980338e-02
1.000376236985204767e-03,8.627450980392157298e-01,7.843137254901960675e-02
1.000378236985148203e-03,8.627450980392157298e-01,0.000000000000000000e+00
1.000380236985091639e-03,9.411764705882352811e-01,-7.843137254901960675e-02
1.000382236985035075e-03,8.627450980392157298e-01,7.843137254901960675e-02
1.000384236984978512e-03,9.019607843137255054e-01,-7.843137254901960675e-02
1.000386236984921948e-03,8.627450980392157298e-01,1.568627450980392135e-01
1.000388236984865384e-03,9.411764705882352811e-01,0.000000000000000000e+00
1.000390236984808820e-03,8.235294117647058432e-01,0.000000000000000000e+00
1.000392236984752256e-03,8.627450980392157298e-01,7.843137254901960675e-02
1.000394236984695692e-03,9.019607843137255054e-01,-7.843137254901960675e-02
1.000396236984639128e-03,9.411764705882352811e-01,3.921568627450980338e-02
1.000398236984582565e-03,8.627450980392157298e-01,0.000000000000000000e+00
1.000400236984526001e-03,9.019607843137255054e-01,0.000000000000000000e+00
1.000402236984469437e-03,9.411764705882352811e-01,7.843137254901960675e-02
1.000404236984412873e-03,9.411764705882352811e-01,-3.921568627450980338e-02
1.000406236984356309e-03,8.235294117647058432e-01,3.921568627450980338e-02
1.000408236984299745e-03,9.019607843137255054e-01,0.000000000000000000e+00
1.000410236984243181e-03,9.411764705882352811e-01,7.843137254901960675e-02
1.000412236984186617e-03,9.411764705882352811e-01,3.921568627450980338e-02
1.000414236984130054e-03,8.235294117647058432e-01,-3.921568627450980338e-02
1.000416236984073490e-03,9.019607843137255054e-01,7.843137254901960675e-02
1.000418236984016926e-03,9.019607843137255054e-01,7.843137254901960675e-02
1.000420236983960362e-03,9.411764705882352811e-01,-3.921568627450980338e-02
1.000422236983903798e-03,8.627450980392157298e-01,7.843137254901960675e-02
1.000424236983847234e-03,9.019607843137255054e-01,-1.568627450980392135e-01
1.000426236983790670e-03,9.019607843137255054e-01,7.843137254901960675e-02
1.000428236983734107e-03,9.411764705882352811e-01,7.843137254901960675e-02
1.000430236983677543e-03,8.627450980392157298e-01,-3.921568627450980338e-02
1.000432236983620979e-03,8.627450980392157298e-01,1.176470588235294101e-01
1.000434236983564415e-03,9.019607843137255054e-01,-3.921568627450980338e-02
1.000436236983507851e-03,9.411764705882352811e-01,0.000000000000000000e+00
1.000438236983451287e-03,8.235294117647058432e-01,0.000000000000000000e+00
1.000440236983394723e-03,9.019607843137255054e-01,-7.843137254901960675e-02
1.000442236983338160e-03,9.019607843137255054e-01,7.843137254901960675e-02
1.000444236983281596e-03,9.411764705882352811e-01,-3.921568627450980338e-02
1.000446236983225032e-03,8.235294117647058432e-01,0.000000000000000000e+00
1.000448236983168468e-03,8.627450980392157298e-01,3.921568627450980338e-02
1.000450236983111904e-03,8.627450980392157298e-01,0.000000000000000000e+00
1.000452236983055340e-03,9.411764705882352811e-01,7.843137254901960675e-02
1.000454236982998776e-03,8.235294117647058432e-01,-7.843137254901960675e-02
1.000456236982942212e-03,8.627450980392157298e-01,3.921568627450980338e-02
1.000458236982885649e-03,8.627450980392157298e-01,3.921568627450980338e-02
1.000460236982829085e-03,9.411764705882352811e-01,-7.843137254901960675e-02
1.000462236982772521e-03,8.627450980392157298e-01,7.843137254901960675e-02
1.000464236982715957e-03,9.019607843137255054e-01,-1.568627450980392135e-01
1.000466236982659393e-03,9.019607843137255054e-01,1.176470588235294101e-01
1.000468236982602829e-03,9.019607843137255054e-01,0.000000000000000000e+00
1.000470236982546265e-03,8.627450980392157298e-01,0.000000000000000000e+00
1.000472236982489702e-03,8.627450980392157298e-01,1.176470588235294101e-01
1.000474236982433138e-03,9.019607843137255054e-01,-3.921568627450980338e-02
1.000476236982376574e-03,9.411764705882352811e-01,7.843137254901960675e-02
1.000478236982320010e-03,8.235294117647058432e-01,0.000000000000000000e+00
1.000480236982263446e-03,9.019607843137255054e-01,0.000000000000000000e+00
1.000482236982206882e-03,9.019607843137255054e-01,1.176470588235294101e-01
1.000484236982150318e-03,9.411764705882352811e-01,0.000000000000000000e+00
1.000486236982093755e-03,8.235294117647058432e-01,3.921568627450980338e-02
1.000488236982037191e-03,8.627450980392157298e-01,0.000000000000000000e+00
1.000490236981980627e-03,9.019607843137255054e-01,3.921568627450980338e-02
1.000492236981924063e-03,9.803921568627450567e-01,7.843137254901960675e-02
1.000494236981867499e-03,9.019607843137255054e-01,-7.843137254901960675e-02
1.000496236981810935e-03,9.019607843137255054e-01,7.843137254901960675e-02
1.000498236981754371e-03,9.019607843137255054e-01,0.000000000000000000e+00
1.000500236981697808e-03,9.411764705882352811e-01,-7.843137254901960675e-02
1.000502236981641244e-03,8.627450980392157298e-01,7.843137254901960675e-02
1.000504236981584680e-03,8.627450980392157298e-01,-1.568627450980392135e-01
1.000506236981528116e-03,9.019607843137255054e-01,7.843137254901960675e-02
1.000508236981471552e-03,9.411764705882352811e-01,3.921568627450980338e-02
1.000510236981414988e-03,9.019607843137255054e-01,-7.843137254901960675e-02
1.000512236981358424e-03,8.627450980392157298e-01,1.176470588235294101e-01
1.000514236981301860e-03,9.019607843137255054e-01,0.000000000000000000e+00
1.000516236981245297e-03,9.411764705882352811e-01,3.921568627450980338e-02
1.000518236981188733e-03,8.627450980392157298e-01,0.000000000000000000e+00
1.000520236981132169e-03,9.019607843137255054e-01,3.921568627450980338e-02
1.000522236981075605e-03,9.411764705882352811e-01,7.843137254901960675e-02
1.000524236981019041e-03,9.411764705882352811e-01,-3.921568627450980338e-02
1.000526236980962477e-03,8.235294117647058432e-01,3.921568627450980338e-02
1.000528236980905913e-03,8.627450980392157298e-01,0.000000000000000000e+00
1.000530236980849350e-03,9.019607843137255054e-01,0.000000000000000000e+00
1.000532236980792786e-03,9.411764705882352811e-01,7.843137254901960675e-02
1.000534236980736222e-03,9.019607843137255054e-01,0.000000000000000000e+00
1.000536236980679658e-03,9.019607843137255054e-01,7.843137254901960675e-02
1.000538236980623094e-03,8.627450980392157298e-01,3.921568627450980338e-02
1.000540236980566530e-03,9.411764705882352811e-01,-3.921568627450980338e-02
1.000542236980509966e-03,8.235294117647058432e-01,7.843137254901960675e-02
1.000544236980453403e-03,8.627450980392157298e-01,-3.921568627450980338e-02
1.000546236980396839e-03,9.019607843137255054e-01,1.176470588235294101e-01
1.000548236980340275e-03,9.411764705882352811e-01,0.000000000000000000e+00
1.000550236980283711e-03,8.627450980392157298e-01,-3.921568627450980338e-02
1.000552236980227147e-03,8.235294117647058432e-01,7.843137254901960675e-02
1.000554236980170583e-03,8.627450980392157298e-01,-3.921568627450980338e-02
1.000556236980114019e-03,9.411764705882352811e-01,3.921568627450980338e-02
1.000558236980057455e-03,8.235294117647058432e-01,0.000000000000000000e+00
1.000560236980000892e-03,8.627450980392157298e-01,-3.921568627450980338e-02
1.000562236979944328e-03,9.019607843137255054e-01,7.843137254901960675e-02
1.000564236979887764e-03,9.411764705882352811e-01,-7.843137254901960675e-02
1.000566236979831200e-03,8.235294117647058432e-01,0.000000000000000000e+00
1.000568236979774636e-03,8.235294117647058432e-01,3.921568627450980338e-02
1.000570236979718072e-03,9.019607843137255054e-01,-3.921568627450980338e-02
1.000572236979661508e-03,9.411764705882352811e-01,7.843137254901960675e-02
1.000574236979604945e-03,8.627450980392157298e-01,-3.921568627450980338e-02
1.000576236979548381e-03,8.627450980392157298e-01,7.843137254901960675e-02
1.000578236979491817e-03,8.627450980392157298e-01,0.000000000000000000e+00
1.000580236979435253e-03,9.411764705882352811e-01,-7.843137254901960675e-02
1.000582236979378689e-03,8.235294117647058432e-01,7.843137254901960675e-02
1.000584236979322125e-03,8.627450980392157298e-01,-7.843137254901960675e-02
1.000586236979265561e-03,9.019607843137255054e-01,1.176470588235294101e-01
1.000588236979208998e-03,9.411764705882352811e-01,0.000000000000000000e+00
1.000590236979152434e-03,8.627450980392157298e-01,-3.921568627450980338e-02
1.000592236979095870e-03,9.019607843137255054e-01,7.843137254901960675e-02
1.000594236979039306e-03,9.019607843137255054e-01,-3.921568627450980338e-02
1.000596236978982742e-03,9.411764705882352811e-01,3.921568627450980338e-02
1.000598236978926178e-03,8.627450980392157298e-01,0.000000000000000000e+00
1.000600236978869614e-03,9.019607843137255054e-01,-7.843137254901960675e-02
1.000602236978813050e-03,9.019607843137255054e-01,7.843137254901960675e-02
1.000604236978756487e-03,9.411764705882352811e-01,-3.921568627450980338e-02
1.000606236978699923e-03,8.627450980392157298e-01,0.000000000000000000e+00
1.000608236978643359e-03,8.627450980392157298e-01,3.921568627450980338e-02
1.000610236978586795e-03,9.411764705882352811e-01,3.921568627450980338e-02
1.000612236978530231e-03,9.411764705882352811e-01,7.843137254901960675e-02
1.000614236978473667e-03,8.235294117647058432e-01,-3.921568627450980338e-02
1.000616236978417103e-03,8.627450980392157298e-01,3.921568627450980338e-02
1.000618236978360540e-03,9.019607843137255054e-01,3.921568627450980338e-02
1.000620236978303976e-03,9.411764705882352811e-01,-7.843137254901960675e-02
1.000622236978247412e-03,8.235294117647058432e-01,7.843137254901960675e-02
1.000624236978190848e-03,8.627450980392157298e-01,0.000000000000000000e+00
1.000626236978134284e-03,9.019607843137255054e-01,1.568627450980392135e-01
1.000628236978077720e-03,9.019607843137255054e-01,-3.921568627450980338e-02
1.000630236978021156e-03,8.235294117647058432e-01,-3.921568627450980338e-02
1.000632236977964593e-03,8.627450980392157298e-01,7.843137254901960675e-02
1.000634236977908029e-03,9.019607843137255054e-01,-3.921568627450980338e-02
1.000636236977851465e-03,9.411764705882352811e-01,3.921568627450980338e-02
1.000638236977794901e-03,8.627450980392157298e-01,0.000000000000000000e+00
1.000640236977738337e-03,9.019607843137255054e-01,-3.921568627450980338e-02
1.000642236977681773e-03,9.411764705882352811e-01,1.176470588235294101e-01
1.000644236977625209e-03,9.411764705882352811e-01,-7.843137254901960675e-02
1.000646236977568646e-03,8.235294117647058432e-01,0.000000000000000000e+00
1.000648236977512082e-03,8.627450980392157298e-01,0.000000000000000000e+00
1.000650236977455518e-03,9.019607843137255054e-01,0.000000000000000000e+00
1.000652236977398954e-03,9.411764705882352811e-01,7.843137254901960675e-02
1.000654236977342390e-03,8.235294117647058432e-01,-3.921568627450980338e-02
1.000656236977285826e-03,8.627450980392157298e-01,3.921568627450980338e-02
1.000658236977229262e-03,8.627450980392157298e-01,7.843137254901960675e-02
1.000660236977172698e-03,9.019607843137255054e-01,-3.921568627450980338e-02
1.000662236977116135e-03,8.235294117647058432e-01,1.176470588235294101e-01
1.000664236977059571e-03,8.627450980392157298e-01,0.000000000000000000e+00
1.000666236977003007e-03,8.627450980392157298e-01,1.176470588235294101e-01
1.000668236976946443e-03,9.019607843137255054e-01,0.000000000000000000e+00
1.000670236976889879e-03,8.627450980392157298e-01,-3.921568627450980338e-02
1.000672236976833315e-03,8.627450980392157298e-01,3.921568627450980338e-02
1.000674236976776751e-03,9.019607843137255054e-01,-3.921568627450980338e-02
1.000676236976720188e-03,9.411764705882352811e-01,3.921568627450980338e-02
1.000678236976663624e-03,8.235294117647058432e-01,0.000000000000000000e+00
1.000680236976607060e-03,9.019607843137255054e-01,0.000000000000000000e+00
1.000682236976550496e-03,9.019607843137255054e-01,7.843137254901960675e-02
1.000684236976493932e-03,9.411764705882352811e-01,0.000000000000000000e+00
1.000686236976437368e-03,8.235294117647058432e-01,0.000000000000000000e+00
1.000688236976380804e-03,8.627450980392157298e-01,3.921568627450980338e-02
1.000690236976324241e-03,9.019607843137255054e-01,3.921568627450980338e-02
1.000692236976267677e-03,9.411764705882352811e-01,3.921568627450980338e-02
1.000694236976211113e-03,8.627450980392157298e-01,-3.921568627450980338e-02
1.000696236976154549e-03,8.627450980392157298e-01,7.843137254901960675e-02
1.000698236976097985e-03,9.019607843137255054e-01,3.921568627450980338e-02
1.000700236976041421e-03,9.411764705882352811e-01,-7.843137254901960675e-02
1.000702236975984857e-03,8.627450980392157298e-01,1.176470588235294101e-01
1.000704236975928293e-03,9.019607843137255054e-01,-1.568627450980392135e-01
1.000706236975871730e-03,9.019607843137255054e-01,1.176470588235294101e-01
1.000708236975815166e-03,9.411764705882352811e-01,0.000000000000000000e+00
1.000710236975758602e-03,8.627450980392157298e-01,-3.921568627450980338e-02
1.000712236975702038e-03,8.627450980392157298e-01,7.843137254901960675e-02
1.000714236975645474e-03,9.019607843137255054e-01,-3.921568627450980338e-02
1.000716236975588910e-03,9.411764705882352811e-01,3.921568627450980338e-02
1.000718236975532346e-03,8.235294117647058432e-01,3.921568627450980338e-02
1.000720236975475783e-03,9.019607843137255054e-01,0.000000000000000000e+00
1.000722236975419219e-03,9.019607843137255054e-01,1.176470588235294101e-01
1.000724236975362655e-03,9.411764705882352811e-01,-3.921568627450980338e-02
1.000726236975306091e-03,8.627450980392157298e-01,3.921568627450980338e-02
1.000728236975249527e-03,8.627450980392157298e-01,3.921568627450980338e-02
1.000730236975192963e-03,9.411764705882352811e-01,3.921568627450980338e-02
1.000732236975136399e-03,9.411764705882352811e-01,3.921568627450980338e-02
1.000734236975079836e-03,8.235294117647058432e-01,-7.843137254901960675e-02
1.000736236975023272e-03,8.627450980392157298e-01,0.000000000000000000e+00
1.000738236974966708e-03,9.019607843137255054e-01,0.000000000000000000e+00
1.000740236974910144e-03,9.411764705882352811e-01,-7.843137254901960675e-02
1.000742236974853580e-03,8.627450980392157298e-01,1.176470588235294101e-01
1.000744236974797016e-03,9.019607843137255054e-01,-1.568627450980392135e-01
1.000746236974740452e-03,8.627450980392157298e-01,1.176470588235294101e-01
1.000748236974683889e-03,9.411764705882352811e-01,0.000000000000000000e+00
1.000750236974627325e-03,8.627450980392157298e-01,-3.921568627450980338e-02
1.000752236974570761e-03,8.627450980392157298e-01,7.843137254901960675e-02
1.000754236974514197e-03,9.019607843137255054e-01,-3.921568627450980338e-02
1.000756236974457633e-03,9.411764705882352811e-01,3.921568627450980338e-02
1.000758236974401069e-03,8.627450980392157298e-01,0.000000000000000000e+00
1.000760236974344505e-03,9.019607843137255054e-01,-7.843137254901960675e-02
1.000762236974287941e-03,9.019607843137255054e-01,1.176470588235294101e-01
1.000764236974231378e-03,9.411764705882352811e-01,-3.921568627450980338e-02
1.000766236974174814e-03,8.235294117647058432e-01,0.000000000000000000e+00
1.000768236974118250e-03,9.019607843137255054e-01,3.921568627450980338e-02
1.000770236974061686e-03,9.019607843137255054e-01,0.000000000000000000e+00
1.000772236974005122e-03,9.019607843137255054e-01,7.843137254901960675e-02
1.000774236973948558e-03,8.627450980392157298e-01,-7.843137254901960675e-02
1.000776236973891994e-03,8.627450980392157298e-01,0.000000000000000000e+00
1.000778236973835431e-03,9.019607843137255054e-01,7.843137254901960675e-02
1.000780236973778867e-03,9.411764705882352811e-01,-7.843137254901960675e-02
1.000782236973722303e-03,8.235294117647058432e-01,7.843137254901960675e-02
1.000784236973665739e-03,9.019607843137255054e-01,-7.843137254901960675e-02
1.000786236973609175e-03,9.019607843137255054e-01,1.176470588235294101e-01
1.000788236973552611e-03,9.411764705882352811e-01,-3.921568627450980338e-02
1.000790236973496047e-03,8.627450980392157298e-01,-3.921568627450980338e-02
1.000792236973439484e-03,8.627450980392157298e-01,7.843137254901960675e-02
1.000794236973382920e-03,9.411764705882352811e-01,-3.921568627450980338e-02
1.000796236973326356e-03,9.411764705882352811e-01,3.921568627450980338e-02
1.000798236973269792e-03,8.627450980392157298e-01,0.000000000000000000e+00
1.000800236973213228e-03,9.019607843137255054e-01,-7.843137254901960675e-02
1.000802236973156664e-03,9.019607843137255054e-01,7.843137254901960675e-02
1.000804236973100100e-03,9.411764705882352811e-01,-3.921568627450980338e-02
1.000806236973043536e-03,8.235294117647058432e-01,0.000000000000000000e+00
1.000808236972986973e-03,8.627450980392157298e-01,0.000000000000000000e+00
1.000810236972930409e-03,9.019607843137255054e-01,3.921568627450980338e-02
1.000812236972873845e-03,9.019607843137255054e-01,3.921568627450980338e-02
1.000814236972817281e-03,8.235294117647058432e-01,-7.843137254901960675e-02
1.000816236972760717e-03,8.627450980392157298e-01,7.843137254901960675e-02
1.000818236972704153e-03,8.627450980392157298e-01,0.000000000000000000e+00
1.000820236972647589e-03,9.411764705882352811e-01,-3.921568627450980338e-02
1.000822236972591026e-03,8.627450980392157298e-01,7.843137254901960675e-02
1.000824236972534462e-03,9.019607843137255054e-01,0.000000000000000000e+00
1.000826236972477898e-03,9.019607843137255054e-01,1.176470588235294101e-01
1.000828236972421334e-03,9.411764705882352811e-01,0.000000000000000000e+00
1.000830236972364770e-03,8.235294117647058432e-01,-7.843137254901960675e-02
1.000832236972308206e-03,8.627450980392157298e-01,3.921568627450980338e-02
1.000834236972251642e-03,9.019607843137255054e-01,0.000000000000000000e+00
1.000836236972195079e-03,9.411764705882352811e-01,3.921568627450980338e-02
1.000838236972138515e-03,8.235294117647058432e-01,3.921568627450980338e-02
1.000840236972081951e-03,9.019607843137255054e-01,-7.843137254901960675e-02
1.000842236972025387e-03,9.019607843137255054e-01,1.176470588235294101e-01
1.000844236971968823e-03,9.411764705882352811e-01,-7.843137254901960675e-02
1.000846236971912259e-03,8.627450980392157298e-01,3.921568627450980338e-02
1.000848236971855695e-03,8.235294117647058432e-01,0.000000000000000000e+00
1.000850236971799131e-03,9.411764705882352811e-01,3.921568627450980338e-02
1.000852236971742568e-03,9.411764705882352811e-01,7.843137254901960675e-02
1.000854236971686004e-03,8.627450980392157298e-01,-7.843137254901960675e-02
1.000856236971629440e-03,8.627450980392157298e-01,3.921568627450980338e-02
1.000858236971572876e-03,9.019607843137255054e-01,0.000000000000000000e+00
1.000860236971516312e-03,9.411764705882352811e-01,-7.843137254901960675e-02
1.000862236971459748e-03,8.627450980392157298e-01,7.843137254901960675e-02
1.000864236971403184e-03,9.019607843137255054e-01,-7.843137254901960675e-02
1.000866236971346621e-03,9.019607843137255054e-01,1.176470588235294101e-01
1.000868236971290057e-03,9.411764705882352811e-01,0.000000000000000000e+00
1.000870236971233493e-03,8.627450980392157298e-01,-7.843137254901960675e-02
1.000872236971176929e-03,8.627450980392157298e-01,1.176470588235294101e-01
1.000874236971120365e-03,9.019607843137255054e-01,-3.921568627450980338e-02
1.000876236971063801e-03,9.411764705882352811e-01,3.921568627450980338e-02
1.000878236971007237e-03,8.627450980392157298e-01,0.000000000000000000e+00
1.000880236970950674e-03,9.019607843137255054e-01,-7.843137254901960675e-02
1.000882236970894110e-03,9.019607843137255054e-01,7.843137254901960675e-02
1.000884236970837546e-03,9.411764705882352811e-01,-7.843137254901960675e-02
1.000886236970780982e-03,8.235294117647058432e-01,0.000000000000000000e+00
1.000888236970724418e-03,8.235294117647058432e-01,3.921568627450980338e-02
1.000890236970667854e-03,9.019607843137255054e-01,0.000000000000000000e+00
1.000892236970611290e-03,9.019607843137255054e-01,3.921568627450980338e-02
1.000894236970554727e-03,8.235294117647058432e-01,-3.921568627450980338e-02
1.000896236970498163e-03,9.019607843137255054e-01,7.843137254901960675e-02
1.000898236970441599e-03,9.019607843137255054e-01,3.921568627450980338e-02
1.000900236970385035e-03,9.411764705882352811e-01,-3.921568627450980338e-02
1.000902236970328471e-03,8.627450980392157298e-01,7.843137254901960675e-02
1.000904236970271907e-03,9.019607843137255054e-01,-7.843137254901960675e-02
1.000906236970215343e-03,9.019607843137255054e-01,1.176470588235294101e-01
1.000908236970158779e-03,9.019607843137255054e-01,0.000000000000000000e+00
1.000910236970102216e-03,8.627450980392157298e-01,-3.921568627450980338e-02
1.000912236970045652e-03,9.019607843137255054e-01,7.843137254901960675e-02
1.000914236969989088e-03,9.019607843137255054e-01,0.000000000000000000e+00
1.000916236969932524e-03,9.411764705882352811e-01,3.921568627450980338e-02
1.000918236969875960e-03,8.627450980392157298e-01,0.000000000000000000e+00
1.000920236969819396e-03,9.019607843137255054e-01,-7.843137254901960675e-02
1.000922236969762832e-03,8.627450980392157298e-01,1.176470588235294101e-01
1.000924236969706269e-03,9.411764705882352811e-01,-3.921568627450980338e-02
1.000926236969649705e-03,8.627450980392157298e-01,0.000000000000000000e+00
1.000928236969593141e-03,8.627450980392157298e-01,3.921568627450980338e-02
1.000930236969536577e-03,9.019607843137255054e-01,0.000000000000000000e+00
1.000932236969480013e-03,9.411764705882352811e-01,3.921568627450980338e-02
1.000934236969423449e-03,8.627450980392157298e-01,-7.843137254901960675e-02
1.000936236969366885e-03,8.627450980392157298e-01,3.921568627450980338e-02
1.000938236969310322e-03,9.019607843137255054e-01,0.000000000000000000e+00
1.000940236969253758e-03,9.411764705882352811e-01,-7.843137254901960675e-02
1.000942236969197194e-03,8.235294117647058432e-01,7.843137254901960675e-02
1.000944236969140630e-03,8.627450980392157298e-01,-1.568627450980392135e-01
1.000946236969084066e-03,9.019607843137255054e-01,1.176470588235294101e-01
1.000948236969027502e-03,9.019607843137255054e-01,0.000000000000000000e+00
1.000950236968970938e-03,8.627450980392157298e-01,0.000000000000000000e+00
1.000952236968914374e-03,9.019607843137255054e-01,7.843137254901960675e-02
1.000954236968857811e-03,9.019607843137255054e-01,0.000000000000000000e+00
1.000956236968801247e-03,9.019607843137255054e-01,3.921568627450980338e-02
1.000958236968744683e-03,8.235294117647058432e-01,0.000000000000000000e+00
1.000960236968688119e-03,9.019607843137255054e-01,0.000000000000000000e+00
1.000962236968631555e-03,9.019607843137255054e-01,7.843137254901960675e-02
1.000964236968574991e-03,9.411764705882352811e-01,-3.921568627450980338e-02
1.000966236968518427e-03,8.627450980392157298e-01,0.000000000000000000e+00
1.000968236968461864e-03,9.019607843137255054e-01,3.921568627450980338e-02
1.000970236968405300e-03,9.019607843137255054e-01,0.000000000000000000e+00
1.000972236968348736e-03,9.411764705882352811e-01,3.921568627450980338e-02
1.000974236968292172e-03,8.627450980392157298e-01,-7.843137254901960675e-02
1.000976236968235608e-03,9.019607843137255054e-01,3.921568627450980338e-02
1.000978236968179044e-03,9.019607843137255054e-01,3.921568627450980338e-02
1.000980236968122480e-03,9.411764705882352811e-01,-3.921568627450980338e-02
1.000982236968065917e-03,8.235294117647058432e-01,7.843137254901960675e-02
1.000984236968009353e-03,9.019607843137255054e-01,0.000000000000000000e+00
1.000986236967952789e-03,9.019607843137255054e-01,7.843137254901960675e-02
1.000988236967896225e-03,9.411764705882352811e-01,3.921568627450980338e-02
1.000990236967839661e-03,8.627450980392157298e-01,-3.921568627450980338e-02
1.000992236967783097e-03,9.019607843137255054e-01,7.843137254901960675e-02
1.000994236967726533e-03,9.019607843137255054e-01,-3.921568627450980338e-02
1.000996236967669969e-03,9.411764705882352811e-01,3.921568627450980338e-02
1.000998236967613406e-03,8.627450980392157298e-01,0.000000000000000000e+00
1.001000236967556842e-03,8.627450980392157298e-01,-7.843137254901960675e-02
1.001002236967500278e-03,9.019607843137255054e-01,7.843137254901960675e-02
1.001004236967443714e-03,9.411764705882352811e-01,-7.843137254901960675e-02
1.001006236967387150e-03,8.627450980392157298e-01,0.000000000000000000e+00
1.001008236967330586e-03,9.019607843137255054e-01,3.921568627450980338e-02
1.001010236967274022e-03,9.019607843137255054e-01,0.000000000000000000e+00
1.001012236967217459e-03,9.019607843137255054e-01,7.843137254901960675e-02
1.001014236967160895e-03,8.627450980392157298e-01,-7.843137254901960675e-02
1.001016236967104331e-03,8.627450980392157298e-01,3.921568627450980338e-02
1.001018236967047767e-03,8.627450980392157298e-01,3.921568627450980338e-02
1.001020236966991203e-03,9.411764705882352811e-01,-7.843137254901960675e-02
1.001022236966934639e-03,8.627450980392157298e-01,7.843137254901960675e-02
1.001024236966878075e-03,8.627450980392157298e-01,-1.568627450980392135e-01
1.001026236966821512e-03,8.627450980392157298e-01,1.568627450980392135e-01
1.001028236966764948e-03,9.019607843137255054e-01,0.000000000000000000e+00
1.001030236966708384e-03,8.235294117647058432e-01,-3.921568627450980338e-02
1.001032236966651820e-03,9.019607843137255054e-01,1.176470588235294101e-01
1.001034236966595256e-03,9.019607843137255054e-01,-3.921568627450980338e-02
1.001036236966538692e-03,9.019607843137255054e-01,3.921568627450980338e-02
1.001038236966482128e-03,8.627450980392157298e-01,0.000000000000000000e+00
1.001040236966425565e-03,8.627450980392157298e-01,0.000000000000000000e+00
1.001042236966369001e-03,8.627450980392157298e-01,7.843137254901960675e-02
1.001044236966312437e-03,9.411764705882352811e-01,-7.843137254901960675e-02
1.001046236966255873e-03,8.235294117647058432e-01,0.000000000000000000e+00
1.001048236966199309e-03,8.235294117647058432e-01,0.000000000000000000e+00
1.001050236966142745e-03,8.627450980392157298e-01,0.000000000000000000e+00
1.001052236966086181e-03,9.019607843137255054e-01,3.921568627450980338e-02
1.001054236966029617e-03,8.235294117647058432e-01,-7.843137254901960675e-02
1.001056236965973054e-03,9.019607843137255054e-01,7.843137254901960675e-02
1.001058236965916490e-03,8.627450980392157298e-01,0.000000000000000000e+00
1.001060236965859926e-03,9.411764705882352811e-01,-3.921568627450980338e-02
1.001062236965803362e-03,8.627450980392157298e-01,7.843137254901960675e-02
1.001064236965746798e-03,8.627450980392157298e-01,-7.843137254901960675e-02
1.001066236965690234e-03,8.627450980392157298e-01,7.843137254901960675e-02
1.001068236965633670e-03,9.411764705882352811e-01,0.000000000000000000e+00
1.001070236965577107e-03,8.627450980392157298e-01,0.000000000000000000e+00
1.001072236965520543e-03,9.019607843137255054e-01,7.843137254901960675e-02
1.001074236965463979e-03,9.019607843137255054e-01,0.000000000000000000e+00
1.001076236965407415e-03,9.411764705882352811e-01,3.921568627450980338e-02
1.001078236965350851e-03,8.235294117647058432e-01,0.000000000000000000e+00
1.001080236965294287e-03,9.411764705882352811e-01,0.000000000000000000e+00
1.001082236965237723e-03,9.019607843137255054e-01,7.843137254901960675e-02
1.001084236965181160e-03,9.411764705882352811e-01,-7.843137254901960675e-02
1.001086236965124596e-03,8.627450980392157298e-01,3.921568627450980338e-02
1.001088236965068032e-03,8.627450980392157298e-01,0.000000000000000000e+00
1.001090236965011468e-03,8.627450980392157298e-01,0.000000000000000000e+00
1.001092236964954904e-03,9.019607843137255054e-01,7.843137254901960675e-02
1.001094236964898340e-03,8.627450980392157298e-01,-7.843137254901960675e-02
1.001096236964841776e-03,9.019607843137255054e-01,3.921568627450980338e-02
1.001098236964785212e-03,9.019607843137255054e-01,7.843137254901960675e-02
1.001100236964728649e-03,9.411764705882352811e-01,-7.843137254901960675e-02
1.001102236964672085e-03,8.627450980392157298e-01,7.843137254901960675e-02
1.001104236964615521e-03,8.627450980392157298e-01,-1.568627450980392135e-01
1.001106236964558957e-03,9.019607843137255054e-01,3.921568627450980338e-02
1.001108236964502393e-03,9.019607843137255054e-01,3.921568627450980338e-02
1.001110236964445829e-03,8.627450980392157298e-01,-3.921568627450980338e-02
1.001112236964389265e-03,8.627450980392157298e-01,1.176470588235294101e-01
1.001114236964332702e-03,9.019607843137255054e-01,-3.921568627450980338e-02
1.001116236964276138e-03,9.019607843137255054e-01,3.921568627450980338e-02
1.001118236964219574e-03,8.627450980392157298e-01,0.000000000000000000e+00
1.001120236964163010e-03,8.627450980392157298e-01,-1.568627450980392135e-01
1.001122236964106446e-03,9.019607843137255054e-01,7.843137254901960675e-02
1.001124236964049882e-03,9.411764705882352811e-01,-7.843137254901960675e-02
1.001126236963993318e-03,8.627450980392157298e-01,3.921568627450980338e-02
1.001128236963936755e-03,9.019607843137255054e-01,3.921568627450980338e-02
1.001130236963880191e-03,9.019607843137255054e-01,0.000000000000000000e+00
1.001132236963823627e-03,9.411764705882352811e-01,3.921568627450980338e-02
1.001134236963767063e-03,9.019607843137255054e-01,-3.921568627450980338e-02
1.001136236963710499e-03,9.019607843137255054e-01,3.921568627450980338e-02
1.001138236963653935e-03,9.019607843137255054e-01,0.000000000000000000e+00
1.001140236963597371e-03,9.411764705882352811e-01,-7.843137254901960675e-02
1.001142236963540808e-03,8.235294117647058432e-01,3.921568627450980338e-02
1.001144236963484244e-03,8.235294117647058432e-01,-1.568627450980392135e-01
1.001146236963427680e-03,9.019607843137255054e-01,1.176470588235294101e-01
1.001148236963371116e-03,9.411764705882352811e-01,0.000000000000000000e+00
1.001150236963314552e-03,8.627450980392157298e-01,-3.921568627450980338e-02
1.001152236963257988e-03,8.627450980392157298e-01,3.921568627450980338e-02
1.001154236963201424e-03,9.019607843137255054e-01,-3.921568627450980338e-02
1.001156236963144860e-03,9.411764705882352811e-01,7.843137254901960675e-02
1.001158236963088297e-03,8.235294117647058432e-01,3.921568627450980338e-02
1.001160236963031733e-03,9.019607843137255054e-01,0.000000000000000000e+00
1.001162236962975169e-03,9.019607843137255054e-01,7.843137254901960675e-02
1.001164236962918605e-03,9.411764705882352811e-01,-3.921568627450980338e-02
1.001166236962862041e-03,8.235294117647058432e-01,0.000000000000000000e+00
1.001168236962805477e-03,8.235294117647058432e-01,3.921568627450980338e-02
1.001170236962748913e-03,9.019607843137255054e-01,0.000000000000000000e+00
1.001172236962692350e-03,9.019607843137255054e-01,7.843137254901960675e-02
1.001174236962635786e-03,8.627450980392157298e-01,-7.843137254901960675e-02
1.001176236962579222e-03,8.235294117647058432e-01,0.000000000000000000e+00
1.001178236962522658e-03,8.627450980392157298e-01,7.843137254901960675e-02
1.001180236962466094e-03,9.411764705882352811e-01,-3.921568627450980338e-02
1.001182236962409530e-03,8.235294117647058432e-01,7.843137254901960675e-02
1.001184236962352966e-03,9.019607843137255054e-01,-7.843137254901960675e-02
1.001186236962296403e-03,9.019607843137255054e-01,1.176470588235294101e-01
1.001188236962239839e-03,9.411764705882352811e-01,-3.921568627450980338e-02
1.001190236962183275e-03,8.627450980392157298e-01,-3.921568627450980338e-02
1.001192236962126711e-03,8.627450980392157298e-01,7.843137254901960675e-02
1.001194236962070147e-03,9.411764705882352811e-01,-7.843137254901960675e-02
1.001196236962013583e-03,9.411764705882352811e-01,7.843137254901960675e-02
1.001198236961957019e-03,8.235294117647058432e-01,0.000000000000000000e+00
1.001200236961900455e-03,9.019607843137255054e-01,0.000000000000000000e+00
1.001202236961843892e-03,9.019607843137255054e-01,7.843137254901960675e-02
1.001204236961787328e-03,9.411764705882352811e-01,-3.921568627450980338e-02
1.001206236961730764e-03,8.627450980392157298e-01,0.000000000000000000e+00
1.001208236961674200e-03,8.627450980392157298e-01,3.921568627450980338e-02
1.001210236961617636e-03,9.019607843137255054e-01,3.921568627450980338e-02
1.001212236961561072e-03,9.019607843137255054e-01,3.921568627450980338e-02
1.001214236961504508e-03,8.235294117647058432e-01,-3.921568627450980338e-02
1.001216236961447945e-03,9.019607843137255054e-01,7.843137254901960675e-02
1.001218236961391381e-03,8.627450980392157298e-01,0.000000000000000000e+00
1.001220236961334817e-03,9.411764705882352811e-01,-7.843137254901960675e-02
1.001222236961278253e-03,8.627450980392157298e-01,7.843137254901960675e-02
1.001224236961221689e-03,8.627450980392157298e-01,-7.843137254901960675e-02
1.001226236961165125e-03,9.019607843137255054e-01,1.568627450980392135e-01
1.001228236961108561e-03,9.411764705882352811e-01,-3.921568627450980338e-02
1.001230236961051998e-03,8.627450980392157298e-01,-3.921568627450980338e-02
1.001232236960995434e-03,9.019607843137255054e-01,7.843137254901960675e-02
1.001234236960938870e-03,9.019607843137255054e-01,-3.921568627450980338e-02
1.001236236960882306e-03,9.411764705882352811e-01,3.921568627450980338e-02
1.001238236960825742e-03,8.235294117647058432e-01,0.000000000000000000e+00
1.001240236960769178e-03,8.627450980392157298e-01,0.000000000000000000e+00
1.001242236960712614e-03,9.019607843137255054e-01,1.176470588235294101e-01
1.001244236960656050e-03,9.411764705882352811e-01,-3.921568627450980338e-02
1.001246236960599487e-03,8.627450980392157298e-01,0.000000000000000000e+00
1.001248236960542923e-03,9.019607843137255054e-01,3.921568627450980338e-02
1.001250236960486359e-03,9.019607843137255054e-01,0.000000000000000000e+00
1.001252236960429795e-03,9.411764705882352811e-01,7.843137254901960675e-02
1.001254236960373231e-03,8.627450980392157298e-01,-7.843137254901960675e-02
1.001256236960316667e-03,8.235294117647058432e-01,0.000000000000000000e+00
1.001258236960260103e-03,9.019607843137255054e-01,3.921568627450980338e-02
1.001260236960203540e-03,9.411764705882352811e-01,-3.921568627450980338e-02
1.001262236960146976e-03,8.627450980392157298e-01,1.568627450980392135e-01
1.001264236960090412e-03,8.235294117647058432e-01,-1.568627450980392135e-01
1.001266236960033848e-03,9.019607843137255054e-01,1.176470588235294101e-01
1.001268236959977284e-03,9.411764705882352811e-01,0.000000000000000000e+00
1.001270236959920720e-03,8.627450980392157298e-01,-3.921568627450980338e-02
1.001272236959864156e-03,8.627450980392157298e-01,7.843137254901960675e-02
1.001274236959807593e-03,8.627450980392157298e-01,0.000000000000000000e+00
1.001276236959751029e-03,9.411764705882352811e-01,7.843137254901960675e-02
1.001278236959694465e-03,8.627450980392157298e-01,3.921568627450980338e-02
1.001280236959637901e-03,9.019607843137255054e-01,-1.568627450980392135e-01
1.001282236959581337e-03,9.019607843137255054e-01,7.843137254901960675e-02
1.001284236959524773e-03,9.411764705882352811e-01,-3.921568627450980338e-02
1.001286236959468209e-03,8.627450980392157298e-01,0.000000000000000000e+00
1.001288236959411646e-03,9.019607843137255054e-01,0.000000000000000000e+00
1.001290236959355082e-03,9.019607843137255054e-01,0.000000000000000000e+00
1.001292236959298518e-03,9.019607843137255054e-01,3.921568627450980338e-02
1.001294236959241954e-03,8.235294117647058432e-01,-7.843137254901960675e-02
1.001296236959185390e-03,8.627450980392157298e-01,7.843137254901960675e-02
1.001298236959128826e-03,9.019607843137255054e-01,0.000000000000000000e+00
1.001300236959072262e-03,9.411764705882352811e-01,-3.921568627450980338e-02
1.001302236959015698e-03,8.627450980392157298e-01,1.176470588235294101e-01
1.001304236958959135e-03,9.019607843137255054e-01,-1.568627450980392135e-01
1.001306236958902571e-03,9.019607843137255054e-01,7.843137254901960675e-02
1.001308236958846007e-03,9.019607843137255054e-01,0.000000000000000000e+00
1.001310236958789443e-03,8.627450980392157298e-01,-3.921568627450980338e-02
1.001312236958732879e-03,9.019607843137255054e-01,7.843137254901960675e-02
1.001314236958676315e-03,9.019607843137255054e-01,-3.921568627450980338e-02
1.001316236958619751e-03,9.411764705882352811e-01,0.000000000000000000e+00
1.001318236958563188e-03,8.627450980392157298e-01,0.000000000000000000e+00
1.001320236958506624e-03,8.627450980392157298e-01,0.000000000000000000e+00
1.001322236958450060e-03,9.019607843137255054e-01,7.843137254901960675e-02
1.001324236958393496e-03,9.019607843137255054e-01,-3.921568627450980338e-02
1.001326236958336932e-03,8.235294117647058432e-01,3.921568627450980338e-02
1.001328236958280368e-03,8.627450980392157298e-01,3.921568627450980338e-02
1.001330236958223804e-03,9.019607843137255054e-01,0.000000000000000000e+00
1.001332236958167241e-03,9.411764705882352811e-01,3.921568627450980338e-02
1.001334236958110677e-03,8.235294117647058432e-01,-7.843137254901960675e-02
1.001336236958054113e-03,8.235294117647058432e-01,3.921568627450980338e-02
1.001338236957997549e-03,9.019607843137255054e-01,3.921568627450980338e-02
1.001340236957940985e-03,9.411764705882352811e-01,-7.843137254901960675e-02
1.001342236957884421e-03,8.235294117647058432e-01,7.843137254901960675e-02
1.001344236957827857e-03,8.627450980392157298e-01,-1.568627450980392135e-01
1.001346236957771293e-03,9.019607843137255054e-01,1.176470588235294101e-01
1.001348236957714730e-03,9.019607843137255054e-01,0.000000000000000000e+00
1.001350236957658166e-03,8.627450980392157298e-01,-7.843137254901960675e-02
1.001352236957601602e-03,9.019607843137255054e-01,7.843137254901960675e-02
1.001354236957545038e-03,8.627450980392157298e-01,-3.921568627450980338e-02
1.001356236957488474e-03,9.411764705882352811e-01,3.921568627450980338e-02
1.001358236957431910e-03,8.627450980392157298e-01,3.921568627450980338e-02
1.001360236957375346e-03,8.235294117647058432e-01,-3.921568627450980338e-02
1.001362236957318783e-03,9.019607843137255054e-01,7.843137254901960675e-02
1.001364236957262219e-03,9.411764705882352811e-01,-3.921568627450980338e-02
1.001366236957205655e-03,8.627450980392157298e-01,3.921568627450980338e-02
1.001368236957149091e-03,8.627450980392157298e-01,3.921568627450980338e-02
1.001370236957092527e-03,8.627450980392157298e-01,3.921568627450980338e-02
1.001372236957035963e-03,9.019607843137255054e-01,7.843137254901960675e-02
1.001374236956979399e-03,8.627450980392157298e-01,-7.843137254901960675e-02
1.001376236956922836e-03,9.019607843137255054e-01,3.921568627450980338e-02
1.001378236956866272e-03,9.019607843137255054e-01,0.000000000000000000e+00
1.001380236956809708e-03,9.411764705882352811e-01,-7.843137254901960675e-02
1.001382236956753144e-03,8.235294117647058432e-01,7.843137254901960675e-02
1.001384236956696580e-03,8.627450980392157298e-01,-1.568627450980392135e-01
1.001386236956640016e-03,9.019607843137255054e-01,1.176470588235294101e-01
1.001388236956583452e-03,9.411764705882352811e-01,3.921568627450980338e-02
1.001390236956526889e-03,8.627450980392157298e-01,-3.921568627450980338e-02
1.001392236956470325e-03,9.019607843137255054e-01,7.843137254901960675e-02
1.001394236956413761e-03,9.019607843137255054e-01,-3.921568627450980338e-02
1.001396236956357197e-03,9.411764705882352811e-01,0.000000000000000000e+00
1.001398236956300633e-03,8.627450980392157298e-01,0.000000000000000000e+00
1.001400236956244069e-03,9.019607843137255054e-01,0.000000000000000000e+00
1.001402236956187505e-03,9.411764705882352811e-01,1.176470588235294101e-01
1.001404236956130941e-03,9.411764705882352811e-01,-3.921568627450980338e-02
1.001406236956074378e-03,8.235294117647058432e-01,0.000000000000000000e+00
1.001408236956017814e-03,9.019607843137255054e-01,0.000000000000000000e+00
1.001410236955961250e-03,9.019607843137255054e-01,3.921568627450980338e-02
1.001412236955904686e-03,9.019607843137255054e-01,7.843137254901960675e-02
1.001414236955848122e-03,8.627450980392157298e-01,-3.921568627450980338e-02
1.001416236955791558e-03,9.019607843137255054e-01,3.921568627450980338e-02
1.001418236955734994e-03,8.627450980392157298e-01,3.921568627450980338e-02
1.001420236955678431e-03,9.019607843137255054e-01,-3.921568627450980338e-02
1.001422236955621867e-03,8.627450980392157298e-01,1.176470588235294101e-01
1.001424236955565303e-03,8.627450980392157298e-01,-1.568627450980392135e-01
1.001426236955508739e-03,8.627450980392157298e-01,1.568627450980392135e-01
1.001428236955452175e-03,9.411764705882352811e-01,0.000000000000000000e+00
1.001430236955395611e-03,8.627450980392157298e-01,-7.843137254901960675e-02
1.001432236955339047e-03,8.235294117647058432e-01,7.843137254901960675e-02
1.001434236955282484e-03,8.627450980392157298e-01,-3.921568627450980338e-02
1.001436236955225920e-03,9.411764705882352811e-01,3.921568627450980338e-02
1.001438236955169356e-03,8.235294117647058432e-01,0.000000000000000000e+00
1.001440236955112792e-03,9.019607843137255054e-01,0.000000000000000000e+00
1.001442236955056228e-03,9.019607843137255054e-01,7.843137254901960675e-02
1.001444236954999664e-03,9.411764705882352811e-01,-3.921568627450980338e-02
1.001446236954943100e-03,8.235294117647058432e-01,0.000000000000000000e+00
1.001448236954886536e-03,9.019607843137255054e-01,0.000000000000000000e+00
1.001450236954829973e-03,8.627450980392157298e-01,7.843137254901960675e-02
1.001452236954773409e-03,9.411764705882352811e-01,3.921568627450980338e-02
1.001454236954716845e-03,8.627450980392157298e-01,-7.843137254901960675e-02
1.001456236954660281e-03,9.019607843137255054e-01,3.921568627450980338e-02
1.001458236954603717e-03,9.019607843137255054e-01,0.000000000000000000e+00
1.001460236954547153e-03,9.411764705882352811e-01,-7.843137254901960675e-02
1.001462236954490589e-03,8.627450980392157298e-01,7.843137254901960675e-02
1.001464236954434026e-03,9.019607843137255054e-01,-1.568627450980392135e-01
1.001466236954377462e-03,9.019607843137255054e-01,1.176470588235294101e-01
1.001468236954320898e-03,9.411764705882352811e-01,0.000000000000000000e+00
1.001470236954264334e-03,8.627450980392157298e-01,-3.921568627450980338e-02
1.001472236954207770e-03,8.235294117647058432e-01,7.843137254901960675e-02
1.001474236954151206e-03,9.019607843137255054e-01,-7.843137254901960675e-02
1.001476236954094642e-03,9.411764705882352811e-01,0.000000000000000000e+00
1.001478236954038079e-03,8.627450980392157298e-01,0.000000000000000000e+00
1.001480236953981515e-03,9.019607843137255054e-01,0.000000000000000000e+00
1.001482236953924951e-03,9.019607843137255054e-01,7.843137254901960675e-02
1.001484236953868387e-03,9.411764705882352811e-01,-3.921568627450980338e-02
1.001486236953811823e-03,8.235294117647058432e-01,0.000000000000000000e+00
1.001488236953755259e-03,9.019607843137255054e-01,0.000000000000000000e+00
1.001490236953698695e-03,9.411764705882352811e-01,0.000000000000000000e+00
1.001492236953642131e-03,9.411764705882352811e-01,7.843137254901960675e-02
1.001494236953585568e-03,8.627450980392157298e-01,-7.843137254901960675e-02
1.001496236953529004e-03,9.019607843137255054e-01,3.921568627450980338e-02
1.001498236953472440e-03,9.019607843137255054e-01,3.921568627450980338e-02
1.001500236953415876e-03,9.411764705882352811e-01,-7.843137254901960675e-02
1.001502236953359312e-03,8.235294117647058432e-01,7.843137254901960675e-02
1.001504236953302748e-03,8.627450980392157298e-01,-7.843137254901960675e-02
1.001506236953246184e-03,9.019607843137255054e-01,1.568627450980392135e-01
1.001508236953189621e-03,9.411764705882352811e-01,0.000000000000000000e+00
1.001510236953133057e-03,8.627450980392157298e-01,-3.921568627450980338e-02
1.001512236953076493e-03,8.627450980392157298e-01,7.843137254901960675e-02
1.001514236953019929e-03,9.019607843137255054e-01,-3.921568627450980338e-02
1.001516236952963365e-03,9.411764705882352811e-01,0.000000000000000000e+00
1.001518236952906801e-03,8.627450980392157298e-01,0.000000000000000000e+00
1.001520236952850237e-03,8.627450980392157298e-01,-1.568627450980392135e-01
1.001522236952793674e-03,9.019607843137255054e-01,3.921568627450980338e-02
1.001524236952737110e-03,9.411764705882352811e-01,-3.921568627450980338e-02
1.001526236952680546e-03,8.235294117647058432e-01,0.000000000000000000e+00
1.001528236952623982e-03,9.019607843137255054e-01,0.000000000000000000e+00
1.001530236952567418e-03,9.411764705882352811e-01,0.000000000000000000e+00
1.001532236952510854e-03,9.411764705882352811e-01,7.843137254901960675e-02
1.001534236952454290e-03,8.627450980392157298e-01,-7.843137254901960675e-02
1.001536236952397727e-03,8.627450980392157298e-01,7.843137254901960675e-02
1.001538236952341163e-03,9.019607843137255054e-01,3.921568627450980338e-02
1.001540236952284599e-03,9.411764705882352811e-01,-3.921568627450980338e-02
1.001542236952228035e-03,8.235294117647058432e-01,7.843137254901960675e-02
1.001544236952171471e-03,9.019607843137255054e-01,-1.568627450980392135e-01
1.001546236952114907e-03,9.019607843137255054e-01,1.176470588235294101e-01
1.001548236952058343e-03,9.019607843137255054e-01,0.000000000000000000e+00
1.001550236952001779e-03,8.627450980392157298e-01,-3.921568627450980338e-02
1.001552236951945216e-03,8.627450980392157298e-01,7.843137254901960675e-02
1.001554236951888652e-03,9.411764705882352811e-01,0.000000000000000000e+00
1.001556236951832088e-03,9.411764705882352811e-01,3.921568627450980338e-02
1.001558236951775524e-03,8.627450980392157298e-01,0.000000000000000000e+00
1.001560236951718960e-03,9.411764705882352811e-01,0.000000000000000000e+00
1.001562236951662396e-03,9.019607843137255054e-01,7.843137254901960675e-02
1.001564236951605832e-03,9.411764705882352811e-01,-3.921568627450980338e-02
1.001566236951549269e-03,8.235294117647058432e-01,0.000000000000000000e+00
1.001568236951492705e-03,8.627450980392157298e-01,3.921568627450980338e-02
1.001570236951436141e-03,9.019607843137255054e-01,3.921568627450980338e-02
1.001572236951379577e-03,9.411764705882352811e-01,3.921568627450980338e-02
1.001574236951323013e-03,8.235294117647058432e-01,-7.843137254901960675e-02
1.001576236951266449e-03,8.627450980392157298e-01,3.921568627450980338e-02
1.001578236951209885e-03,9.411764705882352811e-01,3.921568627450980338e-02
1.001580236951153322e-03,9.411764705882352811e-01,-3.921568627450980338e-02
1.001582236951096758e-03,8.627450980392157298e-01,7.843137254901960675e-02
1.001584236951040194e-03,9.019607843137255054e-01,-7.843137254901960675e-02
1.001586236950983630e-03,9.019607843137255054e-01,7.843137254901960675e-02
1.001588236950927066e-03,9.019607843137255054e-01,0.000000000000000000e+00
1.001590236950870502e-03,8.627450980392157298e-01,-3.921568627450980338e-02
1.001592236950813938e-03,9.019607843137255054e-01,7.843137254901960675e-02
1.001594236950757374e-03,9.019607843137255054e-01,0.000000000000000000e+00
1.001596236950700811e-03,9.411764705882352811e-01,3.921568627450980338e-02
1.001598236950644247e-03,8.235294117647058432e-01,0.000000000000000000e+00
1.001600236950587683e-03,9.019607843137255054e-01,-3.921568627450980338e-02
1.001602236950531119e-03,9.019607843137255054e-01,1.176470588235294101e-01
1.001604236950474555e-03,9.411764705882352811e-01,-3.921568627450980338e-02
1.001606236950417991e-03,8.627450980392157298e-01,3.921568627450980338e-02
1.001608236950361427e-03,8.627450980392157298e-01,3.921568627450980338e-02
1.001610236950304864e-03,8.627450980392157298e-01,0.000000000000000000e+00
1.001612236950248300e-03,9.411764705882352811e-01,7.843137254901960675e-02
1.001614236950191736e-03,8.235294117647058432e-01,-3.921568627450980338e-02
1.001616236950135172e-03,8.627450980392157298e-01,0.000000000000000000e+00
1.001618236950078608e-03,9.019607843137255054e-01,3.921568627450980338e-02
1.001620236950022044e-03,9.411764705882352811e-01,-3.921568627450980338e-02
1.001622236949965480e-03,8.235294117647058432e-01,7.843137254901960675e-02
1.001624236949908917e-03,8.235294117647058432e-01,-7.843137254901960675e-02
1.001626236949852353e-03,8.627450980392157298e-01,1.176470588235294101e-01
1.001628236949795789e-03,9.019607843137255054e-01,0.000000000000000000e+00
1.001630236949739225e-03,8.235294117647058432e-01,-3.921568627450980338e-02
1.001632236949682661e-03,8.627450980392157298e-01,7.843137254901960675e-02
1.001634236949626097e-03,9.019607843137255054e-01,0.000000000000000000e+00
1.001636236949569533e-03,9.411764705882352811e-01,3.921568627450980338e-02
1.001638236949512969e-03,8.235294117647058432e-01,0.000000000000000000e+00
1.001640236949456406e-03,9.019607843137255054e-01,0.000000000000000000e+00
1.001642236949399842e-03,9.019607843137255054e-01,1.176470588235294101e-01
1.001644236949343278e-03,9.411764705882352811e-01,-3.921568627450980338e-02
1.001646236949286714e-03,8.235294117647058432e-01,3.921568627450980338e-02
1.001648236949230150e-03,8.627450980392157298e-01,3.921568627450980338e-02
1.001650236949173586e-03,9.019607843137255054e-01,0.000000000000000000e+00
1.001652236949117022e-03,9.411764705882352811e-01,3.921568627450980338e-02
1.001654236949060459e-03,8.627450980392157298e-01,-7.843137254901960675e-02
1.001656236949003895e-03,8.235294117647058432e-01,3.921568627450980338e-02
1.001658236948947331e-03,8.627450980392157298e-01,0.000000000000000000e+00
1.001660236948890767e-03,9.019607843137255054e-01,-7.843137254901960675e-02
1.001662236948834203e-03,8.235294117647058432e-01,7.843137254901960675e-02
1.001664236948777639e-03,8.627450980392157298e-01,0.000000000000000000e+00
1.001666236948721075e-03,9.019607843137255054e-01,1.176470588235294101e-01
1.001668236948664512e-03,9.411764705882352811e-01,0.000000000000000000e+00
1.001670236948607948e-03,9.019607843137255054e-01,-3.921568627450980338e-02
1.001672236948551384e-03,8.627450980392157298e-01,7.843137254901960675e-02
1.001674236948494820e-03,9.019607843137255054e-01,-3.921568627450980338e-02
1.001676236948438256e-03,9.411764705882352811e-01,7.843137254901960675e-02
1.001678236948381692e-03,8.235294117647058432e-01,0.000000000000000000e+00
1.001680236948325128e-03,8.627450980392157298e-01,-7.843137254901960675e-02
1.001682236948268565e-03,8.627450980392157298e-01,7.843137254901960675e-02
1.001684236948212001e-03,9.411764705882352811e-01,-3.921568627450980338e-02
1.001686236948155437e-03,8.627450980392157298e-01,3.921568627450980338e-02
1.001688236948098873e-03,9.019607843137255054e-01,3.921568627450980338e-02
1.001690236948042309e-03,9.019607843137255054e-01,3.921568627450980338e-02
1.001692236947985745e-03,9.019607843137255054e-01,7.843137254901960675e-02
1.001694236947929181e-03,8.235294117647058432e-01,-3.921568627450980338e-02
1.001696236947872617e-03,8.627450980392157298e-01,3.921568627450980338e-02
1.001698236947816054e-03,9.019607843137255054e-01,3.921568627450980338e-02
1.001700236947759490e-03,9.411764705882352811e-01,-7.843137254901960675e-02
1.001702236947702926e-03,8.627450980392157298e-01,7.843137254901960675e-02
1.001704236947646362e-03,9.411764705882352811e-01,0.000000000000000000e+00
1.001706236947589798e-03,9.019607843137255054e-01,1.568627450980392135e-01
1.001708236947533234e-03,9.411764705882352811e-01,0.000000000000000000e+00
1.001710236947476670e-03,8.627450980392157298e-01,-3.921568627450980338e-02
1.001712236947420107e-03,8.235294117647058432e-01,7.843137254901960675e-02
1.001714236947363543e-03,8.627450980392157298e-01,-3.921568627450980338e-02
1.001716236947306979e-03,9.411764705882352811e-01,3.921568627450980338e-02
1.001718236947250415e-03,8.235294117647058432e-01,0.000000000000000000e+00
1.001720236947193851e-03,9.019607843137255054e-01,0.000000000000000000e+00
1.001722236947137287e-03,9.019607843137255054e-01,7.843137254901960675e-02
1.001724236947080723e-03,9.411764705882352811e-01,-7.843137254901960675e-02
1.001726236947024160e-03,8.235294117647058432e-01,0.000000000000000000e+00
1.001728236946967596e-03,8.627450980392157298e-01,0.000000000000000000e+00
1.001730236946911032e-03,9.019607843137255054e-01,0.000000000000000000e+00
1.001732236946854468e-03,9.019607843137255054e-01,3.921568627450980338e-02
1.001734236946797904e-03,8.235294117647058432e-01,-3.921568627450980338e-02
1.001736236946741340e-03,9.019607843137255054e-01,3.921568627450980338e-02
1.001738236946684776e-03,9.019607843137255054e-01,3.921568627450980338e-02
1.001740236946628212e-03,9.411764705882352811e-01,-7.843137254901960675e-02
1.001742236946571649e-03,8.627450980392157298e-01,7.843137254901960675e-02
1.001744236946515085e-03,8.627450980392157298e-01,-7.843137254901960675e-02
1.001746236946458521e-03,9.019607843137255054e-01,1.176470588235294101e-01
1.001748236946401957e-03,9.411764705882352811e-01,0.000000000000000000e+00
1.001750236946345393e-03,9.019607843137255054e-01,0.000000000000000000e+00
1.001752236946288829e-03,9.019607843137255054e-01,7.843137254901960675e-02
1.001754236946232265e-03,9.019607843137255054e-01,-3.921568627450980338e-02
1.001756236946175702e-03,9.411764705882352811e-01,3.921568627450980338e-02
1.001758236946119138e-03,8.627450980392157298e-01,0.000000000000000000e+00
1.001760236946062574e-03,9.019607843137255054e-01,-7.843137254901960675e-02
1.001762236946006010e-03,9.019607843137255054e-01,7.843137254901960675e-02
1.001764236945949446e-03,9.411764705882352811e-01,-7.843137254901960675e-02
1.001766236945892882e-03,8.627450980392157298e-01,0.000000000000000000e+00
1.001768236945836318e-03,8.627450980392157298e-01,3.921568627450980338e-02
1.001770236945779755e-03,9.019607843137255054e-01,3.921568627450980338e-02
1.001772236945723191e-03,9.411764705882352811e-01,7.843137254901960675e-02
1.001774236945666627e-03,8.235294117647058432e-01,-7.843137254901960675e-02
1.001776236945610063e-03,8.627450980392157298e-01,0.000000000000000000e+00
1.001778236945553499e-03,8.627450980392157298e-01,0.000000000000000000e+00
1.001780236945496935e-03,9.411764705882352811e-01,-3.921568627450980338e-02
1.001782236945440371e-03,8.627450980392157298e-01,7.843137254901960675e-02
1.001784236945383808e-03,9.411764705882352811e-01,-7.843137254901960675e-02
1.001786236945327244e-03,9.019607843137255054e-01,3.921568627450980338e-02
1.001788236945270680e-03,9.411764705882352811e-01,3.921568627450980338e-02
1.001790236945214116e-03,8.235294117647058432e-01,-7.843137254901960675e-02
1.001792236945157552e-03,8.627450980392157298e-01,7.843137254901960675e-02
1.001794236945100988e-03,8.627450980392157298e-01,-3.921568627450980338e-02
1.001796236945044424e-03,9.411764705882352811e-01,3.921568627450980338e-02
1.001798236944987860e-03,8.627450980392157298e-01,0.000000000000000000e+00
1.001800236944931297e-03,9.019607843137255054e-01,0.000000000000000000e+00
1.001802236944874733e-03,8.627450980392157298e-01,1.176470588235294101e-01
1.001804236944818169e-03,9.411764705882352811e-01,-7.843137254901960675e-02
1.001806236944761605e-03,8.627450980392157298e-01,3.921568627450980338e-02
1.001808236944705041e-03,8.627450980392157298e-01,0.000000000000000000e+00
1.001810236944648477e-03,9.019607843137255054e-01,3.921568627450980338e-02
1.001812236944591913e-03,9.019607843137255054e-01,7.843137254901960675e-02
1.001814236944535350e-03,8.235294117647058432e-01,-3.921568627450980338e-02
1.001816236944478786e-03,8.627450980392157298e-01,7.843137254901960675e-02
1.001818236944422222e-03,9.019607843137255054e-01,3.921568627450980338e-02
1.001820236944365658e-03,9.411764705882352811e-01,-7.843137254901960675e-02
1.001822236944309094e-03,8.627450980392157298e-01,7.843137254901960675e-02
1.001824236944252530e-03,9.019607843137255054e-01,-7.843137254901960675e-02
1.001826236944195966e-03,9.019607843137255054e-01,1.176470588235294101e-01
1.001828236944139403e-03,9.019607843137255054e-01,0.000000000000000000e+00
1.001830236944082839e-03,8.235294117647058432e-01,-3.921568627450980338e-02
1.001832236944026275e-03,8.627450980392157298e-01,7.843137254901960675e-02
1.001834236943969711e-03,9.019607843137255054e-01,0.000000000000000000e+00
1.001836236943913147e-03,9.411764705882352811e-01,0.000000000000000000e+00
1.001838236943856583e-03,8.627450980392157298e-01,3.921568627450980338e-02
1.001840236943800019e-03,8.627450980392157298e-01,-7.843137254901960675e-02
1.001842236943743455e-03,9.019607843137255054e-01,7.843137254901960675e-02
1.001844236943686892e-03,9.411764705882352811e-01,-7.843137254901960675e-02
1.001846236943630328e-03,8.235294117647058432e-01,0.000000000000000000e+00
1.001848236943573764e-03,8.235294117647058432e-01,3.921568627450980338e-02
1.001850236943517200e-03,9.019607843137255054e-01,0.000000000000000000e+00
1.001852236943460636e-03,9.019607843137255054e-01,7.843137254901960675e-02
1.001854236943404072e-03,8.627450980392157298e-01,-3.921568627450980338e-02
1.001856236943347508e-03,8.627450980392157298e-01,7.843137254901960675e-02
1.001858236943290945e-03,9.019607843137255054e-01,7.843137254901960675e-02
1.001860236943234381e-03,9.411764705882352811e-01,-3.921568627450980338e-02
1.001862236943177817e-03,8.235294117647058432e-01,7.843137254901960675e-02
1.001864236943121253e-03,8.627450980392157298e-01,-1.568627450980392135e-01
1.001866236943064689e-03,9.019607843137255054e-01,1.176470588235294101e-01
1.001868236943008125e-03,9.411764705882352811e-01,3.921568627450980338e-02
1.001870236942951561e-03,8.627450980392157298e-01,-3.921568627450980338e-02
1.001872236942894998e-03,8.627450980392157298e-01,7.843137254901960675e-02
1.001874236942838434e-03,9.019607843137255054e-01,-3.921568627450980338e-02
1.001876236942781870e-03,9.411764705882352811e-01,3.921568627450980338e-02
1.001878236942725306e-03,8.235294117647058432e-01,3.921568627450980338e-02
1.001880236942668742e-03,8.627450980392157298e-01,0.000000000000000000e+00
1.001882236942612178e-03,9.411764705882352811e-01,7.843137254901960675e-02
1.001884236942555614e-03,9.411764705882352811e-01,-3.921568627450980338e-02
1.001886236942499050e-03,8.235294117647058432e-01,0.000000000000000000e+00
1.001888236942442487e-03,9.019607843137255054e-01,3.921568627450980338e-02
1.001890236942385923e-03,9.019607843137255054e-01,3.921568627450980338e-02
1.001892236942329359e-03,9.019607843137255054e-01,7.843137254901960675e-02
1.001894236942272795e-03,8.235294117647058432e-01,-3.921568627450980338e-02
1.001896236942216231e-03,8.627450980392157298e-01,3.921568627450980338e-02
1.001898236942159667e-03,8.627450980392157298e-01,0.000000000000000000e+00
1.001900236942103103e-03,9.411764705882352811e-01,-7.843137254901960675e-02
1.001902236942046540e-03,8.627450980392157298e-01,7.843137254901960675e-02
1.001904236941989976e-03,8.627450980392157298e-01,-7.843137254901960675e-02
1.001906236941933412e-03,9.019607843137255054e-01,1.176470588235294101e-01
1.001908236941876848e-03,9.019607843137255054e-01,0.000000000000000000e+00
1.001910236941820284e-03,8.235294117647058432e-01,-3.921568627450980338e-02
1.001912236941763720e-03,8.627450980392157298e-01,7.843137254901960675e-02
1.001914236941707156e-03,8.627450980392157298e-01,-3.921568627450980338e-02
1.001916236941650593e-03,9.411764705882352811e-01,3.921568627450980338e-02
1.001918236941594029e-03,8.235294117647058432e-01,0.000000000000000000e+00
1.001920236941537465e-03,9.019607843137255054e-01,-7.843137254901960675e-02
1.001922236941480901e-03,9.019607843137255054e-01,1.176470588235294101e-01
1.001924236941424337e-03,9.411764705882352811e-01,-3.921568627450980338e-02
1.001926236941367773e-03,8.235294117647058432e-01,0.000000000000000000e+00
1.001928236941311209e-03,8.627450980392157298e-01,3.921568627450980338e-02
1.001930236941254646e-03,9.411764705882352811e-01,3.921568627450980338e-02
1.001932236941198082e-03,9.019607843137255054e-01,3.921568627450980338e-02
1.001934236941141518e-03,8.627450980392157298e-01,0.000000000000000000e+00
1.001936236941084954e-03,9.019607843137255054e-01,7.843137254901960675e-02
1.001938236941028390e-03,9.019607843137255054e-01,3.921568627450980338e-02
1.001940236940971826e-03,9.411764705882352811e-01,-7.843137254901960675e-02
1.001942236940915262e-03,8.627450980392157298e-01,7.843137254901960675e-02
1.001944236940858698e-03,8.627450980392157298e-01,0.000000000000000000e+00
1.001946236940802135e-03,8.627450980392157298e-01,1.176470588235294101e-01
1.001948236940745571e-03,9.411764705882352811e-01,0.000000000000000000e+00
1.001950236940689007e-03,8.627450980392157298e-01,-3.921568627450980338e-02
1.001952236940632443e-03,9.019607843137255054e-01,7.843137254901960675e-02
1.001954236940575879e-03,9.019607843137255054e-01,-3.921568627450980338e-02
1.001956236940519315e-03,9.411764705882352811e-01,3.921568627450980338e-02
1.001958236940462751e-03,8.235294117647058432e-01,0.000000000000000000e+00
1.001960236940406188e-03,9.019607843137255054e-01,-7.843137254901960675e-02
1.001962236940349624e-03,9.019607843137255054e-01,7.843137254901960675e-02
1.001964236940293060e-03,9.411764705882352811e-01,-3.921568627450980338e-02
1.001966236940236496e-03,8.235294117647058432e-01,3.921568627450980338e-02
1.001968236940179932e-03,8.627450980392157298e-01,3.921568627450980338e-02
1.001970236940123368e-03,9.019607843137255054e-01,0.000000000000000000e+00
1.001972236940066804e-03,9.411764705882352811e-01,7.843137254901960675e-02
1.001974236940010241e-03,8.235294117647058432e-01,-7.843137254901960675e-02
1.001976236939953677e-03,9.019607843137255054e-01,3.921568627450980338e-02
1.001978236939897113e-03,8.627450980392157298e-01,0.000000000000000000e+00
1.001980236939840549e-03,9.019607843137255054e-01,-7.843137254901960675e-02
1.001982236939783985e-03,8.235294117647058432e-01,7.843137254901960675e-02
1.001984236939727421e-03,9.019607843137255054e-01,-1.568627450980392135e-01
1.001986236939670857e-03,9.019607843137255054e-01,1.176470588235294101e-01
1.001988236939614293e-03,9.411764705882352811e-01,0.000000000000000000e+00
1.001990236939557730e-03,8.627450980392157298e-01,-3.921568627450980338e-02
1.001992236939501166e-03,8.235294117647058432e-01,7.843137254901960675e-02
1.001994236939444602e-03,8.627450980392157298e-01,-3.921568627450980338e-02
1.001996236939388038e-03,9.411764705882352811e-01,3.921568627450980338e-02
1.001998236939331474e-03,8.627450980392157298e-01,0.000000000000000000e+00
1.002000236939274910e-03,9.019607843137255054e-01,-3.921568627450980338e-02
1.002002236939218346e-03,9.019607843137255054e-01,7.843137254901960675e-02
1.002004236939161783e-03,9.411764705882352811e-01,0.000000000000000000e+00
1.002006236939105219e-03,8.627450980392157298e-01,3.921568627450980338e-02
1.002008236939048655e-03,9.019607843137255054e-01,3.921568627450980338e-02
1.002010236938992091e-03,9.411764705882352811e-01,0.000000000000000000e+00
1.002012236938935527e-03,9.411764705882352811e-01,3.921568627450980338e-02
1.002014236938878963e-03,8.627450980392157298e-01,-7.843137254901960675e-02
1.002016236938822399e-03,8.627450980392157298e-01,7.843137254901960675e-02
1.002018236938765836e-03,9.019607843137255054e-01,0.000000000000000000e+00
1.002020236938709272e-03,9.411764705882352811e-01,-7.843137254901960675e-02
1.002022236938652708e-03,8.627450980392157298e-01,7.843137254901960675e-02
1.002024236938596144e-03,9.019607843137255054e-01,-1.568627450980392135e-01
1.002026236938539580e-03,8.627450980392157298e-01,1.176470588235294101e-01
1.002028236938483016e-03,9.019607843137255054e-01,0.000000000000000000e+00
1.002030236938426452e-03,8.235294117647058432e-01,-3.921568627450980338e-02
1.002032236938369889e-03,8.627450980392157298e-01,3.921568627450980338e-02
1.002034236938313325e-03,9.019607843137255054e-01,-3.921568627450980338e-02
1.002036236938256761e-03,9.411764705882352811e-01,0.000000000000000000e+00
1.002038236938200197e-03,8.627450980392157298e-01,3.921568627450980338e-02
1.002040236938143633e-03,8.627450980392157298e-01,-3.921568627450980338e-02
1.002042236938087069e-03,9.019607843137255054e-01,1.176470588235294101e-01
1.002044236938030505e-03,9.411764705882352811e-01,-3.921568627450980338e-02
1.002046236937973941e-03,8.235294117647058432e-01,3.921568627450980338e-02
1.002048236937917378e-03,9.019607843137255054e-01,3.921568627450980338e-02
1.002050236937860814e-03,9.411764705882352811e-01,0.000000000000000000e+00
1.002052236937804250e-03,9.411764705882352811e-01,7.843137254901960675e-02
1.002054236937747686e-03,8.235294117647058432e-01,-3.921568627450980338e-02
1.002056236937691122e-03,8.627450980392157298e-01,0.000000000000000000e+00
1.002058236937634558e-03,9.019607843137255054e-01,0.000000000000000000e+00
1.002060236937577994e-03,9.411764705882352811e-01,-7.843137254901960675e-02
1.002062236937521431e-03,8.235294117647058432e-01,7.843137254901960675e-02
1.002064236937464867e-03,9.019607843137255054e-01,-1.568627450980392135e-01
1.002066236937408303e-03,9.019607843137255054e-01,7.843137254901960675e-02
1.002068236937351739e-03,9.411764705882352811e-01,0.000000000000000000e+00
1.002070236937295175e-03,8.627450980392157298e-01,-3.921568627450980338e-02
1.002072236937238611e-03,8.627450980392157298e-01,7.843137254901960675e-02
1.002074236937182047e-03,9.019607843137255054e-01,-7.843137254901960675e-02
1.002076236937125484e-03,9.411764705882352811e-01,0.000000000000000000e+00
1.002078236937068920e-03,8.627450980392157298e-01,3.921568627450980338e-02
1.002080236937012356e-03,9.019607843137255054e-01,-3.921568627450980338e-02
1.002082236936955792e-03,9.019607843137255054e-01,1.176470588235294101e-01
1.002084236936899228e-03,9.411764705882352811e-01,0.000000000000000000e+00
1.002086236936842664e-03,8.235294117647058432e-01,0.000000000000000000e+00
1.002088236936786100e-03,8.627450980392157298e-01,3.921568627450980338e-02
1.002090236936729536e-03,9.019607843137255054e-01,0.000000000000000000e+00
1.002092236936672973e-03,9.019607843137255054e-01,7.843137254901960675e-02
1.002094236936616409e-03,8.235294117647058432e-01,-3.921568627450980338e-02
1.002096236936559845e-03,9.019607843137255054e-01,3.921568627450980338e-02
1.002098236936503281e-03,9.019607843137255054e-01,0.000000000000000000e+00
1.002100236936446717e-03,9.411764705882352811e-01,-7.843137254901960675e-02
1.002102236936390153e-03,8.627450980392157298e-01,7.843137254901960675e-02
1.002104236936333589e-03,9.019607843137255054e-01,0.000000000000000000e+00
1.002106236936277026e-03,9.019607843137255054e-01,1.176470588235294101e-01
1.002108236936220462e-03,9.411764705882352811e-01,0.000000000000000000e+00
1.002110236936163898e-03,8.235294117647058432e-01,-7.843137254901960675e-02
1.002112236936107334e-03,9.019607843137255054e-01,3.921568627450980338e-02
1.002114236936050770e-03,9.411764705882352811e-01,-3.921568627450980338e-02
1.002116236935994206e-03,9.411764705882352811e-01,0.000000000000000000e+00
1.002118236935937642e-03,8.627450980392157298e-01,3.921568627450980338e-02
1.002120236935881079e-03,8.235294117647058432e-01,0.000000000000000000e+00
1.002122236935824515e-03,8.627450980392157298e-01,1.176470588235294101e-01
1.002124236935767951e-03,9.411764705882352811e-01,-3.921568627450980338e-02
1.002126236935711387e-03,8.235294117647058432e-01,0.000000000000000000e+00
1.002128236935654823e-03,9.019607843137255054e-01,0.000000000000000000e+00
1.002130236935598259e-03,9.411764705882352811e-01,0.000000000000000000e+00
1.002132236935541695e-03,9.411764705882352811e-01,7.843137254901960675e-02
1.002134236935485131e-03,8.627450980392157298e-01,-3.921568627450980338e-02
1.002136236935428568e-03,8.627450980392157298e-01,3.921568627450980338e-02
1.002138236935372004e-03,9.019607843137255054e-01,3.921568627450980338e-02
1.002140236935315440e-03,9.411764705882352811e-01,-7.843137254901960675e-02
1.002142236935258876e-03,8.235294117647058432e-01,7.843137254901960675e-02
1.002144236935202312e-03,8.627450980392157298e-01,-3.921568627450980338e-02
1.002146236935145748e-03,8.627450980392157298e-01,1.176470588235294101e-01
1.002148236935089184e-03,9.411764705882352811e-01,0.000000000000000000e+00
1.002150236935032621e-03,8.627450980392157298e-01,-7.843137254901960675e-02
1.002152236934976057e-03,8.627450980392157298e-01,7.843137254901960675e-02
1.002154236934919493e-03,9.019607843137255054e-01,-3.921568627450980338e-02
1.002156236934862929e-03,9.019607843137255054e-01,3.921568627450980338e-02
1.002158236934806365e-03,8.627450980392157298e-01,0.000000000000000000e+00
1.002160236934749801e-03,9.019607843137255054e-01,-7.843137254901960675e-02
1.002162236934693237e-03,8.627450980392157298e-01,7.843137254901960675e-02
1.002164236934636674e-03,9.411764705882352811e-01,-3.921568627450980338e-02
1.002166236934580110e-03,8.627450980392157298e-01,0.000000000000000000e+00
1.002168236934523546e-03,8.627450980392157298e-01,0.000000000000000000e+00
1.002170236934466982e-03,9.019607843137255054e-01,3.921568627450980338e-02
1.002172236934410418e-03,9.411764705882352811e-01,3.921568627450980338e-02
1.002174236934353854e-03,8.627450980392157298e-01,-3.921568627450980338e-02
1.002176236934297290e-03,8.627450980392157298e-01,3.921568627450980338e-02
1.002178236934240727e-03,9.019607843137255054e-01,3.921568627450980338e-02
1.002180236934184163e-03,9.411764705882352811e-01,-3.921568627450980338e-02
1.002182236934127599e-03,8.235294117647058432e-01,7.843137254901960675e-02
1.002184236934071035e-03,9.019607843137255054e-01,0.000000000000000000e+00
1.002186236934014471e-03,8.627450980392157298e-01,1.176470588235294101e-01
1.002188236933957907e-03,9.411764705882352811e-01,0.000000000000000000e+00
1.002190236933901343e-03,8.627450980392157298e-01,-3.921568627450980338e-02
1.002192236933844779e-03,8.627450980392157298e-01,7.843137254901960675e-02
1.002194236933788216e-03,9.019607843137255054e-01,-3.921568627450980338e-02
1.002196236933731652e-03,9.411764705882352811e-01,0.000000000000000000e+00
1.002198236933675088e-03,8.627450980392157298e-01,0.000000000000000000e+00
1.002200236933618524e-03,8.627450980392157298e-01,-3.921568627450980338e-02
1.002202236933561960e-03,8.627450980392157298e-01,1.176470588235294101e-01
1.002204236933505396e-03,9.411764705882352811e-01,-3.921568627450980338e-02
1.002206236933448832e-03,8.235294117647058432e-01,3.921568627450980338e-02
1.002208236933392269e-03,9.019607843137255054e-01,3.921568627450980338e-02
1.002210236933335705e-03,9.019607843137255054e-01,0.000000000000000000e+00
1.002212236933279141e-03,9.019607843137255054e-01,3.921568627450980338e-02
1.002214236933222577e-03,8.627450980392157298e-01,-3.921568627450980338e-02
1.002216236933166013e-03,9.019607843137255054e-01,3.921568627450980338e-02
1.002218236933109449e-03,9.019607843137255054e-01,0.000000000000000000e+00
1.002220236933052885e-03,9.411764705882352811e-01,-3.921568627450980338e-02
1.002222236932996322e-03,8.235294117647058432e-01,7.843137254901960675e-02
1.002224236932939758e-03,8.627450980392157298e-01,-7.843137254901960675e-02
1.002226236932883194e-03,8.627450980392157298e-01,1.176470588235294101e-01
1.002228236932826630e-03,9.411764705882352811e-01,0.000000000000000000e+00
1.002230236932770066e-03,8.627450980392157298e-01,-3.921568627450980338e-02
1.002232236932713502e-03,8.627450980392157298e-01,7.843137254901960675e-02
1.002234236932656938e-03,9.019607843137255054e-01,-3.921568627450980338e-02
1.002236236932600374e-03,9.411764705882352811e-01,0.000000000000000000e+00
1.002238236932543811e-03,8.235294117647058432e-01,0.000000000000000000e+00
1.002240236932487247e-03,8.627450980392157298e-01,-7.843137254901960675e-02
1.002242236932430683e-03,8.627450980392157298e-01,3.921568627450980338e-02
1.002244236932374119e-03,9.411764705882352811e-01,0.000000000000000000e+00
1.002246236932317555e-03,8.627450980392157298e-01,0.000000000000000000e+00
1.002248236932260991e-03,8.627450980392157298e-01,3.921568627450980338e-02
1.002250236932204427e-03,8.627450980392157298e-01,3.921568627450980338e-02
1.002252236932147864e-03,9.019607843137255054e-01,3.921568627450980338e-02
1.002254236932091300e-03,8.627450980392157298e-01,-3.921568627450980338e-02
1.002256236932034736e-03,9.019607843137255054e-01,0.000000000000000000e+00
1.002258236931978172e-03,9.019607843137255054e-01,0.000000000000000000e+00
1.002260236931921608e-03,9.019607843137255054e-01,-3.921568627450980338e-02
1.002262236931865044e-03,8.235294117647058432e-01,7.843137254901960675e-02
1.002264236931808480e-03,9.019607843137255054e-01,-7.843137254901960675e-02
1.002266236931751917e-03,9.019607843137255054e-01,1.568627450980392135e-01
1.002268236931695353e-03,9.411764705882352811e-01,0.000000000000000000e+00
1.002270236931638789e-03,8.627450980392157298e-01,-3.921568627450980338e-02
1.002272236931582225e-03,8.627450980392157298e-01,7.843137254901960675e-02
1.002274236931525661e-03,9.019607843137255054e-01,-3.921568627450980338e-02
1.002276236931469097e-03,9.411764705882352811e-01,3.921568627450980338e-02
1.002278236931412533e-03,8.627450980392157298e-01,3.921568627450980338e-02
1.002280236931355969e-03,8.627450980392157298e-01,-7.843137254901960675e-02
1.002282236931299406e-03,9.019607843137255054e-01,7.843137254901960675e-02
1.002284236931242842e-03,9.411764705882352811e-01,-3.921568627450980338e-02
1.002286236931186278e-03,8.235294117647058432e-01,0.000000000000000000e+00
1.002288236931129714e-03,8.627450980392157298e-01,3.921568627450980338e-02
1.002290236931073150e-03,9.019607843137255054e-01,0.000000000000000000e+00
1.002292236931016586e-03,9.411764705882352811e-01,3.921568627450980338e-02
1.002294236930960022e-03,8.627450980392157298e-01,-3.921568627450980338e-02
1.002296236930903459e-03,9.019607843137255054e-01,3.921568627450980338e-02
1.002298236930846895e-03,8.627450980392157298e-01,0.000000000000000000e+00
1.002300236930790331e-03,9.411764705882352811e-01,-3.921568627450980338e-02
1.002302236930733767e-03,8.627450980392157298e-01,7.843137254901960675e-02
1.002304236930677203e-03,9.019607843137255054e-01,-7.843137254901960675e-02
1.002306236930620639e-03,9.019607843137255054e-01,1.176470588235294101e-01
1.002308236930564075e-03,9.411764705882352811e-01,0.000000000000000000e+00
1.002310236930507512e-03,8.627450980392157298e-01,-3.921568627450980338e-02
1.002312236930450948e-03,9.019607843137255054e-01,7.843137254901960675e-02
1.002314236930394384e-03,9.019607843137255054e-01,-3.921568627450980338e-02
1.002316236930337820e-03,9.411764705882352811e-01,0.000000000000000000e+00
1.002318236930281256e-03,8.627450980392157298e-01,0.000000000000000000e+00
1.002320236930224692e-03,9.019607843137255054e-01,-1.568627450980392135e-01
1.002322236930168128e-03,9.019607843137255054e-01,7.843137254901960675e-02
1.002324236930111565e-03,9.411764705882352811e-01,-3.921568627450980338e-02
1.002326236930055001e-03,8.627450980392157298e-01,0.000000000000000000e+00
1.002328236929998437e-03,8.627450980392157298e-01,3.921568627450980338e-02
1.002330236929941873e-03,9.019607843137255054e-01,0.000000000000000000e+00
1.002332236929885309e-03,9.019607843137255054e-01,7.843137254901960675e-02
1.002334236929828745e-03,8.235294117647058432e-01,-3.921568627450980338e-02
1.002336236929772181e-03,9.019607843137255054e-01,3.921568627450980338e-02
1.002338236929715617e-03,9.019607843137255054e-01,3.921568627450980338e-02
1.002340236929659054e-03,9.411764705882352811e-01,-3.921568627450980338e-02
1.002342236929602490e-03,8.627450980392157298e-01,7.843137254901960675e-02
1.002344236929545926e-03,9.019607843137255054e-01,-7.843137254901960675e-02
1.002346236929489362e-03,9.019607843137255054e-01,1.176470588235294101e-01
1.002348236929432798e-03,9.019607843137255054e-01,0.000000000000000000e+00
1.002350236929376234e-03,8.235294117647058432e-01,-7.843137254901960675e-02
1.002352236929319670e-03,8.627450980392157298e-01,7.843137254901960675e-02
1.002354236929263107e-03,9.019607843137255054e-01,-3.921568627450980338e-02
1.002356236929206543e-03,9.411764705882352811e-01,3.921568627450980338e-02
1.002358236929149979e-03,8.627450980392157298e-01,3.921568627450980338e-02
1.002360236929093415e-03,9.019607843137255054e-01,-7.843137254901960675e-02
1.002362236929036851e-03,9.019607843137255054e-01,1.176470588235294101e-01
1.002364236928980287e-03,9.411764705882352811e-01,0.000000000000000000e+00
1.002366236928923723e-03,8.235294117647058432e-01,0.000000000000000000e+00
1.002368236928867160e-03,8.235294117647058432e-01,3.921568627450980338e-02
1.002370236928810596e-03,9.019607843137255054e-01,0.000000000000000000e+00
1.002372236928754032e-03,9.019607843137255054e-01,3.921568627450980338e-02
1.002374236928697468e-03,9.019607843137255054e-01,-3.921568627450980338e-02
1.002376236928640904e-03,9.019607843137255054e-01,3.921568627450980338e-02
1.002378236928584340e-03,8.627450980392157298e-01,3.921568627450980338e-02
1.002380236928527776e-03,9.411764705882352811e-01,-3.921568627450980338e-02
1.002382236928471212e-03,8.235294117647058432e-01,7.843137254901960675e-02
1.002384236928414649e-03,8.627450980392157298e-01,0.000000000000000000e+00
1.002386236928358085e-03,9.019607843137255054e-01,7.843137254901960675e-02
1.002388236928301521e-03,9.411764705882352811e-01,0.000000000000000000e+00
1.002390236928244957e-03,8.627450980392157298e-01,-3.921568627450980338e-02
1.002392236928188393e-03,8.627450980392157298e-01,7.843137254901960675e-02
1.002394236928131829e-03,8.627450980392157298e-01,0.000000000000000000e+00
1.002396236928075265e-03,9.411764705882352811e-01,0.000000000000000000e+00
1.002398236928018702e-03,8.627450980392157298e-01,3.921568627450980338e-02
1.002400236927962138e-03,9.019607843137255054e-01,-7.843137254901960675e-02
1.002402236927905574e-03,8.627450980392157298e-01,7.843137254901960675e-02
1.002404236927849010e-03,9.411764705882352811e-01,-3.921568627450980338e-02
1.002406236927792446e-03,8.627450980392157298e-01,3.921568627450980338e-02
1.002408236927735882e-03,9.019607843137255054e-01,3.921568627450980338e-02
1.002410236927679318e-03,9.019607843137255054e-01,0.000000000000000000e+00
1.002412236927622755e-03,9.019607843137255054e-01,3.921568627450980338e-02
1.002414236927566191e-03,8.627450980392157298e-01,-3.921568627450980338e-02
1.002416236927509627e-03,8.627450980392157298e-01,0.000000000000000000e+00
1.002418236927453063e-03,8.235294117647058432e-01,3.921568627450980338e-02
1.002420236927396499e-03,9.411764705882352811e-01,-7.843137254901960675e-02
1.002422236927339935e-03,8.235294117647058432e-01,7.843137254901960675e-02
1.002424236927283371e-03,8.235294117647058432e-01,-1.568627450980392135e-01
1.002426236927226808e-03,9.019607843137255054e-01,1.176470588235294101e-01
1.002428236927170244e-03,9.019607843137255054e-01,0.000000000000000000e+00
1.002430236927113680e-03,8.627450980392157298e-01,-3.921568627450980338e-02
1.002432236927057116e-03,8.627450980392157298e-01,7.843137254901960675e-02
1.002434236927000552e-03,9.019607843137255054e-01,-7.843137254901960675e-02
1.002436236926943988e-03,9.411764705882352811e-01,0.000000000000000000e+00
1.002438236926887424e-03,8.627450980392157298e-01,0.000000000000000000e+00
1.002440236926830860e-03,8.627450980392157298e-01,0.000000000000000000e+00
1.002442236926774297e-03,9.019607843137255054e-01,7.843137254901960675e-02
1.002444236926717733e-03,9.411764705882352811e-01,-3.921568627450980338e-02
1.002446236926661169e-03,8.627450980392157298e-01,0.000000000000000000e+00
1.002448236926604605e-03,9.019607843137255054e-01,3.921568627450980338e-02
1.002450236926548041e-03,9.019607843137255054e-01,0.000000000000000000e+00
1.002452236926491477e-03,9.411764705882352811e-01,3.921568627450980338e-02
1.002454236926434913e-03,8.627450980392157298e-01,0.000000000000000000e+00
1.002456236926378350e-03,9.019607843137255054e-01,3.921568627450980338e-02
1.002458236926321786e-03,8.627450980392157298e-01,0.000000000000000000e+00
1.002460236926265222e-03,9.411764705882352811e-01,-7.843137254901960675e-02
1.002462236926208658e-03,8.235294117647058432e-01,7.843137254901960675e-02
1.002464236926152094e-03,8.235294117647058432e-01,-7.843137254901960675e-02
1.002466236926095530e-03,9.019607843137255054e-01,1.176470588235294101e-01
1.002468236926038966e-03,9.411764705882352811e-01,0.000000000000000000e+00
1.002470236925982403e-03,8.235294117647058432e-01,-7.843137254901960675e-02
1.002472236925925839e-03,8.627450980392157298e-01,7.843137254901960675e-02
1.002474236925869275e-03,9.019607843137255054e-01,-3.921568627450980338e-02
1.002476236925812711e-03,9.411764705882352811e-01,3.921568627450980338e-02
1.002478236925756147e-03,8.235294117647058432e-01,0.000000000000000000e+00
1.002480236925699583e-03,8.627450980392157298e-01,-7.843137254901960675e-02
1.002482236925643019e-03,9.411764705882352811e-01,7.843137254901960675e-02
1.002484236925586455e-03,9.411764705882352811e-01,-3.921568627450980338e-02
1.002486236925529892e-03,8.235294117647058432e-01,0.000000000000000000e+00
1.002488236925473328e-03,8.627450980392157298e-01,3.921568627450980338e-02
1.002490236925416764e-03,9.019607843137255054e-01,-3.921568627450980338e-02
1.002492236925360200e-03,9.411764705882352811e-01,7.843137254901960675e-02
1.002494236925303636e-03,8.235294117647058432e-01,-7.843137254901960675e-02
1.002496236925247072e-03,9.019607843137255054e-01,0.000000000000000000e+00
1.002498236925190508e-03,9.019607843137255054e-01,3.921568627450980338e-02
1.002500236925133945e-03,9.411764705882352811e-01,-7.843137254901960675e-02
1.002502236925077381e-03,8.627450980392157298e-01,3.921568627450980338e-02
1.002504236925020817e-03,8.627450980392157298e-01,-1.568627450980392135e-01
1.002506236924964253e-03,8.627450980392157298e-01,7.843137254901960675e-02
1.002508236924907689e-03,9.019607843137255054e-01,0.000000000000000000e+00
1.002510236924851125e-03,8.627450980392157298e-01,-7.843137254901960675e-02
1.002512236924794561e-03,8.627450980392157298e-01,7.843137254901960675e-02
1.002514236924737998e-03,9.019607843137255054e-01,-3.921568627450980338e-02
1.002516236924681434e-03,9.411764705882352811e-01,0.000000000000000000e+00
1.002518236924624870e-03,8.235294117647058432e-01,3.921568627450980338e-02
1.002520236924568306e-03,8.235294117647058432e-01,-7.843137254901960675e-02
1.002522236924511742e-03,8.627450980392157298e-01,7.843137254901960675e-02
1.002524236924455178e-03,9.411764705882352811e-01,-3.921568627450980338e-02
1.002526236924398614e-03,8.235294117647058432e-01,0.000000000000000000e+00
1.002528236924342050e-03,9.019607843137255054e-01,3.921568627450980338e-02
1.002530236924285487e-03,9.019607843137255054e-01,0.000000000000000000e+00
1.002532236924228923e-03,9.411764705882352811e-01,3.921568627450980338e-02
1.002534236924172359e-03,8.627450980392157298e-01,-3.921568627450980338e-02
1.002536236924115795e-03,8.627450980392157298e-01,7.843137254901960675e-02
1.002538236924059231e-03,8.627450980392157298e-01,7.843137254901960675e-02
1.002540236924002667e-03,9.411764705882352811e-01,-7.843137254901960675e-02
1.002542236923946103e-03,8.627450980392157298e-01,7.843137254901960675e-02
1.002544236923889540e-03,9.019607843137255054e-01,0.000000000000000000e+00
1.002546236923832976e-03,9.019607843137255054e-01,1.176470588235294101e-01
1.002548236923776412e-03,9.411764705882352811e-01,3.921568627450980338e-02
1.002550236923719848e-03,8.627450980392157298e-01,-7.843137254901960675e-02
1.002552236923663284e-03,9.019607843137255054e-01,7.843137254901960675e-02
1.002554236923606720e-03,9.019607843137255054e-01,-3.921568627450980338e-02
1.002556236923550156e-03,9.411764705882352811e-01,3.921568627450980338e-02
1.002558236923493593e-03,8.235294117647058432e-01,7.843137254901960675e-02
1.002560236923437029e-03,9.019607843137255054e-01,-7.843137254901960675e-02
1.002562236923380465e-03,9.019607843137255054e-01,1.176470588235294101e-01
1.002564236923323901e-03,9.411764705882352811e-01,-3.921568627450980338e-02
1.002566236923267337e-03,8.235294117647058432e-01,0.000000000000000000e+00
1.002568236923210773e-03,8.235294117647058432e-01,3.921568627450980338e-02
1.002570236923154209e-03,9.019607843137255054e-01,3.921568627450980338e-02
1.002572236923097646e-03,9.019607843137255054e-01,3.921568627450980338e-02
1.002574236923041082e-03,8.235294117647058432e-01,-7.843137254901960675e-02
1.002576236922984518e-03,8.627450980392157298e-01,0.000000000000000000e+00
1.002578236922927954e-03,9.019607843137255054e-01,0.000000000000000000e+00
1.002580236922871390e-03,9.411764705882352811e-01,-3.921568627450980338e-02
1.002582236922814826e-03,8.235294117647058432e-01,3.921568627450980338e-02
1.002584236922758262e-03,8.235294117647058432e-01,0.000000000000000000e+00
1.002586236922701698e-03,8.627450980392157298e-01,1.176470588235294101e-01
1.002588236922645135e-03,9.019607843137255054e-01,0.000000000000000000e+00
1.002590236922588571e-03,8.627450980392157298e-01,-7.843137254901960675e-02
1.002592236922532007e-03,8.627450980392157298e-01,3.921568627450980338e-02
1.002594236922475443e-03,9.019607843137255054e-01,-3.921568627450980338e-02
1.002596236922418879e-03,9.411764705882352811e-01,3.921568627450980338e-02
1.002598236922362315e-03,8.235294117647058432e-01,0.000000000000000000e+00
1.002600236922305751e-03,8.627450980392157298e-01,-1.568627450980392135e-01
1.002602236922249188e-03,9.019607843137255054e-01,7.843137254901960675e-02
1.002604236922192624e-03,9.411764705882352811e-01,-3.921568627450980338e-02
1.002606236922136060e-03,8.627450980392157298e-01,0.000000000000000000e+00
1.002608236922079496e-03,8.627450980392157298e-01,3.921568627450980338e-02
1.002610236922022932e-03,9.019607843137255054e-01,0.000000000000000000e+00
1.002612236921966368e-03,9.411764705882352811e-01,7.843137254901960675e-02
1.002614236921909804e-03,8.235294117647058432e-01,-7.843137254901960675e-02
1.002616236921853241e-03,8.627450980392157298e-01,0.000000000000000000e+00
1.002618236921796677e-03,9.019607843137255054e-01,3.921568627450980338e-02
1.002620236921740113e-03,9.411764705882352811e-01,0.000000000000000000e+00
1.002622236921683549e-03,8.627450980392157298e-01,7.843137254901960675e-02
1.002624236921626985e-03,8.627450980392157298e-01,-1.568627450980392135e-01
1.002626236921570421e-03,8.627450980392157298e-01,1.568627450980392135e-01
1.002628236921513857e-03,9.411764705882352811e-01,0.000000000000000000e+00
1.002630236921457293e-03,8.627450980392157298e-01,-7.843137254901960675e-02
1.002632236921400730e-03,8.627450980392157298e-01,7.843137254901960675e-02
1.002634236921344166e-03,9.019607843137255054e-01,-3.921568627450980338e-02
1.002636236921287602e-03,9.411764705882352811e-01,7.843137254901960675e-02
1.002638236921231038e-03,8.627450980392157298e-01,0.000000000000000000e+00
1.002640236921174474e-03,9.019607843137255054e-01,-1.568627450980392135e-01
1.002642236921117910e-03,9.019607843137255054e-01,1.176470588235294101e-01
1.002644236921061346e-03,9.019607843137255054e-01,-3.921568627450980338e-02
1.002646236921004783e-03,8.235294117647058432e-01,0.000000000000000000e+00
1.002648236920948219e-03,8.627450980392157298e-01,0.000000000000000000e+00
1.002650236920891655e-03,9.019607843137255054e-01,0.000000000000000000e+00
1.002652236920835091e-03,9.019607843137255054e-01,7.843137254901960675e-02
1.002654236920778527e-03,8.627450980392157298e-01,-3.921568627450980338e-02
1.002656236920721963e-03,9.019607843137255054e-01,3.921568627450980338e-02
1.002658236920665399e-03,8.627450980392157298e-01,3.921568627450980338e-02
1.002660236920608836e-03,9.411764705882352811e-01,-7.843137254901960675e-02
1.002662236920552272e-03,8.235294117647058432e-01,1.176470588235294101e-01
1.002664236920495708e-03,8.627450980392157298e-01,-1.568627450980392135e-01
1.002666236920439144e-03,9.019607843137255054e-01,7.843137254901960675e-02
1.002668236920382580e-03,9.411764705882352811e-01,3.921568627450980338e-02
1.002670236920326016e-03,8.627450980392157298e-01,-7.843137254901960675e-02
1.002672236920269452e-03,9.019607843137255054e-01,7.843137254901960675e-02
1.002674236920212889e-03,9.411764705882352811e-01,-3.921568627450980338e-02
1.002676236920156325e-03,9.411764705882352811e-01,0.000000000000000000e+00
1.002678236920099761e-03,8.235294117647058432e-01,0.000000000000000000e+00
1.002680236920043197e-03,8.627450980392157298e-01,0.000000000000000000e+00
1.002682236919986633e-03,8.627450980392157298e-01,7.843137254901960675e-02
1.002684236919930069e-03,9.019607843137255054e-01,-3.921568627450980338e-02
1.002686236919873505e-03,8.627450980392157298e-01,0.000000000000000000e+00
1.002688236919816941e-03,9.019607843137255054e-01,3.921568627450980338e-02
1.002690236919760378e-03,9.019607843137255054e-01,3.921568627450980338e-02
1.002692236919703814e-03,9.411764705882352811e-01,3.921568627450980338e-02
1.002694236919647250e-03,8.627450980392157298e-01,-3.921568627450980338e-02
1.002696236919590686e-03,9.019607843137255054e-01,3.921568627450980338e-02
1.002698236919534122e-03,9.019607843137255054e-01,3.921568627450980338e-02
1.002700236919477558e-03,9.411764705882352811e-01,-3.921568627450980338e-02
1.002702236919420994e-03,8.627450980392157298e-01,7.843137254901960675e-02
1.002704236919364431e-03,8.627450980392157298e-01,-7.843137254901960675e-02
1.002706236919307867e-03,9.411764705882352811e-01,1.176470588235294101e-01
1.002708236919251303e-03,9.411764705882352811e-01,0.000000000000000000e+00
1.002710236919194739e-03,8.235294117647058432e-01,-3.921568627450980338e-02
1.002712236919138175e-03,8.627450980392157298e-01,7.843137254901960675e-02
1.002714236919081611e-03,9.019607843137255054e-01,-3.921568627450980338e-02
1.002716236919025047e-03,9.411764705882352811e-01,7.843137254901960675e-02
1.002718236918968484e-03,8.235294117647058432e-01,0.000000000000000000e+00
1.002720236918911920e-03,9.019607843137255054e-01,-7.843137254901960675e-02
1.002722236918855356e-03,8.627450980392157298e-01,1.176470588235294101e-01
1.002724236918798792e-03,9.411764705882352811e-01,-3.921568627450980338e-02
1.002726236918742228e-03,8.235294117647058432e-01,3.921568627450980338e-02
1.002728236918685664e-03,8.627450980392157298e-01,3.921568627450980338e-02
1.002730236918629100e-03,9.019607843137255054e-01,0.000000000000000000e+00
1.002732236918572536e-03,9.411764705882352811e-01,3.921568627450980338e-02
1.002734236918515973e-03,8.627450980392157298e-01,-3.921568627450980338e-02
1.002736236918459409e-03,9.019607843137255054e-01,3.921568627450980338e-02
1.002738236918402845e-03,9.019607843137255054e-01,3.921568627450980338e-02
1.002740236918346281e-03,9.411764705882352811e-01,-7.843137254901960675e-02
1.002742236918289717e-03,8.235294117647058432e-01,7.843137254901960675e-02
1.002744236918233153e-03,8.627450980392157298e-01,-3.921568627450980338e-02
1.002746236918176589e-03,8.627450980392157298e-01,1.176470588235294101e-01
1.002748236918120026e-03,9.411764705882352811e-01,0.000000000000000000e+00
1.002750236918063462e-03,8.235294117647058432e-01,-7.843137254901960675e-02
1.002752236918006898e-03,8.627450980392157298e-01,7.843137254901960675e-02
1.002754236917950334e-03,9.019607843137255054e-01,-3.921568627450980338e-02
1.002756236917893770e-03,9.411764705882352811e-01,3.921568627450980338e-02
1.002758236917837206e-03,8.235294117647058432e-01,0.000000000000000000e+00
1.002760236917780642e-03,8.627450980392157298e-01,0.000000000000000000e+00
1.002762236917724079e-03,9.019607843137255054e-01,7.843137254901960675e-02
1.002764236917667515e-03,9.411764705882352811e-01,-3.921568627450980338e-02
1.002766236917610951e-03,8.627450980392157298e-01,3.921568627450980338e-02
1.002768236917554387e-03,9.019607843137255054e-01,3.921568627450980338e-02
1.002770236917497823e-03,9.019607843137255054e-01,0.000000000000000000e+00
1.002772236917441259e-03,9.411764705882352811e-01,3.921568627450980338e-02
1.002774236917384695e-03,8.627450980392157298e-01,-3.921568627450980338e-02
1.002776236917328131e-03,8.627450980392157298e-01,3.921568627450980338e-02
1.002778236917271568e-03,8.627450980392157298e-01,0.000000000000000000e+00
1.002780236917215004e-03,9.411764705882352811e-01,-3.921568627450980338e-02
1.002782236917158440e-03,8.235294117647058432e-01,7.843137254901960675e-02
1.002784236917101876e-03,9.019607843137255054e-01,-7.843137254901960675e-02
1.002786236917045312e-03,9.019607843137255054e-01,1.176470588235294101e-01
1.002788236916988748e-03,9.411764705882352811e-01,3.921568627450980338e-02
1.002790236916932184e-03,8.627450980392157298e-01,-3.921568627450980338e-02
1.002792236916875621e-03,8.627450980392157298e-01,7.843137254901960675e-02
1.002794236916819057e-03,9.019607843137255054e-01,0.000000000000000000e+00
1.002796236916762493e-03,9.411764705882352811e-01,3.921568627450980338e-02
1.002798236916705929e-03,8.235294117647058432e-01,3.921568627450980338e-02
1.002800236916649365e-03,8.627450980392157298e-01,-3.921568627450980338e-02
1.002802236916592801e-03,9.019607843137255054e-01,1.176470588235294101e-01
1.002804236916536237e-03,9.411764705882352811e-01,-3.921568627450980338e-02
1.002806236916479674e-03,8.627450980392157298e-01,0.000000000000000000e+00
1.002808236916423110e-03,8.235294117647058432e-01,3.921568627450980338e-02
1.002810236916366546e-03,9.019607843137255054e-01,0.000000000000000000e+00
1.002812236916309982e-03,9.019607843137255054e-01,3.921568627450980338e-02
1.002814236916253418e-03,8.235294117647058432e-01,-7.843137254901960675e-02
1.002816236916196854e-03,8.627450980392157298e-01,0.000000000000000000e+00
1.002818236916140290e-03,9.019607843137255054e-01,3.921568627450980338e-02
1.002820236916083727e-03,9.803921568627450567e-01,-3.921568627450980338e-02
1.002822236916027163e-03,8.235294117647058432e-01,7.843137254901960675e-02
1.002824236915970599e-03,9.019607843137255054e-01,-7.843137254901960675e-02
1.002826236915914035e-03,9.019607843137255054e-01,1.176470588235294101e-01
1.002828236915857471e-03,9.411764705882352811e-01,0.000000000000000000e+00
1.002830236915800907e-03,8.627450980392157298e-01,-3.921568627450980338e-02
1.002832236915744343e-03,9.019607843137255054e-01,7.843137254901960675e-02
1.002834236915687779e-03,9.019607843137255054e-01,-3.921568627450980338e-02
1.002836236915631216e-03,9.019607843137255054e-01,0.000000000000000000e+00
1.002838236915574652e-03,8.627450980392157298e-01,7.843137254901960675e-02
1.002840236915518088e-03,8.627450980392157298e-01,-3.921568627450980338e-02
1.002842236915461524e-03,9.019607843137255054e-01,1.176470588235294101e-01
1.002844236915404960e-03,9.411764705882352811e-01,-3.921568627450980338e-02
1.002846236915348396e-03,8.235294117647058432e-01,3.921568627450980338e-02
1.002848236915291832e-03,8.627450980392157298e-01,3.921568627450980338e-02
1.002850236915235269e-03,9.019607843137255054e-01,0.000000000000000000e+00
1.002852236915178705e-03,9.019607843137255054e-01,7.843137254901960675e-02
1.002854236915122141e-03,8.627450980392157298e-01,-7.843137254901960675e-02
1.002856236915065577e-03,8.627450980392157298e-01,3.921568627450980338e-02
1.002858236915009013e-03,9.019607843137255054e-01,0.000000000000000000e+00
1.002860236914952449e-03,9.411764705882352811e-01,-7.843137254901960675e-02
1.002862236914895885e-03,8.235294117647058432e-01,7.843137254901960675e-02
1.002864236914839322e-03,8.235294117647058432e-01,-7.843137254901960675e-02
1.002866236914782758e-03,8.627450980392157298e-01,1.176470588235294101e-01
1.002868236914726194e-03,9.019607843137255054e-01,0.000000000000000000e+00
1.002870236914669630e-03,8.627450980392157298e-01,-3.921568627450980338e-02
1.002872236914613066e-03,8.235294117647058432e-01,7.843137254901960675e-02
1.002874236914556502e-03,9.019607843137255054e-01,-3.921568627450980338e-02
1.002876236914499938e-03,9.411764705882352811e-01,0.000000000000000000e+00
1.002878236914443374e-03,8.627450980392157298e-01,3.921568627450980338e-02
1.002880236914386811e-03,8.627450980392157298e-01,0.000000000000000000e+00
1.002882236914330247e-03,9.019607843137255054e-01,7.843137254901960675e-02
1.002884236914273683e-03,9.411764705882352811e-01,-3.921568627450980338e-02
1.002886236914217119e-03,8.627450980392157298e-01,0.000000000000000000e+00
1.002888236914160555e-03,8.627450980392157298e-01,3.921568627450980338e-02
1.002890236914103991e-03,9.019607843137255054e-01,0.000000000000000000e+00
1.002892236914047427e-03,9.019607843137255054e-01,7.843137254901960675e-02
1.002894236913990864e-03,8.627450980392157298e-01,-7.843137254901960675e-02
1.002896236913934300e-03,9.019607843137255054e-01,3.921568627450980338e-02
1.002898236913877736e-03,9.019607843137255054e-01,3.921568627450980338e-02
1.002900236913821172e-03,9.411764705882352811e-01,-7.843137254901960675e-02
1.002902236913764608e-03,8.235294117647058432e-01,7.843137254901960675e-02
1.002904236913708044e-03,9.019607843137255054e-01,-7.843137254901960675e-02
1.002906236913651480e-03,9.019607843137255054e-01,1.176470588235294101e-01
1.002908236913594917e-03,9.411764705882352811e-01,0.000000000000000000e+00
1.002910236913538353e-03,8.627450980392157298e-01,-7.843137254901960675e-02
1.002912236913481789e-03,9.411764705882352811e-01,7.843137254901960675e-02
1.002914236913425225e-03,9.019607843137255054e-01,-3.921568627450980338e-02
1.002916236913368661e-03,9.019607843137255054e-01,0.000000000000000000e+00
1.002918236913312097e-03,8.627450980392157298e-01,3.921568627450980338e-02
1.002920236913255533e-03,9.019607843137255054e-01,0.000000000000000000e+00
1.002922236913198969e-03,8.627450980392157298e-01,7.843137254901960675e-02
1.002924236913142406e-03,9.411764705882352811e-01,-3.921568627450980338e-02
1.002926236913085842e-03,8.627450980392157298e-01,0.000000000000000000e+00
1.002928236913029278e-03,8.627450980392157298e-01,0.000000000000000000e+00
1.002930236912972714e-03,9.019607843137255054e-01,0.000000000000000000e+00
1.002932236912916150e-03,9.019607843137255054e-01,7.843137254901960675e-02
1.002934236912859586e-03,8.627450980392157298e-01,-3.921568627450980338e-02
1.002936236912803022e-03,8.627450980392157298e-01,3.921568627450980338e-02
1.002938236912746459e-03,9.019607843137255054e-01,3.921568627450980338e-02
1.002940236912689895e-03,9.019607843137255054e-01,-3.921568627450980338e-02
1.002942236912633331e-03,8.627450980392157298e-01,1.176470588235294101e-01
1.002944236912576767e-03,9.019607843137255054e-01,0.000000000000000000e+00
1.002946236912520203e-03,8.627450980392157298e-01,1.176470588235294101e-01
1.002948236912463639e-03,9.019607843137255054e-01,3.921568627450980338e-02
1.002950236912407075e-03,8.627450980392157298e-01,-7.843137254901960675e-02
1.002952236912350512e-03,8.627450980392157298e-01,7.843137254901960675e-02
1.002954236912293948e-03,9.019607843137255054e-01,-3.921568627450980338e-02
1.002956236912237384e-03,9.411764705882352811e-01,3.921568627450980338e-02
1.002958236912180820e-03,8.627450980392157298e-01,0.000000000000000000e+00
1.002960236912124256e-03,9.019607843137255054e-01,0.000000000000000000e+00
1.002962236912067692e-03,9.019607843137255054e-01,7.843137254901960675e-02
1.002964236912011128e-03,9.019607843137255054e-01,0.000000000000000000e+00
1.002966236911954565e-03,8.235294117647058432e-01,0.000000000000000000e+00
1.002968236911898001e-03,8.627450980392157298e-01,3.921568627450980338e-02
1.002970236911841437e-03,9.019607843137255054e-01,0.000000000000000000e+00
1.002972236911784873e-03,9.411764705882352811e-01,3.921568627450980338e-02
1.002974236911728309e-03,8.627450980392157298e-01,-3.921568627450980338e-02
1.002976236911671745e-03,9.019607843137255054e-01,7.843137254901960675e-02
1.002978236911615181e-03,9.019607843137255054e-01,0.000000000000000000e+00
1.002980236911558617e-03,9.411764705882352811e-01,-7.843137254901960675e-02
1.002982236911502054e-03,8.235294117647058432e-01,7.843137254901960675e-02
1.002984236911445490e-03,9.019607843137255054e-01,-3.921568627450980338e-02
1.002986236911388926e-03,9.019607843137255054e-01,7.843137254901960675e-02
1.002988236911332362e-03,9.019607843137255054e-01,0.000000000000000000e+00
1.002990236911275798e-03,8.627450980392157298e-01,-3.921568627450980338e-02
1.002992236911219234e-03,9.019607843137255054e-01,7.843137254901960675e-02
1.002994236911162670e-03,9.019607843137255054e-01,-3.921568627450980338e-02
1.002996236911106107e-03,9.411764705882352811e-01,3.921568627450980338e-02
1.002998236911049543e-03,8.235294117647058432e-01,0.000000000000000000e+00
1.003000236910992979e-03,9.019607843137255054e-01,-7.843137254901960675e-02
1.003002236910936415e-03,9.019607843137255054e-01,3.921568627450980338e-02
1.003004236910879851e-03,9.411764705882352811e-01,-3.921568627450980338e-02
1.003006236910823287e-03,8.235294117647058432e-01,0.000000000000000000e+00
1.003008236910766723e-03,9.019607843137255054e-01,3.921568627450980338e-02
1.003010236910710160e-03,9.019607843137255054e-01,0.000000000000000000e+00
1.003012236910653596e-03,9.019607843137255054e-01,3.921568627450980338e-02
1.003014236910597032e-03,8.627450980392157298e-01,0.000000000000000000e+00
1.003016236910540468e-03,8.627450980392157298e-01,0.000000000000000000e+00
1.003018236910483904e-03,8.627450980392157298e-01,3.921568627450980338e-02
1.003020236910427340e-03,9.411764705882352811e-01,-7.843137254901960675e-02
1.003022236910370776e-03,8.235294117647058432e-01,7.843137254901960675e-02
1.003024236910314212e-03,8.235294117647058432e-01,0.000000000000000000e+00
1.003026236910257649e-03,8.627450980392157298e-01,1.176470588235294101e-01
1.003028236910201085e-03,9.019607843137255054e-01,0.000000000000000000e+00
1.003030236910144521e-03,9.019607843137255054e-01,-3.921568627450980338e-02
1.003032236910087957e-03,8.627450980392157298e-01,7.843137254901960675e-02
1.003034236910031393e-03,8.627450980392157298e-01,-3.921568627450980338e-02
1.003036236909974829e-03,9.411764705882352811e-01,0.000000000000000000e+00
1.003038236909918265e-03,8.627450980392157298e-01,0.000000000000000000e+00
1.003040236909861702e-03,8.627450980392157298e-01,-1.568627450980392135e-01
1.003042236909805138e-03,9.019607843137255054e-01,1.176470588235294101e-01
1.003044236909748574e-03,9.411764705882352811e-01,-3.921568627450980338e-02
1.003046236909692010e-03,8.627450980392157298e-01,0.000000000000000000e+00
1.003048236909635446e-03,9.019607843137255054e-01,7.843137254901960675e-02
1.003050236909578882e-03,9.019607843137255054e-01,0.000000000000000000e+00
1.003052236909522318e-03,8.235294117647058432e-01,7.843137254901960675e-02
1.003054236909465755e-03,8.235294117647058432e-01,-7.843137254901960675e-02
1.003056236909409191e-03,8.627450980392157298e-01,3.921568627450980338e-02
1.003058236909352627e-03,9.019607843137255054e-01,0.000000000000000000e+00
1.003060236909296063e-03,9.411764705882352811e-01,-3.921568627450980338e-02
1.003062236909239499e-03,8.235294117647058432e-01,7.843137254901960675e-02
1.003064236909182935e-03,8.235294117647058432e-01,-7.843137254901960675e-02
1.003066236909126371e-03,8.627450980392157298e-01,1.176470588235294101e-01
1.003068236909069808e-03,9.019607843137255054e-01,3.921568627450980338e-02
1.003070236909013244e-03,8.627450980392157298e-01,-3.921568627450980338e-02
1.003072236908956680e-03,8.627450980392157298e-01,3.921568627450980338e-02
1.003074236908900116e-03,8.627450980392157298e-01,-3.921568627450980338e-02
1.003076236908843552e-03,9.411764705882352811e-01,0.000000000000000000e+00
1.003078236908786988e-03,8.627450980392157298e-01,3.921568627450980338e-02
1.003080236908730424e-03,8.627450980392157298e-01,-7.843137254901960675e-02
1.003082236908673860e-03,8.627450980392157298e-01,1.176470588235294101e-01
1.003084236908617297e-03,9.411764705882352811e-01,0.000000000000000000e+00
1.003086236908560733e-03,8.235294117647058432e-01,0.000000000000000000e+00
1.003088236908504169e-03,8.627450980392157298e-01,3.921568627450980338e-02
1.003090236908447605e-03,9.019607843137255054e-01,0.000000000000000000e+00
1.003092236908391041e-03,9.019607843137255054e-01,7.843137254901960675e-02
1.003094236908334477e-03,8.627450980392157298e-01,-7.843137254901960675e-02
1.003096236908277913e-03,9.019607843137255054e-01,7.843137254901960675e-02
1.003098236908221350e-03,8.627450980392157298e-01,3.921568627450980338e-02
1.003100236908164786e-03,9.019607843137255054e-01,-7.843137254901960675e-02
1.003102236908108222e-03,8.235294117647058432e-01,7.843137254901960675e-02
1.003104236908051658e-03,9.019607843137255054e-01,-3.921568627450980338e-02
1.003106236907995094e-03,8.627450980392157298e-01,1.176470588235294101e-01
1.003108236907938530e-03,9.411764705882352811e-01,0.000000000000000000e+00
1.003110236907881966e-03,8.627450980392157298e-01,-7.843137254901960675e-02
1.003112236907825403e-03,9.019607843137255054e-01,7.843137254901960675e-02
1.003114236907768839e-03,9.019607843137255054e-01,-3.921568627450980338e-02
1.003116236907712275e-03,9.411764705882352811e-01,0.000000000000000000e+00
1.003118236907655711e-03,8.627450980392157298e-01,3.921568627450980338e-02
1.003120236907599147e-03,8.627450980392157298e-01,0.000000000000000000e+00
1.003122236907542583e-03,8.627450980392157298e-01,7.843137254901960675e-02
1.003124236907486019e-03,9.411764705882352811e-01,-7.843137254901960675e-02
1.003126236907429455e-03,8.235294117647058432e-01,0.000000000000000000e+00
1.003128236907372892e-03,8.235294117647058432e-01,3.921568627450980338e-02
1.003130236907316328e-03,9.019607843137255054e-01,3.921568627450980338e-02
1.003132236907259764e-03,9.019607843137255054e-01,7.843137254901960675e-02
1.003134236907203200e-03,8.235294117647058432e-01,-7.843137254901960675e-02
1.003136236907146636e-03,8.627450980392157298e-01,3.921568627450980338e-02
1.003138236907090072e-03,9.019607843137255054e-01,3.921568627450980338e-02
1.003140236907033508e-03,9.411764705882352811e-01,-7.843137254901960675e-02
1.003142236906976945e-03,8.235294117647058432e-01,7.843137254901960675e-02
1.003144236906920381e-03,8.627450980392157298e-01,-1.568627450980392135e-01
1.003146236906863817e-03,9.019607843137255054e-01,1.176470588235294101e-01
1.003148236906807253e-03,9.411764705882352811e-01,3.921568627450980338e-02
1.003150236906750689e-03,8.627450980392157298e-01,-3.921568627450980338e-02
1.003152236906694125e-03,8.627450980392157298e-01,7.843137254901960675e-02
1.003154236906637561e-03,9.019607843137255054e-01,-3.921568627450980338e-02
1.003156236906580998e-03,9.411764705882352811e-01,3.921568627450980338e-02
1.003158236906524434e-03,8.627450980392157298e-01,3.921568627450980338e-02
1.003160236906467870e-03,9.019607843137255054e-01,0.000000000000000000e+00
1.003162236906411306e-03,9.019607843137255054e-01,1.176470588235294101e-01
1.003164236906354742e-03,9.411764705882352811e-01,-3.921568627450980338e-02
1.003166236906298178e-03,8.235294117647058432e-01,0.000000000000000000e+00
1.003168236906241614e-03,8.627450980392157298e-01,3.921568627450980338e-02
1.003170236906185050e-03,9.019607843137255054e-01,3.921568627450980338e-02
1.003172236906128487e-03,9.411764705882352811e-01,7.843137254901960675e-02
1.003174236906071923e-03,8.627450980392157298e-01,-3.921568627450980338e-02
1.003176236906015359e-03,8.235294117647058432e-01,3.921568627450980338e-02
1.003178236905958795e-03,9.019607843137255054e-01,7.843137254901960675e-02
1.003180236905902231e-03,9.411764705882352811e-01,-7.843137254901960675e-02
1.003182236905845667e-03,8.235294117647058432e-01,7.843137254901960675e-02
1.003184236905789103e-03,9.019607843137255054e-01,-7.843137254901960675e-02
1.003186236905732540e-03,9.019607843137255054e-01,1.176470588235294101e-01
1.003188236905675976e-03,9.411764705882352811e-01,0.000000000000000000e+00
1.003190236905619412e-03,8.627450980392157298e-01,-7.843137254901960675e-02
1.003192236905562848e-03,8.627450980392157298e-01,7.843137254901960675e-02
1.003194236905506284e-03,9.019607843137255054e-01,-1.568627450980392135e-01
1.003196236905449720e-03,9.019607843137255054e-01,3.921568627450980338e-02
1.003198236905393156e-03,8.627450980392157298e-01,3.921568627450980338e-02
1.003200236905336593e-03,9.019607843137255054e-01,-1.568627450980392135e-01
1.003202236905280029e-03,9.019607843137255054e-01,7.843137254901960675e-02
1.003204236905223465e-03,9.411764705882352811e-01,-3.921568627450980338e-02
1.003206236905166901e-03,8.235294117647058432e-01,0.000000000000000000e+00
1.003208236905110337e-03,9.019607843137255054e-01,0.000000000000000000e+00
1.003210236905053773e-03,9.019607843137255054e-01,0.000000000000000000e+00
1.003212236904997209e-03,9.411764705882352811e-01,7.843137254901960675e-02
1.003214236904940646e-03,8.627450980392157298e-01,0.000000000000000000e+00
1.003216236904884082e-03,9.019607843137255054e-01,3.921568627450980338e-02
1.003218236904827518e-03,9.019607843137255054e-01,3.921568627450980338e-02
1.003220236904770954e-03,9.019607843137255054e-01,-3.921568627450980338e-02
1.003222236904714390e-03,8.235294117647058432e-01,7.843137254901960675e-02
1.003224236904657826e-03,8.627450980392157298e-01,-7.843137254901960675e-02
1.003226236904601262e-03,8.627450980392157298e-01,7.843137254901960675e-02
1.003228236904544698e-03,8.627450980392157298e-01,0.000000000000000000e+00
1.003230236904488135e-03,8.235294117647058432e-01,-3.921568627450980338e-02
1.003232236904431571e-03,8.235294117647058432e-01,7.843137254901960675e-02
1.003234236904375007e-03,8.627450980392157298e-01,-3.921568627450980338e-02
1.003236236904318443e-03,9.411764705882352811e-01,0.000000000000000000e+00
1.003238236904261879e-03,8.235294117647058432e-01,3.921568627450980338e-02
1.003240236904205315e-03,9.019607843137255054e-01,-1.568627450980392135e-01
1.003242236904148751e-03,9.019607843137255054e-01,7.843137254901960675e-02
1.003244236904092188e-03,9.411764705882352811e-01,0.000000000000000000e+00
1.003246236904035624e-03,8.627450980392157298e-01,0.000000000000000000e+00
1.003248236903979060e-03,9.019607843137255054e-01,3.921568627450980338e-02
1.003250236903922496e-03,8.627450980392157298e-01,0.000000000000000000e+00
1.003252236903865932e-03,9.411764705882352811e-01,7.843137254901960675e-02
1.003254236903809368e-03,8.627450980392157298e-01,-3.921568627450980338e-02
1.003256236903752804e-03,8.235294117647058432e-01,7.843137254901960675e-02
1.003258236903696241e-03,9.019607843137255054e-01,0.000000000000000000e+00
1.003260236903639677e-03,9.411764705882352811e-01,-7.843137254901960675e-02
1.003262236903583113e-03,8.627450980392157298e-01,1.568627450980392135e-01
1.003264236903526549e-03,9.411764705882352811e-01,0.000000000000000000e+00
1.003266236903469985e-03,9.019607843137255054e-01,1.176470588235294101e-01
1.003268236903413421e-03,9.411764705882352811e-01,0.000000000000000000e+00
1.003270236903356857e-03,8.627450980392157298e-01,-3.921568627450980338e-02
1.003272236903300293e-03,8.235294117647058432e-01,7.843137254901960675e-02
1.003274236903243730e-03,9.411764705882352811e-01,-3.921568627450980338e-02
1.003276236903187166e-03,9.411764705882352811e-01,0.000000000000000000e+00
1.003278236903130602e-03,8.627450980392157298e-01,3.921568627450980338e-02
1.003280236903074038e-03,8.627450980392157298e-01,-3.921568627450980338e-02
1.003282236903017474e-03,9.019607843137255054e-01,7.843137254901960675e-02
1.003284236902960910e-03,9.411764705882352811e-01,-3.921568627450980338e-02
1.003286236902904346e-03,8.235294117647058432e-01,0.000000000000000000e+00
1.003288236902847783e-03,9.019607843137255054e-01,0.000000000000000000e+00
1.003290236902791219e-03,9.411764705882352811e-01,0.000000000000000000e+00
1.003292236902734655e-03,9.019607843137255054e-01,3.921568627450980338e-02
1.003294236902678091e-03,8.627450980392157298e-01,-7.843137254901960675e-02
1.003296236902621527e-03,8.627450980392157298e-01,3.921568627450980338e-02
1.003298236902564963e-03,9.019607843137255054e-01,3.921568627450980338e-02
1.003300236902508399e-03,9.019607843137255054e-01,-7.843137254901960675e-02
1.003302236902451836e-03,8.627450980392157298e-01,7.843137254901960675e-02
1.003304236902395272e-03,9.019607843137255054e-01,-1.568627450980392135e-01
1.003306236902338708e-03,8.235294117647058432e-01,1.176470588235294101e-01
1.003308236902282144e-03,9.019607843137255054e-01,0.000000000000000000e+00
1.003310236902225580e-03,8.627450980392157298e-01,-7.843137254901960675e-02
1.003312236902169016e-03,8.627450980392157298e-01,7.843137254901960675e-02
1.003314236902112452e-03,8.627450980392157298e-01,-3.921568627450980338e-02
1.003316236902055889e-03,9.019607843137255054e-01,0.000000000000000000e+00
1.003318236901999325e-03,8.235294117647058432e-01,3.921568627450980338e-02
1.003320236901942761e-03,9.019607843137255054e-01,-7.843137254901960675e-02
1.003322236901886197e-03,9.019607843137255054e-01,7.843137254901960675e-02
1.003324236901829633e-03,9.411764705882352811e-01,0.000000000000000000e+00
1.003326236901773069e-03,8.235294117647058432e-01,0.000000000000000000e+00
1.003328236901716505e-03,9.019607843137255054e-01,3.921568627450980338e-02
1.003330236901659941e-03,9.411764705882352811e-01,0.000000000000000000e+00
1.003332236901603378e-03,9.019607843137255054e-01,3.921568627450980338e-02
1.003334236901546814e-03,8.235294117647058432e-01,-7.843137254901960675e-02
1.003336236901490250e-03,9.019607843137255054e-01,0.000000000000000000e+00
1.003338236901433686e-03,9.019607843137255054e-01,0.000000000000000000e+00
1.003340236901377122e-03,9.411764705882352811e-01,-7.843137254901960675e-02
1.003342236901320558e-03,8.235294117647058432e-01,7.843137254901960675e-02
1.003344236901263994e-03,8.627450980392157298e-01,-7.843137254901960675e-02
1.003346236901207431e-03,8.627450980392157298e-01,7.843137254901960675e-02
1.003348236901150867e-03,9.019607843137255054e-01,3.921568627450980338e-02
1.003350236901094303e-03,8.235294117647058432e-01,-3.921568627450980338e-02
1.003352236901037739e-03,9.019607843137255054e-01,7.843137254901960675e-02
1.003354236900981175e-03,9.019607843137255054e-01,-3.921568627450980338e-02
1.003356236900924611e-03,9.411764705882352811e-01,0.000000000000000000e+00
1.003358236900868047e-03,8.235294117647058432e-01,0.000000000000000000e+00
1.003360236900811484e-03,9.019607843137255054e-01,0.000000000000000000e+00
1.003362236900754920e-03,9.019607843137255054e-01,7.843137254901960675e-02
1.003364236900698356e-03,9.411764705882352811e-01,-3.921568627450980338e-02
1.003366236900641792e-03,8.235294117647058432e-01,0.000000000000000000e+00
1.003368236900585228e-03,8.627450980392157298e-01,3.921568627450980338e-02
1.003370236900528664e-03,9.019607843137255054e-01,0.000000000000000000e+00
1.003372236900472100e-03,9.411764705882352811e-01,7.843137254901960675e-02
1.003374236900415536e-03,8.235294117647058432e-01,-3.921568627450980338e-02
1.003376236900358973e-03,9.019607843137255054e-01,0.000000000000000000e+00
1.003378236900302409e-03,9.019607843137255054e-01,3.921568627450980338e-02
1.003380236900245845e-03,9.019607843137255054e-01,-7.843137254901960675e-02
1.003382236900189281e-03,8.235294117647058432e-01,7.843137254901960675e-02
1.003384236900132717e-03,8.627450980392157298e-01,-7.843137254901960675e-02
1.003386236900076153e-03,9.019607843137255054e-01,1.176470588235294101e-01
1.003388236900019589e-03,9.411764705882352811e-01,0.000000000000000000e+00
1.003390236899963026e-03,8.627450980392157298e-01,-3.921568627450980338e-02
1.003392236899906462e-03,8.627450980392157298e-01,7.843137254901960675e-02
1.003394236899849898e-03,8.627450980392157298e-01,-3.921568627450980338e-02
1.003396236899793334e-03,9.411764705882352811e-01,3.921568627450980338e-02
1.003398236899736770e-03,8.627450980392157298e-01,3.921568627450980338e-02
1.003400236899680206e-03,9.411764705882352811e-01,0.000000000000000000e+00
1.003402236899623642e-03,9.411764705882352811e-01,1.176470588235294101e-01
1.003404236899567079e-03,9.411764705882352811e-01,-7.843137254901960675e-02
1.003406236899510515e-03,8.627450980392157298e-01,0.000000000000000000e+00
1.003408236899453951e-03,9.019607843137255054e-01,3.921568627450980338e-02
1.003410236899397387e-03,9.019607843137255054e-01,0.000000000000000000e+00
1.003412236899340823e-03,9.019607843137255054e-01,7.843137254901960675e-02
1.003414236899284259e-03,8.627450980392157298e-01,0.000000000000000000e+00
1.003416236899227695e-03,9.019607843137255054e-01,3.921568627450980338e-02
1.003418236899171131e-03,8.627450980392157298e-01,3.921568627450980338e-02
1.003420236899114568e-03,9.411764705882352811e-01,-3.921568627450980338e-02
1.003422236899058004e-03,8.235294117647058432e-01,7.843137254901960675e-02
1.003424236899001440e-03,9.019607843137255054e-01,-7.843137254901960675e-02
1.003426236898944876e-03,8.627450980392157298e-01,1.176470588235294101e-01
1.003428236898888312e-03,9.411764705882352811e-01,0.000000000000000000e+00
1.003430236898831748e-03,8.627450980392157298e-01,-3.921568627450980338e-02
1.003432236898775184e-03,8.235294117647058432e-01,7.843137254901960675e-02
1.003434236898718621e-03,9.019607843137255054e-01,-7.843137254901960675e-02
1.003436236898662057e-03,9.411764705882352811e-01,0.000000000000000000e+00
1.003438236898605493e-03,8.627450980392157298e-01,0.000000000000000000e+00
1.003440236898548929e-03,9.019607843137255054e-01,-1.568627450980392135e-01
1.003442236898492365e-03,9.019607843137255054e-01,7.843137254901960675e-02
1.003444236898435801e-03,9.411764705882352811e-01,-3.921568627450980338e-02
1.003446236898379237e-03,8.235294117647058432e-01,0.000000000000000000e+00
1.003448236898322674e-03,9.019607843137255054e-01,3.921568627450980338e-02
1.003450236898266110e-03,9.019607843137255054e-01,0.000000000000000000e+00
1.003452236898209546e-03,9.411764705882352811e-01,7.843137254901960675e-02
1.003454236898152982e-03,8.235294117647058432e-01,-7.843137254901960675e-02
1.003456236898096418e-03,8.627450980392157298e-01,7.843137254901960675e-02
1.003458236898039854e-03,9.019607843137255054e-01,0.000000000000000000e+00
1.003460236897983290e-03,9.411764705882352811e-01,-7.843137254901960675e-02
1.003462236897926727e-03,8.627450980392157298e-01,7.843137254901960675e-02
1.003464236897870163e-03,9.019607843137255054e-01,-1.568627450980392135e-01
1.003466236897813599e-03,9.019607843137255054e-01,1.176470588235294101e-01
1.003468236897757035e-03,9.411764705882352811e-01,0.000000000000000000e+00
1.003470236897700471e-03,8.627450980392157298e-01,-3.921568627450980338e-02
1.003472236897643907e-03,9.019607843137255054e-01,7.843137254901960675e-02
1.003474236897587343e-03,8.627450980392157298e-01,0.000000000000000000e+00
1.003476236897530779e-03,9.411764705882352811e-01,3.921568627450980338e-02
1.003478236897474216e-03,8.627450980392157298e-01,3.921568627450980338e-02
1.003480236897417652e-03,9.019607843137255054e-01,-7.843137254901960675e-02
1.003482236897361088e-03,8.627450980392157298e-01,7.843137254901960675e-02
1.003484236897304524e-03,9.411764705882352811e-01,-3.921568627450980338e-02
1.003486236897247960e-03,8.627450980392157298e-01,0.000000000000000000e+00
1.003488236897191396e-03,9.019607843137255054e-01,3.921568627450980338e-02
1.003490236897134832e-03,9.019607843137255054e-01,0.000000000000000000e+00
1.003492236897078269e-03,9.019607843137255054e-01,7.843137254901960675e-02
1.003494236897021705e-03,8.627450980392157298e-01,-3.921568627450980338e-02
1.003496236896965141e-03,8.627450980392157298e-01,7.843137254901960675e-02
1.003498236896908577e-03,9.411764705882352811e-01,7.843137254901960675e-02
1.003500236896852013e-03,9.411764705882352811e-01,-7.843137254901960675e-02
1.003502236896795449e-03,8.627450980392157298e-01,7.843137254901960675e-02
1.003504236896738885e-03,8.627450980392157298e-01,-7.843137254901960675e-02
1.003506236896682322e-03,9.019607843137255054e-01,1.176470588235294101e-01
1.003508236896625758e-03,9.411764705882352811e-01,0.000000000000000000e+00
1.003510236896569194e-03,8.627450980392157298e-01,-3.921568627450980338e-02
1.003512236896512630e-03,9.019607843137255054e-01,1.176470588235294101e-01
1.003514236896456066e-03,9.411764705882352811e-01,-3.921568627450980338e-02
1.003516236896399502e-03,9.411764705882352811e-01,0.000000000000000000e+00
1.003518236896342938e-03,8.627450980392157298e-01,3.921568627450980338e-02
1.003520236896286374e-03,9.019607843137255054e-01,-1.568627450980392135e-01
1.003522236896229811e-03,9.019607843137255054e-01,7.843137254901960675e-02
1.003524236896173247e-03,9.411764705882352811e-01,-3.921568627450980338e-02
1.003526236896116683e-03,8.627450980392157298e-01,0.000000000000000000e+00
1.003528236896060119e-03,9.019607843137255054e-01,3.921568627450980338e-02
1.003530236896003555e-03,9.019607843137255054e-01,0.000000000000000000e+00
1.003532236895946991e-03,9.411764705882352811e-01,3.921568627450980338e-02
1.003534236895890427e-03,8.235294117647058432e-01,-3.921568627450980338e-02
1.003536236895833864e-03,9.019607843137255054e-01,3.921568627450980338e-02
1.003538236895777300e-03,9.411764705882352811e-01,3.921568627450980338e-02
1.003540236895720736e-03,9.411764705882352811e-01,-7.843137254901960675e-02
1.003542236895664172e-03,8.235294117647058432e-01,7.843137254901960675e-02
1.003544236895607608e-03,9.019607843137255054e-01,-3.921568627450980338e-02
1.003546236895551044e-03,9.019607843137255054e-01,1.568627450980392135e-01
1.003548236895494480e-03,9.411764705882352811e-01,-3.921568627450980338e-02
1.003550236895437917e-03,8.235294117647058432e-01,0.000000000000000000e+00
1.003552236895381353e-03,8.627450980392157298e-01,7.843137254901960675e-02
1.003554236895324789e-03,9.019607843137255054e-01,-3.921568627450980338e-02
1.003556236895268225e-03,9.411764705882352811e-01,3.921568627450980338e-02
1.003558236895211661e-03,8.235294117647058432e-01,3.921568627450980338e-02
1.003560236895155097e-03,9.019607843137255054e-01,0.000000000000000000e+00
1.003562236895098533e-03,9.411764705882352811e-01,7.843137254901960675e-02
1.003564236895041969e-03,9.411764705882352811e-01,0.000000000000000000e+00
1.003566236894985406e-03,8.627450980392157298e-01,0.000000000000000000e+00
1.003568236894928842e-03,9.019607843137255054e-01,3.921568627450980338e-02
1.003570236894872278e-03,9.019607843137255054e-01,0.000000000000000000e+00
1.003572236894815714e-03,9.411764705882352811e-01,7.843137254901960675e-02
1.003574236894759150e-03,8.627450980392157298e-01,-7.843137254901960675e-02
1.003576236894702586e-03,8.627450980392157298e-01,3.921568627450980338e-02
1.003578236894646022e-03,9.019607843137255054e-01,0.000000000000000000e+00
1.003580236894589459e-03,9.411764705882352811e-01,-7.843137254901960675e-02
1.003582236894532895e-03,8.235294117647058432e-01,7.843137254901960675e-02
1.003584236894476331e-03,8.627450980392157298e-01,-3.921568627450980338e-02
1.003586236894419767e-03,9.019607843137255054e-01,7.843137254901960675e-02
1.003588236894363203e-03,9.411764705882352811e-01,3.921568627450980338e-02
1.003590236894306639e-03,8.627450980392157298e-01,-3.921568627450980338e-02
1.003592236894250075e-03,8.627450980392157298e-01,7.843137254901960675e-02
1.003594236894193512e-03,9.019607843137255054e-01,-7.843137254901960675e-02
1.003596236894136948e-03,9.411764705882352811e-01,0.000000000000000000e+00
1.003598236894080384e-03,8.235294117647058432e-01,3.921568627450980338e-02
1.003600236894023820e-03,9.019607843137255054e-01,0.000000000000000000e+00
1.003602236893967256e-03,9.411764705882352811e-01,7.843137254901960675e-02
1.003604236893910692e-03,9.411764705882352811e-01,-3.921568627450980338e-02
1.003606236893854128e-03,8.235294117647058432e-01,0.000000000000000000e+00
1.003608236893797565e-03,9.019607843137255054e-01,3.921568627450980338e-02
1.003610236893741001e-03,9.019607843137255054e-01,0.000000000000000000e+00
1.003612236893684437e-03,9.411764705882352811e-01,7.843137254901960675e-02
1.003614236893627873e-03,8.627450980392157298e-01,-3.921568627450980338e-02
1.003616236893571309e-03,8.627450980392157298e-01,3.921568627450980338e-02
1.003618236893514745e-03,9.019607843137255054e-01,0.000000000000000000e+00
1.003620236893458181e-03,9.411764705882352811e-01,-7.843137254901960675e-02
1.003622236893401617e-03,8.627450980392157298e-01,7.843137254901960675e-02
1.003624236893345054e-03,9.411764705882352811e-01,0.000000000000000000e+00
1.003626236893288490e-03,8.627450980392157298e-01,1.176470588235294101e-01
1.003628236893231926e-03,9.019607843137255054e-01,0.000000000000000000e+00
1.003630236893175362e-03,8.627450980392157298e-01,-7.843137254901960675e-02
1.003632236893118798e-03,8.627450980392157298e-01,7.843137254901960675e-02
1.003634236893062234e-03,9.411764705882352811e-01,-3.921568627450980338e-02
1.003636236893005670e-03,9.411764705882352811e-01,0.000000000000000000e+00
1.003638236892949107e-03,8.235294117647058432e-01,0.000000000000000000e+00
1.003640236892892543e-03,9.019607843137255054e-01,-7.843137254901960675e-02
1.003642236892835979e-03,9.019607843137255054e-01,1.176470588235294101e-01
1.003644236892779415e-03,9.411764705882352811e-01,-7.843137254901960675e-02
1.003646236892722851e-03,8.235294117647058432e-01,0.000000000000000000e+00
1.003648236892666287e-03,8.627450980392157298e-01,3.921568627450980338e-02
1.003650236892609723e-03,9.019607843137255054e-01,0.000000000000000000e+00
1.003652236892553160e-03,9.019607843137255054e-01,3.921568627450980338e-02
1.003654236892496596e-03,8.627450980392157298e-01,-3.921568627450980338e-02
1.003656236892440032e-03,9.019607843137255054e-01,3.921568627450980338e-02
1.003658236892383468e-03,9.019607843137255054e-01,3.921568627450980338e-02
1.003660236892326904e-03,9.019607843137255054e-01,-7.843137254901960675e-02
1.003662236892270340e-03,8.235294117647058432e-01,7.843137254901960675e-02
1.003664236892213776e-03,9.019607843137255054e-01,-7.843137254901960675e-02
1.003666236892157212e-03,9.019607843137255054e-01,1.176470588235294101e-01
1.003668236892100649e-03,9.411764705882352811e-01,3.921568627450980338e-02
1.003670236892044085e-03,8.627450980392157298e-01,-7.843137254901960675e-02
1.003672236891987521e-03,9.019607843137255054e-01,7.843137254901960675e-02
1.003674236891930957e-03,9.019607843137255054e-01,-3.921568627450980338e-02
1.003676236891874393e-03,9.411764705882352811e-01,3.921568627450980338e-02
1.003678236891817829e-03,8.235294117647058432e-01,0.000000000000000000e+00
1.003680236891761265e-03,8.627450980392157298e-01,0.000000000000000000e+00
1.003682236891704702e-03,9.019607843137255054e-01,1.176470588235294101e-01
1.003684236891648138e-03,9.411764705882352811e-01,-7.843137254901960675e-02
1.003686236891591574e-03,8.627450980392157298e-01,3.921568627450980338e-02
1.003688236891535010e-03,8.627450980392157298e-01,3.921568627450980338e-02
1.003690236891478446e-03,9.411764705882352811e-01,3.921568627450980338e-02
1.003692236891421882e-03,9.411764705882352811e-01,7.843137254901960675e-02
1.003694236891365318e-03,8.627450980392157298e-01,-3.921568627450980338e-02
1.003696236891308755e-03,8.627450980392157298e-01,0.000000000000000000e+00
1.003698236891252191e-03,9.019607843137255054e-01,3.921568627450980338e-02
1.003700236891195627e-03,9.411764705882352811e-01,-3.921568627450980338e-02
1.003702236891139063e-03,8.627450980392157298e-01,7.843137254901960675e-02
1.003704236891082499e-03,9.411764705882352811e-01,0.000000000000000000e+00
1.003706236891025935e-03,9.019607843137255054e-01,1.176470588235294101e-01
1.003708236890969371e-03,9.411764705882352811e-01,0.000000000000000000e+00
1.003710236890912808e-03,9.019607843137255054e-01,-7.843137254901960675e-02
1.003712236890856244e-03,9.019607843137255054e-01,7.843137254901960675e-02
1.003714236890799680e-03,9.019607843137255054e-01,-3.921568627450980338e-02
1.003716236890743116e-03,9.411764705882352811e-01,3.921568627450980338e-02
1.003718236890686552e-03,8.627450980392157298e-01,0.000000000000000000e+00
1.003720236890629988e-03,9.019607843137255054e-01,-7.843137254901960675e-02
1.003722236890573424e-03,9.019607843137255054e-01,1.176470588235294101e-01
1.003724236890516860e-03,9.411764705882352811e-01,-3.921568627450980338e-02
1.003726236890460297e-03,8.235294117647058432e-01,0.000000000000000000e+00
1.003728236890403733e-03,9.019607843137255054e-01,3.921568627450980338e-02
1.003730236890347169e-03,9.411764705882352811e-01,0.000000000000000000e+00
1.003732236890290605e-03,9.411764705882352811e-01,3.921568627450980338e-02
1.003734236890234041e-03,8.627450980392157298e-01,-7.843137254901960675e-02
1.003736236890177477e-03,9.411764705882352811e-01,3.921568627450980338e-02
1.003738236890120913e-03,9.019607843137255054e-01,3.921568627450980338e-02
1.003740236890064350e-03,9.019607843137255054e-01,-3.921568627450980338e-02
1.003742236890007786e-03,8.235294117647058432e-01,1.176470588235294101e-01
1.003744236889951222e-03,9.019607843137255054e-01,-7.843137254901960675e-02
1.003746236889894658e-03,9.019607843137255054e-01,7.843137254901960675e-02
1.003748236889838094e-03,9.411764705882352811e-01,3.921568627450980338e-02
1.003750236889781530e-03,8.627450980392157298e-01,-7.843137254901960675e-02
1.003752236889724966e-03,9.019607843137255054e-01,7.843137254901960675e-02
1.003754236889668403e-03,9.019607843137255054e-01,0.000000000000000000e+00
1.003756236889611839e-03,9.411764705882352811e-01,3.921568627450980338e-02
1.003758236889555275e-03,8.627450980392157298e-01,0.000000000000000000e+00
1.003760236889498711e-03,8.627450980392157298e-01,-7.843137254901960675e-02
1.003762236889442147e-03,8.627450980392157298e-01,7.843137254901960675e-02
1.003764236889385583e-03,9.411764705882352811e-01,-3.921568627450980338e-02
1.003766236889329019e-03,8.627450980392157298e-01,0.000000000000000000e+00
1.003768236889272455e-03,9.019607843137255054e-01,3.921568627450980338e-02
1.003770236889215892e-03,9.411764705882352811e-01,0.000000000000000000e+00
1.003772236889159328e-03,9.411764705882352811e-01,3.921568627450980338e-02
1.003774236889102764e-03,8.627450980392157298e-01,-3.921568627450980338e-02
1.003776236889046200e-03,8.627450980392157298e-01,0.000000000000000000e+00
1.003778236888989636e-03,9.411764705882352811e-01,0.000000000000000000e+00
1.003780236888933072e-03,9.411764705882352811e-01,-3.921568627450980338e-02
1.003782236888876508e-03,8.627450980392157298e-01,7.843137254901960675e-02
1.003784236888819945e-03,8.627450980392157298e-01,-7.843137254901960675e-02
1.003786236888763381e-03,9.019607843137255054e-01,1.176470588235294101e-01
1.003788236888706817e-03,9.411764705882352811e-01,3.921568627450980338e-02
1.003790236888650253e-03,8.627450980392157298e-01,-3.921568627450980338e-02
1.003792236888593689e-03,8.627450980392157298e-01,7.843137254901960675e-02
1.003794236888537125e-03,9.019607843137255054e-01,-3.921568627450980338e-02
1.003796236888480561e-03,9.411764705882352811e-01,3.921568627450980338e-02
1.003798236888423998e-03,8.627450980392157298e-01,3.921568627450980338e-02
1.003800236888367434e-03,8.627450980392157298e-01,-1.568627450980392135e-01
1.003802236888310870e-03,9.019607843137255054e-01,7.843137254901960675e-02
1.003804236888254306e-03,9.411764705882352811e-01,-3.921568627450980338e-02
1.003806236888197742e-03,8.627450980392157298e-01,0.000000000000000000e+00
1.003808236888141178e-03,9.019607843137255054e-01,3.921568627450980338e-02
1.003810236888084614e-03,9.019607843137255054e-01,0.000000000000000000e+00
1.003812236888028050e-03,9.411764705882352811e-01,3.921568627450980338e-02
1.003814236887971487e-03,9.019607843137255054e-01,-7.843137254901960675e-02
1.003816236887914923e-03,9.019607843137255054e-01,0.000000000000000000e+00
1.003818236887858359e-03,9.019607843137255054e-01,0.000000000000000000e+00
1.003820236887801795e-03,9.411764705882352811e-01,-3.921568627450980338e-02
1.003822236887745231e-03,8.235294117647058432e-01,1.176470588235294101e-01
1.003824236887688667e-03,9.019607843137255054e-01,-3.921568627450980338e-02
1.003826236887632103e-03,9.411764705882352811e-01,1.176470588235294101e-01
1.003828236887575540e-03,9.411764705882352811e-01,0.000000000000000000e+00
1.003830236887518976e-03,8.627450980392157298e-01,-3.921568627450980338e-02
1.003832236887462412e-03,8.627450980392157298e-01,3.921568627450980338e-02
1.003834236887405848e-03,9.019607843137255054e-01,-3.921568627450980338e-02
1.003836236887349284e-03,9.411764705882352811e-01,3.921568627450980338e-02
1.003838236887292720e-03,8.627450980392157298e-01,3.921568627450980338e-02
1.003840236887236156e-03,8.627450980392157298e-01,-1.568627450980392135e-01
1.003842236887179593e-03,9.019607843137255054e-01,7.843137254901960675e-02
1.003844236887123029e-03,9.019607843137255054e-01,-7.843137254901960675e-02
1.003846236887066465e-03,8.627450980392157298e-01,0.000000000000000000e+00
1.003848236887009901e-03,8.627450980392157298e-01,3.921568627450980338e-02
1.003850236886953337e-03,9.019607843137255054e-01,0.000000000000000000e+00
1.003852236886896773e-03,9.411764705882352811e-01,7.843137254901960675e-02
1.003854236886840209e-03,8.627450980392157298e-01,-7.843137254901960675e-02
1.003856236886783646e-03,8.627450980392157298e-01,3.921568627450980338e-02
1.003858236886727082e-03,9.019607843137255054e-01,3.921568627450980338e-02
1.003860236886670518e-03,9.411764705882352811e-01,-7.843137254901960675e-02
1.003862236886613954e-03,8.235294117647058432e-01,7.843137254901960675e-02
1.003864236886557390e-03,9.019607843137255054e-01,0.000000000000000000e+00
1.003866236886500826e-03,9.019607843137255054e-01,1.176470588235294101e-01
1.003868236886444262e-03,9.411764705882352811e-01,0.000000000000000000e+00
1.003870236886387698e-03,8.627450980392157298e-01,-7.843137254901960675e-02
1.003872236886331135e-03,9.019607843137255054e-01,7.843137254901960675e-02
1.003874236886274571e-03,9.019607843137255054e-01,-3.921568627450980338e-02
1.003876236886218007e-03,9.411764705882352811e-01,0.000000000000000000e+00
1.003878236886161443e-03,8.627450980392157298e-01,0.000000000000000000e+00
1.003880236886104879e-03,9.019607843137255054e-01,-1.568627450980392135e-01
1.003882236886048315e-03,9.019607843137255054e-01,1.176470588235294101e-01
1.003884236885991751e-03,9.411764705882352811e-01,0.000000000000000000e+00
1.003886236885935188e-03,8.627450980392157298e-01,3.921568627450980338e-02
1.003888236885878624e-03,8.627450980392157298e-01,3.921568627450980338e-02
1.003890236885822060e-03,9.019607843137255054e-01,0.000000000000000000e+00
1.003892236885765496e-03,9.411764705882352811e-01,7.843137254901960675e-02
1.003894236885708932e-03,8.627450980392157298e-01,-7.843137254901960675e-02
1.003896236885652368e-03,8.235294117647058432e-01,3.921568627450980338e-02
1.003898236885595804e-03,8.627450980392157298e-01,3.921568627450980338e-02
1.003900236885539241e-03,9.411764705882352811e-01,-7.843137254901960675e-02
1.003902236885482677e-03,8.627450980392157298e-01,7.843137254901960675e-02
1.003904236885426113e-03,9.019607843137255054e-01,-7.843137254901960675e-02
1.003906236885369549e-03,9.019607843137255054e-01,1.176470588235294101e-01
1.003908236885312985e-03,9.019607843137255054e-01,3.921568627450980338e-02
1.003910236885256421e-03,8.627450980392157298e-01,-3.921568627450980338e-02
1.003912236885199857e-03,8.627450980392157298e-01,7.843137254901960675e-02
1.003914236885143293e-03,9.019607843137255054e-01,0.000000000000000000e+00
1.003916236885086730e-03,9.411764705882352811e-01,0.000000000000000000e+00
1.003918236885030166e-03,8.627450980392157298e-01,0.000000000000000000e+00
1.003920236884973602e-03,9.019607843137255054e-01,-1.568627450980392135e-01
1.003922236884917038e-03,9.019607843137255054e-01,7.843137254901960675e-02
1.003924236884860474e-03,9.411764705882352811e-01,-3.921568627450980338e-02
1.003926236884803910e-03,8.627450980392157298e-01,0.000000000000000000e+00
1.003928236884747346e-03,9.019607843137255054e-01,3.921568627450980338e-02
1.003930236884690783e-03,9.411764705882352811e-01,0.000000000000000000e+00
1.003932236884634219e-03,9.019607843137255054e-01,3.921568627450980338e-02
1.003934236884577655e-03,8.627450980392157298e-01,-3.921568627450980338e-02
1.003936236884521091e-03,9.019607843137255054e-01,3.921568627450980338e-02
1.003938236884464527e-03,9.019607843137255054e-01,3.921568627450980338e-02
1.003940236884407963e-03,9.411764705882352811e-01,-7.843137254901960675e-02
1.003942236884351399e-03,8.235294117647058432e-01,7.843137254901960675e-02
1.003944236884294836e-03,9.019607843137255054e-01,0.000000000000000000e+00
1.003946236884238272e-03,9.019607843137255054e-01,1.176470588235294101e-01
1.003948236884181708e-03,9.411764705882352811e-01,0.000000000000000000e+00
1.003950236884125144e-03,8.627450980392157298e-01,-7.843137254901960675e-02
1.003952236884068580e-03,9.019607843137255054e-01,7.843137254901960675e-02
1.003954236884012016e-03,9.019607843137255054e-01,-3.921568627450980338e-02
1.003956236883955452e-03,9.411764705882352811e-01,0.000000000000000000e+00
1.003958236883898889e-03,8.627450980392157298e-01,3.921568627450980338e-02
1.003960236883842325e-03,9.019607843137255054e-01,-7.843137254901960675e-02
1.003962236883785761e-03,9.019607843137255054e-01,7.843137254901960675e-02
1.003964236883729197e-03,9.411764705882352811e-01,-3.921568627450980338e-02
1.003966236883672633e-03,8.235294117647058432e-01,3.921568627450980338e-02
1.003968236883616069e-03,8.627450980392157298e-01,3.921568627450980338e-02
1.003970236883559505e-03,9.019607843137255054e-01,3.921568627450980338e-02
1.003972236883502941e-03,9.019607843137255054e-01,3.921568627450980338e-02
1.003974236883446378e-03,8.627450980392157298e-01,-3.921568627450980338e-02
1.003976236883389814e-03,9.019607843137255054e-01,0.000000000000000000e+00
1.003978236883333250e-03,9.019607843137255054e-01,3.921568627450980338e-02
1.003980236883276686e-03,9.411764705882352811e-01,-3.921568627450980338e-02
1.003982236883220122e-03,8.627450980392157298e-01,7.843137254901960675e-02
1.003984236883163558e-03,9.019607843137255054e-01,-1.568627450980392135e-01
1.003986236883106994e-03,9.019607843137255054e-01,1.176470588235294101e-01
1.003988236883050431e-03,9.411764705882352811e-01,0.000000000000000000e+00
1.003990236882993867e-03,8.235294117647058432e-01,-7.843137254901960675e-02
1.003992236882937303e-03,8.235294117647058432e-01,7.843137254901960675e-02
1.003994236882880739e-03,9.019607843137255054e-01,-3.921568627450980338e-02
1.003996236882824175e-03,9.411764705882352811e-01,3.921568627450980338e-02
1.003998236882767611e-03,8.627450980392157298e-01,3.921568627450980338e-02
1.004000236882711047e-03,9.411764705882352811e-01,-7.843137254901960675e-02
1.004002236882654484e-03,9.019607843137255054e-01,7.843137254901960675e-02
1.004004236882597920e-03,9.411764705882352811e-01,-3.921568627450980338e-02
1.004006236882541356e-03,8.627450980392157298e-01,0.000000000000000000e+00
1.004008236882484792e-03,8.627450980392157298e-01,3.921568627450980338e-02
1.004010236882428228e-03,9.019607843137255054e-01,0.000000000000000000e+00
1.004012236882371664e-03,9.411764705882352811e-01,3.921568627450980338e-02
1.004014236882315100e-03,8.627450980392157298e-01,-3.921568627450980338e-02
1.004016236882258536e-03,9.019607843137255054e-01,0.000000000000000000e+00
1.004018236882201973e-03,9.019607843137255054e-01,3.921568627450980338e-02
1.004020236882145409e-03,9.411764705882352811e-01,-7.843137254901960675e-02
1.004022236882088845e-03,8.627450980392157298e-01,7.843137254901960675e-02
1.004024236882032281e-03,9.019607843137255054e-01,-1.568627450980392135e-01
1.004026236881975717e-03,8.627450980392157298e-01,1.176470588235294101e-01
1.004028236881919153e-03,9.411764705882352811e-01,0.000000000000000000e+00
1.004030236881862589e-03,8.627450980392157298e-01,-3.921568627450980338e-02
1.004032236881806026e-03,8.627450980392157298e-01,7.843137254901960675e-02
1.004034236881749462e-03,9.411764705882352811e-01,0.000000000000000000e+00
1.004036236881692898e-03,9.411764705882352811e-01,0.000000000000000000e+00
1.004038236881636334e-03,8.627450980392157298e-01,3.921568627450980338e-02
1.004040236881579770e-03,9.019607843137255054e-01,-1.568627450980392135e-01
1.004042236881523206e-03,9.019607843137255054e-01,1.176470588235294101e-01
1.004044236881466642e-03,9.411764705882352811e-01,0.000000000000000000e+00
1.004046236881410079e-03,8.235294117647058432e-01,0.000000000000000000e+00
1.004048236881353515e-03,9.019607843137255054e-01,3.921568627450980338e-02
1.004050236881296951e-03,9.019607843137255054e-01,0.000000000000000000e+00
1.004052236881240387e-03,9.411764705882352811e-01,7.843137254901960675e-02
1.004054236881183823e-03,8.235294117647058432e-01,-3.921568627450980338e-02
1.004056236881127259e-03,8.627450980392157298e-01,0.000000000000000000e+00
1.004058236881070695e-03,9.019607843137255054e-01,0.000000000000000000e+00
1.004060236881014131e-03,9.411764705882352811e-01,-7.843137254901960675e-02
1.004062236880957568e-03,8.235294117647058432e-01,1.176470588235294101e-01
1.004064236880901004e-03,8.627450980392157298e-01,-3.921568627450980338e-02
1.004066236880844440e-03,9.019607843137255054e-01,1.176470588235294101e-01
1.004068236880787876e-03,9.411764705882352811e-01,0.000000000000000000e+00
1.004070236880731312e-03,8.627450980392157298e-01,-3.921568627450980338e-02
1.004072236880674748e-03,9.019607843137255054e-01,7.843137254901960675e-02
1.004074236880618184e-03,9.019607843137255054e-01,-3.921568627450980338e-02
1.004076236880561621e-03,9.411764705882352811e-01,0.000000000000000000e+00
1.004078236880505057e-03,8.627450980392157298e-01,0.000000000000000000e+00
1.004080236880448493e-03,9.019607843137255054e-01,0.000000000000000000e+00
1.004082236880391929e-03,8.627450980392157298e-01,7.843137254901960675e-02
1.004084236880335365e-03,9.019607843137255054e-01,0.000000000000000000e+00
1.004086236880278801e-03,8.627450980392157298e-01,0.000000000000000000e+00
1.004088236880222237e-03,9.019607843137255054e-01,3.921568627450980338e-02
1.004090236880165674e-03,8.627450980392157298e-01,0.000000000000000000e+00
1.004092236880109110e-03,9.019607843137255054e-01,7.843137254901960675e-02
1.004094236880052546e-03,8.627450980392157298e-01,-3.921568627450980338e-02
1.004096236879995982e-03,8.627450980392157298e-01,3.921568627450980338e-02
1.004098236879939418e-03,9.019607843137255054e-01,3.921568627450980338e-02
1.004100236879882854e-03,9.411764705882352811e-01,-7.843137254901960675e-02
1.004102236879826290e-03,8.627450980392157298e-01,7.843137254901960675e-02
1.004104236879769727e-03,9.019607843137255054e-01,0.000000000000000000e+00
1.004106236879713163e-03,9.019607843137255054e-01,1.176470588235294101e-01
1.004108236879656599e-03,9.411764705882352811e-01,0.000000000000000000e+00
1.004110236879600035e-03,8.627450980392157298e-01,-3.921568627450980338e-02
1.004112236879543471e-03,8.627450980392157298e-01,7.843137254901960675e-02
1.004114236879486907e-03,9.019607843137255054e-01,-3.921568627450980338e-02
1.004116236879430343e-03,9.411764705882352811e-01,0.000000000000000000e+00
1.004118236879373779e-03,8.235294117647058432e-01,3.921568627450980338e-02
1.004120236879317216e-03,9.019607843137255054e-01,-1.568627450980392135e-01
1.004122236879260652e-03,9.411764705882352811e-01,7.843137254901960675e-02
1.004124236879204088e-03,9.019607843137255054e-01,-7.843137254901960675e-02
1.004126236879147524e-03,8.627450980392157298e-01,0.000000000000000000e+00
1.004128236879090960e-03,9.019607843137255054e-01,3.921568627450980338e-02
1.004130236879034396e-03,9.019607843137255054e-01,0.000000000000000000e+00
1.004132236878977832e-03,9.019607843137255054e-01,7.843137254901960675e-02
1.004134236878921269e-03,8.627450980392157298e-01,-3.921568627450980338e-02
1.004136236878864705e-03,9.019607843137255054e-01,3.921568627450980338e-02
1.004138236878808141e-03,9.019607843137255054e-01,3.921568627450980338e-02
1.004140236878751577e-03,9.411764705882352811e-01,-3.921568627450980338e-02
1.004142236878695013e-03,8.235294117647058432e-01,7.843137254901960675e-02
1.004144236878638449e-03,8.235294117647058432e-01,-7.843137254901960675e-02
1.004146236878581885e-03,8.627450980392157298e-01,7.843137254901960675e-02
1.004148236878525322e-03,9.411764705882352811e-01,0.000000000000000000e+00
1.004150236878468758e-03,8.627450980392157298e-01,-3.921568627450980338e-02
1.004152236878412194e-03,9.019607843137255054e-01,7.843137254901960675e-02
1.004154236878355630e-03,9.019607843137255054e-01,-3.921568627450980338e-02
1.004156236878299066e-03,9.411764705882352811e-01,3.921568627450980338e-02
1.004158236878242502e-03,8.235294117647058432e-01,3.921568627450980338e-02
1.004160236878185938e-03,8.627450980392157298e-01,-7.843137254901960675e-02
1.004162236878129374e-03,9.019607843137255054e-01,1.568627450980392135e-01
1.004164236878072811e-03,9.411764705882352811e-01,-3.921568627450980338e-02
1.004166236878016247e-03,8.235294117647058432e-01,0.000000000000000000e+00
1.004168236877959683e-03,8.627450980392157298e-01,3.921568627450980338e-02
1.004170236877903119e-03,9.019607843137255054e-01,0.000000000000000000e+00
1.004172236877846555e-03,9.019607843137255054e-01,7.843137254901960675e-02
1.004174236877789991e-03,8.627450980392157298e-01,-7.843137254901960675e-02
1.004176236877733427e-03,9.019607843137255054e-01,3.921568627450980338e-02
1.004178236877676864e-03,9.019607843137255054e-01,0.000000000000000000e+00
1.004180236877620300e-03,9.411764705882352811e-01,-7.843137254901960675e-02
1.004182236877563736e-03,8.235294117647058432e-01,7.843137254901960675e-02
1.004184236877507172e-03,9.019607843137255054e-01,-7.843137254901960675e-02
1.004186236877450608e-03,9.019607843137255054e-01,7.843137254901960675e-02
1.004188236877394044e-03,9.411764705882352811e-01,0.000000000000000000e+00
1.004190236877337480e-03,8.627450980392157298e-01,-3.921568627450980338e-02
1.004192236877280917e-03,8.627450980392157298e-01,7.843137254901960675e-02
1.004194236877224353e-03,9.019607843137255054e-01,-3.921568627450980338e-02
1.004196236877167789e-03,9.019607843137255054e-01,0.000000000000000000e+00
1.004198236877111225e-03,8.627450980392157298e-01,0.000000000000000000e+00
1.004200236877054661e-03,8.627450980392157298e-01,-3.921568627450980338e-02
1.004202236876998097e-03,8.627450980392157298e-01,7.843137254901960675e-02
1.004204236876941533e-03,9.019607843137255054e-01,-3.921568627450980338e-02
1.004206236876884969e-03,8.627450980392157298e-01,0.000000000000000000e+00
1.004208236876828406e-03,8.235294117647058432e-01,0.000000000000000000e+00
1.004210236876771842e-03,9.019607843137255054e-01,0.000000000000000000e+00
1.004212236876715278e-03,9.411764705882352811e-01,3.921568627450980338e-02
1.004214236876658714e-03,8.627450980392157298e-01,-3.921568627450980338e-02
1.004216236876602150e-03,9.019607843137255054e-01,3.921568627450980338e-02
1.004218236876545586e-03,9.019607843137255054e-01,3.921568627450980338e-02
1.004220236876489022e-03,9.019607843137255054e-01,-3.921568627450980338e-02
1.004222236876432459e-03,8.235294117647058432e-01,7.843137254901960675e-02
1.004224236876375895e-03,9.019607843137255054e-01,-7.843137254901960675e-02
1.004226236876319331e-03,9.411764705882352811e-01,1.176470588235294101e-01
1.004228236876262767e-03,9.411764705882352811e-01,0.000000000000000000e+00
1.004230236876206203e-03,8.627450980392157298e-01,-3.921568627450980338e-02
1.004232236876149639e-03,9.019607843137255054e-01,7.843137254901960675e-02
1.004234236876093075e-03,9.019607843137255054e-01,-3.921568627450980338e-02
1.004236236876036512e-03,9.411764705882352811e-01,0.000000000000000000e+00
1.004238236875979948e-03,8.235294117647058432e-01,3.921568627450980338e-02
1.004240236875923384e-03,8.627450980392157298e-01,0.000000000000000000e+00
1.004242236875866820e-03,9.019607843137255054e-01,7.843137254901960675e-02
1.004244236875810256e-03,9.411764705882352811e-01,-3.921568627450980338e-02
1.004246236875753692e-03,8.627450980392157298e-01,0.000000000000000000e+00
1.004248236875697128e-03,9.019607843137255054e-01,3.921568627450980338e-02
1.004250236875640565e-03,9.019607843137255054e-01,3.921568627450980338e-02
1.004252236875584001e-03,9.411764705882352811e-01,3.921568627450980338e-02
1.004254236875527437e-03,8.627450980392157298e-01,-3.921568627450980338e-02
1.004256236875470873e-03,8.627450980392157298e-01,3.921568627450980338e-02
1.004258236875414309e-03,9.019607843137255054e-01,3.921568627450980338e-02
1.004260236875357745e-03,9.411764705882352811e-01,-3.921568627450980338e-02
1.004262236875301181e-03,8.627450980392157298e-01,7.843137254901960675e-02
1.004264236875244617e-03,9.019607843137255054e-01,-1.568627450980392135e-01
1.004266236875188054e-03,9.019607843137255054e-01,1.176470588235294101e-01
1.004268236875131490e-03,9.411764705882352811e-01,0.000000000000000000e+00
1.004270236875074926e-03,8.235294117647058432e-01,-7.843137254901960675e-02
1.004272236875018362e-03,8.627450980392157298e-01,3.921568627450980338e-02
1.004274236874961798e-03,9.019607843137255054e-01,-3.921568627450980338e-02
1.004276236874905234e-03,9.411764705882352811e-01,3.921568627450980338e-02
1.004278236874848670e-03,8.627450980392157298e-01,0.000000000000000000e+00
1.004280236874792107e-03,9.019607843137255054e-01,0.000000000000000000e+00
1.004282236874735543e-03,9.019607843137255054e-01,1.176470588235294101e-01
1.004284236874678979e-03,9.411764705882352811e-01,-3.921568627450980338e-02
1.004286236874622415e-03,8.235294117647058432e-01,3.921568627450980338e-02
1.004288236874565851e-03,8.627450980392157298e-01,3.921568627450980338e-02
1.004290236874509287e-03,9.019607843137255054e-01,0.000000000000000000e+00
1.004292236874452723e-03,9.019607843137255054e-01,3.921568627450980338e-02
1.004294236874396160e-03,8.627450980392157298e-01,-3.921568627450980338e-02
1.004296236874339596e-03,9.019607843137255054e-01,0.000000000000000000e+00
1.004298236874283032e-03,9.019607843137255054e-01,3.921568627450980338e-02
1.004300236874226468e-03,9.411764705882352811e-01,-7.843137254901960675e-02
1.004302236874169904e-03,8.627450980392157298e-01,7.843137254901960675e-02
1.004304236874113340e-03,8.235294117647058432e-01,-1.568627450980392135e-01
1.004306236874056776e-03,9.019607843137255054e-01,7.843137254901960675e-02
1.004308236874000212e-03,9.019607843137255054e-01,3.921568627450980338e-02
1.004310236873943649e-03,8.235294117647058432e-01,-7.843137254901960675e-02
1.004312236873887085e-03,8.235294117647058432e-01,7.843137254901960675e-02
1.004314236873830521e-03,9.411764705882352811e-01,0.000000000000000000e+00
1.004316236873773957e-03,9.411764705882352811e-01,0.000000000000000000e+00
1.004318236873717393e-03,8.235294117647058432e-01,0.000000000000000000e+00
1.004320236873660829e-03,9.019607843137255054e-01,-1.568627450980392135e-01
1.004322236873604265e-03,9.019607843137255054e-01,7.843137254901960675e-02
1.004324236873547702e-03,9.411764705882352811e-01,-3.921568627450980338e-02
1.004326236873491138e-03,8.627450980392157298e-01,0.000000000000000000e+00
1.004328236873434574e-03,8.627450980392157298e-01,3.921568627450980338e-02
1.004330236873378010e-03,9.411764705882352811e-01,0.000000000000000000e+00
1.004332236873321446e-03,9.411764705882352811e-01,3.921568627450980338e-02
1.004334236873264882e-03,8.627450980392157298e-01,-7.843137254901960675e-02
1.004336236873208318e-03,9.019607843137255054e-01,0.000000000000000000e+00
1.004338236873151755e-03,9.019607843137255054e-01,3.921568627450980338e-02
1.004340236873095191e-03,9.411764705882352811e-01,-7.843137254901960675e-02
1.004342236873038627e-03,8.627450980392157298e-01,7.843137254901960675e-02
1.004344236872982063e-03,8.627450980392157298e-01,-7.843137254901960675e-02
1.004346236872925499e-03,8.627450980392157298e-01,7.843137254901960675e-02
1.004348236872868935e-03,9.411764705882352811e-01,3.921568627450980338e-02
1.004350236872812371e-03,8.235294117647058432e-01,-3.921568627450980338e-02
1.004352236872755808e-03,9.019607843137255054e-01,3.921568627450980338e-02
1.004354236872699244e-03,9.019607843137255054e-01,-3.921568627450980338e-02
1.004356236872642680e-03,9.411764705882352811e-01,0.000000000000000000e+00
1.004358236872586116e-03,8.235294117647058432e-01,3.921568627450980338e-02
1.004360236872529552e-03,8.235294117647058432e-01,-7.843137254901960675e-02
1.004362236872472988e-03,9.019607843137255054e-01,1.176470588235294101e-01
1.004364236872416424e-03,9.411764705882352811e-01,-3.921568627450980338e-02
1.004366236872359860e-03,8.627450980392157298e-01,0.000000000000000000e+00
1.004368236872303297e-03,8.627450980392157298e-01,3.921568627450980338e-02
1.004370236872246733e-03,9.019607843137255054e-01,0.000000000000000000e+00
1.004372236872190169e-03,9.411764705882352811e-01,3.921568627450980338e-02
1.004374236872133605e-03,8.627450980392157298e-01,-3.921568627450980338e-02
1.004376236872077041e-03,9.019607843137255054e-01,3.921568627450980338e-02
1.004378236872020477e-03,9.019607843137255054e-01,3.921568627450980338e-02
1.004380236871963913e-03,9.411764705882352811e-01,-7.843137254901960675e-02
1.004382236871907350e-03,8.235294117647058432e-01,7.843137254901960675e-02
1.004384236871850786e-03,9.019607843137255054e-01,-3.921568627450980338e-02
1.004386236871794222e-03,9.019607843137255054e-01,1.176470588235294101e-01
1.004388236871737658e-03,9.411764705882352811e-01,0.000000000000000000e+00
1.004390236871681094e-03,8.627450980392157298e-01,-7.843137254901960675e-02
1.004392236871624530e-03,8.627450980392157298e-01,7.843137254901960675e-02
1.004394236871567966e-03,9.019607843137255054e-01,-3.921568627450980338e-02
1.004396236871511403e-03,9.411764705882352811e-01,7.843137254901960675e-02
1.004398236871454839e-03,8.627450980392157298e-01,0.000000000000000000e+00
1.004400236871398275e-03,9.411764705882352811e-01,-7.843137254901960675e-02
1.004402236871341711e-03,9.019607843137255054e-01,1.568627450980392135e-01
1.004404236871285147e-03,9.411764705882352811e-01,-3.921568627450980338e-02
1.004406236871228583e-03,8.235294117647058432e-01,3.921568627450980338e-02
1.004408236871172019e-03,9.019607843137255054e-01,3.921568627450980338e-02
1.004410236871115455e-03,9.019607843137255054e-01,0.000000000000000000e+00
1.004412236871058892e-03,9.019607843137255054e-01,3.921568627450980338e-02
1.004414236871002328e-03,8.627450980392157298e-01,-3.921568627450980338e-02
1.004416236870945764e-03,9.019607843137255054e-01,3.921568627450980338e-02
1.004418236870889200e-03,9.019607843137255054e-01,3.921568627450980338e-02
1.004420236870832636e-03,9.411764705882352811e-01,-7.843137254901960675e-02
1.004422236870776072e-03,8.627450980392157298e-01,7.843137254901960675e-02
1.004424236870719508e-03,9.019607843137255054e-01,-7.843137254901960675e-02
1.004426236870662945e-03,9.019607843137255054e-01,1.176470588235294101e-01
1.004428236870606381e-03,9.411764705882352811e-01,3.921568627450980338e-02
1.004430236870549817e-03,8.235294117647058432e-01,-7.843137254901960675e-02
1.004432236870493253e-03,8.235294117647058432e-01,7.843137254901960675e-02
1.004434236870436689e-03,9.019607843137255054e-01,-3.921568627450980338e-02
1.004436236870380125e-03,9.411764705882352811e-01,3.921568627450980338e-02
1.004438236870323561e-03,9.019607843137255054e-01,3.921568627450980338e-02
1.004440236870266998e-03,8.627450980392157298e-01,0.000000000000000000e+00
1.004442236870210434e-03,8.627450980392157298e-01,7.843137254901960675e-02
1.004444236870153870e-03,9.411764705882352811e-01,-3.921568627450980338e-02
1.004446236870097306e-03,8.235294117647058432e-01,0.000000000000000000e+00
1.004448236870040742e-03,8.235294117647058432e-01,3.921568627450980338e-02
1.004450236869984178e-03,9.411764705882352811e-01,0.000000000000000000e+00
1.004452236869927614e-03,9.019607843137255054e-01,3.921568627450980338e-02
1.004454236869871050e-03,8.627450980392157298e-01,-3.921568627450980338e-02
1.004456236869814487e-03,8.627450980392157298e-01,0.000000000000000000e+00
1.004458236869757923e-03,9.019607843137255054e-01,0.000000000000000000e+00
1.004460236869701359e-03,9.411764705882352811e-01,-3.921568627450980338e-02
1.004462236869644795e-03,8.235294117647058432e-01,7.843137254901960675e-02
1.004464236869588231e-03,9.019607843137255054e-01,-3.921568627450980338e-02
1.004466236869531667e-03,8.627450980392157298e-01,1.176470588235294101e-01
1.004468236869475103e-03,9.019607843137255054e-01,3.921568627450980338e-02
1.004470236869418540e-03,8.627450980392157298e-01,-3.921568627450980338e-02
1.004472236869361976e-03,8.627450980392157298e-01,7.843137254901960675e-02
1.004474236869305412e-03,9.411764705882352811e-01,-3.921568627450980338e-02
1.004476236869248848e-03,9.411764705882352811e-01,0.000000000000000000e+00
1.004478236869192284e-03,8.235294117647058432e-01,3.921568627450980338e-02
1.004480236869135720e-03,9.019607843137255054e-01,0.000000000000000000e+00
1.004482236869079156e-03,8.627450980392157298e-01,7.843137254901960675e-02
1.004484236869022593e-03,9.411764705882352811e-01,-3.921568627450980338e-02
1.004486236868966029e-03,8.235294117647058432e-01,0.000000000000000000e+00
1.004488236868909465e-03,8.627450980392157298e-01,3.921568627450980338e-02
1.004490236868852901e-03,9.019607843137255054e-01,3.921568627450980338e-02
1.004492236868796337e-03,9.411764705882352811e-01,7.843137254901960675e-02
1.004494236868739773e-03,8.627450980392157298e-01,-3.921568627450980338e-02
1.004496236868683209e-03,9.019607843137255054e-01,0.000000000000000000e+00
1.004498236868626646e-03,8.627450980392157298e-01,3.921568627450980338e-02
1.004500236868570082e-03,9.411764705882352811e-01,-7.843137254901960675e-02
1.004502236868513518e-03,8.235294117647058432e-01,7.843137254901960675e-02
1.004504236868456954e-03,9.411764705882352811e-01,0.000000000000000000e+00
1.004506236868400390e-03,9.019607843137255054e-01,1.176470588235294101e-01
1.004508236868343826e-03,9.411764705882352811e-01,0.000000000000000000e+00
1.004510236868287262e-03,8.627450980392157298e-01,-3.921568627450980338e-02
1.004512236868230698e-03,9.019607843137255054e-01,7.843137254901960675e-02
1.004514236868174135e-03,9.019607843137255054e-01,-3.921568627450980338e-02
1.004516236868117571e-03,9.411764705882352811e-01,0.000000000000000000e+00
1.004518236868061007e-03,8.235294117647058432e-01,0.000000000000000000e+00
1.004520236868004443e-03,9.019607843137255054e-01,-3.921568627450980338e-02
1.004522236867947879e-03,9.019607843137255054e-01,7.843137254901960675e-02
1.004524236867891315e-03,9.411764705882352811e-01,-3.921568627450980338e-02
1.004526236867834751e-03,8.627450980392157298e-01,0.000000000000000000e+00
1.004528236867778188e-03,9.019607843137255054e-01,3.921568627450980338e-02
1.004530236867721624e-03,9.019607843137255054e-01,0.000000000000000000e+00
1.004532236867665060e-03,9.411764705882352811e-01,3.921568627450980338e-02
1.004534236867608496e-03,8.627450980392157298e-01,-3.921568627450980338e-02
1.004536236867551932e-03,9.019607843137255054e-01,3.921568627450980338e-02
1.004538236867495368e-03,9.019607843137255054e-01,3.921568627450980338e-02
1.004540236867438804e-03,9.411764705882352811e-01,0.000000000000000000e+00
1.004542236867382241e-03,8.627450980392157298e-01,7.843137254901960675e-02
1.004544236867325677e-03,8.235294117647058432e-01,0.000000000000000000e+00
1.004546236867269113e-03,9.019607843137255054e-01,1.176470588235294101e-01
1.004548236867212549e-03,9.019607843137255054e-01,0.000000000000000000e+00
1.004550236867155985e-03,8.627450980392157298e-01,-3.921568627450980338e-02
1.004552236867099421e-03,8.627450980392157298e-01,7.843137254901960675e-02
1.004554236867042857e-03,9.019607843137255054e-01,0.000000000000000000e+00
1.004556236866986293e-03,9.411764705882352811e-01,0.000000000000000000e+00
1.004558236866929730e-03,8.627450980392157298e-01,3.921568627450980338e-02
1.004560236866873166e-03,9.019607843137255054e-01,0.000000000000000000e+00
1.004562236866816602e-03,9.019607843137255054e-01,1.176470588235294101e-01
1.004564236866760038e-03,9.411764705882352811e-01,0.000000000000000000e+00
1.004566236866703474e-03,8.627450980392157298e-01,0.000000000000000000e+00
1.004568236866646910e-03,8.627450980392157298e-01,3.921568627450980338e-02
1.004570236866590346e-03,9.411764705882352811e-01,0.000000000000000000e+00
1.004572236866533783e-03,9.019607843137255054e-01,3.921568627450980338e-02
1.004574236866477219e-03,8.627450980392157298e-01,-3.921568627450980338e-02
1.004576236866420655e-03,9.019607843137255054e-01,0.000000000000000000e+00
1.004578236866364091e-03,9.019607843137255054e-01,3.921568627450980338e-02
1.004580236866307527e-03,9.411764705882352811e-01,-3.921568627450980338e-02
1.004582236866250963e-03,8.627450980392157298e-01,7.843137254901960675e-02
1.004584236866194399e-03,8.627450980392157298e-01,-1.568627450980392135e-01
1.004586236866137836e-03,9.019607843137255054e-01,7.843137254901960675e-02
1.004588236866081272e-03,9.019607843137255054e-01,3.921568627450980338e-02
1.004590236866024708e-03,8.627450980392157298e-01,0.000000000000000000e+00
1.004592236865968144e-03,8.627450980392157298e-01,7.843137254901960675e-02
1.004594236865911580e-03,9.411764705882352811e-01,-3.921568627450980338e-02
1.004596236865855016e-03,9.411764705882352811e-01,0.000000000000000000e+00
1.004598236865798452e-03,8.627450980392157298e-01,0.000000000000000000e+00
1.004600236865741889e-03,9.019607843137255054e-01,0.000000000000000000e+00
1.004602236865685325e-03,9.019607843137255054e-01,1.176470588235294101e-01
1.004604236865628761e-03,9.019607843137255054e-01,-3.921568627450980338e-02
1.004606236865572197e-03,8.235294117647058432e-01,0.000000000000000000e+00
1.004608236865515633e-03,9.411764705882352811e-01,0.000000000000000000e+00
1.004610236865459069e-03,9.019607843137255054e-01,0.000000000000000000e+00
1.004612236865402505e-03,9.411764705882352811e-01,3.921568627450980338e-02
1.004614236865345941e-03,8.627450980392157298e-01,-3.921568627450980338e-02
1.004616236865289378e-03,9.019607843137255054e-01,0.000000000000000000e+00
1.004618236865232814e-03,8.627450980392157298e-01,3.921568627450980338e-02
1.004620236865176250e-03,9.411764705882352811e-01,-7.843137254901960675e-02
1.004622236865119686e-03,8.627450980392157298e-01,7.843137254901960675e-02
1.004624236865063122e-03,8.627450980392157298e-01,-7.843137254901960675e-02
1.004626236865006558e-03,9.411764705882352811e-01,3.921568627450980338e-02
1.004628236864949994e-03,9.019607843137255054e-01,7.843137254901960675e-02
1.004630236864893431e-03,8.627450980392157298e-01,-7.843137254901960675e-02
1.004632236864836867e-03,9.019607843137255054e-01,7.843137254901960675e-02
1.004634236864780303e-03,9.019607843137255054e-01,-7.843137254901960675e-02
1.004636236864723739e-03,9.411764705882352811e-01,0.000000000000000000e+00
1.004638236864667175e-03,8.235294117647058432e-01,0.000000000000000000e+00
1.004640236864610611e-03,8.235294117647058432e-01,-1.568627450980392135e-01
1.004642236864554047e-03,9.019607843137255054e-01,7.843137254901960675e-02
1.004644236864497484e-03,9.411764705882352811e-01,-3.921568627450980338e-02
1.004646236864440920e-03,9.019607843137255054e-01,0.000000000000000000e+00
1.004648236864384356e-03,9.019607843137255054e-01,7.843137254901960675e-02
1.004650236864327792e-03,9.019607843137255054e-01,0.000000000000000000e+00
1.004652236864271228e-03,9.411764705882352811e-01,3.921568627450980338e-02
1.004654236864214664e-03,8.627450980392157298e-01,-3.921568627450980338e-02
1.004656236864158100e-03,9.019607843137255054e-01,3.921568627450980338e-02
1.004658236864101536e-03,9.019607843137255054e-01,3.921568627450980338e-02
1.004660236864044973e-03,9.411764705882352811e-01,0.000000000000000000e+00
1.004662236863988409e-03,8.235294117647058432e-01,7.843137254901960675e-02
1.004664236863931845e-03,9.019607843137255054e-01,-7.843137254901960675e-02
1.004666236863875281e-03,9.019607843137255054e-01,1.176470588235294101e-01
1.004668236863818717e-03,9.411764705882352811e-01,3.921568627450980338e-02
1.004670236863762153e-03,8.627450980392157298e-01,-7.843137254901960675e-02
1.004672236863705589e-03,8.235294117647058432e-01,1.176470588235294101e-01
1.004674236863649026e-03,8.627450980392157298e-01,-3.921568627450980338e-02
1.004676236863592462e-03,9.411764705882352811e-01,0.000000000000000000e+00
1.004678236863535898e-03,8.627450980392157298e-01,3.921568627450980338e-02
1.004680236863479334e-03,9.019607843137255054e-01,-1.568627450980392135e-01
1.004682236863422770e-03,9.019607843137255054e-01,7.843137254901960675e-02
1.004684236863366206e-03,9.803921568627450567e-01,-3.921568627450980338e-02
1.004686236863309642e-03,8.627450980392157298e-01,0.000000000000000000e+00
1.004688236863253079e-03,8.627450980392157298e-01,3.921568627450980338e-02
1.004690236863196515e-03,9.019607843137255054e-01,0.000000000000000000e+00
1.004692236863139951e-03,9.411764705882352811e-01,3.921568627450980338e-02
1.004694236863083387e-03,8.627450980392157298e-01,-7.843137254901960675e-02
1.004696236863026823e-03,8.627450980392157298e-01,0.000000000000000000e+00
1.004698236862970259e-03,9.019607843137255054e-01,3.921568627450980338e-02
1.004700236862913695e-03,9.411764705882352811e-01,-7.843137254901960675e-02
1.004702236862857131e-03,8.235294117647058432e-01,7.843137254901960675e-02
1.004704236862800568e-03,8.235294117647058432e-01,-7.843137254901960675e-02
1.004706236862744004e-03,9.019607843137255054e-01,1.176470588235294101e-01
1.004708236862687440e-03,9.411764705882352811e-01,0.000000000000000000e+00
1.004710236862630876e-03,8.627450980392157298e-01,-7.843137254901960675e-02
1.004712236862574312e-03,8.627450980392157298e-01,3.921568627450980338e-02
1.004714236862517748e-03,9.019607843137255054e-01,0.000000000000000000e+00
1.004716236862461184e-03,9.411764705882352811e-01,0.000000000000000000e+00
1.004718236862404621e-03,8.235294117647058432e-01,3.921568627450980338e-02
1.004720236862348057e-03,9.019607843137255054e-01,-7.843137254901960675e-02
1.004722236862291493e-03,9.019607843137255054e-01,7.843137254901960675e-02
1.004724236862234929e-03,9.411764705882352811e-01,-3.921568627450980338e-02
1.004726236862178365e-03,8.627450980392157298e-01,0.000000000000000000e+00
1.004728236862121801e-03,8.235294117647058432e-01,3.921568627450980338e-02
1.004730236862065237e-03,9.019607843137255054e-01,0.000000000000000000e+00
1.004732236862008674e-03,9.411764705882352811e-01,7.843137254901960675e-02
1.004734236861952110e-03,8.627450980392157298e-01,-7.843137254901960675e-02
1.004736236861895546e-03,8.627450980392157298e-01,0.000000000000000000e+00
1.004738236861838982e-03,9.019607843137255054e-01,0.000000000000000000e+00
1.004740236861782418e-03,9.411764705882352811e-01,-3.921568627450980338e-02
1.004742236861725854e-03,8.627450980392157298e-01,7.843137254901960675e-02
1.004744236861669290e-03,8.627450980392157298e-01,-7.843137254901960675e-02
1.004746236861612727e-03,8.627450980392157298e-01,1.176470588235294101e-01
1.004748236861556163e-03,9.411764705882352811e-01,0.000000000000000000e+00
1.004750236861499599e-03,9.019607843137255054e-01,-7.843137254901960675e-02
1.004752236861443035e-03,8.627450980392157298e-01,7.843137254901960675e-02
1.004754236861386471e-03,9.019607843137255054e-01,-7.843137254901960675e-02
1.004756236861329907e-03,9.411764705882352811e-01,0.000000000000000000e+00
1.004758236861273343e-03,8.627450980392157298e-01,3.921568627450980338e-02
1.004760236861216779e-03,9.019607843137255054e-01,0.000000000000000000e+00
1.004762236861160216e-03,9.019607843137255054e-01,1.176470588235294101e-01
1.004764236861103652e-03,9.411764705882352811e-01,0.000000000000000000e+00
1.004766236861047088e-03,8.235294117647058432e-01,0.000000000000000000e+00
1.004768236860990524e-03,9.019607843137255054e-01,3.921568627450980338e-02
1.004770236860933960e-03,9.019607843137255054e-01,-3.921568627450980338e-02
1.004772236860877396e-03,9.019607843137255054e-01,7.843137254901960675e-02
1.004774236860820832e-03,8.627450980392157298e-01,-7.843137254901960675e-02
1.004776236860764269e-03,9.019607843137255054e-01,3.921568627450980338e-02
1.004778236860707705e-03,8.627450980392157298e-01,3.921568627450980338e-02
1.004780236860651141e-03,9.411764705882352811e-01,-7.843137254901960675e-02
1.004782236860594577e-03,8.235294117647058432e-01,7.843137254901960675e-02
1.004784236860538013e-03,8.235294117647058432e-01,-1.568627450980392135e-01
1.004786236860481449e-03,9.019607843137255054e-01,1.176470588235294101e-01
1.004788236860424885e-03,9.019607843137255054e-01,3.921568627450980338e-02
1.004790236860368322e-03,8.627450980392157298e-01,-3.921568627450980338e-02
1.004792236860311758e-03,8.235294117647058432e-01,7.843137254901960675e-02
1.004794236860255194e-03,8.627450980392157298e-01,-3.921568627450980338e-02
1.004796236860198630e-03,9.411764705882352811e-01,0.000000000000000000e+00
1.004798236860142066e-03,8.627450980392157298e-01,3.921568627450980338e-02
1.004800236860085502e-03,9.019607843137255054e-01,0.000000000000000000e+00
1.004802236860028938e-03,9.019607843137255054e-01,1.568627450980392135e-01
1.004804236859972374e-03,9.411764705882352811e-01,0.000000000000000000e+00
1.004806236859915811e-03,8.627450980392157298e-01,0.000000000000000000e+00
1.004808236859859247e-03,8.627450980392157298e-01,3.921568627450980338e-02
1.004810236859802683e-03,9.019607843137255054e-01,3.921568627450980338e-02
1.004812236859746119e-03,9.411764705882352811e-01,7.843137254901960675e-02
1.004814236859689555e-03,8.627450980392157298e-01,-3.921568627450980338e-02
1.004816236859632991e-03,8.627450980392157298e-01,3.921568627450980338e-02
1.004818236859576427e-03,9.019607843137255054e-01,0.000000000000000000e+00
1.004820236859519864e-03,9.411764705882352811e-01,-7.843137254901960675e-02
1.004822236859463300e-03,8.235294117647058432e-01,7.843137254901960675e-02
1.004824236859406736e-03,9.019607843137255054e-01,-7.843137254901960675e-02
1.004826236859350172e-03,9.019607843137255054e-01,1.176470588235294101e-01
1.004828236859293608e-03,9.019607843137255054e-01,0.000000000000000000e+00
1.004830236859237044e-03,8.235294117647058432e-01,-3.921568627450980338e-02
1.004832236859180480e-03,8.627450980392157298e-01,3.921568627450980338e-02
1.004834236859123917e-03,9.411764705882352811e-01,-3.921568627450980338e-02
1.004836236859067353e-03,9.411764705882352811e-01,0.000000000000000000e+00
1.004838236859010789e-03,8.235294117647058432e-01,3.921568627450980338e-02
1.004840236858954225e-03,9.019607843137255054e-01,-3.921568627450980338e-02
1.004842236858897661e-03,8.627450980392157298e-01,7.843137254901960675e-02
1.004844236858841097e-03,9.411764705882352811e-01,-3.921568627450980338e-02
1.004846236858784533e-03,8.627450980392157298e-01,0.000000000000000000e+00
1.004848236858727970e-03,9.019607843137255054e-01,3.921568627450980338e-02
1.004850236858671406e-03,9.019607843137255054e-01,0.000000000000000000e+00
1.004852236858614842e-03,9.019607843137255054e-01,7.843137254901960675e-02
1.004854236858558278e-03,9.019607843137255054e-01,-3.921568627450980338e-02
1.004856236858501714e-03,8.627450980392157298e-01,3.921568627450980338e-02
1.004858236858445150e-03,9.019607843137255054e-01,3.921568627450980338e-02
1.004860236858388586e-03,9.411764705882352811e-01,-3.921568627450980338e-02
1.004862236858332022e-03,8.627450980392157298e-01,7.843137254901960675e-02
1.004864236858275459e-03,8.627450980392157298e-01,-7.843137254901960675e-02
1.004866236858218895e-03,8.627450980392157298e-01,7.843137254901960675e-02
1.004868236858162331e-03,9.019607843137255054e-01,0.000000000000000000e+00
1.004870236858105767e-03,8.235294117647058432e-01,-3.921568627450980338e-02
1.004872236858049203e-03,8.235294117647058432e-01,7.843137254901960675e-02
1.004874236857992639e-03,9.019607843137255054e-01,0.000000000000000000e+00
1.004876236857936075e-03,9.803921568627450567e-01,3.921568627450980338e-02
1.004878236857879512e-03,8.235294117647058432e-01,3.921568627450980338e-02
1.004880236857822948e-03,8.627450980392157298e-01,-1.568627450980392135e-01
1.004882236857766384e-03,9.019607843137255054e-01,7.843137254901960675e-02
1.004884236857709820e-03,9.411764705882352811e-01,-7.843137254901960675e-02
1.004886236857653256e-03,8.235294117647058432e-01,0.000000000000000000e+00
1.004888236857596692e-03,9.019607843137255054e-01,0.000000000000000000e+00
1.004890236857540128e-03,9.411764705882352811e-01,0.000000000000000000e+00
1.004892236857483565e-03,9.411764705882352811e-01,7.843137254901960675e-02
1.004894236857427001e-03,8.235294117647058432e-01,-7.843137254901960675e-02
1.004896236857370437e-03,8.627450980392157298e-01,3.921568627450980338e-02
1.004898236857313873e-03,9.019607843137255054e-01,0.000000000000000000e+00
1.004900236857257309e-03,9.411764705882352811e-01,-7.843137254901960675e-02
1.004902236857200745e-03,8.235294117647058432e-01,7.843137254901960675e-02
1.004904236857144181e-03,9.019607843137255054e-01,0.000000000000000000e+00
1.004906236857087617e-03,9.019607843137255054e-01,7.843137254901960675e-02
1.004908236857031054e-03,9.019607843137255054e-01,0.000000000000000000e+00
1.004910236856974490e-03,8.627450980392157298e-01,-7.843137254901960675e-02
1.004912236856917926e-03,8.627450980392157298e-01,7.843137254901960675e-02
1.004914236856861362e-03,9.411764705882352811e-01,-3.921568627450980338e-02
1.004916236856804798e-03,9.411764705882352811e-01,0.000000000000000000e+00
1.004918236856748234e-03,8.627450980392157298e-01,0.000000000000000000e+00
1.004920236856691670e-03,8.627450980392157298e-01,-1.568627450980392135e-01
1.004922236856635107e-03,9.019607843137255054e-01,7.843137254901960675e-02
1.004924236856578543e-03,9.411764705882352811e-01,-7.843137254901960675e-02
1.004926236856521979e-03,8.235294117647058432e-01,0.000000000000000000e+00
1.004928236856465415e-03,8.627450980392157298e-01,7.843137254901960675e-02
1.004930236856408851e-03,9.019607843137255054e-01,3.921568627450980338e-02
1.004932236856352287e-03,9.019607843137255054e-01,7.843137254901960675e-02
1.004934236856295723e-03,8.235294117647058432e-01,-3.921568627450980338e-02
1.004936236856239160e-03,8.235294117647058432e-01,3.921568627450980338e-02
1.004938236856182596e-03,9.411764705882352811e-01,3.921568627450980338e-02
1.004940236856126032e-03,9.411764705882352811e-01,-7.843137254901960675e-02
1.004942236856069468e-03,8.627450980392157298e-01,7.843137254901960675e-02
1.004944236856012904e-03,9.019607843137255054e-01,-7.843137254901960675e-02
1.004946236855956340e-03,8.627450980392157298e-01,7.843137254901960675e-02
1.004948236855899776e-03,9.019607843137255054e-01,3.921568627450980338e-02
1.004950236855843212e-03,8.235294117647058432e-01,-3.921568627450980338e-02
1.004952236855786649e-03,9.019607843137255054e-01,7.843137254901960675e-02
1.004954236855730085e-03,9.019607843137255054e-01,-3.921568627450980338e-02
1.004956236855673521e-03,9.411764705882352811e-01,0.000000000000000000e+00
1.004958236855616957e-03,8.235294117647058432e-01,3.921568627450980338e-02
1.004960236855560393e-03,9.019607843137255054e-01,-7.843137254901960675e-02
1.004962236855503829e-03,8.627450980392157298e-01,7.843137254901960675e-02
1.004964236855447265e-03,9.411764705882352811e-01,0.000000000000000000e+00
1.004966236855390702e-03,8.627450980392157298e-01,0.000000000000000000e+00
1.004968236855334138e-03,8.627450980392157298e-01,4.705882352941176960e-01
1.004970236855277574e-03,9.411764705882352811e-01,2.313725490196078205e+00
1.004972236855221010e-03,9.019607843137255054e-01,3.372549019607843146e+00
1.004974236855164446e-03,8.235294117647058432e-01,4.196078431372549211e+00
1.004976236855107882e-03,8.627450980392157298e-01,3.999999999999999556e+00
1.004978236855051318e-03,8.627450980392157298e-01,3.607843137254901578e+00
1.004980236854994755e-03,9.803921568627450567e-01,2.980392156862744724e+00
1.004982236854938191e-03,8.235294117647058432e-01,3.019607843137254832e+00
1.004984236854881627e-03,8.627450980392157298e-01,3.137254901960784270e+00
1.004986236854825063e-03,9.019607843137255054e-01,3.294117647058823373e+00
1.004988236854768499e-03,9.803921568627450567e-01,3.176470588235293935e+00
1.004990236854711935e-03,8.627450980392157298e-01,3.294117647058823373e+00
1.004992236854655371e-03,8.627450980392157298e-01,3.333333333333333037e+00
1.004994236854598808e-03,9.411764705882352811e-01,3.176470588235293935e+00
1.004996236854542244e-03,9.019607843137255054e-01,3.294117647058823373e+00
1.004998236854485680e-03,8.235294117647058432e-01,3.294117647058823373e+00
1.005000236854429116e-03,9.411764705882352811e-01,3.058823529411764497e+00
1.005002236854372552e-03,8.627450980392157298e-01,3.294117647058823373e+00
1.005004236854315988e-03,9.411764705882352811e-01,3.215686274509803599e+00
1.005006236854259424e-03,8.235294117647058432e-01,3.333333333333333037e+00
1.005008236854202860e-03,8.627450980392157298e-01,3.215686274509803599e+00
1.005010236854146297e-03,9.019607843137255054e-01,3.254901960784313708e+00
1.005012236854089733e-03,9.411764705882352811e-01,3.333333333333333037e+00
1.005014236854033169e-03,8.235294117647058432e-01,3.215686274509803599e+00
1.005016236853976605e-03,8.627450980392157298e-01,3.254901960784313708e+00
1.005018236853920041e-03,9.019607843137255054e-01,3.294117647058823373e+00
1.005020236853863477e-03,9.411764705882352811e-01,3.137254901960784270e+00
1.005022236853806913e-03,8.627450980392157298e-01,3.372549019607843146e+00
1.005024236853750350e-03,9.019607843137255054e-01,3.137254901960784270e+00
1.005026236853693786e-03,9.019607843137255054e-01,3.294117647058823373e+00
1.005028236853637222e-03,9.411764705882352811e-01,3.294117647058823373e+00
1.005030236853580658e-03,8.235294117647058432e-01,3.215686274509803599e+00
1.005032236853524094e-03,8.627450980392157298e-01,3.294117647058823373e+00
1.005034236853467530e-03,9.019607843137255054e-01,3.176470588235293935e+00
1.005036236853410966e-03,9.411764705882352811e-01,3.215686274509803599e+00
1.005038236853354403e-03,8.627450980392157298e-01,3.294117647058823373e+00
1.005040236853297839e-03,9.019607843137255054e-01,3.176470588235293935e+00
1.005042236853241275e-03,9.019607843137255054e-01,3.333333333333333037e+00
1.005044236853184711e-03,9.803921568627450567e-01,3.215686274509803599e+00
1.005046236853128147e-03,8.627450980392157298e-01,3.294117647058823373e+00
1.005048236853071583e-03,8.627450980392157298e-01,3.254901960784313708e+00
1.005050236853015019e-03,9.019607843137255054e-01,3.176470588235293935e+00
1.005052236852958455e-03,9.411764705882352811e-01,3.294117647058823373e+00
1.005054236852901892e-03,8.627450980392157298e-01,3.215686274509803599e+00
1.005056236852845328e-03,8.627450980392157298e-01,3.254901960784313708e+00
1.005058236852788764e-03,9.019607843137255054e-01,3.254901960784313708e+00
1.005060236852732200e-03,9.411764705882352811e-01,3.137254901960784270e+00
1.005062236852675636e-03,8.627450980392157298e-01,3.333333333333333037e+00
1.005064236852619072e-03,9.019607843137255054e-01,3.137254901960784270e+00
1.005066236852562508e-03,9.019607843137255054e-01,3.215686274509803599e+00
1.005068236852505945e-03,9.411764705882352811e-01,3.294117647058823373e+00
1.005070236852449381e-03,8.627450980392157298e-01,3.215686274509803599e+00
1.005072236852392817e-03,8.627450980392157298e-01,3.294117647058823373e+00
1.005074236852336253e-03,9.019607843137255054e-01,3.215686274509803599e+00
1.005076236852279689e-03,9.411764705882352811e-01,3.215686274509803599e+00
1.005078236852223125e-03,8.235294117647058432e-01,3.294117647058823373e+00
1.005080236852166561e-03,8.235294117647058432e-01,3.137254901960784270e+00
1.005082236852109998e-03,9.019607843137255054e-01,3.294117647058823373e+00
1.005084236852053434e-03,9.019607843137255054e-01,3.176470588235293935e+00
1.005086236851996870e-03,8.627450980392157298e-01,3.294117647058823373e+00
1.005088236851940306e-03,9.019607843137255054e-01,3.254901960784313708e+00
1.005090236851883742e-03,9.019607843137255054e-01,3.137254901960784270e+00
1.005092236851827178e-03,9.019607843137255054e-01,3.333333333333333037e+00
1.005094236851770614e-03,8.235294117647058432e-01,3.215686274509803599e+00
1.005096236851714050e-03,8.627450980392157298e-01,3.254901960784313708e+00
1.005098236851657487e-03,9.019607843137255054e-01,3.254901960784313708e+00
1.005100236851600923e-03,9.411764705882352811e-01,3.137254901960784270e+00
1.005102236851544359e-03,8.235294117647058432e-01,3.333333333333333037e+00
1.005104236851487795e-03,8.627450980392157298e-01,3.137254901960784270e+00
1.005106236851431231e-03,9.019607843137255054e-01,3.254901960784313708e+00
1.005108236851374667e-03,9.019607843137255054e-01,3.254901960784313708e+00
1.005110236851318103e-03,8.627450980392157298e-01,3.215686274509803599e+00
1.005112236851261540e-03,9.019607843137255054e-01,3.294117647058823373e+00
1.005114236851204976e-03,9.019607843137255054e-01,3.176470588235293935e+00
1.005116236851148412e-03,9.411764705882352811e-01,3.215686274509803599e+00
1.005118236851091848e-03,8.627450980392157298e-01,3.294117647058823373e+00
1.005120236851035284e-03,8.235294117647058432e-01,3.137254901960784270e+00
1.005122236850978720e-03,8.627450980392157298e-01,3.333333333333333037e+00
1.005124236850922156e-03,9.411764705882352811e-01,3.176470588235293935e+00
1.005126236850865593e-03,8.627450980392157298e-01,3.294117647058823373e+00
1.005128236850809029e-03,8.627450980392157298e-01,3.176470588235293935e+00
1.005130236850752465e-03,9.019607843137255054e-01,3.176470588235293935e+00
1.005132236850695901e-03,9.411764705882352811e-01,3.333333333333333037e+00
1.005134236850639337e-03,8.627450980392157298e-01,3.215686274509803599e+00
1.005136236850582773e-03,8.627450980392157298e-01,3.215686274509803599e+00
1.005138236850526209e-03,9.019607843137255054e-01,3.254901960784313708e+00
1.005140236850469646e-03,9.019607843137255054e-01,3.176470588235293935e+00
1.005142236850413082e-03,8.235294117647058432e-01,3.333333333333333037e+00
1.005144236850356518e-03,9.019607843137255054e-01,3.137254901960784270e+00
1.005146236850299954e-03,9.411764705882352811e-01,3.254901960784313708e+00
1.005148236850243390e-03,9.411764705882352811e-01,3.254901960784313708e+00
1.005150236850186826e-03,8.627450980392157298e-01,3.215686274509803599e+00
1.005152236850130262e-03,8.627450980392157298e-01,3.294117647058823373e+00
1.005154236850073698e-03,9.019607843137255054e-01,3.176470588235293935e+00
1.005156236850017135e-03,9.411764705882352811e-01,3.215686274509803599e+00
1.005158236849960571e-03,8.627450980392157298e-01,3.294117647058823373e+00
1.005160236849904007e-03,9.019607843137255054e-01,3.137254901960784270e+00
1.005162236849847443e-03,9.019607843137255054e-01,3.372549019607843146e+00
1.005164236849790879e-03,9.411764705882352811e-01,3.176470588235293935e+00
1.005166236849734315e-03,8.627450980392157298e-01,3.294117647058823373e+00
1.005168236849677751e-03,9.019607843137255054e-01,3.176470588235293935e+00
1.005170236849621188e-03,9.019607843137255054e-01,3.176470588235293935e+00
1.005172236849564624e-03,9.411764705882352811e-01,3.333333333333333037e+00
1.005174236849508060e-03,8.627450980392157298e-01,3.215686274509803599e+00
1.005176236849451496e-03,8.627450980392157298e-01,3.254901960784313708e+00
1.005178236849394932e-03,9.019607843137255054e-01,3.254901960784313708e+00
1.005180236849338368e-03,9.411764705882352811e-01,3.137254901960784270e+00
1.005182236849281804e-03,8.235294117647058432e-01,3.294117647058823373e+00
1.005184236849225241e-03,9.019607843137255054e-01,3.137254901960784270e+00
1.005186236849168677e-03,9.019607843137255054e-01,3.254901960784313708e+00
1.005188236849112113e-03,9.411764705882352811e-01,3.254901960784313708e+00
1.005190236849055549e-03,8.235294117647058432e-01,3.176470588235293935e+00
1.005192236848998985e-03,8.627450980392157298e-01,3.294117647058823373e+00
1.005194236848942421e-03,9.019607843137255054e-01,3.176470588235293935e+00
1.005196236848885857e-03,9.411764705882352811e-01,3.215686274509803599e+00
1.005198236848829293e-03,8.627450980392157298e-01,3.294117647058823373e+00
1.005200236848772730e-03,8.627450980392157298e-01,3.176470588235293935e+00
1.005202236848716166e-03,8.627450980392157298e-01,3.372549019607843146e+00
1.005204236848659602e-03,9.411764705882352811e-01,3.176470588235293935e+00
1.005206236848603038e-03,8.627450980392157298e-01,3.294117647058823373e+00
1.005208236848546474e-03,8.627450980392157298e-01,3.254901960784313708e+00
1.005210236848489910e-03,9.019607843137255054e-01,3.176470588235293935e+00
1.005212236848433346e-03,9.411764705882352811e-01,3.333333333333333037e+00
1.005214236848376783e-03,8.627450980392157298e-01,3.215686274509803599e+00
1.005216236848320219e-03,8.627450980392157298e-01,3.176470588235293935e+00
1.005218236848263655e-03,8.627450980392157298e-01,3.254901960784313708e+00
1.005220236848207091e-03,9.411764705882352811e-01,3.176470588235293935e+00
1.005222236848150527e-03,8.235294117647058432e-01,3.333333333333333037e+00
1.005224236848093963e-03,9.019607843137255054e-01,3.137254901960784270e+00
1.005226236848037399e-03,9.019607843137255054e-01,3.254901960784313708e+00
1.005228236847980836e-03,9.411764705882352811e-01,3.294117647058823373e+00
1.005230236847924272e-03,8.627450980392157298e-01,3.176470588235293935e+00
1.005232236847867708e-03,9.019607843137255054e-01,3.294117647058823373e+00
1.005234236847811144e-03,9.019607843137255054e-01,3.215686274509803599e+00
1.005236236847754580e-03,9.411764705882352811e-01,3.215686274509803599e+00
1.005238236847698016e-03,7.843137254901960675e-01,3.294117647058823373e+00
1.005240236847641452e-03,9.019607843137255054e-01,3.176470588235293935e+00
1.005242236847584889e-03,8.627450980392157298e-01,3.294117647058823373e+00
1.005244236847528325e-03,9.411764705882352811e-01,3.176470588235293935e+00
1.005246236847471761e-03,8.627450980392157298e-01,3.294117647058823373e+00
1.005248236847415197e-03,9.411764705882352811e-01,3.215686274509803599e+00
1.005250236847358633e-03,9.019607843137255054e-01,3.176470588235293935e+00
1.005252236847302069e-03,9.019607843137255054e-01,3.333333333333333037e+00
1.005254236847245505e-03,8.235294117647058432e-01,3.215686274509803599e+00
1.005256236847188941e-03,8.627450980392157298e-01,3.254901960784313708e+00
1.005258236847132378e-03,9.019607843137255054e-01,3.254901960784313708e+00
1.005260236847075814e-03,9.411764705882352811e-01,3.137254901960784270e+00
1.005262236847019250e-03,8.235294117647058432e-01,3.294117647058823373e+00
1.005264236846962686e-03,8.627450980392157298e-01,3.137254901960784270e+00
1.005266236846906122e-03,9.019607843137255054e-01,3.254901960784313708e+00
1.005268236846849558e-03,9.019607843137255054e-01,3.254901960784313708e+00
1.005270236846792994e-03,8.627450980392157298e-01,3.176470588235293935e+00
1.005272236846736431e-03,8.627450980392157298e-01,3.294117647058823373e+00
1.005274236846679867e-03,9.019607843137255054e-01,3.176470588235293935e+00
1.005276236846623303e-03,9.803921568627450567e-01,3.215686274509803599e+00
1.005278236846566739e-03,8.627450980392157298e-01,2.901960784313725394e+00
1.005280236846510175e-03,8.627450980392157298e-01,1.254901960784313708e+00
1.005282236846453611e-03,8.627450980392157298e-01,1.568627450980392135e-01
1.005284236846397047e-03,9.411764705882352811e-01,-8.235294117647058432e-01
1.005286236846340484e-03,8.627450980392157298e-01,-8.235294117647058432e-01
1.005288236846283920e-03,8.627450980392157298e-01,-5.098039215686274161e-01
1.005290236846227356e-03,9.411764705882352811e-01,3.921568627450980338e-02
1.005292236846170792e-03,9.411764705882352811e-01,3.137254901960784270e-01
1.005294236846114228e-03,8.627450980392157298e-01,0.000000000000000000e+00
1.005296236846057664e-03,8.235294117647058432e-01,3.921568627450980338e-02
1.005298236846001100e-03,8.627450980392157298e-01,7.843137254901960675e-02
1.005300236845944536e-03,9.411764705882352811e-01,-1.960784313725490169e-01
1.005302236845887973e-03,8.627450980392157298e-01,0.000000000000000000e+00
1.005304236845831409e-03,8.235294117647058432e-01,-7.843137254901960675e-02
1.005306236845774845e-03,9.019607843137255054e-01,3.921568627450980338e-02
1.005308236845718281e-03,9.411764705882352811e-01,3.921568627450980338e-02
1.005310236845661717e-03,8.627450980392157298e-01,0.000000000000000000e+00
1.005312236845605153e-03,8.627450980392157298e-01,1.568627450980392135e-01
1.005314236845548589e-03,9.019607843137255054e-01,-7.843137254901960675e-02
1.005316236845492026e-03,9.411764705882352811e-01,-7.843137254901960675e-02
1.005318236845435462e-03,8.235294117647058432e-01,0.000000000000000000e+00
1.005320236845378898e-03,8.627450980392157298e-01,-1.568627450980392135e-01
1.005322236845322334e-03,9.019607843137255054e-01,7.843137254901960675e-02
1.005324236845265770e-03,9.411764705882352811e-01,-3.921568627450980338e-02
1.005326236845209206e-03,8.235294117647058432e-01,0.000000000000000000e+00
1.005328236845152642e-03,8.627450980392157298e-01,3.921568627450980338e-02
1.005330236845096079e-03,9.411764705882352811e-01,-3.921568627450980338e-02
1.005332236845039515e-03,9.803921568627450567e-01,7.843137254901960675e-02
1.005334236844982951e-03,8.235294117647058432e-01,-3.921568627450980338e-02
1.005336236844926387e-03,9.019607843137255054e-01,3.921568627450980338e-02
1.005338236844869823e-03,9.019607843137255054e-01,3.921568627450980338e-02
1.005340236844813259e-03,9.411764705882352811e-01,-7.843137254901960675e-02
1.005342236844756695e-03,8.627450980392157298e-01,3.921568627450980338e-02
1.005344236844700131e-03,8.627450980392157298e-01,-7.843137254901960675e-02
1.005346236844643568e-03,9.019607843137255054e-01,3.921568627450980338e-02
1.005348236844587004e-03,9.019607843137255054e-01,3.921568627450980338e-02
1.005350236844530440e-03,9.019607843137255054e-01,-7.843137254901960675e-02
1.005352236844473876e-03,9.019607843137255054e-01,3.921568627450980338e-02
1.005354236844417312e-03,9.411764705882352811e-01,-7.843137254901960675e-02
1.005356236844360748e-03,9.411764705882352811e-01,0.000000000000000000e+00
1.005358236844304184e-03,8.627450980392157298e-01,7.843137254901960675e-02
1.005360236844247621e-03,8.627450980392157298e-01,-7.843137254901960675e-02
1.005362236844191057e-03,9.019607843137255054e-01,7.843137254901960675e-02
1.005364236844134493e-03,9.411764705882352811e-01,-3.921568627450980338e-02
1.005366236844077929e-03,8.235294117647058432e-01,0.000000000000000000e+00
1.005368236844021365e-03,9.019607843137255054e-01,0.000000000000000000e+00
1.005370236843964801e-03,9.411764705882352811e-01,0.000000000000000000e+00
1.005372236843908237e-03,9.411764705882352811e-01,3.921568627450980338e-02
1.005374236843851674e-03,8.627450980392157298e-01,-3.921568627450980338e-02
1.005376236843795110e-03,8.627450980392157298e-01,3.921568627450980338e-02
1.005378236843738546e-03,9.019607843137255054e-01,7.843137254901960675e-02
1.005380236843681982e-03,9.411764705882352811e-01,-3.921568627450980338e-02
1.005382236843625418e-03,8.235294117647058432e-01,7.843137254901960675e-02
1.005384236843568854e-03,8.627450980392157298e-01,0.000000000000000000e+00
1.005386236843512290e-03,9.411764705882352811e-01,7.843137254901960675e-02
1.005388236843455727e-03,9.411764705882352811e-01,0.000000000000000000e+00
1.005390236843399163e-03,8.627450980392157298e-01,-7.843137254901960675e-02
1.005392236843342599e-03,9.019607843137255054e-01,3.921568627450980338e-02
1.005394236843286035e-03,8.627450980392157298e-01,-7.843137254901960675e-02
1.005396236843229471e-03,9.411764705882352811e-01,0.000000000000000000e+00
1.005398236843172907e-03,8.627450980392157298e-01,3.921568627450980338e-02
1.005400236843116343e-03,8.627450980392157298e-01,-1.568627450980392135e-01
1.005402236843059779e-03,9.019607843137255054e-01,1.176470588235294101e-01
1.005404236843003216e-03,9.411764705882352811e-01,0.000000000000000000e+00
1.005406236842946652e-03,8.627450980392157298e-01,0.000000000000000000e+00
1.005408236842890088e-03,9.019607843137255054e-01,3.921568627450980338e-02
1.005410236842833524e-03,9.019607843137255054e-01,3.921568627450980338e-02
1.005412236842776960e-03,9.411764705882352811e-01,0.000000000000000000e+00
1.005414236842720396e-03,8.627450980392157298e-01,-3.921568627450980338e-02
1.005416236842663832e-03,9.019607843137255054e-01,3.921568627450980338e-02
1.005418236842607269e-03,8.627450980392157298e-01,3.921568627450980338e-02
1.005420236842550705e-03,9.411764705882352811e-01,-3.921568627450980338e-02
1.005422236842494141e-03,8.627450980392157298e-01,7.843137254901960675e-02
1.005424236842437577e-03,8.627450980392157298e-01,-1.568627450980392135e-01
1.005426236842381013e-03,9.019607843137255054e-01,7.843137254901960675e-02
1.005428236842324449e-03,9.411764705882352811e-01,0.000000000000000000e+00
1.005430236842267885e-03,8.627450980392157298e-01,-7.843137254901960675e-02
1.005432236842211322e-03,8.627450980392157298e-01,7.843137254901960675e-02
1.005434236842154758e-03,9.019607843137255054e-01,-3.921568627450980338e-02
1.005436236842098194e-03,9.411764705882352811e-01,0.000000000000000000e+00
1.005438236842041630e-03,8.627450980392157298e-01,3.921568627450980338e-02
1.005440236841985066e-03,9.019607843137255054e-01,0.000000000000000000e+00
1.005442236841928502e-03,9.019607843137255054e-01,7.843137254901960675e-02
1.005444236841871938e-03,9.411764705882352811e-01,-3.921568627450980338e-02
1.005446236841815374e-03,8.235294117647058432e-01,0.000000000000000000e+00
1.005448236841758811e-03,8.627450980392157298e-01,3.921568627450980338e-02
1.005450236841702247e-03,9.019607843137255054e-01,0.000000000000000000e+00
1.005452236841645683e-03,9.411764705882352811e-01,3.921568627450980338e-02
1.005454236841589119e-03,8.627450980392157298e-01,0.000000000000000000e+00
1.005456236841532555e-03,9.019607843137255054e-01,0.000000000000000000e+00
1.005458236841475991e-03,9.019607843137255054e-01,3.921568627450980338e-02
1.005460236841419427e-03,9.411764705882352811e-01,-7.843137254901960675e-02
1.005462236841362864e-03,8.627450980392157298e-01,7.843137254901960675e-02
1.005464236841306300e-03,9.019607843137255054e-01,0.000000000000000000e+00
1.005466236841249736e-03,9.019607843137255054e-01,1.176470588235294101e-01
1.005468236841193172e-03,9.411764705882352811e-01,3.921568627450980338e-02
1.005470236841136608e-03,8.627450980392157298e-01,-3.921568627450980338e-02
1.005472236841080044e-03,8.235294117647058432e-01,7.843137254901960675e-02
1.005474236841023480e-03,9.019607843137255054e-01,-3.921568627450980338e-02
1.005476236840966917e-03,9.411764705882352811e-01,0.000000000000000000e+00
1.005478236840910353e-03,8.627450980392157298e-01,0.000000000000000000e+00
1.005480236840853789e-03,9.019607843137255054e-01,-1.568627450980392135e-01
1.005482236840797225e-03,9.019607843137255054e-01,7.843137254901960675e-02
1.005484236840740661e-03,9.411764705882352811e-01,-3.921568627450980338e-02
1.005486236840684097e-03,8.627450980392157298e-01,0.000000000000000000e+00
1.005488236840627533e-03,9.019607843137255054e-01,3.921568627450980338e-02
1.005490236840570970e-03,9.411764705882352811e-01,0.000000000000000000e+00
1.005492236840514406e-03,9.411764705882352811e-01,7.843137254901960675e-02
1.005494236840457842e-03,8.627450980392157298e-01,0.000000000000000000e+00
1.005496236840401278e-03,8.627450980392157298e-01,3.921568627450980338e-02
1.005498236840344714e-03,9.019607843137255054e-01,0.000000000000000000e+00
1.005500236840288150e-03,9.411764705882352811e-01,-7.843137254901960675e-02
1.005502236840231586e-03,8.627450980392157298e-01,7.843137254901960675e-02
1.005504236840175022e-03,9.019607843137255054e-01,0.000000000000000000e+00
1.005506236840118459e-03,9.019607843137255054e-01,1.176470588235294101e-01
1.005508236840061895e-03,9.411764705882352811e-01,0.000000000000000000e+00
1.005510236840005331e-03,9.019607843137255054e-01,-7.843137254901960675e-02
1.005512236839948767e-03,8.235294117647058432e-01,7.843137254901960675e-02
1.005514236839892203e-03,9.019607843137255054e-01,-3.921568627450980338e-02
1.005516236839835639e-03,9.411764705882352811e-01,0.000000000000000000e+00
1.005518236839779075e-03,8.627450980392157298e-01,0.000000000000000000e+00
1.005520236839722512e-03,9.019607843137255054e-01,-7.843137254901960675e-02
1.005522236839665948e-03,9.019607843137255054e-01,1.176470588235294101e-01
1.005524236839609384e-03,9.411764705882352811e-01,-3.921568627450980338e-02
1.005526236839552820e-03,8.235294117647058432e-01,0.000000000000000000e+00
1.005528236839496256e-03,9.019607843137255054e-01,3.921568627450980338e-02
1.005530236839439692e-03,9.019607843137255054e-01,-3.921568627450980338e-02
1.005532236839383128e-03,9.019607843137255054e-01,7.843137254901960675e-02
1.005534236839326565e-03,8.627450980392157298e-01,-3.921568627450980338e-02
1.005536236839270001e-03,8.627450980392157298e-01,3.921568627450980338e-02
1.005538236839213437e-03,9.411764705882352811e-01,0.000000000000000000e+00
1.005540236839156873e-03,9.411764705882352811e-01,-7.843137254901960675e-02
1.005542236839100309e-03,8.627450980392157298e-01,7.843137254901960675e-02
1.005544236839043745e-03,9.019607843137255054e-01,-7.843137254901960675e-02
1.005546236838987181e-03,9.411764705882352811e-01,7.843137254901960675e-02
1.005548236838930617e-03,9.411764705882352811e-01,3.921568627450980338e-02
1.005550236838874054e-03,8.235294117647058432e-01,-7.843137254901960675e-02
1.005552236838817490e-03,8.627450980392157298e-01,7.843137254901960675e-02
1.005554236838760926e-03,9.019607843137255054e-01,0.000000000000000000e+00
1.005556236838704362e-03,9.411764705882352811e-01,3.921568627450980338e-02
1.005558236838647798e-03,8.235294117647058432e-01,0.000000000000000000e+00
1.005560236838591234e-03,8.627450980392157298e-01,-7.843137254901960675e-02
1.005562236838534670e-03,8.627450980392157298e-01,7.843137254901960675e-02
1.005564236838478107e-03,9.411764705882352811e-01,-3.921568627450980338e-02
1.005566236838421543e-03,8.235294117647058432e-01,0.000000000000000000e+00
1.005568236838364979e-03,8.235294117647058432e-01,3.921568627450980338e-02
1.005570236838308415e-03,9.019607843137255054e-01,0.000000000000000000e+00
1.005572236838251851e-03,9.411764705882352811e-01,3.921568627450980338e-02
1.005574236838195287e-03,8.235294117647058432e-01,0.000000000000000000e+00
1.005576236838138723e-03,8.627450980392157298e-01,3.921568627450980338e-02
1.005578236838082160e-03,9.019607843137255054e-01,3.921568627450980338e-02
1.005580236838025596e-03,9.411764705882352811e-01,-7.843137254901960675e-02
1.005582236837969032e-03,8.627450980392157298e-01,7.843137254901960675e-02
1.005584236837912468e-03,9.019607843137255054e-01,-3.921568627450980338e-02
1.005586236837855904e-03,8.627450980392157298e-01,3.921568627450980338e-02
1.005588236837799340e-03,9.411764705882352811e-01,3.921568627450980338e-02
1.005590236837742776e-03,8.235294117647058432e-01,-3.921568627450980338e-02
1.005592236837686212e-03,9.019607843137255054e-01,7.843137254901960675e-02
1.005594236837629649e-03,9.411764705882352811e-01,0.000000000000000000e+00
1.005596236837573085e-03,9.411764705882352811e-01,0.000000000000000000e+00
1.005598236837516521e-03,8.235294117647058432e-01,3.921568627450980338e-02
1.005600236837459957e-03,8.235294117647058432e-01,-1.568627450980392135e-01
1.005602236837403393e-03,9.019607843137255054e-01,7.843137254901960675e-02
1.005604236837346829e-03,9.411764705882352811e-01,-3.921568627450980338e-02
1.005606236837290265e-03,8.627450980392157298e-01,0.000000000000000000e+00
1.005608236837233702e-03,8.627450980392157298e-01,7.843137254901960675e-02
1.005610236837177138e-03,9.019607843137255054e-01,-3.921568627450980338e-02
1.005612236837120574e-03,9.411764705882352811e-01,7.843137254901960675e-02
1.005614236837064010e-03,8.627450980392157298e-01,-7.843137254901960675e-02
1.005616236837007446e-03,8.627450980392157298e-01,0.000000000000000000e+00
1.005618236836950882e-03,9.019607843137255054e-01,3.921568627450980338e-02
1.005620236836894318e-03,9.411764705882352811e-01,-7.843137254901960675e-02
1.005622236836837755e-03,8.627450980392157298e-01,7.843137254901960675e-02
1.005624236836781191e-03,9.019607843137255054e-01,-3.921568627450980338e-02
1.005626236836724627e-03,9.019607843137255054e-01,7.843137254901960675e-02
1.005628236836668063e-03,9.411764705882352811e-01,0.000000000000000000e+00
1.005630236836611499e-03,8.235294117647058432e-01,-7.843137254901960675e-02
1.005632236836554935e-03,8.627450980392157298e-01,7.843137254901960675e-02
1.005634236836498371e-03,9.019607843137255054e-01,-3.921568627450980338e-02
1.005636236836441808e-03,9.411764705882352811e-01,0.000000000000000000e+00
1.005638236836385244e-03,8.627450980392157298e-01,3.921568627450980338e-02
1.005640236836328680e-03,8.627450980392157298e-01,-1.568627450980392135e-01
1.005642236836272116e-03,9.019607843137255054e-01,1.568627450980392135e-01
1.005644236836215552e-03,9.411764705882352811e-01,-3.921568627450980338e-02
1.005646236836158988e-03,8.627450980392157298e-01,0.000000000000000000e+00
1.005648236836102424e-03,9.019607843137255054e-01,3.921568627450980338e-02
1.005650236836045860e-03,9.019607843137255054e-01,0.000000000000000000e+00
1.005652236835989297e-03,9.411764705882352811e-01,3.921568627450980338e-02
1.005654236835932733e-03,8.627450980392157298e-01,-3.921568627450980338e-02
1.005656236835876169e-03,8.235294117647058432e-01,3.921568627450980338e-02
1.005658236835819605e-03,9.019607843137255054e-01,3.921568627450980338e-02
1.005660236835763041e-03,9.411764705882352811e-01,-3.921568627450980338e-02
1.005662236835706477e-03,8.235294117647058432e-01,7.843137254901960675e-02
1.005664236835649913e-03,9.019607843137255054e-01,-1.568627450980392135e-01
1.005666236835593350e-03,9.411764705882352811e-01,7.843137254901960675e-02
1.005668236835536786e-03,9.411764705882352811e-01,3.921568627450980338e-02
1.005670236835480222e-03,8.627450980392157298e-01,-7.843137254901960675e-02
1.005672236835423658e-03,8.627450980392157298e-01,7.843137254901960675e-02
1.005674236835367094e-03,9.019607843137255054e-01,-3.921568627450980338e-02
1.005676236835310530e-03,9.411764705882352811e-01,0.000000000000000000e+00
1.005678236835253966e-03,8.627450980392157298e-01,0.000000000000000000e+00
1.005680236835197403e-03,9.019607843137255054e-01,-1.568627450980392135e-01
1.005682236835140839e-03,9.019607843137255054e-01,7.843137254901960675e-02
1.005684236835084275e-03,9.411764705882352811e-01,-3.921568627450980338e-02
1.005686236835027711e-03,8.627450980392157298e-01,0.000000000000000000e+00
1.005688236834971147e-03,8.627450980392157298e-01,3.921568627450980338e-02
1.005690236834914583e-03,9.019607843137255054e-01,0.000000000000000000e+00
1.005692236834858019e-03,9.019607843137255054e-01,0.000000000000000000e+00
1.005694236834801455e-03,8.627450980392157298e-01,-3.921568627450980338e-02
1.005696236834744892e-03,9.019607843137255054e-01,0.000000000000000000e+00
1.005698236834688328e-03,9.019607843137255054e-01,0.000000000000000000e+00
1.005700236834631764e-03,9.411764705882352811e-01,-3.921568627450980338e-02
1.005702236834575200e-03,8.627450980392157298e-01,7.843137254901960675e-02
1.005704236834518636e-03,9.019607843137255054e-01,-3.921568627450980338e-02
1.005706236834462072e-03,9.019607843137255054e-01,1.176470588235294101e-01
1.005708236834405508e-03,9.411764705882352811e-01,0.000000000000000000e+00
1.005710236834348945e-03,8.235294117647058432e-01,-7.843137254901960675e-02
1.005712236834292381e-03,9.019607843137255054e-01,7.843137254901960675e-02
1.005714236834235817e-03,9.019607843137255054e-01,0.000000000000000000e+00
1.005716236834179253e-03,9.411764705882352811e-01,0.000000000000000000e+00
1.005718236834122689e-03,8.627450980392157298e-01,-3.921568627450980338e-02
1.005720236834066125e-03,9.019607843137255054e-01,0.000000000000000000e+00
1.005722236834009561e-03,9.411764705882352811e-01,1.960784313725490446e-01
1.005724236833952998e-03,9.411764705882352811e-01,1.176470588235294101e-01
1.005726236833896434e-03,8.235294117647058432e-01,1.568627450980392135e-01
1.005728236833839870e-03,8.627450980392157298e-01,0.000000000000000000e+00
1.005730236833783306e-03,9.019607843137255054e-01,-1.960784313725490169e-01
1.005732236833726742e-03,9.411764705882352811e-01,-1.960784313725490169e-01
1.005734236833670178e-03,9.019607843137255054e-01,-1.568627450980392135e-01
1.005736236833613614e-03,9.019607843137255054e-01,3.921568627450980338e-02
1.005738236833557050e-03,9.019607843137255054e-01,1.176470588235294101e-01
1.005740236833500487e-03,9.411764705882352811e-01,0.000000000000000000e+00
1.005742236833443923e-03,8.627450980392157298e-01,7.843137254901960675e-02
1.005744236833387359e-03,8.627450980392157298e-01,-7.843137254901960675e-02
1.005746236833330795e-03,9.019607843137255054e-01,7.843137254901960675e-02
1.005748236833274231e-03,9.411764705882352811e-01,3.921568627450980338e-02
1.005750236833217667e-03,8.627450980392157298e-01,-3.921568627450980338e-02
1.005752236833161103e-03,8.235294117647058432e-01,1.176470588235294101e-01
1.005754236833104540e-03,9.411764705882352811e-01,-3.921568627450980338e-02
1.005756236833047976e-03,9.411764705882352811e-01,0.000000000000000000e+00
1.005758236832991412e-03,7.843137254901960675e-01,0.000000000000000000e+00
1.005760236832934848e-03,9.411764705882352811e-01,-1.568627450980392135e-01
1.005762236832878284e-03,9.019607843137255054e-01,3.921568627450980338e-02
1.005764236832821720e-03,9.411764705882352811e-01,-3.921568627450980338e-02
1.005766236832765156e-03,8.627450980392157298e-01,0.000000000000000000e+00
1.005768236832708593e-03,8.627450980392157298e-01,7.843137254901960675e-02
1.005770236832652029e-03,9.019607843137255054e-01,0.000000000000000000e+00
1.005772236832595465e-03,9.411764705882352811e-01,7.843137254901960675e-02
1.005774236832538901e-03,8.627450980392157298e-01,0.000000000000000000e+00
1.005776236832482337e-03,8.627450980392157298e-01,3.921568627450980338e-02
1.005778236832425773e-03,8.627450980392157298e-01,7.843137254901960675e-02
1.005780236832369209e-03,9.411764705882352811e-01,-7.843137254901960675e-02
1.005782236832312646e-03,8.627450980392157298e-01,7.843137254901960675e-02
1.005784236832256082e-03,9.019607843137255054e-01,-1.568627450980392135e-01
1.005786236832199518e-03,9.019607843137255054e-01,7.843137254901960675e-02
1.005788236832142954e-03,9.411764705882352811e-01,0.000000000000000000e+00
1.005790236832086390e-03,8.235294117647058432e-01,-7.843137254901960675e-02
1.005792236832029826e-03,8.235294117647058432e-01,7.843137254901960675e-02
1.005794236831973262e-03,9.019607843137255054e-01,0.000000000000000000e+00
1.005796236831916698e-03,9.411764705882352811e-01,3.921568627450980338e-02
1.005798236831860135e-03,8.627450980392157298e-01,3.921568627450980338e-02
1.005800236831803571e-03,9.019607843137255054e-01,-1.568627450980392135e-01
1.005802236831747007e-03,8.627450980392157298e-01,1.176470588235294101e-01
1.005804236831690443e-03,9.411764705882352811e-01,0.000000000000000000e+00
1.005806236831633879e-03,8.627450980392157298e-01,-3.921568627450980338e-02
1.005808236831577315e-03,8.627450980392157298e-01,3.921568627450980338e-02
1.005810236831520751e-03,9.019607843137255054e-01,-3.921568627450980338e-02
1.005812236831464188e-03,9.411764705882352811e-01,7.843137254901960675e-02
1.005814236831407624e-03,8.627450980392157298e-01,-3.921568627450980338e-02
1.005816236831351060e-03,9.019607843137255054e-01,7.843137254901960675e-02
1.005818236831294496e-03,9.411764705882352811e-01,3.921568627450980338e-02
1.005820236831237932e-03,9.411764705882352811e-01,-7.843137254901960675e-02
1.005822236831181368e-03,8.235294117647058432e-01,7.843137254901960675e-02
1.005824236831124804e-03,9.019607843137255054e-01,-7.843137254901960675e-02
1.005826236831068241e-03,9.019607843137255054e-01,7.843137254901960675e-02
1.005828236831011677e-03,9.019607843137255054e-01,3.921568627450980338e-02
1.005830236830955113e-03,8.627450980392157298e-01,-3.921568627450980338e-02
1.005832236830898549e-03,8.627450980392157298e-01,7.843137254901960675e-02
1.005834236830841985e-03,9.019607843137255054e-01,0.000000000000000000e+00
1.005836236830785421e-03,9.411764705882352811e-01,0.000000000000000000e+00
1.005838236830728857e-03,8.627450980392157298e-01,3.921568627450980338e-02
1.005840236830672293e-03,9.019607843137255054e-01,-1.568627450980392135e-01
1.005842236830615730e-03,9.019607843137255054e-01,1.176470588235294101e-01
1.005844236830559166e-03,9.411764705882352811e-01,-7.843137254901960675e-02
1.005846236830502602e-03,8.235294117647058432e-01,0.000000000000000000e+00
1.005848236830446038e-03,8.627450980392157298e-01,3.921568627450980338e-02
1.005850236830389474e-03,9.019607843137255054e-01,-3.921568627450980338e-02
1.005852236830332910e-03,9.411764705882352811e-01,7.843137254901960675e-02
1.005854236830276346e-03,8.235294117647058432e-01,0.000000000000000000e+00
1.005856236830219783e-03,9.019607843137255054e-01,3.921568627450980338e-02
1.005858236830163219e-03,8.627450980392157298e-01,3.921568627450980338e-02
1.005860236830106655e-03,9.411764705882352811e-01,-7.843137254901960675e-02
1.005862236830050091e-03,8.235294117647058432e-01,7.843137254901960675e-02
1.005864236829993527e-03,9.019607843137255054e-01,0.000000000000000000e+00
1.005866236829936963e-03,9.019607843137255054e-01,1.176470588235294101e-01
1.005868236829880399e-03,9.411764705882352811e-01,3.921568627450980338e-02
1.005870236829823836e-03,8.627450980392157298e-01,-7.843137254901960675e-02
1.005872236829767272e-03,9.019607843137255054e-01,3.921568627450980338e-02
1.005874236829710708e-03,9.019607843137255054e-01,-3.921568627450980338e-02
1.005876236829654144e-03,9.411764705882352811e-01,-3.921568627450980338e-02
1.005878236829597580e-03,8.627450980392157298e-01,3.921568627450980338e-02
1.005880236829541016e-03,8.627450980392157298e-01,-1.568627450980392135e-01
1.005882236829484452e-03,9.019607843137255054e-01,7.843137254901960675e-02
1.005884236829427889e-03,9.019607843137255054e-01,-3.921568627450980338e-02
1.005886236829371325e-03,8.627450980392157298e-01,0.000000000000000000e+00
1.005888236829314761e-03,8.627450980392157298e-01,3.921568627450980338e-02
1.005890236829258197e-03,9.019607843137255054e-01,-3.921568627450980338e-02
1.005892236829201633e-03,9.411764705882352811e-01,7.843137254901960675e-02
1.005894236829145069e-03,8.235294117647058432e-01,-7.843137254901960675e-02
1.005896236829088505e-03,8.627450980392157298e-01,7.843137254901960675e-02
1.005898236829031941e-03,9.019607843137255054e-01,7.843137254901960675e-02
1.005900236828975378e-03,9.411764705882352811e-01,-7.843137254901960675e-02
1.005902236828918814e-03,8.235294117647058432e-01,7.843137254901960675e-02
1.005904236828862250e-03,8.627450980392157298e-01,-7.843137254901960675e-02
1.005906236828805686e-03,9.411764705882352811e-01,1.176470588235294101e-01
1.005908236828749122e-03,9.411764705882352811e-01,3.921568627450980338e-02
1.005910236828692558e-03,8.627450980392157298e-01,-7.843137254901960675e-02
1.005912236828635994e-03,8.627450980392157298e-01,3.921568627450980338e-02
1.005914236828579431e-03,9.019607843137255054e-01,-3.921568627450980338e-02
1.005916236828522867e-03,9.411764705882352811e-01,0.000000000000000000e+00
1.005918236828466303e-03,8.627450980392157298e-01,7.843137254901960675e-02
1.005920236828409739e-03,8.627450980392157298e-01,-7.843137254901960675e-02
1.005922236828353175e-03,9.019607843137255054e-01,7.843137254901960675e-02
1.005924236828296611e-03,9.411764705882352811e-01,-7.843137254901960675e-02
1.005926236828240047e-03,8.627450980392157298e-01,0.000000000000000000e+00
1.005928236828183484e-03,9.019607843137255054e-01,3.921568627450980338e-02
1.005930236828126920e-03,9.019607843137255054e-01,0.000000000000000000e+00
1.005932236828070356e-03,9.411764705882352811e-01,7.843137254901960675e-02
1.005934236828013792e-03,8.627450980392157298e-01,-3.921568627450980338e-02
1.005936236827957228e-03,9.019607843137255054e-01,3.921568627450980338e-02
1.005938236827900664e-03,9.019607843137255054e-01,7.843137254901960675e-02
1.005940236827844100e-03,9.411764705882352811e-01,-7.843137254901960675e-02
1.005942236827787536e-03,8.235294117647058432e-01,7.843137254901960675e-02
1.005944236827730973e-03,9.019607843137255054e-01,0.000000000000000000e+00
1.005946236827674409e-03,9.411764705882352811e-01,1.176470588235294101e-01
1.005948236827617845e-03,9.411764705882352811e-01,0.000000000000000000e+00
1.005950236827561281e-03,8.627450980392157298e-01,-7.843137254901960675e-02
1.005952236827504717e-03,8.627450980392157298e-01,7.843137254901960675e-02
1.005954236827448153e-03,9.019607843137255054e-01,-3.921568627450980338e-02
1.005956236827391589e-03,9.803921568627450567e-01,0.000000000000000000e+00
1.005958236827335026e-03,8.627450980392157298e-01,0.000000000000000000e+00
1.005960236827278462e-03,9.019607843137255054e-01,-7.843137254901960675e-02
1.005962236827221898e-03,9.019607843137255054e-01,1.176470588235294101e-01
1.005964236827165334e-03,9.411764705882352811e-01,-3.921568627450980338e-02
1.005966236827108770e-03,8.627450980392157298e-01,0.000000000000000000e+00
1.005968236827052206e-03,8.627450980392157298e-01,3.921568627450980338e-02
1.005970236826995642e-03,9.019607843137255054e-01,0.000000000000000000e+00
1.005972236826939079e-03,9.019607843137255054e-01,3.921568627450980338e-02
1.005974236826882515e-03,8.627450980392157298e-01,0.000000000000000000e+00
1.005976236826825951e-03,9.019607843137255054e-01,3.921568627450980338e-02
1.005978236826769387e-03,8.627450980392157298e-01,3.921568627450980338e-02
1.005980236826712823e-03,9.411764705882352811e-01,-7.843137254901960675e-02
1.005982236826656259e-03,8.235294117647058432e-01,7.843137254901960675e-02
1.005984236826599695e-03,8.627450980392157298e-01,-3.921568627450980338e-02
1.005986236826543131e-03,9.019607843137255054e-01,7.843137254901960675e-02
1.005988236826486568e-03,9.411764705882352811e-01,0.000000000000000000e+00
1.005990236826430004e-03,8.627450980392157298e-01,-3.921568627450980338e-02
1.005992236826373440e-03,9.019607843137255054e-01,7.843137254901960675e-02
1.005994236826316876e-03,9.019607843137255054e-01,-3.921568627450980338e-02
1.005996236826260312e-03,9.411764705882352811e-01,0.000000000000000000e+00
1.005998236826203748e-03,8.627450980392157298e-01,3.921568627450980338e-02
1.006000236826147184e-03,9.019607843137255054e-01,-1.568627450980392135e-01
1.006002236826090621e-03,9.019607843137255054e-01,1.176470588235294101e-01
1.006004236826034057e-03,9.411764705882352811e-01,-3.921568627450980338e-02
1.006006236825977493e-03,8.627450980392157298e-01,0.000000000000000000e+00
1.006008236825920929e-03,8.627450980392157298e-01,3.921568627450980338e-02
1.006010236825864365e-03,9.019607843137255054e-01,-3.921568627450980338e-02
1.006012236825807801e-03,9.411764705882352811e-01,7.843137254901960675e-02
1.006014236825751237e-03,8.627450980392157298e-01,-3.921568627450980338e-02
1.006016236825694674e-03,9.019607843137255054e-01,3.921568627450980338e-02
1.006018236825638110e-03,9.019607843137255054e-01,3.921568627450980338e-02
1.006020236825581546e-03,9.411764705882352811e-01,-7.843137254901960675e-02
1.006022236825524982e-03,8.235294117647058432e-01,7.843137254901960675e-02
1.006024236825468418e-03,8.235294117647058432e-01,-7.843137254901960675e-02
1.006026236825411854e-03,9.019607843137255054e-01,7.843137254901960675e-02
1.006028236825355290e-03,9.411764705882352811e-01,0.000000000000000000e+00
1.006030236825298727e-03,8.627450980392157298e-01,-7.843137254901960675e-02
1.006032236825242163e-03,9.019607843137255054e-01,7.843137254901960675e-02
1.006034236825185599e-03,9.019607843137255054e-01,-3.921568627450980338e-02
1.006036236825129035e-03,9.411764705882352811e-01,0.000000000000000000e+00
1.006038236825072471e-03,8.627450980392157298e-01,3.921568627450980338e-02
1.006040236825015907e-03,9.019607843137255054e-01,-1.568627450980392135e-01
1.006042236824959343e-03,9.019607843137255054e-01,7.843137254901960675e-02
1.006044236824902779e-03,9.411764705882352811e-01,0.000000000000000000e+00
1.006046236824846216e-03,8.627450980392157298e-01,0.000000000000000000e+00
1.006048236824789652e-03,8.627450980392157298e-01,7.843137254901960675e-02
1.006050236824733088e-03,9.019607843137255054e-01,0.000000000000000000e+00
1.006052236824676524e-03,9.411764705882352811e-01,3.921568627450980338e-02
1.006054236824619960e-03,8.627450980392157298e-01,-3.921568627450980338e-02
1.006056236824563396e-03,8.627450980392157298e-01,3.921568627450980338e-02
1.006058236824506832e-03,9.019607843137255054e-01,3.921568627450980338e-02
1.006060236824450269e-03,9.411764705882352811e-01,-7.843137254901960675e-02
1.006062236824393705e-03,8.627450980392157298e-01,7.843137254901960675e-02
1.006064236824337141e-03,9.019607843137255054e-01,-3.921568627450980338e-02
1.006066236824280577e-03,9.019607843137255054e-01,7.843137254901960675e-02
1.006068236824224013e-03,9.411764705882352811e-01,3.921568627450980338e-02
1.006070236824167449e-03,8.627450980392157298e-01,-3.921568627450980338e-02
1.006072236824110885e-03,8.627450980392157298e-01,7.843137254901960675e-02
1.006074236824054322e-03,9.019607843137255054e-01,0.000000000000000000e+00
1.006076236823997758e-03,9.411764705882352811e-01,0.000000000000000000e+00
1.006078236823941194e-03,8.627450980392157298e-01,3.921568627450980338e-02
1.006080236823884630e-03,8.627450980392157298e-01,-3.921568627450980338e-02
1.006082236823828066e-03,9.019607843137255054e-01,7.843137254901960675e-02
1.006084236823771502e-03,9.411764705882352811e-01,-3.921568627450980338e-02
1.006086236823714938e-03,9.019607843137255054e-01,0.000000000000000000e+00
1.006088236823658374e-03,9.019607843137255054e-01,7.843137254901960675e-02
1.006090236823601811e-03,9.019607843137255054e-01,0.000000000000000000e+00
1.006092236823545247e-03,9.019607843137255054e-01,0.000000000000000000e+00
1.006094236823488683e-03,8.627450980392157298e-01,-7.843137254901960675e-02
1.006096236823432119e-03,8.627450980392157298e-01,0.000000000000000000e+00
1.006098236823375555e-03,9.019607843137255054e-01,3.921568627450980338e-02
1.006100236823318991e-03,9.411764705882352811e-01,-7.843137254901960675e-02
1.006102236823262427e-03,8.627450980392157298e-01,7.843137254901960675e-02
1.006104236823205864e-03,9.019607843137255054e-01,-7.843137254901960675e-02
1.006106236823149300e-03,9.019607843137255054e-01,7.843137254901960675e-02
1.006108236823092736e-03,9.411764705882352811e-01,0.000000000000000000e+00
1.006110236823036172e-03,8.235294117647058432e-01,-3.921568627450980338e-02
1.006112236822979608e-03,8.627450980392157298e-01,3.921568627450980338e-02
1.006114236822923044e-03,9.019607843137255054e-01,-3.921568627450980338e-02
1.006116236822866480e-03,9.411764705882352811e-01,-3.921568627450980338e-02
1.006118236822809917e-03,8.627450980392157298e-01,3.921568627450980338e-02
1.006120236822753353e-03,8.235294117647058432e-01,-1.568627450980392135e-01
1.006122236822696789e-03,9.019607843137255054e-01,7.843137254901960675e-02
1.006124236822640225e-03,9.411764705882352811e-01,0.000000000000000000e+00
1.006126236822583661e-03,8.235294117647058432e-01,0.000000000000000000e+00
1.006128236822527097e-03,8.235294117647058432e-01,3.921568627450980338e-02
1.006130236822470533e-03,9.019607843137255054e-01,0.000000000000000000e+00
1.006132236822413970e-03,9.411764705882352811e-01,3.921568627450980338e-02
1.006134236822357406e-03,8.627450980392157298e-01,-7.843137254901960675e-02
1.006136236822300842e-03,8.627450980392157298e-01,0.000000000000000000e+00
1.006138236822244278e-03,9.019607843137255054e-01,3.921568627450980338e-02
1.006140236822187714e-03,9.411764705882352811e-01,-7.843137254901960675e-02
1.006142236822131150e-03,8.235294117647058432e-01,7.843137254901960675e-02
1.006144236822074586e-03,9.019607843137255054e-01,-7.843137254901960675e-02
1.006146236822018022e-03,8.627450980392157298e-01,7.843137254901960675e-02
1.006148236821961459e-03,9.411764705882352811e-01,0.000000000000000000e+00
1.006150236821904895e-03,9.019607843137255054e-01,-7.843137254901960675e-02
1.006152236821848331e-03,8.627450980392157298e-01,7.843137254901960675e-02
1.006154236821791767e-03,9.019607843137255054e-01,-3.921568627450980338e-02
1.006156236821735203e-03,9.411764705882352811e-01,0.000000000000000000e+00
1.006158236821678639e-03,8.235294117647058432e-01,3.921568627450980338e-02
1.006160236821622075e-03,9.019607843137255054e-01,-1.568627450980392135e-01
1.006162236821565512e-03,9.019607843137255054e-01,7.843137254901960675e-02
1.006164236821508948e-03,9.411764705882352811e-01,-3.921568627450980338e-02
1.006166236821452384e-03,8.235294117647058432e-01,0.000000000000000000e+00
1.006168236821395820e-03,9.019607843137255054e-01,3.921568627450980338e-02
1.006170236821339256e-03,9.019607843137255054e-01,0.000000000000000000e+00
1.006172236821282692e-03,9.019607843137255054e-01,7.843137254901960675e-02
1.006174236821226128e-03,8.627450980392157298e-01,-3.921568627450980338e-02
1.006176236821169565e-03,9.019607843137255054e-01,0.000000000000000000e+00
1.006178236821113001e-03,8.627450980392157298e-01,3.921568627450980338e-02
1.006180236821056437e-03,9.411764705882352811e-01,-3.921568627450980338e-02
1.006182236820999873e-03,8.627450980392157298e-01,7.843137254901960675e-02
1.006184236820943309e-03,9.019607843137255054e-01,-3.921568627450980338e-02
1.006186236820886745e-03,9.019607843137255054e-01,7.843137254901960675e-02
1.006188236820830181e-03,9.411764705882352811e-01,3.921568627450980338e-02
1.006190236820773617e-03,8.235294117647058432e-01,-7.843137254901960675e-02
1.006192236820717054e-03,8.627450980392157298e-01,7.843137254901960675e-02
1.006194236820660490e-03,9.019607843137255054e-01,-3.921568627450980338e-02
1.006196236820603926e-03,9.411764705882352811e-01,0.000000000000000000e+00
1.006198236820547362e-03,8.235294117647058432e-01,3.921568627450980338e-02
1.006200236820490798e-03,9.019607843137255054e-01,-1.568627450980392135e-01
1.006202236820434234e-03,9.411764705882352811e-01,7.843137254901960675e-02
1.006204236820377670e-03,9.411764705882352811e-01,-3.921568627450980338e-02
1.006206236820321107e-03,8.627450980392157298e-01,0.000000000000000000e+00
1.006208236820264543e-03,8.627450980392157298e-01,3.921568627450980338e-02
1.006210236820207979e-03,9.411764705882352811e-01,0.000000000000000000e+00
1.006212236820151415e-03,9.411764705882352811e-01,3.921568627450980338e-02
1.006214236820094851e-03,8.627450980392157298e-01,-3.921568627450980338e-02
1.006216236820038287e-03,8.235294117647058432e-01,3.921568627450980338e-02
1.006218236819981723e-03,9.019607843137255054e-01,7.843137254901960675e-02
1.006220236819925160e-03,9.411764705882352811e-01,-7.843137254901960675e-02
1.006222236819868596e-03,8.627450980392157298e-01,7.843137254901960675e-02
1.006224236819812032e-03,9.019607843137255054e-01,0.000000000000000000e+00
1.006226236819755468e-03,9.019607843137255054e-01,7.843137254901960675e-02
1.006228236819698904e-03,9.411764705882352811e-01,7.843137254901960675e-02
1.006230236819642340e-03,8.235294117647058432e-01,-7.843137254901960675e-02
1.006232236819585776e-03,8.627450980392157298e-01,7.843137254901960675e-02
1.006234236819529212e-03,9.411764705882352811e-01,-3.921568627450980338e-02
1.006236236819472649e-03,9.803921568627450567e-01,0.000000000000000000e+00
1.006238236819416085e-03,8.235294117647058432e-01,3.921568627450980338e-02
1.006240236819359521e-03,9.019607843137255054e-01,-1.568627450980392135e-01
1.006242236819302957e-03,9.019607843137255054e-01,1.176470588235294101e-01
1.006244236819246393e-03,9.019607843137255054e-01,-3.921568627450980338e-02
1.006246236819189829e-03,8.627450980392157298e-01,0.000000000000000000e+00
1.006248236819133265e-03,9.019607843137255054e-01,3.921568627450980338e-02
1.006250236819076702e-03,9.019607843137255054e-01,0.000000000000000000e+00
1.006252236819020138e-03,9.019607843137255054e-01,0.000000000000000000e+00
1.006254236818963574e-03,8.235294117647058432e-01,-3.921568627450980338e-02
1.006256236818907010e-03,8.627450980392157298e-01,0.000000000000000000e+00
1.006258236818850446e-03,9.019607843137255054e-01,3.921568627450980338e-02
1.006260236818793882e-03,9.411764705882352811e-01,-7.843137254901960675e-02
1.006262236818737318e-03,8.627450980392157298e-01,7.843137254901960675e-02
1.006264236818680755e-03,9.019607843137255054e-01,-1.568627450980392135e-01
1.006266236818624191e-03,9.019607843137255054e-01,7.843137254901960675e-02
1.006268236818567627e-03,9.411764705882352811e-01,3.921568627450980338e-02
1.006270236818511063e-03,8.235294117647058432e-01,-7.843137254901960675e-02
1.006272236818454499e-03,9.019607843137255054e-01,1.176470588235294101e-01
1.006274236818397935e-03,9.019607843137255054e-01,-3.921568627450980338e-02
1.006276236818341371e-03,9.411764705882352811e-01,0.000000000000000000e+00
1.006278236818284808e-03,8.235294117647058432e-01,0.000000000000000000e+00
1.006280236818228244e-03,9.019607843137255054e-01,0.000000000000000000e+00
1.006282236818171680e-03,9.019607843137255054e-01,1.176470588235294101e-01
1.006284236818115116e-03,9.411764705882352811e-01,-3.921568627450980338e-02
1.006286236818058552e-03,8.235294117647058432e-01,0.000000000000000000e+00
1.006288236818001988e-03,9.019607843137255054e-01,3.921568627450980338e-02
1.006290236817945424e-03,9.019607843137255054e-01,0.000000000000000000e+00
1.006292236817888860e-03,9.019607843137255054e-01,7.843137254901960675e-02
1.006294236817832297e-03,8.627450980392157298e-01,-3.921568627450980338e-02
1.006296236817775733e-03,9.019607843137255054e-01,0.000000000000000000e+00
1.006298236817719169e-03,9.019607843137255054e-01,3.921568627450980338e-02
1.006300236817662605e-03,9.411764705882352811e-01,-1.568627450980392135e-01
1.006302236817606041e-03,8.235294117647058432e-01,7.843137254901960675e-02
1.006304236817549477e-03,8.627450980392157298e-01,-3.921568627450980338e-02
1.006306236817492913e-03,9.019607843137255054e-01,7.843137254901960675e-02
1.006308236817436350e-03,9.411764705882352811e-01,3.921568627450980338e-02
1.006310236817379786e-03,8.627450980392157298e-01,-3.921568627450980338e-02
1.006312236817323222e-03,9.019607843137255054e-01,7.843137254901960675e-02
1.006314236817266658e-03,9.019607843137255054e-01,0.000000000000000000e+00
1.006316236817210094e-03,9.411764705882352811e-01,3.921568627450980338e-02
1.006318236817153530e-03,8.235294117647058432e-01,3.921568627450980338e-02
1.006320236817096966e-03,9.019607843137255054e-01,-7.843137254901960675e-02
1.006322236817040403e-03,9.019607843137255054e-01,1.176470588235294101e-01
1.006324236816983839e-03,9.411764705882352811e-01,0.000000000000000000e+00
1.006326236816927275e-03,8.235294117647058432e-01,0.000000000000000000e+00
1.006328236816870711e-03,8.627450980392157298e-01,3.921568627450980338e-02
1.006330236816814147e-03,9.019607843137255054e-01,0.000000000000000000e+00
1.006332236816757583e-03,9.411764705882352811e-01,7.843137254901960675e-02
1.006334236816701019e-03,8.627450980392157298e-01,-3.921568627450980338e-02
1.006336236816644455e-03,9.019607843137255054e-01,0.000000000000000000e+00
1.006338236816587892e-03,9.019607843137255054e-01,3.921568627450980338e-02
1.006340236816531328e-03,9.411764705882352811e-01,-7.843137254901960675e-02
1.006342236816474764e-03,8.235294117647058432e-01,7.843137254901960675e-02
1.006344236816418200e-03,9.019607843137255054e-01,-7.843137254901960675e-02
1.006346236816361636e-03,9.019607843137255054e-01,1.176470588235294101e-01
1.006348236816305072e-03,9.411764705882352811e-01,0.000000000000000000e+00
1.006350236816248508e-03,8.627450980392157298e-01,-7.843137254901960675e-02
1.006352236816191945e-03,8.627450980392157298e-01,7.843137254901960675e-02
1.006354236816135381e-03,9.019607843137255054e-01,-3.921568627450980338e-02
1.006356236816078817e-03,9.411764705882352811e-01,3.921568627450980338e-02
1.006358236816022253e-03,8.627450980392157298e-01,3.921568627450980338e-02
1.006360236815965689e-03,8.627450980392157298e-01,-1.568627450980392135e-01
1.006362236815909125e-03,9.019607843137255054e-01,7.843137254901960675e-02
1.006364236815852561e-03,9.411764705882352811e-01,0.000000000000000000e+00
1.006366236815795998e-03,8.235294117647058432e-01,0.000000000000000000e+00
1.006368236815739434e-03,8.627450980392157298e-01,3.921568627450980338e-02
1.006370236815682870e-03,9.411764705882352811e-01,0.000000000000000000e+00
1.006372236815626306e-03,9.411764705882352811e-01,3.921568627450980338e-02
1.006374236815569742e-03,8.627450980392157298e-01,-3.921568627450980338e-02
1.006376236815513178e-03,8.235294117647058432e-01,3.921568627450980338e-02
1.006378236815456614e-03,8.627450980392157298e-01,0.000000000000000000e+00
1.006380236815400050e-03,9.411764705882352811e-01,-7.843137254901960675e-02
1.006382236815343487e-03,8.235294117647058432e-01,7.843137254901960675e-02
1.006384236815286923e-03,9.019607843137255054e-01,0.000000000000000000e+00
1.006386236815230359e-03,9.019607843137255054e-01,1.176470588235294101e-01
1.006388236815173795e-03,9.019607843137255054e-01,7.843137254901960675e-02
1.006390236815117231e-03,8.627450980392157298e-01,-7.843137254901960675e-02
1.006392236815060667e-03,8.627450980392157298e-01,7.843137254901960675e-02
1.006394236815004103e-03,9.411764705882352811e-01,0.000000000000000000e+00
1.006396236814947540e-03,9.411764705882352811e-01,0.000000000000000000e+00
1.006398236814890976e-03,9.019607843137255054e-01,7.843137254901960675e-02
1.006400236814834412e-03,8.627450980392157298e-01,-1.568627450980392135e-01
1.006402236814777848e-03,9.019607843137255054e-01,7.843137254901960675e-02
1.006404236814721284e-03,9.411764705882352811e-01,-3.921568627450980338e-02
1.006406236814664720e-03,8.235294117647058432e-01,0.000000000000000000e+00
1.006408236814608156e-03,8.627450980392157298e-01,3.921568627450980338e-02
1.006410236814551593e-03,9.019607843137255054e-01,0.000000000000000000e+00
1.006412236814495029e-03,9.411764705882352811e-01,3.921568627450980338e-02
1.006414236814438465e-03,8.627450980392157298e-01,-3.921568627450980338e-02
1.006416236814381901e-03,8.235294117647058432e-01,0.000000000000000000e+00
1.006418236814325337e-03,8.627450980392157298e-01,3.921568627450980338e-02
1.006420236814268773e-03,9.411764705882352811e-01,-7.843137254901960675e-02
1.006422236814212209e-03,8.627450980392157298e-01,7.843137254901960675e-02
1.006424236814155646e-03,9.019607843137255054e-01,-1.568627450980392135e-01
1.006426236814099082e-03,9.019607843137255054e-01,1.176470588235294101e-01
1.006428236814042518e-03,9.411764705882352811e-01,3.921568627450980338e-02
1.006430236813985954e-03,8.235294117647058432e-01,-7.843137254901960675e-02
1.006432236813929390e-03,8.627450980392157298e-01,1.176470588235294101e-01
1.006434236813872826e-03,9.019607843137255054e-01,-3.921568627450980338e-02
1.006436236813816262e-03,9.411764705882352811e-01,-3.921568627450980338e-02
1.006438236813759698e-03,8.235294117647058432e-01,3.921568627450980338e-02
1.006440236813703135e-03,9.019607843137255054e-01,-3.921568627450980338e-02
1.006442236813646571e-03,8.627450980392157298e-01,1.176470588235294101e-01
1.006444236813590007e-03,9.411764705882352811e-01,-3.921568627450980338e-02
1.006446236813533443e-03,8.627450980392157298e-01,0.000000000000000000e+00
1.006448236813476879e-03,9.019607843137255054e-01,3.921568627450980338e-02
1.006450236813420315e-03,9.019607843137255054e-01,0.000000000000000000e+00
1.006452236813363751e-03,9.411764705882352811e-01,0.000000000000000000e+00
1.006454236813307188e-03,8.235294117647058432e-01,-3.921568627450980338e-02
1.006456236813250624e-03,9.019607843137255054e-01,0.000000000000000000e+00
1.006458236813194060e-03,9.019607843137255054e-01,3.921568627450980338e-02
1.006460236813137496e-03,9.411764705882352811e-01,-7.843137254901960675e-02
1.006462236813080932e-03,8.627450980392157298e-01,7.843137254901960675e-02
1.006464236813024368e-03,9.019607843137255054e-01,-3.921568627450980338e-02
1.006466236812967804e-03,9.019607843137255054e-01,7.843137254901960675e-02
1.006468236812911241e-03,9.019607843137255054e-01,0.000000000000000000e+00
1.006470236812854677e-03,8.627450980392157298e-01,-7.843137254901960675e-02
1.006472236812798113e-03,9.019607843137255054e-01,7.843137254901960675e-02
1.006474236812741549e-03,9.019607843137255054e-01,0.000000000000000000e+00
1.006476236812684985e-03,9.411764705882352811e-01,3.921568627450980338e-02
1.006478236812628421e-03,8.235294117647058432e-01,0.000000000000000000e+00
1.006480236812571857e-03,8.627450980392157298e-01,-7.843137254901960675e-02
1.006482236812515293e-03,9.411764705882352811e-01,1.176470588235294101e-01
1.006484236812458730e-03,9.411764705882352811e-01,-3.921568627450980338e-02
1.006486236812402166e-03,8.235294117647058432e-01,0.000000000000000000e+00
1.006488236812345602e-03,9.019607843137255054e-01,3.921568627450980338e-02
1.006490236812289038e-03,9.019607843137255054e-01,0.000000000000000000e+00
1.006492236812232474e-03,9.411764705882352811e-01,3.921568627450980338e-02
1.006494236812175910e-03,8.627450980392157298e-01,-3.921568627450980338e-02
1.006496236812119346e-03,8.627450980392157298e-01,0.000000000000000000e+00
1.006498236812062783e-03,8.627450980392157298e-01,7.843137254901960675e-02
1.006500236812006219e-03,9.411764705882352811e-01,-7.843137254901960675e-02
1.006502236811949655e-03,8.627450980392157298e-01,1.176470588235294101e-01
1.006504236811893091e-03,9.019607843137255054e-01,-1.568627450980392135e-01
1.006506236811836527e-03,9.019607843137255054e-01,7.843137254901960675e-02
1.006508236811779963e-03,9.411764705882352811e-01,3.921568627450980338e-02
1.006510236811723399e-03,8.627450980392157298e-01,-7.843137254901960675e-02
1.006512236811666836e-03,9.019607843137255054e-01,7.843137254901960675e-02
1.006514236811610272e-03,9.019607843137255054e-01,0.000000000000000000e+00
1.006516236811553708e-03,9.411764705882352811e-01,0.000000000000000000e+00
1.006518236811497144e-03,8.235294117647058432e-01,0.000000000000000000e+00
1.006520236811440580e-03,9.019607843137255054e-01,-1.568627450980392135e-01
1.006522236811384016e-03,9.019607843137255054e-01,1.176470588235294101e-01
1.006524236811327452e-03,9.411764705882352811e-01,0.000000000000000000e+00
1.006526236811270889e-03,8.235294117647058432e-01,0.000000000000000000e+00
1.006528236811214325e-03,8.627450980392157298e-01,3.921568627450980338e-02
1.006530236811157761e-03,8.627450980392157298e-01,0.000000000000000000e+00
1.006532236811101197e-03,9.411764705882352811e-01,3.921568627450980338e-02
1.006534236811044633e-03,8.627450980392157298e-01,0.000000000000000000e+00
1.006536236810988069e-03,9.019607843137255054e-01,0.000000000000000000e+00
1.006538236810931505e-03,9.019607843137255054e-01,7.843137254901960675e-02
1.006540236810874941e-03,9.411764705882352811e-01,-7.843137254901960675e-02
1.006542236810818378e-03,8.235294117647058432e-01,7.843137254901960675e-02
1.006544236810761814e-03,8.235294117647058432e-01,-7.843137254901960675e-02
1.006546236810705250e-03,9.019607843137255054e-01,7.843137254901960675e-02
1.006548236810648686e-03,9.019607843137255054e-01,3.921568627450980338e-02
1.006550236810592122e-03,8.627450980392157298e-01,-3.921568627450980338e-02
1.006552236810535558e-03,8.235294117647058432e-01,7.843137254901960675e-02
1.006554236810478994e-03,8.627450980392157298e-01,0.000000000000000000e+00
1.006556236810422431e-03,9.411764705882352811e-01,0.000000000000000000e+00
1.006558236810365867e-03,8.235294117647058432e-01,3.921568627450980338e-02
1.006560236810309303e-03,8.627450980392157298e-01,0.000000000000000000e+00
1.006562236810252739e-03,9.019607843137255054e-01,1.176470588235294101e-01
1.006564236810196175e-03,9.411764705882352811e-01,0.000000000000000000e+00
1.006566236810139611e-03,8.627450980392157298e-01,0.000000000000000000e+00
1.006568236810083047e-03,8.235294117647058432e-01,7.843137254901960675e-02
1.006570236810026484e-03,9.019607843137255054e-01,-3.921568627450980338e-02
1.006572236809969920e-03,9.411764705882352811e-01,7.843137254901960675e-02
1.006574236809913356e-03,8.627450980392157298e-01,-3.921568627450980338e-02
1.006576236809856792e-03,9.019607843137255054e-01,0.000000000000000000e+00
1.006578236809800228e-03,9.019607843137255054e-01,3.921568627450980338e-02
1.006580236809743664e-03,9.411764705882352811e-01,-7.843137254901960675e-02
1.006582236809687100e-03,8.627450980392157298e-01,7.843137254901960675e-02
1.006584236809630536e-03,8.627450980392157298e-01,0.000000000000000000e+00
1.006586236809573973e-03,9.019607843137255054e-01,7.843137254901960675e-02
1.006588236809517409e-03,9.019607843137255054e-01,3.921568627450980338e-02
1.006590236809460845e-03,8.627450980392157298e-01,-3.921568627450980338e-02
1.006592236809404281e-03,8.627450980392157298e-01,3.921568627450980338e-02
1.006594236809347717e-03,9.019607843137255054e-01,-3.921568627450980338e-02
1.006596236809291153e-03,9.411764705882352811e-01,0.000000000000000000e+00
1.006598236809234589e-03,8.627450980392157298e-01,3.921568627450980338e-02
1.006600236809178026e-03,9.019607843137255054e-01,0.000000000000000000e+00
1.006602236809121462e-03,9.019607843137255054e-01,7.843137254901960675e-02
1.006604236809064898e-03,9.411764705882352811e-01,0.000000000000000000e+00
1.006606236809008334e-03,8.235294117647058432e-01,0.000000000000000000e+00
1.006608236808951770e-03,8.627450980392157298e-01,3.921568627450980338e-02
1.006610236808895206e-03,9.019607843137255054e-01,0.000000000000000000e+00
1.006612236808838642e-03,9.411764705882352811e-01,3.921568627450980338e-02
1.006614236808782079e-03,8.627450980392157298e-01,-3.921568627450980338e-02
1.006616236808725515e-03,8.627450980392157298e-01,3.921568627450980338e-02
1.006618236808668951e-03,9.019607843137255054e-01,3.921568627450980338e-02
1.006620236808612387e-03,9.019607843137255054e-01,-3.921568627450980338e-02
1.006622236808555823e-03,8.235294117647058432e-01,7.843137254901960675e-02
1.006624236808499259e-03,9.019607843137255054e-01,-3.921568627450980338e-02
1.006626236808442695e-03,9.019607843137255054e-01,1.176470588235294101e-01
1.006628236808386131e-03,9.411764705882352811e-01,0.000000000000000000e+00
1.006630236808329568e-03,8.627450980392157298e-01,-3.921568627450980338e-02
1.006632236808273004e-03,8.627450980392157298e-01,3.921568627450980338e-02
1.006634236808216440e-03,9.019607843137255054e-01,-3.921568627450980338e-02
1.006636236808159876e-03,9.411764705882352811e-01,0.000000000000000000e+00
1.006638236808103312e-03,8.627450980392157298e-01,7.843137254901960675e-02
1.006640236808046748e-03,9.019607843137255054e-01,-7.843137254901960675e-02
1.006642236807990184e-03,8.627450980392157298e-01,7.843137254901960675e-02
1.006644236807933621e-03,9.411764705882352811e-01,0.000000000000000000e+00
1.006646236807877057e-03,8.235294117647058432e-01,0.000000000000000000e+00
1.006648236807820493e-03,8.627450980392157298e-01,7.843137254901960675e-02
1.006650236807763929e-03,9.019607843137255054e-01,3.921568627450980338e-02
1.006652236807707365e-03,9.411764705882352811e-01,3.921568627450980338e-02
1.006654236807650801e-03,8.627450980392157298e-01,-7.843137254901960675e-02
1.006656236807594237e-03,9.019607843137255054e-01,0.000000000000000000e+00
1.006658236807537674e-03,9.019607843137255054e-01,3.921568627450980338e-02
1.006660236807481110e-03,9.411764705882352811e-01,-7.843137254901960675e-02
1.006662236807424546e-03,8.627450980392157298e-01,7.843137254901960675e-02
1.006664236807367982e-03,9.411764705882352811e-01,-3.921568627450980338e-02
1.006666236807311418e-03,9.019607843137255054e-01,1.176470588235294101e-01
1.006668236807254854e-03,9.411764705882352811e-01,3.921568627450980338e-02
1.006670236807198290e-03,8.627450980392157298e-01,-7.843137254901960675e-02
1.006672236807141727e-03,8.627450980392157298e-01,1.176470588235294101e-01
1.006674236807085163e-03,9.019607843137255054e-01,-3.921568627450980338e-02
1.006676236807028599e-03,9.411764705882352811e-01,0.000000000000000000e+00
1.006678236806972035e-03,8.627450980392157298e-01,3.921568627450980338e-02
1.006680236806915471e-03,9.019607843137255054e-01,-1.568627450980392135e-01
1.006682236806858907e-03,8.627450980392157298e-01,1.176470588235294101e-01
1.006684236806802343e-03,9.411764705882352811e-01,-3.921568627450980338e-02
1.006686236806745779e-03,8.627450980392157298e-01,0.000000000000000000e+00
1.006688236806689216e-03,8.627450980392157298e-01,3.921568627450980338e-02
1.006690236806632652e-03,9.019607843137255054e-01,0.000000000000000000e+00
1.006692236806576088e-03,9.411764705882352811e-01,3.921568627450980338e-02
1.006694236806519524e-03,8.627450980392157298e-01,-7.843137254901960675e-02
1.006696236806462960e-03,8.627450980392157298e-01,3.921568627450980338e-02
1.006698236806406396e-03,9.019607843137255054e-01,7.843137254901960675e-02
1.006700236806349832e-03,9.411764705882352811e-01,-7.843137254901960675e-02
1.006702236806293269e-03,8.627450980392157298e-01,7.843137254901960675e-02
1.006704236806236705e-03,8.627450980392157298e-01,0.000000000000000000e+00
1.006706236806180141e-03,9.019607843137255054e-01,7.843137254901960675e-02
1.006708236806123577e-03,9.411764705882352811e-01,0.000000000000000000e+00
1.006710236806067013e-03,8.627450980392157298e-01,-7.843137254901960675e-02
1.006712236806010449e-03,9.019607843137255054e-01,3.921568627450980338e-02
1.006714236805953885e-03,9.019607843137255054e-01,-3.921568627450980338e-02
1.006716236805897322e-03,9.411764705882352811e-01,0.000000000000000000e+00
1.006718236805840758e-03,8.627450980392157298e-01,3.921568627450980338e-02
1.006720236805784194e-03,8.627450980392157298e-01,-7.843137254901960675e-02
1.006722236805727630e-03,9.411764705882352811e-01,7.843137254901960675e-02
1.006724236805671066e-03,9.411764705882352811e-01,0.000000000000000000e+00
1.006726236805614502e-03,8.627450980392157298e-01,0.000000000000000000e+00
1.006728236805557938e-03,8.627450980392157298e-01,7.843137254901960675e-02
1.006730236805501374e-03,9.019607843137255054e-01,0.000000000000000000e+00
1.006732236805444811e-03,9.019607843137255054e-01,3.921568627450980338e-02
1.006734236805388247e-03,8.627450980392157298e-01,-3.921568627450980338e-02
1.006736236805331683e-03,8.627450980392157298e-01,0.000000000000000000e+00
1.006738236805275119e-03,9.411764705882352811e-01,3.921568627450980338e-02
1.006740236805218555e-03,9.411764705882352811e-01,-7.843137254901960675e-02
1.006742236805161991e-03,8.235294117647058432e-01,7.843137254901960675e-02
1.006744236805105427e-03,9.019607843137255054e-01,-3.921568627450980338e-02
1.006746236805048864e-03,9.019607843137255054e-01,7.843137254901960675e-02
1.006748236804992300e-03,9.411764705882352811e-01,7.843137254901960675e-02
1.006750236804935736e-03,8.627450980392157298e-01,-7.843137254901960675e-02
1.006752236804879172e-03,9.019607843137255054e-01,7.843137254901960675e-02
1.006754236804822608e-03,9.019607843137255054e-01,-3.921568627450980338e-02
1.006756236804766044e-03,9.411764705882352811e-01,0.000000000000000000e+00
1.006758236804709480e-03,8.235294117647058432e-01,0.000000000000000000e+00
1.006760236804652917e-03,9.019607843137255054e-01,-1.568627450980392135e-01
1.006762236804596353e-03,9.019607843137255054e-01,1.176470588235294101e-01
1.006764236804539789e-03,9.411764705882352811e-01,0.000000000000000000e+00
1.006766236804483225e-03,8.235294117647058432e-01,0.000000000000000000e+00
1.006768236804426661e-03,9.019607843137255054e-01,7.843137254901960675e-02
1.006770236804370097e-03,9.019607843137255054e-01,0.000000000000000000e+00
1.006772236804313533e-03,9.411764705882352811e-01,3.921568627450980338e-02
1.006774236804256970e-03,8.235294117647058432e-01,0.000000000000000000e+00
1.006776236804200406e-03,8.235294117647058432e-01,0.000000000000000000e+00
1.006778236804143842e-03,8.627450980392157298e-01,3.921568627450980338e-02
1.006780236804087278e-03,9.411764705882352811e-01,-7.843137254901960675e-02
1.006782236804030714e-03,8.235294117647058432e-01,7.843137254901960675e-02
1.006784236803974150e-03,9.019607843137255054e-01,-1.568627450980392135e-01
1.006786236803917586e-03,9.019607843137255054e-01,1.176470588235294101e-01
1.006788236803861022e-03,9.411764705882352811e-01,3.921568627450980338e-02
1.006790236803804459e-03,8.627450980392157298e-01,-7.843137254901960675e-02
1.006792236803747895e-03,8.627450980392157298e-01,1.176470588235294101e-01
1.006794236803691331e-03,9.019607843137255054e-01,0.000000000000000000e+00
1.006796236803634767e-03,9.411764705882352811e-01,0.000000000000000000e+00
1.006798236803578203e-03,8.627450980392157298e-01,3.921568627450980338e-02
1.006800236803521639e-03,8.627450980392157298e-01,-3.921568627450980338e-02
1.006802236803465075e-03,9.019607843137255054e-01,7.843137254901960675e-02
1.006804236803408512e-03,9.411764705882352811e-01,0.000000000000000000e+00
1.006806236803351948e-03,8.235294117647058432e-01,0.000000000000000000e+00
1.006808236803295384e-03,8.627450980392157298e-01,3.921568627450980338e-02
1.006810236803238820e-03,9.019607843137255054e-01,-3.921568627450980338e-02
1.006812236803182256e-03,9.411764705882352811e-01,7.843137254901960675e-02
1.006814236803125692e-03,8.235294117647058432e-01,-3.921568627450980338e-02
1.006816236803069128e-03,8.627450980392157298e-01,3.921568627450980338e-02
1.006818236803012565e-03,8.627450980392157298e-01,3.921568627450980338e-02
1.006820236802956001e-03,9.411764705882352811e-01,-7.843137254901960675e-02
1.006822236802899437e-03,8.235294117647058432e-01,7.843137254901960675e-02
1.006824236802842873e-03,8.627450980392157298e-01,-7.843137254901960675e-02
1.006826236802786309e-03,9.019607843137255054e-01,1.176470588235294101e-01
1.006828236802729745e-03,9.411764705882352811e-01,0.000000000000000000e+00
1.006830236802673181e-03,9.019607843137255054e-01,-7.843137254901960675e-02
1.006832236802616617e-03,8.627450980392157298e-01,3.921568627450980338e-02
1.006834236802560054e-03,9.411764705882352811e-01,-3.921568627450980338e-02
1.006836236802503490e-03,9.411764705882352811e-01,0.000000000000000000e+00
1.006838236802446926e-03,8.235294117647058432e-01,3.921568627450980338e-02
1.006840236802390362e-03,9.019607843137255054e-01,-1.568627450980392135e-01
1.006842236802333798e-03,9.019607843137255054e-01,7.843137254901960675e-02
1.006844236802277234e-03,9.411764705882352811e-01,0.000000000000000000e+00
1.006846236802220670e-03,8.235294117647058432e-01,-3.921568627450980338e-02
1.006848236802164107e-03,8.627450980392157298e-01,3.921568627450980338e-02
1.006850236802107543e-03,9.019607843137255054e-01,0.000000000000000000e+00
1.006852236802050979e-03,9.411764705882352811e-01,7.843137254901960675e-02
1.006854236801994415e-03,8.627450980392157298e-01,0.000000000000000000e+00
1.006856236801937851e-03,8.627450980392157298e-01,3.921568627450980338e-02
1.006858236801881287e-03,8.627450980392157298e-01,3.921568627450980338e-02
1.006860236801824723e-03,9.411764705882352811e-01,-7.843137254901960675e-02
1.006862236801768160e-03,8.235294117647058432e-01,7.843137254901960675e-02
1.006864236801711596e-03,8.627450980392157298e-01,-7.843137254901960675e-02
1.006866236801655032e-03,9.019607843137255054e-01,7.843137254901960675e-02
1.006868236801598468e-03,9.019607843137255054e-01,3.921568627450980338e-02
1.006870236801541904e-03,8.235294117647058432e-01,-7.843137254901960675e-02
1.006872236801485340e-03,9.019607843137255054e-01,7.843137254901960675e-02
1.006874236801428776e-03,9.019607843137255054e-01,-3.921568627450980338e-02
1.006876236801372212e-03,9.411764705882352811e-01,0.000000000000000000e+00
1.006878236801315649e-03,8.235294117647058432e-01,3.921568627450980338e-02
1.006880236801259085e-03,8.627450980392157298e-01,-7.843137254901960675e-02
1.006882236801202521e-03,9.019607843137255054e-01,1.568627450980392135e-01
1.006884236801145957e-03,9.411764705882352811e-01,-7.843137254901960675e-02
1.006886236801089393e-03,8.627450980392157298e-01,0.000000000000000000e+00
1.006888236801032829e-03,9.019607843137255054e-01,3.921568627450980338e-02
1.006890236800976265e-03,9.019607843137255054e-01,0.000000000000000000e+00
1.006892236800919702e-03,9.411764705882352811e-01,7.843137254901960675e-02
1.006894236800863138e-03,8.235294117647058432e-01,-7.843137254901960675e-02
1.006896236800806574e-03,8.627450980392157298e-01,7.843137254901960675e-02
1.006898236800750010e-03,8.627450980392157298e-01,3.921568627450980338e-02
1.006900236800693446e-03,9.411764705882352811e-01,-7.843137254901960675e-02
1.006902236800636882e-03,8.627450980392157298e-01,7.843137254901960675e-02
1.006904236800580318e-03,9.019607843137255054e-01,0.000000000000000000e+00
1.006906236800523755e-03,9.019607843137255054e-01,7.843137254901960675e-02
1.006908236800467191e-03,9.019607843137255054e-01,0.000000000000000000e+00
1.006910236800410627e-03,9.019607843137255054e-01,-7.843137254901960675e-02
1.006912236800354063e-03,9.019607843137255054e-01,7.843137254901960675e-02
1.006914236800297499e-03,9.019607843137255054e-01,-3.921568627450980338e-02
1.006916236800240935e-03,9.411764705882352811e-01,0.000000000000000000e+00
1.006918236800184371e-03,8.627450980392157298e-01,3.921568627450980338e-02
1.006920236800127808e-03,8.627450980392157298e-01,0.000000000000000000e+00
1.006922236800071244e-03,9.019607843137255054e-01,1.176470588235294101e-01
1.006924236800014680e-03,9.411764705882352811e-01,-7.843137254901960675e-02
1.006926236799958116e-03,8.627450980392157298e-01,0.000000000000000000e+00
1.006928236799901552e-03,8.235294117647058432e-01,3.921568627450980338e-02
1.006930236799844988e-03,9.019607843137255054e-01,0.000000000000000000e+00
1.006932236799788424e-03,9.019607843137255054e-01,3.921568627450980338e-02
1.006934236799731860e-03,8.627450980392157298e-01,-3.921568627450980338e-02
1.006936236799675297e-03,9.019607843137255054e-01,3.921568627450980338e-02
1.006938236799618733e-03,8.627450980392157298e-01,1.176470588235294101e-01
1.006940236799562169e-03,9.803921568627450567e-01,-7.843137254901960675e-02
1.006942236799505605e-03,8.235294117647058432e-01,7.843137254901960675e-02
1.006944236799449041e-03,8.235294117647058432e-01,-3.921568627450980338e-02
1.006946236799392477e-03,8.627450980392157298e-01,7.843137254901960675e-02
1.006948236799335913e-03,9.019607843137255054e-01,3.921568627450980338e-02
1.006950236799279350e-03,8.627450980392157298e-01,-7.843137254901960675e-02
1.006952236799222786e-03,8.627450980392157298e-01,7.843137254901960675e-02
1.006954236799166222e-03,8.627450980392157298e-01,-3.921568627450980338e-02
1.006956236799109658e-03,9.411764705882352811e-01,0.000000000000000000e+00
1.006958236799053094e-03,8.627450980392157298e-01,0.000000000000000000e+00
1.006960236798996530e-03,9.019607843137255054e-01,-1.568627450980392135e-01
1.006962236798939966e-03,9.019607843137255054e-01,1.176470588235294101e-01
1.006964236798883403e-03,9.411764705882352811e-01,0.000000000000000000e+00
1.006966236798826839e-03,8.627450980392157298e-01,0.000000000000000000e+00
1.006968236798770275e-03,8.627450980392157298e-01,7.843137254901960675e-02
1.006970236798713711e-03,9.019607843137255054e-01,0.000000000000000000e+00
1.006972236798657147e-03,9.019607843137255054e-01,3.921568627450980338e-02
1.006974236798600583e-03,8.627450980392157298e-01,0.000000000000000000e+00
1.006976236798544019e-03,9.019607843137255054e-01,0.000000000000000000e+00
1.006978236798487455e-03,9.019607843137255054e-01,3.921568627450980338e-02
1.006980236798430892e-03,9.411764705882352811e-01,-3.921568627450980338e-02
1.006982236798374328e-03,8.627450980392157298e-01,7.843137254901960675e-02
1.006984236798317764e-03,8.627450980392157298e-01,-3.921568627450980338e-02
1.006986236798261200e-03,8.627450980392157298e-01,1.176470588235294101e-01
1.006988236798204636e-03,9.411764705882352811e-01,3.921568627450980338e-02
1.006990236798148072e-03,8.627450980392157298e-01,-7.843137254901960675e-02
1.006992236798091508e-03,8.627450980392157298e-01,7.843137254901960675e-02
1.006994236798034945e-03,9.019607843137255054e-01,0.000000000000000000e+00
1.006996236797978381e-03,9.411764705882352811e-01,0.000000000000000000e+00
1.006998236797921817e-03,8.627450980392157298e-01,3.921568627450980338e-02
1.007000236797865253e-03,9.019607843137255054e-01,0.000000000000000000e+00
1.007002236797808689e-03,8.627450980392157298e-01,7.843137254901960675e-02
1.007004236797752125e-03,9.411764705882352811e-01,0.000000000000000000e+00
1.007006236797695561e-03,8.235294117647058432e-01,0.000000000000000000e+00
1.007008236797638998e-03,8.235294117647058432e-01,3.921568627450980338e-02
1.007010236797582434e-03,9.019607843137255054e-01,-3.921568627450980338e-02
1.007012236797525870e-03,9.411764705882352811e-01,7.843137254901960675e-02
1.007014236797469306e-03,8.627450980392157298e-01,0.000000000000000000e+00
1.007016236797412742e-03,8.627450980392157298e-01,3.921568627450980338e-02
1.007018236797356178e-03,9.019607843137255054e-01,3.921568627450980338e-02
1.007020236797299614e-03,9.019607843137255054e-01,-7.843137254901960675e-02
1.007022236797243050e-03,8.235294117647058432e-01,7.843137254901960675e-02
1.007024236797186487e-03,9.411764705882352811e-01,0.000000000000000000e+00
1.007026236797129923e-03,9.019607843137255054e-01,1.176470588235294101e-01
1.007028236797073359e-03,9.411764705882352811e-01,3.921568627450980338e-02
1.007030236797016795e-03,8.627450980392157298e-01,-7.843137254901960675e-02
1.007032236796960231e-03,8.235294117647058432e-01,3.921568627450980338e-02
1.007034236796903667e-03,9.019607843137255054e-01,-3.921568627450980338e-02
1.007036236796847103e-03,9.411764705882352811e-01,0.000000000000000000e+00
1.007038236796790540e-03,8.235294117647058432e-01,3.921568627450980338e-02
1.007040236796733976e-03,8.627450980392157298e-01,-3.921568627450980338e-02
1.007042236796677412e-03,9.019607843137255054e-01,7.843137254901960675e-02
1.007044236796620848e-03,9.803921568627450567e-01,0.000000000000000000e+00
1.007046236796564284e-03,8.627450980392157298e-01,0.000000000000000000e+00
1.007048236796507720e-03,8.627450980392157298e-01,3.921568627450980338e-02
1.007050236796451156e-03,9.019607843137255054e-01,-3.921568627450980338e-02
1.007052236796394593e-03,9.411764705882352811e-01,7.843137254901960675e-02
1.007054236796338029e-03,8.235294117647058432e-01,0.000000000000000000e+00
1.007056236796281465e-03,8.627450980392157298e-01,3.921568627450980338e-02
1.007058236796224901e-03,8.627450980392157298e-01,3.921568627450980338e-02
1.007060236796168337e-03,9.411764705882352811e-01,-7.843137254901960675e-02
1.007062236796111773e-03,8.235294117647058432e-01,7.843137254901960675e-02
1.007064236796055209e-03,8.627450980392157298e-01,0.000000000000000000e+00
1.007066236795998646e-03,9.019607843137255054e-01,1.176470588235294101e-01
1.007068236795942082e-03,9.411764705882352811e-01,3.921568627450980338e-02
1.007070236795885518e-03,8.627450980392157298e-01,-3.921568627450980338e-02
1.007072236795828954e-03,8.627450980392157298e-01,7.843137254901960675e-02
1.007074236795772390e-03,8.627450980392157298e-01,-3.921568627450980338e-02
1.007076236795715826e-03,9.019607843137255054e-01,0.000000000000000000e+00
1.007078236795659262e-03,8.627450980392157298e-01,0.000000000000000000e+00
1.007080236795602698e-03,9.019607843137255054e-01,-1.568627450980392135e-01
1.007082236795546135e-03,9.019607843137255054e-01,1.176470588235294101e-01
1.007084236795489571e-03,9.411764705882352811e-01,0.000000000000000000e+00
1.007086236795433007e-03,8.235294117647058432e-01,0.000000000000000000e+00
1.007088236795376443e-03,8.627450980392157298e-01,7.843137254901960675e-02
1.007090236795319879e-03,9.019607843137255054e-01,-3.921568627450980338e-02
1.007092236795263315e-03,9.411764705882352811e-01,7.843137254901960675e-02
1.007094236795206751e-03,8.627450980392157298e-01,-7.843137254901960675e-02
1.007096236795150188e-03,8.627450980392157298e-01,3.921568627450980338e-02
1.007098236795093624e-03,9.019607843137255054e-01,7.843137254901960675e-02
1.007100236795037060e-03,9.411764705882352811e-01,-7.843137254901960675e-02
1.007102236794980496e-03,8.627450980392157298e-01,7.843137254901960675e-02
1.007104236794923932e-03,9.019607843137255054e-01,0.000000000000000000e+00
1.007106236794867368e-03,9.019607843137255054e-01,7.843137254901960675e-02
1.007108236794810804e-03,9.411764705882352811e-01,0.000000000000000000e+00
1.007110236794754241e-03,8.235294117647058432e-01,-3.921568627450980338e-02
1.007112236794697677e-03,8.627450980392157298e-01,7.843137254901960675e-02
1.007114236794641113e-03,9.019607843137255054e-01,-3.921568627450980338e-02
1.007116236794584549e-03,9.411764705882352811e-01,0.000000000000000000e+00
1.007118236794527985e-03,8.627450980392157298e-01,3.921568627450980338e-02
1.007120236794471421e-03,9.019607843137255054e-01,-7.843137254901960675e-02
1.007122236794414857e-03,9.019607843137255054e-01,1.176470588235294101e-01
1.007124236794358293e-03,9.411764705882352811e-01,0.000000000000000000e+00
1.007126236794301730e-03,8.627450980392157298e-01,-3.921568627450980338e-02
1.007128236794245166e-03,8.627450980392157298e-01,3.921568627450980338e-02
1.007130236794188602e-03,9.019607843137255054e-01,3.921568627450980338e-02
1.007132236794132038e-03,9.411764705882352811e-01,3.921568627450980338e-02
1.007134236794075474e-03,8.627450980392157298e-01,-3.921568627450980338e-02
1.007136236794018910e-03,8.627450980392157298e-01,3.921568627450980338e-02
1.007138236793962346e-03,9.019607843137255054e-01,3.921568627450980338e-02
1.007140236793905783e-03,9.411764705882352811e-01,-7.843137254901960675e-02
1.007142236793849219e-03,8.627450980392157298e-01,7.843137254901960675e-02
1.007144236793792655e-03,9.019607843137255054e-01,-3.921568627450980338e-02
1.007146236793736091e-03,9.019607843137255054e-01,3.921568627450980338e-02
1.007148236793679527e-03,9.411764705882352811e-01,0.000000000000000000e+00
1.007150236793622963e-03,8.235294117647058432e-01,-3.921568627450980338e-02
1.007152236793566399e-03,8.627450980392157298e-01,7.843137254901960675e-02
1.007154236793509836e-03,9.019607843137255054e-01,-3.921568627450980338e-02
1.007156236793453272e-03,9.411764705882352811e-01,0.000000000000000000e+00
1.007158236793396708e-03,8.627450980392157298e-01,3.921568627450980338e-02
1.007160236793340144e-03,9.019607843137255054e-01,-1.568627450980392135e-01
1.007162236793283580e-03,9.019607843137255054e-01,1.176470588235294101e-01
1.007164236793227016e-03,9.411764705882352811e-01,-7.843137254901960675e-02
1.007166236793170452e-03,8.235294117647058432e-01,0.000000000000000000e+00
1.007168236793113889e-03,8.627450980392157298e-01,3.921568627450980338e-02
1.007170236793057325e-03,9.019607843137255054e-01,-7.843137254901960675e-02
1.007172236793000761e-03,9.411764705882352811e-01,7.843137254901960675e-02
1.007174236792944197e-03,8.627450980392157298e-01,-3.921568627450980338e-02
1.007176236792887633e-03,8.627450980392157298e-01,0.000000000000000000e+00
1.007178236792831069e-03,9.019607843137255054e-01,3.921568627450980338e-02
1.007180236792774505e-03,9.411764705882352811e-01,-7.843137254901960675e-02
1.007182236792717941e-03,8.235294117647058432e-01,7.843137254901960675e-02
1.007184236792661378e-03,8.627450980392157298e-01,0.000000000000000000e+00
1.007186236792604814e-03,9.019607843137255054e-01,1.176470588235294101e-01
1.007188236792548250e-03,9.411764705882352811e-01,3.921568627450980338e-02
1.007190236792491686e-03,8.235294117647058432e-01,-3.921568627450980338e-02
1.007192236792435122e-03,9.019607843137255054e-01,7.843137254901960675e-02
1.007194236792378558e-03,9.019607843137255054e-01,0.000000000000000000e+00
1.007196236792321994e-03,9.411764705882352811e-01,0.000000000000000000e+00
1.007198236792265431e-03,8.627450980392157298e-01,3.921568627450980338e-02
1.007200236792208867e-03,9.019607843137255054e-01,-1.568627450980392135e-01
1.007202236792152303e-03,9.019607843137255054e-01,1.176470588235294101e-01
1.007204236792095739e-03,9.411764705882352811e-01,3.921568627450980338e-02
1.007206236792039175e-03,8.627450980392157298e-01,0.000000000000000000e+00
1.007208236791982611e-03,8.235294117647058432e-01,3.921568627450980338e-02
1.007210236791926047e-03,9.019607843137255054e-01,0.000000000000000000e+00
1.007212236791869484e-03,9.411764705882352811e-01,3.921568627450980338e-02
1.007214236791812920e-03,8.627450980392157298e-01,-3.921568627450980338e-02
1.007216236791756356e-03,8.627450980392157298e-01,3.921568627450980338e-02
1.007218236791699792e-03,8.627450980392157298e-01,7.843137254901960675e-02
1.007220236791643228e-03,9.411764705882352811e-01,-3.921568627450980338e-02
1.007222236791586664e-03,8.627450980392157298e-01,7.843137254901960675e-02
1.007224236791530100e-03,9.019607843137255054e-01,0.000000000000000000e+00
1.007226236791473536e-03,9.019607843137255054e-01,7.843137254901960675e-02
1.007228236791416973e-03,9.411764705882352811e-01,0.000000000000000000e+00
1.007230236791360409e-03,8.235294117647058432e-01,-7.843137254901960675e-02
1.007232236791303845e-03,8.627450980392157298e-01,3.921568627450980338e-02
1.007234236791247281e-03,9.411764705882352811e-01,0.000000000000000000e+00
1.007236236791190717e-03,9.411764705882352811e-01,0.000000000000000000e+00
1.007238236791134153e-03,8.627450980392157298e-01,7.843137254901960675e-02
1.007240236791077589e-03,8.627450980392157298e-01,0.000000000000000000e+00
1.007242236791021026e-03,9.019607843137255054e-01,7.843137254901960675e-02
1.007244236790964462e-03,9.411764705882352811e-01,-3.921568627450980338e-02
1.007246236790907898e-03,8.627450980392157298e-01,0.000000000000000000e+00
1.007248236790851334e-03,9.019607843137255054e-01,3.921568627450980338e-02
1.007250236790794770e-03,9.019607843137255054e-01,0.000000000000000000e+00
1.007252236790738206e-03,9.019607843137255054e-01,0.000000000000000000e+00
1.007254236790681642e-03,8.627450980392157298e-01,0.000000000000000000e+00
1.007256236790625079e-03,8.235294117647058432e-01,0.000000000000000000e+00
1.007258236790568515e-03,9.019607843137255054e-01,3.921568627450980338e-02
1.007260236790511951e-03,9.411764705882352811e-01,-7.843137254901960675e-02
1.007262236790455387e-03,8.627450980392157298e-01,7.843137254901960675e-02
1.007264236790398823e-03,8.627450980392157298e-01,-3.921568627450980338e-02
1.007266236790342259e-03,8.627450980392157298e-01,7.843137254901960675e-02
1.007268236790285695e-03,9.411764705882352811e-01,7.843137254901960675e-02
1.007270236790229131e-03,8.235294117647058432e-01,-3.921568627450980338e-02
1.007272236790172568e-03,8.627450980392157298e-01,7.843137254901960675e-02
1.007274236790116004e-03,9.411764705882352811e-01,-3.921568627450980338e-02
1.007276236790059440e-03,9.411764705882352811e-01,0.000000000000000000e+00
1.007278236790002876e-03,8.235294117647058432e-01,3.921568627450980338e-02
1.007280236789946312e-03,9.019607843137255054e-01,-7.843137254901960675e-02
1.007282236789889748e-03,9.019607843137255054e-01,1.176470588235294101e-01
1.007284236789833184e-03,9.411764705882352811e-01,0.000000000000000000e+00
1.007286236789776621e-03,8.627450980392157298e-01,0.000000000000000000e+00
1.007288236789720057e-03,8.235294117647058432e-01,7.843137254901960675e-02
1.007290236789663493e-03,9.019607843137255054e-01,-3.921568627450980338e-02
1.007292236789606929e-03,9.411764705882352811e-01,7.843137254901960675e-02
1.007294236789550365e-03,8.627450980392157298e-01,-3.921568627450980338e-02
1.007296236789493801e-03,9.019607843137255054e-01,3.921568627450980338e-02
1.007298236789437237e-03,9.019607843137255054e-01,7.843137254901960675e-02
1.007300236789380674e-03,9.019607843137255054e-01,-7.843137254901960675e-02
1.007302236789324110e-03,8.627450980392157298e-01,7.843137254901960675e-02
1.007304236789267546e-03,8.627450980392157298e-01,-1.568627450980392135e-01
1.007306236789210982e-03,8.627450980392157298e-01,1.176470588235294101e-01
1.007308236789154418e-03,9.411764705882352811e-01,3.921568627450980338e-02
1.007310236789097854e-03,8.627450980392157298e-01,-3.921568627450980338e-02
1.007312236789041290e-03,8.627450980392157298e-01,1.176470588235294101e-01
1.007314236788984727e-03,9.019607843137255054e-01,0.000000000000000000e+00
1.007316236788928163e-03,9.411764705882352811e-01,0.000000000000000000e+00
1.007318236788871599e-03,8.235294117647058432e-01,3.921568627450980338e-02
1.007320236788815035e-03,9.019607843137255054e-01,-7.843137254901960675e-02
1.007322236788758471e-03,9.019607843137255054e-01,1.176470588235294101e-01
1.007324236788701907e-03,9.411764705882352811e-01,0.000000000000000000e+00
1.007326236788645343e-03,8.627450980392157298e-01,0.000000000000000000e+00
1.007328236788588779e-03,8.235294117647058432e-01,3.921568627450980338e-02
1.007330236788532216e-03,9.411764705882352811e-01,0.000000000000000000e+00
1.007332236788475652e-03,9.411764705882352811e-01,7.843137254901960675e-02
1.007334236788419088e-03,8.627450980392157298e-01,0.000000000000000000e+00
1.007336236788362524e-03,8.235294117647058432e-01,3.921568627450980338e-02
1.007338236788305960e-03,9.411764705882352811e-01,3.921568627450980338e-02
1.007340236788249396e-03,9.803921568627450567e-01,-7.843137254901960675e-02
1.007342236788192832e-03,8.235294117647058432e-01,7.843137254901960675e-02
1.007344236788136269e-03,8.627450980392157298e-01,0.000000000000000000e+00
1.007346236788079705e-03,9.019607843137255054e-01,7.843137254901960675e-02
1.007348236788023141e-03,9.019607843137255054e-01,0.000000000000000000e+00
1.007350236787966577e-03,8.627450980392157298e-01,-3.921568627450980338e-02
1.007352236787910013e-03,8.627450980392157298e-01,3.921568627450980338e-02
1.007354236787853449e-03,9.411764705882352811e-01,0.000000000000000000e+00
1.007356236787796885e-03,9.411764705882352811e-01,0.000000000000000000e+00
1.007358236787740322e-03,8.627450980392157298e-01,0.000000000000000000e+00
1.007360236787683758e-03,9.019607843137255054e-01,-3.921568627450980338e-02
1.007362236787627194e-03,9.019607843137255054e-01,1.176470588235294101e-01
1.007364236787570630e-03,9.411764705882352811e-01,0.000000000000000000e+00
1.007366236787514066e-03,8.235294117647058432e-01,0.000000000000000000e+00
1.007368236787457502e-03,8.627450980392157298e-01,3.921568627450980338e-02
1.007370236787400938e-03,9.019607843137255054e-01,-7.843137254901960675e-02
1.007372236787344374e-03,9.411764705882352811e-01,7.843137254901960675e-02
1.007374236787287811e-03,8.627450980392157298e-01,0.000000000000000000e+00
1.007376236787231247e-03,8.235294117647058432e-01,7.843137254901960675e-02
1.007378236787174683e-03,8.627450980392157298e-01,3.921568627450980338e-02
1.007380236787118119e-03,9.411764705882352811e-01,-7.843137254901960675e-02
1.007382236787061555e-03,8.235294117647058432e-01,7.843137254901960675e-02
1.007384236787004991e-03,8.627450980392157298e-01,0.000000000000000000e+00
1.007386236786948427e-03,9.019607843137255054e-01,7.843137254901960675e-02
1.007388236786891864e-03,9.411764705882352811e-01,0.000000000000000000e+00
1.007390236786835300e-03,8.235294117647058432e-01,-3.921568627450980338e-02
1.007392236786778736e-03,9.411764705882352811e-01,7.843137254901960675e-02
1.007394236786722172e-03,9.019607843137255054e-01,0.000000000000000000e+00
1.007396236786665608e-03,9.411764705882352811e-01,0.000000000000000000e+00
1.007398236786609044e-03,8.627450980392157298e-01,3.921568627450980338e-02
1.007400236786552480e-03,8.235294117647058432e-01,-7.843137254901960675e-02
1.007402236786495917e-03,9.019607843137255054e-01,1.176470588235294101e-01
1.007404236786439353e-03,9.411764705882352811e-01,0.000000000000000000e+00
1.007406236786382789e-03,8.235294117647058432e-01,-3.921568627450980338e-02
1.007408236786326225e-03,8.627450980392157298e-01,3.921568627450980338e-02
1.007410236786269661e-03,9.019607843137255054e-01,-3.921568627450980338e-02
1.007412236786213097e-03,9.019607843137255054e-01,1.176470588235294101e-01
1.007414236786156533e-03,8.235294117647058432e-01,-3.921568627450980338e-02
1.007416236786099970e-03,8.235294117647058432e-01,3.921568627450980338e-02
1.007418236786043406e-03,8.627450980392157298e-01,0.000000000000000000e+00
1.007420236785986842e-03,9.411764705882352811e-01,-7.843137254901960675e-02
1.007422236785930278e-03,8.235294117647058432e-01,7.843137254901960675e-02
1.007424236785873714e-03,8.627450980392157298e-01,0.000000000000000000e+00
1.007426236785817150e-03,9.019607843137255054e-01,7.843137254901960675e-02
1.007428236785760586e-03,9.019607843137255054e-01,3.921568627450980338e-02
1.007430236785704022e-03,8.627450980392157298e-01,-3.921568627450980338e-02
1.007432236785647459e-03,9.019607843137255054e-01,7.843137254901960675e-02
1.007434236785590895e-03,9.411764705882352811e-01,0.000000000000000000e+00
1.007436236785534331e-03,9.019607843137255054e-01,0.000000000000000000e+00
1.007438236785477767e-03,8.627450980392157298e-01,3.921568627450980338e-02
1.007440236785421203e-03,8.627450980392157298e-01,-1.568627450980392135e-01
1.007442236785364639e-03,9.019607843137255054e-01,1.568627450980392135e-01
1.007444236785308075e-03,9.411764705882352811e-01,-7.843137254901960675e-02
1.007446236785251512e-03,8.235294117647058432e-01,0.000000000000000000e+00
1.007448236785194948e-03,8.627450980392157298e-01,3.921568627450980338e-02
1.007450236785138384e-03,9.411764705882352811e-01,-7.843137254901960675e-02
1.007452236785081820e-03,9.019607843137255054e-01,7.843137254901960675e-02
1.007454236785025256e-03,8.627450980392157298e-01,-3.921568627450980338e-02
1.007456236784968692e-03,9.411764705882352811e-01,3.921568627450980338e-02
1.007458236784912128e-03,9.019607843137255054e-01,3.921568627450980338e-02
1.007460236784855565e-03,9.411764705882352811e-01,-7.843137254901960675e-02
1.007462236784799001e-03,8.627450980392157298e-01,7.843137254901960675e-02
1.007464236784742437e-03,9.019607843137255054e-01,0.000000000000000000e+00
1.007466236784685873e-03,9.019607843137255054e-01,1.176470588235294101e-01
1.007468236784629309e-03,9.411764705882352811e-01,3.921568627450980338e-02
1.007470236784572745e-03,8.235294117647058432e-01,-7.843137254901960675e-02
1.007472236784516181e-03,8.627450980392157298e-01,7.843137254901960675e-02
1.007474236784459617e-03,9.019607843137255054e-01,-3.921568627450980338e-02
1.007476236784403054e-03,9.411764705882352811e-01,0.000000000000000000e+00
1.007478236784346490e-03,8.235294117647058432e-01,7.843137254901960675e-02
1.007480236784289926e-03,9.019607843137255054e-01,-3.921568627450980338e-02
1.007482236784233362e-03,9.019607843137255054e-01,7.843137254901960675e-02
1.007484236784176798e-03,9.411764705882352811e-01,0.000000000000000000e+00
1.007486236784120234e-03,8.235294117647058432e-01,0.000000000000000000e+00
1.007488236784063670e-03,8.627450980392157298e-01,3.921568627450980338e-02
1.007490236784007107e-03,9.019607843137255054e-01,3.921568627450980338e-02
1.007492236783950543e-03,9.019607843137255054e-01,7.843137254901960675e-02
1.007494236783893979e-03,8.627450980392157298e-01,0.000000000000000000e+00
1.007496236783837415e-03,8.627450980392157298e-01,0.000000000000000000e+00
1.007498236783780851e-03,8.627450980392157298e-01,3.921568627450980338e-02
1.007500236783724287e-03,9.411764705882352811e-01,-7.843137254901960675e-02
1.007502236783667723e-03,8.627450980392157298e-01,7.843137254901960675e-02
1.007504236783611160e-03,9.019607843137255054e-01,0.000000000000000000e+00
1.007506236783554596e-03,9.019607843137255054e-01,7.843137254901960675e-02
1.007508236783498032e-03,9.411764705882352811e-01,3.921568627450980338e-02
1.007510236783441468e-03,8.235294117647058432e-01,-7.843137254901960675e-02
1.007512236783384904e-03,9.019607843137255054e-01,7.843137254901960675e-02
1.007514236783328340e-03,9.019607843137255054e-01,-3.921568627450980338e-02
1.007516236783271776e-03,9.411764705882352811e-01,0.000000000000000000e+00
1.007518236783215212e-03,8.627450980392157298e-01,3.921568627450980338e-02
1.007520236783158649e-03,8.627450980392157298e-01,-1.568627450980392135e-01
1.007522236783102085e-03,9.019607843137255054e-01,7.843137254901960675e-02
1.007524236783045521e-03,9.411764705882352811e-01,-3.921568627450980338e-02
1.007526236782988957e-03,8.627450980392157298e-01,0.000000000000000000e+00
1.007528236782932393e-03,8.627450980392157298e-01,3.921568627450980338e-02
1.007530236782875829e-03,9.019607843137255054e-01,0.000000000000000000e+00
1.007532236782819265e-03,9.411764705882352811e-01,7.843137254901960675e-02
1.007534236782762702e-03,8.627450980392157298e-01,-3.921568627450980338e-02
1.007536236782706138e-03,8.627450980392157298e-01,7.843137254901960675e-02
1.007538236782649574e-03,9.019607843137255054e-01,3.921568627450980338e-02
1.007540236782593010e-03,9.411764705882352811e-01,-7.843137254901960675e-02
1.007542236782536446e-03,8.627450980392157298e-01,7.843137254901960675e-02
1.007544236782479882e-03,8.627450980392157298e-01,-7.843137254901960675e-02
1.007546236782423318e-03,9.019607843137255054e-01,7.843137254901960675e-02
1.007548236782366755e-03,9.411764705882352811e-01,3.921568627450980338e-02
1.007550236782310191e-03,8.627450980392157298e-01,-7.843137254901960675e-02
1.007552236782253627e-03,9.019607843137255054e-01,7.843137254901960675e-02
1.007554236782197063e-03,9.019607843137255054e-01,0.000000000000000000e+00
1.007556236782140499e-03,9.411764705882352811e-01,0.000000000000000000e+00
1.007558236782083935e-03,8.627450980392157298e-01,3.921568627450980338e-02
1.007560236782027371e-03,9.019607843137255054e-01,0.000000000000000000e+00
1.007562236781970808e-03,9.019607843137255054e-01,7.843137254901960675e-02
1.007564236781914244e-03,9.411764705882352811e-01,-3.921568627450980338e-02
1.007566236781857680e-03,8.627450980392157298e-01,0.000000000000000000e+00
1.007568236781801116e-03,9.019607843137255054e-01,3.921568627450980338e-02
1.007570236781744552e-03,9.411764705882352811e-01,0.000000000000000000e+00
1.007572236781687988e-03,9.411764705882352811e-01,7.843137254901960675e-02
1.007574236781631424e-03,8.627450980392157298e-01,0.000000000000000000e+00
1.007576236781574860e-03,8.627450980392157298e-01,3.921568627450980338e-02
1.007578236781518297e-03,9.019607843137255054e-01,7.843137254901960675e-02
1.007580236781461733e-03,9.411764705882352811e-01,-7.843137254901960675e-02
1.007582236781405169e-03,8.627450980392157298e-01,7.843137254901960675e-02
1.007584236781348605e-03,9.019607843137255054e-01,0.000000000000000000e+00
1.007586236781292041e-03,9.019607843137255054e-01,7.843137254901960675e-02
1.007588236781235477e-03,9.019607843137255054e-01,7.843137254901960675e-02
1.007590236781178913e-03,8.235294117647058432e-01,-3.921568627450980338e-02
1.007592236781122350e-03,8.627450980392157298e-01,7.843137254901960675e-02
1.007594236781065786e-03,9.019607843137255054e-01,0.000000000000000000e+00
1.007596236781009222e-03,9.411764705882352811e-01,0.000000000000000000e+00
1.007598236780952658e-03,8.627450980392157298e-01,0.000000000000000000e+00
1.007600236780896094e-03,9.019607843137255054e-01,-1.568627450980392135e-01
1.007602236780839530e-03,9.019607843137255054e-01,7.843137254901960675e-02
1.007604236780782966e-03,9.411764705882352811e-01,-3.921568627450980338e-02
1.007606236780726403e-03,8.235294117647058432e-01,-3.921568627450980338e-02
1.007608236780669839e-03,9.411764705882352811e-01,3.921568627450980338e-02
1.007610236780613275e-03,9.019607843137255054e-01,-3.921568627450980338e-02
1.007612236780556711e-03,9.411764705882352811e-01,7.843137254901960675e-02
1.007614236780500147e-03,8.627450980392157298e-01,-3.921568627450980338e-02
1.007616236780443583e-03,9.019607843137255054e-01,3.921568627450980338e-02
1.007618236780387019e-03,9.019607843137255054e-01,3.921568627450980338e-02
1.007620236780330455e-03,9.411764705882352811e-01,-7.843137254901960675e-02
1.007622236780273892e-03,8.627450980392157298e-01,3.921568627450980338e-02
1.007624236780217328e-03,9.019607843137255054e-01,-7.843137254901960675e-02
1.007626236780160764e-03,9.019607843137255054e-01,7.843137254901960675e-02
1.007628236780104200e-03,9.411764705882352811e-01,3.921568627450980338e-02
1.007630236780047636e-03,8.627450980392157298e-01,-3.921568627450980338e-02
1.007632236779991072e-03,8.627450980392157298e-01,7.843137254901960675e-02
1.007634236779934508e-03,9.411764705882352811e-01,0.000000000000000000e+00
1.007636236779877945e-03,9.411764705882352811e-01,-3.921568627450980338e-02
1.007638236779821381e-03,8.627450980392157298e-01,3.921568627450980338e-02
1.007640236779764817e-03,9.019607843137255054e-01,-1.568627450980392135e-01
1.007642236779708253e-03,9.019607843137255054e-01,1.176470588235294101e-01
1.007644236779651689e-03,9.411764705882352811e-01,-7.843137254901960675e-02
1.007646236779595125e-03,8.627450980392157298e-01,0.000000000000000000e+00
1.007648236779538561e-03,8.627450980392157298e-01,3.921568627450980338e-02
1.007650236779481998e-03,9.411764705882352811e-01,-3.921568627450980338e-02
1.007652236779425434e-03,9.411764705882352811e-01,7.843137254901960675e-02
1.007654236779368870e-03,8.627450980392157298e-01,0.000000000000000000e+00
1.007656236779312306e-03,8.627450980392157298e-01,3.921568627450980338e-02
1.007658236779255742e-03,9.019607843137255054e-01,3.921568627450980338e-02
1.007660236779199178e-03,9.803921568627450567e-01,-7.843137254901960675e-02
1.007662236779142614e-03,8.627450980392157298e-01,1.568627450980392135e-01
1.007664236779086050e-03,9.019607843137255054e-01,-7.843137254901960675e-02
1.007666236779029487e-03,8.627450980392157298e-01,7.843137254901960675e-02
1.007668236778972923e-03,9.411764705882352811e-01,0.000000000000000000e+00
1.007670236778916359e-03,8.235294117647058432e-01,-3.921568627450980338e-02
1.007672236778859795e-03,8.627450980392157298e-01,7.843137254901960675e-02
1.007674236778803231e-03,9.019607843137255054e-01,0.000000000000000000e+00
1.007676236778746667e-03,9.411764705882352811e-01,0.000000000000000000e+00
1.007678236778690103e-03,8.235294117647058432e-01,3.921568627450980338e-02
1.007680236778633540e-03,9.019607843137255054e-01,0.000000000000000000e+00
1.007682236778576976e-03,9.019607843137255054e-01,1.176470588235294101e-01
1.007684236778520412e-03,9.411764705882352811e-01,0.000000000000000000e+00
1.007686236778463848e-03,8.235294117647058432e-01,0.000000000000000000e+00
1.007688236778407284e-03,8.627450980392157298e-01,3.921568627450980338e-02
1.007690236778350720e-03,9.019607843137255054e-01,-3.921568627450980338e-02
1.007692236778294156e-03,9.411764705882352811e-01,7.843137254901960675e-02
1.007694236778237593e-03,8.235294117647058432e-01,-3.921568627450980338e-02
1.007696236778181029e-03,9.019607843137255054e-01,7.843137254901960675e-02
1.007698236778124465e-03,9.019607843137255054e-01,3.921568627450980338e-02
1.007700236778067901e-03,9.411764705882352811e-01,-7.843137254901960675e-02
1.007702236778011337e-03,8.235294117647058432e-01,7.843137254901960675e-02
1.007704236777954773e-03,9.019607843137255054e-01,0.000000000000000000e+00
1.007706236777898209e-03,9.019607843137255054e-01,3.921568627450980338e-02
1.007708236777841646e-03,9.411764705882352811e-01,3.921568627450980338e-02
1.007710236777785082e-03,8.627450980392157298e-01,-7.843137254901960675e-02
1.007712236777728518e-03,9.019607843137255054e-01,7.843137254901960675e-02
1.007714236777671954e-03,9.019607843137255054e-01,-3.921568627450980338e-02
1.007716236777615390e-03,9.411764705882352811e-01,0.000000000000000000e+00
1.007718236777558826e-03,8.627450980392157298e-01,3.921568627450980338e-02
1.007720236777502262e-03,9.019607843137255054e-01,-1.568627450980392135e-01
1.007722236777445698e-03,9.019607843137255054e-01,1.176470588235294101e-01
1.007724236777389135e-03,9.411764705882352811e-01,0.000000000000000000e+00
1.007726236777332571e-03,8.627450980392157298e-01,0.000000000000000000e+00
1.007728236777276007e-03,9.019607843137255054e-01,3.921568627450980338e-02
1.007730236777219443e-03,9.411764705882352811e-01,0.000000000000000000e+00
1.007732236777162879e-03,9.411764705882352811e-01,7.843137254901960675e-02
1.007734236777106315e-03,8.627450980392157298e-01,-3.921568627450980338e-02
1.007736236777049751e-03,9.019607843137255054e-01,0.000000000000000000e+00
1.007738236776993188e-03,9.019607843137255054e-01,3.921568627450980338e-02
1.007740236776936624e-03,9.411764705882352811e-01,-7.843137254901960675e-02
1.007742236776880060e-03,8.235294117647058432e-01,7.843137254901960675e-02
1.007744236776823496e-03,9.019607843137255054e-01,0.000000000000000000e+00
1.007746236776766932e-03,9.411764705882352811e-01,1.176470588235294101e-01
1.007748236776710368e-03,9.019607843137255054e-01,3.921568627450980338e-02
1.007750236776653804e-03,8.627450980392157298e-01,-7.843137254901960675e-02
1.007752236776597241e-03,8.627450980392157298e-01,3.921568627450980338e-02
1.007754236776540677e-03,9.019607843137255054e-01,-3.921568627450980338e-02
1.007756236776484113e-03,9.411764705882352811e-01,0.000000000000000000e+00
1.007758236776427549e-03,8.627450980392157298e-01,7.843137254901960675e-02
1.007760236776370985e-03,9.019607843137255054e-01,-7.843137254901960675e-02
1.007762236776314421e-03,9.019607843137255054e-01,7.843137254901960675e-02
1.007764236776257857e-03,9.411764705882352811e-01,0.000000000000000000e+00
1.007766236776201293e-03,8.235294117647058432e-01,0.000000000000000000e+00
1.007768236776144730e-03,9.019607843137255054e-01,3.921568627450980338e-02
1.007770236776088166e-03,9.019607843137255054e-01,0.000000000000000000e+00
1.007772236776031602e-03,9.019607843137255054e-01,3.921568627450980338e-02
1.007774236775975038e-03,8.627450980392157298e-01,0.000000000000000000e+00
1.007776236775918474e-03,8.627450980392157298e-01,3.921568627450980338e-02
1.007778236775861910e-03,9.019607843137255054e-01,7.843137254901960675e-02
1.007780236775805346e-03,9.411764705882352811e-01,-3.921568627450980338e-02
1.007782236775748783e-03,8.235294117647058432e-01,7.843137254901960675e-02
1.007784236775692219e-03,8.627450980392157298e-01,-1.568627450980392135e-01
1.007786236775635655e-03,9.019607843137255054e-01,1.176470588235294101e-01
1.007788236775579091e-03,9.411764705882352811e-01,3.921568627450980338e-02
1.007790236775522527e-03,8.235294117647058432e-01,-7.843137254901960675e-02
1.007792236775465963e-03,9.019607843137255054e-01,7.843137254901960675e-02
1.007794236775409399e-03,9.411764705882352811e-01,0.000000000000000000e+00
1.007796236775352836e-03,9.411764705882352811e-01,0.000000000000000000e+00
1.007798236775296272e-03,8.627450980392157298e-01,7.843137254901960675e-02
1.007800236775239708e-03,9.019607843137255054e-01,-3.921568627450980338e-02
1.007802236775183144e-03,9.019607843137255054e-01,1.176470588235294101e-01
1.007804236775126580e-03,9.411764705882352811e-01,0.000000000000000000e+00
1.007806236775070016e-03,8.235294117647058432e-01,-3.921568627450980338e-02
1.007808236775013452e-03,9.019607843137255054e-01,7.843137254901960675e-02
1.007810236774956889e-03,9.411764705882352811e-01,-3.921568627450980338e-02
1.007812236774900325e-03,9.019607843137255054e-01,7.843137254901960675e-02
1.007814236774843761e-03,8.627450980392157298e-01,0.000000000000000000e+00
1.007816236774787197e-03,8.627450980392157298e-01,0.000000000000000000e+00
1.007818236774730633e-03,9.019607843137255054e-01,0.000000000000000000e+00
1.007820236774674069e-03,9.411764705882352811e-01,-7.843137254901960675e-02
1.007822236774617505e-03,8.235294117647058432e-01,1.176470588235294101e-01
1.007824236774560941e-03,8.627450980392157298e-01,0.000000000000000000e+00
1.007826236774504378e-03,9.019607843137255054e-01,7.843137254901960675e-02
1.007828236774447814e-03,9.411764705882352811e-01,7.843137254901960675e-02
1.007830236774391250e-03,8.627450980392157298e-01,-7.843137254901960675e-02
1.007832236774334686e-03,9.019607843137255054e-01,7.843137254901960675e-02
1.007834236774278122e-03,9.019607843137255054e-01,0.000000000000000000e+00
1.007836236774221558e-03,9.411764705882352811e-01,0.000000000000000000e+00
1.007838236774164994e-03,8.235294117647058432e-01,3.921568627450980338e-02
1.007840236774108431e-03,9.019607843137255054e-01,-7.843137254901960675e-02
1.007842236774051867e-03,9.019607843137255054e-01,1.176470588235294101e-01
1.007844236773995303e-03,9.803921568627450567e-01,-3.921568627450980338e-02
1.007846236773938739e-03,8.235294117647058432e-01,0.000000000000000000e+00
1.007848236773882175e-03,9.019607843137255054e-01,3.921568627450980338e-02
1.007850236773825611e-03,9.411764705882352811e-01,-3.921568627450980338e-02
1.007852236773769047e-03,9.411764705882352811e-01,7.843137254901960675e-02
1.007854236773712484e-03,8.627450980392157298e-01,0.000000000000000000e+00
1.007856236773655920e-03,9.019607843137255054e-01,7.843137254901960675e-02
1.007858236773599356e-03,8.627450980392157298e-01,3.921568627450980338e-02
1.007860236773542792e-03,9.411764705882352811e-01,-3.921568627450980338e-02
1.007862236773486228e-03,8.235294117647058432e-01,7.843137254901960675e-02
1.007864236773429664e-03,9.019607843137255054e-01,-1.568627450980392135e-01
1.007866236773373100e-03,9.019607843137255054e-01,1.176470588235294101e-01
1.007868236773316536e-03,9.411764705882352811e-01,3.921568627450980338e-02
1.007870236773259973e-03,9.019607843137255054e-01,-7.843137254901960675e-02
1.007872236773203409e-03,9.019607843137255054e-01,7.843137254901960675e-02
1.007874236773146845e-03,9.019607843137255054e-01,-3.921568627450980338e-02
1.007876236773090281e-03,9.411764705882352811e-01,0.000000000000000000e+00
1.007878236773033717e-03,8.627450980392157298e-01,7.843137254901960675e-02
1.007880236772977153e-03,9.019607843137255054e-01,0.000000000000000000e+00
1.007882236772920589e-03,9.019607843137255054e-01,1.176470588235294101e-01
1.007884236772864026e-03,9.411764705882352811e-01,-3.921568627450980338e-02
1.007886236772807462e-03,8.235294117647058432e-01,0.000000000000000000e+00
1.007888236772750898e-03,9.019607843137255054e-01,3.921568627450980338e-02
1.007890236772694334e-03,9.019607843137255054e-01,-3.921568627450980338e-02
1.007892236772637770e-03,9.411764705882352811e-01,7.843137254901960675e-02
1.007894236772581206e-03,8.627450980392157298e-01,-3.921568627450980338e-02
1.007896236772524642e-03,9.019607843137255054e-01,3.921568627450980338e-02
1.007898236772468079e-03,9.019607843137255054e-01,3.921568627450980338e-02
1.007900236772411515e-03,9.411764705882352811e-01,-7.843137254901960675e-02
1.007902236772354951e-03,8.627450980392157298e-01,7.843137254901960675e-02
1.007904236772298387e-03,9.019607843137255054e-01,-7.843137254901960675e-02
1.007906236772241823e-03,9.019607843137255054e-01,7.843137254901960675e-02
1.007908236772185259e-03,9.411764705882352811e-01,7.843137254901960675e-02
1.007910236772128695e-03,8.627450980392157298e-01,-7.843137254901960675e-02
1.007912236772072131e-03,8.235294117647058432e-01,7.843137254901960675e-02
1.007914236772015568e-03,9.019607843137255054e-01,0.000000000000000000e+00
1.007916236771959004e-03,9.411764705882352811e-01,0.000000000000000000e+00
1.007918236771902440e-03,8.627450980392157298e-01,3.921568627450980338e-02
1.007920236771845876e-03,8.627450980392157298e-01,-7.843137254901960675e-02
1.007922236771789312e-03,9.019607843137255054e-01,1.176470588235294101e-01
1.007924236771732748e-03,9.411764705882352811e-01,-3.921568627450980338e-02
1.007926236771676184e-03,8.627450980392157298e-01,0.000000000000000000e+00
1.007928236771619621e-03,8.627450980392157298e-01,3.921568627450980338e-02
1.007930236771563057e-03,9.019607843137255054e-01,3.921568627450980338e-02
1.007932236771506493e-03,9.019607843137255054e-01,7.843137254901960675e-02
1.007934236771449929e-03,8.627450980392157298e-01,-3.921568627450980338e-02
1.007936236771393365e-03,9.019607843137255054e-01,0.000000000000000000e+00
1.007938236771336801e-03,8.627450980392157298e-01,3.921568627450980338e-02
1.007940236771280237e-03,9.411764705882352811e-01,-7.843137254901960675e-02
1.007942236771223674e-03,8.627450980392157298e-01,3.921568627450980338e-02
1.007944236771167110e-03,9.019607843137255054e-01,-7.843137254901960675e-02
1.007946236771110546e-03,8.627450980392157298e-01,7.843137254901960675e-02
1.007948236771053982e-03,9.019607843137255054e-01,3.921568627450980338e-02
1.007950236770997418e-03,8.627450980392157298e-01,-7.843137254901960675e-02
1.007952236770940854e-03,8.627450980392157298e-01,7.843137254901960675e-02
1.007954236770884290e-03,9.019607843137255054e-01,-3.921568627450980338e-02
1.007956236770827727e-03,9.411764705882352811e-01,0.000000000000000000e+00
1.007958236770771163e-03,8.627450980392157298e-01,7.843137254901960675e-02
1.007960236770714599e-03,8.627450980392157298e-01,0.000000000000000000e+00
1.007962236770658035e-03,9.019607843137255054e-01,1.176470588235294101e-01
1.007964236770601471e-03,9.411764705882352811e-01,-3.921568627450980338e-02
1.007966236770544907e-03,8.627450980392157298e-01,0.000000000000000000e+00
1.007968236770488343e-03,8.627450980392157298e-01,3.921568627450980338e-02
1.007970236770431779e-03,9.411764705882352811e-01,0.000000000000000000e+00
1.007972236770375216e-03,9.411764705882352811e-01,3.921568627450980338e-02
1.007974236770318652e-03,8.627450980392157298e-01,0.000000000000000000e+00
1.007976236770262088e-03,9.019607843137255054e-01,3.921568627450980338e-02
1.007978236770205524e-03,9.019607843137255054e-01,7.843137254901960675e-02
1.007980236770148960e-03,9.411764705882352811e-01,-7.843137254901960675e-02
1.007982236770092396e-03,8.627450980392157298e-01,7.843137254901960675e-02
1.007984236770035832e-03,8.627450980392157298e-01,0.000000000000000000e+00
1.007986236769979269e-03,9.019607843137255054e-01,7.843137254901960675e-02
1.007988236769922705e-03,9.019607843137255054e-01,0.000000000000000000e+00
1.007990236769866141e-03,8.627450980392157298e-01,-7.843137254901960675e-02
1.007992236769809577e-03,8.627450980392157298e-01,3.921568627450980338e-02
1.007994236769753013e-03,9.019607843137255054e-01,-3.921568627450980338e-02
1.007996236769696449e-03,9.411764705882352811e-01,0.000000000000000000e+00
1.007998236769639885e-03,8.627450980392157298e-01,3.921568627450980338e-02
1.008000236769583322e-03,8.627450980392157298e-01,-7.843137254901960675e-02
1.008002236769526758e-03,9.019607843137255054e-01,1.568627450980392135e-01
1.008004236769470194e-03,9.411764705882352811e-01,0.000000000000000000e+00
1.008006236769413630e-03,8.235294117647058432e-01,0.000000000000000000e+00
1.008008236769357066e-03,9.019607843137255054e-01,7.843137254901960675e-02
1.008010236769300502e-03,9.411764705882352811e-01,-3.921568627450980338e-02
1.008012236769243938e-03,9.411764705882352811e-01,7.843137254901960675e-02
1.008014236769187374e-03,8.627450980392157298e-01,-3.921568627450980338e-02
1.008016236769130811e-03,9.019607843137255054e-01,0.000000000000000000e+00
1.008018236769074247e-03,9.019607843137255054e-01,3.921568627450980338e-02
1.008020236769017683e-03,9.411764705882352811e-01,-7.843137254901960675e-02
1.008022236768961119e-03,8.235294117647058432e-01,7.843137254901960675e-02
1.008024236768904555e-03,9.019607843137255054e-01,0.000000000000000000e+00
1.008026236768847991e-03,9.019607843137255054e-01,7.843137254901960675e-02
1.008028236768791427e-03,9.411764705882352811e-01,3.921568627450980338e-02
1.008030236768734864e-03,8.627450980392157298e-01,-7.843137254901960675e-02
1.008032236768678300e-03,9.019607843137255054e-01,7.843137254901960675e-02
1.008034236768621736e-03,9.019607843137255054e-01,-3.921568627450980338e-02
1.008036236768565172e-03,9.411764705882352811e-01,0.000000000000000000e+00
1.008038236768508608e-03,8.235294117647058432e-01,3.921568627450980338e-02
1.008040236768452044e-03,9.019607843137255054e-01,-1.568627450980392135e-01
1.008042236768395480e-03,9.019607843137255054e-01,1.176470588235294101e-01
1.008044236768338917e-03,9.411764705882352811e-01,0.000000000000000000e+00
1.008046236768282353e-03,8.235294117647058432e-01,0.000000000000000000e+00
1.008048236768225789e-03,9.019607843137255054e-01,3.921568627450980338e-02
1.008050236768169225e-03,9.019607843137255054e-01,0.000000000000000000e+00
1.008052236768112661e-03,9.411764705882352811e-01,3.921568627450980338e-02
1.008054236768056097e-03,8.235294117647058432e-01,0.000000000000000000e+00
1.008056236767999533e-03,8.627450980392157298e-01,0.000000000000000000e+00
1.008058236767942970e-03,9.019607843137255054e-01,7.843137254901960675e-02
1.008060236767886406e-03,9.411764705882352811e-01,-7.843137254901960675e-02
1.008062236767829842e-03,8.627450980392157298e-01,7.843137254901960675e-02
1.008064236767773278e-03,9.019607843137255054e-01,0.000000000000000000e+00
1.008066236767716714e-03,9.019607843137255054e-01,1.176470588235294101e-01
1.008068236767660150e-03,9.019607843137255054e-01,3.921568627450980338e-02
1.008070236767603586e-03,8.627450980392157298e-01,-7.843137254901960675e-02
1.008072236767547022e-03,9.019607843137255054e-01,7.843137254901960675e-02
1.008074236767490459e-03,9.019607843137255054e-01,-3.921568627450980338e-02
1.008076236767433895e-03,9.411764705882352811e-01,0.000000000000000000e+00
1.008078236767377331e-03,8.627450980392157298e-01,3.921568627450980338e-02
1.008080236767320767e-03,9.411764705882352811e-01,-1.568627450980392135e-01
1.008082236767264203e-03,9.019607843137255054e-01,1.176470588235294101e-01
1.008084236767207639e-03,9.411764705882352811e-01,0.000000000000000000e+00
1.008086236767151075e-03,8.627450980392157298e-01,0.000000000000000000e+00
1.008088236767094512e-03,9.019607843137255054e-01,7.843137254901960675e-02
1.008090236767037948e-03,9.411764705882352811e-01,-7.843137254901960675e-02
1.008092236766981384e-03,9.019607843137255054e-01,7.843137254901960675e-02
1.008094236766924820e-03,8.627450980392157298e-01,-3.921568627450980338e-02
1.008096236766868256e-03,9.019607843137255054e-01,3.921568627450980338e-02
1.008098236766811692e-03,9.019607843137255054e-01,3.921568627450980338e-02
1.008100236766755128e-03,9.411764705882352811e-01,-7.843137254901960675e-02
1.008102236766698565e-03,8.627450980392157298e-01,7.843137254901960675e-02
1.008104236766642001e-03,8.235294117647058432e-01,-3.921568627450980338e-02
1.008106236766585437e-03,9.019607843137255054e-01,1.176470588235294101e-01
1.008108236766528873e-03,9.019607843137255054e-01,3.921568627450980338e-02
1.008110236766472309e-03,8.627450980392157298e-01,-7.843137254901960675e-02
1.008112236766415745e-03,9.019607843137255054e-01,7.843137254901960675e-02
1.008114236766359181e-03,9.411764705882352811e-01,-3.921568627450980338e-02
1.008116236766302617e-03,9.411764705882352811e-01,-3.921568627450980338e-02
1.008118236766246054e-03,8.627450980392157298e-01,3.921568627450980338e-02
1.008120236766189490e-03,8.627450980392157298e-01,-1.568627450980392135e-01
1.008122236766132926e-03,9.019607843137255054e-01,7.843137254901960675e-02
1.008124236766076362e-03,9.411764705882352811e-01,0.000000000000000000e+00
1.008126236766019798e-03,8.235294117647058432e-01,-3.921568627450980338e-02
1.008128236765963234e-03,8.627450980392157298e-01,3.921568627450980338e-02
1.008130236765906670e-03,9.019607843137255054e-01,-3.921568627450980338e-02
1.008132236765850107e-03,9.411764705882352811e-01,7.843137254901960675e-02
1.008134236765793543e-03,8.627450980392157298e-01,0.000000000000000000e+00
1.008136236765736979e-03,9.019607843137255054e-01,3.921568627450980338e-02
1.008138236765680415e-03,9.019607843137255054e-01,7.843137254901960675e-02
1.008140236765623851e-03,9.411764705882352811e-01,-7.843137254901960675e-02
1.008142236765567287e-03,8.627450980392157298e-01,7.843137254901960675e-02
1.008144236765510723e-03,8.627450980392157298e-01,-7.843137254901960675e-02
1.008146236765454160e-03,9.019607843137255054e-01,1.176470588235294101e-01
1.008148236765397596e-03,9.411764705882352811e-01,3.921568627450980338e-02
1.008150236765341032e-03,8.627450980392157298e-01,-7.843137254901960675e-02
1.008152236765284468e-03,9.019607843137255054e-01,7.843137254901960675e-02
1.008154236765227904e-03,9.019607843137255054e-01,0.000000000000000000e+00
1.008156236765171340e-03,9.411764705882352811e-01,0.000000000000000000e+00
1.008158236765114776e-03,8.235294117647058432e-01,3.921568627450980338e-02
1.008160236765058212e-03,9.019607843137255054e-01,-1.568627450980392135e-01
1.008162236765001649e-03,9.019607843137255054e-01,1.568627450980392135e-01
1.008164236764945085e-03,9.411764705882352811e-01,-7.843137254901960675e-02
1.008166236764888521e-03,8.627450980392157298e-01,-3.921568627450980338e-02
1.008168236764831957e-03,8.627450980392157298e-01,3.921568627450980338e-02
1.008170236764775393e-03,8.627450980392157298e-01,0.000000000000000000e+00
1.008172236764718829e-03,9.019607843137255054e-01,7.843137254901960675e-02
1.008174236764662265e-03,8.627450980392157298e-01,0.000000000000000000e+00
1.008176236764605702e-03,9.019607843137255054e-01,7.843137254901960675e-02
1.008178236764549138e-03,9.019607843137255054e-01,3.921568627450980338e-02
1.008180236764492574e-03,9.411764705882352811e-01,-7.843137254901960675e-02
1.008182236764436010e-03,8.627450980392157298e-01,7.843137254901960675e-02
1.008184236764379446e-03,9.019607843137255054e-01,0.000000000000000000e+00
1.008186236764322882e-03,9.019607843137255054e-01,7.843137254901960675e-02
1.008188236764266318e-03,9.411764705882352811e-01,7.843137254901960675e-02
1.008190236764209755e-03,8.235294117647058432e-01,-3.921568627450980338e-02
1.008192236764153191e-03,8.627450980392157298e-01,3.921568627450980338e-02
1.008194236764096627e-03,9.019607843137255054e-01,-3.921568627450980338e-02
1.008196236764040063e-03,9.411764705882352811e-01,0.000000000000000000e+00
1.008198236763983499e-03,8.627450980392157298e-01,3.921568627450980338e-02
1.008200236763926935e-03,9.411764705882352811e-01,-3.921568627450980338e-02
1.008202236763870371e-03,9.019607843137255054e-01,1.568627450980392135e-01
1.008204236763813808e-03,9.411764705882352811e-01,-7.843137254901960675e-02
1.008206236763757244e-03,8.627450980392157298e-01,0.000000000000000000e+00
1.008208236763700680e-03,8.627450980392157298e-01,3.921568627450980338e-02
1.008210236763644116e-03,9.019607843137255054e-01,-3.921568627450980338e-02
1.008212236763587552e-03,9.019607843137255054e-01,1.176470588235294101e-01
1.008214236763530988e-03,8.627450980392157298e-01,0.000000000000000000e+00
1.008216236763474424e-03,8.627450980392157298e-01,3.921568627450980338e-02
1.008218236763417860e-03,9.019607843137255054e-01,3.921568627450980338e-02
1.008220236763361297e-03,9.411764705882352811e-01,-7.843137254901960675e-02
1.008222236763304733e-03,8.627450980392157298e-01,7.843137254901960675e-02
1.008224236763248169e-03,9.019607843137255054e-01,-3.921568627450980338e-02
1.008226236763191605e-03,9.019607843137255054e-01,7.843137254901960675e-02
1.008228236763135041e-03,9.411764705882352811e-01,3.921568627450980338e-02
1.008230236763078477e-03,8.627450980392157298e-01,-7.843137254901960675e-02
1.008232236763021913e-03,8.627450980392157298e-01,7.843137254901960675e-02
1.008234236762965350e-03,8.627450980392157298e-01,-3.921568627450980338e-02
1.008236236762908786e-03,9.411764705882352811e-01,0.000000000000000000e+00
1.008238236762852222e-03,8.627450980392157298e-01,3.921568627450980338e-02
1.008240236762795658e-03,8.235294117647058432e-01,-3.921568627450980338e-02
1.008242236762739094e-03,9.019607843137255054e-01,1.176470588235294101e-01
1.008244236762682530e-03,9.411764705882352811e-01,0.000000000000000000e+00
1.008246236762625966e-03,8.627450980392157298e-01,0.000000000000000000e+00
1.008248236762569403e-03,8.627450980392157298e-01,3.921568627450980338e-02
1.008250236762512839e-03,9.411764705882352811e-01,-3.921568627450980338e-02
1.008252236762456275e-03,9.019607843137255054e-01,7.843137254901960675e-02
1.008254236762399711e-03,8.627450980392157298e-01,0.000000000000000000e+00
1.008256236762343147e-03,9.019607843137255054e-01,3.921568627450980338e-02
1.008258236762286583e-03,9.411764705882352811e-01,3.921568627450980338e-02
1.008260236762230019e-03,9.411764705882352811e-01,-7.843137254901960675e-02
1.008262236762173455e-03,8.627450980392157298e-01,7.843137254901960675e-02
1.008264236762116892e-03,9.019607843137255054e-01,0.000000000000000000e+00
1.008266236762060328e-03,9.019607843137255054e-01,7.843137254901960675e-02
1.008268236762003764e-03,9.411764705882352811e-01,7.843137254901960675e-02
1.008270236761947200e-03,8.627450980392157298e-01,-7.843137254901960675e-02
1.008272236761890636e-03,8.627450980392157298e-01,7.843137254901960675e-02
1.008274236761834072e-03,9.019607843137255054e-01,-3.921568627450980338e-02
1.008276236761777508e-03,9.411764705882352811e-01,0.000000000000000000e+00
1.008278236761720945e-03,8.627450980392157298e-01,3.921568627450980338e-02
1.008280236761664381e-03,9.019607843137255054e-01,-7.843137254901960675e-02
1.008282236761607817e-03,9.019607843137255054e-01,1.176470588235294101e-01
1.008284236761551253e-03,9.411764705882352811e-01,0.000000000000000000e+00
1.008286236761494689e-03,8.235294117647058432e-01,0.000000000000000000e+00
1.008288236761438125e-03,8.627450980392157298e-01,7.843137254901960675e-02
1.008290236761381561e-03,9.411764705882352811e-01,-3.921568627450980338e-02
1.008292236761324998e-03,9.411764705882352811e-01,7.843137254901960675e-02
1.008294236761268434e-03,8.627450980392157298e-01,0.000000000000000000e+00
1.008296236761211870e-03,9.019607843137255054e-01,3.921568627450980338e-02
1.008298236761155306e-03,9.019607843137255054e-01,3.921568627450980338e-02
1.008300236761098742e-03,9.411764705882352811e-01,-1.568627450980392135e-01
1.008302236761042178e-03,8.235294117647058432e-01,7.843137254901960675e-02
1.008304236760985614e-03,8.627450980392157298e-01,0.000000000000000000e+00
1.008306236760929050e-03,9.411764705882352811e-01,1.176470588235294101e-01
1.008308236760872487e-03,9.411764705882352811e-01,3.921568627450980338e-02
1.008310236760815923e-03,8.627450980392157298e-01,-7.843137254901960675e-02
1.008312236760759359e-03,9.019607843137255054e-01,1.176470588235294101e-01
1.008314236760702795e-03,9.019607843137255054e-01,-3.921568627450980338e-02
1.008316236760646231e-03,9.803921568627450567e-01,0.000000000000000000e+00
1.008318236760589667e-03,8.235294117647058432e-01,7.843137254901960675e-02
1.008320236760533103e-03,9.019607843137255054e-01,-3.921568627450980338e-02
1.008322236760476540e-03,9.411764705882352811e-01,7.843137254901960675e-02
1.008324236760419976e-03,9.411764705882352811e-01,0.000000000000000000e+00
1.008326236760363412e-03,8.235294117647058432e-01,-3.921568627450980338e-02
1.008328236760306848e-03,8.627450980392157298e-01,3.921568627450980338e-02
1.008330236760250284e-03,9.019607843137255054e-01,-3.921568627450980338e-02
1.008332236760193720e-03,9.411764705882352811e-01,7.843137254901960675e-02
1.008334236760137156e-03,8.627450980392157298e-01,0.000000000000000000e+00
1.008336236760080593e-03,8.627450980392157298e-01,3.921568627450980338e-02
1.008338236760024029e-03,9.019607843137255054e-01,3.921568627450980338e-02
1.008340236759967465e-03,9.411764705882352811e-01,-7.843137254901960675e-02
1.008342236759910901e-03,8.235294117647058432e-01,7.843137254901960675e-02
1.008344236759854337e-03,9.019607843137255054e-01,-7.843137254901960675e-02
1.008346236759797773e-03,9.411764705882352811e-01,7.843137254901960675e-02
1.008348236759741209e-03,9.803921568627450567e-01,3.921568627450980338e-02
1.008350236759684646e-03,8.235294117647058432e-01,-7.843137254901960675e-02
1.008352236759628082e-03,8.235294117647058432e-01,7.843137254901960675e-02
1.008354236759571518e-03,9.019607843137255054e-01,-3.921568627450980338e-02
1.008356236759514954e-03,9.411764705882352811e-01,0.000000000000000000e+00
1.008358236759458390e-03,8.235294117647058432e-01,3.921568627450980338e-02
1.008360236759401826e-03,8.235294117647058432e-01,-1.568627450980392135e-01
1.008362236759345262e-03,9.019607843137255054e-01,1.568627450980392135e-01
1.008364236759288698e-03,9.411764705882352811e-01,-3.921568627450980338e-02
1.008366236759232135e-03,8.235294117647058432e-01,0.000000000000000000e+00
1.008368236759175571e-03,8.235294117647058432e-01,3.921568627450980338e-02
1.008370236759119007e-03,9.019607843137255054e-01,-3.921568627450980338e-02
1.008372236759062443e-03,9.411764705882352811e-01,7.843137254901960675e-02
1.008374236759005879e-03,8.627450980392157298e-01,-3.921568627450980338e-02
1.008376236758949315e-03,8.627450980392157298e-01,3.921568627450980338e-02
1.008378236758892751e-03,9.019607843137255054e-01,3.921568627450980338e-02
1.008380236758836188e-03,9.803921568627450567e-01,-7.843137254901960675e-02
1.008382236758779624e-03,8.235294117647058432e-01,7.843137254901960675e-02
1.008384236758723060e-03,8.627450980392157298e-01,-7.843137254901960675e-02
1.008386236758666496e-03,9.019607843137255054e-01,7.843137254901960675e-02
1.008388236758609932e-03,9.411764705882352811e-01,3.921568627450980338e-02
1.008390236758553368e-03,8.627450980392157298e-01,-3.921568627450980338e-02
1.008392236758496804e-03,9.019607843137255054e-01,7.843137254901960675e-02
1.008394236758440241e-03,9.019607843137255054e-01,-3.921568627450980338e-02
1.008396236758383677e-03,9.411764705882352811e-01,0.000000000000000000e+00
1.008398236758327113e-03,9.019607843137255054e-01,3.921568627450980338e-02
1.008400236758270549e-03,8.627450980392157298e-01,-1.568627450980392135e-01
1.008402236758213985e-03,9.019607843137255054e-01,1.176470588235294101e-01
1.008404236758157421e-03,9.411764705882352811e-01,0.000000000000000000e+00
1.008406236758100857e-03,8.235294117647058432e-01,0.000000000000000000e+00
1.008408236758044293e-03,9.019607843137255054e-01,3.921568627450980338e-02
1.008410236757987730e-03,9.411764705882352811e-01,0.000000000000000000e+00
1.008412236757931166e-03,9.411764705882352811e-01,3.921568627450980338e-02
1.008414236757874602e-03,8.627450980392157298e-01,0.000000000000000000e+00
1.008416236757818038e-03,8.627450980392157298e-01,3.921568627450980338e-02
1.008418236757761474e-03,9.019607843137255054e-01,7.843137254901960675e-02
1.008420236757704910e-03,9.411764705882352811e-01,-7.843137254901960675e-02
1.008422236757648346e-03,8.627450980392157298e-01,7.843137254901960675e-02
1.008424236757591783e-03,8.627450980392157298e-01,0.000000000000000000e+00
1.008426236757535219e-03,9.019607843137255054e-01,1.176470588235294101e-01
1.008428236757478655e-03,9.411764705882352811e-01,3.921568627450980338e-02
1.008430236757422091e-03,8.627450980392157298e-01,-7.843137254901960675e-02
1.008432236757365527e-03,9.019607843137255054e-01,3.921568627450980338e-02
1.008434236757308963e-03,9.019607843137255054e-01,-3.921568627450980338e-02
1.008436236757252399e-03,9.411764705882352811e-01,-3.921568627450980338e-02
1.008438236757195836e-03,8.627450980392157298e-01,7.843137254901960675e-02
1.008440236757139272e-03,8.235294117647058432e-01,-1.568627450980392135e-01
1.008442236757082708e-03,8.627450980392157298e-01,7.843137254901960675e-02
1.008444236757026144e-03,9.411764705882352811e-01,0.000000000000000000e+00
1.008446236756969580e-03,8.235294117647058432e-01,0.000000000000000000e+00
1.008448236756913016e-03,9.019607843137255054e-01,7.843137254901960675e-02
1.008450236756856452e-03,9.019607843137255054e-01,-3.921568627450980338e-02
1.008452236756799889e-03,9.019607843137255054e-01,7.843137254901960675e-02
1.008454236756743325e-03,8.235294117647058432e-01,-3.921568627450980338e-02
1.008456236756686761e-03,9.019607843137255054e-01,0.000000000000000000e+00
1.008458236756630197e-03,9.019607843137255054e-01,7.843137254901960675e-02
1.008460236756573633e-03,9.411764705882352811e-01,-3.921568627450980338e-02
1.008462236756517069e-03,8.627450980392157298e-01,7.843137254901960675e-02
1.008464236756460505e-03,9.019607843137255054e-01,0.000000000000000000e+00
1.008466236756403941e-03,9.019607843137255054e-01,7.843137254901960675e-02
1.008468236756347378e-03,9.411764705882352811e-01,3.921568627450980338e-02
1.008470236756290814e-03,8.627450980392157298e-01,-3.921568627450980338e-02
1.008472236756234250e-03,9.019607843137255054e-01,7.843137254901960675e-02
1.008474236756177686e-03,9.019607843137255054e-01,-3.921568627450980338e-02
1.008476236756121122e-03,9.411764705882352811e-01,0.000000000000000000e+00
1.008478236756064558e-03,8.235294117647058432e-01,7.843137254901960675e-02
1.008480236756007994e-03,8.627450980392157298e-01,-3.921568627450980338e-02
1.008482236755951431e-03,9.019607843137255054e-01,1.176470588235294101e-01
1.008484236755894867e-03,9.411764705882352811e-01,0.000000000000000000e+00
1.008486236755838303e-03,8.627450980392157298e-01,0.000000000000000000e+00
1.008488236755781739e-03,8.235294117647058432e-01,3.921568627450980338e-02
1.008490236755725175e-03,9.411764705882352811e-01,0.000000000000000000e+00
1.008492236755668611e-03,9.411764705882352811e-01,3.921568627450980338e-02
1.008494236755612047e-03,8.627450980392157298e-01,0.000000000000000000e+00
1.008496236755555484e-03,9.019607843137255054e-01,0.000000000000000000e+00
1.008498236755498920e-03,8.627450980392157298e-01,7.843137254901960675e-02
1.008500236755442356e-03,9.411764705882352811e-01,-3.921568627450980338e-02
1.008502236755385792e-03,8.235294117647058432e-01,7.843137254901960675e-02
1.008504236755329228e-03,8.627450980392157298e-01,0.000000000000000000e+00
1.008506236755272664e-03,9.019607843137255054e-01,1.176470588235294101e-01
1.008508236755216100e-03,9.411764705882352811e-01,3.921568627450980338e-02
1.008510236755159536e-03,8.627450980392157298e-01,-7.843137254901960675e-02
1.008512236755102973e-03,8.627450980392157298e-01,3.921568627450980338e-02
1.008514236755046409e-03,9.019607843137255054e-01,-3.921568627450980338e-02
1.008516236754989845e-03,9.411764705882352811e-01,0.000000000000000000e+00
1.008518236754933281e-03,8.627450980392157298e-01,3.921568627450980338e-02
1.008520236754876717e-03,9.019607843137255054e-01,0.000000000000000000e+00
1.008522236754820153e-03,9.019607843137255054e-01,1.176470588235294101e-01
1.008524236754763589e-03,9.411764705882352811e-01,0.000000000000000000e+00
1.008526236754707026e-03,8.627450980392157298e-01,0.000000000000000000e+00
1.008528236754650462e-03,9.019607843137255054e-01,3.921568627450980338e-02
1.008530236754593898e-03,9.019607843137255054e-01,-3.921568627450980338e-02
1.008532236754537334e-03,9.411764705882352811e-01,3.921568627450980338e-02
1.008534236754480770e-03,8.235294117647058432e-01,0.000000000000000000e+00
1.008536236754424206e-03,9.019607843137255054e-01,0.000000000000000000e+00
1.008538236754367642e-03,9.019607843137255054e-01,7.843137254901960675e-02
1.008540236754311079e-03,9.019607843137255054e-01,-7.843137254901960675e-02
1.008542236754254515e-03,8.627450980392157298e-01,7.843137254901960675e-02
1.008544236754197951e-03,8.627450980392157298e-01,0.000000000000000000e+00
1.008546236754141387e-03,9.019607843137255054e-01,7.843137254901960675e-02
1.008548236754084823e-03,9.411764705882352811e-01,0.000000000000000000e+00
1.008550236754028259e-03,8.627450980392157298e-01,-7.843137254901960675e-02
1.008552236753971695e-03,8.627450980392157298e-01,3.921568627450980338e-02
1.008554236753915131e-03,9.411764705882352811e-01,0.000000000000000000e+00
1.008556236753858568e-03,9.411764705882352811e-01,0.000000000000000000e+00
1.008558236753802004e-03,8.627450980392157298e-01,0.000000000000000000e+00
1.008560236753745440e-03,9.019607843137255054e-01,-1.568627450980392135e-01
1.008562236753688876e-03,9.019607843137255054e-01,1.176470588235294101e-01
1.008564236753632312e-03,9.411764705882352811e-01,-3.921568627450980338e-02
1.008566236753575748e-03,8.235294117647058432e-01,0.000000000000000000e+00
1.008568236753519184e-03,9.019607843137255054e-01,7.843137254901960675e-02
1.008570236753462621e-03,9.019607843137255054e-01,-7.843137254901960675e-02
1.008572236753406057e-03,9.411764705882352811e-01,7.843137254901960675e-02
1.008574236753349493e-03,8.627450980392157298e-01,0.000000000000000000e+00
1.008576236753292929e-03,8.627450980392157298e-01,0.000000000000000000e+00
1.008578236753236365e-03,9.019607843137255054e-01,7.843137254901960675e-02
1.008580236753179801e-03,9.411764705882352811e-01,-7.843137254901960675e-02
1.008582236753123237e-03,8.627450980392157298e-01,7.843137254901960675e-02
1.008584236753066674e-03,9.019607843137255054e-01,0.000000000000000000e+00
1.008586236753010110e-03,9.019607843137255054e-01,7.843137254901960675e-02
1.008588236752953546e-03,9.019607843137255054e-01,3.921568627450980338e-02
1.008590236752896982e-03,8.235294117647058432e-01,-7.843137254901960675e-02
1.008592236752840418e-03,8.627450980392157298e-01,7.843137254901960675e-02
1.008594236752783854e-03,9.019607843137255054e-01,0.000000000000000000e+00
1.008596236752727290e-03,9.411764705882352811e-01,3.921568627450980338e-02
1.008598236752670727e-03,8.235294117647058432e-01,3.921568627450980338e-02
1.008600236752614163e-03,9.019607843137255054e-01,-1.568627450980392135e-01
1.008602236752557599e-03,9.019607843137255054e-01,7.843137254901960675e-02
1.008604236752501035e-03,9.411764705882352811e-01,0.000000000000000000e+00
1.008606236752444471e-03,8.627450980392157298e-01,0.000000000000000000e+00
1.008608236752387907e-03,9.019607843137255054e-01,7.843137254901960675e-02
1.008610236752331343e-03,9.411764705882352811e-01,-3.921568627450980338e-02
1.008612236752274779e-03,9.411764705882352811e-01,7.843137254901960675e-02
1.008614236752218216e-03,8.235294117647058432e-01,-3.921568627450980338e-02
1.008616236752161652e-03,8.627450980392157298e-01,3.921568627450980338e-02
1.008618236752105088e-03,9.019607843137255054e-01,3.921568627450980338e-02
1.008620236752048524e-03,9.411764705882352811e-01,-7.843137254901960675e-02
1.008622236751991960e-03,8.235294117647058432e-01,7.843137254901960675e-02
1.008624236751935396e-03,9.019607843137255054e-01,0.000000000000000000e+00
1.008626236751878832e-03,8.627450980392157298e-01,7.843137254901960675e-02
1.008628236751822269e-03,9.019607843137255054e-01,3.921568627450980338e-02
1.008630236751765705e-03,8.627450980392157298e-01,-7.843137254901960675e-02
1.008632236751709141e-03,8.627450980392157298e-01,7.843137254901960675e-02
1.008634236751652577e-03,9.019607843137255054e-01,0.000000000000000000e+00
1.008636236751596013e-03,9.411764705882352811e-01,0.000000000000000000e+00
1.008638236751539449e-03,8.627450980392157298e-01,7.843137254901960675e-02
1.008640236751482885e-03,9.019607843137255054e-01,-1.568627450980392135e-01
1.008642236751426322e-03,9.019607843137255054e-01,1.176470588235294101e-01
1.008644236751369758e-03,9.411764705882352811e-01,0.000000000000000000e+00
1.008646236751313194e-03,8.235294117647058432e-01,0.000000000000000000e+00
1.008648236751256630e-03,9.019607843137255054e-01,3.921568627450980338e-02
1.008650236751200066e-03,9.019607843137255054e-01,-3.921568627450980338e-02
1.008652236751143502e-03,9.411764705882352811e-01,3.921568627450980338e-02
1.008654236751086938e-03,8.627450980392157298e-01,0.000000000000000000e+00
1.008656236751030374e-03,9.019607843137255054e-01,3.921568627450980338e-02
1.008658236750973811e-03,9.019607843137255054e-01,7.843137254901960675e-02
1.008660236750917247e-03,9.411764705882352811e-01,-7.843137254901960675e-02
1.008662236750860683e-03,8.235294117647058432e-01,7.843137254901960675e-02
1.008664236750804119e-03,8.235294117647058432e-01,0.000000000000000000e+00
1.008666236750747555e-03,9.019607843137255054e-01,7.843137254901960675e-02
1.008668236750690991e-03,9.411764705882352811e-01,3.921568627450980338e-02
1.008670236750634427e-03,8.627450980392157298e-01,-7.843137254901960675e-02
1.008672236750577864e-03,8.627450980392157298e-01,3.921568627450980338e-02
1.008674236750521300e-03,9.411764705882352811e-01,-3.921568627450980338e-02
1.008676236750464736e-03,9.411764705882352811e-01,0.000000000000000000e+00
1.008678236750408172e-03,8.235294117647058432e-01,3.921568627450980338e-02
1.008680236750351608e-03,8.627450980392157298e-01,-7.843137254901960675e-02
1.008682236750295044e-03,9.019607843137255054e-01,1.176470588235294101e-01
1.008684236750238480e-03,9.411764705882352811e-01,0.000000000000000000e+00
1.008686236750181917e-03,8.627450980392157298e-01,0.000000000000000000e+00
1.008688236750125353e-03,8.627450980392157298e-01,7.843137254901960675e-02
1.008690236750068789e-03,9.019607843137255054e-01,0.000000000000000000e+00
1.008692236750012225e-03,9.411764705882352811e-01,7.843137254901960675e-02
1.008694236749955661e-03,8.627450980392157298e-01,-3.921568627450980338e-02
1.008696236749899097e-03,8.627450980392157298e-01,0.000000000000000000e+00
1.008698236749842533e-03,9.019607843137255054e-01,3.921568627450980338e-02
1.008700236749785970e-03,9.411764705882352811e-01,-7.843137254901960675e-02
1.008702236749729406e-03,8.627450980392157298e-01,7.843137254901960675e-02
1.008704236749672842e-03,9.019607843137255054e-01,0.000000000000000000e+00
1.008706236749616278e-03,9.019607843137255054e-01,1.176470588235294101e-01
1.008708236749559714e-03,9.411764705882352811e-01,3.921568627450980338e-02
1.008710236749503150e-03,8.235294117647058432e-01,-3.921568627450980338e-02
1.008712236749446586e-03,8.627450980392157298e-01,7.843137254901960675e-02
1.008714236749390022e-03,9.019607843137255054e-01,0.000000000000000000e+00
1.008716236749333459e-03,9.411764705882352811e-01,0.000000000000000000e+00
1.008718236749276895e-03,8.235294117647058432e-01,3.921568627450980338e-02
1.008720236749220331e-03,8.627450980392157298e-01,-7.843137254901960675e-02
1.008722236749163767e-03,9.019607843137255054e-01,1.176470588235294101e-01
1.008724236749107203e-03,9.411764705882352811e-01,-3.921568627450980338e-02
1.008726236749050639e-03,8.235294117647058432e-01,0.000000000000000000e+00
1.008728236748994075e-03,8.627450980392157298e-01,3.921568627450980338e-02
1.008730236748937512e-03,9.019607843137255054e-01,0.000000000000000000e+00
1.008732236748880948e-03,9.019607843137255054e-01,3.921568627450980338e-02
1.008734236748824384e-03,8.627450980392157298e-01,-3.921568627450980338e-02
1.008736236748767820e-03,8.627450980392157298e-01,0.000000000000000000e+00
1.008738236748711256e-03,9.019607843137255054e-01,3.921568627450980338e-02
1.008740236748654692e-03,9.411764705882352811e-01,-3.921568627450980338e-02
1.008742236748598128e-03,8.627450980392157298e-01,7.843137254901960675e-02
1.008744236748541565e-03,9.019607843137255054e-01,0.000000000000000000e+00
1.008746236748485001e-03,9.019607843137255054e-01,7.843137254901960675e-02
1.008748236748428437e-03,9.411764705882352811e-01,3.921568627450980338e-02
1.008750236748371873e-03,8.627450980392157298e-01,-1.568627450980392135e-01
1.008752236748315309e-03,9.019607843137255054e-01,3.921568627450980338e-02
1.008754236748258745e-03,9.019607843137255054e-01,-3.921568627450980338e-02
1.008756236748202181e-03,9.411764705882352811e-01,0.000000000000000000e+00
1.008758236748145617e-03,8.627450980392157298e-01,7.843137254901960675e-02
1.008760236748089054e-03,9.019607843137255054e-01,-7.843137254901960675e-02
1.008762236748032490e-03,9.019607843137255054e-01,7.843137254901960675e-02
1.008764236747975926e-03,9.411764705882352811e-01,0.000000000000000000e+00
1.008766236747919362e-03,8.235294117647058432e-01,0.000000000000000000e+00
1.008768236747862798e-03,8.627450980392157298e-01,3.921568627450980338e-02
1.008770236747806234e-03,9.019607843137255054e-01,0.000000000000000000e+00
1.008772236747749670e-03,9.019607843137255054e-01,3.921568627450980338e-02
1.008774236747693107e-03,8.627450980392157298e-01,0.000000000000000000e+00
1.008776236747636543e-03,9.019607843137255054e-01,0.000000000000000000e+00
1.008778236747579979e-03,9.019607843137255054e-01,7.843137254901960675e-02
1.008780236747523415e-03,9.411764705882352811e-01,-7.843137254901960675e-02
1.008782236747466851e-03,8.627450980392157298e-01,7.843137254901960675e-02
1.008784236747410287e-03,9.019607843137255054e-01,-7.843137254901960675e-02
1.008786236747353723e-03,9.019607843137255054e-01,7.843137254901960675e-02
1.008788236747297160e-03,9.411764705882352811e-01,0.000000000000000000e+00
1.008790236747240596e-03,8.627450980392157298e-01,-7.843137254901960675e-02
1.008792236747184032e-03,8.627450980392157298e-01,3.921568627450980338e-02
1.008794236747127468e-03,9.019607843137255054e-01,0.000000000000000000e+00
1.008796236747070904e-03,9.411764705882352811e-01,0.000000000000000000e+00
1.008798236747014340e-03,8.235294117647058432e-01,3.921568627450980338e-02
1.008800236746957776e-03,9.019607843137255054e-01,-7.843137254901960675e-02
1.008802236746901212e-03,9.019607843137255054e-01,7.843137254901960675e-02
1.008804236746844649e-03,9.411764705882352811e-01,-3.921568627450980338e-02
1.008806236746788085e-03,8.627450980392157298e-01,0.000000000000000000e+00
1.008808236746731521e-03,8.235294117647058432e-01,7.843137254901960675e-02
1.008810236746674957e-03,9.019607843137255054e-01,-3.921568627450980338e-02
1.008812236746618393e-03,9.019607843137255054e-01,7.843137254901960675e-02
1.008814236746561829e-03,8.627450980392157298e-01,-3.921568627450980338e-02
1.008816236746505265e-03,8.627450980392157298e-01,0.000000000000000000e+00
1.008818236746448702e-03,9.019607843137255054e-01,3.921568627450980338e-02
1.008820236746392138e-03,9.411764705882352811e-01,-7.843137254901960675e-02
1.008822236746335574e-03,8.235294117647058432e-01,7.843137254901960675e-02
1.008824236746279010e-03,8.627450980392157298e-01,-3.921568627450980338e-02
1.008826236746222446e-03,9.019607843137255054e-01,7.843137254901960675e-02
1.008828236746165882e-03,9.411764705882352811e-01,3.921568627450980338e-02
1.008830236746109318e-03,9.019607843137255054e-01,-7.843137254901960675e-02
1.008832236746052755e-03,8.627450980392157298e-01,7.843137254901960675e-02
1.008834236745996191e-03,9.019607843137255054e-01,-3.921568627450980338e-02
1.008836236745939627e-03,9.411764705882352811e-01,0.000000000000000000e+00
1.008838236745883063e-03,8.627450980392157298e-01,3.921568627450980338e-02
1.008840236745826499e-03,8.627450980392157298e-01,0.000000000000000000e+00
1.008842236745769935e-03,9.019607843137255054e-01,1.176470588235294101e-01
1.008844236745713371e-03,9.411764705882352811e-01,0.000000000000000000e+00
1.008846236745656808e-03,8.627450980392157298e-01,0.000000000000000000e+00
1.008848236745600244e-03,8.627450980392157298e-01,3.921568627450980338e-02
1.008850236745543680e-03,9.019607843137255054e-01,0.000000000000000000e+00
1.008852236745487116e-03,9.019607843137255054e-01,3.921568627450980338e-02
1.008854236745430552e-03,8.627450980392157298e-01,0.000000000000000000e+00
1.008856236745373988e-03,9.019607843137255054e-01,3.921568627450980338e-02
1.008858236745317424e-03,8.627450980392157298e-01,7.843137254901960675e-02
1.008860236745260860e-03,9.411764705882352811e-01,-3.921568627450980338e-02
1.008862236745204297e-03,8.627450980392157298e-01,1.176470588235294101e-01
1.008864236745147733e-03,8.627450980392157298e-01,0.000000000000000000e+00
1.008866236745091169e-03,9.019607843137255054e-01,7.843137254901960675e-02
1.008868236745034605e-03,9.019607843137255054e-01,3.921568627450980338e-02
1.008870236744978041e-03,8.627450980392157298e-01,-7.843137254901960675e-02
1.008872236744921477e-03,8.235294117647058432e-01,3.921568627450980338e-02
1.008874236744864913e-03,8.627450980392157298e-01,0.000000000000000000e+00
1.008876236744808350e-03,9.411764705882352811e-01,0.000000000000000000e+00
1.008878236744751786e-03,8.627450980392157298e-01,3.921568627450980338e-02
1.008880236744695222e-03,9.019607843137255054e-01,0.000000000000000000e+00
1.008882236744638658e-03,9.019607843137255054e-01,1.176470588235294101e-01
1.008884236744582094e-03,9.411764705882352811e-01,0.000000000000000000e+00
1.008886236744525530e-03,8.627450980392157298e-01,0.000000000000000000e+00
1.008888236744468966e-03,8.627450980392157298e-01,7.843137254901960675e-02
1.008890236744412403e-03,9.019607843137255054e-01,-7.843137254901960675e-02
1.008892236744355839e-03,9.411764705882352811e-01,7.843137254901960675e-02
1.008894236744299275e-03,8.235294117647058432e-01,0.000000000000000000e+00
1.008896236744242711e-03,8.627450980392157298e-01,0.000000000000000000e+00
1.008898236744186147e-03,9.019607843137255054e-01,7.843137254901960675e-02
1.008900236744129583e-03,9.411764705882352811e-01,-7.843137254901960675e-02
1.008902236744073019e-03,8.627450980392157298e-01,7.843137254901960675e-02
1.008904236744016455e-03,8.627450980392157298e-01,0.000000000000000000e+00
1.008906236743959892e-03,9.019607843137255054e-01,7.843137254901960675e-02
1.008908236743903328e-03,9.019607843137255054e-01,0.000000000000000000e+00
1.008910236743846764e-03,8.627450980392157298e-01,-7.843137254901960675e-02
1.008912236743790200e-03,9.019607843137255054e-01,3.921568627450980338e-02
1.008914236743733636e-03,9.019607843137255054e-01,0.000000000000000000e+00
1.008916236743677072e-03,9.411764705882352811e-01,0.000000000000000000e+00
1.008918236743620508e-03,8.627450980392157298e-01,7.843137254901960675e-02
1.008920236743563945e-03,8.627450980392157298e-01,0.000000000000000000e+00
1.008922236743507381e-03,9.019607843137255054e-01,7.843137254901960675e-02
1.008924236743450817e-03,9.411764705882352811e-01,-3.921568627450980338e-02
1.008926236743394253e-03,8.627450980392157298e-01,-3.921568627450980338e-02
1.008928236743337689e-03,8.627450980392157298e-01,3.921568627450980338e-02
1.008930236743281125e-03,9.019607843137255054e-01,-3.921568627450980338e-02
1.008932236743224561e-03,9.411764705882352811e-01,7.843137254901960675e-02
1.008934236743167998e-03,8.627450980392157298e-01,-3.921568627450980338e-02
1.008936236743111434e-03,8.627450980392157298e-01,3.921568627450980338e-02
1.008938236743054870e-03,9.019607843137255054e-01,7.843137254901960675e-02
1.008940236742998306e-03,9.411764705882352811e-01,-7.843137254901960675e-02
1.008942236742941742e-03,8.235294117647058432e-01,7.843137254901960675e-02
1.008944236742885178e-03,9.019607843137255054e-01,0.000000000000000000e+00
1.008946236742828614e-03,9.019607843137255054e-01,7.843137254901960675e-02
1.008948236742772051e-03,9.411764705882352811e-01,3.921568627450980338e-02
1.008950236742715487e-03,8.627450980392157298e-01,-3.921568627450980338e-02
1.008952236742658923e-03,9.019607843137255054e-01,3.921568627450980338e-02
1.008954236742602359e-03,9.019607843137255054e-01,-3.921568627450980338e-02
1.008956236742545795e-03,9.411764705882352811e-01,0.000000000000000000e+00
1.008958236742489231e-03,8.627450980392157298e-01,7.843137254901960675e-02
1.008960236742432667e-03,8.627450980392157298e-01,-1.568627450980392135e-01
1.008962236742376103e-03,9.019607843137255054e-01,1.176470588235294101e-01
1.008964236742319540e-03,9.411764705882352811e-01,-7.843137254901960675e-02
1.008966236742262976e-03,8.627450980392157298e-01,0.000000000000000000e+00
1.008968236742206412e-03,9.019607843137255054e-01,3.921568627450980338e-02
1.008970236742149848e-03,9.019607843137255054e-01,-3.921568627450980338e-02
1.008972236742093284e-03,9.019607843137255054e-01,7.843137254901960675e-02
1.008974236742036720e-03,8.627450980392157298e-01,0.000000000000000000e+00
1.008976236741980156e-03,9.019607843137255054e-01,3.921568627450980338e-02
1.008978236741923593e-03,8.627450980392157298e-01,7.843137254901960675e-02
1.008980236741867029e-03,9.411764705882352811e-01,-7.843137254901960675e-02
1.008982236741810465e-03,8.235294117647058432e-01,7.843137254901960675e-02
1.008984236741753901e-03,8.627450980392157298e-01,-7.843137254901960675e-02
1.008986236741697337e-03,8.627450980392157298e-01,1.176470588235294101e-01
1.008988236741640773e-03,9.411764705882352811e-01,3.921568627450980338e-02
1.008990236741584209e-03,8.627450980392157298e-01,-3.921568627450980338e-02
1.008992236741527646e-03,8.235294117647058432e-01,3.921568627450980338e-02
1.008994236741471082e-03,9.019607843137255054e-01,-3.921568627450980338e-02
1.008996236741414518e-03,9.019607843137255054e-01,0.000000000000000000e+00
1.008998236741357954e-03,8.627450980392157298e-01,3.921568627450980338e-02
1.009000236741301390e-03,9.019607843137255054e-01,-1.568627450980392135e-01
1.009002236741244826e-03,9.019607843137255054e-01,7.843137254901960675e-02
1.009004236741188262e-03,9.411764705882352811e-01,0.000000000000000000e+00
1.009006236741131698e-03,8.235294117647058432e-01,0.000000000000000000e+00
1.009008236741075135e-03,8.627450980392157298e-01,3.921568627450980338e-02
1.009010236741018571e-03,9.019607843137255054e-01,-3.921568627450980338e-02
1.009012236740962007e-03,9.019607843137255054e-01,7.843137254901960675e-02
1.009014236740905443e-03,8.235294117647058432e-01,-3.921568627450980338e-02
1.009016236740848879e-03,9.019607843137255054e-01,3.921568627450980338e-02
1.009018236740792315e-03,8.627450980392157298e-01,3.921568627450980338e-02
1.009020236740735751e-03,9.411764705882352811e-01,-7.843137254901960675e-02
1.009022236740679188e-03,8.235294117647058432e-01,7.843137254901960675e-02
1.009024236740622624e-03,9.019607843137255054e-01,0.000000000000000000e+00
1.009026236740566060e-03,9.019607843137255054e-01,7.843137254901960675e-02
1.009028236740509496e-03,9.411764705882352811e-01,0.000000000000000000e+00
1.009030236740452932e-03,8.627450980392157298e-01,-7.843137254901960675e-02
1.009032236740396368e-03,9.019607843137255054e-01,7.843137254901960675e-02
1.009034236740339804e-03,9.019607843137255054e-01,0.000000000000000000e+00
1.009036236740283241e-03,9.411764705882352811e-01,0.000000000000000000e+00
1.009038236740226677e-03,8.627450980392157298e-01,3.921568627450980338e-02
1.009040236740170113e-03,9.019607843137255054e-01,-3.921568627450980338e-02
1.009042236740113549e-03,9.019607843137255054e-01,7.843137254901960675e-02
1.009044236740056985e-03,9.019607843137255054e-01,0.000000000000000000e+00
1.009046236740000421e-03,8.627450980392157298e-01,0.000000000000000000e+00
1.009048236739943857e-03,8.627450980392157298e-01,7.843137254901960675e-02
1.009050236739887293e-03,9.019607843137255054e-01,0.000000000000000000e+00
1.009052236739830730e-03,9.411764705882352811e-01,3.921568627450980338e-02
1.009054236739774166e-03,8.627450980392157298e-01,0.000000000000000000e+00
1.009056236739717602e-03,9.019607843137255054e-01,3.921568627450980338e-02
1.009058236739661038e-03,9.019607843137255054e-01,3.921568627450980338e-02
1.009060236739604474e-03,9.411764705882352811e-01,-7.843137254901960675e-02
1.009062236739547910e-03,8.235294117647058432e-01,7.843137254901960675e-02
1.009064236739491346e-03,8.235294117647058432e-01,0.000000000000000000e+00
1.009066236739434783e-03,9.411764705882352811e-01,1.176470588235294101e-01
1.009068236739378219e-03,9.411764705882352811e-01,3.921568627450980338e-02
1.009070236739321655e-03,8.627450980392157298e-01,-7.843137254901960675e-02
1.009072236739265091e-03,8.235294117647058432e-01,3.921568627450980338e-02
1.009074236739208527e-03,9.019607843137255054e-01,0.000000000000000000e+00
1.009076236739151963e-03,9.411764705882352811e-01,0.000000000000000000e+00
1.009078236739095399e-03,8.627450980392157298e-01,3.921568627450980338e-02
1.009080236739038836e-03,8.235294117647058432e-01,-1.568627450980392135e-01
1.009082236738982272e-03,9.019607843137255054e-01,7.843137254901960675e-02
1.009084236738925708e-03,9.411764705882352811e-01,0.000000000000000000e+00
1.009086236738869144e-03,8.627450980392157298e-01,0.000000000000000000e+00
1.009088236738812580e-03,8.627450980392157298e-01,7.843137254901960675e-02
1.009090236738756016e-03,8.627450980392157298e-01,-3.921568627450980338e-02
1.009092236738699452e-03,9.411764705882352811e-01,7.843137254901960675e-02
1.009094236738642889e-03,8.627450980392157298e-01,-3.921568627450980338e-02
1.009096236738586325e-03,9.019607843137255054e-01,0.000000000000000000e+00
1.009098236738529761e-03,9.019607843137255054e-01,3.921568627450980338e-02
1.009100236738473197e-03,9.411764705882352811e-01,-7.843137254901960675e-02
1.009102236738416633e-03,8.235294117647058432e-01,7.843137254901960675e-02
1.009104236738360069e-03,8.627450980392157298e-01,0.000000000000000000e+00
1.009106236738303505e-03,9.019607843137255054e-01,7.843137254901960675e-02
1.009108236738246941e-03,9.411764705882352811e-01,3.921568627450980338e-02
1.009110236738190378e-03,8.627450980392157298e-01,-7.843137254901960675e-02
1.009112236738133814e-03,9.019607843137255054e-01,7.843137254901960675e-02
1.009114236738077250e-03,9.411764705882352811e-01,0.000000000000000000e+00
1.009116236738020686e-03,9.411764705882352811e-01,0.000000000000000000e+00
1.009118236737964122e-03,8.235294117647058432e-01,3.921568627450980338e-02
1.009120236737907558e-03,9.019607843137255054e-01,-7.843137254901960675e-02
1.009122236737850994e-03,9.019607843137255054e-01,1.176470588235294101e-01
1.009124236737794431e-03,9.411764705882352811e-01,0.000000000000000000e+00
1.009126236737737867e-03,8.627450980392157298e-01,0.000000000000000000e+00
1.009128236737681303e-03,9.411764705882352811e-01,3.921568627450980338e-02
1.009130236737624739e-03,9.019607843137255054e-01,0.000000000000000000e+00
1.009132236737568175e-03,9.019607843137255054e-01,3.921568627450980338e-02
1.009134236737511611e-03,8.627450980392157298e-01,0.000000000000000000e+00
1.009136236737455047e-03,8.235294117647058432e-01,3.921568627450980338e-02
1.009138236737398484e-03,9.019607843137255054e-01,7.843137254901960675e-02
1.009140236737341920e-03,9.411764705882352811e-01,-3.921568627450980338e-02
1.009142236737285356e-03,8.627450980392157298e-01,7.843137254901960675e-02
1.009144236737228792e-03,8.627450980392157298e-01,-7.843137254901960675e-02
1.009146236737172228e-03,9.019607843137255054e-01,7.843137254901960675e-02
1.009148236737115664e-03,9.411764705882352811e-01,3.921568627450980338e-02
1.009150236737059100e-03,8.235294117647058432e-01,-7.843137254901960675e-02
1.009152236737002536e-03,8.627450980392157298e-01,3.921568627450980338e-02
1.009154236736945973e-03,9.019607843137255054e-01,-3.921568627450980338e-02
1.009156236736889409e-03,9.411764705882352811e-01,0.000000000000000000e+00
1.009158236736832845e-03,8.627450980392157298e-01,3.921568627450980338e-02
1.009160236736776281e-03,9.019607843137255054e-01,-7.843137254901960675e-02
1.009162236736719717e-03,9.019607843137255054e-01,1.176470588235294101e-01
1.009164236736663153e-03,9.019607843137255054e-01,-3.921568627450980338e-02
1.009166236736606589e-03,8.627450980392157298e-01,0.000000000000000000e+00
1.009168236736550026e-03,8.627450980392157298e-01,7.843137254901960675e-02
1.009170236736493462e-03,9.019607843137255054e-01,-3.921568627450980338e-02
1.009172236736436898e-03,9.019607843137255054e-01,7.843137254901960675e-02
1.009174236736380334e-03,8.235294117647058432e-01,0.000000000000000000e+00
1.009176236736323770e-03,9.019607843137255054e-01,0.000000000000000000e+00
1.009178236736267206e-03,9.019607843137255054e-01,3.921568627450980338e-02
1.009180236736210642e-03,9.411764705882352811e-01,-7.843137254901960675e-02
1.009182236736154079e-03,8.235294117647058432e-01,7.843137254901960675e-02
1.009184236736097515e-03,8.627450980392157298e-01,-7.843137254901960675e-02
1.009186236736040951e-03,8.627450980392157298e-01,7.843137254901960675e-02
1.009188236735984387e-03,9.411764705882352811e-01,3.921568627450980338e-02
1.009190236735927823e-03,8.627450980392157298e-01,-7.843137254901960675e-02
1.009192236735871259e-03,8.627450980392157298e-01,7.843137254901960675e-02
1.009194236735814695e-03,9.019607843137255054e-01,0.000000000000000000e+00
1.009196236735758131e-03,9.411764705882352811e-01,0.000000000000000000e+00
1.009198236735701568e-03,8.235294117647058432e-01,3.921568627450980338e-02
1.009200236735645004e-03,9.019607843137255054e-01,-1.568627450980392135e-01
1.009202236735588440e-03,9.019607843137255054e-01,1.176470588235294101e-01
1.009204236735531876e-03,9.411764705882352811e-01,0.000000000000000000e+00
1.009206236735475312e-03,8.627450980392157298e-01,0.000000000000000000e+00
1.009208236735418748e-03,8.627450980392157298e-01,3.921568627450980338e-02
1.009210236735362184e-03,9.019607843137255054e-01,-7.843137254901960675e-02
1.009212236735305621e-03,9.411764705882352811e-01,7.843137254901960675e-02
1.009214236735249057e-03,8.627450980392157298e-01,0.000000000000000000e+00
1.009216236735192493e-03,8.627450980392157298e-01,7.843137254901960675e-02
1.009218236735135929e-03,9.019607843137255054e-01,3.921568627450980338e-02
1.009220236735079365e-03,9.411764705882352811e-01,-7.843137254901960675e-02
1.009222236735022801e-03,8.235294117647058432e-01,7.843137254901960675e-02
1.009224236734966237e-03,9.019607843137255054e-01,-7.843137254901960675e-02
1.009226236734909674e-03,9.019607843137255054e-01,3.921568627450980338e-02
1.009228236734853110e-03,9.411764705882352811e-01,0.000000000000000000e+00
1.009230236734796546e-03,8.627450980392157298e-01,-7.843137254901960675e-02
1.009232236734739982e-03,8.627450980392157298e-01,3.921568627450980338e-02
1.009234236734683418e-03,9.019607843137255054e-01,0.000000000000000000e+00
1.009236236734626854e-03,9.411764705882352811e-01,0.000000000000000000e+00
1.009238236734570290e-03,8.627450980392157298e-01,3.921568627450980338e-02
1.009240236734513727e-03,9.019607843137255054e-01,0.000000000000000000e+00
1.009242236734457163e-03,8.627450980392157298e-01,7.843137254901960675e-02
1.009244236734400599e-03,9.411764705882352811e-01,0.000000000000000000e+00
1.009246236734344035e-03,8.627450980392157298e-01,0.000000000000000000e+00
1.009248236734287471e-03,8.627450980392157298e-01,7.843137254901960675e-02
1.009250236734230907e-03,9.019607843137255054e-01,0.000000000000000000e+00
1.009252236734174343e-03,9.019607843137255054e-01,7.843137254901960675e-02
1.009254236734117779e-03,8.627450980392157298e-01,0.000000000000000000e+00
1.009256236734061216e-03,9.019607843137255054e-01,3.921568627450980338e-02
1.009258236734004652e-03,9.411764705882352811e-01,3.921568627450980338e-02
1.009260236733948088e-03,9.411764705882352811e-01,-7.843137254901960675e-02
1.009262236733891524e-03,8.235294117647058432e-01,7.843137254901960675e-02
1.009264236733834960e-03,9.019607843137255054e-01,0.000000000000000000e+00
1.009266236733778396e-03,9.019607843137255054e-01,7.843137254901960675e-02
1.009268236733721832e-03,9.411764705882352811e-01,3.921568627450980338e-02
1.009270236733665269e-03,8.627450980392157298e-01,-7.843137254901960675e-02
1.009272236733608705e-03,8.627450980392157298e-01,7.843137254901960675e-02
1.009274236733552141e-03,9.019607843137255054e-01,0.000000000000000000e+00
1.009276236733495577e-03,9.411764705882352811e-01,0.000000000000000000e+00
1.009278236733439013e-03,8.235294117647058432e-01,3.921568627450980338e-02
1.009280236733382449e-03,8.627450980392157298e-01,-1.568627450980392135e-01
1.009282236733325885e-03,9.019607843137255054e-01,1.176470588235294101e-01
1.009284236733269322e-03,9.411764705882352811e-01,0.000000000000000000e+00
1.009286236733212758e-03,8.627450980392157298e-01,0.000000000000000000e+00
1.009288236733156194e-03,8.235294117647058432e-01,7.843137254901960675e-02
1.009290236733099630e-03,9.411764705882352811e-01,-3.921568627450980338e-02
1.009292236733043066e-03,9.411764705882352811e-01,7.843137254901960675e-02
1.009294236732986502e-03,8.627450980392157298e-01,0.000000000000000000e+00
1.009296236732929938e-03,8.627450980392157298e-01,3.921568627450980338e-02
1.009298236732873374e-03,8.627450980392157298e-01,3.921568627450980338e-02
1.009300236732816811e-03,9.411764705882352811e-01,-7.843137254901960675e-02
1.009302236732760247e-03,8.235294117647058432e-01,7.843137254901960675e-02
1.009304236732703683e-03,8.627450980392157298e-01,-7.843137254901960675e-02
1.009306236732647119e-03,9.019607843137255054e-01,1.176470588235294101e-01
1.009308236732590555e-03,9.019607843137255054e-01,3.921568627450980338e-02
1.009310236732533991e-03,8.627450980392157298e-01,-7.843137254901960675e-02
1.009312236732477427e-03,8.235294117647058432e-01,3.921568627450980338e-02
1.009314236732420864e-03,9.019607843137255054e-01,0.000000000000000000e+00
1.009316236732364300e-03,9.411764705882352811e-01,0.000000000000000000e+00
1.009318236732307736e-03,8.235294117647058432e-01,3.921568627450980338e-02
1.009320236732251172e-03,8.235294117647058432e-01,-1.568627450980392135e-01
1.009322236732194608e-03,9.019607843137255054e-01,1.176470588235294101e-01
1.009324236732138044e-03,9.411764705882352811e-01,0.000000000000000000e+00
1.009326236732081480e-03,8.627450980392157298e-01,-3.921568627450980338e-02
1.009328236732024917e-03,8.627450980392157298e-01,3.921568627450980338e-02
1.009330236731968353e-03,9.411764705882352811e-01,-3.921568627450980338e-02
1.009332236731911789e-03,9.411764705882352811e-01,7.843137254901960675e-02
1.009334236731855225e-03,8.235294117647058432e-01,0.000000000000000000e+00
1.009336236731798661e-03,8.627450980392157298e-01,0.000000000000000000e+00
1.009338236731742097e-03,8.627450980392157298e-01,7.843137254901960675e-02
1.009340236731685533e-03,9.411764705882352811e-01,-7.843137254901960675e-02
1.009342236731628970e-03,8.627450980392157298e-01,7.843137254901960675e-02
1.009344236731572406e-03,8.627450980392157298e-01,0.000000000000000000e+00
1.009346236731515842e-03,9.019607843137255054e-01,1.176470588235294101e-01
1.009348236731459278e-03,9.019607843137255054e-01,3.921568627450980338e-02
1.009350236731402714e-03,8.627450980392157298e-01,-3.921568627450980338e-02
1.009352236731346150e-03,8.627450980392157298e-01,3.921568627450980338e-02
1.009354236731289586e-03,9.019607843137255054e-01,0.000000000000000000e+00
1.009356236731233022e-03,9.411764705882352811e-01,0.000000000000000000e+00
1.009358236731176459e-03,8.627450980392157298e-01,7.843137254901960675e-02
1.009360236731119895e-03,9.019607843137255054e-01,-7.843137254901960675e-02
1.009362236731063331e-03,9.019607843137255054e-01,1.568627450980392135e-01
1.009364236731006767e-03,9.803921568627450567e-01,-7.843137254901960675e-02
1.009366236730950203e-03,8.627450980392157298e-01,0.000000000000000000e+00
1.009368236730893639e-03,8.235294117647058432e-01,3.921568627450980338e-02
1.009370236730837075e-03,8.627450980392157298e-01,-3.921568627450980338e-02
1.009372236730780512e-03,9.019607843137255054e-01,7.843137254901960675e-02
1.009374236730723948e-03,8.235294117647058432e-01,0.000000000000000000e+00
1.009376236730667384e-03,8.627450980392157298e-01,0.000000000000000000e+00
1.009378236730610820e-03,8.627450980392157298e-01,7.843137254901960675e-02
1.009380236730554256e-03,9.411764705882352811e-01,-7.843137254901960675e-02
1.009382236730497692e-03,8.627450980392157298e-01,7.843137254901960675e-02
1.009384236730441128e-03,9.411764705882352811e-01,0.000000000000000000e+00
1.009386236730384565e-03,9.019607843137255054e-01,7.843137254901960675e-02
1.009388236730328001e-03,9.019607843137255054e-01,0.000000000000000000e+00
1.009390236730271437e-03,8.627450980392157298e-01,-7.843137254901960675e-02
1.009392236730214873e-03,8.627450980392157298e-01,7.843137254901960675e-02
1.009394236730158309e-03,9.019607843137255054e-01,0.000000000000000000e+00
1.009396236730101745e-03,9.411764705882352811e-01,0.000000000000000000e+00
1.009398236730045181e-03,8.235294117647058432e-01,0.000000000000000000e+00
1.009400236729988617e-03,8.627450980392157298e-01,-1.568627450980392135e-01
1.009402236729932054e-03,9.019607843137255054e-01,1.176470588235294101e-01
1.009404236729875490e-03,9.411764705882352811e-01,0.000000000000000000e+00
1.009406236729818926e-03,8.235294117647058432e-01,0.000000000000000000e+00
1.009408236729762362e-03,8.627450980392157298e-01,7.843137254901960675e-02
1.009410236729705798e-03,9.019607843137255054e-01,-3.921568627450980338e-02
1.009412236729649234e-03,9.411764705882352811e-01,7.843137254901960675e-02
1.009414236729592670e-03,8.627450980392157298e-01,0.000000000000000000e+00
1.009416236729536107e-03,8.235294117647058432e-01,7.843137254901960675e-02
1.009418236729479543e-03,9.019607843137255054e-01,7.843137254901960675e-02
1.009420236729422979e-03,9.411764705882352811e-01,-7.843137254901960675e-02
1.009422236729366415e-03,8.627450980392157298e-01,7.843137254901960675e-02
1.009424236729309851e-03,8.627450980392157298e-01,-7.843137254901960675e-02
1.009426236729253287e-03,9.019607843137255054e-01,7.843137254901960675e-02
1.009428236729196723e-03,9.019607843137255054e-01,3.921568627450980338e-02
1.009430236729140160e-03,8.627450980392157298e-01,-7.843137254901960675e-02
1.009432236729083596e-03,8.627450980392157298e-01,7.843137254901960675e-02
1.009434236729027032e-03,8.627450980392157298e-01,0.000000000000000000e+00
1.009436236728970468e-03,9.019607843137255054e-01,0.000000000000000000e+00
1.009438236728913904e-03,8.235294117647058432e-01,7.843137254901960675e-02
1.009440236728857340e-03,8.627450980392157298e-01,-1.568627450980392135e-01
1.009442236728800776e-03,9.019607843137255054e-01,7.843137254901960675e-02
1.009444236728744212e-03,9.411764705882352811e-01,0.000000000000000000e+00
1.009446236728687649e-03,8.627450980392157298e-01,0.000000000000000000e+00
1.009448236728631085e-03,9.019607843137255054e-01,7.843137254901960675e-02
1.009450236728574521e-03,8.627450980392157298e-01,0.000000000000000000e+00
1.009452236728517957e-03,9.411764705882352811e-01,7.843137254901960675e-02
1.009454236728461393e-03,8.627450980392157298e-01,0.000000000000000000e+00
1.009456236728404829e-03,8.627450980392157298e-01,3.921568627450980338e-02
1.009458236728348265e-03,9.019607843137255054e-01,7.843137254901960675e-02
1.009460236728291702e-03,9.411764705882352811e-01,-3.921568627450980338e-02
1.009462236728235138e-03,8.235294117647058432e-01,7.843137254901960675e-02
1.009464236728178574e-03,8.627450980392157298e-01,0.000000000000000000e+00
1.009466236728122010e-03,9.019607843137255054e-01,7.843137254901960675e-02
1.009468236728065446e-03,9.019607843137255054e-01,3.921568627450980338e-02
1.009470236728008882e-03,8.235294117647058432e-01,-3.921568627450980338e-02
1.009472236727952318e-03,9.019607843137255054e-01,7.843137254901960675e-02
1.009474236727895755e-03,9.019607843137255054e-01,-3.921568627450980338e-02
1.009476236727839191e-03,9.411764705882352811e-01,-3.921568627450980338e-02
1.009478236727782627e-03,8.627450980392157298e-01,7.843137254901960675e-02
1.009480236727726063e-03,9.019607843137255054e-01,-7.843137254901960675e-02
1.009482236727669499e-03,9.019607843137255054e-01,1.568627450980392135e-01
1.009484236727612935e-03,9.411764705882352811e-01,0.000000000000000000e+00
1.009486236727556371e-03,8.235294117647058432e-01,0.000000000000000000e+00
1.009488236727499808e-03,8.627450980392157298e-01,3.921568627450980338e-02
1.009490236727443244e-03,9.019607843137255054e-01,-3.921568627450980338e-02
1.009492236727386680e-03,9.019607843137255054e-01,7.843137254901960675e-02
1.009494236727330116e-03,8.627450980392157298e-01,-3.921568627450980338e-02
1.009496236727273552e-03,8.627450980392157298e-01,3.921568627450980338e-02
1.009498236727216988e-03,9.019607843137255054e-01,3.921568627450980338e-02
1.009500236727160424e-03,9.411764705882352811e-01,-7.843137254901960675e-02
1.009502236727103860e-03,8.235294117647058432e-01,7.843137254901960675e-02
1.009504236727047297e-03,8.627450980392157298e-01,0.000000000000000000e+00
1.009506236726990733e-03,9.019607843137255054e-01,7.843137254901960675e-02
1.009508236726934169e-03,9.411764705882352811e-01,3.921568627450980338e-02
1.009510236726877605e-03,8.627450980392157298e-01,-3.921568627450980338e-02
1.009512236726821041e-03,8.627450980392157298e-01,7.843137254901960675e-02
1.009514236726764477e-03,9.019607843137255054e-01,-3.921568627450980338e-02
1.009516236726707913e-03,9.411764705882352811e-01,0.000000000000000000e+00
1.009518236726651350e-03,8.627450980392157298e-01,3.921568627450980338e-02
1.009520236726594786e-03,9.019607843137255054e-01,0.000000000000000000e+00
1.009522236726538222e-03,9.019607843137255054e-01,1.176470588235294101e-01
1.009524236726481658e-03,9.411764705882352811e-01,0.000000000000000000e+00
1.009526236726425094e-03,8.627450980392157298e-01,0.000000000000000000e+00
1.009528236726368530e-03,8.627450980392157298e-01,3.921568627450980338e-02
1.009530236726311966e-03,9.019607843137255054e-01,0.000000000000000000e+00
1.009532236726255403e-03,9.019607843137255054e-01,3.921568627450980338e-02
1.009534236726198839e-03,9.019607843137255054e-01,0.000000000000000000e+00
1.009536236726142275e-03,8.627450980392157298e-01,3.921568627450980338e-02
1.009538236726085711e-03,9.019607843137255054e-01,7.843137254901960675e-02
1.009540236726029147e-03,9.411764705882352811e-01,-7.843137254901960675e-02
1.009542236725972583e-03,8.627450980392157298e-01,7.843137254901960675e-02
1.009544236725916019e-03,8.627450980392157298e-01,0.000000000000000000e+00
1.009546236725859455e-03,8.627450980392157298e-01,1.176470588235294101e-01
1.009548236725802892e-03,9.411764705882352811e-01,3.921568627450980338e-02
1.009550236725746328e-03,8.627450980392157298e-01,-7.843137254901960675e-02
1.009552236725689764e-03,8.627450980392157298e-01,7.843137254901960675e-02
1.009554236725633200e-03,9.019607843137255054e-01,-3.921568627450980338e-02
1.009556236725576636e-03,9.411764705882352811e-01,0.000000000000000000e+00
1.009558236725520072e-03,8.627450980392157298e-01,3.921568627450980338e-02
1.009560236725463508e-03,8.627450980392157298e-01,0.000000000000000000e+00
1.009562236725406945e-03,8.627450980392157298e-01,1.176470588235294101e-01
1.009564236725350381e-03,9.019607843137255054e-01,0.000000000000000000e+00
1.009566236725293817e-03,9.019607843137255054e-01,0.000000000000000000e+00
1.009568236725237253e-03,8.627450980392157298e-01,3.921568627450980338e-02
1.009570236725180689e-03,9.411764705882352811e-01,-7.843137254901960675e-02
1.009572236725124125e-03,9.019607843137255054e-01,7.843137254901960675e-02
1.009574236725067561e-03,8.627450980392157298e-01,0.000000000000000000e+00
1.009576236725010998e-03,8.627450980392157298e-01,0.000000000000000000e+00
1.009578236724954434e-03,8.627450980392157298e-01,3.921568627450980338e-02
1.009580236724897870e-03,9.411764705882352811e-01,-7.843137254901960675e-02
1.009582236724841306e-03,8.235294117647058432e-01,7.843137254901960675e-02
1.009584236724784742e-03,8.627450980392157298e-01,0.000000000000000000e+00
1.009586236724728178e-03,9.019607843137255054e-01,7.843137254901960675e-02
1.009588236724671614e-03,9.411764705882352811e-01,0.000000000000000000e+00
1.009590236724615051e-03,8.627450980392157298e-01,-7.843137254901960675e-02
1.009592236724558487e-03,8.235294117647058432e-01,7.843137254901960675e-02
1.009594236724501923e-03,9.019607843137255054e-01,-3.921568627450980338e-02
1.009596236724445359e-03,9.411764705882352811e-01,0.000000000000000000e+00
1.009598236724388795e-03,8.235294117647058432e-01,3.921568627450980338e-02
1.009600236724332231e-03,8.235294117647058432e-01,-1.568627450980392135e-01
1.009602236724275667e-03,9.019607843137255054e-01,7.843137254901960675e-02
1.009604236724219103e-03,9.411764705882352811e-01,0.000000000000000000e+00
1.009606236724162540e-03,8.627450980392157298e-01,0.000000000000000000e+00
1.009608236724105976e-03,8.627450980392157298e-01,7.843137254901960675e-02
1.009610236724049412e-03,9.019607843137255054e-01,-3.921568627450980338e-02
1.009612236723992848e-03,9.411764705882352811e-01,7.843137254901960675e-02
1.009614236723936284e-03,8.235294117647058432e-01,0.000000000000000000e+00
1.009616236723879720e-03,8.627450980392157298e-01,3.921568627450980338e-02
1.009618236723823156e-03,8.627450980392157298e-01,3.921568627450980338e-02
1.009620236723766593e-03,9.411764705882352811e-01,-3.921568627450980338e-02
1.009622236723710029e-03,8.627450980392157298e-01,7.843137254901960675e-02
1.009624236723653465e-03,9.019607843137255054e-01,0.000000000000000000e+00
1.009626236723596901e-03,9.411764705882352811e-01,1.176470588235294101e-01
1.009628236723540337e-03,9.411764705882352811e-01,3.921568627450980338e-02
1.009630236723483773e-03,8.627450980392157298e-01,-3.921568627450980338e-02
1.009632236723427209e-03,8.627450980392157298e-01,7.843137254901960675e-02
1.009634236723370646e-03,8.627450980392157298e-01,-3.921568627450980338e-02
1.009636236723314082e-03,9.411764705882352811e-01,0.000000000000000000e+00
1.009638236723257518e-03,8.235294117647058432e-01,7.843137254901960675e-02
1.009640236723200954e-03,9.019607843137255054e-01,-1.568627450980392135e-01
1.009642236723144390e-03,9.019607843137255054e-01,1.176470588235294101e-01
1.009644236723087826e-03,9.411764705882352811e-01,0.000000000000000000e+00
1.009646236723031262e-03,8.627450980392157298e-01,-3.921568627450980338e-02
1.009648236722974698e-03,8.627450980392157298e-01,7.843137254901960675e-02
1.009650236722918135e-03,8.627450980392157298e-01,-3.921568627450980338e-02
1.009652236722861571e-03,9.019607843137255054e-01,7.843137254901960675e-02
1.009654236722805007e-03,8.235294117647058432e-01,-3.921568627450980338e-02
1.009656236722748443e-03,9.411764705882352811e-01,7.843137254901960675e-02
1.009658236722691879e-03,9.019607843137255054e-01,3.921568627450980338e-02
1.009660236722635315e-03,9.411764705882352811e-01,-7.843137254901960675e-02
1.009662236722578751e-03,8.235294117647058432e-01,7.843137254901960675e-02
1.009664236722522188e-03,9.019607843137255054e-01,0.000000000000000000e+00
1.009666236722465624e-03,9.019607843137255054e-01,7.843137254901960675e-02
1.009668236722409060e-03,9.411764705882352811e-01,0.000000000000000000e+00
1.009670236722352496e-03,8.627450980392157298e-01,-7.843137254901960675e-02
1.009672236722295932e-03,8.627450980392157298e-01,3.921568627450980338e-02
1.009674236722239368e-03,9.019607843137255054e-01,0.000000000000000000e+00
1.009676236722182804e-03,9.411764705882352811e-01,0.000000000000000000e+00
1.009678236722126241e-03,8.235294117647058432e-01,7.843137254901960675e-02
1.009680236722069677e-03,8.235294117647058432e-01,-7.843137254901960675e-02
1.009682236722013113e-03,9.019607843137255054e-01,1.568627450980392135e-01
1.009684236721956549e-03,9.019607843137255054e-01,-3.921568627450980338e-02
1.009686236721899985e-03,8.235294117647058432e-01,0.000000000000000000e+00
1.009688236721843421e-03,8.627450980392157298e-01,7.843137254901960675e-02
1.009690236721786857e-03,9.019607843137255054e-01,-3.921568627450980338e-02
1.009692236721730293e-03,9.019607843137255054e-01,7.843137254901960675e-02
1.009694236721673730e-03,8.627450980392157298e-01,0.000000000000000000e+00
1.009696236721617166e-03,9.019607843137255054e-01,3.921568627450980338e-02
1.009698236721560602e-03,9.019607843137255054e-01,7.843137254901960675e-02
1.009700236721504038e-03,9.019607843137255054e-01,-7.843137254901960675e-02
1.009702236721447474e-03,8.235294117647058432e-01,7.843137254901960675e-02
1.009704236721390910e-03,8.627450980392157298e-01,-7.843137254901960675e-02
1.009706236721334346e-03,9.019607843137255054e-01,7.843137254901960675e-02
1.009708236721277783e-03,9.411764705882352811e-01,3.921568627450980338e-02
1.009710236721221219e-03,8.627450980392157298e-01,-7.843137254901960675e-02
1.009712236721164655e-03,8.627450980392157298e-01,3.921568627450980338e-02
1.009714236721108091e-03,9.019607843137255054e-01,-3.921568627450980338e-02
1.009716236721051527e-03,9.411764705882352811e-01,0.000000000000000000e+00
1.009718236720994963e-03,8.627450980392157298e-01,3.921568627450980338e-02
1.009720236720938399e-03,8.627450980392157298e-01,-1.568627450980392135e-01
1.009722236720881836e-03,9.019607843137255054e-01,7.843137254901960675e-02
1.009724236720825272e-03,9.411764705882352811e-01,0.000000000000000000e+00
1.009726236720768708e-03,8.627450980392157298e-01,0.000000000000000000e+00
1.009728236720712144e-03,9.019607843137255054e-01,7.843137254901960675e-02
1.009730236720655580e-03,9.411764705882352811e-01,0.000000000000000000e+00
1.009732236720599016e-03,9.411764705882352811e-01,7.843137254901960675e-02
1.009734236720542452e-03,8.627450980392157298e-01,-3.921568627450980338e-02
1.009736236720485889e-03,8.627450980392157298e-01,3.921568627450980338e-02
1.009738236720429325e-03,9.019607843137255054e-01,3.921568627450980338e-02
1.009740236720372761e-03,9.411764705882352811e-01,-7.843137254901960675e-02
1.009742236720316197e-03,8.627450980392157298e-01,7.843137254901960675e-02
1.009744236720259633e-03,9.019607843137255054e-01,0.000000000000000000e+00
1.009746236720203069e-03,9.019607843137255054e-01,7.843137254901960675e-02
1.009748236720146505e-03,9.411764705882352811e-01,7.843137254901960675e-02
1.009750236720089941e-03,8.235294117647058432e-01,-7.843137254901960675e-02
1.009752236720033378e-03,8.627450980392157298e-01,7.843137254901960675e-02
1.009754236719976814e-03,8.627450980392157298e-01,0.000000000000000000e+00
1.009756236719920250e-03,9.411764705882352811e-01,0.000000000000000000e+00
1.009758236719863686e-03,8.627450980392157298e-01,3.921568627450980338e-02
1.009760236719807122e-03,8.235294117647058432e-01,-7.843137254901960675e-02
1.009762236719750558e-03,9.019607843137255054e-01,1.176470588235294101e-01
1.009764236719693994e-03,9.411764705882352811e-01,0.000000000000000000e+00
1.009766236719637431e-03,8.235294117647058432e-01,0.000000000000000000e+00
1.009768236719580867e-03,8.627450980392157298e-01,3.921568627450980338e-02
1.009770236719524303e-03,9.019607843137255054e-01,-3.921568627450980338e-02
1.009772236719467739e-03,9.019607843137255054e-01,3.921568627450980338e-02
1.009774236719411175e-03,8.235294117647058432e-01,0.000000000000000000e+00
1.009776236719354611e-03,8.627450980392157298e-01,3.921568627450980338e-02
1.009778236719298047e-03,9.019607843137255054e-01,7.843137254901960675e-02
1.009780236719241484e-03,9.411764705882352811e-01,-7.843137254901960675e-02
1.009782236719184920e-03,8.627450980392157298e-01,7.843137254901960675e-02
1.009784236719128356e-03,9.019607843137255054e-01,0.000000000000000000e+00
1.009786236719071792e-03,9.019607843137255054e-01,7.843137254901960675e-02
1.009788236719015228e-03,9.411764705882352811e-01,7.843137254901960675e-02
1.009790236718958664e-03,8.627450980392157298e-01,-7.843137254901960675e-02
1.009792236718902100e-03,8.627450980392157298e-01,1.176470588235294101e-01
1.009794236718845536e-03,9.019607843137255054e-01,0.000000000000000000e+00
1.009796236718788973e-03,9.411764705882352811e-01,0.000000000000000000e+00
1.009798236718732409e-03,8.235294117647058432e-01,3.921568627450980338e-02
1.009800236718675845e-03,9.019607843137255054e-01,-1.568627450980392135e-01
1.009802236718619281e-03,9.019607843137255054e-01,7.843137254901960675e-02
1.009804236718562717e-03,9.411764705882352811e-01,-3.921568627450980338e-02
1.009806236718506153e-03,8.627450980392157298e-01,0.000000000000000000e+00
1.009808236718449589e-03,8.235294117647058432e-01,7.843137254901960675e-02
1.009810236718393026e-03,9.019607843137255054e-01,-3.921568627450980338e-02
1.009812236718336462e-03,9.411764705882352811e-01,7.843137254901960675e-02
1.009814236718279898e-03,8.627450980392157298e-01,0.000000000000000000e+00
1.009816236718223334e-03,8.627450980392157298e-01,0.000000000000000000e+00
1.009818236718166770e-03,8.627450980392157298e-01,7.843137254901960675e-02
1.009820236718110206e-03,9.411764705882352811e-01,-7.843137254901960675e-02
1.009822236718053642e-03,8.235294117647058432e-01,3.921568627450980338e-02
1.009824236717997079e-03,8.627450980392157298e-01,-1.568627450980392135e-01
1.009826236717940515e-03,9.019607843137255054e-01,7.843137254901960675e-02
1.009828236717883951e-03,9.019607843137255054e-01,3.921568627450980338e-02
1.009830236717827387e-03,8.627450980392157298e-01,-3.921568627450980338e-02
1.009832236717770823e-03,8.627450980392157298e-01,1.176470588235294101e-01
1.009834236717714259e-03,9.019607843137255054e-01,0.000000000000000000e+00
1.009836236717657695e-03,9.411764705882352811e-01,0.000000000000000000e+00
1.009838236717601131e-03,8.235294117647058432e-01,7.843137254901960675e-02
1.009840236717544568e-03,8.627450980392157298e-01,-3.921568627450980338e-02
1.009842236717488004e-03,8.627450980392157298e-01,1.176470588235294101e-01
1.009844236717431440e-03,9.411764705882352811e-01,0.000000000000000000e+00
1.009846236717374876e-03,8.627450980392157298e-01,-3.921568627450980338e-02
1.009848236717318312e-03,8.627450980392157298e-01,3.921568627450980338e-02
1.009850236717261748e-03,9.411764705882352811e-01,-3.921568627450980338e-02
1.009852236717205184e-03,9.019607843137255054e-01,7.843137254901960675e-02
1.009854236717148621e-03,8.627450980392157298e-01,-3.921568627450980338e-02
1.009856236717092057e-03,8.627450980392157298e-01,3.921568627450980338e-02
1.009858236717035493e-03,9.019607843137255054e-01,7.843137254901960675e-02
1.009860236716978929e-03,9.411764705882352811e-01,-1.568627450980392135e-01
1.009862236716922365e-03,8.627450980392157298e-01,7.843137254901960675e-02
1.009864236716865801e-03,8.627450980392157298e-01,0.000000000000000000e+00
1.009866236716809237e-03,9.019607843137255054e-01,1.176470588235294101e-01
1.009868236716752674e-03,9.411764705882352811e-01,0.000000000000000000e+00
1.009870236716696110e-03,8.627450980392157298e-01,-7.843137254901960675e-02
1.009872236716639546e-03,9.019607843137255054e-01,3.921568627450980338e-02
1.009874236716582982e-03,9.019607843137255054e-01,-3.921568627450980338e-02
1.009876236716526418e-03,9.411764705882352811e-01,0.000000000000000000e+00
1.009878236716469854e-03,8.627450980392157298e-01,3.921568627450980338e-02
1.009880236716413290e-03,9.411764705882352811e-01,-7.843137254901960675e-02
1.009882236716356727e-03,8.627450980392157298e-01,1.568627450980392135e-01
1.009884236716300163e-03,9.019607843137255054e-01,-7.843137254901960675e-02
1.009886236716243599e-03,8.235294117647058432e-01,0.000000000000000000e+00
1.009888236716187035e-03,9.019607843137255054e-01,7.843137254901960675e-02
1.009890236716130471e-03,9.019607843137255054e-01,-3.921568627450980338e-02
1.009892236716073907e-03,9.411764705882352811e-01,7.843137254901960675e-02
1.009894236716017343e-03,8.235294117647058432e-01,0.000000000000000000e+00
1.009896236715960779e-03,9.019607843137255054e-01,0.000000000000000000e+00
1.009898236715904216e-03,9.019607843137255054e-01,7.843137254901960675e-02
1.009900236715847652e-03,9.411764705882352811e-01,-7.843137254901960675e-02
1.009902236715791088e-03,8.627450980392157298e-01,7.843137254901960675e-02
1.009904236715734524e-03,8.627450980392157298e-01,-7.843137254901960675e-02
1.009906236715677960e-03,9.019607843137255054e-01,1.176470588235294101e-01
1.009908236715621396e-03,9.019607843137255054e-01,3.921568627450980338e-02
1.009910236715564832e-03,9.019607843137255054e-01,-3.921568627450980338e-02
1.009912236715508269e-03,8.627450980392157298e-01,7.843137254901960675e-02
1.009914236715451705e-03,9.411764705882352811e-01,0.000000000000000000e+00
1.009916236715395141e-03,9.411764705882352811e-01,0.000000000000000000e+00
1.009918236715338577e-03,8.627450980392157298e-01,3.921568627450980338e-02
1.009920236715282013e-03,9.019607843137255054e-01,-7.843137254901960675e-02
1.009922236715225449e-03,9.019607843137255054e-01,1.176470588235294101e-01
1.009924236715168885e-03,9.411764705882352811e-01,0.000000000000000000e+00
1.009926236715112322e-03,8.627450980392157298e-01,0.000000000000000000e+00
1.009928236715055758e-03,8.627450980392157298e-01,7.843137254901960675e-02
1.009930236714999194e-03,9.019607843137255054e-01,-3.921568627450980338e-02
1.009932236714942630e-03,9.411764705882352811e-01,7.843137254901960675e-02
1.009934236714886066e-03,8.627450980392157298e-01,-3.921568627450980338e-02
1.009936236714829502e-03,9.411764705882352811e-01,3.921568627450980338e-02
1.009938236714772938e-03,9.019607843137255054e-01,7.843137254901960675e-02
1.009940236714716374e-03,9.411764705882352811e-01,-7.843137254901960675e-02
1.009942236714659811e-03,8.627450980392157298e-01,7.843137254901960675e-02
1.009944236714603247e-03,9.019607843137255054e-01,0.000000000000000000e+00
1.009946236714546683e-03,8.627450980392157298e-01,7.843137254901960675e-02
1.009948236714490119e-03,9.411764705882352811e-01,0.000000000000000000e+00
1.009950236714433555e-03,8.235294117647058432e-01,-7.843137254901960675e-02
1.009952236714376991e-03,8.627450980392157298e-01,3.921568627450980338e-02
1.009954236714320427e-03,8.627450980392157298e-01,0.000000000000000000e+00
1.009956236714263864e-03,9.411764705882352811e-01,-3.921568627450980338e-02
1.009958236714207300e-03,8.235294117647058432e-01,7.843137254901960675e-02
1.009960236714150736e-03,8.627450980392157298e-01,-7.843137254901960675e-02
1.009962236714094172e-03,9.411764705882352811e-01,1.176470588235294101e-01
1.009964236714037608e-03,9.411764705882352811e-01,0.000000000000000000e+00
1.009966236713981044e-03,8.627450980392157298e-01,0.000000000000000000e+00
1.009968236713924480e-03,8.627450980392157298e-01,3.921568627450980338e-02
1.009970236713867917e-03,9.019607843137255054e-01,0.000000000000000000e+00
1.009972236713811353e-03,9.019607843137255054e-01,0.000000000000000000e+00
1.009974236713754789e-03,9.019607843137255054e-01,0.000000000000000000e+00
1.009976236713698225e-03,9.019607843137255054e-01,3.921568627450980338e-02
1.009978236713641661e-03,9.019607843137255054e-01,7.843137254901960675e-02
1.009980236713585097e-03,9.411764705882352811e-01,-7.843137254901960675e-02
1.009982236713528533e-03,8.235294117647058432e-01,7.843137254901960675e-02
1.009984236713471970e-03,9.019607843137255054e-01,-3.921568627450980338e-02
1.009986236713415406e-03,9.019607843137255054e-01,3.921568627450980338e-02
1.009988236713358842e-03,9.411764705882352811e-01,3.921568627450980338e-02
1.009990236713302278e-03,8.627450980392157298e-01,-7.843137254901960675e-02
1.009992236713245714e-03,8.235294117647058432e-01,7.843137254901960675e-02
1.009994236713189150e-03,9.411764705882352811e-01,0.000000000000000000e+00
1.009996236713132586e-03,9.411764705882352811e-01,0.000000000000000000e+00
1.009998236713076022e-03,8.235294117647058432e-01,3.921568627450980338e-02
