{
  "1": {
    "m": 0.0392156862745098,
    "b": 0.0,
    "q1": 0.0,
    "q3": 51.0,
    "code_low_med": 0.0,
    "code_high_med": 51.0,
    "vlow": 0.0,
    "vhigh": 2.0,
    "vdiv_at_cal": 1.0,
    "coup_at_cal": 1,
    "timebase_at_cal": 0.00025,
    "probe_atten": 1.0
  },
  "2": {
    "m": 0.0392156862745098,
    "b": -0.0784313725490196,
    "q1": 3.0,
    "q3": 52.0,
    "code_low_med": 2.0,
    "code_high_med": 53.0,
    "vlow": 0.0,
    "vhigh": 2.0,
    "vdiv_at_cal": 1.0,
    "coup_at_cal": 1,
    "timebase_at_cal": 0.00025,
    "probe_atten": 1.0
  }
}